Virtual User Script started at: 20-Oct-25 3:28:36 PM	[MsgId: MMSG-15967]
Starting action vuser_init.	[MsgId: MMSG-15919]
Web Turbo Replay of LoadRunner 2022.0.0 for Windows 2019; build 605 (Mar 08 2022 19:29:30)  	[MsgId: MMSG-26983]
Run mode: HTML  	[MsgId: MMSG-26993]
Replay user agent: Mozilla/5.0 (compatible; MSIE 10.0; Windows NT 6.1; Trident/6.0)  	[MsgId: MMSG-26988]
Runtime Settings file: "C:\Users\Administrator\AppData\Local\Temp\2\lr5tmpdirRkj.332\lrcfgK9l.344\cfgDmZ.357"  	[MsgId: MMSG-27141]
vuser_init.c(3): Script Started	[MsgId: MMSG-17999]
vuser_init.c(4): web_cleanup_cookies started  	[MsgId: MMSG-26355]
vuser_init.c(4): web_cleanup_cookies was successful  	[MsgId: MMSG-26392]
vuser_init.c(5): web_cache_cleanup started  	[MsgId: MMSG-26355]
vuser_init.c(5): web_cache_cleanup was successful  	[MsgId: MMSG-26392]
vuser_init.c(6): web_cleanup_auto_headers started  	[MsgId: MMSG-26355]
vuser_init.c(6): web_cleanup_auto_headers was successful  	[MsgId: MMSG-26392]
vuser_init.c(7): web_set_sockets_option started  	[MsgId: MMSG-26355]
vuser_init.c(7): web_set_sockets_option was successful  	[MsgId: MMSG-26392]
vuser_init.c(9): Notify: Transaction "PetStore_LaunchPetStore_T01" started.	[MsgId: MMSG-16999]
vuser_init.c(11): web_reg_find started  	[MsgId: MMSG-26355]
vuser_init.c(11): Registering web_reg_find was successful  	[MsgId: MMSG-26390]
vuser_init.c(13): web_url("petstore.octoperf.com") started  	[MsgId: MMSG-26355]
vuser_init.c(13): Found resource "https://petstore.octoperf.com/css/jpetstore.css" in HTML "https://petstore.octoperf.com/"  	[MsgId: MMSG-26659]
vuser_init.c(13): Registered web_reg_find successful for "Text=Welcome to JPetStore 6" (count=1)  	[MsgId: MMSG-26364]
vuser_init.c(13): web_url("petstore.octoperf.com") was successful, 7129 body bytes, 567 header bytes  	[MsgId: MMSG-26386]
vuser_init.c(21): Notify: Transaction "PetStore_LaunchPetStore_T01" ended with a "Pass" status (Duration: 0.7988 Wasted Time: 0.0015).	[MsgId: MMSG-16871]
Ending action vuser_init.	[MsgId: MMSG-15918]
Running Vuser...	[MsgId: MMSG-15964]
Virtual User Script started at: 20-Oct-25 3:28:40 PM	[MsgId: MMSG-15967]
Starting action vuser_init.	[MsgId: MMSG-15919]
Web Turbo Replay of LoadRunner 2022.0.0 for Windows 2019; build 605 (Mar 08 2022 19:29:30)  	[MsgId: MMSG-26983]
Run mode: HTML  	[MsgId: MMSG-26993]
Replay user agent: Mozilla/5.0 (compatible; MSIE 10.0; Windows NT 6.1; Trident/6.0)  	[MsgId: MMSG-26988]
Runtime Settings file: "C:\Users\Administrator\AppData\Local\Temp\2\lr5tmpdirRkj.332\lrcfgK9l.344\cfgDmZ.357"  	[MsgId: MMSG-27141]
vuser_init.c(3): Script Started	[MsgId: MMSG-17999]
vuser_init.c(4): web_cleanup_cookies started  	[MsgId: MMSG-26355]
vuser_init.c(4): web_cleanup_cookies was successful  	[MsgId: MMSG-26392]
vuser_init.c(5): web_cache_cleanup started  	[MsgId: MMSG-26355]
vuser_init.c(5): web_cache_cleanup was successful  	[MsgId: MMSG-26392]
vuser_init.c(6): web_cleanup_auto_headers started  	[MsgId: MMSG-26355]
vuser_init.c(6): web_cleanup_auto_headers was successful  	[MsgId: MMSG-26392]
vuser_init.c(7): web_set_sockets_option started  	[MsgId: MMSG-26355]
vuser_init.c(7): web_set_sockets_option was successful  	[MsgId: MMSG-26392]
vuser_init.c(9): Notify: Transaction "PetStore_LaunchPetStore_T01" started.	[MsgId: MMSG-16999]
vuser_init.c(11): web_reg_find started  	[MsgId: MMSG-26355]
vuser_init.c(11): Registering web_reg_find was successful  	[MsgId: MMSG-26390]
vuser_init.c(13): web_url("petstore.octoperf.com") started  	[MsgId: MMSG-26355]
vuser_init.c(13): Found resource "https://petstore.octoperf.com/css/jpetstore.css" in HTML "https://petstore.octoperf.com/"  	[MsgId: MMSG-26659]
vuser_init.c(13): Registered web_reg_find successful for "Text=Welcome to JPetStore 6" (count=1)  	[MsgId: MMSG-26364]
vuser_init.c(13): web_url("petstore.octoperf.com") was successful, 7129 body bytes, 567 header bytes  	[MsgId: MMSG-26386]
vuser_init.c(21): Notify: Transaction "PetStore_LaunchPetStore_T01" ended with a "Pass" status (Duration: 0.7891 Wasted Time: 0.0006).	[MsgId: MMSG-16871]
Ending action vuser_init.	[MsgId: MMSG-15918]
Running Vuser...	[MsgId: MMSG-15964]
Virtual User Script started at: 20-Oct-25 3:28:46 PM	[MsgId: MMSG-15967]
Starting action vuser_init.	[MsgId: MMSG-15919]
Web Turbo Replay of LoadRunner 2022.0.0 for Windows 2019; build 605 (Mar 08 2022 19:29:30)  	[MsgId: MMSG-26983]
Run mode: HTML  	[MsgId: MMSG-26993]
Replay user agent: Mozilla/5.0 (compatible; MSIE 10.0; Windows NT 6.1; Trident/6.0)  	[MsgId: MMSG-26988]
Runtime Settings file: "C:\Users\Administrator\AppData\Local\Temp\2\lr5tmpdirRkj.332\lrcfgK9l.344\cfgDmZ.357"  	[MsgId: MMSG-27141]
vuser_init.c(3): Script Started	[MsgId: MMSG-17999]
vuser_init.c(4): web_cleanup_cookies started  	[MsgId: MMSG-26355]
vuser_init.c(4): web_cleanup_cookies was successful  	[MsgId: MMSG-26392]
vuser_init.c(5): web_cache_cleanup started  	[MsgId: MMSG-26355]
vuser_init.c(5): web_cache_cleanup was successful  	[MsgId: MMSG-26392]
vuser_init.c(6): web_cleanup_auto_headers started  	[MsgId: MMSG-26355]
vuser_init.c(6): web_cleanup_auto_headers was successful  	[MsgId: MMSG-26392]
vuser_init.c(7): web_set_sockets_option started  	[MsgId: MMSG-26355]
vuser_init.c(7): web_set_sockets_option was successful  	[MsgId: MMSG-26392]
vuser_init.c(9): Notify: Transaction "PetStore_LaunchPetStore_T01" started.	[MsgId: MMSG-16999]
vuser_init.c(11): web_reg_find started  	[MsgId: MMSG-26355]
vuser_init.c(11): Registering web_reg_find was successful  	[MsgId: MMSG-26390]
vuser_init.c(13): web_url("petstore.octoperf.com") started  	[MsgId: MMSG-26355]
vuser_init.c(13): Found resource "https://petstore.octoperf.com/css/jpetstore.css" in HTML "https://petstore.octoperf.com/"  	[MsgId: MMSG-26659]
vuser_init.c(13): Registered web_reg_find successful for "Text=Welcome to JPetStore 6" (count=1)  	[MsgId: MMSG-26364]
vuser_init.c(13): web_url("petstore.octoperf.com") was successful, 7129 body bytes, 567 header bytes  	[MsgId: MMSG-26386]
vuser_init.c(21): Notify: Transaction "PetStore_LaunchPetStore_T01" ended with a "Pass" status (Duration: 0.8063 Wasted Time: 0.0016).	[MsgId: MMSG-16871]
Ending action vuser_init.	[MsgId: MMSG-15918]
Running Vuser...	[MsgId: MMSG-15964]
Virtual User Script started at: 20-Oct-25 3:28:51 PM	[MsgId: MMSG-15967]
Starting action vuser_init.	[MsgId: MMSG-15919]
Web Turbo Replay of LoadRunner 2022.0.0 for Windows 2019; build 605 (Mar 08 2022 19:29:30)  	[MsgId: MMSG-26983]
Run mode: HTML  	[MsgId: MMSG-26993]
Replay user agent: Mozilla/5.0 (compatible; MSIE 10.0; Windows NT 6.1; Trident/6.0)  	[MsgId: MMSG-26988]
Runtime Settings file: "C:\Users\Administrator\AppData\Local\Temp\2\lr5tmpdirRkj.332\lrcfgK9l.344\cfgDmZ.357"  	[MsgId: MMSG-27141]
vuser_init.c(3): Script Started	[MsgId: MMSG-17999]
vuser_init.c(4): web_cleanup_cookies started  	[MsgId: MMSG-26355]
vuser_init.c(4): web_cleanup_cookies was successful  	[MsgId: MMSG-26392]
vuser_init.c(5): web_cache_cleanup started  	[MsgId: MMSG-26355]
vuser_init.c(5): web_cache_cleanup was successful  	[MsgId: MMSG-26392]
vuser_init.c(6): web_cleanup_auto_headers started  	[MsgId: MMSG-26355]
vuser_init.c(6): web_cleanup_auto_headers was successful  	[MsgId: MMSG-26392]
vuser_init.c(7): web_set_sockets_option started  	[MsgId: MMSG-26355]
vuser_init.c(7): web_set_sockets_option was successful  	[MsgId: MMSG-26392]
vuser_init.c(9): Notify: Transaction "PetStore_LaunchPetStore_T01" started.	[MsgId: MMSG-16999]
vuser_init.c(11): web_reg_find started  	[MsgId: MMSG-26355]
vuser_init.c(11): Registering web_reg_find was successful  	[MsgId: MMSG-26390]
vuser_init.c(13): web_url("petstore.octoperf.com") started  	[MsgId: MMSG-26355]
vuser_init.c(13): Found resource "https://petstore.octoperf.com/css/jpetstore.css" in HTML "https://petstore.octoperf.com/"  	[MsgId: MMSG-26659]
vuser_init.c(13): Registered web_reg_find successful for "Text=Welcome to JPetStore 6" (count=1)  	[MsgId: MMSG-26364]
vuser_init.c(13): web_url("petstore.octoperf.com") was successful, 7129 body bytes, 567 header bytes  	[MsgId: MMSG-26386]
vuser_init.c(21): Notify: Transaction "PetStore_LaunchPetStore_T01" ended with a "Pass" status (Duration: 0.7896 Wasted Time: 0.0007).	[MsgId: MMSG-16871]
Ending action vuser_init.	[MsgId: MMSG-15918]
Running Vuser...	[MsgId: MMSG-15964]
Virtual User Script started at: 20-Oct-25 3:28:56 PM	[MsgId: MMSG-15967]
Starting action vuser_init.	[MsgId: MMSG-15919]
Web Turbo Replay of LoadRunner 2022.0.0 for Windows 2019; build 605 (Mar 08 2022 19:29:30)  	[MsgId: MMSG-26983]
Run mode: HTML  	[MsgId: MMSG-26993]
Replay user agent: Mozilla/5.0 (compatible; MSIE 10.0; Windows NT 6.1; Trident/6.0)  	[MsgId: MMSG-26988]
Runtime Settings file: "C:\Users\Administrator\AppData\Local\Temp\2\lr5tmpdirRkj.332\lrcfgK9l.344\cfgDmZ.357"  	[MsgId: MMSG-27141]
vuser_init.c(3): Script Started	[MsgId: MMSG-17999]
vuser_init.c(4): web_cleanup_cookies started  	[MsgId: MMSG-26355]
vuser_init.c(4): web_cleanup_cookies was successful  	[MsgId: MMSG-26392]
vuser_init.c(5): web_cache_cleanup started  	[MsgId: MMSG-26355]
vuser_init.c(5): web_cache_cleanup was successful  	[MsgId: MMSG-26392]
vuser_init.c(6): web_cleanup_auto_headers started  	[MsgId: MMSG-26355]
vuser_init.c(6): web_cleanup_auto_headers was successful  	[MsgId: MMSG-26392]
vuser_init.c(7): web_set_sockets_option started  	[MsgId: MMSG-26355]
vuser_init.c(7): web_set_sockets_option was successful  	[MsgId: MMSG-26392]
vuser_init.c(9): Notify: Transaction "PetStore_LaunchPetStore_T01" started.	[MsgId: MMSG-16999]
vuser_init.c(11): web_reg_find started  	[MsgId: MMSG-26355]
vuser_init.c(11): Registering web_reg_find was successful  	[MsgId: MMSG-26390]
vuser_init.c(13): web_url("petstore.octoperf.com") started  	[MsgId: MMSG-26355]
vuser_init.c(13): Found resource "https://petstore.octoperf.com/css/jpetstore.css" in HTML "https://petstore.octoperf.com/"  	[MsgId: MMSG-26659]
vuser_init.c(13): Registered web_reg_find successful for "Text=Welcome to JPetStore 6" (count=1)  	[MsgId: MMSG-26364]
vuser_init.c(13): web_url("petstore.octoperf.com") was successful, 7129 body bytes, 567 header bytes  	[MsgId: MMSG-26386]
vuser_init.c(21): Notify: Transaction "PetStore_LaunchPetStore_T01" ended with a "Pass" status (Duration: 0.7900 Wasted Time: 0.0007).	[MsgId: MMSG-16871]
Ending action vuser_init.	[MsgId: MMSG-15918]
Running Vuser...	[MsgId: MMSG-15964]
Virtual User Script started at: 20-Oct-25 3:29:01 PM	[MsgId: MMSG-15967]
Starting action vuser_init.	[MsgId: MMSG-15919]
Web Turbo Replay of LoadRunner 2022.0.0 for Windows 2019; build 605 (Mar 08 2022 19:29:30)  	[MsgId: MMSG-26983]
Run mode: HTML  	[MsgId: MMSG-26993]
Replay user agent: Mozilla/5.0 (compatible; MSIE 10.0; Windows NT 6.1; Trident/6.0)  	[MsgId: MMSG-26988]
Runtime Settings file: "C:\Users\Administrator\AppData\Local\Temp\2\lr5tmpdirRkj.332\lrcfgK9l.344\cfgDmZ.357"  	[MsgId: MMSG-27141]
vuser_init.c(3): Script Started	[MsgId: MMSG-17999]
vuser_init.c(4): web_cleanup_cookies started  	[MsgId: MMSG-26355]
vuser_init.c(4): web_cleanup_cookies was successful  	[MsgId: MMSG-26392]
vuser_init.c(5): web_cache_cleanup started  	[MsgId: MMSG-26355]
vuser_init.c(5): web_cache_cleanup was successful  	[MsgId: MMSG-26392]
vuser_init.c(6): web_cleanup_auto_headers started  	[MsgId: MMSG-26355]
vuser_init.c(6): web_cleanup_auto_headers was successful  	[MsgId: MMSG-26392]
vuser_init.c(7): web_set_sockets_option started  	[MsgId: MMSG-26355]
vuser_init.c(7): web_set_sockets_option was successful  	[MsgId: MMSG-26392]
vuser_init.c(9): Notify: Transaction "PetStore_LaunchPetStore_T01" started.	[MsgId: MMSG-16999]
vuser_init.c(11): web_reg_find started  	[MsgId: MMSG-26355]
vuser_init.c(11): Registering web_reg_find was successful  	[MsgId: MMSG-26390]
vuser_init.c(13): web_url("petstore.octoperf.com") started  	[MsgId: MMSG-26355]
vuser_init.c(13): Found resource "https://petstore.octoperf.com/css/jpetstore.css" in HTML "https://petstore.octoperf.com/"  	[MsgId: MMSG-26659]
vuser_init.c(13): Registered web_reg_find successful for "Text=Welcome to JPetStore 6" (count=1)  	[MsgId: MMSG-26364]
vuser_init.c(13): web_url("petstore.octoperf.com") was successful, 7129 body bytes, 567 header bytes  	[MsgId: MMSG-26386]
vuser_init.c(21): Notify: Transaction "PetStore_LaunchPetStore_T01" ended with a "Pass" status (Duration: 0.8010 Wasted Time: 0.0015).	[MsgId: MMSG-16871]
Ending action vuser_init.	[MsgId: MMSG-15918]
Running Vuser...	[MsgId: MMSG-15964]
Virtual User Script started at: 20-Oct-25 3:29:07 PM	[MsgId: MMSG-15967]
Starting action vuser_init.	[MsgId: MMSG-15919]
Web Turbo Replay of LoadRunner 2022.0.0 for Windows 2019; build 605 (Mar 08 2022 19:29:30)  	[MsgId: MMSG-26983]
Run mode: HTML  	[MsgId: MMSG-26993]
Replay user agent: Mozilla/5.0 (compatible; MSIE 10.0; Windows NT 6.1; Trident/6.0)  	[MsgId: MMSG-26988]
Runtime Settings file: "C:\Users\Administrator\AppData\Local\Temp\2\lr5tmpdirRkj.332\lrcfgK9l.344\cfgDmZ.357"  	[MsgId: MMSG-27141]
vuser_init.c(3): Script Started	[MsgId: MMSG-17999]
vuser_init.c(4): web_cleanup_cookies started  	[MsgId: MMSG-26355]
vuser_init.c(4): web_cleanup_cookies was successful  	[MsgId: MMSG-26392]
vuser_init.c(5): web_cache_cleanup started  	[MsgId: MMSG-26355]
vuser_init.c(5): web_cache_cleanup was successful  	[MsgId: MMSG-26392]
vuser_init.c(6): web_cleanup_auto_headers started  	[MsgId: MMSG-26355]
vuser_init.c(6): web_cleanup_auto_headers was successful  	[MsgId: MMSG-26392]
vuser_init.c(7): web_set_sockets_option started  	[MsgId: MMSG-26355]
vuser_init.c(7): web_set_sockets_option was successful  	[MsgId: MMSG-26392]
vuser_init.c(9): Notify: Transaction "PetStore_LaunchPetStore_T01" started.	[MsgId: MMSG-16999]
vuser_init.c(11): web_reg_find started  	[MsgId: MMSG-26355]
vuser_init.c(11): Registering web_reg_find was successful  	[MsgId: MMSG-26390]
vuser_init.c(13): web_url("petstore.octoperf.com") started  	[MsgId: MMSG-26355]
vuser_init.c(13): Found resource "https://petstore.octoperf.com/css/jpetstore.css" in HTML "https://petstore.octoperf.com/"  	[MsgId: MMSG-26659]
vuser_init.c(13): Registered web_reg_find successful for "Text=Welcome to JPetStore 6" (count=1)  	[MsgId: MMSG-26364]
vuser_init.c(13): web_url("petstore.octoperf.com") was successful, 7129 body bytes, 567 header bytes  	[MsgId: MMSG-26386]
vuser_init.c(21): Notify: Transaction "PetStore_LaunchPetStore_T01" ended with a "Pass" status (Duration: 0.7880 Wasted Time: 0.0006).	[MsgId: MMSG-16871]
Ending action vuser_init.	[MsgId: MMSG-15918]
Running Vuser...	[MsgId: MMSG-15964]
Virtual User Script started at: 20-Oct-25 3:29:12 PM	[MsgId: MMSG-15967]
Starting action vuser_init.	[MsgId: MMSG-15919]
Web Turbo Replay of LoadRunner 2022.0.0 for Windows 2019; build 605 (Mar 08 2022 19:29:30)  	[MsgId: MMSG-26983]
Run mode: HTML  	[MsgId: MMSG-26993]
Replay user agent: Mozilla/5.0 (compatible; MSIE 10.0; Windows NT 6.1; Trident/6.0)  	[MsgId: MMSG-26988]
Runtime Settings file: "C:\Users\Administrator\AppData\Local\Temp\2\lr5tmpdirRkj.332\lrcfgK9l.344\cfgDmZ.357"  	[MsgId: MMSG-27141]
vuser_init.c(3): Script Started	[MsgId: MMSG-17999]
vuser_init.c(4): web_cleanup_cookies started  	[MsgId: MMSG-26355]
vuser_init.c(4): web_cleanup_cookies was successful  	[MsgId: MMSG-26392]
vuser_init.c(5): web_cache_cleanup started  	[MsgId: MMSG-26355]
vuser_init.c(5): web_cache_cleanup was successful  	[MsgId: MMSG-26392]
vuser_init.c(6): web_cleanup_auto_headers started  	[MsgId: MMSG-26355]
vuser_init.c(6): web_cleanup_auto_headers was successful  	[MsgId: MMSG-26392]
vuser_init.c(7): web_set_sockets_option started  	[MsgId: MMSG-26355]
vuser_init.c(7): web_set_sockets_option was successful  	[MsgId: MMSG-26392]
vuser_init.c(9): Notify: Transaction "PetStore_LaunchPetStore_T01" started.	[MsgId: MMSG-16999]
vuser_init.c(11): web_reg_find started  	[MsgId: MMSG-26355]
vuser_init.c(11): Registering web_reg_find was successful  	[MsgId: MMSG-26390]
vuser_init.c(13): web_url("petstore.octoperf.com") started  	[MsgId: MMSG-26355]
vuser_init.c(13): Found resource "https://petstore.octoperf.com/css/jpetstore.css" in HTML "https://petstore.octoperf.com/"  	[MsgId: MMSG-26659]
vuser_init.c(13): Registered web_reg_find successful for "Text=Welcome to JPetStore 6" (count=1)  	[MsgId: MMSG-26364]
vuser_init.c(13): web_url("petstore.octoperf.com") was successful, 7129 body bytes, 567 header bytes  	[MsgId: MMSG-26386]
vuser_init.c(21): Notify: Transaction "PetStore_LaunchPetStore_T01" ended with a "Pass" status (Duration: 0.8074 Wasted Time: 0.0006).	[MsgId: MMSG-16871]
Ending action vuser_init.	[MsgId: MMSG-15918]
Running Vuser...	[MsgId: MMSG-15964]
Virtual User Script started at: 20-Oct-25 3:29:17 PM	[MsgId: MMSG-15967]
Starting action vuser_init.	[MsgId: MMSG-15919]
Web Turbo Replay of LoadRunner 2022.0.0 for Windows 2019; build 605 (Mar 08 2022 19:29:30)  	[MsgId: MMSG-26983]
Run mode: HTML  	[MsgId: MMSG-26993]
Replay user agent: Mozilla/5.0 (compatible; MSIE 10.0; Windows NT 6.1; Trident/6.0)  	[MsgId: MMSG-26988]
Runtime Settings file: "C:\Users\Administrator\AppData\Local\Temp\2\lr5tmpdirRkj.332\lrcfgK9l.344\cfgDmZ.357"  	[MsgId: MMSG-27141]
vuser_init.c(3): Script Started	[MsgId: MMSG-17999]
vuser_init.c(4): web_cleanup_cookies started  	[MsgId: MMSG-26355]
vuser_init.c(4): web_cleanup_cookies was successful  	[MsgId: MMSG-26392]
vuser_init.c(5): web_cache_cleanup started  	[MsgId: MMSG-26355]
vuser_init.c(5): web_cache_cleanup was successful  	[MsgId: MMSG-26392]
vuser_init.c(6): web_cleanup_auto_headers started  	[MsgId: MMSG-26355]
vuser_init.c(6): web_cleanup_auto_headers was successful  	[MsgId: MMSG-26392]
vuser_init.c(7): web_set_sockets_option started  	[MsgId: MMSG-26355]
vuser_init.c(7): web_set_sockets_option was successful  	[MsgId: MMSG-26392]
vuser_init.c(9): Notify: Transaction "PetStore_LaunchPetStore_T01" started.	[MsgId: MMSG-16999]
vuser_init.c(11): web_reg_find started  	[MsgId: MMSG-26355]
vuser_init.c(11): Registering web_reg_find was successful  	[MsgId: MMSG-26390]
vuser_init.c(13): web_url("petstore.octoperf.com") started  	[MsgId: MMSG-26355]
vuser_init.c(13): Found resource "https://petstore.octoperf.com/css/jpetstore.css" in HTML "https://petstore.octoperf.com/"  	[MsgId: MMSG-26659]
vuser_init.c(13): Registered web_reg_find successful for "Text=Welcome to JPetStore 6" (count=1)  	[MsgId: MMSG-26364]
vuser_init.c(13): web_url("petstore.octoperf.com") was successful, 7129 body bytes, 567 header bytes  	[MsgId: MMSG-26386]
vuser_init.c(21): Notify: Transaction "PetStore_LaunchPetStore_T01" ended with a "Pass" status (Duration: 0.7993 Wasted Time: 0.0011).	[MsgId: MMSG-16871]
Ending action vuser_init.	[MsgId: MMSG-15918]
Running Vuser...	[MsgId: MMSG-15964]
Virtual User Script started at: 20-Oct-25 3:29:22 PM	[MsgId: MMSG-15967]
Starting action vuser_init.	[MsgId: MMSG-15919]
Web Turbo Replay of LoadRunner 2022.0.0 for Windows 2019; build 605 (Mar 08 2022 19:29:30)  	[MsgId: MMSG-26983]
Run mode: HTML  	[MsgId: MMSG-26993]
Replay user agent: Mozilla/5.0 (compatible; MSIE 10.0; Windows NT 6.1; Trident/6.0)  	[MsgId: MMSG-26988]
Runtime Settings file: "C:\Users\Administrator\AppData\Local\Temp\2\lr5tmpdirRkj.332\lrcfgK9l.344\cfgDmZ.357"  	[MsgId: MMSG-27141]
vuser_init.c(3): Script Started	[MsgId: MMSG-17999]
vuser_init.c(4): web_cleanup_cookies started  	[MsgId: MMSG-26355]
vuser_init.c(4): web_cleanup_cookies was successful  	[MsgId: MMSG-26392]
vuser_init.c(5): web_cache_cleanup started  	[MsgId: MMSG-26355]
vuser_init.c(5): web_cache_cleanup was successful  	[MsgId: MMSG-26392]
vuser_init.c(6): web_cleanup_auto_headers started  	[MsgId: MMSG-26355]
vuser_init.c(6): web_cleanup_auto_headers was successful  	[MsgId: MMSG-26392]
vuser_init.c(7): web_set_sockets_option started  	[MsgId: MMSG-26355]
vuser_init.c(7): web_set_sockets_option was successful  	[MsgId: MMSG-26392]
vuser_init.c(9): Notify: Transaction "PetStore_LaunchPetStore_T01" started.	[MsgId: MMSG-16999]
vuser_init.c(11): web_reg_find started  	[MsgId: MMSG-26355]
vuser_init.c(11): Registering web_reg_find was successful  	[MsgId: MMSG-26390]
vuser_init.c(13): web_url("petstore.octoperf.com") started  	[MsgId: MMSG-26355]
vuser_init.c(13): Found resource "https://petstore.octoperf.com/css/jpetstore.css" in HTML "https://petstore.octoperf.com/"  	[MsgId: MMSG-26659]
vuser_init.c(13): Registered web_reg_find successful for "Text=Welcome to JPetStore 6" (count=1)  	[MsgId: MMSG-26364]
vuser_init.c(13): web_url("petstore.octoperf.com") was successful, 7129 body bytes, 567 header bytes  	[MsgId: MMSG-26386]
vuser_init.c(21): Notify: Transaction "PetStore_LaunchPetStore_T01" ended with a "Pass" status (Duration: 0.8010 Wasted Time: 0.0007).	[MsgId: MMSG-16871]
Ending action vuser_init.	[MsgId: MMSG-15918]
Running Vuser...	[MsgId: MMSG-15964]
Starting iteration 1.	[MsgId: MMSG-15968]
Warning -27077: The "vuser_init" section contains web function(s) when the "Simulate a new user on each iteration" Runtime Setting is ON.  This may produce unpredictable results with multiple iterations  	[MsgId: MWAR-27077]
Maximum number of concurrent connections per server: 6  	[MsgId: MMSG-26989]
Starting action Login.	[MsgId: MMSG-15919]
Registration.c(13): Notify: Transaction "PetStore_EnterToPetStore_T01" started.	[MsgId: MMSG-16999]
Registration.c(14): web_reg_find started  	[MsgId: MMSG-26355]
Registration.c(14): Registering web_reg_find was successful  	[MsgId: MMSG-26390]
Registration.c(17): web_url("Catalog.action") started  	[MsgId: MMSG-26355]
Registration.c(17): Resource "https://petstore.octoperf.com/css/jpetstore.css" is in the cache already and will not be downloaded again  	[MsgId: MMSG-26655]
Registration.c(17): Found resource "https://petstore.octoperf.com/images/logo-topbar.svg" in HTML "https://petstore.octoperf.com/actions/Catalog.action"  	[MsgId: MMSG-26659]
Registration.c(17): Found resource "https://petstore.octoperf.com/images/cart.gif" in HTML "https://petstore.octoperf.com/actions/Catalog.action"  	[MsgId: MMSG-26659]
Registration.c(17): Found resource "https://petstore.octoperf.com/images/separator.gif" in HTML "https://petstore.octoperf.com/actions/Catalog.action"  	[MsgId: MMSG-26659]
Registration.c(17): Found resource "https://petstore.octoperf.com/images/sm_fish.gif" in HTML "https://petstore.octoperf.com/actions/Catalog.action"  	[MsgId: MMSG-26659]
Registration.c(17): Found resource "https://petstore.octoperf.com/images/sm_dogs.gif" in HTML "https://petstore.octoperf.com/actions/Catalog.action"  	[MsgId: MMSG-26659]
Registration.c(17): Found resource "https://petstore.octoperf.com/images/sm_reptiles.gif" in HTML "https://petstore.octoperf.com/actions/Catalog.action"  	[MsgId: MMSG-26659]
Registration.c(17): Found resource "https://petstore.octoperf.com/images/sm_cats.gif" in HTML "https://petstore.octoperf.com/actions/Catalog.action"  	[MsgId: MMSG-26659]
Registration.c(17): Found resource "https://petstore.octoperf.com/images/sm_birds.gif" in HTML "https://petstore.octoperf.com/actions/Catalog.action"  	[MsgId: MMSG-26659]
Registration.c(17): Found resource "https://petstore.octoperf.com/images/fish_icon.gif" in HTML "https://petstore.octoperf.com/actions/Catalog.action"  	[MsgId: MMSG-26659]
Registration.c(17): Found resource "https://petstore.octoperf.com/images/dogs_icon.gif" in HTML "https://petstore.octoperf.com/actions/Catalog.action"  	[MsgId: MMSG-26659]
Registration.c(17): Found resource "https://petstore.octoperf.com/images/cats_icon.gif" in HTML "https://petstore.octoperf.com/actions/Catalog.action"  	[MsgId: MMSG-26659]
Registration.c(17): Found resource "https://petstore.octoperf.com/images/reptiles_icon.gif" in HTML "https://petstore.octoperf.com/actions/Catalog.action"  	[MsgId: MMSG-26659]
Registration.c(17): Found resource "https://petstore.octoperf.com/images/birds_icon.gif" in HTML "https://petstore.octoperf.com/actions/Catalog.action"  	[MsgId: MMSG-26659]
Registration.c(17): Found resource "https://petstore.octoperf.com/images/splash.gif" in HTML "https://petstore.octoperf.com/actions/Catalog.action"  	[MsgId: MMSG-26659]
Registration.c(17): Registered web_reg_find successful for "Text=OctoPerf" (count=1)  	[MsgId: MMSG-26364]
Registration.c(17): web_url("Catalog.action") was successful, 63413 body bytes, 4260 header bytes  	[MsgId: MMSG-26386]
Registration.c(25): Notify: Transaction "PetStore_EnterToPetStore_T01" ended with a "Pass" status (Duration: 0.5029 Wasted Time: 0.0001).	[MsgId: MMSG-16871]
Registration.c(27): lr_think_time: 2.73 seconds (recorded think time was 5.00 seconds).	[MsgId: MMSG-15947]
Registration.c(29): Notify: Transaction "PetStore_ClickOnSignIn_T02" started.	[MsgId: MMSG-16999]
Registration.c(31): web_reg_find started  	[MsgId: MMSG-26355]
Registration.c(31): Registering web_reg_find was successful  	[MsgId: MMSG-26390]
Registration.c(34): web_link("Sign In") started  	[MsgId: MMSG-26355]
Registration.c(34): Linking to "https://petstore.octoperf.com/actions/Account.action;jsessionid=E10EFCBBD07C2415961A555EA1A98134?signonForm=", Target Frame=""  	[MsgId: MMSG-27994]
Registration.c(34): Resource "https://petstore.octoperf.com/css/jpetstore.css" is in the cache already and will not be downloaded again  	[MsgId: MMSG-26655]
Registration.c(34): Resource "https://petstore.octoperf.com/images/logo-topbar.svg" is in the cache already and will not be downloaded again  	[MsgId: MMSG-26655]
Registration.c(34): Resource "https://petstore.octoperf.com/images/cart.gif" is in the cache already and will not be downloaded again  	[MsgId: MMSG-26655]
Registration.c(34): Resource "https://petstore.octoperf.com/images/separator.gif" is in the cache already and will not be downloaded again  	[MsgId: MMSG-26655]
Registration.c(34): Resource "https://petstore.octoperf.com/images/sm_fish.gif" is in the cache already and will not be downloaded again  	[MsgId: MMSG-26655]
Registration.c(34): Resource "https://petstore.octoperf.com/images/sm_dogs.gif" is in the cache already and will not be downloaded again  	[MsgId: MMSG-26655]
Registration.c(34): Resource "https://petstore.octoperf.com/images/sm_reptiles.gif" is in the cache already and will not be downloaded again  	[MsgId: MMSG-26655]
Registration.c(34): Resource "https://petstore.octoperf.com/images/sm_cats.gif" is in the cache already and will not be downloaded again  	[MsgId: MMSG-26655]
Registration.c(34): Resource "https://petstore.octoperf.com/images/sm_birds.gif" is in the cache already and will not be downloaded again  	[MsgId: MMSG-26655]
Registration.c(34): Registered web_reg_find successful for "Text=Please enter your username and password" (count=1)  	[MsgId: MMSG-26364]
Registration.c(34): web_link("Sign In") was successful, 3856 body bytes, 225 header bytes  	[MsgId: MMSG-26386]
Registration.c(39): Notify: Transaction "PetStore_ClickOnSignIn_T02" ended with a "Pass" status (Duration: 0.1270 Wasted Time: 0.0000).	[MsgId: MMSG-16871]
Registration.c(41): lr_think_time: 3.54 seconds (recorded think time was 5.00 seconds).	[MsgId: MMSG-15947]
Starting iteration 1.	[MsgId: MMSG-15968]
Warning -27077: The "vuser_init" section contains web function(s) when the "Simulate a new user on each iteration" Runtime Setting is ON.  This may produce unpredictable results with multiple iterations  	[MsgId: MWAR-27077]
Maximum number of concurrent connections per server: 6  	[MsgId: MMSG-26989]
Starting action Login.	[MsgId: MMSG-15919]
Registration.c(13): Notify: Transaction "PetStore_EnterToPetStore_T01" started.	[MsgId: MMSG-16999]
Registration.c(14): web_reg_find started  	[MsgId: MMSG-26355]
Registration.c(14): Registering web_reg_find was successful  	[MsgId: MMSG-26390]
Registration.c(17): web_url("Catalog.action") started  	[MsgId: MMSG-26355]
Registration.c(17): Resource "https://petstore.octoperf.com/css/jpetstore.css" is in the cache already and will not be downloaded again  	[MsgId: MMSG-26655]
Registration.c(17): Found resource "https://petstore.octoperf.com/images/logo-topbar.svg" in HTML "https://petstore.octoperf.com/actions/Catalog.action"  	[MsgId: MMSG-26659]
Registration.c(17): Found resource "https://petstore.octoperf.com/images/cart.gif" in HTML "https://petstore.octoperf.com/actions/Catalog.action"  	[MsgId: MMSG-26659]
Registration.c(17): Found resource "https://petstore.octoperf.com/images/separator.gif" in HTML "https://petstore.octoperf.com/actions/Catalog.action"  	[MsgId: MMSG-26659]
Registration.c(17): Found resource "https://petstore.octoperf.com/images/sm_fish.gif" in HTML "https://petstore.octoperf.com/actions/Catalog.action"  	[MsgId: MMSG-26659]
Registration.c(17): Found resource "https://petstore.octoperf.com/images/sm_dogs.gif" in HTML "https://petstore.octoperf.com/actions/Catalog.action"  	[MsgId: MMSG-26659]
Registration.c(17): Found resource "https://petstore.octoperf.com/images/sm_reptiles.gif" in HTML "https://petstore.octoperf.com/actions/Catalog.action"  	[MsgId: MMSG-26659]
Registration.c(17): Found resource "https://petstore.octoperf.com/images/sm_cats.gif" in HTML "https://petstore.octoperf.com/actions/Catalog.action"  	[MsgId: MMSG-26659]
Registration.c(17): Found resource "https://petstore.octoperf.com/images/sm_birds.gif" in HTML "https://petstore.octoperf.com/actions/Catalog.action"  	[MsgId: MMSG-26659]
Registration.c(17): Found resource "https://petstore.octoperf.com/images/fish_icon.gif" in HTML "https://petstore.octoperf.com/actions/Catalog.action"  	[MsgId: MMSG-26659]
Registration.c(17): Found resource "https://petstore.octoperf.com/images/dogs_icon.gif" in HTML "https://petstore.octoperf.com/actions/Catalog.action"  	[MsgId: MMSG-26659]
Registration.c(17): Found resource "https://petstore.octoperf.com/images/cats_icon.gif" in HTML "https://petstore.octoperf.com/actions/Catalog.action"  	[MsgId: MMSG-26659]
Registration.c(17): Found resource "https://petstore.octoperf.com/images/reptiles_icon.gif" in HTML "https://petstore.octoperf.com/actions/Catalog.action"  	[MsgId: MMSG-26659]
Registration.c(17): Found resource "https://petstore.octoperf.com/images/birds_icon.gif" in HTML "https://petstore.octoperf.com/actions/Catalog.action"  	[MsgId: MMSG-26659]
Registration.c(17): Found resource "https://petstore.octoperf.com/images/splash.gif" in HTML "https://petstore.octoperf.com/actions/Catalog.action"  	[MsgId: MMSG-26659]
Registration.c(17): Registered web_reg_find successful for "Text=OctoPerf" (count=1)  	[MsgId: MMSG-26364]
Registration.c(17): web_url("Catalog.action") was successful, 63413 body bytes, 4260 header bytes  	[MsgId: MMSG-26386]
Registration.c(25): Notify: Transaction "PetStore_EnterToPetStore_T01" ended with a "Pass" status (Duration: 0.4970 Wasted Time: 0.0001).	[MsgId: MMSG-16871]
Registration.c(27): lr_think_time: 4.16 seconds (recorded think time was 5.00 seconds).	[MsgId: MMSG-15947]
Registration.c(43): Notify: Transaction "PetStore_ClickOnRegistration_T03" started.	[MsgId: MMSG-16999]
Registration.c(45): web_reg_find started  	[MsgId: MMSG-26355]
Registration.c(45): Registering web_reg_find was successful  	[MsgId: MMSG-26390]
Registration.c(48): web_link("Register Now!") started  	[MsgId: MMSG-26355]
Registration.c(48): Linking to "https://petstore.octoperf.com/actions/Account.action?newAccountForm=", Target Frame=""  	[MsgId: MMSG-27994]
Registration.c(48): Resource "https://petstore.octoperf.com/css/jpetstore.css" is in the cache already and will not be downloaded again  	[MsgId: MMSG-26655]
Registration.c(48): Resource "https://petstore.octoperf.com/images/logo-topbar.svg" is in the cache already and will not be downloaded again  	[MsgId: MMSG-26655]
Registration.c(48): Resource "https://petstore.octoperf.com/images/cart.gif" is in the cache already and will not be downloaded again  	[MsgId: MMSG-26655]
Registration.c(48): Resource "https://petstore.octoperf.com/images/separator.gif" is in the cache already and will not be downloaded again  	[MsgId: MMSG-26655]
Registration.c(48): Resource "https://petstore.octoperf.com/images/sm_fish.gif" is in the cache already and will not be downloaded again  	[MsgId: MMSG-26655]
Registration.c(48): Resource "https://petstore.octoperf.com/images/sm_dogs.gif" is in the cache already and will not be downloaded again  	[MsgId: MMSG-26655]
Registration.c(48): Resource "https://petstore.octoperf.com/images/sm_reptiles.gif" is in the cache already and will not be downloaded again  	[MsgId: MMSG-26655]
Registration.c(48): Resource "https://petstore.octoperf.com/images/sm_cats.gif" is in the cache already and will not be downloaded again  	[MsgId: MMSG-26655]
Registration.c(48): Resource "https://petstore.octoperf.com/images/sm_birds.gif" is in the cache already and will not be downloaded again  	[MsgId: MMSG-26655]
Registration.c(48): Registered web_reg_find successful for "Text=User Information" (count=1)  	[MsgId: MMSG-26364]
Registration.c(48): web_link("Register Now!") was successful, 5821 body bytes, 225 header bytes  	[MsgId: MMSG-26386]
Registration.c(53): Notify: Transaction "PetStore_ClickOnRegistration_T03" ended with a "Pass" status (Duration: 0.1268 Wasted Time: 0.0000).	[MsgId: MMSG-16871]
Registration.c(55): lr_think_time: 3.28 seconds (recorded think time was 5.00 seconds).	[MsgId: MMSG-15947]
Registration.c(29): Notify: Transaction "PetStore_ClickOnSignIn_T02" started.	[MsgId: MMSG-16999]
Registration.c(31): web_reg_find started  	[MsgId: MMSG-26355]
Registration.c(31): Registering web_reg_find was successful  	[MsgId: MMSG-26390]
Registration.c(34): web_link("Sign In") started  	[MsgId: MMSG-26355]
Registration.c(34): Linking to "https://petstore.octoperf.com/actions/Account.action;jsessionid=5078A3762C2F7DED61DE967DEB47122D?signonForm=", Target Frame=""  	[MsgId: MMSG-27994]
Registration.c(34): Resource "https://petstore.octoperf.com/css/jpetstore.css" is in the cache already and will not be downloaded again  	[MsgId: MMSG-26655]
Registration.c(34): Resource "https://petstore.octoperf.com/images/logo-topbar.svg" is in the cache already and will not be downloaded again  	[MsgId: MMSG-26655]
Registration.c(34): Resource "https://petstore.octoperf.com/images/cart.gif" is in the cache already and will not be downloaded again  	[MsgId: MMSG-26655]
Registration.c(34): Resource "https://petstore.octoperf.com/images/separator.gif" is in the cache already and will not be downloaded again  	[MsgId: MMSG-26655]
Registration.c(34): Resource "https://petstore.octoperf.com/images/sm_fish.gif" is in the cache already and will not be downloaded again  	[MsgId: MMSG-26655]
Registration.c(34): Resource "https://petstore.octoperf.com/images/sm_dogs.gif" is in the cache already and will not be downloaded again  	[MsgId: MMSG-26655]
Registration.c(34): Resource "https://petstore.octoperf.com/images/sm_reptiles.gif" is in the cache already and will not be downloaded again  	[MsgId: MMSG-26655]
Registration.c(34): Resource "https://petstore.octoperf.com/images/sm_cats.gif" is in the cache already and will not be downloaded again  	[MsgId: MMSG-26655]
Registration.c(34): Resource "https://petstore.octoperf.com/images/sm_birds.gif" is in the cache already and will not be downloaded again  	[MsgId: MMSG-26655]
Registration.c(34): Registered web_reg_find successful for "Text=Please enter your username and password" (count=1)  	[MsgId: MMSG-26364]
Registration.c(34): web_link("Sign In") was successful, 3856 body bytes, 225 header bytes  	[MsgId: MMSG-26386]
Registration.c(39): Notify: Transaction "PetStore_ClickOnSignIn_T02" ended with a "Pass" status (Duration: 0.1282 Wasted Time: 0.0000).	[MsgId: MMSG-16871]
Registration.c(41): lr_think_time: 3.63 seconds (recorded think time was 5.00 seconds).	[MsgId: MMSG-15947]
Starting iteration 1.	[MsgId: MMSG-15968]
Warning -27077: The "vuser_init" section contains web function(s) when the "Simulate a new user on each iteration" Runtime Setting is ON.  This may produce unpredictable results with multiple iterations  	[MsgId: MWAR-27077]
Maximum number of concurrent connections per server: 6  	[MsgId: MMSG-26989]
Starting action Login.	[MsgId: MMSG-15919]
Registration.c(13): Notify: Transaction "PetStore_EnterToPetStore_T01" started.	[MsgId: MMSG-16999]
Registration.c(14): web_reg_find started  	[MsgId: MMSG-26355]
Registration.c(14): Registering web_reg_find was successful  	[MsgId: MMSG-26390]
Registration.c(17): web_url("Catalog.action") started  	[MsgId: MMSG-26355]
Registration.c(17): Resource "https://petstore.octoperf.com/css/jpetstore.css" is in the cache already and will not be downloaded again  	[MsgId: MMSG-26655]
Registration.c(17): Found resource "https://petstore.octoperf.com/images/logo-topbar.svg" in HTML "https://petstore.octoperf.com/actions/Catalog.action"  	[MsgId: MMSG-26659]
Registration.c(17): Found resource "https://petstore.octoperf.com/images/cart.gif" in HTML "https://petstore.octoperf.com/actions/Catalog.action"  	[MsgId: MMSG-26659]
Registration.c(17): Found resource "https://petstore.octoperf.com/images/separator.gif" in HTML "https://petstore.octoperf.com/actions/Catalog.action"  	[MsgId: MMSG-26659]
Registration.c(17): Found resource "https://petstore.octoperf.com/images/sm_fish.gif" in HTML "https://petstore.octoperf.com/actions/Catalog.action"  	[MsgId: MMSG-26659]
Registration.c(17): Found resource "https://petstore.octoperf.com/images/sm_dogs.gif" in HTML "https://petstore.octoperf.com/actions/Catalog.action"  	[MsgId: MMSG-26659]
Registration.c(17): Found resource "https://petstore.octoperf.com/images/sm_reptiles.gif" in HTML "https://petstore.octoperf.com/actions/Catalog.action"  	[MsgId: MMSG-26659]
Registration.c(17): Found resource "https://petstore.octoperf.com/images/sm_cats.gif" in HTML "https://petstore.octoperf.com/actions/Catalog.action"  	[MsgId: MMSG-26659]
Registration.c(17): Found resource "https://petstore.octoperf.com/images/sm_birds.gif" in HTML "https://petstore.octoperf.com/actions/Catalog.action"  	[MsgId: MMSG-26659]
Registration.c(17): Found resource "https://petstore.octoperf.com/images/fish_icon.gif" in HTML "https://petstore.octoperf.com/actions/Catalog.action"  	[MsgId: MMSG-26659]
Registration.c(17): Found resource "https://petstore.octoperf.com/images/dogs_icon.gif" in HTML "https://petstore.octoperf.com/actions/Catalog.action"  	[MsgId: MMSG-26659]
Registration.c(17): Found resource "https://petstore.octoperf.com/images/cats_icon.gif" in HTML "https://petstore.octoperf.com/actions/Catalog.action"  	[MsgId: MMSG-26659]
Registration.c(17): Found resource "https://petstore.octoperf.com/images/reptiles_icon.gif" in HTML "https://petstore.octoperf.com/actions/Catalog.action"  	[MsgId: MMSG-26659]
Registration.c(17): Found resource "https://petstore.octoperf.com/images/birds_icon.gif" in HTML "https://petstore.octoperf.com/actions/Catalog.action"  	[MsgId: MMSG-26659]
Registration.c(17): Found resource "https://petstore.octoperf.com/images/splash.gif" in HTML "https://petstore.octoperf.com/actions/Catalog.action"  	[MsgId: MMSG-26659]
Registration.c(57): Notify: Transaction "PetStore_SubmitRegistration_T04" started.	[MsgId: MMSG-16999]
Registration.c(59): web_reg_find started  	[MsgId: MMSG-26355]
Registration.c(59): Registering web_reg_find was successful  	[MsgId: MMSG-26390]
Registration.c(66): Notify: Saving Parameter "randomUsername = WSST".	[MsgId: MMSG-13798]
Registration.c(72): Notify: Saving Parameter "randompass = tkfn".	[MsgId: MMSG-13798]
Registration.c(86): Notify: Saving Parameter "randomFirstName = mhwwe".	[MsgId: MMSG-13798]
Registration.c(87): Notify: Saving Parameter "randomLastName = qjsre".	[MsgId: MMSG-13798]
Registration.c(99): Notify: Saving Parameter "RandomPhone = 9723426816".	[MsgId: MMSG-13798]
Registration.c(108): Notify: Saving Parameter "RandomZip = 647732".	[MsgId: MMSG-13798]
Registration.c(111): web_submit_form("Account.action") started  	[MsgId: MMSG-26355]
Registration.c(111): Notify: Parameter Substitution: parameter "randomUsername" =  "WSST"	[MsgId: MMSG-13992]
Registration.c(111): Notify: Parameter Substitution: parameter "randompass" =  "tkfn"	[MsgId: MMSG-13992]
Registration.c(111): Notify: Parameter Substitution: parameter "randompass" =  "tkfn"	[MsgId: MMSG-13992]
Registration.c(111): Notify: Parameter Substitution: parameter "randomFirstName" =  "mhwwe"	[MsgId: MMSG-13992]
Registration.c(111): Notify: Parameter Substitution: parameter "randomLastName" =  "qjsre"	[MsgId: MMSG-13992]
Registration.c(111): Notify: Parameter Substitution: parameter "randomFirstName" =  "mhwwe"	[MsgId: MMSG-13992]
Registration.c(111): Notify: Parameter Substitution: parameter "randomLastName" =  "qjsre"	[MsgId: MMSG-13992]
Registration.c(111): Notify: Parameter Substitution: parameter "RandomPhone" =  "9723426816"	[MsgId: MMSG-13992]
Registration.c(111): Notify: Parameter Substitution: parameter "RandomZip" =  "647732"	[MsgId: MMSG-13992]
Registration.c(111): Submitting form to "https://petstore.octoperf.com/actions/Account.action", Target Frame=""  	[MsgId: MMSG-27978]
Registration.c(111): Connection to petstore.octoperf.com:443 closed after being inactive for 61 seconds, exceeding the "HTTP Keep-Alive timeout" Runtime Setting (60 seconds). URL="[None]"  	[MsgId: MMSG-27647]
Registration.c(17): Registered web_reg_find successful for "Text=OctoPerf" (count=1)  	[MsgId: MMSG-26364]
Registration.c(17): web_url("Catalog.action") was successful, 63413 body bytes, 4260 header bytes  	[MsgId: MMSG-26386]
Registration.c(25): Notify: Transaction "PetStore_EnterToPetStore_T01" ended with a "Pass" status (Duration: 0.5035 Wasted Time: 0.0002).	[MsgId: MMSG-16871]
Registration.c(27): lr_think_time: 2.73 seconds (recorded think time was 5.00 seconds).	[MsgId: MMSG-15947]
Registration.c(111): Redirecting "https://petstore.octoperf.com/actions/Account.action" (redirection depth is 0)  	[MsgId: MMSG-26694]
Registration.c(111): To location "https://petstore.octoperf.com/actions/Catalog.action"  	[MsgId: MMSG-26693]
Registration.c(111): Resource "https://petstore.octoperf.com/css/jpetstore.css" is in the cache already and will not be downloaded again  	[MsgId: MMSG-26655]
Registration.c(111): Resource "https://petstore.octoperf.com/images/logo-topbar.svg" is in the cache already and will not be downloaded again  	[MsgId: MMSG-26655]
Registration.c(111): Resource "https://petstore.octoperf.com/images/cart.gif" is in the cache already and will not be downloaded again  	[MsgId: MMSG-26655]
Registration.c(111): Resource "https://petstore.octoperf.com/images/separator.gif" is in the cache already and will not be downloaded again  	[MsgId: MMSG-26655]
Registration.c(111): Resource "https://petstore.octoperf.com/images/sm_fish.gif" is in the cache already and will not be downloaded again  	[MsgId: MMSG-26655]
Registration.c(111): Resource "https://petstore.octoperf.com/images/sm_dogs.gif" is in the cache already and will not be downloaded again  	[MsgId: MMSG-26655]
Registration.c(111): Resource "https://petstore.octoperf.com/images/sm_reptiles.gif" is in the cache already and will not be downloaded again  	[MsgId: MMSG-26655]
Registration.c(111): Resource "https://petstore.octoperf.com/images/sm_cats.gif" is in the cache already and will not be downloaded again  	[MsgId: MMSG-26655]
Registration.c(111): Resource "https://petstore.octoperf.com/images/sm_birds.gif" is in the cache already and will not be downloaded again  	[MsgId: MMSG-26655]
Registration.c(111): Resource "https://petstore.octoperf.com/images/fish_icon.gif" is in the cache already and will not be downloaded again  	[MsgId: MMSG-26655]
Registration.c(111): Resource "https://petstore.octoperf.com/images/dogs_icon.gif" is in the cache already and will not be downloaded again  	[MsgId: MMSG-26655]
Registration.c(111): Resource "https://petstore.octoperf.com/images/cats_icon.gif" is in the cache already and will not be downloaded again  	[MsgId: MMSG-26655]
Registration.c(111): Resource "https://petstore.octoperf.com/images/reptiles_icon.gif" is in the cache already and will not be downloaded again  	[MsgId: MMSG-26655]
Registration.c(111): Resource "https://petstore.octoperf.com/images/birds_icon.gif" is in the cache already and will not be downloaded again  	[MsgId: MMSG-26655]
Registration.c(111): Resource "https://petstore.octoperf.com/images/splash.gif" is in the cache already and will not be downloaded again  	[MsgId: MMSG-26655]
Registration.c(111): Registered web_reg_find successful for "Text=Elevate you load-testing" (count=1)  	[MsgId: MMSG-26364]
Registration.c(111): web_submit_form("Account.action") was successful, 4736 body bytes, 443 header bytes  	[MsgId: MMSG-26386]
Registration.c(133): Notify: Transaction "PetStore_SubmitRegistration_T04" ended with a "Pass" status (Duration: 0.7893 Wasted Time: 0.0000).	[MsgId: MMSG-16871]
Registration.c(135): lr_think_time: 2.59 seconds (recorded think time was 5.00 seconds).	[MsgId: MMSG-15947]
Registration.c(43): Notify: Transaction "PetStore_ClickOnRegistration_T03" started.	[MsgId: MMSG-16999]
Registration.c(45): web_reg_find started  	[MsgId: MMSG-26355]
Registration.c(45): Registering web_reg_find was successful  	[MsgId: MMSG-26390]
Registration.c(48): web_link("Register Now!") started  	[MsgId: MMSG-26355]
Registration.c(48): Linking to "https://petstore.octoperf.com/actions/Account.action?newAccountForm=", Target Frame=""  	[MsgId: MMSG-27994]
Registration.c(48): Resource "https://petstore.octoperf.com/css/jpetstore.css" is in the cache already and will not be downloaded again  	[MsgId: MMSG-26655]
Registration.c(48): Resource "https://petstore.octoperf.com/images/logo-topbar.svg" is in the cache already and will not be downloaded again  	[MsgId: MMSG-26655]
Registration.c(48): Resource "https://petstore.octoperf.com/images/cart.gif" is in the cache already and will not be downloaded again  	[MsgId: MMSG-26655]
Registration.c(48): Resource "https://petstore.octoperf.com/images/separator.gif" is in the cache already and will not be downloaded again  	[MsgId: MMSG-26655]
Registration.c(48): Resource "https://petstore.octoperf.com/images/sm_fish.gif" is in the cache already and will not be downloaded again  	[MsgId: MMSG-26655]
Registration.c(48): Resource "https://petstore.octoperf.com/images/sm_dogs.gif" is in the cache already and will not be downloaded again  	[MsgId: MMSG-26655]
Registration.c(48): Resource "https://petstore.octoperf.com/images/sm_reptiles.gif" is in the cache already and will not be downloaded again  	[MsgId: MMSG-26655]
Registration.c(48): Resource "https://petstore.octoperf.com/images/sm_cats.gif" is in the cache already and will not be downloaded again  	[MsgId: MMSG-26655]
Registration.c(48): Resource "https://petstore.octoperf.com/images/sm_birds.gif" is in the cache already and will not be downloaded again  	[MsgId: MMSG-26655]
Registration.c(48): Registered web_reg_find successful for "Text=User Information" (count=1)  	[MsgId: MMSG-26364]
Registration.c(48): web_link("Register Now!") was successful, 5821 body bytes, 225 header bytes  	[MsgId: MMSG-26386]
Registration.c(53): Notify: Transaction "PetStore_ClickOnRegistration_T03" ended with a "Pass" status (Duration: 0.1259 Wasted Time: 0.0000).	[MsgId: MMSG-16871]
Registration.c(55): lr_think_time: 2.94 seconds (recorded think time was 5.00 seconds).	[MsgId: MMSG-15947]
Registration.c(29): Notify: Transaction "PetStore_ClickOnSignIn_T02" started.	[MsgId: MMSG-16999]
Registration.c(31): web_reg_find started  	[MsgId: MMSG-26355]
Registration.c(31): Registering web_reg_find was successful  	[MsgId: MMSG-26390]
Registration.c(34): web_link("Sign In") started  	[MsgId: MMSG-26355]
Registration.c(34): Linking to "https://petstore.octoperf.com/actions/Account.action;jsessionid=ED4D6850292C85D157636F7000EFAF20?signonForm=", Target Frame=""  	[MsgId: MMSG-27994]
Registration.c(34): Resource "https://petstore.octoperf.com/css/jpetstore.css" is in the cache already and will not be downloaded again  	[MsgId: MMSG-26655]
Registration.c(34): Resource "https://petstore.octoperf.com/images/logo-topbar.svg" is in the cache already and will not be downloaded again  	[MsgId: MMSG-26655]
Registration.c(34): Resource "https://petstore.octoperf.com/images/cart.gif" is in the cache already and will not be downloaded again  	[MsgId: MMSG-26655]
Registration.c(34): Resource "https://petstore.octoperf.com/images/separator.gif" is in the cache already and will not be downloaded again  	[MsgId: MMSG-26655]
Registration.c(34): Resource "https://petstore.octoperf.com/images/sm_fish.gif" is in the cache already and will not be downloaded again  	[MsgId: MMSG-26655]
Registration.c(34): Resource "https://petstore.octoperf.com/images/sm_dogs.gif" is in the cache already and will not be downloaded again  	[MsgId: MMSG-26655]
Registration.c(34): Resource "https://petstore.octoperf.com/images/sm_reptiles.gif" is in the cache already and will not be downloaded again  	[MsgId: MMSG-26655]
Registration.c(34): Resource "https://petstore.octoperf.com/images/sm_cats.gif" is in the cache already and will not be downloaded again  	[MsgId: MMSG-26655]
Registration.c(34): Resource "https://petstore.octoperf.com/images/sm_birds.gif" is in the cache already and will not be downloaded again  	[MsgId: MMSG-26655]
Registration.c(34): Registered web_reg_find successful for "Text=Please enter your username and password" (count=1)  	[MsgId: MMSG-26364]
Registration.c(34): web_link("Sign In") was successful, 3858 body bytes, 225 header bytes  	[MsgId: MMSG-26386]
Registration.c(39): Notify: Transaction "PetStore_ClickOnSignIn_T02" ended with a "Pass" status (Duration: 0.1274 Wasted Time: 0.0000).	[MsgId: MMSG-16871]
Registration.c(41): lr_think_time: 2.55 seconds (recorded think time was 5.00 seconds).	[MsgId: MMSG-15947]
Registration.c(137): Notify: Transaction "PetStore_SignOut_T05" started.	[MsgId: MMSG-16999]
Registration.c(139): web_reg_find started  	[MsgId: MMSG-26355]
Registration.c(139): Registering web_reg_find was successful  	[MsgId: MMSG-26390]
Registration.c(142): web_url("Account.action_2") started  	[MsgId: MMSG-26355]
Registration.c(142): Redirecting "https://petstore.octoperf.com/actions/Account.action?signoff=" (redirection depth is 0)  	[MsgId: MMSG-26694]
Registration.c(142): To location "https://petstore.octoperf.com/actions/Catalog.action"  	[MsgId: MMSG-26693]
Registration.c(142): Resource "https://petstore.octoperf.com/css/jpetstore.css" is in the cache already and will not be downloaded again  	[MsgId: MMSG-26655]
Registration.c(142): Resource "https://petstore.octoperf.com/images/logo-topbar.svg" is in the cache already and will not be downloaded again  	[MsgId: MMSG-26655]
Registration.c(142): Resource "https://petstore.octoperf.com/images/cart.gif" is in the cache already and will not be downloaded again  	[MsgId: MMSG-26655]
Registration.c(142): Resource "https://petstore.octoperf.com/images/separator.gif" is in the cache already and will not be downloaded again  	[MsgId: MMSG-26655]
Registration.c(142): Resource "https://petstore.octoperf.com/images/sm_fish.gif" is in the cache already and will not be downloaded again  	[MsgId: MMSG-26655]
Registration.c(142): Resource "https://petstore.octoperf.com/images/sm_dogs.gif" is in the cache already and will not be downloaded again  	[MsgId: MMSG-26655]
Registration.c(142): Resource "https://petstore.octoperf.com/images/sm_reptiles.gif" is in the cache already and will not be downloaded again  	[MsgId: MMSG-26655]
Registration.c(142): Resource "https://petstore.octoperf.com/images/sm_cats.gif" is in the cache already and will not be downloaded again  	[MsgId: MMSG-26655]
Registration.c(142): Resource "https://petstore.octoperf.com/images/sm_birds.gif" is in the cache already and will not be downloaded again  	[MsgId: MMSG-26655]
Registration.c(142): Resource "https://petstore.octoperf.com/images/fish_icon.gif" is in the cache already and will not be downloaded again  	[MsgId: MMSG-26655]
Registration.c(142): Resource "https://petstore.octoperf.com/images/dogs_icon.gif" is in the cache already and will not be downloaded again  	[MsgId: MMSG-26655]
Registration.c(142): Resource "https://petstore.octoperf.com/images/cats_icon.gif" is in the cache already and will not be downloaded again  	[MsgId: MMSG-26655]
Registration.c(142): Resource "https://petstore.octoperf.com/images/reptiles_icon.gif" is in the cache already and will not be downloaded again  	[MsgId: MMSG-26655]
Registration.c(142): Resource "https://petstore.octoperf.com/images/birds_icon.gif" is in the cache already and will not be downloaded again  	[MsgId: MMSG-26655]
Registration.c(142): Resource "https://petstore.octoperf.com/images/splash.gif" is in the cache already and will not be downloaded again  	[MsgId: MMSG-26655]
Registration.c(142): Registered web_reg_find successful for "Text=Sign In" (count=1)  	[MsgId: MMSG-26364]
Registration.c(142): web_url("Account.action_2") was successful, 4736 body bytes, 518 header bytes  	[MsgId: MMSG-26386]
Registration.c(151): Notify: Transaction "PetStore_SignOut_T05" ended with a "Pass" status (Duration: 0.2501 Wasted Time: 0.0000).	[MsgId: MMSG-16871]
Login.c(4): Notify: Transaction "PetStore_ClickOnSignIn_T01" started.	[MsgId: MMSG-16999]
Login.c(6): web_reg_find started  	[MsgId: MMSG-26355]
Login.c(6): Registering web_reg_find was successful  	[MsgId: MMSG-26390]
Login.c(9): web_link("Sign In") started  	[MsgId: MMSG-26355]
Login.c(9): Linking to "https://petstore.octoperf.com/actions/Account.action?signonForm=", Target Frame=""  	[MsgId: MMSG-27994]
Login.c(9): Resource "https://petstore.octoperf.com/css/jpetstore.css" is in the cache already and will not be downloaded again  	[MsgId: MMSG-26655]
Login.c(9): Resource "https://petstore.octoperf.com/images/logo-topbar.svg" is in the cache already and will not be downloaded again  	[MsgId: MMSG-26655]
Login.c(9): Resource "https://petstore.octoperf.com/images/cart.gif" is in the cache already and will not be downloaded again  	[MsgId: MMSG-26655]
Login.c(9): Resource "https://petstore.octoperf.com/images/separator.gif" is in the cache already and will not be downloaded again  	[MsgId: MMSG-26655]
Login.c(9): Resource "https://petstore.octoperf.com/images/sm_fish.gif" is in the cache already and will not be downloaded again  	[MsgId: MMSG-26655]
Login.c(9): Resource "https://petstore.octoperf.com/images/sm_dogs.gif" is in the cache already and will not be downloaded again  	[MsgId: MMSG-26655]
Login.c(9): Resource "https://petstore.octoperf.com/images/sm_reptiles.gif" is in the cache already and will not be downloaded again  	[MsgId: MMSG-26655]
Login.c(9): Resource "https://petstore.octoperf.com/images/sm_cats.gif" is in the cache already and will not be downloaded again  	[MsgId: MMSG-26655]
Login.c(9): Resource "https://petstore.octoperf.com/images/sm_birds.gif" is in the cache already and will not be downloaded again  	[MsgId: MMSG-26655]
Login.c(9): Registered web_reg_find successful for "Text=Please enter your username and password" (count=1)  	[MsgId: MMSG-26364]
Login.c(9): web_link("Sign In") was successful, 3858 body bytes, 225 header bytes  	[MsgId: MMSG-26386]
Login.c(13): Notify: Transaction "PetStore_ClickOnSignIn_T01" ended with a "Pass" status (Duration: 0.1286 Wasted Time: 0.0000).	[MsgId: MMSG-16871]
Login.c(15): lr_think_time: 4.12 seconds (recorded think time was 5.00 seconds).	[MsgId: MMSG-15947]
Starting iteration 1.	[MsgId: MMSG-15968]
Warning -27077: The "vuser_init" section contains web function(s) when the "Simulate a new user on each iteration" Runtime Setting is ON.  This may produce unpredictable results with multiple iterations  	[MsgId: MWAR-27077]
Maximum number of concurrent connections per server: 6  	[MsgId: MMSG-26989]
Starting action Login.	[MsgId: MMSG-15919]
Registration.c(13): Notify: Transaction "PetStore_EnterToPetStore_T01" started.	[MsgId: MMSG-16999]
Registration.c(14): web_reg_find started  	[MsgId: MMSG-26355]
Registration.c(14): Registering web_reg_find was successful  	[MsgId: MMSG-26390]
Registration.c(17): web_url("Catalog.action") started  	[MsgId: MMSG-26355]
Registration.c(17): Resource "https://petstore.octoperf.com/css/jpetstore.css" is in the cache already and will not be downloaded again  	[MsgId: MMSG-26655]
Registration.c(17): Found resource "https://petstore.octoperf.com/images/logo-topbar.svg" in HTML "https://petstore.octoperf.com/actions/Catalog.action"  	[MsgId: MMSG-26659]
Registration.c(17): Found resource "https://petstore.octoperf.com/images/cart.gif" in HTML "https://petstore.octoperf.com/actions/Catalog.action"  	[MsgId: MMSG-26659]
Registration.c(17): Found resource "https://petstore.octoperf.com/images/separator.gif" in HTML "https://petstore.octoperf.com/actions/Catalog.action"  	[MsgId: MMSG-26659]
Registration.c(17): Found resource "https://petstore.octoperf.com/images/sm_fish.gif" in HTML "https://petstore.octoperf.com/actions/Catalog.action"  	[MsgId: MMSG-26659]
Registration.c(17): Found resource "https://petstore.octoperf.com/images/sm_dogs.gif" in HTML "https://petstore.octoperf.com/actions/Catalog.action"  	[MsgId: MMSG-26659]
Registration.c(17): Found resource "https://petstore.octoperf.com/images/sm_reptiles.gif" in HTML "https://petstore.octoperf.com/actions/Catalog.action"  	[MsgId: MMSG-26659]
Registration.c(17): Found resource "https://petstore.octoperf.com/images/sm_cats.gif" in HTML "https://petstore.octoperf.com/actions/Catalog.action"  	[MsgId: MMSG-26659]
Registration.c(17): Found resource "https://petstore.octoperf.com/images/sm_birds.gif" in HTML "https://petstore.octoperf.com/actions/Catalog.action"  	[MsgId: MMSG-26659]
Registration.c(17): Found resource "https://petstore.octoperf.com/images/fish_icon.gif" in HTML "https://petstore.octoperf.com/actions/Catalog.action"  	[MsgId: MMSG-26659]
Registration.c(17): Found resource "https://petstore.octoperf.com/images/dogs_icon.gif" in HTML "https://petstore.octoperf.com/actions/Catalog.action"  	[MsgId: MMSG-26659]
Registration.c(17): Found resource "https://petstore.octoperf.com/images/cats_icon.gif" in HTML "https://petstore.octoperf.com/actions/Catalog.action"  	[MsgId: MMSG-26659]
Registration.c(17): Found resource "https://petstore.octoperf.com/images/reptiles_icon.gif" in HTML "https://petstore.octoperf.com/actions/Catalog.action"  	[MsgId: MMSG-26659]
Registration.c(17): Found resource "https://petstore.octoperf.com/images/birds_icon.gif" in HTML "https://petstore.octoperf.com/actions/Catalog.action"  	[MsgId: MMSG-26659]
Registration.c(17): Found resource "https://petstore.octoperf.com/images/splash.gif" in HTML "https://petstore.octoperf.com/actions/Catalog.action"  	[MsgId: MMSG-26659]
Registration.c(57): Notify: Transaction "PetStore_SubmitRegistration_T04" started.	[MsgId: MMSG-16999]
Registration.c(59): web_reg_find started  	[MsgId: MMSG-26355]
Registration.c(59): Registering web_reg_find was successful  	[MsgId: MMSG-26390]
Registration.c(66): Notify: Saving Parameter "randomUsername = JALE".	[MsgId: MMSG-13798]
Registration.c(72): Notify: Saving Parameter "randompass = iftl".	[MsgId: MMSG-13798]
Registration.c(86): Notify: Saving Parameter "randomFirstName = dtdqg".	[MsgId: MMSG-13798]
Registration.c(87): Notify: Saving Parameter "randomLastName = pqmpe".	[MsgId: MMSG-13798]
Registration.c(99): Notify: Saving Parameter "RandomPhone = 9261732513".	[MsgId: MMSG-13798]
Registration.c(108): Notify: Saving Parameter "RandomZip = 093014".	[MsgId: MMSG-13798]
Registration.c(111): web_submit_form("Account.action") started  	[MsgId: MMSG-26355]
Registration.c(111): Notify: Parameter Substitution: parameter "randomUsername" =  "JALE"	[MsgId: MMSG-13992]
Registration.c(111): Notify: Parameter Substitution: parameter "randompass" =  "iftl"	[MsgId: MMSG-13992]
Registration.c(111): Notify: Parameter Substitution: parameter "randompass" =  "iftl"	[MsgId: MMSG-13992]
Registration.c(111): Notify: Parameter Substitution: parameter "randomFirstName" =  "dtdqg"	[MsgId: MMSG-13992]
Registration.c(111): Notify: Parameter Substitution: parameter "randomLastName" =  "pqmpe"	[MsgId: MMSG-13992]
Registration.c(111): Notify: Parameter Substitution: parameter "randomFirstName" =  "dtdqg"	[MsgId: MMSG-13992]
Registration.c(111): Notify: Parameter Substitution: parameter "randomLastName" =  "pqmpe"	[MsgId: MMSG-13992]
Registration.c(111): Notify: Parameter Substitution: parameter "RandomPhone" =  "9261732513"	[MsgId: MMSG-13992]
Registration.c(111): Notify: Parameter Substitution: parameter "RandomZip" =  "093014"	[MsgId: MMSG-13992]
Registration.c(111): Submitting form to "https://petstore.octoperf.com/actions/Account.action", Target Frame=""  	[MsgId: MMSG-27978]
Registration.c(111): Connection to petstore.octoperf.com:443 closed after being inactive for 62 seconds, exceeding the "HTTP Keep-Alive timeout" Runtime Setting (60 seconds). URL="[None]"  	[MsgId: MMSG-27647]
Registration.c(17): Registered web_reg_find successful for "Text=OctoPerf" (count=1)  	[MsgId: MMSG-26364]
Registration.c(17): web_url("Catalog.action") was successful, 63413 body bytes, 4260 header bytes  	[MsgId: MMSG-26386]
Registration.c(25): Notify: Transaction "PetStore_EnterToPetStore_T01" ended with a "Pass" status (Duration: 0.4984 Wasted Time: 0.0001).	[MsgId: MMSG-16871]
Registration.c(27): lr_think_time: 4.32 seconds (recorded think time was 5.00 seconds).	[MsgId: MMSG-15947]
Registration.c(43): Notify: Transaction "PetStore_ClickOnRegistration_T03" started.	[MsgId: MMSG-16999]
Registration.c(45): web_reg_find started  	[MsgId: MMSG-26355]
Registration.c(45): Registering web_reg_find was successful  	[MsgId: MMSG-26390]
Registration.c(48): web_link("Register Now!") started  	[MsgId: MMSG-26355]
Registration.c(48): Linking to "https://petstore.octoperf.com/actions/Account.action?newAccountForm=", Target Frame=""  	[MsgId: MMSG-27994]
Registration.c(48): Resource "https://petstore.octoperf.com/css/jpetstore.css" is in the cache already and will not be downloaded again  	[MsgId: MMSG-26655]
Registration.c(48): Resource "https://petstore.octoperf.com/images/logo-topbar.svg" is in the cache already and will not be downloaded again  	[MsgId: MMSG-26655]
Registration.c(48): Resource "https://petstore.octoperf.com/images/cart.gif" is in the cache already and will not be downloaded again  	[MsgId: MMSG-26655]
Registration.c(48): Resource "https://petstore.octoperf.com/images/separator.gif" is in the cache already and will not be downloaded again  	[MsgId: MMSG-26655]
Registration.c(48): Resource "https://petstore.octoperf.com/images/sm_fish.gif" is in the cache already and will not be downloaded again  	[MsgId: MMSG-26655]
Registration.c(48): Resource "https://petstore.octoperf.com/images/sm_dogs.gif" is in the cache already and will not be downloaded again  	[MsgId: MMSG-26655]
Registration.c(48): Resource "https://petstore.octoperf.com/images/sm_reptiles.gif" is in the cache already and will not be downloaded again  	[MsgId: MMSG-26655]
Registration.c(48): Resource "https://petstore.octoperf.com/images/sm_cats.gif" is in the cache already and will not be downloaded again  	[MsgId: MMSG-26655]
Registration.c(48): Resource "https://petstore.octoperf.com/images/sm_birds.gif" is in the cache already and will not be downloaded again  	[MsgId: MMSG-26655]
Registration.c(48): Registered web_reg_find successful for "Text=User Information" (count=1)  	[MsgId: MMSG-26364]
Registration.c(48): web_link("Register Now!") was successful, 5821 body bytes, 225 header bytes  	[MsgId: MMSG-26386]
Registration.c(53): Notify: Transaction "PetStore_ClickOnRegistration_T03" ended with a "Pass" status (Duration: 0.1286 Wasted Time: 0.0000).	[MsgId: MMSG-16871]
Registration.c(55): lr_think_time: 2.73 seconds (recorded think time was 5.00 seconds).	[MsgId: MMSG-15947]
Registration.c(111): Redirecting "https://petstore.octoperf.com/actions/Account.action" (redirection depth is 0)  	[MsgId: MMSG-26694]
Registration.c(111): To location "https://petstore.octoperf.com/actions/Catalog.action"  	[MsgId: MMSG-26693]
Registration.c(111): Resource "https://petstore.octoperf.com/css/jpetstore.css" is in the cache already and will not be downloaded again  	[MsgId: MMSG-26655]
Registration.c(111): Resource "https://petstore.octoperf.com/images/logo-topbar.svg" is in the cache already and will not be downloaded again  	[MsgId: MMSG-26655]
Registration.c(111): Resource "https://petstore.octoperf.com/images/cart.gif" is in the cache already and will not be downloaded again  	[MsgId: MMSG-26655]
Registration.c(111): Resource "https://petstore.octoperf.com/images/separator.gif" is in the cache already and will not be downloaded again  	[MsgId: MMSG-26655]
Registration.c(111): Resource "https://petstore.octoperf.com/images/sm_fish.gif" is in the cache already and will not be downloaded again  	[MsgId: MMSG-26655]
Registration.c(111): Resource "https://petstore.octoperf.com/images/sm_dogs.gif" is in the cache already and will not be downloaded again  	[MsgId: MMSG-26655]
Registration.c(111): Resource "https://petstore.octoperf.com/images/sm_reptiles.gif" is in the cache already and will not be downloaded again  	[MsgId: MMSG-26655]
Registration.c(111): Resource "https://petstore.octoperf.com/images/sm_cats.gif" is in the cache already and will not be downloaded again  	[MsgId: MMSG-26655]
Registration.c(111): Resource "https://petstore.octoperf.com/images/sm_birds.gif" is in the cache already and will not be downloaded again  	[MsgId: MMSG-26655]
Registration.c(111): Resource "https://petstore.octoperf.com/images/fish_icon.gif" is in the cache already and will not be downloaded again  	[MsgId: MMSG-26655]
Registration.c(111): Resource "https://petstore.octoperf.com/images/dogs_icon.gif" is in the cache already and will not be downloaded again  	[MsgId: MMSG-26655]
Registration.c(111): Resource "https://petstore.octoperf.com/images/cats_icon.gif" is in the cache already and will not be downloaded again  	[MsgId: MMSG-26655]
Registration.c(111): Resource "https://petstore.octoperf.com/images/reptiles_icon.gif" is in the cache already and will not be downloaded again  	[MsgId: MMSG-26655]
Registration.c(111): Resource "https://petstore.octoperf.com/images/birds_icon.gif" is in the cache already and will not be downloaded again  	[MsgId: MMSG-26655]
Registration.c(111): Resource "https://petstore.octoperf.com/images/splash.gif" is in the cache already and will not be downloaded again  	[MsgId: MMSG-26655]
Registration.c(111): Registered web_reg_find successful for "Text=Elevate you load-testing" (count=1)  	[MsgId: MMSG-26364]
Registration.c(111): web_submit_form("Account.action") was successful, 4736 body bytes, 443 header bytes  	[MsgId: MMSG-26386]
Registration.c(133): Notify: Transaction "PetStore_SubmitRegistration_T04" ended with a "Pass" status (Duration: 0.8035 Wasted Time: 0.0000).	[MsgId: MMSG-16871]
Registration.c(135): lr_think_time: 3.00 seconds (recorded think time was 5.00 seconds).	[MsgId: MMSG-15947]
Login.c(17): Notify: Transaction "PetStore_Login_T01" started.	[MsgId: MMSG-16999]
Login.c(18): web_reg_find started  	[MsgId: MMSG-26355]
Login.c(18): Registering web_reg_find was successful  	[MsgId: MMSG-26390]
Login.c(20): web_reg_save_param_regexp started  	[MsgId: MMSG-26355]
Login.c(20): Registering web_reg_save_param_regexp was successful  	[MsgId: MMSG-26390]
Login.c(26): web_submit_form("Account.action") started  	[MsgId: MMSG-26355]
Login.c(26): Notify: Parameter Substitution: parameter "randomUsername" =  "WSST"	[MsgId: MMSG-13992]
Login.c(26): Notify: Parameter Substitution: parameter "randompass" =  "tkfn"	[MsgId: MMSG-13992]
Login.c(26): Submitting form to "https://petstore.octoperf.com/actions/Account.action", Target Frame=""  	[MsgId: MMSG-27978]
Login.c(26): Redirecting "https://petstore.octoperf.com/actions/Account.action" (redirection depth is 0)  	[MsgId: MMSG-26694]
Login.c(26): To location "https://petstore.octoperf.com/actions/Catalog.action"  	[MsgId: MMSG-26693]
Login.c(26): Resource "https://petstore.octoperf.com/css/jpetstore.css" is in the cache already and will not be downloaded again  	[MsgId: MMSG-26655]
Login.c(26): Resource "https://petstore.octoperf.com/images/logo-topbar.svg" is in the cache already and will not be downloaded again  	[MsgId: MMSG-26655]
Login.c(26): Resource "https://petstore.octoperf.com/images/cart.gif" is in the cache already and will not be downloaded again  	[MsgId: MMSG-26655]
Login.c(26): Resource "https://petstore.octoperf.com/images/separator.gif" is in the cache already and will not be downloaded again  	[MsgId: MMSG-26655]
Login.c(26): Resource "https://petstore.octoperf.com/images/sm_fish.gif" is in the cache already and will not be downloaded again  	[MsgId: MMSG-26655]
Login.c(26): Resource "https://petstore.octoperf.com/images/sm_dogs.gif" is in the cache already and will not be downloaded again  	[MsgId: MMSG-26655]
Login.c(26): Resource "https://petstore.octoperf.com/images/sm_reptiles.gif" is in the cache already and will not be downloaded again  	[MsgId: MMSG-26655]
Login.c(26): Resource "https://petstore.octoperf.com/images/sm_cats.gif" is in the cache already and will not be downloaded again  	[MsgId: MMSG-26655]
Login.c(26): Resource "https://petstore.octoperf.com/images/sm_birds.gif" is in the cache already and will not be downloaded again  	[MsgId: MMSG-26655]
Login.c(26): Resource "https://petstore.octoperf.com/images/fish_icon.gif" is in the cache already and will not be downloaded again  	[MsgId: MMSG-26655]
Login.c(26): Resource "https://petstore.octoperf.com/images/dogs_icon.gif" is in the cache already and will not be downloaded again  	[MsgId: MMSG-26655]
Login.c(26): Resource "https://petstore.octoperf.com/images/cats_icon.gif" is in the cache already and will not be downloaded again  	[MsgId: MMSG-26655]
Login.c(26): Resource "https://petstore.octoperf.com/images/reptiles_icon.gif" is in the cache already and will not be downloaded again  	[MsgId: MMSG-26655]
Login.c(26): Resource "https://petstore.octoperf.com/images/birds_icon.gif" is in the cache already and will not be downloaded again  	[MsgId: MMSG-26655]
Login.c(26): Resource "https://petstore.octoperf.com/images/splash.gif" is in the cache already and will not be downloaded again  	[MsgId: MMSG-26655]
Login.c(26): Found resource "https://petstore.octoperf.com/images/banner_fish.gif" in HTML "https://petstore.octoperf.com/actions/Catalog.action"  	[MsgId: MMSG-26659]
Login.c(26): Notify: Saving Parameter "ProductName_1 = BIRDS".	[MsgId: MMSG-13798]
Login.c(26): Notify: Saving Parameter "ProductName_2 = FISH".	[MsgId: MMSG-13798]
Login.c(26): Notify: Saving Parameter "ProductName_3 = DOGS".	[MsgId: MMSG-13798]
Login.c(26): Notify: Saving Parameter "ProductName_4 = REPTILES".	[MsgId: MMSG-13798]
Login.c(26): Notify: Saving Parameter "ProductName_5 = CATS".	[MsgId: MMSG-13798]
Login.c(26): Notify: Saving Parameter "ProductName_6 = BIRDS".	[MsgId: MMSG-13798]
Login.c(26): Notify: Saving Parameter "ProductName_count = 6".	[MsgId: MMSG-13798]
Login.c(26): Registered web_reg_find successful for "Text=My Account" (count=1)  	[MsgId: MMSG-26364]
Login.c(26): web_submit_form("Account.action") was successful, 11416 body bytes, 727 header bytes  	[MsgId: MMSG-26386]
Login.c(34): Notify: Transaction "PetStore_Login_T01" ended with a "Pass" status (Duration: 0.4983 Wasted Time: 0.0004).	[MsgId: MMSG-16871]
Ending action Login.	[MsgId: MMSG-15918]
Starting action AddToCard.	[MsgId: MMSG-15919]
AddToCard.c(8): Notify: Transaction "PetStore_AddAproduct_T01" started.	[MsgId: MMSG-16999]
AddToCard.c(11): Notify: Parameter Substitution: parameter "ProductName_count" =  "6"	[MsgId: MMSG-13992]
AddToCard.c(12): Notify: Parameter Substitution: parameter "ProductName_5" =  "CATS"	[MsgId: MMSG-13992]
AddToCard.c(14): Notify: Saving Parameter "RandCategory = CATS".	[MsgId: MMSG-13798]
AddToCard.c(15): Notify: Parameter Substitution: parameter "RandCategory" =  "CATS"	[MsgId: MMSG-13992]
AddToCard.c(15): Random category selected in Action2 = CATS	[MsgId: MMSG-17999]
AddToCard.c(17): web_reg_find started  	[MsgId: MMSG-26355]
AddToCard.c(17): Notify: Parameter Substitution: parameter "RandCategory" =  "CATS"	[MsgId: MMSG-13992]
AddToCard.c(17): Registering web_reg_find was successful  	[MsgId: MMSG-26390]
AddToCard.c(20): web_reg_save_param_regexp started  	[MsgId: MMSG-26355]
AddToCard.c(20): Registering web_reg_save_param_regexp was successful  	[MsgId: MMSG-26390]
AddToCard.c(27): web_url("Catalog.action_2") started  	[MsgId: MMSG-26355]
AddToCard.c(27): Notify: Parameter Substitution: parameter "RandCategory" =  "CATS"	[MsgId: MMSG-13992]
AddToCard.c(27): Resource "https://petstore.octoperf.com/css/jpetstore.css" is in the cache already and will not be downloaded again  	[MsgId: MMSG-26655]
AddToCard.c(27): Resource "https://petstore.octoperf.com/images/logo-topbar.svg" is in the cache already and will not be downloaded again  	[MsgId: MMSG-26655]
AddToCard.c(27): Resource "https://petstore.octoperf.com/images/cart.gif" is in the cache already and will not be downloaded again  	[MsgId: MMSG-26655]
AddToCard.c(27): Resource "https://petstore.octoperf.com/images/separator.gif" is in the cache already and will not be downloaded again  	[MsgId: MMSG-26655]
AddToCard.c(27): Resource "https://petstore.octoperf.com/images/sm_fish.gif" is in the cache already and will not be downloaded again  	[MsgId: MMSG-26655]
AddToCard.c(27): Resource "https://petstore.octoperf.com/images/sm_dogs.gif" is in the cache already and will not be downloaded again  	[MsgId: MMSG-26655]
AddToCard.c(27): Resource "https://petstore.octoperf.com/images/sm_reptiles.gif" is in the cache already and will not be downloaded again  	[MsgId: MMSG-26655]
AddToCard.c(27): Resource "https://petstore.octoperf.com/images/sm_cats.gif" is in the cache already and will not be downloaded again  	[MsgId: MMSG-26655]
AddToCard.c(27): Resource "https://petstore.octoperf.com/images/sm_birds.gif" is in the cache already and will not be downloaded again  	[MsgId: MMSG-26655]
AddToCard.c(27): Resource "https://petstore.octoperf.com/images/banner_fish.gif" is in the cache already and will not be downloaded again  	[MsgId: MMSG-26655]
AddToCard.c(27): Notify: Saving Parameter "productId_1 = FL-DSH-01".	[MsgId: MMSG-13798]
AddToCard.c(27): Notify: Saving Parameter "productId_2 = FL-DLH-02".	[MsgId: MMSG-13798]
AddToCard.c(27): Notify: Saving Parameter "productId_count = 2".	[MsgId: MMSG-13798]
AddToCard.c(27): Registered web_reg_find successful for "Text=CATS" (count=1)  	[MsgId: MMSG-26364]
AddToCard.c(27): web_url("Catalog.action_2") was successful, 3621 body bytes, 225 header bytes  	[MsgId: MMSG-26386]
AddToCard.c(36): Notify: Transaction "PetStore_AddAproduct_T01" ended with a "Pass" status (Duration: 0.1267 Wasted Time: 0.0007).	[MsgId: MMSG-16871]
AddToCard.c(38): lr_think_time: 4.00 seconds (recorded think time was 5.00 seconds).	[MsgId: MMSG-15947]
Registration.c(57): Notify: Transaction "PetStore_SubmitRegistration_T04" started.	[MsgId: MMSG-16999]
Registration.c(59): web_reg_find started  	[MsgId: MMSG-26355]
Registration.c(59): Registering web_reg_find was successful  	[MsgId: MMSG-26390]
Registration.c(66): Notify: Saving Parameter "randomUsername = DUAS".	[MsgId: MMSG-13798]
Registration.c(72): Notify: Saving Parameter "randompass = zbay".	[MsgId: MMSG-13798]
Registration.c(86): Notify: Saving Parameter "randomFirstName = ogzuz".	[MsgId: MMSG-13798]
Registration.c(87): Notify: Saving Parameter "randomLastName = brrvy".	[MsgId: MMSG-13798]
Registration.c(99): Notify: Saving Parameter "RandomPhone = 9032025183".	[MsgId: MMSG-13798]
Registration.c(108): Notify: Saving Parameter "RandomZip = 279619".	[MsgId: MMSG-13798]
Registration.c(111): web_submit_form("Account.action") started  	[MsgId: MMSG-26355]
Registration.c(111): Notify: Parameter Substitution: parameter "randomUsername" =  "DUAS"	[MsgId: MMSG-13992]
Registration.c(111): Notify: Parameter Substitution: parameter "randompass" =  "zbay"	[MsgId: MMSG-13992]
Registration.c(111): Notify: Parameter Substitution: parameter "randompass" =  "zbay"	[MsgId: MMSG-13992]
Registration.c(111): Notify: Parameter Substitution: parameter "randomFirstName" =  "ogzuz"	[MsgId: MMSG-13992]
Registration.c(111): Notify: Parameter Substitution: parameter "randomLastName" =  "brrvy"	[MsgId: MMSG-13992]
Registration.c(111): Notify: Parameter Substitution: parameter "randomFirstName" =  "ogzuz"	[MsgId: MMSG-13992]
Registration.c(111): Notify: Parameter Substitution: parameter "randomLastName" =  "brrvy"	[MsgId: MMSG-13992]
Registration.c(111): Notify: Parameter Substitution: parameter "RandomPhone" =  "9032025183"	[MsgId: MMSG-13992]
Registration.c(111): Notify: Parameter Substitution: parameter "RandomZip" =  "279619"	[MsgId: MMSG-13992]
Registration.c(111): Submitting form to "https://petstore.octoperf.com/actions/Account.action", Target Frame=""  	[MsgId: MMSG-27978]
Registration.c(111): Redirecting "https://petstore.octoperf.com/actions/Account.action" (redirection depth is 0)  	[MsgId: MMSG-26694]
Registration.c(111): To location "https://petstore.octoperf.com/actions/Catalog.action"  	[MsgId: MMSG-26693]
Registration.c(111): Resource "https://petstore.octoperf.com/css/jpetstore.css" is in the cache already and will not be downloaded again  	[MsgId: MMSG-26655]
Registration.c(111): Resource "https://petstore.octoperf.com/images/logo-topbar.svg" is in the cache already and will not be downloaded again  	[MsgId: MMSG-26655]
Registration.c(111): Resource "https://petstore.octoperf.com/images/cart.gif" is in the cache already and will not be downloaded again  	[MsgId: MMSG-26655]
Registration.c(111): Resource "https://petstore.octoperf.com/images/separator.gif" is in the cache already and will not be downloaded again  	[MsgId: MMSG-26655]
Registration.c(111): Resource "https://petstore.octoperf.com/images/sm_fish.gif" is in the cache already and will not be downloaded again  	[MsgId: MMSG-26655]
Registration.c(111): Resource "https://petstore.octoperf.com/images/sm_dogs.gif" is in the cache already and will not be downloaded again  	[MsgId: MMSG-26655]
Registration.c(111): Resource "https://petstore.octoperf.com/images/sm_reptiles.gif" is in the cache already and will not be downloaded again  	[MsgId: MMSG-26655]
Registration.c(111): Resource "https://petstore.octoperf.com/images/sm_cats.gif" is in the cache already and will not be downloaded again  	[MsgId: MMSG-26655]
Registration.c(111): Resource "https://petstore.octoperf.com/images/sm_birds.gif" is in the cache already and will not be downloaded again  	[MsgId: MMSG-26655]
Registration.c(111): Resource "https://petstore.octoperf.com/images/fish_icon.gif" is in the cache already and will not be downloaded again  	[MsgId: MMSG-26655]
Registration.c(111): Resource "https://petstore.octoperf.com/images/dogs_icon.gif" is in the cache already and will not be downloaded again  	[MsgId: MMSG-26655]
Registration.c(111): Resource "https://petstore.octoperf.com/images/cats_icon.gif" is in the cache already and will not be downloaded again  	[MsgId: MMSG-26655]
Registration.c(111): Resource "https://petstore.octoperf.com/images/reptiles_icon.gif" is in the cache already and will not be downloaded again  	[MsgId: MMSG-26655]
Registration.c(111): Resource "https://petstore.octoperf.com/images/birds_icon.gif" is in the cache already and will not be downloaded again  	[MsgId: MMSG-26655]
Registration.c(111): Resource "https://petstore.octoperf.com/images/splash.gif" is in the cache already and will not be downloaded again  	[MsgId: MMSG-26655]
Registration.c(111): Registered web_reg_find successful for "Text=Elevate you load-testing" (count=1)  	[MsgId: MMSG-26364]
Registration.c(111): web_submit_form("Account.action") was successful, 4736 body bytes, 443 header bytes  	[MsgId: MMSG-26386]
Registration.c(133): Notify: Transaction "PetStore_SubmitRegistration_T04" ended with a "Pass" status (Duration: 0.3809 Wasted Time: 0.0000).	[MsgId: MMSG-16871]
Registration.c(135): lr_think_time: 2.63 seconds (recorded think time was 5.00 seconds).	[MsgId: MMSG-15947]
Registration.c(137): Notify: Transaction "PetStore_SignOut_T05" started.	[MsgId: MMSG-16999]
Registration.c(139): web_reg_find started  	[MsgId: MMSG-26355]
Registration.c(139): Registering web_reg_find was successful  	[MsgId: MMSG-26390]
Registration.c(142): web_url("Account.action_2") started  	[MsgId: MMSG-26355]
Registration.c(142): Redirecting "https://petstore.octoperf.com/actions/Account.action?signoff=" (redirection depth is 0)  	[MsgId: MMSG-26694]
Registration.c(142): To location "https://petstore.octoperf.com/actions/Catalog.action"  	[MsgId: MMSG-26693]
Registration.c(142): Resource "https://petstore.octoperf.com/css/jpetstore.css" is in the cache already and will not be downloaded again  	[MsgId: MMSG-26655]
Registration.c(142): Resource "https://petstore.octoperf.com/images/logo-topbar.svg" is in the cache already and will not be downloaded again  	[MsgId: MMSG-26655]
Registration.c(142): Resource "https://petstore.octoperf.com/images/cart.gif" is in the cache already and will not be downloaded again  	[MsgId: MMSG-26655]
Registration.c(142): Resource "https://petstore.octoperf.com/images/separator.gif" is in the cache already and will not be downloaded again  	[MsgId: MMSG-26655]
Registration.c(142): Resource "https://petstore.octoperf.com/images/sm_fish.gif" is in the cache already and will not be downloaded again  	[MsgId: MMSG-26655]
Registration.c(142): Resource "https://petstore.octoperf.com/images/sm_dogs.gif" is in the cache already and will not be downloaded again  	[MsgId: MMSG-26655]
Registration.c(142): Resource "https://petstore.octoperf.com/images/sm_reptiles.gif" is in the cache already and will not be downloaded again  	[MsgId: MMSG-26655]
Registration.c(142): Resource "https://petstore.octoperf.com/images/sm_cats.gif" is in the cache already and will not be downloaded again  	[MsgId: MMSG-26655]
Registration.c(142): Resource "https://petstore.octoperf.com/images/sm_birds.gif" is in the cache already and will not be downloaded again  	[MsgId: MMSG-26655]
Registration.c(142): Resource "https://petstore.octoperf.com/images/fish_icon.gif" is in the cache already and will not be downloaded again  	[MsgId: MMSG-26655]
Registration.c(142): Resource "https://petstore.octoperf.com/images/dogs_icon.gif" is in the cache already and will not be downloaded again  	[MsgId: MMSG-26655]
Registration.c(142): Resource "https://petstore.octoperf.com/images/cats_icon.gif" is in the cache already and will not be downloaded again  	[MsgId: MMSG-26655]
Registration.c(142): Resource "https://petstore.octoperf.com/images/reptiles_icon.gif" is in the cache already and will not be downloaded again  	[MsgId: MMSG-26655]
Registration.c(142): Resource "https://petstore.octoperf.com/images/birds_icon.gif" is in the cache already and will not be downloaded again  	[MsgId: MMSG-26655]
Registration.c(142): Resource "https://petstore.octoperf.com/images/splash.gif" is in the cache already and will not be downloaded again  	[MsgId: MMSG-26655]
Registration.c(142): Registered web_reg_find successful for "Text=Sign In" (count=1)  	[MsgId: MMSG-26364]
Registration.c(142): web_url("Account.action_2") was successful, 4736 body bytes, 518 header bytes  	[MsgId: MMSG-26386]
Registration.c(151): Notify: Transaction "PetStore_SignOut_T05" ended with a "Pass" status (Duration: 0.2536 Wasted Time: 0.0000).	[MsgId: MMSG-16871]
Login.c(4): Notify: Transaction "PetStore_ClickOnSignIn_T01" started.	[MsgId: MMSG-16999]
Login.c(6): web_reg_find started  	[MsgId: MMSG-26355]
Login.c(6): Registering web_reg_find was successful  	[MsgId: MMSG-26390]
Login.c(9): web_link("Sign In") started  	[MsgId: MMSG-26355]
Login.c(9): Linking to "https://petstore.octoperf.com/actions/Account.action?signonForm=", Target Frame=""  	[MsgId: MMSG-27994]
Login.c(9): Resource "https://petstore.octoperf.com/css/jpetstore.css" is in the cache already and will not be downloaded again  	[MsgId: MMSG-26655]
Login.c(9): Resource "https://petstore.octoperf.com/images/logo-topbar.svg" is in the cache already and will not be downloaded again  	[MsgId: MMSG-26655]
Login.c(9): Resource "https://petstore.octoperf.com/images/cart.gif" is in the cache already and will not be downloaded again  	[MsgId: MMSG-26655]
Login.c(9): Resource "https://petstore.octoperf.com/images/separator.gif" is in the cache already and will not be downloaded again  	[MsgId: MMSG-26655]
Login.c(9): Resource "https://petstore.octoperf.com/images/sm_fish.gif" is in the cache already and will not be downloaded again  	[MsgId: MMSG-26655]
Login.c(9): Resource "https://petstore.octoperf.com/images/sm_dogs.gif" is in the cache already and will not be downloaded again  	[MsgId: MMSG-26655]
Login.c(9): Resource "https://petstore.octoperf.com/images/sm_reptiles.gif" is in the cache already and will not be downloaded again  	[MsgId: MMSG-26655]
Login.c(9): Resource "https://petstore.octoperf.com/images/sm_cats.gif" is in the cache already and will not be downloaded again  	[MsgId: MMSG-26655]
Login.c(9): Resource "https://petstore.octoperf.com/images/sm_birds.gif" is in the cache already and will not be downloaded again  	[MsgId: MMSG-26655]
Login.c(9): Registered web_reg_find successful for "Text=Please enter your username and password" (count=1)  	[MsgId: MMSG-26364]
Login.c(9): web_link("Sign In") was successful, 3860 body bytes, 225 header bytes  	[MsgId: MMSG-26386]
Login.c(13): Notify: Transaction "PetStore_ClickOnSignIn_T01" ended with a "Pass" status (Duration: 0.1272 Wasted Time: 0.0000).	[MsgId: MMSG-16871]
Login.c(15): lr_think_time: 4.21 seconds (recorded think time was 5.00 seconds).	[MsgId: MMSG-15947]
Registration.c(29): Notify: Transaction "PetStore_ClickOnSignIn_T02" started.	[MsgId: MMSG-16999]
Registration.c(31): web_reg_find started  	[MsgId: MMSG-26355]
Registration.c(31): Registering web_reg_find was successful  	[MsgId: MMSG-26390]
Registration.c(34): web_link("Sign In") started  	[MsgId: MMSG-26355]
Registration.c(34): Linking to "https://petstore.octoperf.com/actions/Account.action;jsessionid=76017054D298CFF742E443694184889E?signonForm=", Target Frame=""  	[MsgId: MMSG-27994]
Registration.c(34): Resource "https://petstore.octoperf.com/css/jpetstore.css" is in the cache already and will not be downloaded again  	[MsgId: MMSG-26655]
Registration.c(34): Resource "https://petstore.octoperf.com/images/logo-topbar.svg" is in the cache already and will not be downloaded again  	[MsgId: MMSG-26655]
Registration.c(34): Resource "https://petstore.octoperf.com/images/cart.gif" is in the cache already and will not be downloaded again  	[MsgId: MMSG-26655]
Registration.c(34): Resource "https://petstore.octoperf.com/images/separator.gif" is in the cache already and will not be downloaded again  	[MsgId: MMSG-26655]
Registration.c(34): Resource "https://petstore.octoperf.com/images/sm_fish.gif" is in the cache already and will not be downloaded again  	[MsgId: MMSG-26655]
Registration.c(34): Resource "https://petstore.octoperf.com/images/sm_dogs.gif" is in the cache already and will not be downloaded again  	[MsgId: MMSG-26655]
Registration.c(34): Resource "https://petstore.octoperf.com/images/sm_reptiles.gif" is in the cache already and will not be downloaded again  	[MsgId: MMSG-26655]
Registration.c(34): Resource "https://petstore.octoperf.com/images/sm_cats.gif" is in the cache already and will not be downloaded again  	[MsgId: MMSG-26655]
Registration.c(34): Resource "https://petstore.octoperf.com/images/sm_birds.gif" is in the cache already and will not be downloaded again  	[MsgId: MMSG-26655]
Registration.c(34): Registered web_reg_find successful for "Text=Please enter your username and password" (count=1)  	[MsgId: MMSG-26364]
Registration.c(34): web_link("Sign In") was successful, 3858 body bytes, 225 header bytes  	[MsgId: MMSG-26386]
Registration.c(39): Notify: Transaction "PetStore_ClickOnSignIn_T02" ended with a "Pass" status (Duration: 0.1249 Wasted Time: 0.0000).	[MsgId: MMSG-16871]
Registration.c(41): lr_think_time: 2.87 seconds (recorded think time was 5.00 seconds).	[MsgId: MMSG-15947]
Starting iteration 1.	[MsgId: MMSG-15968]
Warning -27077: The "vuser_init" section contains web function(s) when the "Simulate a new user on each iteration" Runtime Setting is ON.  This may produce unpredictable results with multiple iterations  	[MsgId: MWAR-27077]
Maximum number of concurrent connections per server: 6  	[MsgId: MMSG-26989]
Starting action Login.	[MsgId: MMSG-15919]
Registration.c(13): Notify: Transaction "PetStore_EnterToPetStore_T01" started.	[MsgId: MMSG-16999]
Registration.c(14): web_reg_find started  	[MsgId: MMSG-26355]
Registration.c(14): Registering web_reg_find was successful  	[MsgId: MMSG-26390]
Registration.c(17): web_url("Catalog.action") started  	[MsgId: MMSG-26355]
Registration.c(17): Resource "https://petstore.octoperf.com/css/jpetstore.css" is in the cache already and will not be downloaded again  	[MsgId: MMSG-26655]
Registration.c(17): Found resource "https://petstore.octoperf.com/images/logo-topbar.svg" in HTML "https://petstore.octoperf.com/actions/Catalog.action"  	[MsgId: MMSG-26659]
Registration.c(17): Found resource "https://petstore.octoperf.com/images/cart.gif" in HTML "https://petstore.octoperf.com/actions/Catalog.action"  	[MsgId: MMSG-26659]
Registration.c(17): Found resource "https://petstore.octoperf.com/images/separator.gif" in HTML "https://petstore.octoperf.com/actions/Catalog.action"  	[MsgId: MMSG-26659]
Registration.c(17): Found resource "https://petstore.octoperf.com/images/sm_fish.gif" in HTML "https://petstore.octoperf.com/actions/Catalog.action"  	[MsgId: MMSG-26659]
Registration.c(17): Found resource "https://petstore.octoperf.com/images/sm_dogs.gif" in HTML "https://petstore.octoperf.com/actions/Catalog.action"  	[MsgId: MMSG-26659]
Registration.c(17): Found resource "https://petstore.octoperf.com/images/sm_reptiles.gif" in HTML "https://petstore.octoperf.com/actions/Catalog.action"  	[MsgId: MMSG-26659]
Registration.c(17): Found resource "https://petstore.octoperf.com/images/sm_cats.gif" in HTML "https://petstore.octoperf.com/actions/Catalog.action"  	[MsgId: MMSG-26659]
Registration.c(17): Found resource "https://petstore.octoperf.com/images/sm_birds.gif" in HTML "https://petstore.octoperf.com/actions/Catalog.action"  	[MsgId: MMSG-26659]
Registration.c(17): Found resource "https://petstore.octoperf.com/images/fish_icon.gif" in HTML "https://petstore.octoperf.com/actions/Catalog.action"  	[MsgId: MMSG-26659]
Registration.c(17): Found resource "https://petstore.octoperf.com/images/dogs_icon.gif" in HTML "https://petstore.octoperf.com/actions/Catalog.action"  	[MsgId: MMSG-26659]
Registration.c(17): Found resource "https://petstore.octoperf.com/images/cats_icon.gif" in HTML "https://petstore.octoperf.com/actions/Catalog.action"  	[MsgId: MMSG-26659]
Registration.c(17): Found resource "https://petstore.octoperf.com/images/reptiles_icon.gif" in HTML "https://petstore.octoperf.com/actions/Catalog.action"  	[MsgId: MMSG-26659]
Registration.c(17): Found resource "https://petstore.octoperf.com/images/birds_icon.gif" in HTML "https://petstore.octoperf.com/actions/Catalog.action"  	[MsgId: MMSG-26659]
Registration.c(17): Found resource "https://petstore.octoperf.com/images/splash.gif" in HTML "https://petstore.octoperf.com/actions/Catalog.action"  	[MsgId: MMSG-26659]
Registration.c(17): Registered web_reg_find successful for "Text=OctoPerf" (count=1)  	[MsgId: MMSG-26364]
Registration.c(17): web_url("Catalog.action") was successful, 63413 body bytes, 4260 header bytes  	[MsgId: MMSG-26386]
Registration.c(25): Notify: Transaction "PetStore_EnterToPetStore_T01" ended with a "Pass" status (Duration: 0.4987 Wasted Time: 0.0001).	[MsgId: MMSG-16871]
Registration.c(27): lr_think_time: 4.35 seconds (recorded think time was 5.00 seconds).	[MsgId: MMSG-15947]
Registration.c(137): Notify: Transaction "PetStore_SignOut_T05" started.	[MsgId: MMSG-16999]
Registration.c(139): web_reg_find started  	[MsgId: MMSG-26355]
Registration.c(139): Registering web_reg_find was successful  	[MsgId: MMSG-26390]
Registration.c(142): web_url("Account.action_2") started  	[MsgId: MMSG-26355]
Registration.c(142): Connection to petstore.octoperf.com:443 closed after being inactive for 62 seconds, exceeding the "HTTP Keep-Alive timeout" Runtime Setting (60 seconds). URL="[None]"  	[MsgId: MMSG-27647]
Registration.c(142): Redirecting "https://petstore.octoperf.com/actions/Account.action?signoff=" (redirection depth is 0)  	[MsgId: MMSG-26694]
Registration.c(142): To location "https://petstore.octoperf.com/actions/Catalog.action"  	[MsgId: MMSG-26693]
Registration.c(142): Resource "https://petstore.octoperf.com/css/jpetstore.css" is in the cache already and will not be downloaded again  	[MsgId: MMSG-26655]
Registration.c(142): Resource "https://petstore.octoperf.com/images/logo-topbar.svg" is in the cache already and will not be downloaded again  	[MsgId: MMSG-26655]
Registration.c(142): Resource "https://petstore.octoperf.com/images/cart.gif" is in the cache already and will not be downloaded again  	[MsgId: MMSG-26655]
Registration.c(142): Resource "https://petstore.octoperf.com/images/separator.gif" is in the cache already and will not be downloaded again  	[MsgId: MMSG-26655]
Registration.c(142): Resource "https://petstore.octoperf.com/images/sm_fish.gif" is in the cache already and will not be downloaded again  	[MsgId: MMSG-26655]
Registration.c(142): Resource "https://petstore.octoperf.com/images/sm_dogs.gif" is in the cache already and will not be downloaded again  	[MsgId: MMSG-26655]
Registration.c(142): Resource "https://petstore.octoperf.com/images/sm_reptiles.gif" is in the cache already and will not be downloaded again  	[MsgId: MMSG-26655]
Registration.c(142): Resource "https://petstore.octoperf.com/images/sm_cats.gif" is in the cache already and will not be downloaded again  	[MsgId: MMSG-26655]
Registration.c(142): Resource "https://petstore.octoperf.com/images/sm_birds.gif" is in the cache already and will not be downloaded again  	[MsgId: MMSG-26655]
Registration.c(142): Resource "https://petstore.octoperf.com/images/fish_icon.gif" is in the cache already and will not be downloaded again  	[MsgId: MMSG-26655]
Registration.c(142): Resource "https://petstore.octoperf.com/images/dogs_icon.gif" is in the cache already and will not be downloaded again  	[MsgId: MMSG-26655]
Registration.c(142): Resource "https://petstore.octoperf.com/images/cats_icon.gif" is in the cache already and will not be downloaded again  	[MsgId: MMSG-26655]
Registration.c(142): Resource "https://petstore.octoperf.com/images/reptiles_icon.gif" is in the cache already and will not be downloaded again  	[MsgId: MMSG-26655]
Registration.c(142): Resource "https://petstore.octoperf.com/images/birds_icon.gif" is in the cache already and will not be downloaded again  	[MsgId: MMSG-26655]
Registration.c(142): Resource "https://petstore.octoperf.com/images/splash.gif" is in the cache already and will not be downloaded again  	[MsgId: MMSG-26655]
Registration.c(142): Registered web_reg_find successful for "Text=Sign In" (count=1)  	[MsgId: MMSG-26364]
Registration.c(142): web_url("Account.action_2") was successful, 4736 body bytes, 518 header bytes  	[MsgId: MMSG-26386]
Registration.c(151): Notify: Transaction "PetStore_SignOut_T05" ended with a "Pass" status (Duration: 0.8001 Wasted Time: 0.0000).	[MsgId: MMSG-16871]
Login.c(4): Notify: Transaction "PetStore_ClickOnSignIn_T01" started.	[MsgId: MMSG-16999]
Login.c(6): web_reg_find started  	[MsgId: MMSG-26355]
Login.c(6): Registering web_reg_find was successful  	[MsgId: MMSG-26390]
Login.c(9): web_link("Sign In") started  	[MsgId: MMSG-26355]
Login.c(9): Linking to "https://petstore.octoperf.com/actions/Account.action?signonForm=", Target Frame=""  	[MsgId: MMSG-27994]
AddToCard.c(40): Notify: Transaction "PetStore_SelectProductId_T02" started.	[MsgId: MMSG-16999]
AddToCard.c(43): Notify: Parameter Substitution: parameter "productId_count" =  "2"	[MsgId: MMSG-13992]
AddToCard.c(44): Notify: Parameter Substitution: parameter "productId_1" =  "FL-DSH-01"	[MsgId: MMSG-13992]
AddToCard.c(46): Notify: Saving Parameter "RandproductId = FL-DSH-01".	[MsgId: MMSG-13798]
AddToCard.c(47): Notify: Parameter Substitution: parameter "RandproductId" =  "FL-DSH-01"	[MsgId: MMSG-13992]
AddToCard.c(47): Random category selected in Action2 = FL-DSH-01	[MsgId: MMSG-17999]
AddToCard.c(49): web_reg_find started  	[MsgId: MMSG-26355]
AddToCard.c(49): Notify: Parameter Substitution: parameter "RandproductId" =  "FL-DSH-01"	[MsgId: MMSG-13992]
AddToCard.c(49): Registering web_reg_find was successful  	[MsgId: MMSG-26390]
AddToCard.c(51): web_reg_save_param_regexp started  	[MsgId: MMSG-26355]
AddToCard.c(51): Registering web_reg_save_param_regexp was successful  	[MsgId: MMSG-26390]
AddToCard.c(58): web_link("{RandproductId}") started  	[MsgId: MMSG-26355]
AddToCard.c(58): Notify: Parameter Substitution: parameter "RandproductId" =  "FL-DSH-01"	[MsgId: MMSG-13992]
AddToCard.c(58): Linking to "https://petstore.octoperf.com/actions/Catalog.action?viewProduct=&productId=FL-DSH-01", Target Frame=""  	[MsgId: MMSG-27994]
Login.c(9): Resource "https://petstore.octoperf.com/css/jpetstore.css" is in the cache already and will not be downloaded again  	[MsgId: MMSG-26655]
Login.c(9): Resource "https://petstore.octoperf.com/images/logo-topbar.svg" is in the cache already and will not be downloaded again  	[MsgId: MMSG-26655]
Login.c(9): Resource "https://petstore.octoperf.com/images/cart.gif" is in the cache already and will not be downloaded again  	[MsgId: MMSG-26655]
Login.c(9): Resource "https://petstore.octoperf.com/images/separator.gif" is in the cache already and will not be downloaded again  	[MsgId: MMSG-26655]
Login.c(9): Resource "https://petstore.octoperf.com/images/sm_fish.gif" is in the cache already and will not be downloaded again  	[MsgId: MMSG-26655]
Login.c(9): Resource "https://petstore.octoperf.com/images/sm_dogs.gif" is in the cache already and will not be downloaded again  	[MsgId: MMSG-26655]
Login.c(9): Resource "https://petstore.octoperf.com/images/sm_reptiles.gif" is in the cache already and will not be downloaded again  	[MsgId: MMSG-26655]
Login.c(9): Resource "https://petstore.octoperf.com/images/sm_cats.gif" is in the cache already and will not be downloaded again  	[MsgId: MMSG-26655]
Login.c(9): Resource "https://petstore.octoperf.com/images/sm_birds.gif" is in the cache already and will not be downloaded again  	[MsgId: MMSG-26655]
Login.c(9): Registered web_reg_find successful for "Text=Please enter your username and password" (count=1)  	[MsgId: MMSG-26364]
Login.c(9): web_link("Sign In") was successful, 3858 body bytes, 225 header bytes  	[MsgId: MMSG-26386]
Login.c(13): Notify: Transaction "PetStore_ClickOnSignIn_T01" ended with a "Pass" status (Duration: 0.1264 Wasted Time: 0.0000).	[MsgId: MMSG-16871]
Login.c(15): lr_think_time: 3.94 seconds (recorded think time was 5.00 seconds).	[MsgId: MMSG-15947]
AddToCard.c(58): Resource "https://petstore.octoperf.com/css/jpetstore.css" is in the cache already and will not be downloaded again  	[MsgId: MMSG-26655]
AddToCard.c(58): Resource "https://petstore.octoperf.com/images/logo-topbar.svg" is in the cache already and will not be downloaded again  	[MsgId: MMSG-26655]
AddToCard.c(58): Resource "https://petstore.octoperf.com/images/cart.gif" is in the cache already and will not be downloaded again  	[MsgId: MMSG-26655]
AddToCard.c(58): Resource "https://petstore.octoperf.com/images/separator.gif" is in the cache already and will not be downloaded again  	[MsgId: MMSG-26655]
AddToCard.c(58): Resource "https://petstore.octoperf.com/images/sm_fish.gif" is in the cache already and will not be downloaded again  	[MsgId: MMSG-26655]
AddToCard.c(58): Resource "https://petstore.octoperf.com/images/sm_dogs.gif" is in the cache already and will not be downloaded again  	[MsgId: MMSG-26655]
AddToCard.c(58): Resource "https://petstore.octoperf.com/images/sm_reptiles.gif" is in the cache already and will not be downloaded again  	[MsgId: MMSG-26655]
AddToCard.c(58): Resource "https://petstore.octoperf.com/images/sm_cats.gif" is in the cache already and will not be downloaded again  	[MsgId: MMSG-26655]
AddToCard.c(58): Resource "https://petstore.octoperf.com/images/sm_birds.gif" is in the cache already and will not be downloaded again  	[MsgId: MMSG-26655]
AddToCard.c(58): Resource "https://petstore.octoperf.com/images/banner_fish.gif" is in the cache already and will not be downloaded again  	[MsgId: MMSG-26655]
AddToCard.c(58): Notify: Saving Parameter "itemId_1 = EST-14".	[MsgId: MMSG-13798]
AddToCard.c(58): Notify: Saving Parameter "itemId_2 = EST-15".	[MsgId: MMSG-13798]
AddToCard.c(58): Notify: Saving Parameter "itemId_count = 2".	[MsgId: MMSG-13798]
AddToCard.c(58): Registered web_reg_find successful for "Text=FL-DSH-01" (count=2)  	[MsgId: MMSG-26364]
AddToCard.c(58): web_link("{RandproductId}") was successful, 4063 body bytes, 225 header bytes  	[MsgId: MMSG-26386]
AddToCard.c(63): Notify: Transaction "PetStore_SelectProductId_T02" ended with a "Pass" status (Duration: 0.1302 Wasted Time: 0.0004).	[MsgId: MMSG-16871]
AddToCard.c(65): lr_think_time: 2.96 seconds (recorded think time was 5.00 seconds).	[MsgId: MMSG-15947]
Registration.c(43): Notify: Transaction "PetStore_ClickOnRegistration_T03" started.	[MsgId: MMSG-16999]
Registration.c(45): web_reg_find started  	[MsgId: MMSG-26355]
Registration.c(45): Registering web_reg_find was successful  	[MsgId: MMSG-26390]
Registration.c(48): web_link("Register Now!") started  	[MsgId: MMSG-26355]
Registration.c(48): Linking to "https://petstore.octoperf.com/actions/Account.action?newAccountForm=", Target Frame=""  	[MsgId: MMSG-27994]
Registration.c(48): Resource "https://petstore.octoperf.com/css/jpetstore.css" is in the cache already and will not be downloaded again  	[MsgId: MMSG-26655]
Registration.c(48): Resource "https://petstore.octoperf.com/images/logo-topbar.svg" is in the cache already and will not be downloaded again  	[MsgId: MMSG-26655]
Registration.c(48): Resource "https://petstore.octoperf.com/images/cart.gif" is in the cache already and will not be downloaded again  	[MsgId: MMSG-26655]
Registration.c(48): Resource "https://petstore.octoperf.com/images/separator.gif" is in the cache already and will not be downloaded again  	[MsgId: MMSG-26655]
Registration.c(48): Resource "https://petstore.octoperf.com/images/sm_fish.gif" is in the cache already and will not be downloaded again  	[MsgId: MMSG-26655]
Registration.c(48): Resource "https://petstore.octoperf.com/images/sm_dogs.gif" is in the cache already and will not be downloaded again  	[MsgId: MMSG-26655]
Registration.c(48): Resource "https://petstore.octoperf.com/images/sm_reptiles.gif" is in the cache already and will not be downloaded again  	[MsgId: MMSG-26655]
Registration.c(48): Resource "https://petstore.octoperf.com/images/sm_cats.gif" is in the cache already and will not be downloaded again  	[MsgId: MMSG-26655]
Registration.c(48): Resource "https://petstore.octoperf.com/images/sm_birds.gif" is in the cache already and will not be downloaded again  	[MsgId: MMSG-26655]
Registration.c(48): Registered web_reg_find successful for "Text=User Information" (count=1)  	[MsgId: MMSG-26364]
Registration.c(48): web_link("Register Now!") was successful, 5819 body bytes, 225 header bytes  	[MsgId: MMSG-26386]
Registration.c(53): Notify: Transaction "PetStore_ClickOnRegistration_T03" ended with a "Pass" status (Duration: 0.1276 Wasted Time: 0.0000).	[MsgId: MMSG-16871]
Registration.c(55): lr_think_time: 2.89 seconds (recorded think time was 5.00 seconds).	[MsgId: MMSG-15947]
Login.c(17): Notify: Transaction "PetStore_Login_T01" started.	[MsgId: MMSG-16999]
Login.c(18): web_reg_find started  	[MsgId: MMSG-26355]
Login.c(18): Registering web_reg_find was successful  	[MsgId: MMSG-26390]
Login.c(20): web_reg_save_param_regexp started  	[MsgId: MMSG-26355]
Login.c(20): Registering web_reg_save_param_regexp was successful  	[MsgId: MMSG-26390]
Login.c(26): web_submit_form("Account.action") started  	[MsgId: MMSG-26355]
Login.c(26): Notify: Parameter Substitution: parameter "randomUsername" =  "JALE"	[MsgId: MMSG-13992]
Login.c(26): Notify: Parameter Substitution: parameter "randompass" =  "iftl"	[MsgId: MMSG-13992]
Login.c(26): Submitting form to "https://petstore.octoperf.com/actions/Account.action", Target Frame=""  	[MsgId: MMSG-27978]
Login.c(26): Redirecting "https://petstore.octoperf.com/actions/Account.action" (redirection depth is 0)  	[MsgId: MMSG-26694]
Login.c(26): To location "https://petstore.octoperf.com/actions/Catalog.action"  	[MsgId: MMSG-26693]
Login.c(26): Resource "https://petstore.octoperf.com/css/jpetstore.css" is in the cache already and will not be downloaded again  	[MsgId: MMSG-26655]
Login.c(26): Resource "https://petstore.octoperf.com/images/logo-topbar.svg" is in the cache already and will not be downloaded again  	[MsgId: MMSG-26655]
Login.c(26): Resource "https://petstore.octoperf.com/images/cart.gif" is in the cache already and will not be downloaded again  	[MsgId: MMSG-26655]
Login.c(26): Resource "https://petstore.octoperf.com/images/separator.gif" is in the cache already and will not be downloaded again  	[MsgId: MMSG-26655]
Login.c(26): Resource "https://petstore.octoperf.com/images/sm_fish.gif" is in the cache already and will not be downloaded again  	[MsgId: MMSG-26655]
Login.c(26): Resource "https://petstore.octoperf.com/images/sm_dogs.gif" is in the cache already and will not be downloaded again  	[MsgId: MMSG-26655]
Login.c(26): Resource "https://petstore.octoperf.com/images/sm_reptiles.gif" is in the cache already and will not be downloaded again  	[MsgId: MMSG-26655]
Login.c(26): Resource "https://petstore.octoperf.com/images/sm_cats.gif" is in the cache already and will not be downloaded again  	[MsgId: MMSG-26655]
Login.c(26): Resource "https://petstore.octoperf.com/images/sm_birds.gif" is in the cache already and will not be downloaded again  	[MsgId: MMSG-26655]
Login.c(26): Resource "https://petstore.octoperf.com/images/fish_icon.gif" is in the cache already and will not be downloaded again  	[MsgId: MMSG-26655]
Login.c(26): Resource "https://petstore.octoperf.com/images/dogs_icon.gif" is in the cache already and will not be downloaded again  	[MsgId: MMSG-26655]
Login.c(26): Resource "https://petstore.octoperf.com/images/cats_icon.gif" is in the cache already and will not be downloaded again  	[MsgId: MMSG-26655]
Login.c(26): Resource "https://petstore.octoperf.com/images/reptiles_icon.gif" is in the cache already and will not be downloaded again  	[MsgId: MMSG-26655]
Login.c(26): Resource "https://petstore.octoperf.com/images/birds_icon.gif" is in the cache already and will not be downloaded again  	[MsgId: MMSG-26655]
Login.c(26): Resource "https://petstore.octoperf.com/images/splash.gif" is in the cache already and will not be downloaded again  	[MsgId: MMSG-26655]
Login.c(26): Found resource "https://petstore.octoperf.com/images/banner_fish.gif" in HTML "https://petstore.octoperf.com/actions/Catalog.action"  	[MsgId: MMSG-26659]
Login.c(26): Notify: Saving Parameter "ProductName_1 = BIRDS".	[MsgId: MMSG-13798]
Login.c(26): Notify: Saving Parameter "ProductName_2 = FISH".	[MsgId: MMSG-13798]
Login.c(26): Notify: Saving Parameter "ProductName_3 = DOGS".	[MsgId: MMSG-13798]
Login.c(26): Notify: Saving Parameter "ProductName_4 = REPTILES".	[MsgId: MMSG-13798]
Login.c(26): Notify: Saving Parameter "ProductName_5 = CATS".	[MsgId: MMSG-13798]
Login.c(26): Notify: Saving Parameter "ProductName_6 = BIRDS".	[MsgId: MMSG-13798]
Login.c(26): Notify: Saving Parameter "ProductName_count = 6".	[MsgId: MMSG-13798]
Login.c(26): Registered web_reg_find successful for "Text=My Account" (count=1)  	[MsgId: MMSG-26364]
Login.c(26): web_submit_form("Account.action") was successful, 11416 body bytes, 727 header bytes  	[MsgId: MMSG-26386]
Login.c(34): Notify: Transaction "PetStore_Login_T01" ended with a "Pass" status (Duration: 0.5049 Wasted Time: 0.0008).	[MsgId: MMSG-16871]
Ending action Login.	[MsgId: MMSG-15918]
Starting action AddToCard.	[MsgId: MMSG-15919]
AddToCard.c(8): Notify: Transaction "PetStore_AddAproduct_T01" started.	[MsgId: MMSG-16999]
AddToCard.c(11): Notify: Parameter Substitution: parameter "ProductName_count" =  "6"	[MsgId: MMSG-13992]
AddToCard.c(12): Notify: Parameter Substitution: parameter "ProductName_1" =  "BIRDS"	[MsgId: MMSG-13992]
AddToCard.c(14): Notify: Saving Parameter "RandCategory = BIRDS".	[MsgId: MMSG-13798]
AddToCard.c(15): Notify: Parameter Substitution: parameter "RandCategory" =  "BIRDS"	[MsgId: MMSG-13992]
AddToCard.c(15): Random category selected in Action2 = BIRDS	[MsgId: MMSG-17999]
AddToCard.c(17): web_reg_find started  	[MsgId: MMSG-26355]
AddToCard.c(17): Notify: Parameter Substitution: parameter "RandCategory" =  "BIRDS"	[MsgId: MMSG-13992]
AddToCard.c(17): Registering web_reg_find was successful  	[MsgId: MMSG-26390]
AddToCard.c(20): web_reg_save_param_regexp started  	[MsgId: MMSG-26355]
AddToCard.c(20): Registering web_reg_save_param_regexp was successful  	[MsgId: MMSG-26390]
AddToCard.c(27): web_url("Catalog.action_2") started  	[MsgId: MMSG-26355]
AddToCard.c(27): Notify: Parameter Substitution: parameter "RandCategory" =  "BIRDS"	[MsgId: MMSG-13992]
AddToCard.c(27): Resource "https://petstore.octoperf.com/css/jpetstore.css" is in the cache already and will not be downloaded again  	[MsgId: MMSG-26655]
AddToCard.c(27): Resource "https://petstore.octoperf.com/images/logo-topbar.svg" is in the cache already and will not be downloaded again  	[MsgId: MMSG-26655]
AddToCard.c(27): Resource "https://petstore.octoperf.com/images/cart.gif" is in the cache already and will not be downloaded again  	[MsgId: MMSG-26655]
AddToCard.c(27): Resource "https://petstore.octoperf.com/images/separator.gif" is in the cache already and will not be downloaded again  	[MsgId: MMSG-26655]
AddToCard.c(27): Resource "https://petstore.octoperf.com/images/sm_fish.gif" is in the cache already and will not be downloaded again  	[MsgId: MMSG-26655]
AddToCard.c(27): Resource "https://petstore.octoperf.com/images/sm_dogs.gif" is in the cache already and will not be downloaded again  	[MsgId: MMSG-26655]
AddToCard.c(27): Resource "https://petstore.octoperf.com/images/sm_reptiles.gif" is in the cache already and will not be downloaded again  	[MsgId: MMSG-26655]
AddToCard.c(27): Resource "https://petstore.octoperf.com/images/sm_cats.gif" is in the cache already and will not be downloaded again  	[MsgId: MMSG-26655]
AddToCard.c(27): Resource "https://petstore.octoperf.com/images/sm_birds.gif" is in the cache already and will not be downloaded again  	[MsgId: MMSG-26655]
AddToCard.c(27): Resource "https://petstore.octoperf.com/images/banner_fish.gif" is in the cache already and will not be downloaded again  	[MsgId: MMSG-26655]
AddToCard.c(27): Notify: Saving Parameter "productId_1 = AV-CB-01".	[MsgId: MMSG-13798]
AddToCard.c(27): Notify: Saving Parameter "productId_2 = AV-SB-02".	[MsgId: MMSG-13798]
AddToCard.c(27): Notify: Saving Parameter "productId_count = 2".	[MsgId: MMSG-13798]
AddToCard.c(27): Registered web_reg_find successful for "Text=BIRDS" (count=1)  	[MsgId: MMSG-26364]
AddToCard.c(27): web_url("Catalog.action_2") was successful, 3625 body bytes, 225 header bytes  	[MsgId: MMSG-26386]
AddToCard.c(36): Notify: Transaction "PetStore_AddAproduct_T01" ended with a "Pass" status (Duration: 0.1279 Wasted Time: 0.0003).	[MsgId: MMSG-16871]
AddToCard.c(38): lr_think_time: 3.63 seconds (recorded think time was 5.00 seconds).	[MsgId: MMSG-15947]
Registration.c(29): Notify: Transaction "PetStore_ClickOnSignIn_T02" started.	[MsgId: MMSG-16999]
Registration.c(31): web_reg_find started  	[MsgId: MMSG-26355]
Registration.c(31): Registering web_reg_find was successful  	[MsgId: MMSG-26390]
Registration.c(34): web_link("Sign In") started  	[MsgId: MMSG-26355]
Registration.c(34): Linking to "https://petstore.octoperf.com/actions/Account.action;jsessionid=C3118AE26BFF51AC4B07E81BE295E79D?signonForm=", Target Frame=""  	[MsgId: MMSG-27994]
Registration.c(34): Resource "https://petstore.octoperf.com/css/jpetstore.css" is in the cache already and will not be downloaded again  	[MsgId: MMSG-26655]
Registration.c(34): Resource "https://petstore.octoperf.com/images/logo-topbar.svg" is in the cache already and will not be downloaded again  	[MsgId: MMSG-26655]
Registration.c(34): Resource "https://petstore.octoperf.com/images/cart.gif" is in the cache already and will not be downloaded again  	[MsgId: MMSG-26655]
Registration.c(34): Resource "https://petstore.octoperf.com/images/separator.gif" is in the cache already and will not be downloaded again  	[MsgId: MMSG-26655]
Registration.c(34): Resource "https://petstore.octoperf.com/images/sm_fish.gif" is in the cache already and will not be downloaded again  	[MsgId: MMSG-26655]
Registration.c(34): Resource "https://petstore.octoperf.com/images/sm_dogs.gif" is in the cache already and will not be downloaded again  	[MsgId: MMSG-26655]
Registration.c(34): Resource "https://petstore.octoperf.com/images/sm_reptiles.gif" is in the cache already and will not be downloaded again  	[MsgId: MMSG-26655]
Registration.c(34): Resource "https://petstore.octoperf.com/images/sm_cats.gif" is in the cache already and will not be downloaded again  	[MsgId: MMSG-26655]
Registration.c(34): Resource "https://petstore.octoperf.com/images/sm_birds.gif" is in the cache already and will not be downloaded again  	[MsgId: MMSG-26655]
Registration.c(34): Registered web_reg_find successful for "Text=Please enter your username and password" (count=1)  	[MsgId: MMSG-26364]
Registration.c(34): web_link("Sign In") was successful, 3858 body bytes, 225 header bytes  	[MsgId: MMSG-26386]
Registration.c(39): Notify: Transaction "PetStore_ClickOnSignIn_T02" ended with a "Pass" status (Duration: 0.1256 Wasted Time: 0.0000).	[MsgId: MMSG-16871]
Registration.c(41): lr_think_time: 3.78 seconds (recorded think time was 5.00 seconds).	[MsgId: MMSG-15947]
Starting iteration 1.	[MsgId: MMSG-15968]
Warning -27077: The "vuser_init" section contains web function(s) when the "Simulate a new user on each iteration" Runtime Setting is ON.  This may produce unpredictable results with multiple iterations  	[MsgId: MWAR-27077]
Maximum number of concurrent connections per server: 6  	[MsgId: MMSG-26989]
Starting action Login.	[MsgId: MMSG-15919]
Registration.c(13): Notify: Transaction "PetStore_EnterToPetStore_T01" started.	[MsgId: MMSG-16999]
Registration.c(14): web_reg_find started  	[MsgId: MMSG-26355]
Registration.c(14): Registering web_reg_find was successful  	[MsgId: MMSG-26390]
Registration.c(17): web_url("Catalog.action") started  	[MsgId: MMSG-26355]
Registration.c(17): Resource "https://petstore.octoperf.com/css/jpetstore.css" is in the cache already and will not be downloaded again  	[MsgId: MMSG-26655]
Registration.c(17): Found resource "https://petstore.octoperf.com/images/logo-topbar.svg" in HTML "https://petstore.octoperf.com/actions/Catalog.action"  	[MsgId: MMSG-26659]
Registration.c(17): Found resource "https://petstore.octoperf.com/images/cart.gif" in HTML "https://petstore.octoperf.com/actions/Catalog.action"  	[MsgId: MMSG-26659]
Registration.c(17): Found resource "https://petstore.octoperf.com/images/separator.gif" in HTML "https://petstore.octoperf.com/actions/Catalog.action"  	[MsgId: MMSG-26659]
Registration.c(17): Found resource "https://petstore.octoperf.com/images/sm_fish.gif" in HTML "https://petstore.octoperf.com/actions/Catalog.action"  	[MsgId: MMSG-26659]
Registration.c(17): Found resource "https://petstore.octoperf.com/images/sm_dogs.gif" in HTML "https://petstore.octoperf.com/actions/Catalog.action"  	[MsgId: MMSG-26659]
Registration.c(17): Found resource "https://petstore.octoperf.com/images/sm_reptiles.gif" in HTML "https://petstore.octoperf.com/actions/Catalog.action"  	[MsgId: MMSG-26659]
Registration.c(17): Found resource "https://petstore.octoperf.com/images/sm_cats.gif" in HTML "https://petstore.octoperf.com/actions/Catalog.action"  	[MsgId: MMSG-26659]
Registration.c(17): Found resource "https://petstore.octoperf.com/images/sm_birds.gif" in HTML "https://petstore.octoperf.com/actions/Catalog.action"  	[MsgId: MMSG-26659]
Registration.c(17): Found resource "https://petstore.octoperf.com/images/fish_icon.gif" in HTML "https://petstore.octoperf.com/actions/Catalog.action"  	[MsgId: MMSG-26659]
Registration.c(17): Found resource "https://petstore.octoperf.com/images/dogs_icon.gif" in HTML "https://petstore.octoperf.com/actions/Catalog.action"  	[MsgId: MMSG-26659]
Registration.c(17): Found resource "https://petstore.octoperf.com/images/cats_icon.gif" in HTML "https://petstore.octoperf.com/actions/Catalog.action"  	[MsgId: MMSG-26659]
Registration.c(17): Found resource "https://petstore.octoperf.com/images/reptiles_icon.gif" in HTML "https://petstore.octoperf.com/actions/Catalog.action"  	[MsgId: MMSG-26659]
Registration.c(17): Found resource "https://petstore.octoperf.com/images/birds_icon.gif" in HTML "https://petstore.octoperf.com/actions/Catalog.action"  	[MsgId: MMSG-26659]
Registration.c(17): Found resource "https://petstore.octoperf.com/images/splash.gif" in HTML "https://petstore.octoperf.com/actions/Catalog.action"  	[MsgId: MMSG-26659]
Registration.c(17): Registered web_reg_find successful for "Text=OctoPerf" (count=1)  	[MsgId: MMSG-26364]
Registration.c(17): web_url("Catalog.action") was successful, 63413 body bytes, 4260 header bytes  	[MsgId: MMSG-26386]
Registration.c(25): Notify: Transaction "PetStore_EnterToPetStore_T01" ended with a "Pass" status (Duration: 0.5076 Wasted Time: 0.0002).	[MsgId: MMSG-16871]
Registration.c(27): lr_think_time: 3.70 seconds (recorded think time was 5.00 seconds).	[MsgId: MMSG-15947]
AddToCard.c(67): Notify: Transaction "PetStore_SelectItemId_T03" started.	[MsgId: MMSG-16999]
AddToCard.c(71): Notify: Parameter Substitution: parameter "itemId_count" =  "2"	[MsgId: MMSG-13992]
AddToCard.c(72): Notify: Parameter Substitution: parameter "itemId_2" =  "EST-15"	[MsgId: MMSG-13992]
AddToCard.c(74): Notify: Saving Parameter "RanditemId = EST-15".	[MsgId: MMSG-13798]
AddToCard.c(75): Notify: Parameter Substitution: parameter "RanditemId" =  "EST-15"	[MsgId: MMSG-13992]
AddToCard.c(75): Random category selected in Action2 = EST-15	[MsgId: MMSG-17999]
AddToCard.c(77): web_reg_find started  	[MsgId: MMSG-26355]
AddToCard.c(77): Notify: Parameter Substitution: parameter "RanditemId" =  "EST-15"	[MsgId: MMSG-13992]
AddToCard.c(77): Registering web_reg_find was successful  	[MsgId: MMSG-26390]
AddToCard.c(79): web_link("{RanditemId}") started  	[MsgId: MMSG-26355]
AddToCard.c(79): Notify: Parameter Substitution: parameter "RanditemId" =  "EST-15"	[MsgId: MMSG-13992]
AddToCard.c(79): Linking to "https://petstore.octoperf.com/actions/Catalog.action?viewItem=&itemId=EST-15", Target Frame=""  	[MsgId: MMSG-27994]
AddToCard.c(79): Resource "https://petstore.octoperf.com/css/jpetstore.css" is in the cache already and will not be downloaded again  	[MsgId: MMSG-26655]
AddToCard.c(79): Resource "https://petstore.octoperf.com/images/logo-topbar.svg" is in the cache already and will not be downloaded again  	[MsgId: MMSG-26655]
AddToCard.c(79): Resource "https://petstore.octoperf.com/images/cart.gif" is in the cache already and will not be downloaded again  	[MsgId: MMSG-26655]
AddToCard.c(79): Resource "https://petstore.octoperf.com/images/separator.gif" is in the cache already and will not be downloaded again  	[MsgId: MMSG-26655]
AddToCard.c(79): Resource "https://petstore.octoperf.com/images/sm_fish.gif" is in the cache already and will not be downloaded again  	[MsgId: MMSG-26655]
AddToCard.c(79): Resource "https://petstore.octoperf.com/images/sm_dogs.gif" is in the cache already and will not be downloaded again  	[MsgId: MMSG-26655]
AddToCard.c(79): Resource "https://petstore.octoperf.com/images/sm_reptiles.gif" is in the cache already and will not be downloaded again  	[MsgId: MMSG-26655]
AddToCard.c(79): Resource "https://petstore.octoperf.com/images/sm_cats.gif" is in the cache already and will not be downloaded again  	[MsgId: MMSG-26655]
AddToCard.c(79): Resource "https://petstore.octoperf.com/images/sm_birds.gif" is in the cache already and will not be downloaded again  	[MsgId: MMSG-26655]
AddToCard.c(79): Found resource "https://petstore.octoperf.com/images/cat2.gif" in HTML "https://petstore.octoperf.com/actions/Catalog.action?viewItem=&itemId=EST-15"  	[MsgId: MMSG-26659]
AddToCard.c(79): Resource "https://petstore.octoperf.com/images/banner_fish.gif" is in the cache already and will not be downloaded again  	[MsgId: MMSG-26655]
Registration.c(57): Notify: Transaction "PetStore_SubmitRegistration_T04" started.	[MsgId: MMSG-16999]
Registration.c(59): web_reg_find started  	[MsgId: MMSG-26355]
Registration.c(59): Registering web_reg_find was successful  	[MsgId: MMSG-26390]
Registration.c(66): Notify: Saving Parameter "randomUsername = TENB".	[MsgId: MMSG-13798]
Registration.c(72): Notify: Saving Parameter "randompass = yfgh".	[MsgId: MMSG-13798]
Registration.c(86): Notify: Saving Parameter "randomFirstName = ggogf".	[MsgId: MMSG-13798]
Registration.c(87): Notify: Saving Parameter "randomLastName = dmzxq".	[MsgId: MMSG-13798]
Registration.c(99): Notify: Saving Parameter "RandomPhone = 9951074996".	[MsgId: MMSG-13798]
Registration.c(108): Notify: Saving Parameter "RandomZip = 986802".	[MsgId: MMSG-13798]
Registration.c(111): web_submit_form("Account.action") started  	[MsgId: MMSG-26355]
Registration.c(111): Notify: Parameter Substitution: parameter "randomUsername" =  "TENB"	[MsgId: MMSG-13992]
Registration.c(111): Notify: Parameter Substitution: parameter "randompass" =  "yfgh"	[MsgId: MMSG-13992]
Registration.c(111): Notify: Parameter Substitution: parameter "randompass" =  "yfgh"	[MsgId: MMSG-13992]
Registration.c(111): Notify: Parameter Substitution: parameter "randomFirstName" =  "ggogf"	[MsgId: MMSG-13992]
Registration.c(111): Notify: Parameter Substitution: parameter "randomLastName" =  "dmzxq"	[MsgId: MMSG-13992]
Registration.c(111): Notify: Parameter Substitution: parameter "randomFirstName" =  "ggogf"	[MsgId: MMSG-13992]
Registration.c(111): Notify: Parameter Substitution: parameter "randomLastName" =  "dmzxq"	[MsgId: MMSG-13992]
Registration.c(111): Notify: Parameter Substitution: parameter "RandomPhone" =  "9951074996"	[MsgId: MMSG-13992]
Registration.c(111): Notify: Parameter Substitution: parameter "RandomZip" =  "986802"	[MsgId: MMSG-13992]
Registration.c(111): Submitting form to "https://petstore.octoperf.com/actions/Account.action", Target Frame=""  	[MsgId: MMSG-27978]
Registration.c(111): Connection to petstore.octoperf.com:443 closed after being inactive for 61 seconds, exceeding the "HTTP Keep-Alive timeout" Runtime Setting (60 seconds). URL="[None]"  	[MsgId: MMSG-27647]
AddToCard.c(79): Registered web_reg_find successful for "Text=EST-15" (count=2)  	[MsgId: MMSG-26364]
AddToCard.c(79): web_link("{RanditemId}") was successful, 16468 body bytes, 511 header bytes  	[MsgId: MMSG-26386]
AddToCard.c(84): Notify: Transaction "PetStore_SelectItemId_T03" ended with a "Pass" status (Duration: 0.5466 Wasted Time: 0.0000).	[MsgId: MMSG-16871]
AddToCard.c(86): lr_think_time: 2.53 seconds (recorded think time was 5.00 seconds).	[MsgId: MMSG-15947]
Registration.c(111): Redirecting "https://petstore.octoperf.com/actions/Account.action" (redirection depth is 0)  	[MsgId: MMSG-26694]
Registration.c(111): To location "https://petstore.octoperf.com/actions/Catalog.action"  	[MsgId: MMSG-26693]
Login.c(17): Notify: Transaction "PetStore_Login_T01" started.	[MsgId: MMSG-16999]
Login.c(18): web_reg_find started  	[MsgId: MMSG-26355]
Login.c(18): Registering web_reg_find was successful  	[MsgId: MMSG-26390]
Login.c(20): web_reg_save_param_regexp started  	[MsgId: MMSG-26355]
Login.c(20): Registering web_reg_save_param_regexp was successful  	[MsgId: MMSG-26390]
Login.c(26): web_submit_form("Account.action") started  	[MsgId: MMSG-26355]
Login.c(26): Notify: Parameter Substitution: parameter "randomUsername" =  "DUAS"	[MsgId: MMSG-13992]
Login.c(26): Notify: Parameter Substitution: parameter "randompass" =  "zbay"	[MsgId: MMSG-13992]
Login.c(26): Submitting form to "https://petstore.octoperf.com/actions/Account.action", Target Frame=""  	[MsgId: MMSG-27978]
Registration.c(111): Resource "https://petstore.octoperf.com/css/jpetstore.css" is in the cache already and will not be downloaded again  	[MsgId: MMSG-26655]
Registration.c(111): Resource "https://petstore.octoperf.com/images/logo-topbar.svg" is in the cache already and will not be downloaded again  	[MsgId: MMSG-26655]
Registration.c(111): Resource "https://petstore.octoperf.com/images/cart.gif" is in the cache already and will not be downloaded again  	[MsgId: MMSG-26655]
Registration.c(111): Resource "https://petstore.octoperf.com/images/separator.gif" is in the cache already and will not be downloaded again  	[MsgId: MMSG-26655]
Registration.c(111): Resource "https://petstore.octoperf.com/images/sm_fish.gif" is in the cache already and will not be downloaded again  	[MsgId: MMSG-26655]
Registration.c(111): Resource "https://petstore.octoperf.com/images/sm_dogs.gif" is in the cache already and will not be downloaded again  	[MsgId: MMSG-26655]
Registration.c(111): Resource "https://petstore.octoperf.com/images/sm_reptiles.gif" is in the cache already and will not be downloaded again  	[MsgId: MMSG-26655]
Registration.c(111): Resource "https://petstore.octoperf.com/images/sm_cats.gif" is in the cache already and will not be downloaded again  	[MsgId: MMSG-26655]
Registration.c(111): Resource "https://petstore.octoperf.com/images/sm_birds.gif" is in the cache already and will not be downloaded again  	[MsgId: MMSG-26655]
Registration.c(111): Resource "https://petstore.octoperf.com/images/fish_icon.gif" is in the cache already and will not be downloaded again  	[MsgId: MMSG-26655]
Registration.c(111): Resource "https://petstore.octoperf.com/images/dogs_icon.gif" is in the cache already and will not be downloaded again  	[MsgId: MMSG-26655]
Registration.c(111): Resource "https://petstore.octoperf.com/images/cats_icon.gif" is in the cache already and will not be downloaded again  	[MsgId: MMSG-26655]
Registration.c(111): Resource "https://petstore.octoperf.com/images/reptiles_icon.gif" is in the cache already and will not be downloaded again  	[MsgId: MMSG-26655]
Registration.c(111): Resource "https://petstore.octoperf.com/images/birds_icon.gif" is in the cache already and will not be downloaded again  	[MsgId: MMSG-26655]
Registration.c(111): Resource "https://petstore.octoperf.com/images/splash.gif" is in the cache already and will not be downloaded again  	[MsgId: MMSG-26655]
Registration.c(111): Registered web_reg_find successful for "Text=Elevate you load-testing" (count=1)  	[MsgId: MMSG-26364]
Registration.c(111): web_submit_form("Account.action") was successful, 4736 body bytes, 443 header bytes  	[MsgId: MMSG-26386]
Registration.c(133): Notify: Transaction "PetStore_SubmitRegistration_T04" ended with a "Pass" status (Duration: 0.8039 Wasted Time: 0.0000).	[MsgId: MMSG-16871]
Registration.c(135): lr_think_time: 4.77 seconds (recorded think time was 5.00 seconds).	[MsgId: MMSG-15947]
Login.c(26): Redirecting "https://petstore.octoperf.com/actions/Account.action" (redirection depth is 0)  	[MsgId: MMSG-26694]
Login.c(26): To location "https://petstore.octoperf.com/actions/Catalog.action"  	[MsgId: MMSG-26693]
Login.c(26): Resource "https://petstore.octoperf.com/css/jpetstore.css" is in the cache already and will not be downloaded again  	[MsgId: MMSG-26655]
Login.c(26): Resource "https://petstore.octoperf.com/images/logo-topbar.svg" is in the cache already and will not be downloaded again  	[MsgId: MMSG-26655]
Login.c(26): Resource "https://petstore.octoperf.com/images/cart.gif" is in the cache already and will not be downloaded again  	[MsgId: MMSG-26655]
Login.c(26): Resource "https://petstore.octoperf.com/images/separator.gif" is in the cache already and will not be downloaded again  	[MsgId: MMSG-26655]
Login.c(26): Resource "https://petstore.octoperf.com/images/sm_fish.gif" is in the cache already and will not be downloaded again  	[MsgId: MMSG-26655]
Login.c(26): Resource "https://petstore.octoperf.com/images/sm_dogs.gif" is in the cache already and will not be downloaded again  	[MsgId: MMSG-26655]
Login.c(26): Resource "https://petstore.octoperf.com/images/sm_reptiles.gif" is in the cache already and will not be downloaded again  	[MsgId: MMSG-26655]
Login.c(26): Resource "https://petstore.octoperf.com/images/sm_cats.gif" is in the cache already and will not be downloaded again  	[MsgId: MMSG-26655]
Login.c(26): Resource "https://petstore.octoperf.com/images/sm_birds.gif" is in the cache already and will not be downloaded again  	[MsgId: MMSG-26655]
Login.c(26): Resource "https://petstore.octoperf.com/images/fish_icon.gif" is in the cache already and will not be downloaded again  	[MsgId: MMSG-26655]
Login.c(26): Resource "https://petstore.octoperf.com/images/dogs_icon.gif" is in the cache already and will not be downloaded again  	[MsgId: MMSG-26655]
Login.c(26): Resource "https://petstore.octoperf.com/images/cats_icon.gif" is in the cache already and will not be downloaded again  	[MsgId: MMSG-26655]
Login.c(26): Resource "https://petstore.octoperf.com/images/reptiles_icon.gif" is in the cache already and will not be downloaded again  	[MsgId: MMSG-26655]
Login.c(26): Resource "https://petstore.octoperf.com/images/birds_icon.gif" is in the cache already and will not be downloaded again  	[MsgId: MMSG-26655]
Login.c(26): Resource "https://petstore.octoperf.com/images/splash.gif" is in the cache already and will not be downloaded again  	[MsgId: MMSG-26655]
Login.c(26): Found resource "https://petstore.octoperf.com/images/banner_fish.gif" in HTML "https://petstore.octoperf.com/actions/Catalog.action"  	[MsgId: MMSG-26659]
Login.c(26): Notify: Saving Parameter "ProductName_1 = BIRDS".	[MsgId: MMSG-13798]
Login.c(26): Notify: Saving Parameter "ProductName_2 = FISH".	[MsgId: MMSG-13798]
Login.c(26): Notify: Saving Parameter "ProductName_3 = DOGS".	[MsgId: MMSG-13798]
Login.c(26): Notify: Saving Parameter "ProductName_4 = REPTILES".	[MsgId: MMSG-13798]
Login.c(26): Notify: Saving Parameter "ProductName_5 = CATS".	[MsgId: MMSG-13798]
Login.c(26): Notify: Saving Parameter "ProductName_6 = BIRDS".	[MsgId: MMSG-13798]
Login.c(26): Notify: Saving Parameter "ProductName_count = 6".	[MsgId: MMSG-13798]
Login.c(26): Registered web_reg_find successful for "Text=My Account" (count=1)  	[MsgId: MMSG-26364]
Login.c(26): web_submit_form("Account.action") was successful, 11416 body bytes, 727 header bytes  	[MsgId: MMSG-26386]
Login.c(34): Notify: Transaction "PetStore_Login_T01" ended with a "Pass" status (Duration: 0.5012 Wasted Time: 0.0004).	[MsgId: MMSG-16871]
Ending action Login.	[MsgId: MMSG-15918]
Starting action AddToCard.	[MsgId: MMSG-15919]
AddToCard.c(8): Notify: Transaction "PetStore_AddAproduct_T01" started.	[MsgId: MMSG-16999]
AddToCard.c(11): Notify: Parameter Substitution: parameter "ProductName_count" =  "6"	[MsgId: MMSG-13992]
AddToCard.c(12): Notify: Parameter Substitution: parameter "ProductName_6" =  "BIRDS"	[MsgId: MMSG-13992]
AddToCard.c(14): Notify: Saving Parameter "RandCategory = BIRDS".	[MsgId: MMSG-13798]
AddToCard.c(15): Notify: Parameter Substitution: parameter "RandCategory" =  "BIRDS"	[MsgId: MMSG-13992]
AddToCard.c(15): Random category selected in Action2 = BIRDS	[MsgId: MMSG-17999]
AddToCard.c(17): web_reg_find started  	[MsgId: MMSG-26355]
AddToCard.c(17): Notify: Parameter Substitution: parameter "RandCategory" =  "BIRDS"	[MsgId: MMSG-13992]
AddToCard.c(17): Registering web_reg_find was successful  	[MsgId: MMSG-26390]
AddToCard.c(20): web_reg_save_param_regexp started  	[MsgId: MMSG-26355]
AddToCard.c(20): Registering web_reg_save_param_regexp was successful  	[MsgId: MMSG-26390]
AddToCard.c(27): web_url("Catalog.action_2") started  	[MsgId: MMSG-26355]
AddToCard.c(27): Notify: Parameter Substitution: parameter "RandCategory" =  "BIRDS"	[MsgId: MMSG-13992]
AddToCard.c(27): Resource "https://petstore.octoperf.com/css/jpetstore.css" is in the cache already and will not be downloaded again  	[MsgId: MMSG-26655]
AddToCard.c(27): Resource "https://petstore.octoperf.com/images/logo-topbar.svg" is in the cache already and will not be downloaded again  	[MsgId: MMSG-26655]
AddToCard.c(27): Resource "https://petstore.octoperf.com/images/cart.gif" is in the cache already and will not be downloaded again  	[MsgId: MMSG-26655]
AddToCard.c(27): Resource "https://petstore.octoperf.com/images/separator.gif" is in the cache already and will not be downloaded again  	[MsgId: MMSG-26655]
AddToCard.c(27): Resource "https://petstore.octoperf.com/images/sm_fish.gif" is in the cache already and will not be downloaded again  	[MsgId: MMSG-26655]
AddToCard.c(27): Resource "https://petstore.octoperf.com/images/sm_dogs.gif" is in the cache already and will not be downloaded again  	[MsgId: MMSG-26655]
AddToCard.c(27): Resource "https://petstore.octoperf.com/images/sm_reptiles.gif" is in the cache already and will not be downloaded again  	[MsgId: MMSG-26655]
AddToCard.c(27): Resource "https://petstore.octoperf.com/images/sm_cats.gif" is in the cache already and will not be downloaded again  	[MsgId: MMSG-26655]
AddToCard.c(27): Resource "https://petstore.octoperf.com/images/sm_birds.gif" is in the cache already and will not be downloaded again  	[MsgId: MMSG-26655]
AddToCard.c(27): Resource "https://petstore.octoperf.com/images/banner_fish.gif" is in the cache already and will not be downloaded again  	[MsgId: MMSG-26655]
AddToCard.c(27): Notify: Saving Parameter "productId_1 = AV-CB-01".	[MsgId: MMSG-13798]
AddToCard.c(27): Notify: Saving Parameter "productId_2 = AV-SB-02".	[MsgId: MMSG-13798]
AddToCard.c(27): Notify: Saving Parameter "productId_count = 2".	[MsgId: MMSG-13798]
AddToCard.c(27): Registered web_reg_find successful for "Text=BIRDS" (count=1)  	[MsgId: MMSG-26364]
AddToCard.c(27): web_url("Catalog.action_2") was successful, 3625 body bytes, 225 header bytes  	[MsgId: MMSG-26386]
AddToCard.c(36): Notify: Transaction "PetStore_AddAproduct_T01" ended with a "Pass" status (Duration: 0.1271 Wasted Time: 0.0002).	[MsgId: MMSG-16871]
AddToCard.c(38): lr_think_time: 3.15 seconds (recorded think time was 5.00 seconds).	[MsgId: MMSG-15947]
AddToCard.c(40): Notify: Transaction "PetStore_SelectProductId_T02" started.	[MsgId: MMSG-16999]
AddToCard.c(43): Notify: Parameter Substitution: parameter "productId_count" =  "2"	[MsgId: MMSG-13992]
AddToCard.c(44): Notify: Parameter Substitution: parameter "productId_2" =  "AV-SB-02"	[MsgId: MMSG-13992]
AddToCard.c(46): Notify: Saving Parameter "RandproductId = AV-SB-02".	[MsgId: MMSG-13798]
AddToCard.c(47): Notify: Parameter Substitution: parameter "RandproductId" =  "AV-SB-02"	[MsgId: MMSG-13992]
AddToCard.c(47): Random category selected in Action2 = AV-SB-02	[MsgId: MMSG-17999]
AddToCard.c(49): web_reg_find started  	[MsgId: MMSG-26355]
AddToCard.c(49): Notify: Parameter Substitution: parameter "RandproductId" =  "AV-SB-02"	[MsgId: MMSG-13992]
AddToCard.c(49): Registering web_reg_find was successful  	[MsgId: MMSG-26390]
AddToCard.c(51): web_reg_save_param_regexp started  	[MsgId: MMSG-26355]
AddToCard.c(51): Registering web_reg_save_param_regexp was successful  	[MsgId: MMSG-26390]
AddToCard.c(58): web_link("{RandproductId}") started  	[MsgId: MMSG-26355]
AddToCard.c(58): Notify: Parameter Substitution: parameter "RandproductId" =  "AV-SB-02"	[MsgId: MMSG-13992]
AddToCard.c(58): Linking to "https://petstore.octoperf.com/actions/Catalog.action?viewProduct=&productId=AV-SB-02", Target Frame=""  	[MsgId: MMSG-27994]
AddToCard.c(58): Resource "https://petstore.octoperf.com/css/jpetstore.css" is in the cache already and will not be downloaded again  	[MsgId: MMSG-26655]
AddToCard.c(58): Resource "https://petstore.octoperf.com/images/logo-topbar.svg" is in the cache already and will not be downloaded again  	[MsgId: MMSG-26655]
AddToCard.c(58): Resource "https://petstore.octoperf.com/images/cart.gif" is in the cache already and will not be downloaded again  	[MsgId: MMSG-26655]
AddToCard.c(58): Resource "https://petstore.octoperf.com/images/separator.gif" is in the cache already and will not be downloaded again  	[MsgId: MMSG-26655]
AddToCard.c(58): Resource "https://petstore.octoperf.com/images/sm_fish.gif" is in the cache already and will not be downloaded again  	[MsgId: MMSG-26655]
AddToCard.c(58): Resource "https://petstore.octoperf.com/images/sm_dogs.gif" is in the cache already and will not be downloaded again  	[MsgId: MMSG-26655]
AddToCard.c(58): Resource "https://petstore.octoperf.com/images/sm_reptiles.gif" is in the cache already and will not be downloaded again  	[MsgId: MMSG-26655]
AddToCard.c(58): Resource "https://petstore.octoperf.com/images/sm_cats.gif" is in the cache already and will not be downloaded again  	[MsgId: MMSG-26655]
AddToCard.c(58): Resource "https://petstore.octoperf.com/images/sm_birds.gif" is in the cache already and will not be downloaded again  	[MsgId: MMSG-26655]
AddToCard.c(58): Resource "https://petstore.octoperf.com/images/banner_fish.gif" is in the cache already and will not be downloaded again  	[MsgId: MMSG-26655]
AddToCard.c(58): Notify: Saving Parameter "itemId_1 = EST-19".	[MsgId: MMSG-13798]
AddToCard.c(58): Notify: Saving Parameter "itemId_count = 1".	[MsgId: MMSG-13798]
AddToCard.c(58): Registered web_reg_find successful for "Text=AV-SB-02" (count=1)  	[MsgId: MMSG-26364]
AddToCard.c(58): web_link("{RandproductId}") was successful, 3778 body bytes, 225 header bytes  	[MsgId: MMSG-26386]
AddToCard.c(63): Notify: Transaction "PetStore_SelectProductId_T02" ended with a "Pass" status (Duration: 0.1293 Wasted Time: 0.0002).	[MsgId: MMSG-16871]
AddToCard.c(65): lr_think_time: 4.43 seconds (recorded think time was 5.00 seconds).	[MsgId: MMSG-15947]
AddToCard.c(88): Notify: Transaction "PetStore_AddToCard_T04" started.	[MsgId: MMSG-16999]
AddToCard.c(90): web_reg_find started  	[MsgId: MMSG-26355]
AddToCard.c(90): Registering web_reg_find was successful  	[MsgId: MMSG-26390]
AddToCard.c(94): web_link("Add to Cart") started  	[MsgId: MMSG-26355]
AddToCard.c(94): Linking to "https://petstore.octoperf.com/actions/Cart.action?addItemToCart=&workingItemId=EST-15", Target Frame=""  	[MsgId: MMSG-27994]
Registration.c(43): Notify: Transaction "PetStore_ClickOnRegistration_T03" started.	[MsgId: MMSG-16999]
Registration.c(45): web_reg_find started  	[MsgId: MMSG-26355]
Registration.c(45): Registering web_reg_find was successful  	[MsgId: MMSG-26390]
Registration.c(48): web_link("Register Now!") started  	[MsgId: MMSG-26355]
Registration.c(48): Linking to "https://petstore.octoperf.com/actions/Account.action?newAccountForm=", Target Frame=""  	[MsgId: MMSG-27994]
AddToCard.c(94): Resource "https://petstore.octoperf.com/css/jpetstore.css" is in the cache already and will not be downloaded again  	[MsgId: MMSG-26655]
AddToCard.c(94): Resource "https://petstore.octoperf.com/images/logo-topbar.svg" is in the cache already and will not be downloaded again  	[MsgId: MMSG-26655]
AddToCard.c(94): Resource "https://petstore.octoperf.com/images/cart.gif" is in the cache already and will not be downloaded again  	[MsgId: MMSG-26655]
AddToCard.c(94): Resource "https://petstore.octoperf.com/images/separator.gif" is in the cache already and will not be downloaded again  	[MsgId: MMSG-26655]
AddToCard.c(94): Resource "https://petstore.octoperf.com/images/sm_fish.gif" is in the cache already and will not be downloaded again  	[MsgId: MMSG-26655]
AddToCard.c(94): Resource "https://petstore.octoperf.com/images/sm_dogs.gif" is in the cache already and will not be downloaded again  	[MsgId: MMSG-26655]
AddToCard.c(94): Resource "https://petstore.octoperf.com/images/sm_reptiles.gif" is in the cache already and will not be downloaded again  	[MsgId: MMSG-26655]
AddToCard.c(94): Resource "https://petstore.octoperf.com/images/sm_cats.gif" is in the cache already and will not be downloaded again  	[MsgId: MMSG-26655]
AddToCard.c(94): Resource "https://petstore.octoperf.com/images/sm_birds.gif" is in the cache already and will not be downloaded again  	[MsgId: MMSG-26655]
AddToCard.c(94): Resource "https://petstore.octoperf.com/images/banner_fish.gif" is in the cache already and will not be downloaded again  	[MsgId: MMSG-26655]
AddToCard.c(94): Registered web_reg_find successful for "Text=Shopping Cart" (count=1)  	[MsgId: MMSG-26364]
AddToCard.c(94): web_link("Add to Cart") was successful, 4631 body bytes, 225 header bytes  	[MsgId: MMSG-26386]
AddToCard.c(99): Notify: Transaction "PetStore_AddToCard_T04" ended with a "Pass" status (Duration: 0.1284 Wasted Time: 0.0000).	[MsgId: MMSG-16871]
Ending action AddToCard.	[MsgId: MMSG-15918]
Ending iteration 1.	[MsgId: MMSG-15965]
Waiting 5.2290 seconds for iteration pacing.	[MsgId: MMSG-15996]
Registration.c(48): Resource "https://petstore.octoperf.com/css/jpetstore.css" is in the cache already and will not be downloaded again  	[MsgId: MMSG-26655]
Registration.c(48): Resource "https://petstore.octoperf.com/images/logo-topbar.svg" is in the cache already and will not be downloaded again  	[MsgId: MMSG-26655]
Registration.c(48): Resource "https://petstore.octoperf.com/images/cart.gif" is in the cache already and will not be downloaded again  	[MsgId: MMSG-26655]
Registration.c(48): Resource "https://petstore.octoperf.com/images/separator.gif" is in the cache already and will not be downloaded again  	[MsgId: MMSG-26655]
Registration.c(48): Resource "https://petstore.octoperf.com/images/sm_fish.gif" is in the cache already and will not be downloaded again  	[MsgId: MMSG-26655]
Registration.c(48): Resource "https://petstore.octoperf.com/images/sm_dogs.gif" is in the cache already and will not be downloaded again  	[MsgId: MMSG-26655]
Registration.c(48): Resource "https://petstore.octoperf.com/images/sm_reptiles.gif" is in the cache already and will not be downloaded again  	[MsgId: MMSG-26655]
Registration.c(48): Resource "https://petstore.octoperf.com/images/sm_cats.gif" is in the cache already and will not be downloaded again  	[MsgId: MMSG-26655]
Registration.c(48): Resource "https://petstore.octoperf.com/images/sm_birds.gif" is in the cache already and will not be downloaded again  	[MsgId: MMSG-26655]
Registration.c(48): Registered web_reg_find successful for "Text=User Information" (count=1)  	[MsgId: MMSG-26364]
Registration.c(48): web_link("Register Now!") was successful, 5819 body bytes, 225 header bytes  	[MsgId: MMSG-26386]
Registration.c(53): Notify: Transaction "PetStore_ClickOnRegistration_T03" ended with a "Pass" status (Duration: 0.1284 Wasted Time: 0.0000).	[MsgId: MMSG-16871]
Registration.c(55): lr_think_time: 2.83 seconds (recorded think time was 5.00 seconds).	[MsgId: MMSG-15947]
Registration.c(29): Notify: Transaction "PetStore_ClickOnSignIn_T02" started.	[MsgId: MMSG-16999]
Registration.c(31): web_reg_find started  	[MsgId: MMSG-26355]
Registration.c(31): Registering web_reg_find was successful  	[MsgId: MMSG-26390]
Registration.c(34): web_link("Sign In") started  	[MsgId: MMSG-26355]
Registration.c(34): Linking to "https://petstore.octoperf.com/actions/Account.action;jsessionid=8C8E578AEA7085C8BAC775FC039D5A55?signonForm=", Target Frame=""  	[MsgId: MMSG-27994]
Registration.c(34): Resource "https://petstore.octoperf.com/css/jpetstore.css" is in the cache already and will not be downloaded again  	[MsgId: MMSG-26655]
Registration.c(34): Resource "https://petstore.octoperf.com/images/logo-topbar.svg" is in the cache already and will not be downloaded again  	[MsgId: MMSG-26655]
Registration.c(34): Resource "https://petstore.octoperf.com/images/cart.gif" is in the cache already and will not be downloaded again  	[MsgId: MMSG-26655]
Registration.c(34): Resource "https://petstore.octoperf.com/images/separator.gif" is in the cache already and will not be downloaded again  	[MsgId: MMSG-26655]
Registration.c(34): Resource "https://petstore.octoperf.com/images/sm_fish.gif" is in the cache already and will not be downloaded again  	[MsgId: MMSG-26655]
Registration.c(34): Resource "https://petstore.octoperf.com/images/sm_dogs.gif" is in the cache already and will not be downloaded again  	[MsgId: MMSG-26655]
Registration.c(34): Resource "https://petstore.octoperf.com/images/sm_reptiles.gif" is in the cache already and will not be downloaded again  	[MsgId: MMSG-26655]
Registration.c(34): Resource "https://petstore.octoperf.com/images/sm_cats.gif" is in the cache already and will not be downloaded again  	[MsgId: MMSG-26655]
Registration.c(34): Resource "https://petstore.octoperf.com/images/sm_birds.gif" is in the cache already and will not be downloaded again  	[MsgId: MMSG-26655]
Registration.c(34): Registered web_reg_find successful for "Text=Please enter your username and password" (count=1)  	[MsgId: MMSG-26364]
Registration.c(34): web_link("Sign In") was successful, 3856 body bytes, 225 header bytes  	[MsgId: MMSG-26386]
Registration.c(39): Notify: Transaction "PetStore_ClickOnSignIn_T02" ended with a "Pass" status (Duration: 0.1268 Wasted Time: 0.0000).	[MsgId: MMSG-16871]
Registration.c(41): lr_think_time: 2.67 seconds (recorded think time was 5.00 seconds).	[MsgId: MMSG-15947]
Starting iteration 1.	[MsgId: MMSG-15968]
Warning -27077: The "vuser_init" section contains web function(s) when the "Simulate a new user on each iteration" Runtime Setting is ON.  This may produce unpredictable results with multiple iterations  	[MsgId: MWAR-27077]
Maximum number of concurrent connections per server: 6  	[MsgId: MMSG-26989]
Starting action Login.	[MsgId: MMSG-15919]
Registration.c(13): Notify: Transaction "PetStore_EnterToPetStore_T01" started.	[MsgId: MMSG-16999]
Registration.c(14): web_reg_find started  	[MsgId: MMSG-26355]
Registration.c(14): Registering web_reg_find was successful  	[MsgId: MMSG-26390]
Registration.c(17): web_url("Catalog.action") started  	[MsgId: MMSG-26355]
AddToCard.c(40): Notify: Transaction "PetStore_SelectProductId_T02" started.	[MsgId: MMSG-16999]
AddToCard.c(43): Notify: Parameter Substitution: parameter "productId_count" =  "2"	[MsgId: MMSG-13992]
AddToCard.c(44): Notify: Parameter Substitution: parameter "productId_1" =  "AV-CB-01"	[MsgId: MMSG-13992]
AddToCard.c(46): Notify: Saving Parameter "RandproductId = AV-CB-01".	[MsgId: MMSG-13798]
AddToCard.c(47): Notify: Parameter Substitution: parameter "RandproductId" =  "AV-CB-01"	[MsgId: MMSG-13992]
AddToCard.c(47): Random category selected in Action2 = AV-CB-01	[MsgId: MMSG-17999]
AddToCard.c(49): web_reg_find started  	[MsgId: MMSG-26355]
AddToCard.c(49): Notify: Parameter Substitution: parameter "RandproductId" =  "AV-CB-01"	[MsgId: MMSG-13992]
AddToCard.c(49): Registering web_reg_find was successful  	[MsgId: MMSG-26390]
AddToCard.c(51): web_reg_save_param_regexp started  	[MsgId: MMSG-26355]
AddToCard.c(51): Registering web_reg_save_param_regexp was successful  	[MsgId: MMSG-26390]
AddToCard.c(58): web_link("{RandproductId}") started  	[MsgId: MMSG-26355]
AddToCard.c(58): Notify: Parameter Substitution: parameter "RandproductId" =  "AV-CB-01"	[MsgId: MMSG-13992]
AddToCard.c(58): Linking to "https://petstore.octoperf.com/actions/Catalog.action?viewProduct=&productId=AV-CB-01", Target Frame=""  	[MsgId: MMSG-27994]
Registration.c(17): Resource "https://petstore.octoperf.com/css/jpetstore.css" is in the cache already and will not be downloaded again  	[MsgId: MMSG-26655]
Registration.c(17): Found resource "https://petstore.octoperf.com/images/logo-topbar.svg" in HTML "https://petstore.octoperf.com/actions/Catalog.action"  	[MsgId: MMSG-26659]
Registration.c(17): Found resource "https://petstore.octoperf.com/images/cart.gif" in HTML "https://petstore.octoperf.com/actions/Catalog.action"  	[MsgId: MMSG-26659]
Registration.c(17): Found resource "https://petstore.octoperf.com/images/separator.gif" in HTML "https://petstore.octoperf.com/actions/Catalog.action"  	[MsgId: MMSG-26659]
Registration.c(17): Found resource "https://petstore.octoperf.com/images/sm_fish.gif" in HTML "https://petstore.octoperf.com/actions/Catalog.action"  	[MsgId: MMSG-26659]
Registration.c(17): Found resource "https://petstore.octoperf.com/images/sm_dogs.gif" in HTML "https://petstore.octoperf.com/actions/Catalog.action"  	[MsgId: MMSG-26659]
Registration.c(17): Found resource "https://petstore.octoperf.com/images/sm_reptiles.gif" in HTML "https://petstore.octoperf.com/actions/Catalog.action"  	[MsgId: MMSG-26659]
Registration.c(17): Found resource "https://petstore.octoperf.com/images/sm_cats.gif" in HTML "https://petstore.octoperf.com/actions/Catalog.action"  	[MsgId: MMSG-26659]
Registration.c(17): Found resource "https://petstore.octoperf.com/images/sm_birds.gif" in HTML "https://petstore.octoperf.com/actions/Catalog.action"  	[MsgId: MMSG-26659]
Registration.c(17): Found resource "https://petstore.octoperf.com/images/fish_icon.gif" in HTML "https://petstore.octoperf.com/actions/Catalog.action"  	[MsgId: MMSG-26659]
Registration.c(17): Found resource "https://petstore.octoperf.com/images/dogs_icon.gif" in HTML "https://petstore.octoperf.com/actions/Catalog.action"  	[MsgId: MMSG-26659]
Registration.c(17): Found resource "https://petstore.octoperf.com/images/cats_icon.gif" in HTML "https://petstore.octoperf.com/actions/Catalog.action"  	[MsgId: MMSG-26659]
Registration.c(17): Found resource "https://petstore.octoperf.com/images/reptiles_icon.gif" in HTML "https://petstore.octoperf.com/actions/Catalog.action"  	[MsgId: MMSG-26659]
Registration.c(17): Found resource "https://petstore.octoperf.com/images/birds_icon.gif" in HTML "https://petstore.octoperf.com/actions/Catalog.action"  	[MsgId: MMSG-26659]
Registration.c(17): Found resource "https://petstore.octoperf.com/images/splash.gif" in HTML "https://petstore.octoperf.com/actions/Catalog.action"  	[MsgId: MMSG-26659]
AddToCard.c(58): Resource "https://petstore.octoperf.com/css/jpetstore.css" is in the cache already and will not be downloaded again  	[MsgId: MMSG-26655]
AddToCard.c(58): Resource "https://petstore.octoperf.com/images/logo-topbar.svg" is in the cache already and will not be downloaded again  	[MsgId: MMSG-26655]
AddToCard.c(58): Resource "https://petstore.octoperf.com/images/cart.gif" is in the cache already and will not be downloaded again  	[MsgId: MMSG-26655]
AddToCard.c(58): Resource "https://petstore.octoperf.com/images/separator.gif" is in the cache already and will not be downloaded again  	[MsgId: MMSG-26655]
AddToCard.c(58): Resource "https://petstore.octoperf.com/images/sm_fish.gif" is in the cache already and will not be downloaded again  	[MsgId: MMSG-26655]
AddToCard.c(58): Resource "https://petstore.octoperf.com/images/sm_dogs.gif" is in the cache already and will not be downloaded again  	[MsgId: MMSG-26655]
AddToCard.c(58): Resource "https://petstore.octoperf.com/images/sm_reptiles.gif" is in the cache already and will not be downloaded again  	[MsgId: MMSG-26655]
AddToCard.c(58): Resource "https://petstore.octoperf.com/images/sm_cats.gif" is in the cache already and will not be downloaded again  	[MsgId: MMSG-26655]
AddToCard.c(58): Resource "https://petstore.octoperf.com/images/sm_birds.gif" is in the cache already and will not be downloaded again  	[MsgId: MMSG-26655]
AddToCard.c(58): Resource "https://petstore.octoperf.com/images/banner_fish.gif" is in the cache already and will not be downloaded again  	[MsgId: MMSG-26655]
AddToCard.c(58): Notify: Saving Parameter "itemId_1 = EST-18".	[MsgId: MMSG-13798]
AddToCard.c(58): Notify: Saving Parameter "itemId_count = 1".	[MsgId: MMSG-13798]
AddToCard.c(58): Registered web_reg_find successful for "Text=AV-CB-01" (count=1)  	[MsgId: MMSG-26364]
AddToCard.c(58): web_link("{RandproductId}") was successful, 3795 body bytes, 225 header bytes  	[MsgId: MMSG-26386]
AddToCard.c(63): Notify: Transaction "PetStore_SelectProductId_T02" ended with a "Pass" status (Duration: 0.1279 Wasted Time: 0.0003).	[MsgId: MMSG-16871]
AddToCard.c(65): lr_think_time: 3.12 seconds (recorded think time was 5.00 seconds).	[MsgId: MMSG-15947]
Registration.c(17): Registered web_reg_find successful for "Text=OctoPerf" (count=1)  	[MsgId: MMSG-26364]
Registration.c(17): web_url("Catalog.action") was successful, 63413 body bytes, 4260 header bytes  	[MsgId: MMSG-26386]
Registration.c(25): Notify: Transaction "PetStore_EnterToPetStore_T01" ended with a "Pass" status (Duration: 0.4987 Wasted Time: 0.0002).	[MsgId: MMSG-16871]
Registration.c(27): lr_think_time: 3.99 seconds (recorded think time was 5.00 seconds).	[MsgId: MMSG-15947]
Registration.c(137): Notify: Transaction "PetStore_SignOut_T05" started.	[MsgId: MMSG-16999]
Registration.c(139): web_reg_find started  	[MsgId: MMSG-26355]
Registration.c(139): Registering web_reg_find was successful  	[MsgId: MMSG-26390]
Registration.c(142): web_url("Account.action_2") started  	[MsgId: MMSG-26355]
Registration.c(142): Redirecting "https://petstore.octoperf.com/actions/Account.action?signoff=" (redirection depth is 0)  	[MsgId: MMSG-26694]
Registration.c(142): To location "https://petstore.octoperf.com/actions/Catalog.action"  	[MsgId: MMSG-26693]
Registration.c(142): Resource "https://petstore.octoperf.com/css/jpetstore.css" is in the cache already and will not be downloaded again  	[MsgId: MMSG-26655]
Registration.c(142): Resource "https://petstore.octoperf.com/images/logo-topbar.svg" is in the cache already and will not be downloaded again  	[MsgId: MMSG-26655]
Registration.c(142): Resource "https://petstore.octoperf.com/images/cart.gif" is in the cache already and will not be downloaded again  	[MsgId: MMSG-26655]
Registration.c(142): Resource "https://petstore.octoperf.com/images/separator.gif" is in the cache already and will not be downloaded again  	[MsgId: MMSG-26655]
Registration.c(142): Resource "https://petstore.octoperf.com/images/sm_fish.gif" is in the cache already and will not be downloaded again  	[MsgId: MMSG-26655]
Registration.c(142): Resource "https://petstore.octoperf.com/images/sm_dogs.gif" is in the cache already and will not be downloaded again  	[MsgId: MMSG-26655]
Registration.c(142): Resource "https://petstore.octoperf.com/images/sm_reptiles.gif" is in the cache already and will not be downloaded again  	[MsgId: MMSG-26655]
Registration.c(142): Resource "https://petstore.octoperf.com/images/sm_cats.gif" is in the cache already and will not be downloaded again  	[MsgId: MMSG-26655]
Registration.c(142): Resource "https://petstore.octoperf.com/images/sm_birds.gif" is in the cache already and will not be downloaded again  	[MsgId: MMSG-26655]
Registration.c(142): Resource "https://petstore.octoperf.com/images/fish_icon.gif" is in the cache already and will not be downloaded again  	[MsgId: MMSG-26655]
Registration.c(142): Resource "https://petstore.octoperf.com/images/dogs_icon.gif" is in the cache already and will not be downloaded again  	[MsgId: MMSG-26655]
Registration.c(142): Resource "https://petstore.octoperf.com/images/cats_icon.gif" is in the cache already and will not be downloaded again  	[MsgId: MMSG-26655]
Registration.c(142): Resource "https://petstore.octoperf.com/images/reptiles_icon.gif" is in the cache already and will not be downloaded again  	[MsgId: MMSG-26655]
Registration.c(142): Resource "https://petstore.octoperf.com/images/birds_icon.gif" is in the cache already and will not be downloaded again  	[MsgId: MMSG-26655]
Registration.c(142): Resource "https://petstore.octoperf.com/images/splash.gif" is in the cache already and will not be downloaded again  	[MsgId: MMSG-26655]
Registration.c(142): Registered web_reg_find successful for "Text=Sign In" (count=1)  	[MsgId: MMSG-26364]
Registration.c(142): web_url("Account.action_2") was successful, 4736 body bytes, 518 header bytes  	[MsgId: MMSG-26386]
Registration.c(151): Notify: Transaction "PetStore_SignOut_T05" ended with a "Pass" status (Duration: 0.2545 Wasted Time: 0.0000).	[MsgId: MMSG-16871]
Login.c(4): Notify: Transaction "PetStore_ClickOnSignIn_T01" started.	[MsgId: MMSG-16999]
Login.c(6): web_reg_find started  	[MsgId: MMSG-26355]
Login.c(6): Registering web_reg_find was successful  	[MsgId: MMSG-26390]
Login.c(9): web_link("Sign In") started  	[MsgId: MMSG-26355]
Login.c(9): Linking to "https://petstore.octoperf.com/actions/Account.action?signonForm=", Target Frame=""  	[MsgId: MMSG-27994]
Login.c(9): Resource "https://petstore.octoperf.com/css/jpetstore.css" is in the cache already and will not be downloaded again  	[MsgId: MMSG-26655]
Login.c(9): Resource "https://petstore.octoperf.com/images/logo-topbar.svg" is in the cache already and will not be downloaded again  	[MsgId: MMSG-26655]
Login.c(9): Resource "https://petstore.octoperf.com/images/cart.gif" is in the cache already and will not be downloaded again  	[MsgId: MMSG-26655]
Login.c(9): Resource "https://petstore.octoperf.com/images/separator.gif" is in the cache already and will not be downloaded again  	[MsgId: MMSG-26655]
Login.c(9): Resource "https://petstore.octoperf.com/images/sm_fish.gif" is in the cache already and will not be downloaded again  	[MsgId: MMSG-26655]
Login.c(9): Resource "https://petstore.octoperf.com/images/sm_dogs.gif" is in the cache already and will not be downloaded again  	[MsgId: MMSG-26655]
Login.c(9): Resource "https://petstore.octoperf.com/images/sm_reptiles.gif" is in the cache already and will not be downloaded again  	[MsgId: MMSG-26655]
Login.c(9): Resource "https://petstore.octoperf.com/images/sm_cats.gif" is in the cache already and will not be downloaded again  	[MsgId: MMSG-26655]
Login.c(9): Resource "https://petstore.octoperf.com/images/sm_birds.gif" is in the cache already and will not be downloaded again  	[MsgId: MMSG-26655]
Login.c(9): Registered web_reg_find successful for "Text=Please enter your username and password" (count=1)  	[MsgId: MMSG-26364]
Login.c(9): web_link("Sign In") was successful, 3858 body bytes, 225 header bytes  	[MsgId: MMSG-26386]
Login.c(13): Notify: Transaction "PetStore_ClickOnSignIn_T01" ended with a "Pass" status (Duration: 0.1272 Wasted Time: 0.0000).	[MsgId: MMSG-16871]
Login.c(15): lr_think_time: 3.30 seconds (recorded think time was 5.00 seconds).	[MsgId: MMSG-15947]
Registration.c(57): Notify: Transaction "PetStore_SubmitRegistration_T04" started.	[MsgId: MMSG-16999]
Registration.c(59): web_reg_find started  	[MsgId: MMSG-26355]
Registration.c(59): Registering web_reg_find was successful  	[MsgId: MMSG-26390]
Registration.c(66): Notify: Saving Parameter "randomUsername = KWAR".	[MsgId: MMSG-13798]
Registration.c(72): Notify: Saving Parameter "randompass = xauj".	[MsgId: MMSG-13798]
Registration.c(86): Notify: Saving Parameter "randomFirstName = qfctu".	[MsgId: MMSG-13798]
Registration.c(87): Notify: Saving Parameter "randomLastName = mhqza".	[MsgId: MMSG-13798]
Registration.c(99): Notify: Saving Parameter "RandomPhone = :162823580".	[MsgId: MMSG-13798]
Registration.c(108): Notify: Saving Parameter "RandomZip = 800896".	[MsgId: MMSG-13798]
Registration.c(111): web_submit_form("Account.action") started  	[MsgId: MMSG-26355]
Registration.c(111): Notify: Parameter Substitution: parameter "randomUsername" =  "KWAR"	[MsgId: MMSG-13992]
Registration.c(111): Notify: Parameter Substitution: parameter "randompass" =  "xauj"	[MsgId: MMSG-13992]
Registration.c(111): Notify: Parameter Substitution: parameter "randompass" =  "xauj"	[MsgId: MMSG-13992]
Registration.c(111): Notify: Parameter Substitution: parameter "randomFirstName" =  "qfctu"	[MsgId: MMSG-13992]
Registration.c(111): Notify: Parameter Substitution: parameter "randomLastName" =  "mhqza"	[MsgId: MMSG-13992]
Registration.c(111): Notify: Parameter Substitution: parameter "randomFirstName" =  "qfctu"	[MsgId: MMSG-13992]
Registration.c(111): Notify: Parameter Substitution: parameter "randomLastName" =  "mhqza"	[MsgId: MMSG-13992]
Registration.c(111): Notify: Parameter Substitution: parameter "RandomPhone" =  ":162823580"	[MsgId: MMSG-13992]
Registration.c(111): Notify: Parameter Substitution: parameter "RandomZip" =  "800896"	[MsgId: MMSG-13992]
Registration.c(111): Submitting form to "https://petstore.octoperf.com/actions/Account.action", Target Frame=""  	[MsgId: MMSG-27978]
Registration.c(111): Connection to petstore.octoperf.com:443 closed after being inactive for 62 seconds, exceeding the "HTTP Keep-Alive timeout" Runtime Setting (60 seconds). URL="[None]"  	[MsgId: MMSG-27647]
Registration.c(43): Notify: Transaction "PetStore_ClickOnRegistration_T03" started.	[MsgId: MMSG-16999]
Registration.c(45): web_reg_find started  	[MsgId: MMSG-26355]
Registration.c(45): Registering web_reg_find was successful  	[MsgId: MMSG-26390]
Registration.c(48): web_link("Register Now!") started  	[MsgId: MMSG-26355]
Registration.c(48): Linking to "https://petstore.octoperf.com/actions/Account.action?newAccountForm=", Target Frame=""  	[MsgId: MMSG-27994]
Registration.c(48): Resource "https://petstore.octoperf.com/css/jpetstore.css" is in the cache already and will not be downloaded again  	[MsgId: MMSG-26655]
Registration.c(48): Resource "https://petstore.octoperf.com/images/logo-topbar.svg" is in the cache already and will not be downloaded again  	[MsgId: MMSG-26655]
Registration.c(48): Resource "https://petstore.octoperf.com/images/cart.gif" is in the cache already and will not be downloaded again  	[MsgId: MMSG-26655]
Registration.c(48): Resource "https://petstore.octoperf.com/images/separator.gif" is in the cache already and will not be downloaded again  	[MsgId: MMSG-26655]
Registration.c(48): Resource "https://petstore.octoperf.com/images/sm_fish.gif" is in the cache already and will not be downloaded again  	[MsgId: MMSG-26655]
Registration.c(48): Resource "https://petstore.octoperf.com/images/sm_dogs.gif" is in the cache already and will not be downloaded again  	[MsgId: MMSG-26655]
Registration.c(48): Resource "https://petstore.octoperf.com/images/sm_reptiles.gif" is in the cache already and will not be downloaded again  	[MsgId: MMSG-26655]
Registration.c(48): Resource "https://petstore.octoperf.com/images/sm_cats.gif" is in the cache already and will not be downloaded again  	[MsgId: MMSG-26655]
Registration.c(48): Resource "https://petstore.octoperf.com/images/sm_birds.gif" is in the cache already and will not be downloaded again  	[MsgId: MMSG-26655]
Registration.c(48): Registered web_reg_find successful for "Text=User Information" (count=1)  	[MsgId: MMSG-26364]
Registration.c(48): web_link("Register Now!") was successful, 5821 body bytes, 225 header bytes  	[MsgId: MMSG-26386]
Registration.c(53): Notify: Transaction "PetStore_ClickOnRegistration_T03" ended with a "Pass" status (Duration: 0.1278 Wasted Time: 0.0000).	[MsgId: MMSG-16871]
Registration.c(55): lr_think_time: 3.66 seconds (recorded think time was 5.00 seconds).	[MsgId: MMSG-15947]
Registration.c(111): Redirecting "https://petstore.octoperf.com/actions/Account.action" (redirection depth is 0)  	[MsgId: MMSG-26694]
Registration.c(111): To location "https://petstore.octoperf.com/actions/Catalog.action"  	[MsgId: MMSG-26693]
AddToCard.c(67): Notify: Transaction "PetStore_SelectItemId_T03" started.	[MsgId: MMSG-16999]
AddToCard.c(71): Notify: Parameter Substitution: parameter "itemId_count" =  "1"	[MsgId: MMSG-13992]
AddToCard.c(72): Notify: Parameter Substitution: parameter "itemId_1" =  "EST-19"	[MsgId: MMSG-13992]
AddToCard.c(74): Notify: Saving Parameter "RanditemId = EST-19".	[MsgId: MMSG-13798]
AddToCard.c(75): Notify: Parameter Substitution: parameter "RanditemId" =  "EST-19"	[MsgId: MMSG-13992]
AddToCard.c(75): Random category selected in Action2 = EST-19	[MsgId: MMSG-17999]
AddToCard.c(77): web_reg_find started  	[MsgId: MMSG-26355]
AddToCard.c(77): Notify: Parameter Substitution: parameter "RanditemId" =  "EST-19"	[MsgId: MMSG-13992]
AddToCard.c(77): Registering web_reg_find was successful  	[MsgId: MMSG-26390]
AddToCard.c(79): web_link("{RanditemId}") started  	[MsgId: MMSG-26355]
AddToCard.c(79): Notify: Parameter Substitution: parameter "RanditemId" =  "EST-19"	[MsgId: MMSG-13992]
AddToCard.c(79): Linking to "https://petstore.octoperf.com/actions/Catalog.action?viewItem=&itemId=EST-19", Target Frame=""  	[MsgId: MMSG-27994]
Registration.c(111): Resource "https://petstore.octoperf.com/css/jpetstore.css" is in the cache already and will not be downloaded again  	[MsgId: MMSG-26655]
Registration.c(111): Resource "https://petstore.octoperf.com/images/logo-topbar.svg" is in the cache already and will not be downloaded again  	[MsgId: MMSG-26655]
Registration.c(111): Resource "https://petstore.octoperf.com/images/cart.gif" is in the cache already and will not be downloaded again  	[MsgId: MMSG-26655]
Registration.c(111): Resource "https://petstore.octoperf.com/images/separator.gif" is in the cache already and will not be downloaded again  	[MsgId: MMSG-26655]
Registration.c(111): Resource "https://petstore.octoperf.com/images/sm_fish.gif" is in the cache already and will not be downloaded again  	[MsgId: MMSG-26655]
Registration.c(111): Resource "https://petstore.octoperf.com/images/sm_dogs.gif" is in the cache already and will not be downloaded again  	[MsgId: MMSG-26655]
Registration.c(111): Resource "https://petstore.octoperf.com/images/sm_reptiles.gif" is in the cache already and will not be downloaded again  	[MsgId: MMSG-26655]
Registration.c(111): Resource "https://petstore.octoperf.com/images/sm_cats.gif" is in the cache already and will not be downloaded again  	[MsgId: MMSG-26655]
Registration.c(111): Resource "https://petstore.octoperf.com/images/sm_birds.gif" is in the cache already and will not be downloaded again  	[MsgId: MMSG-26655]
Registration.c(111): Resource "https://petstore.octoperf.com/images/fish_icon.gif" is in the cache already and will not be downloaded again  	[MsgId: MMSG-26655]
Registration.c(111): Resource "https://petstore.octoperf.com/images/dogs_icon.gif" is in the cache already and will not be downloaded again  	[MsgId: MMSG-26655]
Registration.c(111): Resource "https://petstore.octoperf.com/images/cats_icon.gif" is in the cache already and will not be downloaded again  	[MsgId: MMSG-26655]
Registration.c(111): Resource "https://petstore.octoperf.com/images/reptiles_icon.gif" is in the cache already and will not be downloaded again  	[MsgId: MMSG-26655]
Registration.c(111): Resource "https://petstore.octoperf.com/images/birds_icon.gif" is in the cache already and will not be downloaded again  	[MsgId: MMSG-26655]
Registration.c(111): Resource "https://petstore.octoperf.com/images/splash.gif" is in the cache already and will not be downloaded again  	[MsgId: MMSG-26655]
Registration.c(111): Registered web_reg_find successful for "Text=Elevate you load-testing" (count=1)  	[MsgId: MMSG-26364]
Registration.c(111): web_submit_form("Account.action") was successful, 4736 body bytes, 443 header bytes  	[MsgId: MMSG-26386]
Registration.c(133): Notify: Transaction "PetStore_SubmitRegistration_T04" ended with a "Pass" status (Duration: 0.8139 Wasted Time: 0.0000).	[MsgId: MMSG-16871]
Registration.c(135): lr_think_time: 3.92 seconds (recorded think time was 5.00 seconds).	[MsgId: MMSG-15947]
AddToCard.c(79): Resource "https://petstore.octoperf.com/css/jpetstore.css" is in the cache already and will not be downloaded again  	[MsgId: MMSG-26655]
AddToCard.c(79): Resource "https://petstore.octoperf.com/images/logo-topbar.svg" is in the cache already and will not be downloaded again  	[MsgId: MMSG-26655]
AddToCard.c(79): Resource "https://petstore.octoperf.com/images/cart.gif" is in the cache already and will not be downloaded again  	[MsgId: MMSG-26655]
AddToCard.c(79): Resource "https://petstore.octoperf.com/images/separator.gif" is in the cache already and will not be downloaded again  	[MsgId: MMSG-26655]
AddToCard.c(79): Resource "https://petstore.octoperf.com/images/sm_fish.gif" is in the cache already and will not be downloaded again  	[MsgId: MMSG-26655]
AddToCard.c(79): Resource "https://petstore.octoperf.com/images/sm_dogs.gif" is in the cache already and will not be downloaded again  	[MsgId: MMSG-26655]
AddToCard.c(79): Resource "https://petstore.octoperf.com/images/sm_reptiles.gif" is in the cache already and will not be downloaded again  	[MsgId: MMSG-26655]
AddToCard.c(79): Resource "https://petstore.octoperf.com/images/sm_cats.gif" is in the cache already and will not be downloaded again  	[MsgId: MMSG-26655]
AddToCard.c(79): Resource "https://petstore.octoperf.com/images/sm_birds.gif" is in the cache already and will not be downloaded again  	[MsgId: MMSG-26655]
AddToCard.c(79): Found resource "https://petstore.octoperf.com/images/bird1.gif" in HTML "https://petstore.octoperf.com/actions/Catalog.action?viewItem=&itemId=EST-19"  	[MsgId: MMSG-26659]
AddToCard.c(79): Resource "https://petstore.octoperf.com/images/banner_fish.gif" is in the cache already and will not be downloaded again  	[MsgId: MMSG-26655]
AddToCard.c(79): Registered web_reg_find successful for "Text=EST-19" (count=2)  	[MsgId: MMSG-26364]
AddToCard.c(79): web_link("{RanditemId}") was successful, 15764 body bytes, 511 header bytes  	[MsgId: MMSG-26386]
AddToCard.c(84): Notify: Transaction "PetStore_SelectItemId_T03" ended with a "Pass" status (Duration: 0.4202 Wasted Time: 0.0000).	[MsgId: MMSG-16871]
AddToCard.c(86): lr_think_time: 4.18 seconds (recorded think time was 5.00 seconds).	[MsgId: MMSG-15947]
AddToCard.c(67): Notify: Transaction "PetStore_SelectItemId_T03" started.	[MsgId: MMSG-16999]
AddToCard.c(71): Notify: Parameter Substitution: parameter "itemId_count" =  "1"	[MsgId: MMSG-13992]
AddToCard.c(72): Notify: Parameter Substitution: parameter "itemId_1" =  "EST-18"	[MsgId: MMSG-13992]
AddToCard.c(74): Notify: Saving Parameter "RanditemId = EST-18".	[MsgId: MMSG-13798]
AddToCard.c(75): Notify: Parameter Substitution: parameter "RanditemId" =  "EST-18"	[MsgId: MMSG-13992]
AddToCard.c(75): Random category selected in Action2 = EST-18	[MsgId: MMSG-17999]
AddToCard.c(77): web_reg_find started  	[MsgId: MMSG-26355]
AddToCard.c(77): Notify: Parameter Substitution: parameter "RanditemId" =  "EST-18"	[MsgId: MMSG-13992]
AddToCard.c(77): Registering web_reg_find was successful  	[MsgId: MMSG-26390]
AddToCard.c(79): web_link("{RanditemId}") started  	[MsgId: MMSG-26355]
AddToCard.c(79): Notify: Parameter Substitution: parameter "RanditemId" =  "EST-18"	[MsgId: MMSG-13992]
AddToCard.c(79): Linking to "https://petstore.octoperf.com/actions/Catalog.action?viewItem=&itemId=EST-18", Target Frame=""  	[MsgId: MMSG-27994]
AddToCard.c(79): Resource "https://petstore.octoperf.com/css/jpetstore.css" is in the cache already and will not be downloaded again  	[MsgId: MMSG-26655]
AddToCard.c(79): Resource "https://petstore.octoperf.com/images/logo-topbar.svg" is in the cache already and will not be downloaded again  	[MsgId: MMSG-26655]
AddToCard.c(79): Resource "https://petstore.octoperf.com/images/cart.gif" is in the cache already and will not be downloaded again  	[MsgId: MMSG-26655]
AddToCard.c(79): Resource "https://petstore.octoperf.com/images/separator.gif" is in the cache already and will not be downloaded again  	[MsgId: MMSG-26655]
AddToCard.c(79): Resource "https://petstore.octoperf.com/images/sm_fish.gif" is in the cache already and will not be downloaded again  	[MsgId: MMSG-26655]
AddToCard.c(79): Resource "https://petstore.octoperf.com/images/sm_dogs.gif" is in the cache already and will not be downloaded again  	[MsgId: MMSG-26655]
AddToCard.c(79): Resource "https://petstore.octoperf.com/images/sm_reptiles.gif" is in the cache already and will not be downloaded again  	[MsgId: MMSG-26655]
AddToCard.c(79): Resource "https://petstore.octoperf.com/images/sm_cats.gif" is in the cache already and will not be downloaded again  	[MsgId: MMSG-26655]
AddToCard.c(79): Resource "https://petstore.octoperf.com/images/sm_birds.gif" is in the cache already and will not be downloaded again  	[MsgId: MMSG-26655]
AddToCard.c(79): Found resource "https://petstore.octoperf.com/images/bird2.gif" in HTML "https://petstore.octoperf.com/actions/Catalog.action?viewItem=&itemId=EST-18"  	[MsgId: MMSG-26659]
AddToCard.c(79): Resource "https://petstore.octoperf.com/images/banner_fish.gif" is in the cache already and will not be downloaded again  	[MsgId: MMSG-26655]
AddToCard.c(79): Registered web_reg_find successful for "Text=EST-18" (count=2)  	[MsgId: MMSG-26364]
AddToCard.c(79): web_link("{RanditemId}") was successful, 15165 body bytes, 511 header bytes  	[MsgId: MMSG-26386]
AddToCard.c(84): Notify: Transaction "PetStore_SelectItemId_T03" ended with a "Pass" status (Duration: 0.2519 Wasted Time: 0.0000).	[MsgId: MMSG-16871]
AddToCard.c(86): lr_think_time: 2.57 seconds (recorded think time was 5.00 seconds).	[MsgId: MMSG-15947]
Starting iteration 2.	[MsgId: MMSG-15968]
Notify: Next row for parameter PetStoreEndtoEndFlow_UserName_1 = 1 [table  = PetStoreEndtoEndFlow_UserName_1].	[MsgId: MMSG-13876]
Notify: Getting new value for parameter 'PetStoreEndtoEndFlow_UserName_1': table = 'UserCredentilas5.dat' column = '0' row = '1'.	[MsgId: MMSG-13877]
Notify: Next row for parameter UserName = 1 [table  = UserName].	[MsgId: MMSG-13876]
Notify: Getting new value for parameter 'UserName': table = 'UserCredentilas1.dat' column = '0' row = '1'.	[MsgId: MMSG-13877]
Notify: Next row for parameter PetStoreEndtoEndFlow_UserName = 1 [table  = PetStoreEndtoEndFlow_UserName].	[MsgId: MMSG-13876]
Notify: Getting new value for parameter 'PetStoreEndtoEndFlow_UserName': table = 'UserCredentilas3.dat' column = '0' row = '1'.	[MsgId: MMSG-13877]
Notify: Next row for parameter PetStoreEndtoEndFlow_pass = 1 [table  = PetStoreEndtoEndFlow_pass].	[MsgId: MMSG-13876]
Notify: Getting new value for parameter 'PetStoreEndtoEndFlow_pass': table = 'UserCredentilas4.dat' column = '0' row = '1'.	[MsgId: MMSG-13877]
Notify: Next row for parameter pass = 1 [table  = pass].	[MsgId: MMSG-13876]
Notify: Getting new value for parameter 'pass': table = 'UserCredentilas.dat' column = '0' row = '1'.	[MsgId: MMSG-13877]
Notify: Next row for parameter PetStoreEndtoEndFlow_pass_1 = 1 [table  = PetStoreEndtoEndFlow_pass_1].	[MsgId: MMSG-13876]
Notify: Getting new value for parameter 'PetStoreEndtoEndFlow_pass_1': table = 'UserCredentilas6.dat' column = '0' row = '1'.	[MsgId: MMSG-13877]
Starting action Login.	[MsgId: MMSG-15919]
Registration.c(13): Notify: Transaction "PetStore_EnterToPetStore_T01" started.	[MsgId: MMSG-16999]
Registration.c(14): web_reg_find started  	[MsgId: MMSG-26355]
Registration.c(14): Registering web_reg_find was successful  	[MsgId: MMSG-26390]
Registration.c(17): web_url("Catalog.action") started  	[MsgId: MMSG-26355]
Registration.c(29): Notify: Transaction "PetStore_ClickOnSignIn_T02" started.	[MsgId: MMSG-16999]
Registration.c(31): web_reg_find started  	[MsgId: MMSG-26355]
Registration.c(31): Registering web_reg_find was successful  	[MsgId: MMSG-26390]
Registration.c(34): web_link("Sign In") started  	[MsgId: MMSG-26355]
Registration.c(34): Linking to "https://petstore.octoperf.com/actions/Account.action;jsessionid=63D2C3AF31E60167CDEE6E31ED0FB153?signonForm=", Target Frame=""  	[MsgId: MMSG-27994]
Registration.c(17): Found resource "https://petstore.octoperf.com/css/jpetstore.css" in HTML "https://petstore.octoperf.com/actions/Catalog.action"  	[MsgId: MMSG-26659]
Registration.c(17): Found resource "https://petstore.octoperf.com/images/logo-topbar.svg" in HTML "https://petstore.octoperf.com/actions/Catalog.action"  	[MsgId: MMSG-26659]
Registration.c(17): Found resource "https://petstore.octoperf.com/images/cart.gif" in HTML "https://petstore.octoperf.com/actions/Catalog.action"  	[MsgId: MMSG-26659]
Registration.c(17): Found resource "https://petstore.octoperf.com/images/separator.gif" in HTML "https://petstore.octoperf.com/actions/Catalog.action"  	[MsgId: MMSG-26659]
Registration.c(17): Found resource "https://petstore.octoperf.com/images/sm_fish.gif" in HTML "https://petstore.octoperf.com/actions/Catalog.action"  	[MsgId: MMSG-26659]
Registration.c(17): Found resource "https://petstore.octoperf.com/images/sm_dogs.gif" in HTML "https://petstore.octoperf.com/actions/Catalog.action"  	[MsgId: MMSG-26659]
Registration.c(17): Found resource "https://petstore.octoperf.com/images/sm_reptiles.gif" in HTML "https://petstore.octoperf.com/actions/Catalog.action"  	[MsgId: MMSG-26659]
Registration.c(17): Found resource "https://petstore.octoperf.com/images/sm_cats.gif" in HTML "https://petstore.octoperf.com/actions/Catalog.action"  	[MsgId: MMSG-26659]
Registration.c(17): Found resource "https://petstore.octoperf.com/images/sm_birds.gif" in HTML "https://petstore.octoperf.com/actions/Catalog.action"  	[MsgId: MMSG-26659]
Registration.c(17): Found resource "https://petstore.octoperf.com/images/fish_icon.gif" in HTML "https://petstore.octoperf.com/actions/Catalog.action"  	[MsgId: MMSG-26659]
Registration.c(17): Found resource "https://petstore.octoperf.com/images/dogs_icon.gif" in HTML "https://petstore.octoperf.com/actions/Catalog.action"  	[MsgId: MMSG-26659]
Registration.c(17): Found resource "https://petstore.octoperf.com/images/cats_icon.gif" in HTML "https://petstore.octoperf.com/actions/Catalog.action"  	[MsgId: MMSG-26659]
Registration.c(17): Found resource "https://petstore.octoperf.com/images/reptiles_icon.gif" in HTML "https://petstore.octoperf.com/actions/Catalog.action"  	[MsgId: MMSG-26659]
Registration.c(17): Found resource "https://petstore.octoperf.com/images/birds_icon.gif" in HTML "https://petstore.octoperf.com/actions/Catalog.action"  	[MsgId: MMSG-26659]
Registration.c(17): Found resource "https://petstore.octoperf.com/images/splash.gif" in HTML "https://petstore.octoperf.com/actions/Catalog.action"  	[MsgId: MMSG-26659]
Registration.c(34): Resource "https://petstore.octoperf.com/css/jpetstore.css" is in the cache already and will not be downloaded again  	[MsgId: MMSG-26655]
Registration.c(34): Resource "https://petstore.octoperf.com/images/logo-topbar.svg" is in the cache already and will not be downloaded again  	[MsgId: MMSG-26655]
Registration.c(34): Resource "https://petstore.octoperf.com/images/cart.gif" is in the cache already and will not be downloaded again  	[MsgId: MMSG-26655]
Registration.c(34): Resource "https://petstore.octoperf.com/images/separator.gif" is in the cache already and will not be downloaded again  	[MsgId: MMSG-26655]
Registration.c(34): Resource "https://petstore.octoperf.com/images/sm_fish.gif" is in the cache already and will not be downloaded again  	[MsgId: MMSG-26655]
Registration.c(34): Resource "https://petstore.octoperf.com/images/sm_dogs.gif" is in the cache already and will not be downloaded again  	[MsgId: MMSG-26655]
Registration.c(34): Resource "https://petstore.octoperf.com/images/sm_reptiles.gif" is in the cache already and will not be downloaded again  	[MsgId: MMSG-26655]
Registration.c(34): Resource "https://petstore.octoperf.com/images/sm_cats.gif" is in the cache already and will not be downloaded again  	[MsgId: MMSG-26655]
Registration.c(34): Resource "https://petstore.octoperf.com/images/sm_birds.gif" is in the cache already and will not be downloaded again  	[MsgId: MMSG-26655]
Registration.c(34): Registered web_reg_find successful for "Text=Please enter your username and password" (count=1)  	[MsgId: MMSG-26364]
Registration.c(34): web_link("Sign In") was successful, 3856 body bytes, 225 header bytes  	[MsgId: MMSG-26386]
Registration.c(39): Notify: Transaction "PetStore_ClickOnSignIn_T02" ended with a "Pass" status (Duration: 0.1251 Wasted Time: 0.0000).	[MsgId: MMSG-16871]
Registration.c(41): lr_think_time: 4.24 seconds (recorded think time was 5.00 seconds).	[MsgId: MMSG-15947]
Login.c(17): Notify: Transaction "PetStore_Login_T01" started.	[MsgId: MMSG-16999]
Login.c(18): web_reg_find started  	[MsgId: MMSG-26355]
Login.c(18): Registering web_reg_find was successful  	[MsgId: MMSG-26390]
Login.c(20): web_reg_save_param_regexp started  	[MsgId: MMSG-26355]
Login.c(20): Registering web_reg_save_param_regexp was successful  	[MsgId: MMSG-26390]
Login.c(26): web_submit_form("Account.action") started  	[MsgId: MMSG-26355]
Login.c(26): Notify: Parameter Substitution: parameter "randomUsername" =  "TENB"	[MsgId: MMSG-13992]
Login.c(26): Notify: Parameter Substitution: parameter "randompass" =  "yfgh"	[MsgId: MMSG-13992]
Login.c(26): Submitting form to "https://petstore.octoperf.com/actions/Account.action", Target Frame=""  	[MsgId: MMSG-27978]
Registration.c(17): Registered web_reg_find successful for "Text=OctoPerf" (count=1)  	[MsgId: MMSG-26364]
Registration.c(17): web_url("Catalog.action") was successful, 69386 body bytes, 4543 header bytes  	[MsgId: MMSG-26386]
Registration.c(25): Notify: Transaction "PetStore_EnterToPetStore_T01" ended with a "Pass" status (Duration: 1.1731 Wasted Time: 0.0003).	[MsgId: MMSG-16871]
Registration.c(27): lr_think_time: 3.69 seconds (recorded think time was 5.00 seconds).	[MsgId: MMSG-15947]
Starting iteration 1.	[MsgId: MMSG-15968]
Warning -27077: The "vuser_init" section contains web function(s) when the "Simulate a new user on each iteration" Runtime Setting is ON.  This may produce unpredictable results with multiple iterations  	[MsgId: MWAR-27077]
Maximum number of concurrent connections per server: 6  	[MsgId: MMSG-26989]
Starting action Login.	[MsgId: MMSG-15919]
Registration.c(13): Notify: Transaction "PetStore_EnterToPetStore_T01" started.	[MsgId: MMSG-16999]
Registration.c(14): web_reg_find started  	[MsgId: MMSG-26355]
Registration.c(14): Registering web_reg_find was successful  	[MsgId: MMSG-26390]
Registration.c(17): web_url("Catalog.action") started  	[MsgId: MMSG-26355]
Login.c(26): Redirecting "https://petstore.octoperf.com/actions/Account.action" (redirection depth is 0)  	[MsgId: MMSG-26694]
Login.c(26): To location "https://petstore.octoperf.com/actions/Catalog.action"  	[MsgId: MMSG-26693]
Registration.c(17): Resource "https://petstore.octoperf.com/css/jpetstore.css" is in the cache already and will not be downloaded again  	[MsgId: MMSG-26655]
Registration.c(17): Found resource "https://petstore.octoperf.com/images/logo-topbar.svg" in HTML "https://petstore.octoperf.com/actions/Catalog.action"  	[MsgId: MMSG-26659]
Registration.c(17): Found resource "https://petstore.octoperf.com/images/cart.gif" in HTML "https://petstore.octoperf.com/actions/Catalog.action"  	[MsgId: MMSG-26659]
Registration.c(17): Found resource "https://petstore.octoperf.com/images/separator.gif" in HTML "https://petstore.octoperf.com/actions/Catalog.action"  	[MsgId: MMSG-26659]
Registration.c(17): Found resource "https://petstore.octoperf.com/images/sm_fish.gif" in HTML "https://petstore.octoperf.com/actions/Catalog.action"  	[MsgId: MMSG-26659]
Registration.c(17): Found resource "https://petstore.octoperf.com/images/sm_dogs.gif" in HTML "https://petstore.octoperf.com/actions/Catalog.action"  	[MsgId: MMSG-26659]
Registration.c(17): Found resource "https://petstore.octoperf.com/images/sm_reptiles.gif" in HTML "https://petstore.octoperf.com/actions/Catalog.action"  	[MsgId: MMSG-26659]
Registration.c(17): Found resource "https://petstore.octoperf.com/images/sm_cats.gif" in HTML "https://petstore.octoperf.com/actions/Catalog.action"  	[MsgId: MMSG-26659]
Registration.c(17): Found resource "https://petstore.octoperf.com/images/sm_birds.gif" in HTML "https://petstore.octoperf.com/actions/Catalog.action"  	[MsgId: MMSG-26659]
Registration.c(17): Found resource "https://petstore.octoperf.com/images/fish_icon.gif" in HTML "https://petstore.octoperf.com/actions/Catalog.action"  	[MsgId: MMSG-26659]
Registration.c(17): Found resource "https://petstore.octoperf.com/images/dogs_icon.gif" in HTML "https://petstore.octoperf.com/actions/Catalog.action"  	[MsgId: MMSG-26659]
Registration.c(17): Found resource "https://petstore.octoperf.com/images/cats_icon.gif" in HTML "https://petstore.octoperf.com/actions/Catalog.action"  	[MsgId: MMSG-26659]
Registration.c(17): Found resource "https://petstore.octoperf.com/images/reptiles_icon.gif" in HTML "https://petstore.octoperf.com/actions/Catalog.action"  	[MsgId: MMSG-26659]
Registration.c(17): Found resource "https://petstore.octoperf.com/images/birds_icon.gif" in HTML "https://petstore.octoperf.com/actions/Catalog.action"  	[MsgId: MMSG-26659]
Registration.c(17): Found resource "https://petstore.octoperf.com/images/splash.gif" in HTML "https://petstore.octoperf.com/actions/Catalog.action"  	[MsgId: MMSG-26659]
Login.c(26): Resource "https://petstore.octoperf.com/css/jpetstore.css" is in the cache already and will not be downloaded again  	[MsgId: MMSG-26655]
Login.c(26): Resource "https://petstore.octoperf.com/images/logo-topbar.svg" is in the cache already and will not be downloaded again  	[MsgId: MMSG-26655]
Login.c(26): Resource "https://petstore.octoperf.com/images/cart.gif" is in the cache already and will not be downloaded again  	[MsgId: MMSG-26655]
Login.c(26): Resource "https://petstore.octoperf.com/images/separator.gif" is in the cache already and will not be downloaded again  	[MsgId: MMSG-26655]
Login.c(26): Resource "https://petstore.octoperf.com/images/sm_fish.gif" is in the cache already and will not be downloaded again  	[MsgId: MMSG-26655]
Login.c(26): Resource "https://petstore.octoperf.com/images/sm_dogs.gif" is in the cache already and will not be downloaded again  	[MsgId: MMSG-26655]
Login.c(26): Resource "https://petstore.octoperf.com/images/sm_reptiles.gif" is in the cache already and will not be downloaded again  	[MsgId: MMSG-26655]
Login.c(26): Resource "https://petstore.octoperf.com/images/sm_cats.gif" is in the cache already and will not be downloaded again  	[MsgId: MMSG-26655]
Login.c(26): Resource "https://petstore.octoperf.com/images/sm_birds.gif" is in the cache already and will not be downloaded again  	[MsgId: MMSG-26655]
Login.c(26): Resource "https://petstore.octoperf.com/images/fish_icon.gif" is in the cache already and will not be downloaded again  	[MsgId: MMSG-26655]
Login.c(26): Resource "https://petstore.octoperf.com/images/dogs_icon.gif" is in the cache already and will not be downloaded again  	[MsgId: MMSG-26655]
Login.c(26): Resource "https://petstore.octoperf.com/images/cats_icon.gif" is in the cache already and will not be downloaded again  	[MsgId: MMSG-26655]
Login.c(26): Resource "https://petstore.octoperf.com/images/reptiles_icon.gif" is in the cache already and will not be downloaded again  	[MsgId: MMSG-26655]
Login.c(26): Resource "https://petstore.octoperf.com/images/birds_icon.gif" is in the cache already and will not be downloaded again  	[MsgId: MMSG-26655]
Login.c(26): Resource "https://petstore.octoperf.com/images/splash.gif" is in the cache already and will not be downloaded again  	[MsgId: MMSG-26655]
Login.c(26): Found resource "https://petstore.octoperf.com/images/banner_fish.gif" in HTML "https://petstore.octoperf.com/actions/Catalog.action"  	[MsgId: MMSG-26659]
Login.c(26): Notify: Saving Parameter "ProductName_1 = BIRDS".	[MsgId: MMSG-13798]
Login.c(26): Notify: Saving Parameter "ProductName_2 = FISH".	[MsgId: MMSG-13798]
Login.c(26): Notify: Saving Parameter "ProductName_3 = DOGS".	[MsgId: MMSG-13798]
Login.c(26): Notify: Saving Parameter "ProductName_4 = REPTILES".	[MsgId: MMSG-13798]
Login.c(26): Notify: Saving Parameter "ProductName_5 = CATS".	[MsgId: MMSG-13798]
Login.c(26): Notify: Saving Parameter "ProductName_6 = BIRDS".	[MsgId: MMSG-13798]
Login.c(26): Notify: Saving Parameter "ProductName_count = 6".	[MsgId: MMSG-13798]
Login.c(26): Registered web_reg_find successful for "Text=My Account" (count=1)  	[MsgId: MMSG-26364]
Login.c(26): web_submit_form("Account.action") was successful, 11416 body bytes, 727 header bytes  	[MsgId: MMSG-26386]
Login.c(34): Notify: Transaction "PetStore_Login_T01" ended with a "Pass" status (Duration: 0.5085 Wasted Time: 0.0004).	[MsgId: MMSG-16871]
Ending action Login.	[MsgId: MMSG-15918]
Starting action AddToCard.	[MsgId: MMSG-15919]
AddToCard.c(8): Notify: Transaction "PetStore_AddAproduct_T01" started.	[MsgId: MMSG-16999]
AddToCard.c(11): Notify: Parameter Substitution: parameter "ProductName_count" =  "6"	[MsgId: MMSG-13992]
AddToCard.c(12): Notify: Parameter Substitution: parameter "ProductName_2" =  "FISH"	[MsgId: MMSG-13992]
AddToCard.c(14): Notify: Saving Parameter "RandCategory = FISH".	[MsgId: MMSG-13798]
AddToCard.c(15): Notify: Parameter Substitution: parameter "RandCategory" =  "FISH"	[MsgId: MMSG-13992]
AddToCard.c(15): Random category selected in Action2 = FISH	[MsgId: MMSG-17999]
AddToCard.c(17): web_reg_find started  	[MsgId: MMSG-26355]
AddToCard.c(17): Notify: Parameter Substitution: parameter "RandCategory" =  "FISH"	[MsgId: MMSG-13992]
AddToCard.c(17): Registering web_reg_find was successful  	[MsgId: MMSG-26390]
AddToCard.c(20): web_reg_save_param_regexp started  	[MsgId: MMSG-26355]
AddToCard.c(20): Registering web_reg_save_param_regexp was successful  	[MsgId: MMSG-26390]
AddToCard.c(27): web_url("Catalog.action_2") started  	[MsgId: MMSG-26355]
AddToCard.c(27): Notify: Parameter Substitution: parameter "RandCategory" =  "FISH"	[MsgId: MMSG-13992]
Action was aborted.	[MsgId: MMSG-10694]
Ending Vuser...	[MsgId: MMSG-15966]
Starting action vuser_end.	[MsgId: MMSG-15919]
vuser_end.c(4): Notify: Transaction "PetStore_SignOut_T01" started.	[MsgId: MMSG-16999]
vuser_end.c(6): web_reg_find started  	[MsgId: MMSG-26355]
vuser_end.c(6): Registering web_reg_find was successful  	[MsgId: MMSG-26390]
vuser_end.c(9): web_url("Account.action_2") started  	[MsgId: MMSG-26355]
Action was aborted.	[MsgId: MMSG-10694]
Ending Vuser...	[MsgId: MMSG-15966]
Starting action vuser_end.	[MsgId: MMSG-15919]
vuser_end.c(4): Notify: Transaction "PetStore_SignOut_T01" started.	[MsgId: MMSG-16999]
vuser_end.c(6): web_reg_find started  	[MsgId: MMSG-26355]
vuser_end.c(6): Registering web_reg_find was successful  	[MsgId: MMSG-26390]
vuser_end.c(9): web_url("Account.action_2") started  	[MsgId: MMSG-26355]
AddToCard.c(27): Resource "https://petstore.octoperf.com/css/jpetstore.css" is in the cache already and will not be downloaded again  	[MsgId: MMSG-26655]
AddToCard.c(27): Resource "https://petstore.octoperf.com/images/logo-topbar.svg" is in the cache already and will not be downloaded again  	[MsgId: MMSG-26655]
AddToCard.c(27): Resource "https://petstore.octoperf.com/images/cart.gif" is in the cache already and will not be downloaded again  	[MsgId: MMSG-26655]
AddToCard.c(27): Resource "https://petstore.octoperf.com/images/separator.gif" is in the cache already and will not be downloaded again  	[MsgId: MMSG-26655]
AddToCard.c(27): Resource "https://petstore.octoperf.com/images/sm_fish.gif" is in the cache already and will not be downloaded again  	[MsgId: MMSG-26655]
AddToCard.c(27): Resource "https://petstore.octoperf.com/images/sm_dogs.gif" is in the cache already and will not be downloaded again  	[MsgId: MMSG-26655]
AddToCard.c(27): Resource "https://petstore.octoperf.com/images/sm_reptiles.gif" is in the cache already and will not be downloaded again  	[MsgId: MMSG-26655]
AddToCard.c(27): Resource "https://petstore.octoperf.com/images/sm_cats.gif" is in the cache already and will not be downloaded again  	[MsgId: MMSG-26655]
AddToCard.c(27): Resource "https://petstore.octoperf.com/images/sm_birds.gif" is in the cache already and will not be downloaded again  	[MsgId: MMSG-26655]
AddToCard.c(27): Resource "https://petstore.octoperf.com/images/banner_fish.gif" is in the cache already and will not be downloaded again  	[MsgId: MMSG-26655]
AddToCard.c(27): Notify: Saving Parameter "productId_1 = FI-SW-01".	[MsgId: MMSG-13798]
AddToCard.c(27): Notify: Saving Parameter "productId_2 = FI-SW-02".	[MsgId: MMSG-13798]
AddToCard.c(27): Notify: Saving Parameter "productId_3 = FI-FW-01".	[MsgId: MMSG-13798]
AddToCard.c(27): Notify: Saving Parameter "productId_4 = FI-FW-02".	[MsgId: MMSG-13798]
AddToCard.c(27): Notify: Saving Parameter "productId_count = 4".	[MsgId: MMSG-13798]
AddToCard.c(27): Registered web_reg_find successful for "Text=FISH" (count=1)  	[MsgId: MMSG-26364]
AddToCard.c(27): web_url("Catalog.action_2") was successful, 3887 body bytes, 225 header bytes  	[MsgId: MMSG-26386]
AddToCard.c(36): Notify: Transaction "PetStore_AddAproduct_T01" ended with a "Pass" status (Duration: 0.1273 Wasted Time: 0.0003).	[MsgId: MMSG-16871]
AddToCard.c(38): lr_think_time: 3.89 seconds (recorded think time was 5.00 seconds).	[MsgId: MMSG-15947]
vuser_end.c(9): Redirecting "https://petstore.octoperf.com/actions/Account.action?signoff=" (redirection depth is 0)  	[MsgId: MMSG-26694]
vuser_end.c(9): To location "https://petstore.octoperf.com/actions/Catalog.action"  	[MsgId: MMSG-26693]
vuser_end.c(9): Redirecting "https://petstore.octoperf.com/actions/Account.action?signoff=" (redirection depth is 0)  	[MsgId: MMSG-26694]
vuser_end.c(9): To location "https://petstore.octoperf.com/actions/Catalog.action"  	[MsgId: MMSG-26693]
Registration.c(17): Registered web_reg_find successful for "Text=OctoPerf" (count=1)  	[MsgId: MMSG-26364]
Registration.c(17): web_url("Catalog.action") was successful, 63413 body bytes, 4260 header bytes  	[MsgId: MMSG-26386]
Registration.c(25): Notify: Transaction "PetStore_EnterToPetStore_T01" ended with a "Pass" status (Duration: 0.5085 Wasted Time: 0.0001).	[MsgId: MMSG-16871]
Registration.c(27): lr_think_time: 3.19 seconds (recorded think time was 5.00 seconds).	[MsgId: MMSG-15947]
vuser_end.c(9): Resource "https://petstore.octoperf.com/css/jpetstore.css" is in the cache already and will not be downloaded again  	[MsgId: MMSG-26655]
vuser_end.c(9): Found resource "https://petstore.octoperf.com/images/logo-topbar.svg" in HTML "https://petstore.octoperf.com/actions/Catalog.action"  	[MsgId: MMSG-26659]
vuser_end.c(9): Found resource "https://petstore.octoperf.com/images/cart.gif" in HTML "https://petstore.octoperf.com/actions/Catalog.action"  	[MsgId: MMSG-26659]
vuser_end.c(9): Found resource "https://petstore.octoperf.com/images/separator.gif" in HTML "https://petstore.octoperf.com/actions/Catalog.action"  	[MsgId: MMSG-26659]
vuser_end.c(9): Found resource "https://petstore.octoperf.com/images/sm_fish.gif" in HTML "https://petstore.octoperf.com/actions/Catalog.action"  	[MsgId: MMSG-26659]
vuser_end.c(9): Resource "https://petstore.octoperf.com/css/jpetstore.css" is in the cache already and will not be downloaded again  	[MsgId: MMSG-26655]
vuser_end.c(9): Found resource "https://petstore.octoperf.com/images/sm_dogs.gif" in HTML "https://petstore.octoperf.com/actions/Catalog.action"  	[MsgId: MMSG-26659]
vuser_end.c(9): Found resource "https://petstore.octoperf.com/images/sm_reptiles.gif" in HTML "https://petstore.octoperf.com/actions/Catalog.action"  	[MsgId: MMSG-26659]
vuser_end.c(9): Found resource "https://petstore.octoperf.com/images/sm_cats.gif" in HTML "https://petstore.octoperf.com/actions/Catalog.action"  	[MsgId: MMSG-26659]
vuser_end.c(9): Found resource "https://petstore.octoperf.com/images/sm_birds.gif" in HTML "https://petstore.octoperf.com/actions/Catalog.action"  	[MsgId: MMSG-26659]
vuser_end.c(9): Found resource "https://petstore.octoperf.com/images/fish_icon.gif" in HTML "https://petstore.octoperf.com/actions/Catalog.action"  	[MsgId: MMSG-26659]
vuser_end.c(9): Found resource "https://petstore.octoperf.com/images/dogs_icon.gif" in HTML "https://petstore.octoperf.com/actions/Catalog.action"  	[MsgId: MMSG-26659]
vuser_end.c(9): Found resource "https://petstore.octoperf.com/images/cats_icon.gif" in HTML "https://petstore.octoperf.com/actions/Catalog.action"  	[MsgId: MMSG-26659]
vuser_end.c(9): Found resource "https://petstore.octoperf.com/images/reptiles_icon.gif" in HTML "https://petstore.octoperf.com/actions/Catalog.action"  	[MsgId: MMSG-26659]
vuser_end.c(9): Found resource "https://petstore.octoperf.com/images/birds_icon.gif" in HTML "https://petstore.octoperf.com/actions/Catalog.action"  	[MsgId: MMSG-26659]
vuser_end.c(9): Found resource "https://petstore.octoperf.com/images/splash.gif" in HTML "https://petstore.octoperf.com/actions/Catalog.action"  	[MsgId: MMSG-26659]
vuser_end.c(9): Found resource "https://petstore.octoperf.com/images/logo-topbar.svg" in HTML "https://petstore.octoperf.com/actions/Catalog.action"  	[MsgId: MMSG-26659]
vuser_end.c(9): Found resource "https://petstore.octoperf.com/images/cart.gif" in HTML "https://petstore.octoperf.com/actions/Catalog.action"  	[MsgId: MMSG-26659]
vuser_end.c(9): Found resource "https://petstore.octoperf.com/images/separator.gif" in HTML "https://petstore.octoperf.com/actions/Catalog.action"  	[MsgId: MMSG-26659]
vuser_end.c(9): Found resource "https://petstore.octoperf.com/images/sm_fish.gif" in HTML "https://petstore.octoperf.com/actions/Catalog.action"  	[MsgId: MMSG-26659]
vuser_end.c(9): Found resource "https://petstore.octoperf.com/images/sm_dogs.gif" in HTML "https://petstore.octoperf.com/actions/Catalog.action"  	[MsgId: MMSG-26659]
vuser_end.c(9): Found resource "https://petstore.octoperf.com/images/sm_reptiles.gif" in HTML "https://petstore.octoperf.com/actions/Catalog.action"  	[MsgId: MMSG-26659]
vuser_end.c(9): Found resource "https://petstore.octoperf.com/images/sm_cats.gif" in HTML "https://petstore.octoperf.com/actions/Catalog.action"  	[MsgId: MMSG-26659]
vuser_end.c(9): Found resource "https://petstore.octoperf.com/images/sm_birds.gif" in HTML "https://petstore.octoperf.com/actions/Catalog.action"  	[MsgId: MMSG-26659]
vuser_end.c(9): Found resource "https://petstore.octoperf.com/images/fish_icon.gif" in HTML "https://petstore.octoperf.com/actions/Catalog.action"  	[MsgId: MMSG-26659]
vuser_end.c(9): Found resource "https://petstore.octoperf.com/images/dogs_icon.gif" in HTML "https://petstore.octoperf.com/actions/Catalog.action"  	[MsgId: MMSG-26659]
vuser_end.c(9): Found resource "https://petstore.octoperf.com/images/cats_icon.gif" in HTML "https://petstore.octoperf.com/actions/Catalog.action"  	[MsgId: MMSG-26659]
vuser_end.c(9): Found resource "https://petstore.octoperf.com/images/reptiles_icon.gif" in HTML "https://petstore.octoperf.com/actions/Catalog.action"  	[MsgId: MMSG-26659]
vuser_end.c(9): Found resource "https://petstore.octoperf.com/images/birds_icon.gif" in HTML "https://petstore.octoperf.com/actions/Catalog.action"  	[MsgId: MMSG-26659]
vuser_end.c(9): Found resource "https://petstore.octoperf.com/images/splash.gif" in HTML "https://petstore.octoperf.com/actions/Catalog.action"  	[MsgId: MMSG-26659]
Registration.c(57): Notify: Transaction "PetStore_SubmitRegistration_T04" started.	[MsgId: MMSG-16999]
Registration.c(59): web_reg_find started  	[MsgId: MMSG-26355]
Registration.c(59): Registering web_reg_find was successful  	[MsgId: MMSG-26390]
Registration.c(66): Notify: Saving Parameter "randomUsername = AGUA".	[MsgId: MMSG-13798]
Registration.c(72): Notify: Saving Parameter "randompass = eebl".	[MsgId: MMSG-13798]
Registration.c(86): Notify: Saving Parameter "randomFirstName = ifrfi".	[MsgId: MMSG-13798]
Registration.c(87): Notify: Saving Parameter "randomLastName = otybk".	[MsgId: MMSG-13798]
Registration.c(99): Notify: Saving Parameter "RandomPhone = :060794362".	[MsgId: MMSG-13798]
Registration.c(108): Notify: Saving Parameter "RandomZip = 415809".	[MsgId: MMSG-13798]
Registration.c(111): web_submit_form("Account.action") started  	[MsgId: MMSG-26355]
Registration.c(111): Notify: Parameter Substitution: parameter "randomUsername" =  "AGUA"	[MsgId: MMSG-13992]
Registration.c(111): Notify: Parameter Substitution: parameter "randompass" =  "eebl"	[MsgId: MMSG-13992]
Registration.c(111): Notify: Parameter Substitution: parameter "randompass" =  "eebl"	[MsgId: MMSG-13992]
Registration.c(111): Notify: Parameter Substitution: parameter "randomFirstName" =  "ifrfi"	[MsgId: MMSG-13992]
Registration.c(111): Notify: Parameter Substitution: parameter "randomLastName" =  "otybk"	[MsgId: MMSG-13992]
Registration.c(111): Notify: Parameter Substitution: parameter "randomFirstName" =  "ifrfi"	[MsgId: MMSG-13992]
Registration.c(111): Notify: Parameter Substitution: parameter "randomLastName" =  "otybk"	[MsgId: MMSG-13992]
Registration.c(111): Notify: Parameter Substitution: parameter "RandomPhone" =  ":060794362"	[MsgId: MMSG-13992]
Registration.c(111): Notify: Parameter Substitution: parameter "RandomZip" =  "415809"	[MsgId: MMSG-13992]
Registration.c(111): Submitting form to "https://petstore.octoperf.com/actions/Account.action", Target Frame=""  	[MsgId: MMSG-27978]
Registration.c(111): Connection to petstore.octoperf.com:443 closed after being inactive for 61 seconds, exceeding the "HTTP Keep-Alive timeout" Runtime Setting (60 seconds). URL="[None]"  	[MsgId: MMSG-27647]
vuser_end.c(9): Registered web_reg_find successful for "Text=Sign In" (count=1)  	[MsgId: MMSG-26364]
vuser_end.c(9): web_url("Account.action_2") was successful, 62797 body bytes, 4553 header bytes  	[MsgId: MMSG-26386]
vuser_end.c(18): Notify: Transaction "PetStore_SignOut_T01" ended with a "Pass" status (Duration: 0.6707 Wasted Time: 0.0002).	[MsgId: MMSG-16871]
vuser_end.c(20): Script Exection done sucessfully	[MsgId: MMSG-17999]
vuser_end.c(21): web_cache_cleanup started  	[MsgId: MMSG-26355]
vuser_end.c(21): web_cache_cleanup was successful  	[MsgId: MMSG-26392]
vuser_end.c(22): web_cleanup_cookies started  	[MsgId: MMSG-26355]
vuser_end.c(22): web_cleanup_cookies was successful  	[MsgId: MMSG-26392]
Ending action vuser_end.	[MsgId: MMSG-15918]
Vuser Terminated.	[MsgId: MMSG-15963]
Vuser 9 (thread 3332), ended OK."	[MsgId: MMSG-10695]
vuser_end.c(9): Registered web_reg_find successful for "Text=Sign In" (count=1)  	[MsgId: MMSG-26364]
vuser_end.c(9): web_url("Account.action_2") was successful, 62797 body bytes, 4553 header bytes  	[MsgId: MMSG-26386]
vuser_end.c(18): Notify: Transaction "PetStore_SignOut_T01" ended with a "Pass" status (Duration: 0.7974 Wasted Time: 0.0002).	[MsgId: MMSG-16871]
vuser_end.c(20): Script Exection done sucessfully	[MsgId: MMSG-17999]
vuser_end.c(21): web_cache_cleanup started  	[MsgId: MMSG-26355]
vuser_end.c(21): web_cache_cleanup was successful  	[MsgId: MMSG-26392]
vuser_end.c(22): web_cleanup_cookies started  	[MsgId: MMSG-26355]
vuser_end.c(22): web_cleanup_cookies was successful  	[MsgId: MMSG-26392]
Ending action vuser_end.	[MsgId: MMSG-15918]
Vuser Terminated.	[MsgId: MMSG-15963]
Vuser 8 (thread 3772), ended OK."	[MsgId: MMSG-10695]
Registration.c(111): Redirecting "https://petstore.octoperf.com/actions/Account.action" (redirection depth is 0)  	[MsgId: MMSG-26694]
Registration.c(111): To location "https://petstore.octoperf.com/actions/Catalog.action"  	[MsgId: MMSG-26693]
AddToCard.c(88): Notify: Transaction "PetStore_AddToCard_T04" started.	[MsgId: MMSG-16999]
AddToCard.c(90): web_reg_find started  	[MsgId: MMSG-26355]
AddToCard.c(90): Registering web_reg_find was successful  	[MsgId: MMSG-26390]
AddToCard.c(94): web_link("Add to Cart") started  	[MsgId: MMSG-26355]
AddToCard.c(94): Linking to "https://petstore.octoperf.com/actions/Cart.action?addItemToCart=&workingItemId=EST-18", Target Frame=""  	[MsgId: MMSG-27994]
Registration.c(137): Notify: Transaction "PetStore_SignOut_T05" started.	[MsgId: MMSG-16999]
Registration.c(139): web_reg_find started  	[MsgId: MMSG-26355]
Registration.c(139): Registering web_reg_find was successful  	[MsgId: MMSG-26390]
Registration.c(142): web_url("Account.action_2") started  	[MsgId: MMSG-26355]
Registration.c(111): Resource "https://petstore.octoperf.com/css/jpetstore.css" is in the cache already and will not be downloaded again  	[MsgId: MMSG-26655]
Registration.c(111): Resource "https://petstore.octoperf.com/images/logo-topbar.svg" is in the cache already and will not be downloaded again  	[MsgId: MMSG-26655]
Registration.c(111): Resource "https://petstore.octoperf.com/images/cart.gif" is in the cache already and will not be downloaded again  	[MsgId: MMSG-26655]
Registration.c(111): Resource "https://petstore.octoperf.com/images/separator.gif" is in the cache already and will not be downloaded again  	[MsgId: MMSG-26655]
Registration.c(111): Resource "https://petstore.octoperf.com/images/sm_fish.gif" is in the cache already and will not be downloaded again  	[MsgId: MMSG-26655]
Registration.c(111): Resource "https://petstore.octoperf.com/images/sm_dogs.gif" is in the cache already and will not be downloaded again  	[MsgId: MMSG-26655]
Registration.c(111): Resource "https://petstore.octoperf.com/images/sm_reptiles.gif" is in the cache already and will not be downloaded again  	[MsgId: MMSG-26655]
Registration.c(111): Resource "https://petstore.octoperf.com/images/sm_cats.gif" is in the cache already and will not be downloaded again  	[MsgId: MMSG-26655]
Registration.c(111): Resource "https://petstore.octoperf.com/images/sm_birds.gif" is in the cache already and will not be downloaded again  	[MsgId: MMSG-26655]
Registration.c(111): Resource "https://petstore.octoperf.com/images/fish_icon.gif" is in the cache already and will not be downloaded again  	[MsgId: MMSG-26655]
Registration.c(111): Resource "https://petstore.octoperf.com/images/dogs_icon.gif" is in the cache already and will not be downloaded again  	[MsgId: MMSG-26655]
Registration.c(111): Resource "https://petstore.octoperf.com/images/cats_icon.gif" is in the cache already and will not be downloaded again  	[MsgId: MMSG-26655]
Registration.c(111): Resource "https://petstore.octoperf.com/images/reptiles_icon.gif" is in the cache already and will not be downloaded again  	[MsgId: MMSG-26655]
Registration.c(111): Resource "https://petstore.octoperf.com/images/birds_icon.gif" is in the cache already and will not be downloaded again  	[MsgId: MMSG-26655]
Registration.c(111): Resource "https://petstore.octoperf.com/images/splash.gif" is in the cache already and will not be downloaded again  	[MsgId: MMSG-26655]
Registration.c(111): Registered web_reg_find successful for "Text=Elevate you load-testing" (count=1)  	[MsgId: MMSG-26364]
Registration.c(111): web_submit_form("Account.action") was successful, 4736 body bytes, 443 header bytes  	[MsgId: MMSG-26386]
Registration.c(133): Notify: Transaction "PetStore_SubmitRegistration_T04" ended with a "Pass" status (Duration: 0.8889 Wasted Time: 0.0000).	[MsgId: MMSG-16871]
Registration.c(135): lr_think_time: 4.94 seconds (recorded think time was 5.00 seconds).	[MsgId: MMSG-15947]
AddToCard.c(94): Resource "https://petstore.octoperf.com/css/jpetstore.css" is in the cache already and will not be downloaded again  	[MsgId: MMSG-26655]
AddToCard.c(94): Resource "https://petstore.octoperf.com/images/logo-topbar.svg" is in the cache already and will not be downloaded again  	[MsgId: MMSG-26655]
AddToCard.c(94): Resource "https://petstore.octoperf.com/images/cart.gif" is in the cache already and will not be downloaded again  	[MsgId: MMSG-26655]
AddToCard.c(94): Resource "https://petstore.octoperf.com/images/separator.gif" is in the cache already and will not be downloaded again  	[MsgId: MMSG-26655]
AddToCard.c(94): Resource "https://petstore.octoperf.com/images/sm_fish.gif" is in the cache already and will not be downloaded again  	[MsgId: MMSG-26655]
AddToCard.c(94): Resource "https://petstore.octoperf.com/images/sm_dogs.gif" is in the cache already and will not be downloaded again  	[MsgId: MMSG-26655]
AddToCard.c(94): Resource "https://petstore.octoperf.com/images/sm_reptiles.gif" is in the cache already and will not be downloaded again  	[MsgId: MMSG-26655]
AddToCard.c(94): Resource "https://petstore.octoperf.com/images/sm_cats.gif" is in the cache already and will not be downloaded again  	[MsgId: MMSG-26655]
AddToCard.c(94): Resource "https://petstore.octoperf.com/images/sm_birds.gif" is in the cache already and will not be downloaded again  	[MsgId: MMSG-26655]
AddToCard.c(94): Resource "https://petstore.octoperf.com/images/banner_fish.gif" is in the cache already and will not be downloaded again  	[MsgId: MMSG-26655]
AddToCard.c(94): Registered web_reg_find successful for "Text=Shopping Cart" (count=1)  	[MsgId: MMSG-26364]
Registration.c(142): Redirecting "https://petstore.octoperf.com/actions/Account.action?signoff=" (redirection depth is 0)  	[MsgId: MMSG-26694]
AddToCard.c(94): web_link("Add to Cart") was successful, 4643 body bytes, 225 header bytes  	[MsgId: MMSG-26386]
Registration.c(142): To location "https://petstore.octoperf.com/actions/Catalog.action"  	[MsgId: MMSG-26693]
AddToCard.c(99): Notify: Transaction "PetStore_AddToCard_T04" ended with a "Pass" status (Duration: 0.1302 Wasted Time: 0.0000).	[MsgId: MMSG-16871]
Ending action AddToCard.	[MsgId: MMSG-15918]
Action was aborted.	[MsgId: MMSG-10694]
Ending Vuser...	[MsgId: MMSG-15966]
Starting action vuser_end.	[MsgId: MMSG-15919]
vuser_end.c(4): Notify: Transaction "PetStore_SignOut_T01" started.	[MsgId: MMSG-16999]
vuser_end.c(6): web_reg_find started  	[MsgId: MMSG-26355]
vuser_end.c(6): Registering web_reg_find was successful  	[MsgId: MMSG-26390]
vuser_end.c(9): web_url("Account.action_2") started  	[MsgId: MMSG-26355]
vuser_end.c(9): Redirecting "https://petstore.octoperf.com/actions/Account.action?signoff=" (redirection depth is 0)  	[MsgId: MMSG-26694]
vuser_end.c(9): To location "https://petstore.octoperf.com/actions/Catalog.action"  	[MsgId: MMSG-26693]
Registration.c(142): Resource "https://petstore.octoperf.com/css/jpetstore.css" is in the cache already and will not be downloaded again  	[MsgId: MMSG-26655]
Registration.c(142): Resource "https://petstore.octoperf.com/images/logo-topbar.svg" is in the cache already and will not be downloaded again  	[MsgId: MMSG-26655]
Registration.c(142): Resource "https://petstore.octoperf.com/images/cart.gif" is in the cache already and will not be downloaded again  	[MsgId: MMSG-26655]
Registration.c(142): Resource "https://petstore.octoperf.com/images/separator.gif" is in the cache already and will not be downloaded again  	[MsgId: MMSG-26655]
Registration.c(142): Resource "https://petstore.octoperf.com/images/sm_fish.gif" is in the cache already and will not be downloaded again  	[MsgId: MMSG-26655]
Registration.c(142): Resource "https://petstore.octoperf.com/images/sm_dogs.gif" is in the cache already and will not be downloaded again  	[MsgId: MMSG-26655]
Registration.c(142): Resource "https://petstore.octoperf.com/images/sm_reptiles.gif" is in the cache already and will not be downloaded again  	[MsgId: MMSG-26655]
Registration.c(142): Resource "https://petstore.octoperf.com/images/sm_cats.gif" is in the cache already and will not be downloaded again  	[MsgId: MMSG-26655]
Registration.c(142): Resource "https://petstore.octoperf.com/images/sm_birds.gif" is in the cache already and will not be downloaded again  	[MsgId: MMSG-26655]
Registration.c(142): Resource "https://petstore.octoperf.com/images/fish_icon.gif" is in the cache already and will not be downloaded again  	[MsgId: MMSG-26655]
Registration.c(142): Resource "https://petstore.octoperf.com/images/dogs_icon.gif" is in the cache already and will not be downloaded again  	[MsgId: MMSG-26655]
Registration.c(142): Resource "https://petstore.octoperf.com/images/cats_icon.gif" is in the cache already and will not be downloaded again  	[MsgId: MMSG-26655]
Registration.c(142): Resource "https://petstore.octoperf.com/images/reptiles_icon.gif" is in the cache already and will not be downloaded again  	[MsgId: MMSG-26655]
Registration.c(142): Resource "https://petstore.octoperf.com/images/birds_icon.gif" is in the cache already and will not be downloaded again  	[MsgId: MMSG-26655]
Registration.c(142): Resource "https://petstore.octoperf.com/images/splash.gif" is in the cache already and will not be downloaded again  	[MsgId: MMSG-26655]
Registration.c(142): Registered web_reg_find successful for "Text=Sign In" (count=1)  	[MsgId: MMSG-26364]
Registration.c(142): web_url("Account.action_2") was successful, 4736 body bytes, 518 header bytes  	[MsgId: MMSG-26386]
Registration.c(151): Notify: Transaction "PetStore_SignOut_T05" ended with a "Pass" status (Duration: 0.2602 Wasted Time: 0.0000).	[MsgId: MMSG-16871]
Login.c(4): Notify: Transaction "PetStore_ClickOnSignIn_T01" started.	[MsgId: MMSG-16999]
Login.c(6): web_reg_find started  	[MsgId: MMSG-26355]
Login.c(6): Registering web_reg_find was successful  	[MsgId: MMSG-26390]
Login.c(9): web_link("Sign In") started  	[MsgId: MMSG-26355]
Login.c(9): Linking to "https://petstore.octoperf.com/actions/Account.action?signonForm=", Target Frame=""  	[MsgId: MMSG-27994]
vuser_end.c(9): Resource "https://petstore.octoperf.com/css/jpetstore.css" is in the cache already and will not be downloaded again  	[MsgId: MMSG-26655]
vuser_end.c(9): Resource "https://petstore.octoperf.com/images/logo-topbar.svg" is in the cache already and will not be downloaded again  	[MsgId: MMSG-26655]
vuser_end.c(9): Resource "https://petstore.octoperf.com/images/cart.gif" is in the cache already and will not be downloaded again  	[MsgId: MMSG-26655]
vuser_end.c(9): Resource "https://petstore.octoperf.com/images/separator.gif" is in the cache already and will not be downloaded again  	[MsgId: MMSG-26655]
vuser_end.c(9): Resource "https://petstore.octoperf.com/images/sm_fish.gif" is in the cache already and will not be downloaded again  	[MsgId: MMSG-26655]
vuser_end.c(9): Resource "https://petstore.octoperf.com/images/sm_dogs.gif" is in the cache already and will not be downloaded again  	[MsgId: MMSG-26655]
vuser_end.c(9): Resource "https://petstore.octoperf.com/images/sm_reptiles.gif" is in the cache already and will not be downloaded again  	[MsgId: MMSG-26655]
vuser_end.c(9): Resource "https://petstore.octoperf.com/images/sm_cats.gif" is in the cache already and will not be downloaded again  	[MsgId: MMSG-26655]
vuser_end.c(9): Resource "https://petstore.octoperf.com/images/sm_birds.gif" is in the cache already and will not be downloaded again  	[MsgId: MMSG-26655]
vuser_end.c(9): Resource "https://petstore.octoperf.com/images/fish_icon.gif" is in the cache already and will not be downloaded again  	[MsgId: MMSG-26655]
vuser_end.c(9): Resource "https://petstore.octoperf.com/images/dogs_icon.gif" is in the cache already and will not be downloaded again  	[MsgId: MMSG-26655]
vuser_end.c(9): Resource "https://petstore.octoperf.com/images/cats_icon.gif" is in the cache already and will not be downloaded again  	[MsgId: MMSG-26655]
vuser_end.c(9): Resource "https://petstore.octoperf.com/images/reptiles_icon.gif" is in the cache already and will not be downloaded again  	[MsgId: MMSG-26655]
vuser_end.c(9): Resource "https://petstore.octoperf.com/images/birds_icon.gif" is in the cache already and will not be downloaded again  	[MsgId: MMSG-26655]
vuser_end.c(9): Resource "https://petstore.octoperf.com/images/splash.gif" is in the cache already and will not be downloaded again  	[MsgId: MMSG-26655]
vuser_end.c(9): Registered web_reg_find successful for "Text=Sign In" (count=1)  	[MsgId: MMSG-26364]
vuser_end.c(9): web_url("Account.action_2") was successful, 4736 body bytes, 518 header bytes  	[MsgId: MMSG-26386]
vuser_end.c(18): Notify: Transaction "PetStore_SignOut_T01" ended with a "Pass" status (Duration: 0.2511 Wasted Time: 0.0000).	[MsgId: MMSG-16871]
vuser_end.c(20): Script Exection done sucessfully	[MsgId: MMSG-17999]
vuser_end.c(21): web_cache_cleanup started  	[MsgId: MMSG-26355]
vuser_end.c(21): web_cache_cleanup was successful  	[MsgId: MMSG-26392]
vuser_end.c(22): web_cleanup_cookies started  	[MsgId: MMSG-26355]
vuser_end.c(22): web_cleanup_cookies was successful  	[MsgId: MMSG-26392]
Ending action vuser_end.	[MsgId: MMSG-15918]
Vuser Terminated.	[MsgId: MMSG-15963]
Vuser 2 (thread 1772), ended OK."	[MsgId: MMSG-10695]
Login.c(9): Resource "https://petstore.octoperf.com/css/jpetstore.css" is in the cache already and will not be downloaded again  	[MsgId: MMSG-26655]
Login.c(9): Resource "https://petstore.octoperf.com/images/logo-topbar.svg" is in the cache already and will not be downloaded again  	[MsgId: MMSG-26655]
Login.c(9): Resource "https://petstore.octoperf.com/images/cart.gif" is in the cache already and will not be downloaded again  	[MsgId: MMSG-26655]
Login.c(9): Resource "https://petstore.octoperf.com/images/separator.gif" is in the cache already and will not be downloaded again  	[MsgId: MMSG-26655]
Login.c(9): Resource "https://petstore.octoperf.com/images/sm_fish.gif" is in the cache already and will not be downloaded again  	[MsgId: MMSG-26655]
Login.c(9): Resource "https://petstore.octoperf.com/images/sm_dogs.gif" is in the cache already and will not be downloaded again  	[MsgId: MMSG-26655]
Login.c(9): Resource "https://petstore.octoperf.com/images/sm_reptiles.gif" is in the cache already and will not be downloaded again  	[MsgId: MMSG-26655]
Login.c(9): Resource "https://petstore.octoperf.com/images/sm_cats.gif" is in the cache already and will not be downloaded again  	[MsgId: MMSG-26655]
Login.c(9): Resource "https://petstore.octoperf.com/images/sm_birds.gif" is in the cache already and will not be downloaded again  	[MsgId: MMSG-26655]
Login.c(9): Registered web_reg_find successful for "Text=Please enter your username and password" (count=1)  	[MsgId: MMSG-26364]
Login.c(9): web_link("Sign In") was successful, 3858 body bytes, 225 header bytes  	[MsgId: MMSG-26386]
Login.c(13): Notify: Transaction "PetStore_ClickOnSignIn_T01" ended with a "Pass" status (Duration: 0.1287 Wasted Time: 0.0000).	[MsgId: MMSG-16871]
Login.c(15): lr_think_time: 2.73 seconds (recorded think time was 5.00 seconds).	[MsgId: MMSG-15947]
AddToCard.c(88): Notify: Transaction "PetStore_AddToCard_T04" started.	[MsgId: MMSG-16999]
AddToCard.c(90): web_reg_find started  	[MsgId: MMSG-26355]
AddToCard.c(90): Registering web_reg_find was successful  	[MsgId: MMSG-26390]
AddToCard.c(94): web_link("Add to Cart") started  	[MsgId: MMSG-26355]
AddToCard.c(94): Linking to "https://petstore.octoperf.com/actions/Cart.action?addItemToCart=&workingItemId=EST-19", Target Frame=""  	[MsgId: MMSG-27994]
AddToCard.c(94): Resource "https://petstore.octoperf.com/css/jpetstore.css" is in the cache already and will not be downloaded again  	[MsgId: MMSG-26655]
AddToCard.c(94): Resource "https://petstore.octoperf.com/images/logo-topbar.svg" is in the cache already and will not be downloaded again  	[MsgId: MMSG-26655]
AddToCard.c(94): Resource "https://petstore.octoperf.com/images/cart.gif" is in the cache already and will not be downloaded again  	[MsgId: MMSG-26655]
AddToCard.c(94): Resource "https://petstore.octoperf.com/images/separator.gif" is in the cache already and will not be downloaded again  	[MsgId: MMSG-26655]
AddToCard.c(94): Resource "https://petstore.octoperf.com/images/sm_fish.gif" is in the cache already and will not be downloaded again  	[MsgId: MMSG-26655]
AddToCard.c(94): Resource "https://petstore.octoperf.com/images/sm_dogs.gif" is in the cache already and will not be downloaded again  	[MsgId: MMSG-26655]
AddToCard.c(94): Resource "https://petstore.octoperf.com/images/sm_reptiles.gif" is in the cache already and will not be downloaded again  	[MsgId: MMSG-26655]
AddToCard.c(94): Resource "https://petstore.octoperf.com/images/sm_cats.gif" is in the cache already and will not be downloaded again  	[MsgId: MMSG-26655]
AddToCard.c(94): Resource "https://petstore.octoperf.com/images/sm_birds.gif" is in the cache already and will not be downloaded again  	[MsgId: MMSG-26655]
AddToCard.c(94): Resource "https://petstore.octoperf.com/images/banner_fish.gif" is in the cache already and will not be downloaded again  	[MsgId: MMSG-26655]
AddToCard.c(94): Registered web_reg_find successful for "Text=Shopping Cart" (count=1)  	[MsgId: MMSG-26364]
AddToCard.c(94): web_link("Add to Cart") was successful, 4632 body bytes, 225 header bytes  	[MsgId: MMSG-26386]
AddToCard.c(99): Notify: Transaction "PetStore_AddToCard_T04" ended with a "Pass" status (Duration: 0.1304 Wasted Time: 0.0000).	[MsgId: MMSG-16871]
Ending action AddToCard.	[MsgId: MMSG-15918]
Action was aborted.	[MsgId: MMSG-10694]
Ending Vuser...	[MsgId: MMSG-15966]
Starting action vuser_end.	[MsgId: MMSG-15919]
vuser_end.c(4): Notify: Transaction "PetStore_SignOut_T01" started.	[MsgId: MMSG-16999]
vuser_end.c(6): web_reg_find started  	[MsgId: MMSG-26355]
vuser_end.c(6): Registering web_reg_find was successful  	[MsgId: MMSG-26390]
vuser_end.c(9): web_url("Account.action_2") started  	[MsgId: MMSG-26355]
vuser_end.c(9): Redirecting "https://petstore.octoperf.com/actions/Account.action?signoff=" (redirection depth is 0)  	[MsgId: MMSG-26694]
vuser_end.c(9): To location "https://petstore.octoperf.com/actions/Catalog.action"  	[MsgId: MMSG-26693]
vuser_end.c(9): Resource "https://petstore.octoperf.com/css/jpetstore.css" is in the cache already and will not be downloaded again  	[MsgId: MMSG-26655]
vuser_end.c(9): Resource "https://petstore.octoperf.com/images/logo-topbar.svg" is in the cache already and will not be downloaded again  	[MsgId: MMSG-26655]
vuser_end.c(9): Resource "https://petstore.octoperf.com/images/cart.gif" is in the cache already and will not be downloaded again  	[MsgId: MMSG-26655]
vuser_end.c(9): Resource "https://petstore.octoperf.com/images/separator.gif" is in the cache already and will not be downloaded again  	[MsgId: MMSG-26655]
vuser_end.c(9): Resource "https://petstore.octoperf.com/images/sm_fish.gif" is in the cache already and will not be downloaded again  	[MsgId: MMSG-26655]
vuser_end.c(9): Resource "https://petstore.octoperf.com/images/sm_dogs.gif" is in the cache already and will not be downloaded again  	[MsgId: MMSG-26655]
vuser_end.c(9): Resource "https://petstore.octoperf.com/images/sm_reptiles.gif" is in the cache already and will not be downloaded again  	[MsgId: MMSG-26655]
vuser_end.c(9): Resource "https://petstore.octoperf.com/images/sm_cats.gif" is in the cache already and will not be downloaded again  	[MsgId: MMSG-26655]
vuser_end.c(9): Resource "https://petstore.octoperf.com/images/sm_birds.gif" is in the cache already and will not be downloaded again  	[MsgId: MMSG-26655]
vuser_end.c(9): Resource "https://petstore.octoperf.com/images/fish_icon.gif" is in the cache already and will not be downloaded again  	[MsgId: MMSG-26655]
vuser_end.c(9): Resource "https://petstore.octoperf.com/images/dogs_icon.gif" is in the cache already and will not be downloaded again  	[MsgId: MMSG-26655]
vuser_end.c(9): Resource "https://petstore.octoperf.com/images/cats_icon.gif" is in the cache already and will not be downloaded again  	[MsgId: MMSG-26655]
vuser_end.c(9): Resource "https://petstore.octoperf.com/images/reptiles_icon.gif" is in the cache already and will not be downloaded again  	[MsgId: MMSG-26655]
vuser_end.c(9): Resource "https://petstore.octoperf.com/images/birds_icon.gif" is in the cache already and will not be downloaded again  	[MsgId: MMSG-26655]
vuser_end.c(9): Resource "https://petstore.octoperf.com/images/splash.gif" is in the cache already and will not be downloaded again  	[MsgId: MMSG-26655]
vuser_end.c(9): Registered web_reg_find successful for "Text=Sign In" (count=1)  	[MsgId: MMSG-26364]
vuser_end.c(9): web_url("Account.action_2") was successful, 4736 body bytes, 518 header bytes  	[MsgId: MMSG-26386]
vuser_end.c(18): Notify: Transaction "PetStore_SignOut_T01" ended with a "Pass" status (Duration: 0.2589 Wasted Time: 0.0000).	[MsgId: MMSG-16871]
vuser_end.c(20): Script Exection done sucessfully	[MsgId: MMSG-17999]
vuser_end.c(21): web_cache_cleanup started  	[MsgId: MMSG-26355]
vuser_end.c(21): web_cache_cleanup was successful  	[MsgId: MMSG-26392]
vuser_end.c(22): web_cleanup_cookies started  	[MsgId: MMSG-26355]
vuser_end.c(22): web_cleanup_cookies was successful  	[MsgId: MMSG-26392]
Ending action vuser_end.	[MsgId: MMSG-15918]
Vuser Terminated.	[MsgId: MMSG-15963]
Vuser 1 (thread 5412), ended OK."	[MsgId: MMSG-10695]
Registration.c(29): Notify: Transaction "PetStore_ClickOnSignIn_T02" started.	[MsgId: MMSG-16999]
Registration.c(31): web_reg_find started  	[MsgId: MMSG-26355]
Registration.c(31): Registering web_reg_find was successful  	[MsgId: MMSG-26390]
Registration.c(34): web_link("Sign In") started  	[MsgId: MMSG-26355]
Registration.c(34): Linking to "https://petstore.octoperf.com/actions/Account.action;jsessionid=42411F6975C8052EC194EEE0B92ACA42?signonForm=", Target Frame=""  	[MsgId: MMSG-27994]
Registration.c(29): Notify: Transaction "PetStore_ClickOnSignIn_T02" started.	[MsgId: MMSG-16999]
Registration.c(31): web_reg_find started  	[MsgId: MMSG-26355]
Registration.c(31): Registering web_reg_find was successful  	[MsgId: MMSG-26390]
Registration.c(34): web_link("Sign In") started  	[MsgId: MMSG-26355]
Registration.c(34): Linking to "https://petstore.octoperf.com/actions/Account.action;jsessionid=8ED54825F46E2F7029BD25D831D0DD67?signonForm=", Target Frame=""  	[MsgId: MMSG-27994]
Registration.c(43): Notify: Transaction "PetStore_ClickOnRegistration_T03" started.	[MsgId: MMSG-16999]
Registration.c(45): web_reg_find started  	[MsgId: MMSG-26355]
Registration.c(45): Registering web_reg_find was successful  	[MsgId: MMSG-26390]
Registration.c(48): web_link("Register Now!") started  	[MsgId: MMSG-26355]
Registration.c(48): Linking to "https://petstore.octoperf.com/actions/Account.action?newAccountForm=", Target Frame=""  	[MsgId: MMSG-27994]
Registration.c(34): Resource "https://petstore.octoperf.com/css/jpetstore.css" is in the cache already and will not be downloaded again  	[MsgId: MMSG-26655]
Registration.c(34): Resource "https://petstore.octoperf.com/images/logo-topbar.svg" is in the cache already and will not be downloaded again  	[MsgId: MMSG-26655]
Registration.c(34): Resource "https://petstore.octoperf.com/images/cart.gif" is in the cache already and will not be downloaded again  	[MsgId: MMSG-26655]
Registration.c(34): Resource "https://petstore.octoperf.com/images/separator.gif" is in the cache already and will not be downloaded again  	[MsgId: MMSG-26655]
Registration.c(34): Resource "https://petstore.octoperf.com/images/sm_fish.gif" is in the cache already and will not be downloaded again  	[MsgId: MMSG-26655]
Registration.c(34): Resource "https://petstore.octoperf.com/images/sm_dogs.gif" is in the cache already and will not be downloaded again  	[MsgId: MMSG-26655]
Registration.c(34): Resource "https://petstore.octoperf.com/images/sm_reptiles.gif" is in the cache already and will not be downloaded again  	[MsgId: MMSG-26655]
Registration.c(34): Resource "https://petstore.octoperf.com/images/sm_cats.gif" is in the cache already and will not be downloaded again  	[MsgId: MMSG-26655]
Registration.c(34): Resource "https://petstore.octoperf.com/images/sm_birds.gif" is in the cache already and will not be downloaded again  	[MsgId: MMSG-26655]
Registration.c(34): Registered web_reg_find successful for "Text=Please enter your username and password" (count=1)  	[MsgId: MMSG-26364]
Registration.c(34): web_link("Sign In") was successful, 3858 body bytes, 225 header bytes  	[MsgId: MMSG-26386]
Registration.c(39): Notify: Transaction "PetStore_ClickOnSignIn_T02" ended with a "Pass" status (Duration: 0.1281 Wasted Time: 0.0000).	[MsgId: MMSG-16871]
Registration.c(41): lr_think_time: 3.15 seconds (recorded think time was 5.00 seconds).	[MsgId: MMSG-15947]
Registration.c(34): Resource "https://petstore.octoperf.com/css/jpetstore.css" is in the cache already and will not be downloaded again  	[MsgId: MMSG-26655]
Registration.c(34): Resource "https://petstore.octoperf.com/images/logo-topbar.svg" is in the cache already and will not be downloaded again  	[MsgId: MMSG-26655]
Registration.c(34): Resource "https://petstore.octoperf.com/images/cart.gif" is in the cache already and will not be downloaded again  	[MsgId: MMSG-26655]
Registration.c(34): Resource "https://petstore.octoperf.com/images/separator.gif" is in the cache already and will not be downloaded again  	[MsgId: MMSG-26655]
Registration.c(34): Resource "https://petstore.octoperf.com/images/sm_fish.gif" is in the cache already and will not be downloaded again  	[MsgId: MMSG-26655]
Registration.c(34): Resource "https://petstore.octoperf.com/images/sm_dogs.gif" is in the cache already and will not be downloaded again  	[MsgId: MMSG-26655]
Registration.c(34): Resource "https://petstore.octoperf.com/images/sm_reptiles.gif" is in the cache already and will not be downloaded again  	[MsgId: MMSG-26655]
Registration.c(34): Resource "https://petstore.octoperf.com/images/sm_cats.gif" is in the cache already and will not be downloaded again  	[MsgId: MMSG-26655]
Registration.c(34): Resource "https://petstore.octoperf.com/images/sm_birds.gif" is in the cache already and will not be downloaded again  	[MsgId: MMSG-26655]
Registration.c(34): Registered web_reg_find successful for "Text=Please enter your username and password" (count=1)  	[MsgId: MMSG-26364]
Registration.c(34): web_link("Sign In") was successful, 3858 body bytes, 225 header bytes  	[MsgId: MMSG-26386]
Registration.c(39): Notify: Transaction "PetStore_ClickOnSignIn_T02" ended with a "Pass" status (Duration: 0.1286 Wasted Time: 0.0000).	[MsgId: MMSG-16871]
Registration.c(41): lr_think_time: 3.49 seconds (recorded think time was 5.00 seconds).	[MsgId: MMSG-15947]
Registration.c(48): Resource "https://petstore.octoperf.com/css/jpetstore.css" is in the cache already and will not be downloaded again  	[MsgId: MMSG-26655]
Registration.c(48): Resource "https://petstore.octoperf.com/images/logo-topbar.svg" is in the cache already and will not be downloaded again  	[MsgId: MMSG-26655]
Registration.c(48): Resource "https://petstore.octoperf.com/images/cart.gif" is in the cache already and will not be downloaded again  	[MsgId: MMSG-26655]
Registration.c(48): Resource "https://petstore.octoperf.com/images/separator.gif" is in the cache already and will not be downloaded again  	[MsgId: MMSG-26655]
Registration.c(48): Resource "https://petstore.octoperf.com/images/sm_fish.gif" is in the cache already and will not be downloaded again  	[MsgId: MMSG-26655]
Registration.c(48): Resource "https://petstore.octoperf.com/images/sm_dogs.gif" is in the cache already and will not be downloaded again  	[MsgId: MMSG-26655]
Registration.c(48): Resource "https://petstore.octoperf.com/images/sm_reptiles.gif" is in the cache already and will not be downloaded again  	[MsgId: MMSG-26655]
Registration.c(48): Resource "https://petstore.octoperf.com/images/sm_cats.gif" is in the cache already and will not be downloaded again  	[MsgId: MMSG-26655]
Registration.c(48): Resource "https://petstore.octoperf.com/images/sm_birds.gif" is in the cache already and will not be downloaded again  	[MsgId: MMSG-26655]
Registration.c(48): Registered web_reg_find successful for "Text=User Information" (count=1)  	[MsgId: MMSG-26364]
Registration.c(48): web_link("Register Now!") was successful, 5821 body bytes, 225 header bytes  	[MsgId: MMSG-26386]
Registration.c(53): Notify: Transaction "PetStore_ClickOnRegistration_T03" ended with a "Pass" status (Duration: 0.1270 Wasted Time: 0.0000).	[MsgId: MMSG-16871]
Registration.c(55): lr_think_time: 4.34 seconds (recorded think time was 5.00 seconds).	[MsgId: MMSG-15947]
AddToCard.c(40): Notify: Transaction "PetStore_SelectProductId_T02" started.	[MsgId: MMSG-16999]
AddToCard.c(43): Notify: Parameter Substitution: parameter "productId_count" =  "4"	[MsgId: MMSG-13992]
AddToCard.c(44): Notify: Parameter Substitution: parameter "productId_1" =  "FI-SW-01"	[MsgId: MMSG-13992]
AddToCard.c(46): Notify: Saving Parameter "RandproductId = FI-SW-01".	[MsgId: MMSG-13798]
AddToCard.c(47): Notify: Parameter Substitution: parameter "RandproductId" =  "FI-SW-01"	[MsgId: MMSG-13992]
AddToCard.c(47): Random category selected in Action2 = FI-SW-01	[MsgId: MMSG-17999]
AddToCard.c(49): web_reg_find started  	[MsgId: MMSG-26355]
AddToCard.c(49): Notify: Parameter Substitution: parameter "RandproductId" =  "FI-SW-01"	[MsgId: MMSG-13992]
AddToCard.c(49): Registering web_reg_find was successful  	[MsgId: MMSG-26390]
AddToCard.c(51): web_reg_save_param_regexp started  	[MsgId: MMSG-26355]
AddToCard.c(51): Registering web_reg_save_param_regexp was successful  	[MsgId: MMSG-26390]
AddToCard.c(58): web_link("{RandproductId}") started  	[MsgId: MMSG-26355]
AddToCard.c(58): Notify: Parameter Substitution: parameter "RandproductId" =  "FI-SW-01"	[MsgId: MMSG-13992]
AddToCard.c(58): Linking to "https://petstore.octoperf.com/actions/Catalog.action?viewProduct=&productId=FI-SW-01", Target Frame=""  	[MsgId: MMSG-27994]
AddToCard.c(58): Resource "https://petstore.octoperf.com/css/jpetstore.css" is in the cache already and will not be downloaded again  	[MsgId: MMSG-26655]
AddToCard.c(58): Resource "https://petstore.octoperf.com/images/logo-topbar.svg" is in the cache already and will not be downloaded again  	[MsgId: MMSG-26655]
AddToCard.c(58): Resource "https://petstore.octoperf.com/images/cart.gif" is in the cache already and will not be downloaded again  	[MsgId: MMSG-26655]
AddToCard.c(58): Resource "https://petstore.octoperf.com/images/separator.gif" is in the cache already and will not be downloaded again  	[MsgId: MMSG-26655]
AddToCard.c(58): Resource "https://petstore.octoperf.com/images/sm_fish.gif" is in the cache already and will not be downloaded again  	[MsgId: MMSG-26655]
AddToCard.c(58): Resource "https://petstore.octoperf.com/images/sm_dogs.gif" is in the cache already and will not be downloaded again  	[MsgId: MMSG-26655]
AddToCard.c(58): Resource "https://petstore.octoperf.com/images/sm_reptiles.gif" is in the cache already and will not be downloaded again  	[MsgId: MMSG-26655]
AddToCard.c(58): Resource "https://petstore.octoperf.com/images/sm_cats.gif" is in the cache already and will not be downloaded again  	[MsgId: MMSG-26655]
AddToCard.c(58): Resource "https://petstore.octoperf.com/images/sm_birds.gif" is in the cache already and will not be downloaded again  	[MsgId: MMSG-26655]
AddToCard.c(58): Resource "https://petstore.octoperf.com/images/banner_fish.gif" is in the cache already and will not be downloaded again  	[MsgId: MMSG-26655]
AddToCard.c(58): Notify: Saving Parameter "itemId_1 = EST-1".	[MsgId: MMSG-13798]
AddToCard.c(58): Notify: Saving Parameter "itemId_2 = EST-2".	[MsgId: MMSG-13798]
AddToCard.c(58): Notify: Saving Parameter "itemId_count = 2".	[MsgId: MMSG-13798]
AddToCard.c(58): Registered web_reg_find successful for "Text=FI-SW-01" (count=2)  	[MsgId: MMSG-26364]
AddToCard.c(58): web_link("{RandproductId}") was successful, 4063 body bytes, 225 header bytes  	[MsgId: MMSG-26386]
AddToCard.c(63): Notify: Transaction "PetStore_SelectProductId_T02" ended with a "Pass" status (Duration: 0.1297 Wasted Time: 0.0003).	[MsgId: MMSG-16871]
AddToCard.c(65): lr_think_time: 3.78 seconds (recorded think time was 5.00 seconds).	[MsgId: MMSG-15947]
Login.c(17): Notify: Transaction "PetStore_Login_T01" started.	[MsgId: MMSG-16999]
Login.c(18): web_reg_find started  	[MsgId: MMSG-26355]
Login.c(18): Registering web_reg_find was successful  	[MsgId: MMSG-26390]
Login.c(20): web_reg_save_param_regexp started  	[MsgId: MMSG-26355]
Login.c(20): Registering web_reg_save_param_regexp was successful  	[MsgId: MMSG-26390]
Login.c(26): web_submit_form("Account.action") started  	[MsgId: MMSG-26355]
Login.c(26): Notify: Parameter Substitution: parameter "randomUsername" =  "KWAR"	[MsgId: MMSG-13992]
Login.c(26): Notify: Parameter Substitution: parameter "randompass" =  "xauj"	[MsgId: MMSG-13992]
Login.c(26): Submitting form to "https://petstore.octoperf.com/actions/Account.action", Target Frame=""  	[MsgId: MMSG-27978]
Login.c(26): Redirecting "https://petstore.octoperf.com/actions/Account.action" (redirection depth is 0)  	[MsgId: MMSG-26694]
Login.c(26): To location "https://petstore.octoperf.com/actions/Catalog.action"  	[MsgId: MMSG-26693]
Login.c(26): Resource "https://petstore.octoperf.com/css/jpetstore.css" is in the cache already and will not be downloaded again  	[MsgId: MMSG-26655]
Login.c(26): Resource "https://petstore.octoperf.com/images/logo-topbar.svg" is in the cache already and will not be downloaded again  	[MsgId: MMSG-26655]
Login.c(26): Resource "https://petstore.octoperf.com/images/cart.gif" is in the cache already and will not be downloaded again  	[MsgId: MMSG-26655]
Login.c(26): Resource "https://petstore.octoperf.com/images/separator.gif" is in the cache already and will not be downloaded again  	[MsgId: MMSG-26655]
Login.c(26): Resource "https://petstore.octoperf.com/images/sm_fish.gif" is in the cache already and will not be downloaded again  	[MsgId: MMSG-26655]
Login.c(26): Resource "https://petstore.octoperf.com/images/sm_dogs.gif" is in the cache already and will not be downloaded again  	[MsgId: MMSG-26655]
Login.c(26): Resource "https://petstore.octoperf.com/images/sm_reptiles.gif" is in the cache already and will not be downloaded again  	[MsgId: MMSG-26655]
Login.c(26): Resource "https://petstore.octoperf.com/images/sm_cats.gif" is in the cache already and will not be downloaded again  	[MsgId: MMSG-26655]
Login.c(26): Resource "https://petstore.octoperf.com/images/sm_birds.gif" is in the cache already and will not be downloaded again  	[MsgId: MMSG-26655]
Login.c(26): Resource "https://petstore.octoperf.com/images/fish_icon.gif" is in the cache already and will not be downloaded again  	[MsgId: MMSG-26655]
Login.c(26): Resource "https://petstore.octoperf.com/images/dogs_icon.gif" is in the cache already and will not be downloaded again  	[MsgId: MMSG-26655]
Login.c(26): Resource "https://petstore.octoperf.com/images/cats_icon.gif" is in the cache already and will not be downloaded again  	[MsgId: MMSG-26655]
Login.c(26): Resource "https://petstore.octoperf.com/images/reptiles_icon.gif" is in the cache already and will not be downloaded again  	[MsgId: MMSG-26655]
Login.c(26): Resource "https://petstore.octoperf.com/images/birds_icon.gif" is in the cache already and will not be downloaded again  	[MsgId: MMSG-26655]
Login.c(26): Resource "https://petstore.octoperf.com/images/splash.gif" is in the cache already and will not be downloaded again  	[MsgId: MMSG-26655]
Login.c(26): Found resource "https://petstore.octoperf.com/images/banner_fish.gif" in HTML "https://petstore.octoperf.com/actions/Catalog.action"  	[MsgId: MMSG-26659]
Login.c(26): Notify: Saving Parameter "ProductName_1 = BIRDS".	[MsgId: MMSG-13798]
Login.c(26): Notify: Saving Parameter "ProductName_2 = FISH".	[MsgId: MMSG-13798]
Login.c(26): Notify: Saving Parameter "ProductName_3 = DOGS".	[MsgId: MMSG-13798]
Login.c(26): Notify: Saving Parameter "ProductName_4 = REPTILES".	[MsgId: MMSG-13798]
Login.c(26): Notify: Saving Parameter "ProductName_5 = CATS".	[MsgId: MMSG-13798]
Login.c(26): Notify: Saving Parameter "ProductName_6 = BIRDS".	[MsgId: MMSG-13798]
Login.c(26): Notify: Saving Parameter "ProductName_count = 6".	[MsgId: MMSG-13798]
Login.c(26): Registered web_reg_find successful for "Text=My Account" (count=1)  	[MsgId: MMSG-26364]
Login.c(26): web_submit_form("Account.action") was successful, 11416 body bytes, 727 header bytes  	[MsgId: MMSG-26386]
Login.c(34): Notify: Transaction "PetStore_Login_T01" ended with a "Pass" status (Duration: 0.5112 Wasted Time: 0.0004).	[MsgId: MMSG-16871]
Ending action Login.	[MsgId: MMSG-15918]
Starting action AddToCard.	[MsgId: MMSG-15919]
AddToCard.c(8): Notify: Transaction "PetStore_AddAproduct_T01" started.	[MsgId: MMSG-16999]
AddToCard.c(11): Notify: Parameter Substitution: parameter "ProductName_count" =  "6"	[MsgId: MMSG-13992]
AddToCard.c(12): Notify: Parameter Substitution: parameter "ProductName_2" =  "FISH"	[MsgId: MMSG-13992]
AddToCard.c(14): Notify: Saving Parameter "RandCategory = FISH".	[MsgId: MMSG-13798]
AddToCard.c(15): Notify: Parameter Substitution: parameter "RandCategory" =  "FISH"	[MsgId: MMSG-13992]
AddToCard.c(15): Random category selected in Action2 = FISH	[MsgId: MMSG-17999]
AddToCard.c(17): web_reg_find started  	[MsgId: MMSG-26355]
AddToCard.c(17): Notify: Parameter Substitution: parameter "RandCategory" =  "FISH"	[MsgId: MMSG-13992]
AddToCard.c(17): Registering web_reg_find was successful  	[MsgId: MMSG-26390]
AddToCard.c(20): web_reg_save_param_regexp started  	[MsgId: MMSG-26355]
AddToCard.c(20): Registering web_reg_save_param_regexp was successful  	[MsgId: MMSG-26390]
AddToCard.c(27): web_url("Catalog.action_2") started  	[MsgId: MMSG-26355]
AddToCard.c(27): Notify: Parameter Substitution: parameter "RandCategory" =  "FISH"	[MsgId: MMSG-13992]
AddToCard.c(27): Resource "https://petstore.octoperf.com/css/jpetstore.css" is in the cache already and will not be downloaded again  	[MsgId: MMSG-26655]
AddToCard.c(27): Resource "https://petstore.octoperf.com/images/logo-topbar.svg" is in the cache already and will not be downloaded again  	[MsgId: MMSG-26655]
AddToCard.c(27): Resource "https://petstore.octoperf.com/images/cart.gif" is in the cache already and will not be downloaded again  	[MsgId: MMSG-26655]
AddToCard.c(27): Resource "https://petstore.octoperf.com/images/separator.gif" is in the cache already and will not be downloaded again  	[MsgId: MMSG-26655]
AddToCard.c(27): Resource "https://petstore.octoperf.com/images/sm_fish.gif" is in the cache already and will not be downloaded again  	[MsgId: MMSG-26655]
AddToCard.c(27): Resource "https://petstore.octoperf.com/images/sm_dogs.gif" is in the cache already and will not be downloaded again  	[MsgId: MMSG-26655]
AddToCard.c(27): Resource "https://petstore.octoperf.com/images/sm_reptiles.gif" is in the cache already and will not be downloaded again  	[MsgId: MMSG-26655]
AddToCard.c(27): Resource "https://petstore.octoperf.com/images/sm_cats.gif" is in the cache already and will not be downloaded again  	[MsgId: MMSG-26655]
AddToCard.c(27): Resource "https://petstore.octoperf.com/images/sm_birds.gif" is in the cache already and will not be downloaded again  	[MsgId: MMSG-26655]
AddToCard.c(27): Resource "https://petstore.octoperf.com/images/banner_fish.gif" is in the cache already and will not be downloaded again  	[MsgId: MMSG-26655]
AddToCard.c(27): Notify: Saving Parameter "productId_1 = FI-SW-01".	[MsgId: MMSG-13798]
AddToCard.c(27): Notify: Saving Parameter "productId_2 = FI-SW-02".	[MsgId: MMSG-13798]
AddToCard.c(27): Notify: Saving Parameter "productId_3 = FI-FW-01".	[MsgId: MMSG-13798]
AddToCard.c(27): Notify: Saving Parameter "productId_4 = FI-FW-02".	[MsgId: MMSG-13798]
AddToCard.c(27): Notify: Saving Parameter "productId_count = 4".	[MsgId: MMSG-13798]
AddToCard.c(27): Registered web_reg_find successful for "Text=FISH" (count=1)  	[MsgId: MMSG-26364]
AddToCard.c(27): web_url("Catalog.action_2") was successful, 3887 body bytes, 225 header bytes  	[MsgId: MMSG-26386]
AddToCard.c(36): Notify: Transaction "PetStore_AddAproduct_T01" ended with a "Pass" status (Duration: 0.1301 Wasted Time: 0.0004).	[MsgId: MMSG-16871]
AddToCard.c(38): lr_think_time: 3.98 seconds (recorded think time was 5.00 seconds).	[MsgId: MMSG-15947]
Registration.c(137): Notify: Transaction "PetStore_SignOut_T05" started.	[MsgId: MMSG-16999]
Registration.c(139): web_reg_find started  	[MsgId: MMSG-26355]
Registration.c(139): Registering web_reg_find was successful  	[MsgId: MMSG-26390]
Registration.c(142): web_url("Account.action_2") started  	[MsgId: MMSG-26355]
Registration.c(142): Redirecting "https://petstore.octoperf.com/actions/Account.action?signoff=" (redirection depth is 0)  	[MsgId: MMSG-26694]
Registration.c(142): To location "https://petstore.octoperf.com/actions/Catalog.action"  	[MsgId: MMSG-26693]
Registration.c(142): Resource "https://petstore.octoperf.com/css/jpetstore.css" is in the cache already and will not be downloaded again  	[MsgId: MMSG-26655]
Registration.c(142): Resource "https://petstore.octoperf.com/images/logo-topbar.svg" is in the cache already and will not be downloaded again  	[MsgId: MMSG-26655]
Registration.c(142): Resource "https://petstore.octoperf.com/images/cart.gif" is in the cache already and will not be downloaded again  	[MsgId: MMSG-26655]
Registration.c(142): Resource "https://petstore.octoperf.com/images/separator.gif" is in the cache already and will not be downloaded again  	[MsgId: MMSG-26655]
Registration.c(142): Resource "https://petstore.octoperf.com/images/sm_fish.gif" is in the cache already and will not be downloaded again  	[MsgId: MMSG-26655]
Registration.c(142): Resource "https://petstore.octoperf.com/images/sm_dogs.gif" is in the cache already and will not be downloaded again  	[MsgId: MMSG-26655]
Registration.c(142): Resource "https://petstore.octoperf.com/images/sm_reptiles.gif" is in the cache already and will not be downloaded again  	[MsgId: MMSG-26655]
Registration.c(142): Resource "https://petstore.octoperf.com/images/sm_cats.gif" is in the cache already and will not be downloaded again  	[MsgId: MMSG-26655]
Registration.c(142): Resource "https://petstore.octoperf.com/images/sm_birds.gif" is in the cache already and will not be downloaded again  	[MsgId: MMSG-26655]
Registration.c(142): Resource "https://petstore.octoperf.com/images/fish_icon.gif" is in the cache already and will not be downloaded again  	[MsgId: MMSG-26655]
Registration.c(142): Resource "https://petstore.octoperf.com/images/dogs_icon.gif" is in the cache already and will not be downloaded again  	[MsgId: MMSG-26655]
Registration.c(142): Resource "https://petstore.octoperf.com/images/cats_icon.gif" is in the cache already and will not be downloaded again  	[MsgId: MMSG-26655]
Registration.c(142): Resource "https://petstore.octoperf.com/images/reptiles_icon.gif" is in the cache already and will not be downloaded again  	[MsgId: MMSG-26655]
Registration.c(142): Resource "https://petstore.octoperf.com/images/birds_icon.gif" is in the cache already and will not be downloaded again  	[MsgId: MMSG-26655]
Registration.c(142): Resource "https://petstore.octoperf.com/images/splash.gif" is in the cache already and will not be downloaded again  	[MsgId: MMSG-26655]
Registration.c(142): Registered web_reg_find successful for "Text=Sign In" (count=1)  	[MsgId: MMSG-26364]
Registration.c(142): web_url("Account.action_2") was successful, 4736 body bytes, 518 header bytes  	[MsgId: MMSG-26386]
Registration.c(151): Notify: Transaction "PetStore_SignOut_T05" ended with a "Pass" status (Duration: 0.2571 Wasted Time: 0.0000).	[MsgId: MMSG-16871]
Login.c(4): Notify: Transaction "PetStore_ClickOnSignIn_T01" started.	[MsgId: MMSG-16999]
Login.c(6): web_reg_find started  	[MsgId: MMSG-26355]
Login.c(6): Registering web_reg_find was successful  	[MsgId: MMSG-26390]
Login.c(9): web_link("Sign In") started  	[MsgId: MMSG-26355]
Login.c(9): Linking to "https://petstore.octoperf.com/actions/Account.action?signonForm=", Target Frame=""  	[MsgId: MMSG-27994]
Login.c(9): Resource "https://petstore.octoperf.com/css/jpetstore.css" is in the cache already and will not be downloaded again  	[MsgId: MMSG-26655]
Login.c(9): Resource "https://petstore.octoperf.com/images/logo-topbar.svg" is in the cache already and will not be downloaded again  	[MsgId: MMSG-26655]
Login.c(9): Resource "https://petstore.octoperf.com/images/cart.gif" is in the cache already and will not be downloaded again  	[MsgId: MMSG-26655]
Login.c(9): Resource "https://petstore.octoperf.com/images/separator.gif" is in the cache already and will not be downloaded again  	[MsgId: MMSG-26655]
Login.c(9): Resource "https://petstore.octoperf.com/images/sm_fish.gif" is in the cache already and will not be downloaded again  	[MsgId: MMSG-26655]
Login.c(9): Resource "https://petstore.octoperf.com/images/sm_dogs.gif" is in the cache already and will not be downloaded again  	[MsgId: MMSG-26655]
Login.c(9): Resource "https://petstore.octoperf.com/images/sm_reptiles.gif" is in the cache already and will not be downloaded again  	[MsgId: MMSG-26655]
Login.c(9): Resource "https://petstore.octoperf.com/images/sm_cats.gif" is in the cache already and will not be downloaded again  	[MsgId: MMSG-26655]
Login.c(9): Resource "https://petstore.octoperf.com/images/sm_birds.gif" is in the cache already and will not be downloaded again  	[MsgId: MMSG-26655]
Login.c(9): Registered web_reg_find successful for "Text=Please enter your username and password" (count=1)  	[MsgId: MMSG-26364]
Login.c(9): web_link("Sign In") was successful, 3858 body bytes, 225 header bytes  	[MsgId: MMSG-26386]
Login.c(13): Notify: Transaction "PetStore_ClickOnSignIn_T01" ended with a "Pass" status (Duration: 0.1291 Wasted Time: 0.0000).	[MsgId: MMSG-16871]
Login.c(15): lr_think_time: 3.13 seconds (recorded think time was 5.00 seconds).	[MsgId: MMSG-15947]
Registration.c(43): Notify: Transaction "PetStore_ClickOnRegistration_T03" started.	[MsgId: MMSG-16999]
Registration.c(45): web_reg_find started  	[MsgId: MMSG-26355]
Registration.c(45): Registering web_reg_find was successful  	[MsgId: MMSG-26390]
Registration.c(48): web_link("Register Now!") started  	[MsgId: MMSG-26355]
Registration.c(48): Linking to "https://petstore.octoperf.com/actions/Account.action?newAccountForm=", Target Frame=""  	[MsgId: MMSG-27994]
Registration.c(48): Resource "https://petstore.octoperf.com/css/jpetstore.css" is in the cache already and will not be downloaded again  	[MsgId: MMSG-26655]
Registration.c(48): Resource "https://petstore.octoperf.com/images/logo-topbar.svg" is in the cache already and will not be downloaded again  	[MsgId: MMSG-26655]
Registration.c(48): Resource "https://petstore.octoperf.com/images/cart.gif" is in the cache already and will not be downloaded again  	[MsgId: MMSG-26655]
Registration.c(48): Resource "https://petstore.octoperf.com/images/separator.gif" is in the cache already and will not be downloaded again  	[MsgId: MMSG-26655]
Registration.c(48): Resource "https://petstore.octoperf.com/images/sm_fish.gif" is in the cache already and will not be downloaded again  	[MsgId: MMSG-26655]
Registration.c(48): Resource "https://petstore.octoperf.com/images/sm_dogs.gif" is in the cache already and will not be downloaded again  	[MsgId: MMSG-26655]
Registration.c(48): Resource "https://petstore.octoperf.com/images/sm_reptiles.gif" is in the cache already and will not be downloaded again  	[MsgId: MMSG-26655]
Registration.c(48): Resource "https://petstore.octoperf.com/images/sm_cats.gif" is in the cache already and will not be downloaded again  	[MsgId: MMSG-26655]
Registration.c(48): Resource "https://petstore.octoperf.com/images/sm_birds.gif" is in the cache already and will not be downloaded again  	[MsgId: MMSG-26655]
Registration.c(48): Registered web_reg_find successful for "Text=User Information" (count=1)  	[MsgId: MMSG-26364]
Registration.c(48): web_link("Register Now!") was successful, 5819 body bytes, 225 header bytes  	[MsgId: MMSG-26386]
Registration.c(53): Notify: Transaction "PetStore_ClickOnRegistration_T03" ended with a "Pass" status (Duration: 0.1276 Wasted Time: 0.0000).	[MsgId: MMSG-16871]
Registration.c(55): lr_think_time: 4.12 seconds (recorded think time was 5.00 seconds).	[MsgId: MMSG-15947]
Registration.c(43): Notify: Transaction "PetStore_ClickOnRegistration_T03" started.	[MsgId: MMSG-16999]
Registration.c(45): web_reg_find started  	[MsgId: MMSG-26355]
Registration.c(45): Registering web_reg_find was successful  	[MsgId: MMSG-26390]
Registration.c(48): web_link("Register Now!") started  	[MsgId: MMSG-26355]
Registration.c(48): Linking to "https://petstore.octoperf.com/actions/Account.action?newAccountForm=", Target Frame=""  	[MsgId: MMSG-27994]
Registration.c(48): Resource "https://petstore.octoperf.com/css/jpetstore.css" is in the cache already and will not be downloaded again  	[MsgId: MMSG-26655]
Registration.c(48): Resource "https://petstore.octoperf.com/images/logo-topbar.svg" is in the cache already and will not be downloaded again  	[MsgId: MMSG-26655]
Registration.c(48): Resource "https://petstore.octoperf.com/images/cart.gif" is in the cache already and will not be downloaded again  	[MsgId: MMSG-26655]
Registration.c(48): Resource "https://petstore.octoperf.com/images/separator.gif" is in the cache already and will not be downloaded again  	[MsgId: MMSG-26655]
Registration.c(48): Resource "https://petstore.octoperf.com/images/sm_fish.gif" is in the cache already and will not be downloaded again  	[MsgId: MMSG-26655]
Registration.c(48): Resource "https://petstore.octoperf.com/images/sm_dogs.gif" is in the cache already and will not be downloaded again  	[MsgId: MMSG-26655]
Registration.c(48): Resource "https://petstore.octoperf.com/images/sm_reptiles.gif" is in the cache already and will not be downloaded again  	[MsgId: MMSG-26655]
Registration.c(48): Resource "https://petstore.octoperf.com/images/sm_cats.gif" is in the cache already and will not be downloaded again  	[MsgId: MMSG-26655]
Registration.c(48): Resource "https://petstore.octoperf.com/images/sm_birds.gif" is in the cache already and will not be downloaded again  	[MsgId: MMSG-26655]
Registration.c(48): Registered web_reg_find successful for "Text=User Information" (count=1)  	[MsgId: MMSG-26364]
Registration.c(48): web_link("Register Now!") was successful, 5819 body bytes, 225 header bytes  	[MsgId: MMSG-26386]
Registration.c(53): Notify: Transaction "PetStore_ClickOnRegistration_T03" ended with a "Pass" status (Duration: 0.1300 Wasted Time: 0.0000).	[MsgId: MMSG-16871]
Registration.c(55): lr_think_time: 3.08 seconds (recorded think time was 5.00 seconds).	[MsgId: MMSG-15947]
AddToCard.c(67): Notify: Transaction "PetStore_SelectItemId_T03" started.	[MsgId: MMSG-16999]
AddToCard.c(71): Notify: Parameter Substitution: parameter "itemId_count" =  "2"	[MsgId: MMSG-13992]
AddToCard.c(72): Notify: Parameter Substitution: parameter "itemId_2" =  "EST-2"	[MsgId: MMSG-13992]
AddToCard.c(74): Notify: Saving Parameter "RanditemId = EST-2".	[MsgId: MMSG-13798]
AddToCard.c(75): Notify: Parameter Substitution: parameter "RanditemId" =  "EST-2"	[MsgId: MMSG-13992]
AddToCard.c(75): Random category selected in Action2 = EST-2	[MsgId: MMSG-17999]
AddToCard.c(77): web_reg_find started  	[MsgId: MMSG-26355]
AddToCard.c(77): Notify: Parameter Substitution: parameter "RanditemId" =  "EST-2"	[MsgId: MMSG-13992]
AddToCard.c(77): Registering web_reg_find was successful  	[MsgId: MMSG-26390]
AddToCard.c(79): web_link("{RanditemId}") started  	[MsgId: MMSG-26355]
AddToCard.c(79): Notify: Parameter Substitution: parameter "RanditemId" =  "EST-2"	[MsgId: MMSG-13992]
AddToCard.c(79): Linking to "https://petstore.octoperf.com/actions/Catalog.action?viewItem=&itemId=EST-2", Target Frame=""  	[MsgId: MMSG-27994]
Registration.c(57): Notify: Transaction "PetStore_SubmitRegistration_T04" started.	[MsgId: MMSG-16999]
Registration.c(59): web_reg_find started  	[MsgId: MMSG-26355]
Registration.c(59): Registering web_reg_find was successful  	[MsgId: MMSG-26390]
Registration.c(66): Notify: Saving Parameter "randomUsername = TBBW".	[MsgId: MMSG-13798]
Registration.c(72): Notify: Saving Parameter "randompass = vahf".	[MsgId: MMSG-13798]
Registration.c(86): Notify: Saving Parameter "randomFirstName = utnjb".	[MsgId: MMSG-13798]
Registration.c(87): Notify: Saving Parameter "randomLastName = audhl".	[MsgId: MMSG-13798]
Registration.c(99): Notify: Saving Parameter "RandomPhone = :832196063".	[MsgId: MMSG-13798]
Registration.c(108): Notify: Saving Parameter "RandomZip = 693612".	[MsgId: MMSG-13798]
Registration.c(111): web_submit_form("Account.action") started  	[MsgId: MMSG-26355]
Registration.c(111): Notify: Parameter Substitution: parameter "randomUsername" =  "TBBW"	[MsgId: MMSG-13992]
Registration.c(111): Notify: Parameter Substitution: parameter "randompass" =  "vahf"	[MsgId: MMSG-13992]
Registration.c(111): Notify: Parameter Substitution: parameter "randompass" =  "vahf"	[MsgId: MMSG-13992]
Registration.c(111): Notify: Parameter Substitution: parameter "randomFirstName" =  "utnjb"	[MsgId: MMSG-13992]
Registration.c(111): Notify: Parameter Substitution: parameter "randomLastName" =  "audhl"	[MsgId: MMSG-13992]
Registration.c(111): Notify: Parameter Substitution: parameter "randomFirstName" =  "utnjb"	[MsgId: MMSG-13992]
Registration.c(111): Notify: Parameter Substitution: parameter "randomLastName" =  "audhl"	[MsgId: MMSG-13992]
Registration.c(111): Notify: Parameter Substitution: parameter "RandomPhone" =  ":832196063"	[MsgId: MMSG-13992]
Registration.c(111): Notify: Parameter Substitution: parameter "RandomZip" =  "693612"	[MsgId: MMSG-13992]
Registration.c(111): Submitting form to "https://petstore.octoperf.com/actions/Account.action", Target Frame=""  	[MsgId: MMSG-27978]
Registration.c(111): Connection to petstore.octoperf.com:443 closed after being inactive for 64 seconds, exceeding the "HTTP Keep-Alive timeout" Runtime Setting (60 seconds). URL="[None]"  	[MsgId: MMSG-27647]
AddToCard.c(79): Resource "https://petstore.octoperf.com/css/jpetstore.css" is in the cache already and will not be downloaded again  	[MsgId: MMSG-26655]
AddToCard.c(79): Resource "https://petstore.octoperf.com/images/logo-topbar.svg" is in the cache already and will not be downloaded again  	[MsgId: MMSG-26655]
AddToCard.c(79): Resource "https://petstore.octoperf.com/images/cart.gif" is in the cache already and will not be downloaded again  	[MsgId: MMSG-26655]
AddToCard.c(79): Resource "https://petstore.octoperf.com/images/separator.gif" is in the cache already and will not be downloaded again  	[MsgId: MMSG-26655]
AddToCard.c(79): Resource "https://petstore.octoperf.com/images/sm_fish.gif" is in the cache already and will not be downloaded again  	[MsgId: MMSG-26655]
AddToCard.c(79): Resource "https://petstore.octoperf.com/images/sm_dogs.gif" is in the cache already and will not be downloaded again  	[MsgId: MMSG-26655]
AddToCard.c(79): Resource "https://petstore.octoperf.com/images/sm_reptiles.gif" is in the cache already and will not be downloaded again  	[MsgId: MMSG-26655]
AddToCard.c(79): Resource "https://petstore.octoperf.com/images/sm_cats.gif" is in the cache already and will not be downloaded again  	[MsgId: MMSG-26655]
AddToCard.c(79): Resource "https://petstore.octoperf.com/images/sm_birds.gif" is in the cache already and will not be downloaded again  	[MsgId: MMSG-26655]
AddToCard.c(79): Found resource "https://petstore.octoperf.com/images/fish1.gif" in HTML "https://petstore.octoperf.com/actions/Catalog.action?viewItem=&itemId=EST-2"  	[MsgId: MMSG-26659]
AddToCard.c(79): Resource "https://petstore.octoperf.com/images/banner_fish.gif" is in the cache already and will not be downloaded again  	[MsgId: MMSG-26655]
AddToCard.c(79): Registered web_reg_find successful for "Text=EST-2" (count=2)  	[MsgId: MMSG-26364]
AddToCard.c(79): web_link("{RanditemId}") was successful, 16400 body bytes, 511 header bytes  	[MsgId: MMSG-26386]
AddToCard.c(84): Notify: Transaction "PetStore_SelectItemId_T03" ended with a "Pass" status (Duration: 0.5804 Wasted Time: 0.0001).	[MsgId: MMSG-16871]
AddToCard.c(86): lr_think_time: 3.57 seconds (recorded think time was 5.00 seconds).	[MsgId: MMSG-15947]
Registration.c(111): Redirecting "https://petstore.octoperf.com/actions/Account.action" (redirection depth is 0)  	[MsgId: MMSG-26694]
Registration.c(111): To location "https://petstore.octoperf.com/actions/Catalog.action"  	[MsgId: MMSG-26693]
Registration.c(111): Resource "https://petstore.octoperf.com/css/jpetstore.css" is in the cache already and will not be downloaded again  	[MsgId: MMSG-26655]
Registration.c(111): Resource "https://petstore.octoperf.com/images/logo-topbar.svg" is in the cache already and will not be downloaded again  	[MsgId: MMSG-26655]
Registration.c(111): Resource "https://petstore.octoperf.com/images/cart.gif" is in the cache already and will not be downloaded again  	[MsgId: MMSG-26655]
Registration.c(111): Resource "https://petstore.octoperf.com/images/separator.gif" is in the cache already and will not be downloaded again  	[MsgId: MMSG-26655]
Registration.c(111): Resource "https://petstore.octoperf.com/images/sm_fish.gif" is in the cache already and will not be downloaded again  	[MsgId: MMSG-26655]
Registration.c(111): Resource "https://petstore.octoperf.com/images/sm_dogs.gif" is in the cache already and will not be downloaded again  	[MsgId: MMSG-26655]
Registration.c(111): Resource "https://petstore.octoperf.com/images/sm_reptiles.gif" is in the cache already and will not be downloaded again  	[MsgId: MMSG-26655]
Registration.c(111): Resource "https://petstore.octoperf.com/images/sm_cats.gif" is in the cache already and will not be downloaded again  	[MsgId: MMSG-26655]
Registration.c(111): Resource "https://petstore.octoperf.com/images/sm_birds.gif" is in the cache already and will not be downloaded again  	[MsgId: MMSG-26655]
Registration.c(111): Resource "https://petstore.octoperf.com/images/fish_icon.gif" is in the cache already and will not be downloaded again  	[MsgId: MMSG-26655]
Registration.c(111): Resource "https://petstore.octoperf.com/images/dogs_icon.gif" is in the cache already and will not be downloaded again  	[MsgId: MMSG-26655]
Registration.c(111): Resource "https://petstore.octoperf.com/images/cats_icon.gif" is in the cache already and will not be downloaded again  	[MsgId: MMSG-26655]
Registration.c(111): Resource "https://petstore.octoperf.com/images/reptiles_icon.gif" is in the cache already and will not be downloaded again  	[MsgId: MMSG-26655]
Registration.c(111): Resource "https://petstore.octoperf.com/images/birds_icon.gif" is in the cache already and will not be downloaded again  	[MsgId: MMSG-26655]
Registration.c(111): Resource "https://petstore.octoperf.com/images/splash.gif" is in the cache already and will not be downloaded again  	[MsgId: MMSG-26655]
Registration.c(111): Registered web_reg_find successful for "Text=Elevate you load-testing" (count=1)  	[MsgId: MMSG-26364]
Registration.c(111): web_submit_form("Account.action") was successful, 4736 body bytes, 443 header bytes  	[MsgId: MMSG-26386]
Registration.c(133): Notify: Transaction "PetStore_SubmitRegistration_T04" ended with a "Pass" status (Duration: 0.8027 Wasted Time: 0.0000).	[MsgId: MMSG-16871]
Registration.c(135): lr_think_time: 4.99 seconds (recorded think time was 5.00 seconds).	[MsgId: MMSG-15947]
AddToCard.c(40): Notify: Transaction "PetStore_SelectProductId_T02" started.	[MsgId: MMSG-16999]
AddToCard.c(43): Notify: Parameter Substitution: parameter "productId_count" =  "4"	[MsgId: MMSG-13992]
AddToCard.c(44): Notify: Parameter Substitution: parameter "productId_3" =  "FI-FW-01"	[MsgId: MMSG-13992]
AddToCard.c(46): Notify: Saving Parameter "RandproductId = FI-FW-01".	[MsgId: MMSG-13798]
AddToCard.c(47): Notify: Parameter Substitution: parameter "RandproductId" =  "FI-FW-01"	[MsgId: MMSG-13992]
AddToCard.c(47): Random category selected in Action2 = FI-FW-01	[MsgId: MMSG-17999]
AddToCard.c(49): web_reg_find started  	[MsgId: MMSG-26355]
AddToCard.c(49): Notify: Parameter Substitution: parameter "RandproductId" =  "FI-FW-01"	[MsgId: MMSG-13992]
AddToCard.c(49): Registering web_reg_find was successful  	[MsgId: MMSG-26390]
AddToCard.c(51): web_reg_save_param_regexp started  	[MsgId: MMSG-26355]
AddToCard.c(51): Registering web_reg_save_param_regexp was successful  	[MsgId: MMSG-26390]
AddToCard.c(58): web_link("{RandproductId}") started  	[MsgId: MMSG-26355]
AddToCard.c(58): Notify: Parameter Substitution: parameter "RandproductId" =  "FI-FW-01"	[MsgId: MMSG-13992]
AddToCard.c(58): Linking to "https://petstore.octoperf.com/actions/Catalog.action?viewProduct=&productId=FI-FW-01", Target Frame=""  	[MsgId: MMSG-27994]
AddToCard.c(58): Resource "https://petstore.octoperf.com/css/jpetstore.css" is in the cache already and will not be downloaded again  	[MsgId: MMSG-26655]
AddToCard.c(58): Resource "https://petstore.octoperf.com/images/logo-topbar.svg" is in the cache already and will not be downloaded again  	[MsgId: MMSG-26655]
AddToCard.c(58): Resource "https://petstore.octoperf.com/images/cart.gif" is in the cache already and will not be downloaded again  	[MsgId: MMSG-26655]
AddToCard.c(58): Resource "https://petstore.octoperf.com/images/separator.gif" is in the cache already and will not be downloaded again  	[MsgId: MMSG-26655]
AddToCard.c(58): Resource "https://petstore.octoperf.com/images/sm_fish.gif" is in the cache already and will not be downloaded again  	[MsgId: MMSG-26655]
AddToCard.c(58): Resource "https://petstore.octoperf.com/images/sm_dogs.gif" is in the cache already and will not be downloaded again  	[MsgId: MMSG-26655]
AddToCard.c(58): Resource "https://petstore.octoperf.com/images/sm_reptiles.gif" is in the cache already and will not be downloaded again  	[MsgId: MMSG-26655]
AddToCard.c(58): Resource "https://petstore.octoperf.com/images/sm_cats.gif" is in the cache already and will not be downloaded again  	[MsgId: MMSG-26655]
AddToCard.c(58): Resource "https://petstore.octoperf.com/images/sm_birds.gif" is in the cache already and will not be downloaded again  	[MsgId: MMSG-26655]
AddToCard.c(58): Resource "https://petstore.octoperf.com/images/banner_fish.gif" is in the cache already and will not be downloaded again  	[MsgId: MMSG-26655]
AddToCard.c(58): Notify: Saving Parameter "itemId_1 = EST-4".	[MsgId: MMSG-13798]
AddToCard.c(58): Notify: Saving Parameter "itemId_2 = EST-5".	[MsgId: MMSG-13798]
AddToCard.c(58): Notify: Saving Parameter "itemId_count = 2".	[MsgId: MMSG-13798]
AddToCard.c(58): Registered web_reg_find successful for "Text=FI-FW-01" (count=2)  	[MsgId: MMSG-26364]
AddToCard.c(58): web_link("{RandproductId}") was successful, 4050 body bytes, 225 header bytes  	[MsgId: MMSG-26386]
AddToCard.c(63): Notify: Transaction "PetStore_SelectProductId_T02" ended with a "Pass" status (Duration: 0.1325 Wasted Time: 0.0003).	[MsgId: MMSG-16871]
AddToCard.c(65): lr_think_time: 4.06 seconds (recorded think time was 5.00 seconds).	[MsgId: MMSG-15947]
Login.c(17): Notify: Transaction "PetStore_Login_T01" started.	[MsgId: MMSG-16999]
Login.c(18): web_reg_find started  	[MsgId: MMSG-26355]
Login.c(18): Registering web_reg_find was successful  	[MsgId: MMSG-26390]
Login.c(20): web_reg_save_param_regexp started  	[MsgId: MMSG-26355]
Login.c(20): Registering web_reg_save_param_regexp was successful  	[MsgId: MMSG-26390]
Login.c(26): web_submit_form("Account.action") started  	[MsgId: MMSG-26355]
Login.c(26): Notify: Parameter Substitution: parameter "randomUsername" =  "AGUA"	[MsgId: MMSG-13992]
Login.c(26): Notify: Parameter Substitution: parameter "randompass" =  "eebl"	[MsgId: MMSG-13992]
Login.c(26): Submitting form to "https://petstore.octoperf.com/actions/Account.action", Target Frame=""  	[MsgId: MMSG-27978]
Login.c(26): Redirecting "https://petstore.octoperf.com/actions/Account.action" (redirection depth is 0)  	[MsgId: MMSG-26694]
Login.c(26): To location "https://petstore.octoperf.com/actions/Catalog.action"  	[MsgId: MMSG-26693]
Login.c(26): Resource "https://petstore.octoperf.com/css/jpetstore.css" is in the cache already and will not be downloaded again  	[MsgId: MMSG-26655]
Login.c(26): Resource "https://petstore.octoperf.com/images/logo-topbar.svg" is in the cache already and will not be downloaded again  	[MsgId: MMSG-26655]
Login.c(26): Resource "https://petstore.octoperf.com/images/cart.gif" is in the cache already and will not be downloaded again  	[MsgId: MMSG-26655]
Login.c(26): Resource "https://petstore.octoperf.com/images/separator.gif" is in the cache already and will not be downloaded again  	[MsgId: MMSG-26655]
Login.c(26): Resource "https://petstore.octoperf.com/images/sm_fish.gif" is in the cache already and will not be downloaded again  	[MsgId: MMSG-26655]
Login.c(26): Resource "https://petstore.octoperf.com/images/sm_dogs.gif" is in the cache already and will not be downloaded again  	[MsgId: MMSG-26655]
Login.c(26): Resource "https://petstore.octoperf.com/images/sm_reptiles.gif" is in the cache already and will not be downloaded again  	[MsgId: MMSG-26655]
Login.c(26): Resource "https://petstore.octoperf.com/images/sm_cats.gif" is in the cache already and will not be downloaded again  	[MsgId: MMSG-26655]
Login.c(26): Resource "https://petstore.octoperf.com/images/sm_birds.gif" is in the cache already and will not be downloaded again  	[MsgId: MMSG-26655]
Login.c(26): Resource "https://petstore.octoperf.com/images/fish_icon.gif" is in the cache already and will not be downloaded again  	[MsgId: MMSG-26655]
Login.c(26): Resource "https://petstore.octoperf.com/images/dogs_icon.gif" is in the cache already and will not be downloaded again  	[MsgId: MMSG-26655]
Login.c(26): Resource "https://petstore.octoperf.com/images/cats_icon.gif" is in the cache already and will not be downloaded again  	[MsgId: MMSG-26655]
Login.c(26): Resource "https://petstore.octoperf.com/images/reptiles_icon.gif" is in the cache already and will not be downloaded again  	[MsgId: MMSG-26655]
Login.c(26): Resource "https://petstore.octoperf.com/images/birds_icon.gif" is in the cache already and will not be downloaded again  	[MsgId: MMSG-26655]
Login.c(26): Resource "https://petstore.octoperf.com/images/splash.gif" is in the cache already and will not be downloaded again  	[MsgId: MMSG-26655]
Login.c(26): Found resource "https://petstore.octoperf.com/images/banner_fish.gif" in HTML "https://petstore.octoperf.com/actions/Catalog.action"  	[MsgId: MMSG-26659]
Login.c(26): Notify: Saving Parameter "ProductName_1 = BIRDS".	[MsgId: MMSG-13798]
Login.c(26): Notify: Saving Parameter "ProductName_2 = FISH".	[MsgId: MMSG-13798]
Login.c(26): Notify: Saving Parameter "ProductName_3 = DOGS".	[MsgId: MMSG-13798]
Login.c(26): Notify: Saving Parameter "ProductName_4 = REPTILES".	[MsgId: MMSG-13798]
Login.c(26): Notify: Saving Parameter "ProductName_5 = CATS".	[MsgId: MMSG-13798]
Login.c(26): Notify: Saving Parameter "ProductName_6 = BIRDS".	[MsgId: MMSG-13798]
Login.c(26): Notify: Saving Parameter "ProductName_count = 6".	[MsgId: MMSG-13798]
Login.c(26): Registered web_reg_find successful for "Text=My Account" (count=1)  	[MsgId: MMSG-26364]
Login.c(26): web_submit_form("Account.action") was successful, 11416 body bytes, 727 header bytes  	[MsgId: MMSG-26386]
Login.c(34): Notify: Transaction "PetStore_Login_T01" ended with a "Pass" status (Duration: 0.5133 Wasted Time: 0.0004).	[MsgId: MMSG-16871]
Ending action Login.	[MsgId: MMSG-15918]
Starting action AddToCard.	[MsgId: MMSG-15919]
AddToCard.c(8): Notify: Transaction "PetStore_AddAproduct_T01" started.	[MsgId: MMSG-16999]
AddToCard.c(11): Notify: Parameter Substitution: parameter "ProductName_count" =  "6"	[MsgId: MMSG-13992]
AddToCard.c(12): Notify: Parameter Substitution: parameter "ProductName_3" =  "DOGS"	[MsgId: MMSG-13992]
AddToCard.c(14): Notify: Saving Parameter "RandCategory = DOGS".	[MsgId: MMSG-13798]
AddToCard.c(15): Notify: Parameter Substitution: parameter "RandCategory" =  "DOGS"	[MsgId: MMSG-13992]
AddToCard.c(15): Random category selected in Action2 = DOGS	[MsgId: MMSG-17999]
AddToCard.c(17): web_reg_find started  	[MsgId: MMSG-26355]
AddToCard.c(17): Notify: Parameter Substitution: parameter "RandCategory" =  "DOGS"	[MsgId: MMSG-13992]
AddToCard.c(17): Registering web_reg_find was successful  	[MsgId: MMSG-26390]
AddToCard.c(20): web_reg_save_param_regexp started  	[MsgId: MMSG-26355]
AddToCard.c(20): Registering web_reg_save_param_regexp was successful  	[MsgId: MMSG-26390]
AddToCard.c(27): web_url("Catalog.action_2") started  	[MsgId: MMSG-26355]
AddToCard.c(27): Notify: Parameter Substitution: parameter "RandCategory" =  "DOGS"	[MsgId: MMSG-13992]
Registration.c(57): Notify: Transaction "PetStore_SubmitRegistration_T04" started.	[MsgId: MMSG-16999]
Registration.c(59): web_reg_find started  	[MsgId: MMSG-26355]
Registration.c(59): Registering web_reg_find was successful  	[MsgId: MMSG-26390]
Registration.c(66): Notify: Saving Parameter "randomUsername = KLWE".	[MsgId: MMSG-13798]
Registration.c(72): Notify: Saving Parameter "randompass = uwoh".	[MsgId: MMSG-13798]
Registration.c(86): Notify: Saving Parameter "randomFirstName = dscvi".	[MsgId: MMSG-13798]
Registration.c(87): Notify: Saving Parameter "randomLastName = jpljw".	[MsgId: MMSG-13798]
Registration.c(99): Notify: Saving Parameter "RandomPhone = :741045847".	[MsgId: MMSG-13798]
Registration.c(108): Notify: Saving Parameter "RandomZip = 519606".	[MsgId: MMSG-13798]
Registration.c(111): web_submit_form("Account.action") started  	[MsgId: MMSG-26355]
Registration.c(111): Notify: Parameter Substitution: parameter "randomUsername" =  "KLWE"	[MsgId: MMSG-13992]
Registration.c(111): Notify: Parameter Substitution: parameter "randompass" =  "uwoh"	[MsgId: MMSG-13992]
Registration.c(111): Notify: Parameter Substitution: parameter "randompass" =  "uwoh"	[MsgId: MMSG-13992]
Registration.c(111): Notify: Parameter Substitution: parameter "randomFirstName" =  "dscvi"	[MsgId: MMSG-13992]
Registration.c(111): Notify: Parameter Substitution: parameter "randomLastName" =  "jpljw"	[MsgId: MMSG-13992]
Registration.c(111): Notify: Parameter Substitution: parameter "randomFirstName" =  "dscvi"	[MsgId: MMSG-13992]
Registration.c(111): Notify: Parameter Substitution: parameter "randomLastName" =  "jpljw"	[MsgId: MMSG-13992]
Registration.c(111): Notify: Parameter Substitution: parameter "RandomPhone" =  ":741045847"	[MsgId: MMSG-13992]
Registration.c(111): Notify: Parameter Substitution: parameter "RandomZip" =  "519606"	[MsgId: MMSG-13992]
Registration.c(111): Submitting form to "https://petstore.octoperf.com/actions/Account.action", Target Frame=""  	[MsgId: MMSG-27978]
Registration.c(111): Connection to petstore.octoperf.com:443 closed after being inactive for 61 seconds, exceeding the "HTTP Keep-Alive timeout" Runtime Setting (60 seconds). URL="[None]"  	[MsgId: MMSG-27647]
AddToCard.c(27): Resource "https://petstore.octoperf.com/css/jpetstore.css" is in the cache already and will not be downloaded again  	[MsgId: MMSG-26655]
AddToCard.c(27): Resource "https://petstore.octoperf.com/images/logo-topbar.svg" is in the cache already and will not be downloaded again  	[MsgId: MMSG-26655]
AddToCard.c(27): Resource "https://petstore.octoperf.com/images/cart.gif" is in the cache already and will not be downloaded again  	[MsgId: MMSG-26655]
AddToCard.c(27): Resource "https://petstore.octoperf.com/images/separator.gif" is in the cache already and will not be downloaded again  	[MsgId: MMSG-26655]
AddToCard.c(27): Resource "https://petstore.octoperf.com/images/sm_fish.gif" is in the cache already and will not be downloaded again  	[MsgId: MMSG-26655]
AddToCard.c(27): Resource "https://petstore.octoperf.com/images/sm_dogs.gif" is in the cache already and will not be downloaded again  	[MsgId: MMSG-26655]
AddToCard.c(27): Resource "https://petstore.octoperf.com/images/sm_reptiles.gif" is in the cache already and will not be downloaded again  	[MsgId: MMSG-26655]
AddToCard.c(27): Resource "https://petstore.octoperf.com/images/sm_cats.gif" is in the cache already and will not be downloaded again  	[MsgId: MMSG-26655]
AddToCard.c(27): Resource "https://petstore.octoperf.com/images/sm_birds.gif" is in the cache already and will not be downloaded again  	[MsgId: MMSG-26655]
AddToCard.c(27): Resource "https://petstore.octoperf.com/images/banner_fish.gif" is in the cache already and will not be downloaded again  	[MsgId: MMSG-26655]
AddToCard.c(27): Notify: Saving Parameter "productId_1 = K9-BD-01".	[MsgId: MMSG-13798]
AddToCard.c(27): Notify: Saving Parameter "productId_2 = K9-PO-02".	[MsgId: MMSG-13798]
AddToCard.c(27): Notify: Saving Parameter "productId_3 = K9-DL-01".	[MsgId: MMSG-13798]
AddToCard.c(27): Notify: Saving Parameter "productId_4 = K9-RT-01".	[MsgId: MMSG-13798]
AddToCard.c(27): Notify: Saving Parameter "productId_5 = K9-RT-02".	[MsgId: MMSG-13798]
AddToCard.c(27): Notify: Saving Parameter "productId_6 = K9-CW-01".	[MsgId: MMSG-13798]
AddToCard.c(27): Notify: Saving Parameter "productId_count = 6".	[MsgId: MMSG-13798]
AddToCard.c(27): Registered web_reg_find successful for "Text=DOGS" (count=1)  	[MsgId: MMSG-26364]
AddToCard.c(27): web_url("Catalog.action_2") was successful, 4171 body bytes, 225 header bytes  	[MsgId: MMSG-26386]
AddToCard.c(36): Notify: Transaction "PetStore_AddAproduct_T01" ended with a "Pass" status (Duration: 0.1325 Wasted Time: 0.0015).	[MsgId: MMSG-16871]
AddToCard.c(38): lr_think_time: 3.40 seconds (recorded think time was 5.00 seconds).	[MsgId: MMSG-15947]
Registration.c(111): Redirecting "https://petstore.octoperf.com/actions/Account.action" (redirection depth is 0)  	[MsgId: MMSG-26694]
Registration.c(111): To location "https://petstore.octoperf.com/actions/Catalog.action"  	[MsgId: MMSG-26693]
Registration.c(57): Notify: Transaction "PetStore_SubmitRegistration_T04" started.	[MsgId: MMSG-16999]
Registration.c(59): web_reg_find started  	[MsgId: MMSG-26355]
Registration.c(59): Registering web_reg_find was successful  	[MsgId: MMSG-26390]
Registration.c(66): Notify: Saving Parameter "randomUsername = FXZL".	[MsgId: MMSG-13798]
Registration.c(72): Notify: Saving Parameter "randompass = emgb".	[MsgId: MMSG-13798]
Registration.c(86): Notify: Saving Parameter "randomFirstName = fgfoq".	[MsgId: MMSG-13798]
Registration.c(87): Notify: Saving Parameter "randomLastName = vzxkh".	[MsgId: MMSG-13798]
Registration.c(99): Notify: Saving Parameter "RandomPhone = 9423606929".	[MsgId: MMSG-13798]
Registration.c(108): Notify: Saving Parameter "RandomZip = 344626".	[MsgId: MMSG-13798]
Registration.c(111): web_submit_form("Account.action") started  	[MsgId: MMSG-26355]
Registration.c(111): Notify: Parameter Substitution: parameter "randomUsername" =  "FXZL"	[MsgId: MMSG-13992]
Registration.c(111): Notify: Parameter Substitution: parameter "randompass" =  "emgb"	[MsgId: MMSG-13992]
Registration.c(111): Notify: Parameter Substitution: parameter "randompass" =  "emgb"	[MsgId: MMSG-13992]
Registration.c(111): Notify: Parameter Substitution: parameter "randomFirstName" =  "fgfoq"	[MsgId: MMSG-13992]
Registration.c(111): Notify: Parameter Substitution: parameter "randomLastName" =  "vzxkh"	[MsgId: MMSG-13992]
Registration.c(111): Notify: Parameter Substitution: parameter "randomFirstName" =  "fgfoq"	[MsgId: MMSG-13992]
Registration.c(111): Notify: Parameter Substitution: parameter "randomLastName" =  "vzxkh"	[MsgId: MMSG-13992]
Registration.c(111): Notify: Parameter Substitution: parameter "RandomPhone" =  "9423606929"	[MsgId: MMSG-13992]
Registration.c(111): Notify: Parameter Substitution: parameter "RandomZip" =  "344626"	[MsgId: MMSG-13992]
Registration.c(111): Submitting form to "https://petstore.octoperf.com/actions/Account.action", Target Frame=""  	[MsgId: MMSG-27978]
Registration.c(111): Resource "https://petstore.octoperf.com/css/jpetstore.css" is in the cache already and will not be downloaded again  	[MsgId: MMSG-26655]
Registration.c(111): Resource "https://petstore.octoperf.com/images/logo-topbar.svg" is in the cache already and will not be downloaded again  	[MsgId: MMSG-26655]
Registration.c(111): Resource "https://petstore.octoperf.com/images/cart.gif" is in the cache already and will not be downloaded again  	[MsgId: MMSG-26655]
Registration.c(111): Resource "https://petstore.octoperf.com/images/separator.gif" is in the cache already and will not be downloaded again  	[MsgId: MMSG-26655]
Registration.c(111): Resource "https://petstore.octoperf.com/images/sm_fish.gif" is in the cache already and will not be downloaded again  	[MsgId: MMSG-26655]
Registration.c(111): Resource "https://petstore.octoperf.com/images/sm_dogs.gif" is in the cache already and will not be downloaded again  	[MsgId: MMSG-26655]
Registration.c(111): Resource "https://petstore.octoperf.com/images/sm_reptiles.gif" is in the cache already and will not be downloaded again  	[MsgId: MMSG-26655]
Registration.c(111): Resource "https://petstore.octoperf.com/images/sm_cats.gif" is in the cache already and will not be downloaded again  	[MsgId: MMSG-26655]
Registration.c(111): Resource "https://petstore.octoperf.com/images/sm_birds.gif" is in the cache already and will not be downloaded again  	[MsgId: MMSG-26655]
Registration.c(111): Resource "https://petstore.octoperf.com/images/fish_icon.gif" is in the cache already and will not be downloaded again  	[MsgId: MMSG-26655]
Registration.c(111): Resource "https://petstore.octoperf.com/images/dogs_icon.gif" is in the cache already and will not be downloaded again  	[MsgId: MMSG-26655]
Registration.c(111): Resource "https://petstore.octoperf.com/images/cats_icon.gif" is in the cache already and will not be downloaded again  	[MsgId: MMSG-26655]
Registration.c(111): Resource "https://petstore.octoperf.com/images/reptiles_icon.gif" is in the cache already and will not be downloaded again  	[MsgId: MMSG-26655]
Registration.c(111): Resource "https://petstore.octoperf.com/images/birds_icon.gif" is in the cache already and will not be downloaded again  	[MsgId: MMSG-26655]
Registration.c(111): Resource "https://petstore.octoperf.com/images/splash.gif" is in the cache already and will not be downloaded again  	[MsgId: MMSG-26655]
Registration.c(111): Registered web_reg_find successful for "Text=Elevate you load-testing" (count=1)  	[MsgId: MMSG-26364]
Registration.c(111): web_submit_form("Account.action") was successful, 4736 body bytes, 443 header bytes  	[MsgId: MMSG-26386]
Registration.c(133): Notify: Transaction "PetStore_SubmitRegistration_T04" ended with a "Pass" status (Duration: 0.8018 Wasted Time: 0.0000).	[MsgId: MMSG-16871]
Registration.c(135): lr_think_time: 2.99 seconds (recorded think time was 5.00 seconds).	[MsgId: MMSG-15947]
Registration.c(111): Redirecting "https://petstore.octoperf.com/actions/Account.action" (redirection depth is 0)  	[MsgId: MMSG-26694]
Registration.c(111): To location "https://petstore.octoperf.com/actions/Catalog.action"  	[MsgId: MMSG-26693]
Registration.c(111): Resource "https://petstore.octoperf.com/css/jpetstore.css" is in the cache already and will not be downloaded again  	[MsgId: MMSG-26655]
Registration.c(111): Resource "https://petstore.octoperf.com/images/logo-topbar.svg" is in the cache already and will not be downloaded again  	[MsgId: MMSG-26655]
Registration.c(111): Resource "https://petstore.octoperf.com/images/cart.gif" is in the cache already and will not be downloaded again  	[MsgId: MMSG-26655]
Registration.c(111): Resource "https://petstore.octoperf.com/images/separator.gif" is in the cache already and will not be downloaded again  	[MsgId: MMSG-26655]
Registration.c(111): Resource "https://petstore.octoperf.com/images/sm_fish.gif" is in the cache already and will not be downloaded again  	[MsgId: MMSG-26655]
Registration.c(111): Resource "https://petstore.octoperf.com/images/sm_dogs.gif" is in the cache already and will not be downloaded again  	[MsgId: MMSG-26655]
Registration.c(111): Resource "https://petstore.octoperf.com/images/sm_reptiles.gif" is in the cache already and will not be downloaded again  	[MsgId: MMSG-26655]
Registration.c(111): Resource "https://petstore.octoperf.com/images/sm_cats.gif" is in the cache already and will not be downloaded again  	[MsgId: MMSG-26655]
Registration.c(111): Resource "https://petstore.octoperf.com/images/sm_birds.gif" is in the cache already and will not be downloaded again  	[MsgId: MMSG-26655]
Registration.c(111): Resource "https://petstore.octoperf.com/images/fish_icon.gif" is in the cache already and will not be downloaded again  	[MsgId: MMSG-26655]
Registration.c(111): Resource "https://petstore.octoperf.com/images/dogs_icon.gif" is in the cache already and will not be downloaded again  	[MsgId: MMSG-26655]
Registration.c(111): Resource "https://petstore.octoperf.com/images/cats_icon.gif" is in the cache already and will not be downloaded again  	[MsgId: MMSG-26655]
Registration.c(111): Resource "https://petstore.octoperf.com/images/reptiles_icon.gif" is in the cache already and will not be downloaded again  	[MsgId: MMSG-26655]
Registration.c(111): Resource "https://petstore.octoperf.com/images/birds_icon.gif" is in the cache already and will not be downloaded again  	[MsgId: MMSG-26655]
Registration.c(111): Resource "https://petstore.octoperf.com/images/splash.gif" is in the cache already and will not be downloaded again  	[MsgId: MMSG-26655]
Registration.c(111): Registered web_reg_find successful for "Text=Elevate you load-testing" (count=1)  	[MsgId: MMSG-26364]
Registration.c(111): web_submit_form("Account.action") was successful, 4736 body bytes, 443 header bytes  	[MsgId: MMSG-26386]
Registration.c(133): Notify: Transaction "PetStore_SubmitRegistration_T04" ended with a "Pass" status (Duration: 0.3797 Wasted Time: 0.0000).	[MsgId: MMSG-16871]
Registration.c(135): lr_think_time: 4.40 seconds (recorded think time was 5.00 seconds).	[MsgId: MMSG-15947]
AddToCard.c(88): Notify: Transaction "PetStore_AddToCard_T04" started.	[MsgId: MMSG-16999]
AddToCard.c(90): web_reg_find started  	[MsgId: MMSG-26355]
AddToCard.c(90): Registering web_reg_find was successful  	[MsgId: MMSG-26390]
AddToCard.c(94): web_link("Add to Cart") started  	[MsgId: MMSG-26355]
AddToCard.c(94): Linking to "https://petstore.octoperf.com/actions/Cart.action?addItemToCart=&workingItemId=EST-2", Target Frame=""  	[MsgId: MMSG-27994]
AddToCard.c(94): Resource "https://petstore.octoperf.com/css/jpetstore.css" is in the cache already and will not be downloaded again  	[MsgId: MMSG-26655]
AddToCard.c(94): Resource "https://petstore.octoperf.com/images/logo-topbar.svg" is in the cache already and will not be downloaded again  	[MsgId: MMSG-26655]
AddToCard.c(94): Resource "https://petstore.octoperf.com/images/cart.gif" is in the cache already and will not be downloaded again  	[MsgId: MMSG-26655]
AddToCard.c(94): Resource "https://petstore.octoperf.com/images/separator.gif" is in the cache already and will not be downloaded again  	[MsgId: MMSG-26655]
AddToCard.c(94): Resource "https://petstore.octoperf.com/images/sm_fish.gif" is in the cache already and will not be downloaded again  	[MsgId: MMSG-26655]
AddToCard.c(94): Resource "https://petstore.octoperf.com/images/sm_dogs.gif" is in the cache already and will not be downloaded again  	[MsgId: MMSG-26655]
AddToCard.c(94): Resource "https://petstore.octoperf.com/images/sm_reptiles.gif" is in the cache already and will not be downloaded again  	[MsgId: MMSG-26655]
AddToCard.c(94): Resource "https://petstore.octoperf.com/images/sm_cats.gif" is in the cache already and will not be downloaded again  	[MsgId: MMSG-26655]
AddToCard.c(94): Resource "https://petstore.octoperf.com/images/sm_birds.gif" is in the cache already and will not be downloaded again  	[MsgId: MMSG-26655]
AddToCard.c(94): Resource "https://petstore.octoperf.com/images/banner_fish.gif" is in the cache already and will not be downloaded again  	[MsgId: MMSG-26655]
AddToCard.c(94): Registered web_reg_find successful for "Text=Shopping Cart" (count=1)  	[MsgId: MMSG-26364]
AddToCard.c(94): web_link("Add to Cart") was successful, 4627 body bytes, 225 header bytes  	[MsgId: MMSG-26386]
AddToCard.c(99): Notify: Transaction "PetStore_AddToCard_T04" ended with a "Pass" status (Duration: 0.1296 Wasted Time: 0.0000).	[MsgId: MMSG-16871]
Ending action AddToCard.	[MsgId: MMSG-15918]
Action was aborted.	[MsgId: MMSG-10694]
Ending Vuser...	[MsgId: MMSG-15966]
Starting action vuser_end.	[MsgId: MMSG-15919]
vuser_end.c(4): Notify: Transaction "PetStore_SignOut_T01" started.	[MsgId: MMSG-16999]
vuser_end.c(6): web_reg_find started  	[MsgId: MMSG-26355]
vuser_end.c(6): Registering web_reg_find was successful  	[MsgId: MMSG-26390]
vuser_end.c(9): web_url("Account.action_2") started  	[MsgId: MMSG-26355]
vuser_end.c(9): Redirecting "https://petstore.octoperf.com/actions/Account.action?signoff=" (redirection depth is 0)  	[MsgId: MMSG-26694]
vuser_end.c(9): To location "https://petstore.octoperf.com/actions/Catalog.action"  	[MsgId: MMSG-26693]
vuser_end.c(9): Resource "https://petstore.octoperf.com/css/jpetstore.css" is in the cache already and will not be downloaded again  	[MsgId: MMSG-26655]
vuser_end.c(9): Resource "https://petstore.octoperf.com/images/logo-topbar.svg" is in the cache already and will not be downloaded again  	[MsgId: MMSG-26655]
vuser_end.c(9): Resource "https://petstore.octoperf.com/images/cart.gif" is in the cache already and will not be downloaded again  	[MsgId: MMSG-26655]
vuser_end.c(9): Resource "https://petstore.octoperf.com/images/separator.gif" is in the cache already and will not be downloaded again  	[MsgId: MMSG-26655]
vuser_end.c(9): Resource "https://petstore.octoperf.com/images/sm_fish.gif" is in the cache already and will not be downloaded again  	[MsgId: MMSG-26655]
vuser_end.c(9): Resource "https://petstore.octoperf.com/images/sm_dogs.gif" is in the cache already and will not be downloaded again  	[MsgId: MMSG-26655]
vuser_end.c(9): Resource "https://petstore.octoperf.com/images/sm_reptiles.gif" is in the cache already and will not be downloaded again  	[MsgId: MMSG-26655]
vuser_end.c(9): Resource "https://petstore.octoperf.com/images/sm_cats.gif" is in the cache already and will not be downloaded again  	[MsgId: MMSG-26655]
vuser_end.c(9): Resource "https://petstore.octoperf.com/images/sm_birds.gif" is in the cache already and will not be downloaded again  	[MsgId: MMSG-26655]
vuser_end.c(9): Resource "https://petstore.octoperf.com/images/fish_icon.gif" is in the cache already and will not be downloaded again  	[MsgId: MMSG-26655]
vuser_end.c(9): Resource "https://petstore.octoperf.com/images/dogs_icon.gif" is in the cache already and will not be downloaded again  	[MsgId: MMSG-26655]
vuser_end.c(9): Resource "https://petstore.octoperf.com/images/cats_icon.gif" is in the cache already and will not be downloaded again  	[MsgId: MMSG-26655]
vuser_end.c(9): Resource "https://petstore.octoperf.com/images/reptiles_icon.gif" is in the cache already and will not be downloaded again  	[MsgId: MMSG-26655]
vuser_end.c(9): Resource "https://petstore.octoperf.com/images/birds_icon.gif" is in the cache already and will not be downloaded again  	[MsgId: MMSG-26655]
vuser_end.c(9): Resource "https://petstore.octoperf.com/images/splash.gif" is in the cache already and will not be downloaded again  	[MsgId: MMSG-26655]
vuser_end.c(9): Registered web_reg_find successful for "Text=Sign In" (count=1)  	[MsgId: MMSG-26364]
vuser_end.c(9): web_url("Account.action_2") was successful, 4736 body bytes, 518 header bytes  	[MsgId: MMSG-26386]
vuser_end.c(18): Notify: Transaction "PetStore_SignOut_T01" ended with a "Pass" status (Duration: 0.2525 Wasted Time: 0.0000).	[MsgId: MMSG-16871]
vuser_end.c(20): Script Exection done sucessfully	[MsgId: MMSG-17999]
vuser_end.c(21): web_cache_cleanup started  	[MsgId: MMSG-26355]
vuser_end.c(21): web_cache_cleanup was successful  	[MsgId: MMSG-26392]
vuser_end.c(22): web_cleanup_cookies started  	[MsgId: MMSG-26355]
vuser_end.c(22): web_cleanup_cookies was successful  	[MsgId: MMSG-26392]
Ending action vuser_end.	[MsgId: MMSG-15918]
Vuser Terminated.	[MsgId: MMSG-15963]
Vuser 3 (thread 1280), ended OK."	[MsgId: MMSG-10695]
AddToCard.c(67): Notify: Transaction "PetStore_SelectItemId_T03" started.	[MsgId: MMSG-16999]
AddToCard.c(71): Notify: Parameter Substitution: parameter "itemId_count" =  "2"	[MsgId: MMSG-13992]
AddToCard.c(72): Notify: Parameter Substitution: parameter "itemId_1" =  "EST-4"	[MsgId: MMSG-13992]
AddToCard.c(74): Notify: Saving Parameter "RanditemId = EST-4".	[MsgId: MMSG-13798]
AddToCard.c(75): Notify: Parameter Substitution: parameter "RanditemId" =  "EST-4"	[MsgId: MMSG-13992]
AddToCard.c(75): Random category selected in Action2 = EST-4	[MsgId: MMSG-17999]
AddToCard.c(77): web_reg_find started  	[MsgId: MMSG-26355]
AddToCard.c(77): Notify: Parameter Substitution: parameter "RanditemId" =  "EST-4"	[MsgId: MMSG-13992]
AddToCard.c(77): Registering web_reg_find was successful  	[MsgId: MMSG-26390]
AddToCard.c(79): web_link("{RanditemId}") started  	[MsgId: MMSG-26355]
AddToCard.c(79): Notify: Parameter Substitution: parameter "RanditemId" =  "EST-4"	[MsgId: MMSG-13992]
AddToCard.c(79): Linking to "https://petstore.octoperf.com/actions/Catalog.action?viewItem=&itemId=EST-4", Target Frame=""  	[MsgId: MMSG-27994]
AddToCard.c(79): Resource "https://petstore.octoperf.com/css/jpetstore.css" is in the cache already and will not be downloaded again  	[MsgId: MMSG-26655]
AddToCard.c(79): Resource "https://petstore.octoperf.com/images/logo-topbar.svg" is in the cache already and will not be downloaded again  	[MsgId: MMSG-26655]
AddToCard.c(79): Resource "https://petstore.octoperf.com/images/cart.gif" is in the cache already and will not be downloaded again  	[MsgId: MMSG-26655]
AddToCard.c(79): Resource "https://petstore.octoperf.com/images/separator.gif" is in the cache already and will not be downloaded again  	[MsgId: MMSG-26655]
AddToCard.c(79): Resource "https://petstore.octoperf.com/images/sm_fish.gif" is in the cache already and will not be downloaded again  	[MsgId: MMSG-26655]
AddToCard.c(79): Resource "https://petstore.octoperf.com/images/sm_dogs.gif" is in the cache already and will not be downloaded again  	[MsgId: MMSG-26655]
AddToCard.c(79): Resource "https://petstore.octoperf.com/images/sm_reptiles.gif" is in the cache already and will not be downloaded again  	[MsgId: MMSG-26655]
AddToCard.c(79): Resource "https://petstore.octoperf.com/images/sm_cats.gif" is in the cache already and will not be downloaded again  	[MsgId: MMSG-26655]
AddToCard.c(79): Resource "https://petstore.octoperf.com/images/sm_birds.gif" is in the cache already and will not be downloaded again  	[MsgId: MMSG-26655]
AddToCard.c(79): Found resource "https://petstore.octoperf.com/images/fish3.gif" in HTML "https://petstore.octoperf.com/actions/Catalog.action?viewItem=&itemId=EST-4"  	[MsgId: MMSG-26659]
AddToCard.c(79): Resource "https://petstore.octoperf.com/images/banner_fish.gif" is in the cache already and will not be downloaded again  	[MsgId: MMSG-26655]
AddToCard.c(79): Registered web_reg_find successful for "Text=EST-4" (count=2)  	[MsgId: MMSG-26364]
AddToCard.c(79): web_link("{RanditemId}") was successful, 15228 body bytes, 511 header bytes  	[MsgId: MMSG-26386]
AddToCard.c(84): Notify: Transaction "PetStore_SelectItemId_T03" ended with a "Pass" status (Duration: 0.4251 Wasted Time: 0.0000).	[MsgId: MMSG-16871]
AddToCard.c(86): lr_think_time: 2.53 seconds (recorded think time was 5.00 seconds).	[MsgId: MMSG-15947]
AddToCard.c(40): Notify: Transaction "PetStore_SelectProductId_T02" started.	[MsgId: MMSG-16999]
AddToCard.c(43): Notify: Parameter Substitution: parameter "productId_count" =  "6"	[MsgId: MMSG-13992]
AddToCard.c(44): Notify: Parameter Substitution: parameter "productId_3" =  "K9-DL-01"	[MsgId: MMSG-13992]
AddToCard.c(46): Notify: Saving Parameter "RandproductId = K9-DL-01".	[MsgId: MMSG-13798]
AddToCard.c(47): Notify: Parameter Substitution: parameter "RandproductId" =  "K9-DL-01"	[MsgId: MMSG-13992]
AddToCard.c(47): Random category selected in Action2 = K9-DL-01	[MsgId: MMSG-17999]
AddToCard.c(49): web_reg_find started  	[MsgId: MMSG-26355]
AddToCard.c(49): Notify: Parameter Substitution: parameter "RandproductId" =  "K9-DL-01"	[MsgId: MMSG-13992]
AddToCard.c(49): Registering web_reg_find was successful  	[MsgId: MMSG-26390]
AddToCard.c(51): web_reg_save_param_regexp started  	[MsgId: MMSG-26355]
AddToCard.c(51): Registering web_reg_save_param_regexp was successful  	[MsgId: MMSG-26390]
AddToCard.c(58): web_link("{RandproductId}") started  	[MsgId: MMSG-26355]
AddToCard.c(58): Notify: Parameter Substitution: parameter "RandproductId" =  "K9-DL-01"	[MsgId: MMSG-13992]
AddToCard.c(58): Linking to "https://petstore.octoperf.com/actions/Catalog.action?viewProduct=&productId=K9-DL-01", Target Frame=""  	[MsgId: MMSG-27994]
Registration.c(137): Notify: Transaction "PetStore_SignOut_T05" started.	[MsgId: MMSG-16999]
Registration.c(139): web_reg_find started  	[MsgId: MMSG-26355]
Registration.c(139): Registering web_reg_find was successful  	[MsgId: MMSG-26390]
Registration.c(142): web_url("Account.action_2") started  	[MsgId: MMSG-26355]
AddToCard.c(58): Resource "https://petstore.octoperf.com/css/jpetstore.css" is in the cache already and will not be downloaded again  	[MsgId: MMSG-26655]
AddToCard.c(58): Resource "https://petstore.octoperf.com/images/logo-topbar.svg" is in the cache already and will not be downloaded again  	[MsgId: MMSG-26655]
AddToCard.c(58): Resource "https://petstore.octoperf.com/images/cart.gif" is in the cache already and will not be downloaded again  	[MsgId: MMSG-26655]
AddToCard.c(58): Resource "https://petstore.octoperf.com/images/separator.gif" is in the cache already and will not be downloaded again  	[MsgId: MMSG-26655]
AddToCard.c(58): Resource "https://petstore.octoperf.com/images/sm_fish.gif" is in the cache already and will not be downloaded again  	[MsgId: MMSG-26655]
AddToCard.c(58): Resource "https://petstore.octoperf.com/images/sm_dogs.gif" is in the cache already and will not be downloaded again  	[MsgId: MMSG-26655]
AddToCard.c(58): Resource "https://petstore.octoperf.com/images/sm_reptiles.gif" is in the cache already and will not be downloaded again  	[MsgId: MMSG-26655]
AddToCard.c(58): Resource "https://petstore.octoperf.com/images/sm_cats.gif" is in the cache already and will not be downloaded again  	[MsgId: MMSG-26655]
AddToCard.c(58): Resource "https://petstore.octoperf.com/images/sm_birds.gif" is in the cache already and will not be downloaded again  	[MsgId: MMSG-26655]
AddToCard.c(58): Resource "https://petstore.octoperf.com/images/banner_fish.gif" is in the cache already and will not be downloaded again  	[MsgId: MMSG-26655]
AddToCard.c(58): Notify: Saving Parameter "itemId_1 = EST-9".	[MsgId: MMSG-13798]
AddToCard.c(58): Notify: Saving Parameter "itemId_2 = EST-10".	[MsgId: MMSG-13798]
AddToCard.c(58): Notify: Saving Parameter "itemId_count = 2".	[MsgId: MMSG-13798]
AddToCard.c(58): Registered web_reg_find successful for "Text=K9-DL-01" (count=2)  	[MsgId: MMSG-26364]
AddToCard.c(58): web_link("{RandproductId}") was successful, 4095 body bytes, 225 header bytes  	[MsgId: MMSG-26386]
AddToCard.c(63): Notify: Transaction "PetStore_SelectProductId_T02" ended with a "Pass" status (Duration: 0.1314 Wasted Time: 0.0004).	[MsgId: MMSG-16871]
AddToCard.c(65): lr_think_time: 4.08 seconds (recorded think time was 5.00 seconds).	[MsgId: MMSG-15947]
Registration.c(142): Redirecting "https://petstore.octoperf.com/actions/Account.action?signoff=" (redirection depth is 0)  	[MsgId: MMSG-26694]
Registration.c(142): To location "https://petstore.octoperf.com/actions/Catalog.action"  	[MsgId: MMSG-26693]
Registration.c(142): Resource "https://petstore.octoperf.com/css/jpetstore.css" is in the cache already and will not be downloaded again  	[MsgId: MMSG-26655]
Registration.c(142): Resource "https://petstore.octoperf.com/images/logo-topbar.svg" is in the cache already and will not be downloaded again  	[MsgId: MMSG-26655]
Registration.c(142): Resource "https://petstore.octoperf.com/images/cart.gif" is in the cache already and will not be downloaded again  	[MsgId: MMSG-26655]
Registration.c(142): Resource "https://petstore.octoperf.com/images/separator.gif" is in the cache already and will not be downloaded again  	[MsgId: MMSG-26655]
Registration.c(142): Resource "https://petstore.octoperf.com/images/sm_fish.gif" is in the cache already and will not be downloaded again  	[MsgId: MMSG-26655]
Registration.c(142): Resource "https://petstore.octoperf.com/images/sm_dogs.gif" is in the cache already and will not be downloaded again  	[MsgId: MMSG-26655]
Registration.c(142): Resource "https://petstore.octoperf.com/images/sm_reptiles.gif" is in the cache already and will not be downloaded again  	[MsgId: MMSG-26655]
Registration.c(142): Resource "https://petstore.octoperf.com/images/sm_cats.gif" is in the cache already and will not be downloaded again  	[MsgId: MMSG-26655]
Registration.c(142): Resource "https://petstore.octoperf.com/images/sm_birds.gif" is in the cache already and will not be downloaded again  	[MsgId: MMSG-26655]
Registration.c(142): Resource "https://petstore.octoperf.com/images/fish_icon.gif" is in the cache already and will not be downloaded again  	[MsgId: MMSG-26655]
Registration.c(142): Resource "https://petstore.octoperf.com/images/dogs_icon.gif" is in the cache already and will not be downloaded again  	[MsgId: MMSG-26655]
Registration.c(142): Resource "https://petstore.octoperf.com/images/cats_icon.gif" is in the cache already and will not be downloaded again  	[MsgId: MMSG-26655]
Registration.c(142): Resource "https://petstore.octoperf.com/images/reptiles_icon.gif" is in the cache already and will not be downloaded again  	[MsgId: MMSG-26655]
Registration.c(142): Resource "https://petstore.octoperf.com/images/birds_icon.gif" is in the cache already and will not be downloaded again  	[MsgId: MMSG-26655]
Registration.c(142): Resource "https://petstore.octoperf.com/images/splash.gif" is in the cache already and will not be downloaded again  	[MsgId: MMSG-26655]
Registration.c(142): Registered web_reg_find successful for "Text=Sign In" (count=1)  	[MsgId: MMSG-26364]
Registration.c(142): web_url("Account.action_2") was successful, 4736 body bytes, 518 header bytes  	[MsgId: MMSG-26386]
Registration.c(151): Notify: Transaction "PetStore_SignOut_T05" ended with a "Pass" status (Duration: 0.2526 Wasted Time: 0.0001).	[MsgId: MMSG-16871]
Login.c(4): Notify: Transaction "PetStore_ClickOnSignIn_T01" started.	[MsgId: MMSG-16999]
Login.c(6): web_reg_find started  	[MsgId: MMSG-26355]
Login.c(6): Registering web_reg_find was successful  	[MsgId: MMSG-26390]
Login.c(9): web_link("Sign In") started  	[MsgId: MMSG-26355]
Login.c(9): Linking to "https://petstore.octoperf.com/actions/Account.action?signonForm=", Target Frame=""  	[MsgId: MMSG-27994]
Registration.c(137): Notify: Transaction "PetStore_SignOut_T05" started.	[MsgId: MMSG-16999]
Registration.c(139): web_reg_find started  	[MsgId: MMSG-26355]
Registration.c(139): Registering web_reg_find was successful  	[MsgId: MMSG-26390]
Registration.c(142): web_url("Account.action_2") started  	[MsgId: MMSG-26355]
Login.c(9): Resource "https://petstore.octoperf.com/css/jpetstore.css" is in the cache already and will not be downloaded again  	[MsgId: MMSG-26655]
Login.c(9): Resource "https://petstore.octoperf.com/images/logo-topbar.svg" is in the cache already and will not be downloaded again  	[MsgId: MMSG-26655]
Login.c(9): Resource "https://petstore.octoperf.com/images/cart.gif" is in the cache already and will not be downloaded again  	[MsgId: MMSG-26655]
Login.c(9): Resource "https://petstore.octoperf.com/images/separator.gif" is in the cache already and will not be downloaded again  	[MsgId: MMSG-26655]
Login.c(9): Resource "https://petstore.octoperf.com/images/sm_fish.gif" is in the cache already and will not be downloaded again  	[MsgId: MMSG-26655]
Login.c(9): Resource "https://petstore.octoperf.com/images/sm_dogs.gif" is in the cache already and will not be downloaded again  	[MsgId: MMSG-26655]
Login.c(9): Resource "https://petstore.octoperf.com/images/sm_reptiles.gif" is in the cache already and will not be downloaded again  	[MsgId: MMSG-26655]
Login.c(9): Resource "https://petstore.octoperf.com/images/sm_cats.gif" is in the cache already and will not be downloaded again  	[MsgId: MMSG-26655]
Login.c(9): Resource "https://petstore.octoperf.com/images/sm_birds.gif" is in the cache already and will not be downloaded again  	[MsgId: MMSG-26655]
Login.c(9): Registered web_reg_find successful for "Text=Please enter your username and password" (count=1)  	[MsgId: MMSG-26364]
Login.c(9): web_link("Sign In") was successful, 3860 body bytes, 225 header bytes  	[MsgId: MMSG-26386]
Login.c(13): Notify: Transaction "PetStore_ClickOnSignIn_T01" ended with a "Pass" status (Duration: 0.1265 Wasted Time: 0.0000).	[MsgId: MMSG-16871]
Login.c(15): lr_think_time: 4.47 seconds (recorded think time was 5.00 seconds).	[MsgId: MMSG-15947]
Registration.c(142): Redirecting "https://petstore.octoperf.com/actions/Account.action?signoff=" (redirection depth is 0)  	[MsgId: MMSG-26694]
Registration.c(142): To location "https://petstore.octoperf.com/actions/Catalog.action"  	[MsgId: MMSG-26693]
Registration.c(142): Resource "https://petstore.octoperf.com/css/jpetstore.css" is in the cache already and will not be downloaded again  	[MsgId: MMSG-26655]
Registration.c(142): Resource "https://petstore.octoperf.com/images/logo-topbar.svg" is in the cache already and will not be downloaded again  	[MsgId: MMSG-26655]
Registration.c(142): Resource "https://petstore.octoperf.com/images/cart.gif" is in the cache already and will not be downloaded again  	[MsgId: MMSG-26655]
Registration.c(142): Resource "https://petstore.octoperf.com/images/separator.gif" is in the cache already and will not be downloaded again  	[MsgId: MMSG-26655]
Registration.c(142): Resource "https://petstore.octoperf.com/images/sm_fish.gif" is in the cache already and will not be downloaded again  	[MsgId: MMSG-26655]
Registration.c(142): Resource "https://petstore.octoperf.com/images/sm_dogs.gif" is in the cache already and will not be downloaded again  	[MsgId: MMSG-26655]
Registration.c(142): Resource "https://petstore.octoperf.com/images/sm_reptiles.gif" is in the cache already and will not be downloaded again  	[MsgId: MMSG-26655]
Registration.c(142): Resource "https://petstore.octoperf.com/images/sm_cats.gif" is in the cache already and will not be downloaded again  	[MsgId: MMSG-26655]
Registration.c(142): Resource "https://petstore.octoperf.com/images/sm_birds.gif" is in the cache already and will not be downloaded again  	[MsgId: MMSG-26655]
Registration.c(142): Resource "https://petstore.octoperf.com/images/fish_icon.gif" is in the cache already and will not be downloaded again  	[MsgId: MMSG-26655]
Registration.c(142): Resource "https://petstore.octoperf.com/images/dogs_icon.gif" is in the cache already and will not be downloaded again  	[MsgId: MMSG-26655]
Registration.c(142): Resource "https://petstore.octoperf.com/images/cats_icon.gif" is in the cache already and will not be downloaded again  	[MsgId: MMSG-26655]
Registration.c(142): Resource "https://petstore.octoperf.com/images/reptiles_icon.gif" is in the cache already and will not be downloaded again  	[MsgId: MMSG-26655]
Registration.c(142): Resource "https://petstore.octoperf.com/images/birds_icon.gif" is in the cache already and will not be downloaded again  	[MsgId: MMSG-26655]
Registration.c(142): Resource "https://petstore.octoperf.com/images/splash.gif" is in the cache already and will not be downloaded again  	[MsgId: MMSG-26655]
Registration.c(142): Registered web_reg_find successful for "Text=Sign In" (count=1)  	[MsgId: MMSG-26364]
Registration.c(142): web_url("Account.action_2") was successful, 4736 body bytes, 518 header bytes  	[MsgId: MMSG-26386]
Registration.c(151): Notify: Transaction "PetStore_SignOut_T05" ended with a "Pass" status (Duration: 0.2545 Wasted Time: 0.0000).	[MsgId: MMSG-16871]
Login.c(4): Notify: Transaction "PetStore_ClickOnSignIn_T01" started.	[MsgId: MMSG-16999]
Login.c(6): web_reg_find started  	[MsgId: MMSG-26355]
Login.c(6): Registering web_reg_find was successful  	[MsgId: MMSG-26390]
Login.c(9): web_link("Sign In") started  	[MsgId: MMSG-26355]
Login.c(9): Linking to "https://petstore.octoperf.com/actions/Account.action?signonForm=", Target Frame=""  	[MsgId: MMSG-27994]
Login.c(9): Resource "https://petstore.octoperf.com/css/jpetstore.css" is in the cache already and will not be downloaded again  	[MsgId: MMSG-26655]
Login.c(9): Resource "https://petstore.octoperf.com/images/logo-topbar.svg" is in the cache already and will not be downloaded again  	[MsgId: MMSG-26655]
Login.c(9): Resource "https://petstore.octoperf.com/images/cart.gif" is in the cache already and will not be downloaded again  	[MsgId: MMSG-26655]
Login.c(9): Resource "https://petstore.octoperf.com/images/separator.gif" is in the cache already and will not be downloaded again  	[MsgId: MMSG-26655]
Login.c(9): Resource "https://petstore.octoperf.com/images/sm_fish.gif" is in the cache already and will not be downloaded again  	[MsgId: MMSG-26655]
Login.c(9): Resource "https://petstore.octoperf.com/images/sm_dogs.gif" is in the cache already and will not be downloaded again  	[MsgId: MMSG-26655]
Login.c(9): Resource "https://petstore.octoperf.com/images/sm_reptiles.gif" is in the cache already and will not be downloaded again  	[MsgId: MMSG-26655]
Login.c(9): Resource "https://petstore.octoperf.com/images/sm_cats.gif" is in the cache already and will not be downloaded again  	[MsgId: MMSG-26655]
Login.c(9): Resource "https://petstore.octoperf.com/images/sm_birds.gif" is in the cache already and will not be downloaded again  	[MsgId: MMSG-26655]
Login.c(9): Registered web_reg_find successful for "Text=Please enter your username and password" (count=1)  	[MsgId: MMSG-26364]
Login.c(9): web_link("Sign In") was successful, 3860 body bytes, 225 header bytes  	[MsgId: MMSG-26386]
Login.c(13): Notify: Transaction "PetStore_ClickOnSignIn_T01" ended with a "Pass" status (Duration: 0.1269 Wasted Time: 0.0000).	[MsgId: MMSG-16871]
Login.c(15): lr_think_time: 3.40 seconds (recorded think time was 5.00 seconds).	[MsgId: MMSG-15947]
Registration.c(137): Notify: Transaction "PetStore_SignOut_T05" started.	[MsgId: MMSG-16999]
Registration.c(139): web_reg_find started  	[MsgId: MMSG-26355]
Registration.c(139): Registering web_reg_find was successful  	[MsgId: MMSG-26390]
Registration.c(142): web_url("Account.action_2") started  	[MsgId: MMSG-26355]
Registration.c(142): Redirecting "https://petstore.octoperf.com/actions/Account.action?signoff=" (redirection depth is 0)  	[MsgId: MMSG-26694]
Registration.c(142): To location "https://petstore.octoperf.com/actions/Catalog.action"  	[MsgId: MMSG-26693]
Registration.c(142): Resource "https://petstore.octoperf.com/css/jpetstore.css" is in the cache already and will not be downloaded again  	[MsgId: MMSG-26655]
Registration.c(142): Resource "https://petstore.octoperf.com/images/logo-topbar.svg" is in the cache already and will not be downloaded again  	[MsgId: MMSG-26655]
Registration.c(142): Resource "https://petstore.octoperf.com/images/cart.gif" is in the cache already and will not be downloaded again  	[MsgId: MMSG-26655]
Registration.c(142): Resource "https://petstore.octoperf.com/images/separator.gif" is in the cache already and will not be downloaded again  	[MsgId: MMSG-26655]
Registration.c(142): Resource "https://petstore.octoperf.com/images/sm_fish.gif" is in the cache already and will not be downloaded again  	[MsgId: MMSG-26655]
Registration.c(142): Resource "https://petstore.octoperf.com/images/sm_dogs.gif" is in the cache already and will not be downloaded again  	[MsgId: MMSG-26655]
Registration.c(142): Resource "https://petstore.octoperf.com/images/sm_reptiles.gif" is in the cache already and will not be downloaded again  	[MsgId: MMSG-26655]
Registration.c(142): Resource "https://petstore.octoperf.com/images/sm_cats.gif" is in the cache already and will not be downloaded again  	[MsgId: MMSG-26655]
Registration.c(142): Resource "https://petstore.octoperf.com/images/sm_birds.gif" is in the cache already and will not be downloaded again  	[MsgId: MMSG-26655]
Registration.c(142): Resource "https://petstore.octoperf.com/images/fish_icon.gif" is in the cache already and will not be downloaded again  	[MsgId: MMSG-26655]
Registration.c(142): Resource "https://petstore.octoperf.com/images/dogs_icon.gif" is in the cache already and will not be downloaded again  	[MsgId: MMSG-26655]
Registration.c(142): Resource "https://petstore.octoperf.com/images/cats_icon.gif" is in the cache already and will not be downloaded again  	[MsgId: MMSG-26655]
Registration.c(142): Resource "https://petstore.octoperf.com/images/reptiles_icon.gif" is in the cache already and will not be downloaded again  	[MsgId: MMSG-26655]
Registration.c(142): Resource "https://petstore.octoperf.com/images/birds_icon.gif" is in the cache already and will not be downloaded again  	[MsgId: MMSG-26655]
Registration.c(142): Resource "https://petstore.octoperf.com/images/splash.gif" is in the cache already and will not be downloaded again  	[MsgId: MMSG-26655]
Registration.c(142): Registered web_reg_find successful for "Text=Sign In" (count=1)  	[MsgId: MMSG-26364]
Registration.c(142): web_url("Account.action_2") was successful, 4736 body bytes, 518 header bytes  	[MsgId: MMSG-26386]
Registration.c(151): Notify: Transaction "PetStore_SignOut_T05" ended with a "Pass" status (Duration: 0.2536 Wasted Time: 0.0000).	[MsgId: MMSG-16871]
Login.c(4): Notify: Transaction "PetStore_ClickOnSignIn_T01" started.	[MsgId: MMSG-16999]
Login.c(6): web_reg_find started  	[MsgId: MMSG-26355]
Login.c(6): Registering web_reg_find was successful  	[MsgId: MMSG-26390]
Login.c(9): web_link("Sign In") started  	[MsgId: MMSG-26355]
Login.c(9): Linking to "https://petstore.octoperf.com/actions/Account.action?signonForm=", Target Frame=""  	[MsgId: MMSG-27994]
AddToCard.c(88): Notify: Transaction "PetStore_AddToCard_T04" started.	[MsgId: MMSG-16999]
AddToCard.c(90): web_reg_find started  	[MsgId: MMSG-26355]
AddToCard.c(90): Registering web_reg_find was successful  	[MsgId: MMSG-26390]
AddToCard.c(94): web_link("Add to Cart") started  	[MsgId: MMSG-26355]
AddToCard.c(94): Linking to "https://petstore.octoperf.com/actions/Cart.action?addItemToCart=&workingItemId=EST-4", Target Frame=""  	[MsgId: MMSG-27994]
Login.c(9): Resource "https://petstore.octoperf.com/css/jpetstore.css" is in the cache already and will not be downloaded again  	[MsgId: MMSG-26655]
Login.c(9): Resource "https://petstore.octoperf.com/images/logo-topbar.svg" is in the cache already and will not be downloaded again  	[MsgId: MMSG-26655]
Login.c(9): Resource "https://petstore.octoperf.com/images/cart.gif" is in the cache already and will not be downloaded again  	[MsgId: MMSG-26655]
Login.c(9): Resource "https://petstore.octoperf.com/images/separator.gif" is in the cache already and will not be downloaded again  	[MsgId: MMSG-26655]
Login.c(9): Resource "https://petstore.octoperf.com/images/sm_fish.gif" is in the cache already and will not be downloaded again  	[MsgId: MMSG-26655]
Login.c(9): Resource "https://petstore.octoperf.com/images/sm_dogs.gif" is in the cache already and will not be downloaded again  	[MsgId: MMSG-26655]
Login.c(9): Resource "https://petstore.octoperf.com/images/sm_reptiles.gif" is in the cache already and will not be downloaded again  	[MsgId: MMSG-26655]
Login.c(9): Resource "https://petstore.octoperf.com/images/sm_cats.gif" is in the cache already and will not be downloaded again  	[MsgId: MMSG-26655]
Login.c(9): Resource "https://petstore.octoperf.com/images/sm_birds.gif" is in the cache already and will not be downloaded again  	[MsgId: MMSG-26655]
Login.c(9): Registered web_reg_find successful for "Text=Please enter your username and password" (count=1)  	[MsgId: MMSG-26364]
Login.c(9): web_link("Sign In") was successful, 3856 body bytes, 225 header bytes  	[MsgId: MMSG-26386]
Login.c(13): Notify: Transaction "PetStore_ClickOnSignIn_T01" ended with a "Pass" status (Duration: 0.1409 Wasted Time: 0.0000).	[MsgId: MMSG-16871]
Login.c(15): lr_think_time: 3.34 seconds (recorded think time was 5.00 seconds).	[MsgId: MMSG-15947]
AddToCard.c(94): Resource "https://petstore.octoperf.com/css/jpetstore.css" is in the cache already and will not be downloaded again  	[MsgId: MMSG-26655]
AddToCard.c(94): Resource "https://petstore.octoperf.com/images/logo-topbar.svg" is in the cache already and will not be downloaded again  	[MsgId: MMSG-26655]
AddToCard.c(94): Resource "https://petstore.octoperf.com/images/cart.gif" is in the cache already and will not be downloaded again  	[MsgId: MMSG-26655]
AddToCard.c(94): Resource "https://petstore.octoperf.com/images/separator.gif" is in the cache already and will not be downloaded again  	[MsgId: MMSG-26655]
AddToCard.c(94): Resource "https://petstore.octoperf.com/images/sm_fish.gif" is in the cache already and will not be downloaded again  	[MsgId: MMSG-26655]
AddToCard.c(94): Resource "https://petstore.octoperf.com/images/sm_dogs.gif" is in the cache already and will not be downloaded again  	[MsgId: MMSG-26655]
AddToCard.c(94): Resource "https://petstore.octoperf.com/images/sm_reptiles.gif" is in the cache already and will not be downloaded again  	[MsgId: MMSG-26655]
AddToCard.c(94): Resource "https://petstore.octoperf.com/images/sm_cats.gif" is in the cache already and will not be downloaded again  	[MsgId: MMSG-26655]
AddToCard.c(94): Resource "https://petstore.octoperf.com/images/sm_birds.gif" is in the cache already and will not be downloaded again  	[MsgId: MMSG-26655]
AddToCard.c(94): Resource "https://petstore.octoperf.com/images/banner_fish.gif" is in the cache already and will not be downloaded again  	[MsgId: MMSG-26655]
AddToCard.c(94): Registered web_reg_find successful for "Text=Shopping Cart" (count=1)  	[MsgId: MMSG-26364]
AddToCard.c(94): web_link("Add to Cart") was successful, 4623 body bytes, 225 header bytes  	[MsgId: MMSG-26386]
AddToCard.c(99): Notify: Transaction "PetStore_AddToCard_T04" ended with a "Pass" status (Duration: 0.1323 Wasted Time: 0.0000).	[MsgId: MMSG-16871]
Ending action AddToCard.	[MsgId: MMSG-15918]
Action was aborted.	[MsgId: MMSG-10694]
Ending Vuser...	[MsgId: MMSG-15966]
Starting action vuser_end.	[MsgId: MMSG-15919]
vuser_end.c(4): Notify: Transaction "PetStore_SignOut_T01" started.	[MsgId: MMSG-16999]
vuser_end.c(6): web_reg_find started  	[MsgId: MMSG-26355]
vuser_end.c(6): Registering web_reg_find was successful  	[MsgId: MMSG-26390]
vuser_end.c(9): web_url("Account.action_2") started  	[MsgId: MMSG-26355]
vuser_end.c(9): Redirecting "https://petstore.octoperf.com/actions/Account.action?signoff=" (redirection depth is 0)  	[MsgId: MMSG-26694]
vuser_end.c(9): To location "https://petstore.octoperf.com/actions/Catalog.action"  	[MsgId: MMSG-26693]
vuser_end.c(9): Resource "https://petstore.octoperf.com/css/jpetstore.css" is in the cache already and will not be downloaded again  	[MsgId: MMSG-26655]
vuser_end.c(9): Resource "https://petstore.octoperf.com/images/logo-topbar.svg" is in the cache already and will not be downloaded again  	[MsgId: MMSG-26655]
vuser_end.c(9): Resource "https://petstore.octoperf.com/images/cart.gif" is in the cache already and will not be downloaded again  	[MsgId: MMSG-26655]
vuser_end.c(9): Resource "https://petstore.octoperf.com/images/separator.gif" is in the cache already and will not be downloaded again  	[MsgId: MMSG-26655]
vuser_end.c(9): Resource "https://petstore.octoperf.com/images/sm_fish.gif" is in the cache already and will not be downloaded again  	[MsgId: MMSG-26655]
vuser_end.c(9): Resource "https://petstore.octoperf.com/images/sm_dogs.gif" is in the cache already and will not be downloaded again  	[MsgId: MMSG-26655]
vuser_end.c(9): Resource "https://petstore.octoperf.com/images/sm_reptiles.gif" is in the cache already and will not be downloaded again  	[MsgId: MMSG-26655]
vuser_end.c(9): Resource "https://petstore.octoperf.com/images/sm_cats.gif" is in the cache already and will not be downloaded again  	[MsgId: MMSG-26655]
vuser_end.c(9): Resource "https://petstore.octoperf.com/images/sm_birds.gif" is in the cache already and will not be downloaded again  	[MsgId: MMSG-26655]
vuser_end.c(9): Resource "https://petstore.octoperf.com/images/fish_icon.gif" is in the cache already and will not be downloaded again  	[MsgId: MMSG-26655]
vuser_end.c(9): Resource "https://petstore.octoperf.com/images/dogs_icon.gif" is in the cache already and will not be downloaded again  	[MsgId: MMSG-26655]
vuser_end.c(9): Resource "https://petstore.octoperf.com/images/cats_icon.gif" is in the cache already and will not be downloaded again  	[MsgId: MMSG-26655]
vuser_end.c(9): Resource "https://petstore.octoperf.com/images/reptiles_icon.gif" is in the cache already and will not be downloaded again  	[MsgId: MMSG-26655]
vuser_end.c(9): Resource "https://petstore.octoperf.com/images/birds_icon.gif" is in the cache already and will not be downloaded again  	[MsgId: MMSG-26655]
vuser_end.c(9): Resource "https://petstore.octoperf.com/images/splash.gif" is in the cache already and will not be downloaded again  	[MsgId: MMSG-26655]
vuser_end.c(9): Registered web_reg_find successful for "Text=Sign In" (count=1)  	[MsgId: MMSG-26364]
vuser_end.c(9): web_url("Account.action_2") was successful, 4736 body bytes, 518 header bytes  	[MsgId: MMSG-26386]
vuser_end.c(18): Notify: Transaction "PetStore_SignOut_T01" ended with a "Pass" status (Duration: 0.2563 Wasted Time: 0.0000).	[MsgId: MMSG-16871]
vuser_end.c(20): Script Exection done sucessfully	[MsgId: MMSG-17999]
vuser_end.c(21): web_cache_cleanup started  	[MsgId: MMSG-26355]
vuser_end.c(21): web_cache_cleanup was successful  	[MsgId: MMSG-26392]
vuser_end.c(22): web_cleanup_cookies started  	[MsgId: MMSG-26355]
vuser_end.c(22): web_cleanup_cookies was successful  	[MsgId: MMSG-26392]
Ending action vuser_end.	[MsgId: MMSG-15918]
Vuser Terminated.	[MsgId: MMSG-15963]
Vuser 4 (thread 4020), ended OK."	[MsgId: MMSG-10695]
Login.c(17): Notify: Transaction "PetStore_Login_T01" started.	[MsgId: MMSG-16999]
Login.c(18): web_reg_find started  	[MsgId: MMSG-26355]
Login.c(18): Registering web_reg_find was successful  	[MsgId: MMSG-26390]
Login.c(20): web_reg_save_param_regexp started  	[MsgId: MMSG-26355]
Login.c(20): Registering web_reg_save_param_regexp was successful  	[MsgId: MMSG-26390]
Login.c(26): web_submit_form("Account.action") started  	[MsgId: MMSG-26355]
Login.c(26): Notify: Parameter Substitution: parameter "randomUsername" =  "KLWE"	[MsgId: MMSG-13992]
Login.c(26): Notify: Parameter Substitution: parameter "randompass" =  "uwoh"	[MsgId: MMSG-13992]
Login.c(26): Submitting form to "https://petstore.octoperf.com/actions/Account.action", Target Frame=""  	[MsgId: MMSG-27978]
AddToCard.c(67): Notify: Transaction "PetStore_SelectItemId_T03" started.	[MsgId: MMSG-16999]
AddToCard.c(71): Notify: Parameter Substitution: parameter "itemId_count" =  "2"	[MsgId: MMSG-13992]
AddToCard.c(72): Notify: Parameter Substitution: parameter "itemId_2" =  "EST-10"	[MsgId: MMSG-13992]
AddToCard.c(74): Notify: Saving Parameter "RanditemId = EST-10".	[MsgId: MMSG-13798]
AddToCard.c(75): Notify: Parameter Substitution: parameter "RanditemId" =  "EST-10"	[MsgId: MMSG-13992]
AddToCard.c(75): Random category selected in Action2 = EST-10	[MsgId: MMSG-17999]
AddToCard.c(77): web_reg_find started  	[MsgId: MMSG-26355]
AddToCard.c(77): Notify: Parameter Substitution: parameter "RanditemId" =  "EST-10"	[MsgId: MMSG-13992]
AddToCard.c(77): Registering web_reg_find was successful  	[MsgId: MMSG-26390]
AddToCard.c(79): web_link("{RanditemId}") started  	[MsgId: MMSG-26355]
AddToCard.c(79): Notify: Parameter Substitution: parameter "RanditemId" =  "EST-10"	[MsgId: MMSG-13992]
AddToCard.c(79): Linking to "https://petstore.octoperf.com/actions/Catalog.action?viewItem=&itemId=EST-10", Target Frame=""  	[MsgId: MMSG-27994]
Login.c(26): Redirecting "https://petstore.octoperf.com/actions/Account.action" (redirection depth is 0)  	[MsgId: MMSG-26694]
Login.c(26): To location "https://petstore.octoperf.com/actions/Catalog.action"  	[MsgId: MMSG-26693]
AddToCard.c(79): Resource "https://petstore.octoperf.com/css/jpetstore.css" is in the cache already and will not be downloaded again  	[MsgId: MMSG-26655]
AddToCard.c(79): Resource "https://petstore.octoperf.com/images/logo-topbar.svg" is in the cache already and will not be downloaded again  	[MsgId: MMSG-26655]
AddToCard.c(79): Resource "https://petstore.octoperf.com/images/cart.gif" is in the cache already and will not be downloaded again  	[MsgId: MMSG-26655]
AddToCard.c(79): Resource "https://petstore.octoperf.com/images/separator.gif" is in the cache already and will not be downloaded again  	[MsgId: MMSG-26655]
AddToCard.c(79): Resource "https://petstore.octoperf.com/images/sm_fish.gif" is in the cache already and will not be downloaded again  	[MsgId: MMSG-26655]
AddToCard.c(79): Resource "https://petstore.octoperf.com/images/sm_dogs.gif" is in the cache already and will not be downloaded again  	[MsgId: MMSG-26655]
AddToCard.c(79): Resource "https://petstore.octoperf.com/images/sm_reptiles.gif" is in the cache already and will not be downloaded again  	[MsgId: MMSG-26655]
AddToCard.c(79): Resource "https://petstore.octoperf.com/images/sm_cats.gif" is in the cache already and will not be downloaded again  	[MsgId: MMSG-26655]
AddToCard.c(79): Resource "https://petstore.octoperf.com/images/sm_birds.gif" is in the cache already and will not be downloaded again  	[MsgId: MMSG-26655]
AddToCard.c(79): Found resource "https://petstore.octoperf.com/images/dog5.gif" in HTML "https://petstore.octoperf.com/actions/Catalog.action?viewItem=&itemId=EST-10"  	[MsgId: MMSG-26659]
AddToCard.c(79): Resource "https://petstore.octoperf.com/images/banner_fish.gif" is in the cache already and will not be downloaded again  	[MsgId: MMSG-26655]
Login.c(26): Resource "https://petstore.octoperf.com/css/jpetstore.css" is in the cache already and will not be downloaded again  	[MsgId: MMSG-26655]
Login.c(26): Resource "https://petstore.octoperf.com/images/logo-topbar.svg" is in the cache already and will not be downloaded again  	[MsgId: MMSG-26655]
Login.c(26): Resource "https://petstore.octoperf.com/images/cart.gif" is in the cache already and will not be downloaded again  	[MsgId: MMSG-26655]
Login.c(26): Resource "https://petstore.octoperf.com/images/separator.gif" is in the cache already and will not be downloaded again  	[MsgId: MMSG-26655]
Login.c(26): Resource "https://petstore.octoperf.com/images/sm_fish.gif" is in the cache already and will not be downloaded again  	[MsgId: MMSG-26655]
Login.c(26): Resource "https://petstore.octoperf.com/images/sm_dogs.gif" is in the cache already and will not be downloaded again  	[MsgId: MMSG-26655]
Login.c(26): Resource "https://petstore.octoperf.com/images/sm_reptiles.gif" is in the cache already and will not be downloaded again  	[MsgId: MMSG-26655]
Login.c(26): Resource "https://petstore.octoperf.com/images/sm_cats.gif" is in the cache already and will not be downloaded again  	[MsgId: MMSG-26655]
Login.c(26): Resource "https://petstore.octoperf.com/images/sm_birds.gif" is in the cache already and will not be downloaded again  	[MsgId: MMSG-26655]
Login.c(26): Resource "https://petstore.octoperf.com/images/fish_icon.gif" is in the cache already and will not be downloaded again  	[MsgId: MMSG-26655]
Login.c(26): Resource "https://petstore.octoperf.com/images/dogs_icon.gif" is in the cache already and will not be downloaded again  	[MsgId: MMSG-26655]
Login.c(26): Resource "https://petstore.octoperf.com/images/cats_icon.gif" is in the cache already and will not be downloaded again  	[MsgId: MMSG-26655]
Login.c(26): Resource "https://petstore.octoperf.com/images/reptiles_icon.gif" is in the cache already and will not be downloaded again  	[MsgId: MMSG-26655]
Login.c(26): Resource "https://petstore.octoperf.com/images/birds_icon.gif" is in the cache already and will not be downloaded again  	[MsgId: MMSG-26655]
Login.c(26): Resource "https://petstore.octoperf.com/images/splash.gif" is in the cache already and will not be downloaded again  	[MsgId: MMSG-26655]
Login.c(26): Found resource "https://petstore.octoperf.com/images/banner_fish.gif" in HTML "https://petstore.octoperf.com/actions/Catalog.action"  	[MsgId: MMSG-26659]
Login.c(26): Notify: Saving Parameter "ProductName_1 = BIRDS".	[MsgId: MMSG-13798]
Login.c(26): Notify: Saving Parameter "ProductName_2 = FISH".	[MsgId: MMSG-13798]
Login.c(26): Notify: Saving Parameter "ProductName_3 = DOGS".	[MsgId: MMSG-13798]
Login.c(26): Notify: Saving Parameter "ProductName_4 = REPTILES".	[MsgId: MMSG-13798]
Login.c(26): Notify: Saving Parameter "ProductName_5 = CATS".	[MsgId: MMSG-13798]
Login.c(26): Notify: Saving Parameter "ProductName_6 = BIRDS".	[MsgId: MMSG-13798]
Login.c(26): Notify: Saving Parameter "ProductName_count = 6".	[MsgId: MMSG-13798]
Login.c(26): Registered web_reg_find successful for "Text=My Account" (count=1)  	[MsgId: MMSG-26364]
Login.c(26): web_submit_form("Account.action") was successful, 11416 body bytes, 727 header bytes  	[MsgId: MMSG-26386]
Login.c(34): Notify: Transaction "PetStore_Login_T01" ended with a "Pass" status (Duration: 0.5020 Wasted Time: 0.0003).	[MsgId: MMSG-16871]
Ending action Login.	[MsgId: MMSG-15918]
Starting action AddToCard.	[MsgId: MMSG-15919]
AddToCard.c(8): Notify: Transaction "PetStore_AddAproduct_T01" started.	[MsgId: MMSG-16999]
AddToCard.c(11): Notify: Parameter Substitution: parameter "ProductName_count" =  "6"	[MsgId: MMSG-13992]
AddToCard.c(12): Notify: Parameter Substitution: parameter "ProductName_4" =  "REPTILES"	[MsgId: MMSG-13992]
AddToCard.c(14): Notify: Saving Parameter "RandCategory = REPTILES".	[MsgId: MMSG-13798]
AddToCard.c(15): Notify: Parameter Substitution: parameter "RandCategory" =  "REPTILES"	[MsgId: MMSG-13992]
AddToCard.c(15): Random category selected in Action2 = REPTILES	[MsgId: MMSG-17999]
AddToCard.c(17): web_reg_find started  	[MsgId: MMSG-26355]
AddToCard.c(17): Notify: Parameter Substitution: parameter "RandCategory" =  "REPTILES"	[MsgId: MMSG-13992]
AddToCard.c(17): Registering web_reg_find was successful  	[MsgId: MMSG-26390]
AddToCard.c(20): web_reg_save_param_regexp started  	[MsgId: MMSG-26355]
AddToCard.c(20): Registering web_reg_save_param_regexp was successful  	[MsgId: MMSG-26390]
AddToCard.c(27): web_url("Catalog.action_2") started  	[MsgId: MMSG-26355]
AddToCard.c(27): Notify: Parameter Substitution: parameter "RandCategory" =  "REPTILES"	[MsgId: MMSG-13992]
AddToCard.c(79): Registered web_reg_find successful for "Text=EST-10" (count=2)  	[MsgId: MMSG-26364]
AddToCard.c(79): web_link("{RanditemId}") was successful, 16486 body bytes, 511 header bytes  	[MsgId: MMSG-26386]
AddToCard.c(84): Notify: Transaction "PetStore_SelectItemId_T03" ended with a "Pass" status (Duration: 0.3975 Wasted Time: 0.0000).	[MsgId: MMSG-16871]
AddToCard.c(86): lr_think_time: 3.69 seconds (recorded think time was 5.00 seconds).	[MsgId: MMSG-15947]
AddToCard.c(27): Resource "https://petstore.octoperf.com/css/jpetstore.css" is in the cache already and will not be downloaded again  	[MsgId: MMSG-26655]
AddToCard.c(27): Resource "https://petstore.octoperf.com/images/logo-topbar.svg" is in the cache already and will not be downloaded again  	[MsgId: MMSG-26655]
AddToCard.c(27): Resource "https://petstore.octoperf.com/images/cart.gif" is in the cache already and will not be downloaded again  	[MsgId: MMSG-26655]
AddToCard.c(27): Resource "https://petstore.octoperf.com/images/separator.gif" is in the cache already and will not be downloaded again  	[MsgId: MMSG-26655]
AddToCard.c(27): Resource "https://petstore.octoperf.com/images/sm_fish.gif" is in the cache already and will not be downloaded again  	[MsgId: MMSG-26655]
AddToCard.c(27): Resource "https://petstore.octoperf.com/images/sm_dogs.gif" is in the cache already and will not be downloaded again  	[MsgId: MMSG-26655]
AddToCard.c(27): Resource "https://petstore.octoperf.com/images/sm_reptiles.gif" is in the cache already and will not be downloaded again  	[MsgId: MMSG-26655]
AddToCard.c(27): Resource "https://petstore.octoperf.com/images/sm_cats.gif" is in the cache already and will not be downloaded again  	[MsgId: MMSG-26655]
AddToCard.c(27): Resource "https://petstore.octoperf.com/images/sm_birds.gif" is in the cache already and will not be downloaded again  	[MsgId: MMSG-26655]
AddToCard.c(27): Resource "https://petstore.octoperf.com/images/banner_fish.gif" is in the cache already and will not be downloaded again  	[MsgId: MMSG-26655]
AddToCard.c(27): Notify: Saving Parameter "productId_1 = RP-SN-01".	[MsgId: MMSG-13798]
AddToCard.c(27): Notify: Saving Parameter "productId_2 = RP-LI-02".	[MsgId: MMSG-13798]
AddToCard.c(27): Notify: Saving Parameter "productId_count = 2".	[MsgId: MMSG-13798]
AddToCard.c(27): Registered web_reg_find successful for "Text=REPTILES" (count=1)  	[MsgId: MMSG-26364]
AddToCard.c(27): web_url("Catalog.action_2") was successful, 3627 body bytes, 225 header bytes  	[MsgId: MMSG-26386]
AddToCard.c(36): Notify: Transaction "PetStore_AddAproduct_T01" ended with a "Pass" status (Duration: 0.1284 Wasted Time: 0.0002).	[MsgId: MMSG-16871]
AddToCard.c(38): lr_think_time: 3.84 seconds (recorded think time was 5.00 seconds).	[MsgId: MMSG-15947]
Login.c(17): Notify: Transaction "PetStore_Login_T01" started.	[MsgId: MMSG-16999]
Login.c(18): web_reg_find started  	[MsgId: MMSG-26355]
Login.c(18): Registering web_reg_find was successful  	[MsgId: MMSG-26390]
Login.c(20): web_reg_save_param_regexp started  	[MsgId: MMSG-26355]
Login.c(20): Registering web_reg_save_param_regexp was successful  	[MsgId: MMSG-26390]
Login.c(26): web_submit_form("Account.action") started  	[MsgId: MMSG-26355]
Login.c(26): Notify: Parameter Substitution: parameter "randomUsername" =  "TBBW"	[MsgId: MMSG-13992]
Login.c(26): Notify: Parameter Substitution: parameter "randompass" =  "vahf"	[MsgId: MMSG-13992]
Login.c(26): Submitting form to "https://petstore.octoperf.com/actions/Account.action", Target Frame=""  	[MsgId: MMSG-27978]
Login.c(26): Redirecting "https://petstore.octoperf.com/actions/Account.action" (redirection depth is 0)  	[MsgId: MMSG-26694]
Login.c(26): To location "https://petstore.octoperf.com/actions/Catalog.action"  	[MsgId: MMSG-26693]
Login.c(26): Resource "https://petstore.octoperf.com/css/jpetstore.css" is in the cache already and will not be downloaded again  	[MsgId: MMSG-26655]
Login.c(26): Resource "https://petstore.octoperf.com/images/logo-topbar.svg" is in the cache already and will not be downloaded again  	[MsgId: MMSG-26655]
Login.c(26): Resource "https://petstore.octoperf.com/images/cart.gif" is in the cache already and will not be downloaded again  	[MsgId: MMSG-26655]
Login.c(26): Resource "https://petstore.octoperf.com/images/separator.gif" is in the cache already and will not be downloaded again  	[MsgId: MMSG-26655]
Login.c(26): Resource "https://petstore.octoperf.com/images/sm_fish.gif" is in the cache already and will not be downloaded again  	[MsgId: MMSG-26655]
Login.c(26): Resource "https://petstore.octoperf.com/images/sm_dogs.gif" is in the cache already and will not be downloaded again  	[MsgId: MMSG-26655]
Login.c(26): Resource "https://petstore.octoperf.com/images/sm_reptiles.gif" is in the cache already and will not be downloaded again  	[MsgId: MMSG-26655]
Login.c(26): Resource "https://petstore.octoperf.com/images/sm_cats.gif" is in the cache already and will not be downloaded again  	[MsgId: MMSG-26655]
Login.c(26): Resource "https://petstore.octoperf.com/images/sm_birds.gif" is in the cache already and will not be downloaded again  	[MsgId: MMSG-26655]
Login.c(26): Resource "https://petstore.octoperf.com/images/fish_icon.gif" is in the cache already and will not be downloaded again  	[MsgId: MMSG-26655]
Login.c(26): Resource "https://petstore.octoperf.com/images/dogs_icon.gif" is in the cache already and will not be downloaded again  	[MsgId: MMSG-26655]
Login.c(26): Resource "https://petstore.octoperf.com/images/cats_icon.gif" is in the cache already and will not be downloaded again  	[MsgId: MMSG-26655]
Login.c(26): Resource "https://petstore.octoperf.com/images/reptiles_icon.gif" is in the cache already and will not be downloaded again  	[MsgId: MMSG-26655]
Login.c(26): Resource "https://petstore.octoperf.com/images/birds_icon.gif" is in the cache already and will not be downloaded again  	[MsgId: MMSG-26655]
Login.c(26): Resource "https://petstore.octoperf.com/images/splash.gif" is in the cache already and will not be downloaded again  	[MsgId: MMSG-26655]
Login.c(26): Found resource "https://petstore.octoperf.com/images/banner_fish.gif" in HTML "https://petstore.octoperf.com/actions/Catalog.action"  	[MsgId: MMSG-26659]
Login.c(26): Notify: Saving Parameter "ProductName_1 = BIRDS".	[MsgId: MMSG-13798]
Login.c(26): Notify: Saving Parameter "ProductName_2 = FISH".	[MsgId: MMSG-13798]
Login.c(26): Notify: Saving Parameter "ProductName_3 = DOGS".	[MsgId: MMSG-13798]
Login.c(26): Notify: Saving Parameter "ProductName_4 = REPTILES".	[MsgId: MMSG-13798]
Login.c(26): Notify: Saving Parameter "ProductName_5 = CATS".	[MsgId: MMSG-13798]
Login.c(26): Notify: Saving Parameter "ProductName_6 = BIRDS".	[MsgId: MMSG-13798]
Login.c(26): Notify: Saving Parameter "ProductName_count = 6".	[MsgId: MMSG-13798]
Login.c(26): Registered web_reg_find successful for "Text=My Account" (count=1)  	[MsgId: MMSG-26364]
Login.c(26): web_submit_form("Account.action") was successful, 11416 body bytes, 727 header bytes  	[MsgId: MMSG-26386]
Login.c(34): Notify: Transaction "PetStore_Login_T01" ended with a "Pass" status (Duration: 0.6181 Wasted Time: 0.0007).	[MsgId: MMSG-16871]
Ending action Login.	[MsgId: MMSG-15918]
Starting action AddToCard.	[MsgId: MMSG-15919]
AddToCard.c(8): Notify: Transaction "PetStore_AddAproduct_T01" started.	[MsgId: MMSG-16999]
AddToCard.c(11): Notify: Parameter Substitution: parameter "ProductName_count" =  "6"	[MsgId: MMSG-13992]
AddToCard.c(12): Notify: Parameter Substitution: parameter "ProductName_3" =  "DOGS"	[MsgId: MMSG-13992]
AddToCard.c(14): Notify: Saving Parameter "RandCategory = DOGS".	[MsgId: MMSG-13798]
AddToCard.c(15): Notify: Parameter Substitution: parameter "RandCategory" =  "DOGS"	[MsgId: MMSG-13992]
AddToCard.c(15): Random category selected in Action2 = DOGS	[MsgId: MMSG-17999]
AddToCard.c(17): web_reg_find started  	[MsgId: MMSG-26355]
AddToCard.c(17): Notify: Parameter Substitution: parameter "RandCategory" =  "DOGS"	[MsgId: MMSG-13992]
AddToCard.c(17): Registering web_reg_find was successful  	[MsgId: MMSG-26390]
AddToCard.c(20): web_reg_save_param_regexp started  	[MsgId: MMSG-26355]
AddToCard.c(20): Registering web_reg_save_param_regexp was successful  	[MsgId: MMSG-26390]
AddToCard.c(27): web_url("Catalog.action_2") started  	[MsgId: MMSG-26355]
AddToCard.c(27): Notify: Parameter Substitution: parameter "RandCategory" =  "DOGS"	[MsgId: MMSG-13992]
AddToCard.c(27): Resource "https://petstore.octoperf.com/css/jpetstore.css" is in the cache already and will not be downloaded again  	[MsgId: MMSG-26655]
AddToCard.c(27): Resource "https://petstore.octoperf.com/images/logo-topbar.svg" is in the cache already and will not be downloaded again  	[MsgId: MMSG-26655]
AddToCard.c(27): Resource "https://petstore.octoperf.com/images/cart.gif" is in the cache already and will not be downloaded again  	[MsgId: MMSG-26655]
AddToCard.c(27): Resource "https://petstore.octoperf.com/images/separator.gif" is in the cache already and will not be downloaded again  	[MsgId: MMSG-26655]
AddToCard.c(27): Resource "https://petstore.octoperf.com/images/sm_fish.gif" is in the cache already and will not be downloaded again  	[MsgId: MMSG-26655]
AddToCard.c(27): Resource "https://petstore.octoperf.com/images/sm_dogs.gif" is in the cache already and will not be downloaded again  	[MsgId: MMSG-26655]
AddToCard.c(27): Resource "https://petstore.octoperf.com/images/sm_reptiles.gif" is in the cache already and will not be downloaded again  	[MsgId: MMSG-26655]
AddToCard.c(27): Resource "https://petstore.octoperf.com/images/sm_cats.gif" is in the cache already and will not be downloaded again  	[MsgId: MMSG-26655]
AddToCard.c(27): Resource "https://petstore.octoperf.com/images/sm_birds.gif" is in the cache already and will not be downloaded again  	[MsgId: MMSG-26655]
AddToCard.c(27): Resource "https://petstore.octoperf.com/images/banner_fish.gif" is in the cache already and will not be downloaded again  	[MsgId: MMSG-26655]
AddToCard.c(27): Notify: Saving Parameter "productId_1 = K9-BD-01".	[MsgId: MMSG-13798]
AddToCard.c(27): Notify: Saving Parameter "productId_2 = K9-PO-02".	[MsgId: MMSG-13798]
AddToCard.c(27): Notify: Saving Parameter "productId_3 = K9-DL-01".	[MsgId: MMSG-13798]
AddToCard.c(27): Notify: Saving Parameter "productId_4 = K9-RT-01".	[MsgId: MMSG-13798]
AddToCard.c(27): Notify: Saving Parameter "productId_5 = K9-RT-02".	[MsgId: MMSG-13798]
AddToCard.c(27): Notify: Saving Parameter "productId_6 = K9-CW-01".	[MsgId: MMSG-13798]
AddToCard.c(27): Notify: Saving Parameter "productId_count = 6".	[MsgId: MMSG-13798]
AddToCard.c(27): Registered web_reg_find successful for "Text=DOGS" (count=1)  	[MsgId: MMSG-26364]
AddToCard.c(27): web_url("Catalog.action_2") was successful, 4171 body bytes, 225 header bytes  	[MsgId: MMSG-26386]
AddToCard.c(36): Notify: Transaction "PetStore_AddAproduct_T01" ended with a "Pass" status (Duration: 0.1797 Wasted Time: 0.0004).	[MsgId: MMSG-16871]
AddToCard.c(38): lr_think_time: 4.63 seconds (recorded think time was 5.00 seconds).	[MsgId: MMSG-15947]
Login.c(17): Notify: Transaction "PetStore_Login_T01" started.	[MsgId: MMSG-16999]
Login.c(18): web_reg_find started  	[MsgId: MMSG-26355]
Login.c(18): Registering web_reg_find was successful  	[MsgId: MMSG-26390]
Login.c(20): web_reg_save_param_regexp started  	[MsgId: MMSG-26355]
Login.c(20): Registering web_reg_save_param_regexp was successful  	[MsgId: MMSG-26390]
Login.c(26): web_submit_form("Account.action") started  	[MsgId: MMSG-26355]
Login.c(26): Notify: Parameter Substitution: parameter "randomUsername" =  "FXZL"	[MsgId: MMSG-13992]
Login.c(26): Notify: Parameter Substitution: parameter "randompass" =  "emgb"	[MsgId: MMSG-13992]
Login.c(26): Submitting form to "https://petstore.octoperf.com/actions/Account.action", Target Frame=""  	[MsgId: MMSG-27978]
Login.c(26): Redirecting "https://petstore.octoperf.com/actions/Account.action" (redirection depth is 0)  	[MsgId: MMSG-26694]
Login.c(26): To location "https://petstore.octoperf.com/actions/Catalog.action"  	[MsgId: MMSG-26693]
Login.c(26): Resource "https://petstore.octoperf.com/css/jpetstore.css" is in the cache already and will not be downloaded again  	[MsgId: MMSG-26655]
Login.c(26): Resource "https://petstore.octoperf.com/images/logo-topbar.svg" is in the cache already and will not be downloaded again  	[MsgId: MMSG-26655]
Login.c(26): Resource "https://petstore.octoperf.com/images/cart.gif" is in the cache already and will not be downloaded again  	[MsgId: MMSG-26655]
Login.c(26): Resource "https://petstore.octoperf.com/images/separator.gif" is in the cache already and will not be downloaded again  	[MsgId: MMSG-26655]
Login.c(26): Resource "https://petstore.octoperf.com/images/sm_fish.gif" is in the cache already and will not be downloaded again  	[MsgId: MMSG-26655]
Login.c(26): Resource "https://petstore.octoperf.com/images/sm_dogs.gif" is in the cache already and will not be downloaded again  	[MsgId: MMSG-26655]
Login.c(26): Resource "https://petstore.octoperf.com/images/sm_reptiles.gif" is in the cache already and will not be downloaded again  	[MsgId: MMSG-26655]
Login.c(26): Resource "https://petstore.octoperf.com/images/sm_cats.gif" is in the cache already and will not be downloaded again  	[MsgId: MMSG-26655]
Login.c(26): Resource "https://petstore.octoperf.com/images/sm_birds.gif" is in the cache already and will not be downloaded again  	[MsgId: MMSG-26655]
Login.c(26): Resource "https://petstore.octoperf.com/images/fish_icon.gif" is in the cache already and will not be downloaded again  	[MsgId: MMSG-26655]
Login.c(26): Resource "https://petstore.octoperf.com/images/dogs_icon.gif" is in the cache already and will not be downloaded again  	[MsgId: MMSG-26655]
Login.c(26): Resource "https://petstore.octoperf.com/images/cats_icon.gif" is in the cache already and will not be downloaded again  	[MsgId: MMSG-26655]
Login.c(26): Resource "https://petstore.octoperf.com/images/reptiles_icon.gif" is in the cache already and will not be downloaded again  	[MsgId: MMSG-26655]
Login.c(26): Resource "https://petstore.octoperf.com/images/birds_icon.gif" is in the cache already and will not be downloaded again  	[MsgId: MMSG-26655]
Login.c(26): Resource "https://petstore.octoperf.com/images/splash.gif" is in the cache already and will not be downloaded again  	[MsgId: MMSG-26655]
Login.c(26): Found resource "https://petstore.octoperf.com/images/banner_fish.gif" in HTML "https://petstore.octoperf.com/actions/Catalog.action"  	[MsgId: MMSG-26659]
Login.c(26): Notify: Saving Parameter "ProductName_1 = BIRDS".	[MsgId: MMSG-13798]
Login.c(26): Notify: Saving Parameter "ProductName_2 = FISH".	[MsgId: MMSG-13798]
Login.c(26): Notify: Saving Parameter "ProductName_3 = DOGS".	[MsgId: MMSG-13798]
Login.c(26): Notify: Saving Parameter "ProductName_4 = REPTILES".	[MsgId: MMSG-13798]
Login.c(26): Notify: Saving Parameter "ProductName_5 = CATS".	[MsgId: MMSG-13798]
Login.c(26): Notify: Saving Parameter "ProductName_6 = BIRDS".	[MsgId: MMSG-13798]
Login.c(26): Notify: Saving Parameter "ProductName_count = 6".	[MsgId: MMSG-13798]
Login.c(26): Registered web_reg_find successful for "Text=My Account" (count=1)  	[MsgId: MMSG-26364]
Login.c(26): web_submit_form("Account.action") was successful, 11416 body bytes, 727 header bytes  	[MsgId: MMSG-26386]
Login.c(34): Notify: Transaction "PetStore_Login_T01" ended with a "Pass" status (Duration: 0.6087 Wasted Time: 0.0006).	[MsgId: MMSG-16871]
Ending action Login.	[MsgId: MMSG-15918]
Starting action AddToCard.	[MsgId: MMSG-15919]
AddToCard.c(8): Notify: Transaction "PetStore_AddAproduct_T01" started.	[MsgId: MMSG-16999]
AddToCard.c(11): Notify: Parameter Substitution: parameter "ProductName_count" =  "6"	[MsgId: MMSG-13992]
AddToCard.c(12): Notify: Parameter Substitution: parameter "ProductName_3" =  "DOGS"	[MsgId: MMSG-13992]
AddToCard.c(14): Notify: Saving Parameter "RandCategory = DOGS".	[MsgId: MMSG-13798]
AddToCard.c(15): Notify: Parameter Substitution: parameter "RandCategory" =  "DOGS"	[MsgId: MMSG-13992]
AddToCard.c(15): Random category selected in Action2 = DOGS	[MsgId: MMSG-17999]
AddToCard.c(17): web_reg_find started  	[MsgId: MMSG-26355]
AddToCard.c(17): Notify: Parameter Substitution: parameter "RandCategory" =  "DOGS"	[MsgId: MMSG-13992]
AddToCard.c(17): Registering web_reg_find was successful  	[MsgId: MMSG-26390]
AddToCard.c(20): web_reg_save_param_regexp started  	[MsgId: MMSG-26355]
AddToCard.c(20): Registering web_reg_save_param_regexp was successful  	[MsgId: MMSG-26390]
AddToCard.c(27): web_url("Catalog.action_2") started  	[MsgId: MMSG-26355]
AddToCard.c(27): Notify: Parameter Substitution: parameter "RandCategory" =  "DOGS"	[MsgId: MMSG-13992]
AddToCard.c(27): Resource "https://petstore.octoperf.com/css/jpetstore.css" is in the cache already and will not be downloaded again  	[MsgId: MMSG-26655]
AddToCard.c(27): Resource "https://petstore.octoperf.com/images/logo-topbar.svg" is in the cache already and will not be downloaded again  	[MsgId: MMSG-26655]
AddToCard.c(27): Resource "https://petstore.octoperf.com/images/cart.gif" is in the cache already and will not be downloaded again  	[MsgId: MMSG-26655]
AddToCard.c(27): Resource "https://petstore.octoperf.com/images/separator.gif" is in the cache already and will not be downloaded again  	[MsgId: MMSG-26655]
AddToCard.c(27): Resource "https://petstore.octoperf.com/images/sm_fish.gif" is in the cache already and will not be downloaded again  	[MsgId: MMSG-26655]
AddToCard.c(27): Resource "https://petstore.octoperf.com/images/sm_dogs.gif" is in the cache already and will not be downloaded again  	[MsgId: MMSG-26655]
AddToCard.c(27): Resource "https://petstore.octoperf.com/images/sm_reptiles.gif" is in the cache already and will not be downloaded again  	[MsgId: MMSG-26655]
AddToCard.c(27): Resource "https://petstore.octoperf.com/images/sm_cats.gif" is in the cache already and will not be downloaded again  	[MsgId: MMSG-26655]
AddToCard.c(27): Resource "https://petstore.octoperf.com/images/sm_birds.gif" is in the cache already and will not be downloaded again  	[MsgId: MMSG-26655]
AddToCard.c(27): Resource "https://petstore.octoperf.com/images/banner_fish.gif" is in the cache already and will not be downloaded again  	[MsgId: MMSG-26655]
AddToCard.c(27): Notify: Saving Parameter "productId_1 = K9-BD-01".	[MsgId: MMSG-13798]
AddToCard.c(27): Notify: Saving Parameter "productId_2 = K9-PO-02".	[MsgId: MMSG-13798]
AddToCard.c(27): Notify: Saving Parameter "productId_3 = K9-DL-01".	[MsgId: MMSG-13798]
AddToCard.c(27): Notify: Saving Parameter "productId_4 = K9-RT-01".	[MsgId: MMSG-13798]
AddToCard.c(27): Notify: Saving Parameter "productId_5 = K9-RT-02".	[MsgId: MMSG-13798]
AddToCard.c(27): Notify: Saving Parameter "productId_6 = K9-CW-01".	[MsgId: MMSG-13798]
AddToCard.c(27): Notify: Saving Parameter "productId_count = 6".	[MsgId: MMSG-13798]
AddToCard.c(27): Registered web_reg_find successful for "Text=DOGS" (count=1)  	[MsgId: MMSG-26364]
AddToCard.c(27): web_url("Catalog.action_2") was successful, 4171 body bytes, 225 header bytes  	[MsgId: MMSG-26386]
AddToCard.c(36): Notify: Transaction "PetStore_AddAproduct_T01" ended with a "Pass" status (Duration: 0.2982 Wasted Time: 0.0003).	[MsgId: MMSG-16871]
AddToCard.c(38): lr_think_time: 2.64 seconds (recorded think time was 5.00 seconds).	[MsgId: MMSG-15947]
AddToCard.c(88): Notify: Transaction "PetStore_AddToCard_T04" started.	[MsgId: MMSG-16999]
AddToCard.c(90): web_reg_find started  	[MsgId: MMSG-26355]
AddToCard.c(90): Registering web_reg_find was successful  	[MsgId: MMSG-26390]
AddToCard.c(94): web_link("Add to Cart") started  	[MsgId: MMSG-26355]
AddToCard.c(94): Linking to "https://petstore.octoperf.com/actions/Cart.action?addItemToCart=&workingItemId=EST-10", Target Frame=""  	[MsgId: MMSG-27994]
AddToCard.c(94): Resource "https://petstore.octoperf.com/css/jpetstore.css" is in the cache already and will not be downloaded again  	[MsgId: MMSG-26655]
AddToCard.c(94): Resource "https://petstore.octoperf.com/images/logo-topbar.svg" is in the cache already and will not be downloaded again  	[MsgId: MMSG-26655]
AddToCard.c(94): Resource "https://petstore.octoperf.com/images/cart.gif" is in the cache already and will not be downloaded again  	[MsgId: MMSG-26655]
AddToCard.c(94): Resource "https://petstore.octoperf.com/images/separator.gif" is in the cache already and will not be downloaded again  	[MsgId: MMSG-26655]
AddToCard.c(94): Resource "https://petstore.octoperf.com/images/sm_fish.gif" is in the cache already and will not be downloaded again  	[MsgId: MMSG-26655]
AddToCard.c(94): Resource "https://petstore.octoperf.com/images/sm_dogs.gif" is in the cache already and will not be downloaded again  	[MsgId: MMSG-26655]
AddToCard.c(94): Resource "https://petstore.octoperf.com/images/sm_reptiles.gif" is in the cache already and will not be downloaded again  	[MsgId: MMSG-26655]
AddToCard.c(94): Resource "https://petstore.octoperf.com/images/sm_cats.gif" is in the cache already and will not be downloaded again  	[MsgId: MMSG-26655]
AddToCard.c(94): Resource "https://petstore.octoperf.com/images/sm_birds.gif" is in the cache already and will not be downloaded again  	[MsgId: MMSG-26655]
AddToCard.c(94): Resource "https://petstore.octoperf.com/images/banner_fish.gif" is in the cache already and will not be downloaded again  	[MsgId: MMSG-26655]
AddToCard.c(94): Registered web_reg_find successful for "Text=Shopping Cart" (count=1)  	[MsgId: MMSG-26364]
AddToCard.c(94): web_link("Add to Cart") was successful, 4646 body bytes, 225 header bytes  	[MsgId: MMSG-26386]
AddToCard.c(99): Notify: Transaction "PetStore_AddToCard_T04" ended with a "Pass" status (Duration: 0.1494 Wasted Time: 0.0000).	[MsgId: MMSG-16871]
Ending action AddToCard.	[MsgId: MMSG-15918]
Action was aborted.	[MsgId: MMSG-10694]
Ending Vuser...	[MsgId: MMSG-15966]
Starting action vuser_end.	[MsgId: MMSG-15919]
vuser_end.c(4): Notify: Transaction "PetStore_SignOut_T01" started.	[MsgId: MMSG-16999]
vuser_end.c(6): web_reg_find started  	[MsgId: MMSG-26355]
vuser_end.c(6): Registering web_reg_find was successful  	[MsgId: MMSG-26390]
vuser_end.c(9): web_url("Account.action_2") started  	[MsgId: MMSG-26355]
AddToCard.c(40): Notify: Transaction "PetStore_SelectProductId_T02" started.	[MsgId: MMSG-16999]
AddToCard.c(43): Notify: Parameter Substitution: parameter "productId_count" =  "2"	[MsgId: MMSG-13992]
AddToCard.c(44): Notify: Parameter Substitution: parameter "productId_1" =  "RP-SN-01"	[MsgId: MMSG-13992]
AddToCard.c(46): Notify: Saving Parameter "RandproductId = RP-SN-01".	[MsgId: MMSG-13798]
AddToCard.c(47): Notify: Parameter Substitution: parameter "RandproductId" =  "RP-SN-01"	[MsgId: MMSG-13992]
AddToCard.c(47): Random category selected in Action2 = RP-SN-01	[MsgId: MMSG-17999]
AddToCard.c(49): web_reg_find started  	[MsgId: MMSG-26355]
AddToCard.c(49): Notify: Parameter Substitution: parameter "RandproductId" =  "RP-SN-01"	[MsgId: MMSG-13992]
AddToCard.c(49): Registering web_reg_find was successful  	[MsgId: MMSG-26390]
AddToCard.c(51): web_reg_save_param_regexp started  	[MsgId: MMSG-26355]
AddToCard.c(51): Registering web_reg_save_param_regexp was successful  	[MsgId: MMSG-26390]
AddToCard.c(58): web_link("{RandproductId}") started  	[MsgId: MMSG-26355]
AddToCard.c(58): Notify: Parameter Substitution: parameter "RandproductId" =  "RP-SN-01"	[MsgId: MMSG-13992]
AddToCard.c(58): Linking to "https://petstore.octoperf.com/actions/Catalog.action?viewProduct=&productId=RP-SN-01", Target Frame=""  	[MsgId: MMSG-27994]
vuser_end.c(9): Redirecting "https://petstore.octoperf.com/actions/Account.action?signoff=" (redirection depth is 0)  	[MsgId: MMSG-26694]
vuser_end.c(9): To location "https://petstore.octoperf.com/actions/Catalog.action"  	[MsgId: MMSG-26693]
AddToCard.c(58): Resource "https://petstore.octoperf.com/css/jpetstore.css" is in the cache already and will not be downloaded again  	[MsgId: MMSG-26655]
AddToCard.c(58): Resource "https://petstore.octoperf.com/images/logo-topbar.svg" is in the cache already and will not be downloaded again  	[MsgId: MMSG-26655]
AddToCard.c(58): Resource "https://petstore.octoperf.com/images/cart.gif" is in the cache already and will not be downloaded again  	[MsgId: MMSG-26655]
AddToCard.c(58): Resource "https://petstore.octoperf.com/images/separator.gif" is in the cache already and will not be downloaded again  	[MsgId: MMSG-26655]
AddToCard.c(58): Resource "https://petstore.octoperf.com/images/sm_fish.gif" is in the cache already and will not be downloaded again  	[MsgId: MMSG-26655]
AddToCard.c(58): Resource "https://petstore.octoperf.com/images/sm_dogs.gif" is in the cache already and will not be downloaded again  	[MsgId: MMSG-26655]
AddToCard.c(58): Resource "https://petstore.octoperf.com/images/sm_reptiles.gif" is in the cache already and will not be downloaded again  	[MsgId: MMSG-26655]
AddToCard.c(58): Resource "https://petstore.octoperf.com/images/sm_cats.gif" is in the cache already and will not be downloaded again  	[MsgId: MMSG-26655]
AddToCard.c(58): Resource "https://petstore.octoperf.com/images/sm_birds.gif" is in the cache already and will not be downloaded again  	[MsgId: MMSG-26655]
AddToCard.c(58): Resource "https://petstore.octoperf.com/images/banner_fish.gif" is in the cache already and will not be downloaded again  	[MsgId: MMSG-26655]
AddToCard.c(58): Notify: Saving Parameter "itemId_1 = EST-11".	[MsgId: MMSG-13798]
AddToCard.c(58): Notify: Saving Parameter "itemId_2 = EST-12".	[MsgId: MMSG-13798]
AddToCard.c(58): Notify: Saving Parameter "itemId_count = 2".	[MsgId: MMSG-13798]
AddToCard.c(58): Registered web_reg_find successful for "Text=RP-SN-01" (count=2)  	[MsgId: MMSG-26364]
AddToCard.c(58): web_link("{RandproductId}") was successful, 4092 body bytes, 225 header bytes  	[MsgId: MMSG-26386]
AddToCard.c(63): Notify: Transaction "PetStore_SelectProductId_T02" ended with a "Pass" status (Duration: 0.1294 Wasted Time: 0.0003).	[MsgId: MMSG-16871]
AddToCard.c(65): lr_think_time: 4.68 seconds (recorded think time was 5.00 seconds).	[MsgId: MMSG-15947]
vuser_end.c(9): Resource "https://petstore.octoperf.com/css/jpetstore.css" is in the cache already and will not be downloaded again  	[MsgId: MMSG-26655]
vuser_end.c(9): Resource "https://petstore.octoperf.com/images/logo-topbar.svg" is in the cache already and will not be downloaded again  	[MsgId: MMSG-26655]
vuser_end.c(9): Resource "https://petstore.octoperf.com/images/cart.gif" is in the cache already and will not be downloaded again  	[MsgId: MMSG-26655]
vuser_end.c(9): Resource "https://petstore.octoperf.com/images/separator.gif" is in the cache already and will not be downloaded again  	[MsgId: MMSG-26655]
vuser_end.c(9): Resource "https://petstore.octoperf.com/images/sm_fish.gif" is in the cache already and will not be downloaded again  	[MsgId: MMSG-26655]
vuser_end.c(9): Resource "https://petstore.octoperf.com/images/sm_dogs.gif" is in the cache already and will not be downloaded again  	[MsgId: MMSG-26655]
vuser_end.c(9): Resource "https://petstore.octoperf.com/images/sm_reptiles.gif" is in the cache already and will not be downloaded again  	[MsgId: MMSG-26655]
vuser_end.c(9): Resource "https://petstore.octoperf.com/images/sm_cats.gif" is in the cache already and will not be downloaded again  	[MsgId: MMSG-26655]
vuser_end.c(9): Resource "https://petstore.octoperf.com/images/sm_birds.gif" is in the cache already and will not be downloaded again  	[MsgId: MMSG-26655]
vuser_end.c(9): Resource "https://petstore.octoperf.com/images/fish_icon.gif" is in the cache already and will not be downloaded again  	[MsgId: MMSG-26655]
vuser_end.c(9): Resource "https://petstore.octoperf.com/images/dogs_icon.gif" is in the cache already and will not be downloaded again  	[MsgId: MMSG-26655]
vuser_end.c(9): Resource "https://petstore.octoperf.com/images/cats_icon.gif" is in the cache already and will not be downloaded again  	[MsgId: MMSG-26655]
vuser_end.c(9): Resource "https://petstore.octoperf.com/images/reptiles_icon.gif" is in the cache already and will not be downloaded again  	[MsgId: MMSG-26655]
vuser_end.c(9): Resource "https://petstore.octoperf.com/images/birds_icon.gif" is in the cache already and will not be downloaded again  	[MsgId: MMSG-26655]
vuser_end.c(9): Resource "https://petstore.octoperf.com/images/splash.gif" is in the cache already and will not be downloaded again  	[MsgId: MMSG-26655]
vuser_end.c(9): Registered web_reg_find successful for "Text=Sign In" (count=1)  	[MsgId: MMSG-26364]
vuser_end.c(9): web_url("Account.action_2") was successful, 4736 body bytes, 518 header bytes  	[MsgId: MMSG-26386]
vuser_end.c(18): Notify: Transaction "PetStore_SignOut_T01" ended with a "Pass" status (Duration: 0.2575 Wasted Time: 0.0000).	[MsgId: MMSG-16871]
vuser_end.c(20): Script Exection done sucessfully	[MsgId: MMSG-17999]
vuser_end.c(21): web_cache_cleanup started  	[MsgId: MMSG-26355]
vuser_end.c(21): web_cache_cleanup was successful  	[MsgId: MMSG-26392]
vuser_end.c(22): web_cleanup_cookies started  	[MsgId: MMSG-26355]
vuser_end.c(22): web_cleanup_cookies was successful  	[MsgId: MMSG-26392]
Ending action vuser_end.	[MsgId: MMSG-15918]
Vuser Terminated.	[MsgId: MMSG-15963]
Vuser 5 (thread 6720), ended OK."	[MsgId: MMSG-10695]
AddToCard.c(40): Notify: Transaction "PetStore_SelectProductId_T02" started.	[MsgId: MMSG-16999]
AddToCard.c(43): Notify: Parameter Substitution: parameter "productId_count" =  "6"	[MsgId: MMSG-13992]
AddToCard.c(44): Notify: Parameter Substitution: parameter "productId_2" =  "K9-PO-02"	[MsgId: MMSG-13992]
AddToCard.c(46): Notify: Saving Parameter "RandproductId = K9-PO-02".	[MsgId: MMSG-13798]
AddToCard.c(47): Notify: Parameter Substitution: parameter "RandproductId" =  "K9-PO-02"	[MsgId: MMSG-13992]
AddToCard.c(47): Random category selected in Action2 = K9-PO-02	[MsgId: MMSG-17999]
AddToCard.c(49): web_reg_find started  	[MsgId: MMSG-26355]
AddToCard.c(49): Notify: Parameter Substitution: parameter "RandproductId" =  "K9-PO-02"	[MsgId: MMSG-13992]
AddToCard.c(49): Registering web_reg_find was successful  	[MsgId: MMSG-26390]
AddToCard.c(51): web_reg_save_param_regexp started  	[MsgId: MMSG-26355]
AddToCard.c(51): Registering web_reg_save_param_regexp was successful  	[MsgId: MMSG-26390]
AddToCard.c(58): web_link("{RandproductId}") started  	[MsgId: MMSG-26355]
AddToCard.c(58): Notify: Parameter Substitution: parameter "RandproductId" =  "K9-PO-02"	[MsgId: MMSG-13992]
AddToCard.c(58): Linking to "https://petstore.octoperf.com/actions/Catalog.action?viewProduct=&productId=K9-PO-02", Target Frame=""  	[MsgId: MMSG-27994]
AddToCard.c(58): Resource "https://petstore.octoperf.com/css/jpetstore.css" is in the cache already and will not be downloaded again  	[MsgId: MMSG-26655]
AddToCard.c(58): Resource "https://petstore.octoperf.com/images/logo-topbar.svg" is in the cache already and will not be downloaded again  	[MsgId: MMSG-26655]
AddToCard.c(58): Resource "https://petstore.octoperf.com/images/cart.gif" is in the cache already and will not be downloaded again  	[MsgId: MMSG-26655]
AddToCard.c(58): Resource "https://petstore.octoperf.com/images/separator.gif" is in the cache already and will not be downloaded again  	[MsgId: MMSG-26655]
AddToCard.c(58): Resource "https://petstore.octoperf.com/images/sm_fish.gif" is in the cache already and will not be downloaded again  	[MsgId: MMSG-26655]
AddToCard.c(58): Resource "https://petstore.octoperf.com/images/sm_dogs.gif" is in the cache already and will not be downloaded again  	[MsgId: MMSG-26655]
AddToCard.c(58): Resource "https://petstore.octoperf.com/images/sm_reptiles.gif" is in the cache already and will not be downloaded again  	[MsgId: MMSG-26655]
AddToCard.c(58): Resource "https://petstore.octoperf.com/images/sm_cats.gif" is in the cache already and will not be downloaded again  	[MsgId: MMSG-26655]
AddToCard.c(58): Resource "https://petstore.octoperf.com/images/sm_birds.gif" is in the cache already and will not be downloaded again  	[MsgId: MMSG-26655]
AddToCard.c(58): Resource "https://petstore.octoperf.com/images/banner_fish.gif" is in the cache already and will not be downloaded again  	[MsgId: MMSG-26655]
AddToCard.c(58): Notify: Saving Parameter "itemId_1 = EST-8".	[MsgId: MMSG-13798]
AddToCard.c(58): Notify: Saving Parameter "itemId_count = 1".	[MsgId: MMSG-13798]
AddToCard.c(58): Registered web_reg_find successful for "Text=K9-PO-02" (count=1)  	[MsgId: MMSG-26364]
AddToCard.c(58): web_link("{RandproductId}") was successful, 3775 body bytes, 225 header bytes  	[MsgId: MMSG-26386]
AddToCard.c(63): Notify: Transaction "PetStore_SelectProductId_T02" ended with a "Pass" status (Duration: 0.1314 Wasted Time: 0.0002).	[MsgId: MMSG-16871]
AddToCard.c(65): lr_think_time: 3.14 seconds (recorded think time was 5.00 seconds).	[MsgId: MMSG-15947]
AddToCard.c(40): Notify: Transaction "PetStore_SelectProductId_T02" started.	[MsgId: MMSG-16999]
AddToCard.c(43): Notify: Parameter Substitution: parameter "productId_count" =  "6"	[MsgId: MMSG-13992]
AddToCard.c(44): Notify: Parameter Substitution: parameter "productId_1" =  "K9-BD-01"	[MsgId: MMSG-13992]
AddToCard.c(46): Notify: Saving Parameter "RandproductId = K9-BD-01".	[MsgId: MMSG-13798]
AddToCard.c(47): Notify: Parameter Substitution: parameter "RandproductId" =  "K9-BD-01"	[MsgId: MMSG-13992]
AddToCard.c(47): Random category selected in Action2 = K9-BD-01	[MsgId: MMSG-17999]
AddToCard.c(49): web_reg_find started  	[MsgId: MMSG-26355]
AddToCard.c(49): Notify: Parameter Substitution: parameter "RandproductId" =  "K9-BD-01"	[MsgId: MMSG-13992]
AddToCard.c(49): Registering web_reg_find was successful  	[MsgId: MMSG-26390]
AddToCard.c(51): web_reg_save_param_regexp started  	[MsgId: MMSG-26355]
AddToCard.c(51): Registering web_reg_save_param_regexp was successful  	[MsgId: MMSG-26390]
AddToCard.c(58): web_link("{RandproductId}") started  	[MsgId: MMSG-26355]
AddToCard.c(58): Notify: Parameter Substitution: parameter "RandproductId" =  "K9-BD-01"	[MsgId: MMSG-13992]
AddToCard.c(58): Linking to "https://petstore.octoperf.com/actions/Catalog.action?viewProduct=&productId=K9-BD-01", Target Frame=""  	[MsgId: MMSG-27994]
AddToCard.c(58): Resource "https://petstore.octoperf.com/css/jpetstore.css" is in the cache already and will not be downloaded again  	[MsgId: MMSG-26655]
AddToCard.c(58): Resource "https://petstore.octoperf.com/images/logo-topbar.svg" is in the cache already and will not be downloaded again  	[MsgId: MMSG-26655]
AddToCard.c(58): Resource "https://petstore.octoperf.com/images/cart.gif" is in the cache already and will not be downloaded again  	[MsgId: MMSG-26655]
AddToCard.c(58): Resource "https://petstore.octoperf.com/images/separator.gif" is in the cache already and will not be downloaded again  	[MsgId: MMSG-26655]
AddToCard.c(58): Resource "https://petstore.octoperf.com/images/sm_fish.gif" is in the cache already and will not be downloaded again  	[MsgId: MMSG-26655]
AddToCard.c(58): Resource "https://petstore.octoperf.com/images/sm_dogs.gif" is in the cache already and will not be downloaded again  	[MsgId: MMSG-26655]
AddToCard.c(58): Resource "https://petstore.octoperf.com/images/sm_reptiles.gif" is in the cache already and will not be downloaded again  	[MsgId: MMSG-26655]
AddToCard.c(58): Resource "https://petstore.octoperf.com/images/sm_cats.gif" is in the cache already and will not be downloaded again  	[MsgId: MMSG-26655]
AddToCard.c(58): Resource "https://petstore.octoperf.com/images/sm_birds.gif" is in the cache already and will not be downloaded again  	[MsgId: MMSG-26655]
AddToCard.c(58): Resource "https://petstore.octoperf.com/images/banner_fish.gif" is in the cache already and will not be downloaded again  	[MsgId: MMSG-26655]
AddToCard.c(58): Notify: Saving Parameter "itemId_1 = EST-6".	[MsgId: MMSG-13798]
AddToCard.c(58): Notify: Saving Parameter "itemId_2 = EST-7".	[MsgId: MMSG-13798]
AddToCard.c(58): Notify: Saving Parameter "itemId_count = 2".	[MsgId: MMSG-13798]
AddToCard.c(58): Registered web_reg_find successful for "Text=K9-BD-01" (count=2)  	[MsgId: MMSG-26364]
AddToCard.c(58): web_link("{RandproductId}") was successful, 4069 body bytes, 225 header bytes  	[MsgId: MMSG-26386]
AddToCard.c(63): Notify: Transaction "PetStore_SelectProductId_T02" ended with a "Pass" status (Duration: 0.1330 Wasted Time: 0.0003).	[MsgId: MMSG-16871]
AddToCard.c(65): lr_think_time: 3.21 seconds (recorded think time was 5.00 seconds).	[MsgId: MMSG-15947]
AddToCard.c(67): Notify: Transaction "PetStore_SelectItemId_T03" started.	[MsgId: MMSG-16999]
AddToCard.c(71): Notify: Parameter Substitution: parameter "itemId_count" =  "1"	[MsgId: MMSG-13992]
AddToCard.c(72): Notify: Parameter Substitution: parameter "itemId_1" =  "EST-8"	[MsgId: MMSG-13992]
AddToCard.c(74): Notify: Saving Parameter "RanditemId = EST-8".	[MsgId: MMSG-13798]
AddToCard.c(75): Notify: Parameter Substitution: parameter "RanditemId" =  "EST-8"	[MsgId: MMSG-13992]
AddToCard.c(75): Random category selected in Action2 = EST-8	[MsgId: MMSG-17999]
AddToCard.c(77): web_reg_find started  	[MsgId: MMSG-26355]
AddToCard.c(77): Notify: Parameter Substitution: parameter "RanditemId" =  "EST-8"	[MsgId: MMSG-13992]
AddToCard.c(77): Registering web_reg_find was successful  	[MsgId: MMSG-26390]
AddToCard.c(79): web_link("{RanditemId}") started  	[MsgId: MMSG-26355]
AddToCard.c(79): Notify: Parameter Substitution: parameter "RanditemId" =  "EST-8"	[MsgId: MMSG-13992]
AddToCard.c(79): Linking to "https://petstore.octoperf.com/actions/Catalog.action?viewItem=&itemId=EST-8", Target Frame=""  	[MsgId: MMSG-27994]
AddToCard.c(79): Resource "https://petstore.octoperf.com/css/jpetstore.css" is in the cache already and will not be downloaded again  	[MsgId: MMSG-26655]
AddToCard.c(79): Resource "https://petstore.octoperf.com/images/logo-topbar.svg" is in the cache already and will not be downloaded again  	[MsgId: MMSG-26655]
AddToCard.c(79): Resource "https://petstore.octoperf.com/images/cart.gif" is in the cache already and will not be downloaded again  	[MsgId: MMSG-26655]
AddToCard.c(79): Resource "https://petstore.octoperf.com/images/separator.gif" is in the cache already and will not be downloaded again  	[MsgId: MMSG-26655]
AddToCard.c(79): Resource "https://petstore.octoperf.com/images/sm_fish.gif" is in the cache already and will not be downloaded again  	[MsgId: MMSG-26655]
AddToCard.c(79): Resource "https://petstore.octoperf.com/images/sm_dogs.gif" is in the cache already and will not be downloaded again  	[MsgId: MMSG-26655]
AddToCard.c(79): Resource "https://petstore.octoperf.com/images/sm_reptiles.gif" is in the cache already and will not be downloaded again  	[MsgId: MMSG-26655]
AddToCard.c(79): Resource "https://petstore.octoperf.com/images/sm_cats.gif" is in the cache already and will not be downloaded again  	[MsgId: MMSG-26655]
AddToCard.c(79): Resource "https://petstore.octoperf.com/images/sm_birds.gif" is in the cache already and will not be downloaded again  	[MsgId: MMSG-26655]
AddToCard.c(79): Found resource "https://petstore.octoperf.com/images/dog6.gif" in HTML "https://petstore.octoperf.com/actions/Catalog.action?viewItem=&itemId=EST-8"  	[MsgId: MMSG-26659]
AddToCard.c(79): Resource "https://petstore.octoperf.com/images/banner_fish.gif" is in the cache already and will not be downloaded again  	[MsgId: MMSG-26655]
AddToCard.c(79): Registered web_reg_find successful for "Text=EST-8" (count=2)  	[MsgId: MMSG-26364]
AddToCard.c(79): web_link("{RanditemId}") was successful, 16438 body bytes, 511 header bytes  	[MsgId: MMSG-26386]
AddToCard.c(84): Notify: Transaction "PetStore_SelectItemId_T03" ended with a "Pass" status (Duration: 0.3987 Wasted Time: 0.0000).	[MsgId: MMSG-16871]
AddToCard.c(86): lr_think_time: 2.54 seconds (recorded think time was 5.00 seconds).	[MsgId: MMSG-15947]
AddToCard.c(67): Notify: Transaction "PetStore_SelectItemId_T03" started.	[MsgId: MMSG-16999]
AddToCard.c(71): Notify: Parameter Substitution: parameter "itemId_count" =  "2"	[MsgId: MMSG-13992]
AddToCard.c(72): Notify: Parameter Substitution: parameter "itemId_1" =  "EST-11"	[MsgId: MMSG-13992]
AddToCard.c(74): Notify: Saving Parameter "RanditemId = EST-11".	[MsgId: MMSG-13798]
AddToCard.c(75): Notify: Parameter Substitution: parameter "RanditemId" =  "EST-11"	[MsgId: MMSG-13992]
AddToCard.c(75): Random category selected in Action2 = EST-11	[MsgId: MMSG-17999]
AddToCard.c(77): web_reg_find started  	[MsgId: MMSG-26355]
AddToCard.c(77): Notify: Parameter Substitution: parameter "RanditemId" =  "EST-11"	[MsgId: MMSG-13992]
AddToCard.c(77): Registering web_reg_find was successful  	[MsgId: MMSG-26390]
AddToCard.c(79): web_link("{RanditemId}") started  	[MsgId: MMSG-26355]
AddToCard.c(79): Notify: Parameter Substitution: parameter "RanditemId" =  "EST-11"	[MsgId: MMSG-13992]
AddToCard.c(79): Linking to "https://petstore.octoperf.com/actions/Catalog.action?viewItem=&itemId=EST-11", Target Frame=""  	[MsgId: MMSG-27994]
AddToCard.c(79): Resource "https://petstore.octoperf.com/css/jpetstore.css" is in the cache already and will not be downloaded again  	[MsgId: MMSG-26655]
AddToCard.c(79): Resource "https://petstore.octoperf.com/images/logo-topbar.svg" is in the cache already and will not be downloaded again  	[MsgId: MMSG-26655]
AddToCard.c(79): Resource "https://petstore.octoperf.com/images/cart.gif" is in the cache already and will not be downloaded again  	[MsgId: MMSG-26655]
AddToCard.c(79): Resource "https://petstore.octoperf.com/images/separator.gif" is in the cache already and will not be downloaded again  	[MsgId: MMSG-26655]
AddToCard.c(79): Resource "https://petstore.octoperf.com/images/sm_fish.gif" is in the cache already and will not be downloaded again  	[MsgId: MMSG-26655]
AddToCard.c(79): Resource "https://petstore.octoperf.com/images/sm_dogs.gif" is in the cache already and will not be downloaded again  	[MsgId: MMSG-26655]
AddToCard.c(79): Resource "https://petstore.octoperf.com/images/sm_reptiles.gif" is in the cache already and will not be downloaded again  	[MsgId: MMSG-26655]
AddToCard.c(79): Resource "https://petstore.octoperf.com/images/sm_cats.gif" is in the cache already and will not be downloaded again  	[MsgId: MMSG-26655]
AddToCard.c(79): Resource "https://petstore.octoperf.com/images/sm_birds.gif" is in the cache already and will not be downloaded again  	[MsgId: MMSG-26655]
AddToCard.c(79): Found resource "https://petstore.octoperf.com/images/snake1.gif" in HTML "https://petstore.octoperf.com/actions/Catalog.action?viewItem=&itemId=EST-11"  	[MsgId: MMSG-26659]
AddToCard.c(79): Resource "https://petstore.octoperf.com/images/banner_fish.gif" is in the cache already and will not be downloaded again  	[MsgId: MMSG-26655]
AddToCard.c(67): Notify: Transaction "PetStore_SelectItemId_T03" started.	[MsgId: MMSG-16999]
AddToCard.c(71): Notify: Parameter Substitution: parameter "itemId_count" =  "2"	[MsgId: MMSG-13992]
AddToCard.c(72): Notify: Parameter Substitution: parameter "itemId_2" =  "EST-7"	[MsgId: MMSG-13992]
AddToCard.c(74): Notify: Saving Parameter "RanditemId = EST-7".	[MsgId: MMSG-13798]
AddToCard.c(75): Notify: Parameter Substitution: parameter "RanditemId" =  "EST-7"	[MsgId: MMSG-13992]
AddToCard.c(75): Random category selected in Action2 = EST-7	[MsgId: MMSG-17999]
AddToCard.c(77): web_reg_find started  	[MsgId: MMSG-26355]
AddToCard.c(77): Notify: Parameter Substitution: parameter "RanditemId" =  "EST-7"	[MsgId: MMSG-13992]
AddToCard.c(77): Registering web_reg_find was successful  	[MsgId: MMSG-26390]
AddToCard.c(79): web_link("{RanditemId}") started  	[MsgId: MMSG-26355]
AddToCard.c(79): Notify: Parameter Substitution: parameter "RanditemId" =  "EST-7"	[MsgId: MMSG-13992]
AddToCard.c(79): Linking to "https://petstore.octoperf.com/actions/Catalog.action?viewItem=&itemId=EST-7", Target Frame=""  	[MsgId: MMSG-27994]
AddToCard.c(79): Resource "https://petstore.octoperf.com/css/jpetstore.css" is in the cache already and will not be downloaded again  	[MsgId: MMSG-26655]
AddToCard.c(79): Resource "https://petstore.octoperf.com/images/logo-topbar.svg" is in the cache already and will not be downloaded again  	[MsgId: MMSG-26655]
AddToCard.c(79): Resource "https://petstore.octoperf.com/images/cart.gif" is in the cache already and will not be downloaded again  	[MsgId: MMSG-26655]
AddToCard.c(79): Resource "https://petstore.octoperf.com/images/separator.gif" is in the cache already and will not be downloaded again  	[MsgId: MMSG-26655]
AddToCard.c(79): Resource "https://petstore.octoperf.com/images/sm_fish.gif" is in the cache already and will not be downloaded again  	[MsgId: MMSG-26655]
AddToCard.c(79): Resource "https://petstore.octoperf.com/images/sm_dogs.gif" is in the cache already and will not be downloaded again  	[MsgId: MMSG-26655]
AddToCard.c(79): Resource "https://petstore.octoperf.com/images/sm_reptiles.gif" is in the cache already and will not be downloaded again  	[MsgId: MMSG-26655]
AddToCard.c(79): Resource "https://petstore.octoperf.com/images/sm_cats.gif" is in the cache already and will not be downloaded again  	[MsgId: MMSG-26655]
AddToCard.c(79): Resource "https://petstore.octoperf.com/images/sm_birds.gif" is in the cache already and will not be downloaded again  	[MsgId: MMSG-26655]
AddToCard.c(79): Found resource "https://petstore.octoperf.com/images/dog2.gif" in HTML "https://petstore.octoperf.com/actions/Catalog.action?viewItem=&itemId=EST-7"  	[MsgId: MMSG-26659]
AddToCard.c(79): Resource "https://petstore.octoperf.com/images/banner_fish.gif" is in the cache already and will not be downloaded again  	[MsgId: MMSG-26655]
AddToCard.c(79): Registered web_reg_find successful for "Text=EST-7" (count=2)  	[MsgId: MMSG-26364]
AddToCard.c(79): web_link("{RanditemId}") was successful, 16071 body bytes, 511 header bytes  	[MsgId: MMSG-26386]
AddToCard.c(84): Notify: Transaction "PetStore_SelectItemId_T03" ended with a "Pass" status (Duration: 0.3781 Wasted Time: 0.0000).	[MsgId: MMSG-16871]
AddToCard.c(86): lr_think_time: 4.55 seconds (recorded think time was 5.00 seconds).	[MsgId: MMSG-15947]
AddToCard.c(79): Registered web_reg_find successful for "Text=EST-11" (count=2)  	[MsgId: MMSG-26364]
AddToCard.c(79): web_link("{RanditemId}") was successful, 16843 body bytes, 511 header bytes  	[MsgId: MMSG-26386]
AddToCard.c(84): Notify: Transaction "PetStore_SelectItemId_T03" ended with a "Pass" status (Duration: 0.7365 Wasted Time: 0.0001).	[MsgId: MMSG-16871]
AddToCard.c(86): lr_think_time: 3.71 seconds (recorded think time was 5.00 seconds).	[MsgId: MMSG-15947]
AddToCard.c(88): Notify: Transaction "PetStore_AddToCard_T04" started.	[MsgId: MMSG-16999]
AddToCard.c(90): web_reg_find started  	[MsgId: MMSG-26355]
AddToCard.c(90): Registering web_reg_find was successful  	[MsgId: MMSG-26390]
AddToCard.c(94): web_link("Add to Cart") started  	[MsgId: MMSG-26355]
AddToCard.c(94): Linking to "https://petstore.octoperf.com/actions/Cart.action?addItemToCart=&workingItemId=EST-8", Target Frame=""  	[MsgId: MMSG-27994]
AddToCard.c(94): Resource "https://petstore.octoperf.com/css/jpetstore.css" is in the cache already and will not be downloaded again  	[MsgId: MMSG-26655]
AddToCard.c(94): Resource "https://petstore.octoperf.com/images/logo-topbar.svg" is in the cache already and will not be downloaded again  	[MsgId: MMSG-26655]
AddToCard.c(94): Resource "https://petstore.octoperf.com/images/cart.gif" is in the cache already and will not be downloaded again  	[MsgId: MMSG-26655]
AddToCard.c(94): Resource "https://petstore.octoperf.com/images/separator.gif" is in the cache already and will not be downloaded again  	[MsgId: MMSG-26655]
AddToCard.c(94): Resource "https://petstore.octoperf.com/images/sm_fish.gif" is in the cache already and will not be downloaded again  	[MsgId: MMSG-26655]
AddToCard.c(94): Resource "https://petstore.octoperf.com/images/sm_dogs.gif" is in the cache already and will not be downloaded again  	[MsgId: MMSG-26655]
AddToCard.c(94): Resource "https://petstore.octoperf.com/images/sm_reptiles.gif" is in the cache already and will not be downloaded again  	[MsgId: MMSG-26655]
AddToCard.c(94): Resource "https://petstore.octoperf.com/images/sm_cats.gif" is in the cache already and will not be downloaded again  	[MsgId: MMSG-26655]
AddToCard.c(94): Resource "https://petstore.octoperf.com/images/sm_birds.gif" is in the cache already and will not be downloaded again  	[MsgId: MMSG-26655]
AddToCard.c(94): Resource "https://petstore.octoperf.com/images/banner_fish.gif" is in the cache already and will not be downloaded again  	[MsgId: MMSG-26655]
AddToCard.c(94): Registered web_reg_find successful for "Text=Shopping Cart" (count=1)  	[MsgId: MMSG-26364]
AddToCard.c(94): web_link("Add to Cart") was successful, 4629 body bytes, 225 header bytes  	[MsgId: MMSG-26386]
AddToCard.c(99): Notify: Transaction "PetStore_AddToCard_T04" ended with a "Pass" status (Duration: 0.1310 Wasted Time: 0.0000).	[MsgId: MMSG-16871]
Ending action AddToCard.	[MsgId: MMSG-15918]
Action was aborted.	[MsgId: MMSG-10694]
Ending Vuser...	[MsgId: MMSG-15966]
Starting action vuser_end.	[MsgId: MMSG-15919]
vuser_end.c(4): Notify: Transaction "PetStore_SignOut_T01" started.	[MsgId: MMSG-16999]
vuser_end.c(6): web_reg_find started  	[MsgId: MMSG-26355]
vuser_end.c(6): Registering web_reg_find was successful  	[MsgId: MMSG-26390]
vuser_end.c(9): web_url("Account.action_2") started  	[MsgId: MMSG-26355]
vuser_end.c(9): Redirecting "https://petstore.octoperf.com/actions/Account.action?signoff=" (redirection depth is 0)  	[MsgId: MMSG-26694]
vuser_end.c(9): To location "https://petstore.octoperf.com/actions/Catalog.action"  	[MsgId: MMSG-26693]
vuser_end.c(9): Resource "https://petstore.octoperf.com/css/jpetstore.css" is in the cache already and will not be downloaded again  	[MsgId: MMSG-26655]
vuser_end.c(9): Resource "https://petstore.octoperf.com/images/logo-topbar.svg" is in the cache already and will not be downloaded again  	[MsgId: MMSG-26655]
vuser_end.c(9): Resource "https://petstore.octoperf.com/images/cart.gif" is in the cache already and will not be downloaded again  	[MsgId: MMSG-26655]
vuser_end.c(9): Resource "https://petstore.octoperf.com/images/separator.gif" is in the cache already and will not be downloaded again  	[MsgId: MMSG-26655]
vuser_end.c(9): Resource "https://petstore.octoperf.com/images/sm_fish.gif" is in the cache already and will not be downloaded again  	[MsgId: MMSG-26655]
vuser_end.c(9): Resource "https://petstore.octoperf.com/images/sm_dogs.gif" is in the cache already and will not be downloaded again  	[MsgId: MMSG-26655]
vuser_end.c(9): Resource "https://petstore.octoperf.com/images/sm_reptiles.gif" is in the cache already and will not be downloaded again  	[MsgId: MMSG-26655]
vuser_end.c(9): Resource "https://petstore.octoperf.com/images/sm_cats.gif" is in the cache already and will not be downloaded again  	[MsgId: MMSG-26655]
vuser_end.c(9): Resource "https://petstore.octoperf.com/images/sm_birds.gif" is in the cache already and will not be downloaded again  	[MsgId: MMSG-26655]
vuser_end.c(9): Resource "https://petstore.octoperf.com/images/fish_icon.gif" is in the cache already and will not be downloaded again  	[MsgId: MMSG-26655]
vuser_end.c(9): Resource "https://petstore.octoperf.com/images/dogs_icon.gif" is in the cache already and will not be downloaded again  	[MsgId: MMSG-26655]
vuser_end.c(9): Resource "https://petstore.octoperf.com/images/cats_icon.gif" is in the cache already and will not be downloaded again  	[MsgId: MMSG-26655]
vuser_end.c(9): Resource "https://petstore.octoperf.com/images/reptiles_icon.gif" is in the cache already and will not be downloaded again  	[MsgId: MMSG-26655]
vuser_end.c(9): Resource "https://petstore.octoperf.com/images/birds_icon.gif" is in the cache already and will not be downloaded again  	[MsgId: MMSG-26655]
vuser_end.c(9): Resource "https://petstore.octoperf.com/images/splash.gif" is in the cache already and will not be downloaded again  	[MsgId: MMSG-26655]
vuser_end.c(9): Registered web_reg_find successful for "Text=Sign In" (count=1)  	[MsgId: MMSG-26364]
vuser_end.c(9): web_url("Account.action_2") was successful, 4736 body bytes, 518 header bytes  	[MsgId: MMSG-26386]
vuser_end.c(18): Notify: Transaction "PetStore_SignOut_T01" ended with a "Pass" status (Duration: 0.2523 Wasted Time: 0.0000).	[MsgId: MMSG-16871]
vuser_end.c(20): Script Exection done sucessfully	[MsgId: MMSG-17999]
vuser_end.c(21): web_cache_cleanup started  	[MsgId: MMSG-26355]
vuser_end.c(21): web_cache_cleanup was successful  	[MsgId: MMSG-26392]
vuser_end.c(22): web_cleanup_cookies started  	[MsgId: MMSG-26355]
vuser_end.c(22): web_cleanup_cookies was successful  	[MsgId: MMSG-26392]
Ending action vuser_end.	[MsgId: MMSG-15918]
Vuser Terminated.	[MsgId: MMSG-15963]
Vuser 0 (thread 400), ended OK."	[MsgId: MMSG-10695]
AddToCard.c(88): Notify: Transaction "PetStore_AddToCard_T04" started.	[MsgId: MMSG-16999]
AddToCard.c(90): web_reg_find started  	[MsgId: MMSG-26355]
AddToCard.c(90): Registering web_reg_find was successful  	[MsgId: MMSG-26390]
AddToCard.c(94): web_link("Add to Cart") started  	[MsgId: MMSG-26355]
AddToCard.c(94): Linking to "https://petstore.octoperf.com/actions/Cart.action?addItemToCart=&workingItemId=EST-11", Target Frame=""  	[MsgId: MMSG-27994]
AddToCard.c(94): Resource "https://petstore.octoperf.com/css/jpetstore.css" is in the cache already and will not be downloaded again  	[MsgId: MMSG-26655]
AddToCard.c(94): Resource "https://petstore.octoperf.com/images/logo-topbar.svg" is in the cache already and will not be downloaded again  	[MsgId: MMSG-26655]
AddToCard.c(94): Resource "https://petstore.octoperf.com/images/cart.gif" is in the cache already and will not be downloaded again  	[MsgId: MMSG-26655]
AddToCard.c(94): Resource "https://petstore.octoperf.com/images/separator.gif" is in the cache already and will not be downloaded again  	[MsgId: MMSG-26655]
AddToCard.c(94): Resource "https://petstore.octoperf.com/images/sm_fish.gif" is in the cache already and will not be downloaded again  	[MsgId: MMSG-26655]
AddToCard.c(94): Resource "https://petstore.octoperf.com/images/sm_dogs.gif" is in the cache already and will not be downloaded again  	[MsgId: MMSG-26655]
AddToCard.c(94): Resource "https://petstore.octoperf.com/images/sm_reptiles.gif" is in the cache already and will not be downloaded again  	[MsgId: MMSG-26655]
AddToCard.c(94): Resource "https://petstore.octoperf.com/images/sm_cats.gif" is in the cache already and will not be downloaded again  	[MsgId: MMSG-26655]
AddToCard.c(94): Resource "https://petstore.octoperf.com/images/sm_birds.gif" is in the cache already and will not be downloaded again  	[MsgId: MMSG-26655]
AddToCard.c(94): Resource "https://petstore.octoperf.com/images/banner_fish.gif" is in the cache already and will not be downloaded again  	[MsgId: MMSG-26655]
AddToCard.c(94): Registered web_reg_find successful for "Text=Shopping Cart" (count=1)  	[MsgId: MMSG-26364]
AddToCard.c(94): web_link("Add to Cart") was successful, 4637 body bytes, 225 header bytes  	[MsgId: MMSG-26386]
AddToCard.c(99): Notify: Transaction "PetStore_AddToCard_T04" ended with a "Pass" status (Duration: 0.1378 Wasted Time: 0.0000).	[MsgId: MMSG-16871]
Ending action AddToCard.	[MsgId: MMSG-15918]
Action was aborted.	[MsgId: MMSG-10694]
Ending Vuser...	[MsgId: MMSG-15966]
Starting action vuser_end.	[MsgId: MMSG-15919]
vuser_end.c(4): Notify: Transaction "PetStore_SignOut_T01" started.	[MsgId: MMSG-16999]
vuser_end.c(6): web_reg_find started  	[MsgId: MMSG-26355]
vuser_end.c(6): Registering web_reg_find was successful  	[MsgId: MMSG-26390]
vuser_end.c(9): web_url("Account.action_2") started  	[MsgId: MMSG-26355]
vuser_end.c(9): Redirecting "https://petstore.octoperf.com/actions/Account.action?signoff=" (redirection depth is 0)  	[MsgId: MMSG-26694]
vuser_end.c(9): To location "https://petstore.octoperf.com/actions/Catalog.action"  	[MsgId: MMSG-26693]
vuser_end.c(9): Resource "https://petstore.octoperf.com/css/jpetstore.css" is in the cache already and will not be downloaded again  	[MsgId: MMSG-26655]
vuser_end.c(9): Resource "https://petstore.octoperf.com/images/logo-topbar.svg" is in the cache already and will not be downloaded again  	[MsgId: MMSG-26655]
vuser_end.c(9): Resource "https://petstore.octoperf.com/images/cart.gif" is in the cache already and will not be downloaded again  	[MsgId: MMSG-26655]
vuser_end.c(9): Resource "https://petstore.octoperf.com/images/separator.gif" is in the cache already and will not be downloaded again  	[MsgId: MMSG-26655]
vuser_end.c(9): Resource "https://petstore.octoperf.com/images/sm_fish.gif" is in the cache already and will not be downloaded again  	[MsgId: MMSG-26655]
vuser_end.c(9): Resource "https://petstore.octoperf.com/images/sm_dogs.gif" is in the cache already and will not be downloaded again  	[MsgId: MMSG-26655]
vuser_end.c(9): Resource "https://petstore.octoperf.com/images/sm_reptiles.gif" is in the cache already and will not be downloaded again  	[MsgId: MMSG-26655]
vuser_end.c(9): Resource "https://petstore.octoperf.com/images/sm_cats.gif" is in the cache already and will not be downloaded again  	[MsgId: MMSG-26655]
vuser_end.c(9): Resource "https://petstore.octoperf.com/images/sm_birds.gif" is in the cache already and will not be downloaded again  	[MsgId: MMSG-26655]
vuser_end.c(9): Resource "https://petstore.octoperf.com/images/fish_icon.gif" is in the cache already and will not be downloaded again  	[MsgId: MMSG-26655]
vuser_end.c(9): Resource "https://petstore.octoperf.com/images/dogs_icon.gif" is in the cache already and will not be downloaded again  	[MsgId: MMSG-26655]
vuser_end.c(9): Resource "https://petstore.octoperf.com/images/cats_icon.gif" is in the cache already and will not be downloaded again  	[MsgId: MMSG-26655]
vuser_end.c(9): Resource "https://petstore.octoperf.com/images/reptiles_icon.gif" is in the cache already and will not be downloaded again  	[MsgId: MMSG-26655]
vuser_end.c(9): Resource "https://petstore.octoperf.com/images/birds_icon.gif" is in the cache already and will not be downloaded again  	[MsgId: MMSG-26655]
vuser_end.c(9): Resource "https://petstore.octoperf.com/images/splash.gif" is in the cache already and will not be downloaded again  	[MsgId: MMSG-26655]
vuser_end.c(9): Registered web_reg_find successful for "Text=Sign In" (count=1)  	[MsgId: MMSG-26364]
vuser_end.c(9): web_url("Account.action_2") was successful, 4736 body bytes, 518 header bytes  	[MsgId: MMSG-26386]
vuser_end.c(18): Notify: Transaction "PetStore_SignOut_T01" ended with a "Pass" status (Duration: 0.2520 Wasted Time: 0.0000).	[MsgId: MMSG-16871]
vuser_end.c(20): Script Exection done sucessfully	[MsgId: MMSG-17999]
vuser_end.c(21): web_cache_cleanup started  	[MsgId: MMSG-26355]
vuser_end.c(21): web_cache_cleanup was successful  	[MsgId: MMSG-26392]
vuser_end.c(22): web_cleanup_cookies started  	[MsgId: MMSG-26355]
vuser_end.c(22): web_cleanup_cookies was successful  	[MsgId: MMSG-26392]
Ending action vuser_end.	[MsgId: MMSG-15918]
Vuser Terminated.	[MsgId: MMSG-15963]
Vuser 7 (thread 6596), ended OK."	[MsgId: MMSG-10695]
AddToCard.c(88): Notify: Transaction "PetStore_AddToCard_T04" started.	[MsgId: MMSG-16999]
AddToCard.c(90): web_reg_find started  	[MsgId: MMSG-26355]
AddToCard.c(90): Registering web_reg_find was successful  	[MsgId: MMSG-26390]
AddToCard.c(94): web_link("Add to Cart") started  	[MsgId: MMSG-26355]
AddToCard.c(94): Linking to "https://petstore.octoperf.com/actions/Cart.action?addItemToCart=&workingItemId=EST-7", Target Frame=""  	[MsgId: MMSG-27994]
AddToCard.c(94): Resource "https://petstore.octoperf.com/css/jpetstore.css" is in the cache already and will not be downloaded again  	[MsgId: MMSG-26655]
AddToCard.c(94): Resource "https://petstore.octoperf.com/images/logo-topbar.svg" is in the cache already and will not be downloaded again  	[MsgId: MMSG-26655]
AddToCard.c(94): Resource "https://petstore.octoperf.com/images/cart.gif" is in the cache already and will not be downloaded again  	[MsgId: MMSG-26655]
AddToCard.c(94): Resource "https://petstore.octoperf.com/images/separator.gif" is in the cache already and will not be downloaded again  	[MsgId: MMSG-26655]
AddToCard.c(94): Resource "https://petstore.octoperf.com/images/sm_fish.gif" is in the cache already and will not be downloaded again  	[MsgId: MMSG-26655]
AddToCard.c(94): Resource "https://petstore.octoperf.com/images/sm_dogs.gif" is in the cache already and will not be downloaded again  	[MsgId: MMSG-26655]
AddToCard.c(94): Resource "https://petstore.octoperf.com/images/sm_reptiles.gif" is in the cache already and will not be downloaded again  	[MsgId: MMSG-26655]
AddToCard.c(94): Resource "https://petstore.octoperf.com/images/sm_cats.gif" is in the cache already and will not be downloaded again  	[MsgId: MMSG-26655]
AddToCard.c(94): Resource "https://petstore.octoperf.com/images/sm_birds.gif" is in the cache already and will not be downloaded again  	[MsgId: MMSG-26655]
AddToCard.c(94): Resource "https://petstore.octoperf.com/images/banner_fish.gif" is in the cache already and will not be downloaded again  	[MsgId: MMSG-26655]
AddToCard.c(94): Registered web_reg_find successful for "Text=Shopping Cart" (count=1)  	[MsgId: MMSG-26364]
AddToCard.c(94): web_link("Add to Cart") was successful, 4632 body bytes, 225 header bytes  	[MsgId: MMSG-26386]
AddToCard.c(99): Notify: Transaction "PetStore_AddToCard_T04" ended with a "Pass" status (Duration: 0.1308 Wasted Time: 0.0000).	[MsgId: MMSG-16871]
Ending action AddToCard.	[MsgId: MMSG-15918]
Action was aborted.	[MsgId: MMSG-10694]
Ending Vuser...	[MsgId: MMSG-15966]
Starting action vuser_end.	[MsgId: MMSG-15919]
vuser_end.c(4): Notify: Transaction "PetStore_SignOut_T01" started.	[MsgId: MMSG-16999]
vuser_end.c(6): web_reg_find started  	[MsgId: MMSG-26355]
vuser_end.c(6): Registering web_reg_find was successful  	[MsgId: MMSG-26390]
vuser_end.c(9): web_url("Account.action_2") started  	[MsgId: MMSG-26355]
vuser_end.c(9): Redirecting "https://petstore.octoperf.com/actions/Account.action?signoff=" (redirection depth is 0)  	[MsgId: MMSG-26694]
vuser_end.c(9): To location "https://petstore.octoperf.com/actions/Catalog.action"  	[MsgId: MMSG-26693]
vuser_end.c(9): Resource "https://petstore.octoperf.com/css/jpetstore.css" is in the cache already and will not be downloaded again  	[MsgId: MMSG-26655]
vuser_end.c(9): Resource "https://petstore.octoperf.com/images/logo-topbar.svg" is in the cache already and will not be downloaded again  	[MsgId: MMSG-26655]
vuser_end.c(9): Resource "https://petstore.octoperf.com/images/cart.gif" is in the cache already and will not be downloaded again  	[MsgId: MMSG-26655]
vuser_end.c(9): Resource "https://petstore.octoperf.com/images/separator.gif" is in the cache already and will not be downloaded again  	[MsgId: MMSG-26655]
vuser_end.c(9): Resource "https://petstore.octoperf.com/images/sm_fish.gif" is in the cache already and will not be downloaded again  	[MsgId: MMSG-26655]
vuser_end.c(9): Resource "https://petstore.octoperf.com/images/sm_dogs.gif" is in the cache already and will not be downloaded again  	[MsgId: MMSG-26655]
vuser_end.c(9): Resource "https://petstore.octoperf.com/images/sm_reptiles.gif" is in the cache already and will not be downloaded again  	[MsgId: MMSG-26655]
vuser_end.c(9): Resource "https://petstore.octoperf.com/images/sm_cats.gif" is in the cache already and will not be downloaded again  	[MsgId: MMSG-26655]
vuser_end.c(9): Resource "https://petstore.octoperf.com/images/sm_birds.gif" is in the cache already and will not be downloaded again  	[MsgId: MMSG-26655]
vuser_end.c(9): Resource "https://petstore.octoperf.com/images/fish_icon.gif" is in the cache already and will not be downloaded again  	[MsgId: MMSG-26655]
vuser_end.c(9): Resource "https://petstore.octoperf.com/images/dogs_icon.gif" is in the cache already and will not be downloaded again  	[MsgId: MMSG-26655]
vuser_end.c(9): Resource "https://petstore.octoperf.com/images/cats_icon.gif" is in the cache already and will not be downloaded again  	[MsgId: MMSG-26655]
vuser_end.c(9): Resource "https://petstore.octoperf.com/images/reptiles_icon.gif" is in the cache already and will not be downloaded again  	[MsgId: MMSG-26655]
vuser_end.c(9): Resource "https://petstore.octoperf.com/images/birds_icon.gif" is in the cache already and will not be downloaded again  	[MsgId: MMSG-26655]
vuser_end.c(9): Resource "https://petstore.octoperf.com/images/splash.gif" is in the cache already and will not be downloaded again  	[MsgId: MMSG-26655]
vuser_end.c(9): Registered web_reg_find successful for "Text=Sign In" (count=1)  	[MsgId: MMSG-26364]
vuser_end.c(9): web_url("Account.action_2") was successful, 4736 body bytes, 518 header bytes  	[MsgId: MMSG-26386]
vuser_end.c(18): Notify: Transaction "PetStore_SignOut_T01" ended with a "Pass" status (Duration: 0.2523 Wasted Time: 0.0000).	[MsgId: MMSG-16871]
vuser_end.c(20): Script Exection done sucessfully	[MsgId: MMSG-17999]
vuser_end.c(21): web_cache_cleanup started  	[MsgId: MMSG-26355]
vuser_end.c(21): web_cache_cleanup was successful  	[MsgId: MMSG-26392]
vuser_end.c(22): web_cleanup_cookies started  	[MsgId: MMSG-26355]
vuser_end.c(22): web_cleanup_cookies was successful  	[MsgId: MMSG-26392]
Ending action vuser_end.	[MsgId: MMSG-15918]
Vuser Terminated.	[MsgId: MMSG-15963]
Vuser 6 (thread 6380), ended OK."	[MsgId: MMSG-10695]
