Virtual User Script started at: 16-Oct-25 3:14:26 PM	[MsgId: MMSG-15967]
Starting action vuser_init.	[MsgId: MMSG-15919]
Web Turbo Replay of LoadRunner 2022.0.0 for Windows 2019; build 605 (Mar 08 2022 19:29:30)  	[MsgId: MMSG-26983]
Run mode: HTML  	[MsgId: MMSG-26993]
Replay user agent: Mozilla/5.0 (compatible; MSIE 10.0; Windows NT 6.1; Trident/6.0)  	[MsgId: MMSG-26988]
Runtime Settings file: "C:\Users\Administrator\AppData\Local\Temp\3\lr5tmpdir1xL.64\lrcfgzvK.65\cfgYIO.70"  	[MsgId: MMSG-27141]
vuser_init.c(3): Script Started	[MsgId: MMSG-17999]
vuser_init.c(4): web_cleanup_cookies started  	[MsgId: MMSG-26355]
vuser_init.c(4): web_cleanup_cookies was successful  	[MsgId: MMSG-26392]
vuser_init.c(5): web_cache_cleanup started  	[MsgId: MMSG-26355]
vuser_init.c(5): web_cache_cleanup was successful  	[MsgId: MMSG-26392]
vuser_init.c(6): web_cleanup_auto_headers started  	[MsgId: MMSG-26355]
vuser_init.c(6): web_cleanup_auto_headers was successful  	[MsgId: MMSG-26392]
vuser_init.c(7): web_set_sockets_option started  	[MsgId: MMSG-26355]
vuser_init.c(7): web_set_sockets_option was successful  	[MsgId: MMSG-26392]
vuser_init.c(9): Notify: Transaction "PetStore_LaunchPetStore_T01" started.	[MsgId: MMSG-16999]
vuser_init.c(11): web_reg_find started  	[MsgId: MMSG-26355]
vuser_init.c(11): Registering web_reg_find was successful  	[MsgId: MMSG-26390]
vuser_init.c(13): web_url("petstore.octoperf.com") started  	[MsgId: MMSG-26355]
vuser_init.c(13): Found resource "https://petstore.octoperf.com/css/jpetstore.css" in HTML "https://petstore.octoperf.com/"  	[MsgId: MMSG-26659]
vuser_init.c(13): Registered web_reg_find successful for "Text=Welcome to JPetStore 6" (count=1)  	[MsgId: MMSG-26364]
vuser_init.c(13): web_url("petstore.octoperf.com") was successful, 7129 body bytes, 567 header bytes  	[MsgId: MMSG-26386]
vuser_init.c(21): Notify: Transaction "PetStore_LaunchPetStore_T01" ended with a "Pass" status (Duration: 0.7996 Wasted Time: 0.0009).	[MsgId: MMSG-16871]
vuser_init.c(23): lr_think_time: 3.06 seconds (recorded think time was 5.00 seconds).	[MsgId: MMSG-15947]
Virtual User Script started at: 16-Oct-25 3:14:29 PM	[MsgId: MMSG-15967]
Starting action vuser_init.	[MsgId: MMSG-15919]
Web Turbo Replay of LoadRunner 2022.0.0 for Windows 2019; build 605 (Mar 08 2022 19:29:30)  	[MsgId: MMSG-26983]
Run mode: HTML  	[MsgId: MMSG-26993]
Replay user agent: Mozilla/5.0 (compatible; MSIE 10.0; Windows NT 6.1; Trident/6.0)  	[MsgId: MMSG-26988]
Runtime Settings file: "C:\Users\Administrator\AppData\Local\Temp\3\lr5tmpdir1xL.64\lrcfgzvK.65\cfgYIO.70"  	[MsgId: MMSG-27141]
vuser_init.c(3): Script Started	[MsgId: MMSG-17999]
vuser_init.c(4): web_cleanup_cookies started  	[MsgId: MMSG-26355]
vuser_init.c(4): web_cleanup_cookies was successful  	[MsgId: MMSG-26392]
vuser_init.c(5): web_cache_cleanup started  	[MsgId: MMSG-26355]
vuser_init.c(5): web_cache_cleanup was successful  	[MsgId: MMSG-26392]
vuser_init.c(6): web_cleanup_auto_headers started  	[MsgId: MMSG-26355]
vuser_init.c(6): web_cleanup_auto_headers was successful  	[MsgId: MMSG-26392]
vuser_init.c(7): web_set_sockets_option started  	[MsgId: MMSG-26355]
vuser_init.c(7): web_set_sockets_option was successful  	[MsgId: MMSG-26392]
vuser_init.c(9): Notify: Transaction "PetStore_LaunchPetStore_T01" started.	[MsgId: MMSG-16999]
vuser_init.c(11): web_reg_find started  	[MsgId: MMSG-26355]
vuser_init.c(11): Registering web_reg_find was successful  	[MsgId: MMSG-26390]
vuser_init.c(13): web_url("petstore.octoperf.com") started  	[MsgId: MMSG-26355]
vuser_init.c(13): Found resource "https://petstore.octoperf.com/css/jpetstore.css" in HTML "https://petstore.octoperf.com/"  	[MsgId: MMSG-26659]
vuser_init.c(13): Registered web_reg_find successful for "Text=Welcome to JPetStore 6" (count=1)  	[MsgId: MMSG-26364]
vuser_init.c(13): web_url("petstore.octoperf.com") was successful, 7129 body bytes, 567 header bytes  	[MsgId: MMSG-26386]
vuser_init.c(21): Notify: Transaction "PetStore_LaunchPetStore_T01" ended with a "Pass" status (Duration: 0.7904 Wasted Time: 0.0009).	[MsgId: MMSG-16871]
vuser_init.c(23): lr_think_time: 3.96 seconds (recorded think time was 5.00 seconds).	[MsgId: MMSG-15947]
vuser_init.c(25): Notify: Transaction "PetStore_EnterToPetStore_T02" started.	[MsgId: MMSG-16999]
vuser_init.c(26): web_reg_find started  	[MsgId: MMSG-26355]
vuser_init.c(26): Registering web_reg_find was successful  	[MsgId: MMSG-26390]
vuser_init.c(29): web_url("Catalog.action") started  	[MsgId: MMSG-26355]
vuser_init.c(29): Resource "https://petstore.octoperf.com/css/jpetstore.css" is in the cache already and will not be downloaded again  	[MsgId: MMSG-26655]
vuser_init.c(29): Found resource "https://petstore.octoperf.com/images/logo-topbar.svg" in HTML "https://petstore.octoperf.com/actions/Catalog.action"  	[MsgId: MMSG-26659]
vuser_init.c(29): Found resource "https://petstore.octoperf.com/images/cart.gif" in HTML "https://petstore.octoperf.com/actions/Catalog.action"  	[MsgId: MMSG-26659]
vuser_init.c(29): Found resource "https://petstore.octoperf.com/images/separator.gif" in HTML "https://petstore.octoperf.com/actions/Catalog.action"  	[MsgId: MMSG-26659]
vuser_init.c(29): Found resource "https://petstore.octoperf.com/images/sm_fish.gif" in HTML "https://petstore.octoperf.com/actions/Catalog.action"  	[MsgId: MMSG-26659]
vuser_init.c(29): Found resource "https://petstore.octoperf.com/images/sm_dogs.gif" in HTML "https://petstore.octoperf.com/actions/Catalog.action"  	[MsgId: MMSG-26659]
vuser_init.c(29): Found resource "https://petstore.octoperf.com/images/sm_reptiles.gif" in HTML "https://petstore.octoperf.com/actions/Catalog.action"  	[MsgId: MMSG-26659]
vuser_init.c(29): Found resource "https://petstore.octoperf.com/images/sm_cats.gif" in HTML "https://petstore.octoperf.com/actions/Catalog.action"  	[MsgId: MMSG-26659]
vuser_init.c(29): Found resource "https://petstore.octoperf.com/images/sm_birds.gif" in HTML "https://petstore.octoperf.com/actions/Catalog.action"  	[MsgId: MMSG-26659]
vuser_init.c(29): Found resource "https://petstore.octoperf.com/images/fish_icon.gif" in HTML "https://petstore.octoperf.com/actions/Catalog.action"  	[MsgId: MMSG-26659]
vuser_init.c(29): Found resource "https://petstore.octoperf.com/images/dogs_icon.gif" in HTML "https://petstore.octoperf.com/actions/Catalog.action"  	[MsgId: MMSG-26659]
vuser_init.c(29): Found resource "https://petstore.octoperf.com/images/cats_icon.gif" in HTML "https://petstore.octoperf.com/actions/Catalog.action"  	[MsgId: MMSG-26659]
vuser_init.c(29): Found resource "https://petstore.octoperf.com/images/reptiles_icon.gif" in HTML "https://petstore.octoperf.com/actions/Catalog.action"  	[MsgId: MMSG-26659]
vuser_init.c(29): Found resource "https://petstore.octoperf.com/images/birds_icon.gif" in HTML "https://petstore.octoperf.com/actions/Catalog.action"  	[MsgId: MMSG-26659]
vuser_init.c(29): Found resource "https://petstore.octoperf.com/images/splash.gif" in HTML "https://petstore.octoperf.com/actions/Catalog.action"  	[MsgId: MMSG-26659]
vuser_init.c(29): Registered web_reg_find successful for "Text=OctoPerf" (count=1)  	[MsgId: MMSG-26364]
vuser_init.c(29): web_url("Catalog.action") was successful, 63413 body bytes, 4260 header bytes  	[MsgId: MMSG-26386]
vuser_init.c(37): Notify: Transaction "PetStore_EnterToPetStore_T02" ended with a "Pass" status (Duration: 0.4975 Wasted Time: 0.0001).	[MsgId: MMSG-16871]
vuser_init.c(39): lr_think_time: 4.81 seconds (recorded think time was 5.00 seconds).	[MsgId: MMSG-15947]
vuser_init.c(25): Notify: Transaction "PetStore_EnterToPetStore_T02" started.	[MsgId: MMSG-16999]
vuser_init.c(26): web_reg_find started  	[MsgId: MMSG-26355]
vuser_init.c(26): Registering web_reg_find was successful  	[MsgId: MMSG-26390]
vuser_init.c(29): web_url("Catalog.action") started  	[MsgId: MMSG-26355]
vuser_init.c(29): Resource "https://petstore.octoperf.com/css/jpetstore.css" is in the cache already and will not be downloaded again  	[MsgId: MMSG-26655]
vuser_init.c(29): Found resource "https://petstore.octoperf.com/images/logo-topbar.svg" in HTML "https://petstore.octoperf.com/actions/Catalog.action"  	[MsgId: MMSG-26659]
vuser_init.c(29): Found resource "https://petstore.octoperf.com/images/cart.gif" in HTML "https://petstore.octoperf.com/actions/Catalog.action"  	[MsgId: MMSG-26659]
vuser_init.c(29): Found resource "https://petstore.octoperf.com/images/separator.gif" in HTML "https://petstore.octoperf.com/actions/Catalog.action"  	[MsgId: MMSG-26659]
vuser_init.c(29): Found resource "https://petstore.octoperf.com/images/sm_fish.gif" in HTML "https://petstore.octoperf.com/actions/Catalog.action"  	[MsgId: MMSG-26659]
vuser_init.c(29): Found resource "https://petstore.octoperf.com/images/sm_dogs.gif" in HTML "https://petstore.octoperf.com/actions/Catalog.action"  	[MsgId: MMSG-26659]
vuser_init.c(29): Found resource "https://petstore.octoperf.com/images/sm_reptiles.gif" in HTML "https://petstore.octoperf.com/actions/Catalog.action"  	[MsgId: MMSG-26659]
vuser_init.c(29): Found resource "https://petstore.octoperf.com/images/sm_cats.gif" in HTML "https://petstore.octoperf.com/actions/Catalog.action"  	[MsgId: MMSG-26659]
vuser_init.c(29): Found resource "https://petstore.octoperf.com/images/sm_birds.gif" in HTML "https://petstore.octoperf.com/actions/Catalog.action"  	[MsgId: MMSG-26659]
vuser_init.c(29): Found resource "https://petstore.octoperf.com/images/fish_icon.gif" in HTML "https://petstore.octoperf.com/actions/Catalog.action"  	[MsgId: MMSG-26659]
vuser_init.c(29): Found resource "https://petstore.octoperf.com/images/dogs_icon.gif" in HTML "https://petstore.octoperf.com/actions/Catalog.action"  	[MsgId: MMSG-26659]
vuser_init.c(29): Found resource "https://petstore.octoperf.com/images/cats_icon.gif" in HTML "https://petstore.octoperf.com/actions/Catalog.action"  	[MsgId: MMSG-26659]
vuser_init.c(29): Found resource "https://petstore.octoperf.com/images/reptiles_icon.gif" in HTML "https://petstore.octoperf.com/actions/Catalog.action"  	[MsgId: MMSG-26659]
vuser_init.c(29): Found resource "https://petstore.octoperf.com/images/birds_icon.gif" in HTML "https://petstore.octoperf.com/actions/Catalog.action"  	[MsgId: MMSG-26659]
vuser_init.c(29): Found resource "https://petstore.octoperf.com/images/splash.gif" in HTML "https://petstore.octoperf.com/actions/Catalog.action"  	[MsgId: MMSG-26659]
vuser_init.c(29): Registered web_reg_find successful for "Text=OctoPerf" (count=1)  	[MsgId: MMSG-26364]
vuser_init.c(29): web_url("Catalog.action") was successful, 63413 body bytes, 4260 header bytes  	[MsgId: MMSG-26386]
vuser_init.c(37): Notify: Transaction "PetStore_EnterToPetStore_T02" ended with a "Pass" status (Duration: 0.5029 Wasted Time: 0.0002).	[MsgId: MMSG-16871]
vuser_init.c(39): lr_think_time: 2.55 seconds (recorded think time was 5.00 seconds).	[MsgId: MMSG-15947]
Virtual User Script started at: 16-Oct-25 3:14:35 PM	[MsgId: MMSG-15967]
Starting action vuser_init.	[MsgId: MMSG-15919]
Web Turbo Replay of LoadRunner 2022.0.0 for Windows 2019; build 605 (Mar 08 2022 19:29:30)  	[MsgId: MMSG-26983]
Run mode: HTML  	[MsgId: MMSG-26993]
Replay user agent: Mozilla/5.0 (compatible; MSIE 10.0; Windows NT 6.1; Trident/6.0)  	[MsgId: MMSG-26988]
Runtime Settings file: "C:\Users\Administrator\AppData\Local\Temp\3\lr5tmpdir1xL.64\lrcfgzvK.65\cfgYIO.70"  	[MsgId: MMSG-27141]
vuser_init.c(3): Script Started	[MsgId: MMSG-17999]
vuser_init.c(4): web_cleanup_cookies started  	[MsgId: MMSG-26355]
vuser_init.c(4): web_cleanup_cookies was successful  	[MsgId: MMSG-26392]
vuser_init.c(5): web_cache_cleanup started  	[MsgId: MMSG-26355]
vuser_init.c(5): web_cache_cleanup was successful  	[MsgId: MMSG-26392]
vuser_init.c(6): web_cleanup_auto_headers started  	[MsgId: MMSG-26355]
vuser_init.c(6): web_cleanup_auto_headers was successful  	[MsgId: MMSG-26392]
vuser_init.c(7): web_set_sockets_option started  	[MsgId: MMSG-26355]
vuser_init.c(7): web_set_sockets_option was successful  	[MsgId: MMSG-26392]
vuser_init.c(9): Notify: Transaction "PetStore_LaunchPetStore_T01" started.	[MsgId: MMSG-16999]
vuser_init.c(11): web_reg_find started  	[MsgId: MMSG-26355]
vuser_init.c(11): Registering web_reg_find was successful  	[MsgId: MMSG-26390]
vuser_init.c(13): web_url("petstore.octoperf.com") started  	[MsgId: MMSG-26355]
vuser_init.c(41): Notify: Transaction "PetStore_ClickOnSignIn_T03" started.	[MsgId: MMSG-16999]
vuser_init.c(43): web_reg_find started  	[MsgId: MMSG-26355]
vuser_init.c(43): Registering web_reg_find was successful  	[MsgId: MMSG-26390]
vuser_init.c(46): web_link("Sign In") started  	[MsgId: MMSG-26355]
vuser_init.c(46): Linking to "https://petstore.octoperf.com/actions/Account.action;jsessionid=2596F49894E80E76195930F80E6E5CEC?signonForm=", Target Frame=""  	[MsgId: MMSG-27994]
vuser_init.c(46): Resource "https://petstore.octoperf.com/css/jpetstore.css" is in the cache already and will not be downloaded again  	[MsgId: MMSG-26655]
vuser_init.c(46): Resource "https://petstore.octoperf.com/images/logo-topbar.svg" is in the cache already and will not be downloaded again  	[MsgId: MMSG-26655]
vuser_init.c(46): Resource "https://petstore.octoperf.com/images/cart.gif" is in the cache already and will not be downloaded again  	[MsgId: MMSG-26655]
vuser_init.c(46): Resource "https://petstore.octoperf.com/images/separator.gif" is in the cache already and will not be downloaded again  	[MsgId: MMSG-26655]
vuser_init.c(46): Resource "https://petstore.octoperf.com/images/sm_fish.gif" is in the cache already and will not be downloaded again  	[MsgId: MMSG-26655]
vuser_init.c(46): Resource "https://petstore.octoperf.com/images/sm_dogs.gif" is in the cache already and will not be downloaded again  	[MsgId: MMSG-26655]
vuser_init.c(46): Resource "https://petstore.octoperf.com/images/sm_reptiles.gif" is in the cache already and will not be downloaded again  	[MsgId: MMSG-26655]
vuser_init.c(46): Resource "https://petstore.octoperf.com/images/sm_cats.gif" is in the cache already and will not be downloaded again  	[MsgId: MMSG-26655]
vuser_init.c(46): Resource "https://petstore.octoperf.com/images/sm_birds.gif" is in the cache already and will not be downloaded again  	[MsgId: MMSG-26655]
vuser_init.c(46): Registered web_reg_find successful for "Text=Please enter your username and password" (count=1)  	[MsgId: MMSG-26364]
vuser_init.c(46): web_link("Sign In") was successful, 3858 body bytes, 225 header bytes  	[MsgId: MMSG-26386]
vuser_init.c(51): Notify: Transaction "PetStore_ClickOnSignIn_T03" ended with a "Pass" status (Duration: 0.1267 Wasted Time: 0.0000).	[MsgId: MMSG-16871]
Ending action vuser_init.	[MsgId: MMSG-15918]
Running Vuser...	[MsgId: MMSG-15964]
vuser_init.c(13): Found resource "https://petstore.octoperf.com/css/jpetstore.css" in HTML "https://petstore.octoperf.com/"  	[MsgId: MMSG-26659]
vuser_init.c(13): Registered web_reg_find successful for "Text=Welcome to JPetStore 6" (count=1)  	[MsgId: MMSG-26364]
vuser_init.c(13): web_url("petstore.octoperf.com") was successful, 7129 body bytes, 567 header bytes  	[MsgId: MMSG-26386]
vuser_init.c(21): Notify: Transaction "PetStore_LaunchPetStore_T01" ended with a "Pass" status (Duration: 0.7956 Wasted Time: 0.0006).	[MsgId: MMSG-16871]
vuser_init.c(23): lr_think_time: 4.80 seconds (recorded think time was 5.00 seconds).	[MsgId: MMSG-15947]
vuser_init.c(41): Notify: Transaction "PetStore_ClickOnSignIn_T03" started.	[MsgId: MMSG-16999]
vuser_init.c(43): web_reg_find started  	[MsgId: MMSG-26355]
vuser_init.c(43): Registering web_reg_find was successful  	[MsgId: MMSG-26390]
vuser_init.c(46): web_link("Sign In") started  	[MsgId: MMSG-26355]
vuser_init.c(46): Linking to "https://petstore.octoperf.com/actions/Account.action;jsessionid=EBD0AA21CC3C614D1156314255EF9700?signonForm=", Target Frame=""  	[MsgId: MMSG-27994]
vuser_init.c(46): Resource "https://petstore.octoperf.com/css/jpetstore.css" is in the cache already and will not be downloaded again  	[MsgId: MMSG-26655]
vuser_init.c(46): Resource "https://petstore.octoperf.com/images/logo-topbar.svg" is in the cache already and will not be downloaded again  	[MsgId: MMSG-26655]
vuser_init.c(46): Resource "https://petstore.octoperf.com/images/cart.gif" is in the cache already and will not be downloaded again  	[MsgId: MMSG-26655]
vuser_init.c(46): Resource "https://petstore.octoperf.com/images/separator.gif" is in the cache already and will not be downloaded again  	[MsgId: MMSG-26655]
vuser_init.c(46): Resource "https://petstore.octoperf.com/images/sm_fish.gif" is in the cache already and will not be downloaded again  	[MsgId: MMSG-26655]
vuser_init.c(46): Resource "https://petstore.octoperf.com/images/sm_dogs.gif" is in the cache already and will not be downloaded again  	[MsgId: MMSG-26655]
vuser_init.c(46): Resource "https://petstore.octoperf.com/images/sm_reptiles.gif" is in the cache already and will not be downloaded again  	[MsgId: MMSG-26655]
vuser_init.c(46): Resource "https://petstore.octoperf.com/images/sm_cats.gif" is in the cache already and will not be downloaded again  	[MsgId: MMSG-26655]
vuser_init.c(46): Resource "https://petstore.octoperf.com/images/sm_birds.gif" is in the cache already and will not be downloaded again  	[MsgId: MMSG-26655]
vuser_init.c(46): Registered web_reg_find successful for "Text=Please enter your username and password" (count=1)  	[MsgId: MMSG-26364]
vuser_init.c(46): web_link("Sign In") was successful, 3860 body bytes, 225 header bytes  	[MsgId: MMSG-26386]
vuser_init.c(51): Notify: Transaction "PetStore_ClickOnSignIn_T03" ended with a "Pass" status (Duration: 0.1267 Wasted Time: 0.0000).	[MsgId: MMSG-16871]
Ending action vuser_init.	[MsgId: MMSG-15918]
Running Vuser...	[MsgId: MMSG-15964]
Virtual User Script started at: 16-Oct-25 3:14:40 PM	[MsgId: MMSG-15967]
Starting action vuser_init.	[MsgId: MMSG-15919]
Web Turbo Replay of LoadRunner 2022.0.0 for Windows 2019; build 605 (Mar 08 2022 19:29:30)  	[MsgId: MMSG-26983]
Run mode: HTML  	[MsgId: MMSG-26993]
Replay user agent: Mozilla/5.0 (compatible; MSIE 10.0; Windows NT 6.1; Trident/6.0)  	[MsgId: MMSG-26988]
Runtime Settings file: "C:\Users\Administrator\AppData\Local\Temp\3\lr5tmpdir1xL.64\lrcfgzvK.65\cfgYIO.70"  	[MsgId: MMSG-27141]
vuser_init.c(3): Script Started	[MsgId: MMSG-17999]
vuser_init.c(4): web_cleanup_cookies started  	[MsgId: MMSG-26355]
vuser_init.c(4): web_cleanup_cookies was successful  	[MsgId: MMSG-26392]
vuser_init.c(5): web_cache_cleanup started  	[MsgId: MMSG-26355]
vuser_init.c(5): web_cache_cleanup was successful  	[MsgId: MMSG-26392]
vuser_init.c(6): web_cleanup_auto_headers started  	[MsgId: MMSG-26355]
vuser_init.c(6): web_cleanup_auto_headers was successful  	[MsgId: MMSG-26392]
vuser_init.c(7): web_set_sockets_option started  	[MsgId: MMSG-26355]
vuser_init.c(7): web_set_sockets_option was successful  	[MsgId: MMSG-26392]
vuser_init.c(9): Notify: Transaction "PetStore_LaunchPetStore_T01" started.	[MsgId: MMSG-16999]
vuser_init.c(11): web_reg_find started  	[MsgId: MMSG-26355]
vuser_init.c(11): Registering web_reg_find was successful  	[MsgId: MMSG-26390]
vuser_init.c(13): web_url("petstore.octoperf.com") started  	[MsgId: MMSG-26355]
vuser_init.c(25): Notify: Transaction "PetStore_EnterToPetStore_T02" started.	[MsgId: MMSG-16999]
vuser_init.c(26): web_reg_find started  	[MsgId: MMSG-26355]
vuser_init.c(26): Registering web_reg_find was successful  	[MsgId: MMSG-26390]
vuser_init.c(29): web_url("Catalog.action") started  	[MsgId: MMSG-26355]
vuser_init.c(29): Resource "https://petstore.octoperf.com/css/jpetstore.css" is in the cache already and will not be downloaded again  	[MsgId: MMSG-26655]
vuser_init.c(29): Found resource "https://petstore.octoperf.com/images/logo-topbar.svg" in HTML "https://petstore.octoperf.com/actions/Catalog.action"  	[MsgId: MMSG-26659]
vuser_init.c(29): Found resource "https://petstore.octoperf.com/images/cart.gif" in HTML "https://petstore.octoperf.com/actions/Catalog.action"  	[MsgId: MMSG-26659]
vuser_init.c(29): Found resource "https://petstore.octoperf.com/images/separator.gif" in HTML "https://petstore.octoperf.com/actions/Catalog.action"  	[MsgId: MMSG-26659]
vuser_init.c(29): Found resource "https://petstore.octoperf.com/images/sm_fish.gif" in HTML "https://petstore.octoperf.com/actions/Catalog.action"  	[MsgId: MMSG-26659]
vuser_init.c(29): Found resource "https://petstore.octoperf.com/images/sm_dogs.gif" in HTML "https://petstore.octoperf.com/actions/Catalog.action"  	[MsgId: MMSG-26659]
vuser_init.c(29): Found resource "https://petstore.octoperf.com/images/sm_reptiles.gif" in HTML "https://petstore.octoperf.com/actions/Catalog.action"  	[MsgId: MMSG-26659]
vuser_init.c(29): Found resource "https://petstore.octoperf.com/images/sm_cats.gif" in HTML "https://petstore.octoperf.com/actions/Catalog.action"  	[MsgId: MMSG-26659]
vuser_init.c(29): Found resource "https://petstore.octoperf.com/images/sm_birds.gif" in HTML "https://petstore.octoperf.com/actions/Catalog.action"  	[MsgId: MMSG-26659]
vuser_init.c(29): Found resource "https://petstore.octoperf.com/images/fish_icon.gif" in HTML "https://petstore.octoperf.com/actions/Catalog.action"  	[MsgId: MMSG-26659]
vuser_init.c(29): Found resource "https://petstore.octoperf.com/images/dogs_icon.gif" in HTML "https://petstore.octoperf.com/actions/Catalog.action"  	[MsgId: MMSG-26659]
vuser_init.c(29): Found resource "https://petstore.octoperf.com/images/cats_icon.gif" in HTML "https://petstore.octoperf.com/actions/Catalog.action"  	[MsgId: MMSG-26659]
vuser_init.c(29): Found resource "https://petstore.octoperf.com/images/reptiles_icon.gif" in HTML "https://petstore.octoperf.com/actions/Catalog.action"  	[MsgId: MMSG-26659]
vuser_init.c(29): Found resource "https://petstore.octoperf.com/images/birds_icon.gif" in HTML "https://petstore.octoperf.com/actions/Catalog.action"  	[MsgId: MMSG-26659]
vuser_init.c(29): Found resource "https://petstore.octoperf.com/images/splash.gif" in HTML "https://petstore.octoperf.com/actions/Catalog.action"  	[MsgId: MMSG-26659]
vuser_init.c(13): Found resource "https://petstore.octoperf.com/css/jpetstore.css" in HTML "https://petstore.octoperf.com/"  	[MsgId: MMSG-26659]
vuser_init.c(13): Registered web_reg_find successful for "Text=Welcome to JPetStore 6" (count=1)  	[MsgId: MMSG-26364]
vuser_init.c(13): web_url("petstore.octoperf.com") was successful, 7129 body bytes, 567 header bytes  	[MsgId: MMSG-26386]
vuser_init.c(21): Notify: Transaction "PetStore_LaunchPetStore_T01" ended with a "Pass" status (Duration: 0.7910 Wasted Time: 0.0006).	[MsgId: MMSG-16871]
vuser_init.c(23): lr_think_time: 3.07 seconds (recorded think time was 5.00 seconds).	[MsgId: MMSG-15947]
vuser_init.c(29): Registered web_reg_find successful for "Text=OctoPerf" (count=1)  	[MsgId: MMSG-26364]
vuser_init.c(29): web_url("Catalog.action") was successful, 63413 body bytes, 4260 header bytes  	[MsgId: MMSG-26386]
vuser_init.c(37): Notify: Transaction "PetStore_EnterToPetStore_T02" ended with a "Pass" status (Duration: 0.5010 Wasted Time: 0.0001).	[MsgId: MMSG-16871]
vuser_init.c(39): lr_think_time: 2.64 seconds (recorded think time was 5.00 seconds).	[MsgId: MMSG-15947]
vuser_init.c(41): Notify: Transaction "PetStore_ClickOnSignIn_T03" started.	[MsgId: MMSG-16999]
vuser_init.c(43): web_reg_find started  	[MsgId: MMSG-26355]
vuser_init.c(43): Registering web_reg_find was successful  	[MsgId: MMSG-26390]
vuser_init.c(46): web_link("Sign In") started  	[MsgId: MMSG-26355]
vuser_init.c(46): Linking to "https://petstore.octoperf.com/actions/Account.action;jsessionid=F7BE3C739EF84DE785795E630408D073?signonForm=", Target Frame=""  	[MsgId: MMSG-27994]
vuser_init.c(46): Resource "https://petstore.octoperf.com/css/jpetstore.css" is in the cache already and will not be downloaded again  	[MsgId: MMSG-26655]
vuser_init.c(46): Resource "https://petstore.octoperf.com/images/logo-topbar.svg" is in the cache already and will not be downloaded again  	[MsgId: MMSG-26655]
vuser_init.c(46): Resource "https://petstore.octoperf.com/images/cart.gif" is in the cache already and will not be downloaded again  	[MsgId: MMSG-26655]
vuser_init.c(46): Resource "https://petstore.octoperf.com/images/separator.gif" is in the cache already and will not be downloaded again  	[MsgId: MMSG-26655]
vuser_init.c(46): Resource "https://petstore.octoperf.com/images/sm_fish.gif" is in the cache already and will not be downloaded again  	[MsgId: MMSG-26655]
vuser_init.c(46): Resource "https://petstore.octoperf.com/images/sm_dogs.gif" is in the cache already and will not be downloaded again  	[MsgId: MMSG-26655]
vuser_init.c(46): Resource "https://petstore.octoperf.com/images/sm_reptiles.gif" is in the cache already and will not be downloaded again  	[MsgId: MMSG-26655]
vuser_init.c(46): Resource "https://petstore.octoperf.com/images/sm_cats.gif" is in the cache already and will not be downloaded again  	[MsgId: MMSG-26655]
vuser_init.c(46): Resource "https://petstore.octoperf.com/images/sm_birds.gif" is in the cache already and will not be downloaded again  	[MsgId: MMSG-26655]
vuser_init.c(46): Registered web_reg_find successful for "Text=Please enter your username and password" (count=1)  	[MsgId: MMSG-26364]
vuser_init.c(46): web_link("Sign In") was successful, 3858 body bytes, 225 header bytes  	[MsgId: MMSG-26386]
vuser_init.c(51): Notify: Transaction "PetStore_ClickOnSignIn_T03" ended with a "Pass" status (Duration: 0.1264 Wasted Time: 0.0000).	[MsgId: MMSG-16871]
Ending action vuser_init.	[MsgId: MMSG-15918]
Running Vuser...	[MsgId: MMSG-15964]
vuser_init.c(25): Notify: Transaction "PetStore_EnterToPetStore_T02" started.	[MsgId: MMSG-16999]
vuser_init.c(26): web_reg_find started  	[MsgId: MMSG-26355]
vuser_init.c(26): Registering web_reg_find was successful  	[MsgId: MMSG-26390]
vuser_init.c(29): web_url("Catalog.action") started  	[MsgId: MMSG-26355]
vuser_init.c(29): Resource "https://petstore.octoperf.com/css/jpetstore.css" is in the cache already and will not be downloaded again  	[MsgId: MMSG-26655]
vuser_init.c(29): Found resource "https://petstore.octoperf.com/images/logo-topbar.svg" in HTML "https://petstore.octoperf.com/actions/Catalog.action"  	[MsgId: MMSG-26659]
vuser_init.c(29): Found resource "https://petstore.octoperf.com/images/cart.gif" in HTML "https://petstore.octoperf.com/actions/Catalog.action"  	[MsgId: MMSG-26659]
vuser_init.c(29): Found resource "https://petstore.octoperf.com/images/separator.gif" in HTML "https://petstore.octoperf.com/actions/Catalog.action"  	[MsgId: MMSG-26659]
vuser_init.c(29): Found resource "https://petstore.octoperf.com/images/sm_fish.gif" in HTML "https://petstore.octoperf.com/actions/Catalog.action"  	[MsgId: MMSG-26659]
vuser_init.c(29): Found resource "https://petstore.octoperf.com/images/sm_dogs.gif" in HTML "https://petstore.octoperf.com/actions/Catalog.action"  	[MsgId: MMSG-26659]
vuser_init.c(29): Found resource "https://petstore.octoperf.com/images/sm_reptiles.gif" in HTML "https://petstore.octoperf.com/actions/Catalog.action"  	[MsgId: MMSG-26659]
vuser_init.c(29): Found resource "https://petstore.octoperf.com/images/sm_cats.gif" in HTML "https://petstore.octoperf.com/actions/Catalog.action"  	[MsgId: MMSG-26659]
vuser_init.c(29): Found resource "https://petstore.octoperf.com/images/sm_birds.gif" in HTML "https://petstore.octoperf.com/actions/Catalog.action"  	[MsgId: MMSG-26659]
vuser_init.c(29): Found resource "https://petstore.octoperf.com/images/fish_icon.gif" in HTML "https://petstore.octoperf.com/actions/Catalog.action"  	[MsgId: MMSG-26659]
vuser_init.c(29): Found resource "https://petstore.octoperf.com/images/dogs_icon.gif" in HTML "https://petstore.octoperf.com/actions/Catalog.action"  	[MsgId: MMSG-26659]
vuser_init.c(29): Found resource "https://petstore.octoperf.com/images/cats_icon.gif" in HTML "https://petstore.octoperf.com/actions/Catalog.action"  	[MsgId: MMSG-26659]
vuser_init.c(29): Found resource "https://petstore.octoperf.com/images/reptiles_icon.gif" in HTML "https://petstore.octoperf.com/actions/Catalog.action"  	[MsgId: MMSG-26659]
vuser_init.c(29): Found resource "https://petstore.octoperf.com/images/birds_icon.gif" in HTML "https://petstore.octoperf.com/actions/Catalog.action"  	[MsgId: MMSG-26659]
vuser_init.c(29): Found resource "https://petstore.octoperf.com/images/splash.gif" in HTML "https://petstore.octoperf.com/actions/Catalog.action"  	[MsgId: MMSG-26659]
vuser_init.c(29): Registered web_reg_find successful for "Text=OctoPerf" (count=1)  	[MsgId: MMSG-26364]
vuser_init.c(29): web_url("Catalog.action") was successful, 63413 body bytes, 4260 header bytes  	[MsgId: MMSG-26386]
vuser_init.c(37): Notify: Transaction "PetStore_EnterToPetStore_T02" ended with a "Pass" status (Duration: 0.4992 Wasted Time: 0.0002).	[MsgId: MMSG-16871]
vuser_init.c(39): lr_think_time: 4.08 seconds (recorded think time was 5.00 seconds).	[MsgId: MMSG-15947]
Virtual User Script started at: 16-Oct-25 3:14:45 PM	[MsgId: MMSG-15967]
Starting action vuser_init.	[MsgId: MMSG-15919]
Web Turbo Replay of LoadRunner 2022.0.0 for Windows 2019; build 605 (Mar 08 2022 19:29:30)  	[MsgId: MMSG-26983]
Run mode: HTML  	[MsgId: MMSG-26993]
Replay user agent: Mozilla/5.0 (compatible; MSIE 10.0; Windows NT 6.1; Trident/6.0)  	[MsgId: MMSG-26988]
Runtime Settings file: "C:\Users\Administrator\AppData\Local\Temp\3\lr5tmpdir1xL.64\lrcfgzvK.65\cfgYIO.70"  	[MsgId: MMSG-27141]
vuser_init.c(3): Script Started	[MsgId: MMSG-17999]
vuser_init.c(4): web_cleanup_cookies started  	[MsgId: MMSG-26355]
vuser_init.c(4): web_cleanup_cookies was successful  	[MsgId: MMSG-26392]
vuser_init.c(5): web_cache_cleanup started  	[MsgId: MMSG-26355]
vuser_init.c(5): web_cache_cleanup was successful  	[MsgId: MMSG-26392]
vuser_init.c(6): web_cleanup_auto_headers started  	[MsgId: MMSG-26355]
vuser_init.c(6): web_cleanup_auto_headers was successful  	[MsgId: MMSG-26392]
vuser_init.c(7): web_set_sockets_option started  	[MsgId: MMSG-26355]
vuser_init.c(7): web_set_sockets_option was successful  	[MsgId: MMSG-26392]
vuser_init.c(9): Notify: Transaction "PetStore_LaunchPetStore_T01" started.	[MsgId: MMSG-16999]
vuser_init.c(11): web_reg_find started  	[MsgId: MMSG-26355]
vuser_init.c(11): Registering web_reg_find was successful  	[MsgId: MMSG-26390]
vuser_init.c(13): web_url("petstore.octoperf.com") started  	[MsgId: MMSG-26355]
vuser_init.c(13): Found resource "https://petstore.octoperf.com/css/jpetstore.css" in HTML "https://petstore.octoperf.com/"  	[MsgId: MMSG-26659]
vuser_init.c(13): Registered web_reg_find successful for "Text=Welcome to JPetStore 6" (count=1)  	[MsgId: MMSG-26364]
vuser_init.c(13): web_url("petstore.octoperf.com") was successful, 7129 body bytes, 567 header bytes  	[MsgId: MMSG-26386]
vuser_init.c(21): Notify: Transaction "PetStore_LaunchPetStore_T01" ended with a "Pass" status (Duration: 0.7912 Wasted Time: 0.0007).	[MsgId: MMSG-16871]
vuser_init.c(23): lr_think_time: 4.21 seconds (recorded think time was 5.00 seconds).	[MsgId: MMSG-15947]
vuser_init.c(41): Notify: Transaction "PetStore_ClickOnSignIn_T03" started.	[MsgId: MMSG-16999]
vuser_init.c(43): web_reg_find started  	[MsgId: MMSG-26355]
vuser_init.c(43): Registering web_reg_find was successful  	[MsgId: MMSG-26390]
vuser_init.c(46): web_link("Sign In") started  	[MsgId: MMSG-26355]
vuser_init.c(46): Linking to "https://petstore.octoperf.com/actions/Account.action;jsessionid=A644230863F8DE23B218AF6A31A88B91?signonForm=", Target Frame=""  	[MsgId: MMSG-27994]
vuser_init.c(46): Resource "https://petstore.octoperf.com/css/jpetstore.css" is in the cache already and will not be downloaded again  	[MsgId: MMSG-26655]
vuser_init.c(46): Resource "https://petstore.octoperf.com/images/logo-topbar.svg" is in the cache already and will not be downloaded again  	[MsgId: MMSG-26655]
vuser_init.c(46): Resource "https://petstore.octoperf.com/images/cart.gif" is in the cache already and will not be downloaded again  	[MsgId: MMSG-26655]
vuser_init.c(46): Resource "https://petstore.octoperf.com/images/separator.gif" is in the cache already and will not be downloaded again  	[MsgId: MMSG-26655]
vuser_init.c(46): Resource "https://petstore.octoperf.com/images/sm_fish.gif" is in the cache already and will not be downloaded again  	[MsgId: MMSG-26655]
vuser_init.c(46): Resource "https://petstore.octoperf.com/images/sm_dogs.gif" is in the cache already and will not be downloaded again  	[MsgId: MMSG-26655]
vuser_init.c(46): Resource "https://petstore.octoperf.com/images/sm_reptiles.gif" is in the cache already and will not be downloaded again  	[MsgId: MMSG-26655]
vuser_init.c(46): Resource "https://petstore.octoperf.com/images/sm_cats.gif" is in the cache already and will not be downloaded again  	[MsgId: MMSG-26655]
vuser_init.c(46): Resource "https://petstore.octoperf.com/images/sm_birds.gif" is in the cache already and will not be downloaded again  	[MsgId: MMSG-26655]
vuser_init.c(46): Registered web_reg_find successful for "Text=Please enter your username and password" (count=1)  	[MsgId: MMSG-26364]
vuser_init.c(46): web_link("Sign In") was successful, 3858 body bytes, 225 header bytes  	[MsgId: MMSG-26386]
vuser_init.c(51): Notify: Transaction "PetStore_ClickOnSignIn_T03" ended with a "Pass" status (Duration: 0.1259 Wasted Time: 0.0000).	[MsgId: MMSG-16871]
Ending action vuser_init.	[MsgId: MMSG-15918]
Running Vuser...	[MsgId: MMSG-15964]
vuser_init.c(25): Notify: Transaction "PetStore_EnterToPetStore_T02" started.	[MsgId: MMSG-16999]
vuser_init.c(26): web_reg_find started  	[MsgId: MMSG-26355]
vuser_init.c(26): Registering web_reg_find was successful  	[MsgId: MMSG-26390]
vuser_init.c(29): web_url("Catalog.action") started  	[MsgId: MMSG-26355]
Virtual User Script started at: 16-Oct-25 3:14:50 PM	[MsgId: MMSG-15967]
Starting action vuser_init.	[MsgId: MMSG-15919]
Web Turbo Replay of LoadRunner 2022.0.0 for Windows 2019; build 605 (Mar 08 2022 19:29:30)  	[MsgId: MMSG-26983]
Run mode: HTML  	[MsgId: MMSG-26993]
Replay user agent: Mozilla/5.0 (compatible; MSIE 10.0; Windows NT 6.1; Trident/6.0)  	[MsgId: MMSG-26988]
Runtime Settings file: "C:\Users\Administrator\AppData\Local\Temp\3\lr5tmpdir1xL.64\lrcfgzvK.65\cfgYIO.70"  	[MsgId: MMSG-27141]
vuser_init.c(3): Script Started	[MsgId: MMSG-17999]
vuser_init.c(4): web_cleanup_cookies started  	[MsgId: MMSG-26355]
vuser_init.c(4): web_cleanup_cookies was successful  	[MsgId: MMSG-26392]
vuser_init.c(5): web_cache_cleanup started  	[MsgId: MMSG-26355]
vuser_init.c(5): web_cache_cleanup was successful  	[MsgId: MMSG-26392]
vuser_init.c(6): web_cleanup_auto_headers started  	[MsgId: MMSG-26355]
vuser_init.c(6): web_cleanup_auto_headers was successful  	[MsgId: MMSG-26392]
vuser_init.c(7): web_set_sockets_option started  	[MsgId: MMSG-26355]
vuser_init.c(7): web_set_sockets_option was successful  	[MsgId: MMSG-26392]
vuser_init.c(9): Notify: Transaction "PetStore_LaunchPetStore_T01" started.	[MsgId: MMSG-16999]
vuser_init.c(11): web_reg_find started  	[MsgId: MMSG-26355]
vuser_init.c(11): Registering web_reg_find was successful  	[MsgId: MMSG-26390]
vuser_init.c(13): web_url("petstore.octoperf.com") started  	[MsgId: MMSG-26355]
vuser_init.c(29): Resource "https://petstore.octoperf.com/css/jpetstore.css" is in the cache already and will not be downloaded again  	[MsgId: MMSG-26655]
vuser_init.c(29): Found resource "https://petstore.octoperf.com/images/logo-topbar.svg" in HTML "https://petstore.octoperf.com/actions/Catalog.action"  	[MsgId: MMSG-26659]
vuser_init.c(29): Found resource "https://petstore.octoperf.com/images/cart.gif" in HTML "https://petstore.octoperf.com/actions/Catalog.action"  	[MsgId: MMSG-26659]
vuser_init.c(29): Found resource "https://petstore.octoperf.com/images/separator.gif" in HTML "https://petstore.octoperf.com/actions/Catalog.action"  	[MsgId: MMSG-26659]
vuser_init.c(29): Found resource "https://petstore.octoperf.com/images/sm_fish.gif" in HTML "https://petstore.octoperf.com/actions/Catalog.action"  	[MsgId: MMSG-26659]
vuser_init.c(29): Found resource "https://petstore.octoperf.com/images/sm_dogs.gif" in HTML "https://petstore.octoperf.com/actions/Catalog.action"  	[MsgId: MMSG-26659]
vuser_init.c(29): Found resource "https://petstore.octoperf.com/images/sm_reptiles.gif" in HTML "https://petstore.octoperf.com/actions/Catalog.action"  	[MsgId: MMSG-26659]
vuser_init.c(29): Found resource "https://petstore.octoperf.com/images/sm_cats.gif" in HTML "https://petstore.octoperf.com/actions/Catalog.action"  	[MsgId: MMSG-26659]
vuser_init.c(29): Found resource "https://petstore.octoperf.com/images/sm_birds.gif" in HTML "https://petstore.octoperf.com/actions/Catalog.action"  	[MsgId: MMSG-26659]
vuser_init.c(29): Found resource "https://petstore.octoperf.com/images/fish_icon.gif" in HTML "https://petstore.octoperf.com/actions/Catalog.action"  	[MsgId: MMSG-26659]
vuser_init.c(29): Found resource "https://petstore.octoperf.com/images/dogs_icon.gif" in HTML "https://petstore.octoperf.com/actions/Catalog.action"  	[MsgId: MMSG-26659]
vuser_init.c(29): Found resource "https://petstore.octoperf.com/images/cats_icon.gif" in HTML "https://petstore.octoperf.com/actions/Catalog.action"  	[MsgId: MMSG-26659]
vuser_init.c(29): Found resource "https://petstore.octoperf.com/images/reptiles_icon.gif" in HTML "https://petstore.octoperf.com/actions/Catalog.action"  	[MsgId: MMSG-26659]
vuser_init.c(29): Found resource "https://petstore.octoperf.com/images/birds_icon.gif" in HTML "https://petstore.octoperf.com/actions/Catalog.action"  	[MsgId: MMSG-26659]
vuser_init.c(29): Found resource "https://petstore.octoperf.com/images/splash.gif" in HTML "https://petstore.octoperf.com/actions/Catalog.action"  	[MsgId: MMSG-26659]
vuser_init.c(29): Registered web_reg_find successful for "Text=OctoPerf" (count=1)  	[MsgId: MMSG-26364]
vuser_init.c(29): web_url("Catalog.action") was successful, 63413 body bytes, 4260 header bytes  	[MsgId: MMSG-26386]
vuser_init.c(37): Notify: Transaction "PetStore_EnterToPetStore_T02" ended with a "Pass" status (Duration: 0.4982 Wasted Time: 0.0001).	[MsgId: MMSG-16871]
vuser_init.c(39): lr_think_time: 2.70 seconds (recorded think time was 5.00 seconds).	[MsgId: MMSG-15947]
vuser_init.c(13): Found resource "https://petstore.octoperf.com/css/jpetstore.css" in HTML "https://petstore.octoperf.com/"  	[MsgId: MMSG-26659]
vuser_init.c(13): Registered web_reg_find successful for "Text=Welcome to JPetStore 6" (count=1)  	[MsgId: MMSG-26364]
vuser_init.c(13): web_url("petstore.octoperf.com") was successful, 7129 body bytes, 567 header bytes  	[MsgId: MMSG-26386]
vuser_init.c(21): Notify: Transaction "PetStore_LaunchPetStore_T01" ended with a "Pass" status (Duration: 0.7874 Wasted Time: 0.0009).	[MsgId: MMSG-16871]
vuser_init.c(23): lr_think_time: 4.49 seconds (recorded think time was 5.00 seconds).	[MsgId: MMSG-15947]
vuser_init.c(41): Notify: Transaction "PetStore_ClickOnSignIn_T03" started.	[MsgId: MMSG-16999]
vuser_init.c(43): web_reg_find started  	[MsgId: MMSG-26355]
vuser_init.c(43): Registering web_reg_find was successful  	[MsgId: MMSG-26390]
vuser_init.c(46): web_link("Sign In") started  	[MsgId: MMSG-26355]
vuser_init.c(46): Linking to "https://petstore.octoperf.com/actions/Account.action;jsessionid=CAA086B36724362AC5E965D62F16F145?signonForm=", Target Frame=""  	[MsgId: MMSG-27994]
vuser_init.c(46): Resource "https://petstore.octoperf.com/css/jpetstore.css" is in the cache already and will not be downloaded again  	[MsgId: MMSG-26655]
vuser_init.c(46): Resource "https://petstore.octoperf.com/images/logo-topbar.svg" is in the cache already and will not be downloaded again  	[MsgId: MMSG-26655]
vuser_init.c(46): Resource "https://petstore.octoperf.com/images/cart.gif" is in the cache already and will not be downloaded again  	[MsgId: MMSG-26655]
vuser_init.c(46): Resource "https://petstore.octoperf.com/images/separator.gif" is in the cache already and will not be downloaded again  	[MsgId: MMSG-26655]
vuser_init.c(46): Resource "https://petstore.octoperf.com/images/sm_fish.gif" is in the cache already and will not be downloaded again  	[MsgId: MMSG-26655]
vuser_init.c(46): Resource "https://petstore.octoperf.com/images/sm_dogs.gif" is in the cache already and will not be downloaded again  	[MsgId: MMSG-26655]
vuser_init.c(46): Resource "https://petstore.octoperf.com/images/sm_reptiles.gif" is in the cache already and will not be downloaded again  	[MsgId: MMSG-26655]
vuser_init.c(46): Resource "https://petstore.octoperf.com/images/sm_cats.gif" is in the cache already and will not be downloaded again  	[MsgId: MMSG-26655]
vuser_init.c(46): Resource "https://petstore.octoperf.com/images/sm_birds.gif" is in the cache already and will not be downloaded again  	[MsgId: MMSG-26655]
vuser_init.c(46): Registered web_reg_find successful for "Text=Please enter your username and password" (count=1)  	[MsgId: MMSG-26364]
vuser_init.c(46): web_link("Sign In") was successful, 3858 body bytes, 225 header bytes  	[MsgId: MMSG-26386]
vuser_init.c(51): Notify: Transaction "PetStore_ClickOnSignIn_T03" ended with a "Pass" status (Duration: 0.1262 Wasted Time: 0.0000).	[MsgId: MMSG-16871]
Ending action vuser_init.	[MsgId: MMSG-15918]
Running Vuser...	[MsgId: MMSG-15964]
Virtual User Script started at: 16-Oct-25 3:14:55 PM	[MsgId: MMSG-15967]
Starting action vuser_init.	[MsgId: MMSG-15919]
Web Turbo Replay of LoadRunner 2022.0.0 for Windows 2019; build 605 (Mar 08 2022 19:29:30)  	[MsgId: MMSG-26983]
Run mode: HTML  	[MsgId: MMSG-26993]
Replay user agent: Mozilla/5.0 (compatible; MSIE 10.0; Windows NT 6.1; Trident/6.0)  	[MsgId: MMSG-26988]
Runtime Settings file: "C:\Users\Administrator\AppData\Local\Temp\3\lr5tmpdir1xL.64\lrcfgzvK.65\cfgYIO.70"  	[MsgId: MMSG-27141]
vuser_init.c(3): Script Started	[MsgId: MMSG-17999]
vuser_init.c(4): web_cleanup_cookies started  	[MsgId: MMSG-26355]
vuser_init.c(4): web_cleanup_cookies was successful  	[MsgId: MMSG-26392]
vuser_init.c(5): web_cache_cleanup started  	[MsgId: MMSG-26355]
vuser_init.c(5): web_cache_cleanup was successful  	[MsgId: MMSG-26392]
vuser_init.c(6): web_cleanup_auto_headers started  	[MsgId: MMSG-26355]
vuser_init.c(6): web_cleanup_auto_headers was successful  	[MsgId: MMSG-26392]
vuser_init.c(7): web_set_sockets_option started  	[MsgId: MMSG-26355]
vuser_init.c(7): web_set_sockets_option was successful  	[MsgId: MMSG-26392]
vuser_init.c(9): Notify: Transaction "PetStore_LaunchPetStore_T01" started.	[MsgId: MMSG-16999]
vuser_init.c(11): web_reg_find started  	[MsgId: MMSG-26355]
vuser_init.c(11): Registering web_reg_find was successful  	[MsgId: MMSG-26390]
vuser_init.c(13): web_url("petstore.octoperf.com") started  	[MsgId: MMSG-26355]
vuser_init.c(25): Notify: Transaction "PetStore_EnterToPetStore_T02" started.	[MsgId: MMSG-16999]
vuser_init.c(26): web_reg_find started  	[MsgId: MMSG-26355]
vuser_init.c(26): Registering web_reg_find was successful  	[MsgId: MMSG-26390]
vuser_init.c(29): web_url("Catalog.action") started  	[MsgId: MMSG-26355]
vuser_init.c(29): Resource "https://petstore.octoperf.com/css/jpetstore.css" is in the cache already and will not be downloaded again  	[MsgId: MMSG-26655]
vuser_init.c(29): Found resource "https://petstore.octoperf.com/images/logo-topbar.svg" in HTML "https://petstore.octoperf.com/actions/Catalog.action"  	[MsgId: MMSG-26659]
vuser_init.c(29): Found resource "https://petstore.octoperf.com/images/cart.gif" in HTML "https://petstore.octoperf.com/actions/Catalog.action"  	[MsgId: MMSG-26659]
vuser_init.c(29): Found resource "https://petstore.octoperf.com/images/separator.gif" in HTML "https://petstore.octoperf.com/actions/Catalog.action"  	[MsgId: MMSG-26659]
vuser_init.c(29): Found resource "https://petstore.octoperf.com/images/sm_fish.gif" in HTML "https://petstore.octoperf.com/actions/Catalog.action"  	[MsgId: MMSG-26659]
vuser_init.c(29): Found resource "https://petstore.octoperf.com/images/sm_dogs.gif" in HTML "https://petstore.octoperf.com/actions/Catalog.action"  	[MsgId: MMSG-26659]
vuser_init.c(29): Found resource "https://petstore.octoperf.com/images/sm_reptiles.gif" in HTML "https://petstore.octoperf.com/actions/Catalog.action"  	[MsgId: MMSG-26659]
vuser_init.c(29): Found resource "https://petstore.octoperf.com/images/sm_cats.gif" in HTML "https://petstore.octoperf.com/actions/Catalog.action"  	[MsgId: MMSG-26659]
vuser_init.c(29): Found resource "https://petstore.octoperf.com/images/sm_birds.gif" in HTML "https://petstore.octoperf.com/actions/Catalog.action"  	[MsgId: MMSG-26659]
vuser_init.c(29): Found resource "https://petstore.octoperf.com/images/fish_icon.gif" in HTML "https://petstore.octoperf.com/actions/Catalog.action"  	[MsgId: MMSG-26659]
vuser_init.c(29): Found resource "https://petstore.octoperf.com/images/dogs_icon.gif" in HTML "https://petstore.octoperf.com/actions/Catalog.action"  	[MsgId: MMSG-26659]
vuser_init.c(29): Found resource "https://petstore.octoperf.com/images/cats_icon.gif" in HTML "https://petstore.octoperf.com/actions/Catalog.action"  	[MsgId: MMSG-26659]
vuser_init.c(29): Found resource "https://petstore.octoperf.com/images/reptiles_icon.gif" in HTML "https://petstore.octoperf.com/actions/Catalog.action"  	[MsgId: MMSG-26659]
vuser_init.c(29): Found resource "https://petstore.octoperf.com/images/birds_icon.gif" in HTML "https://petstore.octoperf.com/actions/Catalog.action"  	[MsgId: MMSG-26659]
vuser_init.c(29): Found resource "https://petstore.octoperf.com/images/splash.gif" in HTML "https://petstore.octoperf.com/actions/Catalog.action"  	[MsgId: MMSG-26659]
vuser_init.c(29): Registered web_reg_find successful for "Text=OctoPerf" (count=1)  	[MsgId: MMSG-26364]
vuser_init.c(29): web_url("Catalog.action") was successful, 63413 body bytes, 4260 header bytes  	[MsgId: MMSG-26386]
vuser_init.c(37): Notify: Transaction "PetStore_EnterToPetStore_T02" ended with a "Pass" status (Duration: 0.4959 Wasted Time: 0.0001).	[MsgId: MMSG-16871]
vuser_init.c(39): lr_think_time: 2.65 seconds (recorded think time was 5.00 seconds).	[MsgId: MMSG-15947]
vuser_init.c(13): Found resource "https://petstore.octoperf.com/css/jpetstore.css" in HTML "https://petstore.octoperf.com/"  	[MsgId: MMSG-26659]
vuser_init.c(13): Registered web_reg_find successful for "Text=Welcome to JPetStore 6" (count=1)  	[MsgId: MMSG-26364]
vuser_init.c(13): web_url("petstore.octoperf.com") was successful, 7129 body bytes, 567 header bytes  	[MsgId: MMSG-26386]
vuser_init.c(21): Notify: Transaction "PetStore_LaunchPetStore_T01" ended with a "Pass" status (Duration: 0.7928 Wasted Time: 0.0009).	[MsgId: MMSG-16871]
vuser_init.c(23): lr_think_time: 2.85 seconds (recorded think time was 5.00 seconds).	[MsgId: MMSG-15947]
vuser_init.c(41): Notify: Transaction "PetStore_ClickOnSignIn_T03" started.	[MsgId: MMSG-16999]
vuser_init.c(43): web_reg_find started  	[MsgId: MMSG-26355]
vuser_init.c(43): Registering web_reg_find was successful  	[MsgId: MMSG-26390]
vuser_init.c(46): web_link("Sign In") started  	[MsgId: MMSG-26355]
vuser_init.c(46): Linking to "https://petstore.octoperf.com/actions/Account.action;jsessionid=98B6D696D0FD8C9DDA32083F888E6235?signonForm=", Target Frame=""  	[MsgId: MMSG-27994]
vuser_init.c(46): Resource "https://petstore.octoperf.com/css/jpetstore.css" is in the cache already and will not be downloaded again  	[MsgId: MMSG-26655]
vuser_init.c(46): Resource "https://petstore.octoperf.com/images/logo-topbar.svg" is in the cache already and will not be downloaded again  	[MsgId: MMSG-26655]
vuser_init.c(46): Resource "https://petstore.octoperf.com/images/cart.gif" is in the cache already and will not be downloaded again  	[MsgId: MMSG-26655]
vuser_init.c(46): Resource "https://petstore.octoperf.com/images/separator.gif" is in the cache already and will not be downloaded again  	[MsgId: MMSG-26655]
vuser_init.c(46): Resource "https://petstore.octoperf.com/images/sm_fish.gif" is in the cache already and will not be downloaded again  	[MsgId: MMSG-26655]
vuser_init.c(46): Resource "https://petstore.octoperf.com/images/sm_dogs.gif" is in the cache already and will not be downloaded again  	[MsgId: MMSG-26655]
vuser_init.c(46): Resource "https://petstore.octoperf.com/images/sm_reptiles.gif" is in the cache already and will not be downloaded again  	[MsgId: MMSG-26655]
vuser_init.c(46): Resource "https://petstore.octoperf.com/images/sm_cats.gif" is in the cache already and will not be downloaded again  	[MsgId: MMSG-26655]
vuser_init.c(46): Resource "https://petstore.octoperf.com/images/sm_birds.gif" is in the cache already and will not be downloaded again  	[MsgId: MMSG-26655]
vuser_init.c(46): Registered web_reg_find successful for "Text=Please enter your username and password" (count=1)  	[MsgId: MMSG-26364]
vuser_init.c(46): web_link("Sign In") was successful, 3860 body bytes, 225 header bytes  	[MsgId: MMSG-26386]
vuser_init.c(51): Notify: Transaction "PetStore_ClickOnSignIn_T03" ended with a "Pass" status (Duration: 0.1252 Wasted Time: 0.0000).	[MsgId: MMSG-16871]
Ending action vuser_init.	[MsgId: MMSG-15918]
Running Vuser...	[MsgId: MMSG-15964]
vuser_init.c(25): Notify: Transaction "PetStore_EnterToPetStore_T02" started.	[MsgId: MMSG-16999]
vuser_init.c(26): web_reg_find started  	[MsgId: MMSG-26355]
vuser_init.c(26): Registering web_reg_find was successful  	[MsgId: MMSG-26390]
vuser_init.c(29): web_url("Catalog.action") started  	[MsgId: MMSG-26355]
vuser_init.c(29): Resource "https://petstore.octoperf.com/css/jpetstore.css" is in the cache already and will not be downloaded again  	[MsgId: MMSG-26655]
vuser_init.c(29): Found resource "https://petstore.octoperf.com/images/logo-topbar.svg" in HTML "https://petstore.octoperf.com/actions/Catalog.action"  	[MsgId: MMSG-26659]
vuser_init.c(29): Found resource "https://petstore.octoperf.com/images/cart.gif" in HTML "https://petstore.octoperf.com/actions/Catalog.action"  	[MsgId: MMSG-26659]
vuser_init.c(29): Found resource "https://petstore.octoperf.com/images/separator.gif" in HTML "https://petstore.octoperf.com/actions/Catalog.action"  	[MsgId: MMSG-26659]
vuser_init.c(29): Found resource "https://petstore.octoperf.com/images/sm_fish.gif" in HTML "https://petstore.octoperf.com/actions/Catalog.action"  	[MsgId: MMSG-26659]
vuser_init.c(29): Found resource "https://petstore.octoperf.com/images/sm_dogs.gif" in HTML "https://petstore.octoperf.com/actions/Catalog.action"  	[MsgId: MMSG-26659]
vuser_init.c(29): Found resource "https://petstore.octoperf.com/images/sm_reptiles.gif" in HTML "https://petstore.octoperf.com/actions/Catalog.action"  	[MsgId: MMSG-26659]
vuser_init.c(29): Found resource "https://petstore.octoperf.com/images/sm_cats.gif" in HTML "https://petstore.octoperf.com/actions/Catalog.action"  	[MsgId: MMSG-26659]
vuser_init.c(29): Found resource "https://petstore.octoperf.com/images/sm_birds.gif" in HTML "https://petstore.octoperf.com/actions/Catalog.action"  	[MsgId: MMSG-26659]
vuser_init.c(29): Found resource "https://petstore.octoperf.com/images/fish_icon.gif" in HTML "https://petstore.octoperf.com/actions/Catalog.action"  	[MsgId: MMSG-26659]
vuser_init.c(29): Found resource "https://petstore.octoperf.com/images/dogs_icon.gif" in HTML "https://petstore.octoperf.com/actions/Catalog.action"  	[MsgId: MMSG-26659]
vuser_init.c(29): Found resource "https://petstore.octoperf.com/images/cats_icon.gif" in HTML "https://petstore.octoperf.com/actions/Catalog.action"  	[MsgId: MMSG-26659]
vuser_init.c(29): Found resource "https://petstore.octoperf.com/images/reptiles_icon.gif" in HTML "https://petstore.octoperf.com/actions/Catalog.action"  	[MsgId: MMSG-26659]
vuser_init.c(29): Found resource "https://petstore.octoperf.com/images/birds_icon.gif" in HTML "https://petstore.octoperf.com/actions/Catalog.action"  	[MsgId: MMSG-26659]
vuser_init.c(29): Found resource "https://petstore.octoperf.com/images/splash.gif" in HTML "https://petstore.octoperf.com/actions/Catalog.action"  	[MsgId: MMSG-26659]
vuser_init.c(29): Registered web_reg_find successful for "Text=OctoPerf" (count=1)  	[MsgId: MMSG-26364]
vuser_init.c(29): web_url("Catalog.action") was successful, 63413 body bytes, 4260 header bytes  	[MsgId: MMSG-26386]
vuser_init.c(37): Notify: Transaction "PetStore_EnterToPetStore_T02" ended with a "Pass" status (Duration: 0.4992 Wasted Time: 0.0002).	[MsgId: MMSG-16871]
vuser_init.c(39): lr_think_time: 4.41 seconds (recorded think time was 5.00 seconds).	[MsgId: MMSG-15947]
Virtual User Script started at: 16-Oct-25 3:15:00 PM	[MsgId: MMSG-15967]
Starting action vuser_init.	[MsgId: MMSG-15919]
Web Turbo Replay of LoadRunner 2022.0.0 for Windows 2019; build 605 (Mar 08 2022 19:29:30)  	[MsgId: MMSG-26983]
Run mode: HTML  	[MsgId: MMSG-26993]
Replay user agent: Mozilla/5.0 (compatible; MSIE 10.0; Windows NT 6.1; Trident/6.0)  	[MsgId: MMSG-26988]
Runtime Settings file: "C:\Users\Administrator\AppData\Local\Temp\3\lr5tmpdir1xL.64\lrcfgzvK.65\cfgYIO.70"  	[MsgId: MMSG-27141]
vuser_init.c(3): Script Started	[MsgId: MMSG-17999]
vuser_init.c(4): web_cleanup_cookies started  	[MsgId: MMSG-26355]
vuser_init.c(4): web_cleanup_cookies was successful  	[MsgId: MMSG-26392]
vuser_init.c(5): web_cache_cleanup started  	[MsgId: MMSG-26355]
vuser_init.c(5): web_cache_cleanup was successful  	[MsgId: MMSG-26392]
vuser_init.c(6): web_cleanup_auto_headers started  	[MsgId: MMSG-26355]
vuser_init.c(6): web_cleanup_auto_headers was successful  	[MsgId: MMSG-26392]
vuser_init.c(7): web_set_sockets_option started  	[MsgId: MMSG-26355]
vuser_init.c(7): web_set_sockets_option was successful  	[MsgId: MMSG-26392]
vuser_init.c(9): Notify: Transaction "PetStore_LaunchPetStore_T01" started.	[MsgId: MMSG-16999]
vuser_init.c(11): web_reg_find started  	[MsgId: MMSG-26355]
vuser_init.c(11): Registering web_reg_find was successful  	[MsgId: MMSG-26390]
vuser_init.c(13): web_url("petstore.octoperf.com") started  	[MsgId: MMSG-26355]
vuser_init.c(13): Found resource "https://petstore.octoperf.com/css/jpetstore.css" in HTML "https://petstore.octoperf.com/"  	[MsgId: MMSG-26659]
vuser_init.c(13): Registered web_reg_find successful for "Text=Welcome to JPetStore 6" (count=1)  	[MsgId: MMSG-26364]
vuser_init.c(13): web_url("petstore.octoperf.com") was successful, 7129 body bytes, 567 header bytes  	[MsgId: MMSG-26386]
vuser_init.c(21): Notify: Transaction "PetStore_LaunchPetStore_T01" ended with a "Pass" status (Duration: 0.7875 Wasted Time: 0.0007).	[MsgId: MMSG-16871]
vuser_init.c(23): lr_think_time: 4.53 seconds (recorded think time was 5.00 seconds).	[MsgId: MMSG-15947]
vuser_init.c(41): Notify: Transaction "PetStore_ClickOnSignIn_T03" started.	[MsgId: MMSG-16999]
vuser_init.c(43): web_reg_find started  	[MsgId: MMSG-26355]
vuser_init.c(43): Registering web_reg_find was successful  	[MsgId: MMSG-26390]
vuser_init.c(46): web_link("Sign In") started  	[MsgId: MMSG-26355]
vuser_init.c(46): Linking to "https://petstore.octoperf.com/actions/Account.action;jsessionid=B1941B909E0185944E88DA94BE896542?signonForm=", Target Frame=""  	[MsgId: MMSG-27994]
vuser_init.c(46): Resource "https://petstore.octoperf.com/css/jpetstore.css" is in the cache already and will not be downloaded again  	[MsgId: MMSG-26655]
vuser_init.c(46): Resource "https://petstore.octoperf.com/images/logo-topbar.svg" is in the cache already and will not be downloaded again  	[MsgId: MMSG-26655]
vuser_init.c(46): Resource "https://petstore.octoperf.com/images/cart.gif" is in the cache already and will not be downloaded again  	[MsgId: MMSG-26655]
vuser_init.c(46): Resource "https://petstore.octoperf.com/images/separator.gif" is in the cache already and will not be downloaded again  	[MsgId: MMSG-26655]
vuser_init.c(46): Resource "https://petstore.octoperf.com/images/sm_fish.gif" is in the cache already and will not be downloaded again  	[MsgId: MMSG-26655]
vuser_init.c(46): Resource "https://petstore.octoperf.com/images/sm_dogs.gif" is in the cache already and will not be downloaded again  	[MsgId: MMSG-26655]
vuser_init.c(46): Resource "https://petstore.octoperf.com/images/sm_reptiles.gif" is in the cache already and will not be downloaded again  	[MsgId: MMSG-26655]
vuser_init.c(46): Resource "https://petstore.octoperf.com/images/sm_cats.gif" is in the cache already and will not be downloaded again  	[MsgId: MMSG-26655]
vuser_init.c(46): Resource "https://petstore.octoperf.com/images/sm_birds.gif" is in the cache already and will not be downloaded again  	[MsgId: MMSG-26655]
vuser_init.c(46): Registered web_reg_find successful for "Text=Please enter your username and password" (count=1)  	[MsgId: MMSG-26364]
vuser_init.c(46): web_link("Sign In") was successful, 3856 body bytes, 225 header bytes  	[MsgId: MMSG-26386]
vuser_init.c(51): Notify: Transaction "PetStore_ClickOnSignIn_T03" ended with a "Pass" status (Duration: 0.1256 Wasted Time: 0.0000).	[MsgId: MMSG-16871]
Ending action vuser_init.	[MsgId: MMSG-15918]
Running Vuser...	[MsgId: MMSG-15964]
Virtual User Script started at: 16-Oct-25 3:15:05 PM	[MsgId: MMSG-15967]
Starting action vuser_init.	[MsgId: MMSG-15919]
Web Turbo Replay of LoadRunner 2022.0.0 for Windows 2019; build 605 (Mar 08 2022 19:29:30)  	[MsgId: MMSG-26983]
Run mode: HTML  	[MsgId: MMSG-26993]
Replay user agent: Mozilla/5.0 (compatible; MSIE 10.0; Windows NT 6.1; Trident/6.0)  	[MsgId: MMSG-26988]
Runtime Settings file: "C:\Users\Administrator\AppData\Local\Temp\3\lr5tmpdir1xL.64\lrcfgzvK.65\cfgYIO.70"  	[MsgId: MMSG-27141]
vuser_init.c(3): Script Started	[MsgId: MMSG-17999]
vuser_init.c(4): web_cleanup_cookies started  	[MsgId: MMSG-26355]
vuser_init.c(4): web_cleanup_cookies was successful  	[MsgId: MMSG-26392]
vuser_init.c(5): web_cache_cleanup started  	[MsgId: MMSG-26355]
vuser_init.c(5): web_cache_cleanup was successful  	[MsgId: MMSG-26392]
vuser_init.c(6): web_cleanup_auto_headers started  	[MsgId: MMSG-26355]
vuser_init.c(6): web_cleanup_auto_headers was successful  	[MsgId: MMSG-26392]
vuser_init.c(7): web_set_sockets_option started  	[MsgId: MMSG-26355]
vuser_init.c(7): web_set_sockets_option was successful  	[MsgId: MMSG-26392]
vuser_init.c(9): Notify: Transaction "PetStore_LaunchPetStore_T01" started.	[MsgId: MMSG-16999]
vuser_init.c(11): web_reg_find started  	[MsgId: MMSG-26355]
vuser_init.c(11): Registering web_reg_find was successful  	[MsgId: MMSG-26390]
vuser_init.c(13): web_url("petstore.octoperf.com") started  	[MsgId: MMSG-26355]
vuser_init.c(25): Notify: Transaction "PetStore_EnterToPetStore_T02" started.	[MsgId: MMSG-16999]
vuser_init.c(26): web_reg_find started  	[MsgId: MMSG-26355]
vuser_init.c(26): Registering web_reg_find was successful  	[MsgId: MMSG-26390]
vuser_init.c(29): web_url("Catalog.action") started  	[MsgId: MMSG-26355]
vuser_init.c(29): Resource "https://petstore.octoperf.com/css/jpetstore.css" is in the cache already and will not be downloaded again  	[MsgId: MMSG-26655]
vuser_init.c(29): Found resource "https://petstore.octoperf.com/images/logo-topbar.svg" in HTML "https://petstore.octoperf.com/actions/Catalog.action"  	[MsgId: MMSG-26659]
vuser_init.c(29): Found resource "https://petstore.octoperf.com/images/cart.gif" in HTML "https://petstore.octoperf.com/actions/Catalog.action"  	[MsgId: MMSG-26659]
vuser_init.c(29): Found resource "https://petstore.octoperf.com/images/separator.gif" in HTML "https://petstore.octoperf.com/actions/Catalog.action"  	[MsgId: MMSG-26659]
vuser_init.c(29): Found resource "https://petstore.octoperf.com/images/sm_fish.gif" in HTML "https://petstore.octoperf.com/actions/Catalog.action"  	[MsgId: MMSG-26659]
vuser_init.c(29): Found resource "https://petstore.octoperf.com/images/sm_dogs.gif" in HTML "https://petstore.octoperf.com/actions/Catalog.action"  	[MsgId: MMSG-26659]
vuser_init.c(29): Found resource "https://petstore.octoperf.com/images/sm_reptiles.gif" in HTML "https://petstore.octoperf.com/actions/Catalog.action"  	[MsgId: MMSG-26659]
vuser_init.c(29): Found resource "https://petstore.octoperf.com/images/sm_cats.gif" in HTML "https://petstore.octoperf.com/actions/Catalog.action"  	[MsgId: MMSG-26659]
vuser_init.c(29): Found resource "https://petstore.octoperf.com/images/sm_birds.gif" in HTML "https://petstore.octoperf.com/actions/Catalog.action"  	[MsgId: MMSG-26659]
vuser_init.c(29): Found resource "https://petstore.octoperf.com/images/fish_icon.gif" in HTML "https://petstore.octoperf.com/actions/Catalog.action"  	[MsgId: MMSG-26659]
vuser_init.c(29): Found resource "https://petstore.octoperf.com/images/dogs_icon.gif" in HTML "https://petstore.octoperf.com/actions/Catalog.action"  	[MsgId: MMSG-26659]
vuser_init.c(29): Found resource "https://petstore.octoperf.com/images/cats_icon.gif" in HTML "https://petstore.octoperf.com/actions/Catalog.action"  	[MsgId: MMSG-26659]
vuser_init.c(29): Found resource "https://petstore.octoperf.com/images/reptiles_icon.gif" in HTML "https://petstore.octoperf.com/actions/Catalog.action"  	[MsgId: MMSG-26659]
vuser_init.c(29): Found resource "https://petstore.octoperf.com/images/birds_icon.gif" in HTML "https://petstore.octoperf.com/actions/Catalog.action"  	[MsgId: MMSG-26659]
vuser_init.c(29): Found resource "https://petstore.octoperf.com/images/splash.gif" in HTML "https://petstore.octoperf.com/actions/Catalog.action"  	[MsgId: MMSG-26659]
vuser_init.c(13): Found resource "https://petstore.octoperf.com/css/jpetstore.css" in HTML "https://petstore.octoperf.com/"  	[MsgId: MMSG-26659]
vuser_init.c(29): Registered web_reg_find successful for "Text=OctoPerf" (count=1)  	[MsgId: MMSG-26364]
vuser_init.c(29): web_url("Catalog.action") was successful, 63413 body bytes, 4260 header bytes  	[MsgId: MMSG-26386]
vuser_init.c(37): Notify: Transaction "PetStore_EnterToPetStore_T02" ended with a "Pass" status (Duration: 0.4996 Wasted Time: 0.0002).	[MsgId: MMSG-16871]
vuser_init.c(39): lr_think_time: 2.93 seconds (recorded think time was 5.00 seconds).	[MsgId: MMSG-15947]
vuser_init.c(13): Registered web_reg_find successful for "Text=Welcome to JPetStore 6" (count=1)  	[MsgId: MMSG-26364]
vuser_init.c(13): web_url("petstore.octoperf.com") was successful, 7129 body bytes, 567 header bytes  	[MsgId: MMSG-26386]
vuser_init.c(21): Notify: Transaction "PetStore_LaunchPetStore_T01" ended with a "Pass" status (Duration: 0.7837 Wasted Time: 0.0006).	[MsgId: MMSG-16871]
vuser_init.c(23): lr_think_time: 4.83 seconds (recorded think time was 5.00 seconds).	[MsgId: MMSG-15947]
vuser_init.c(41): Notify: Transaction "PetStore_ClickOnSignIn_T03" started.	[MsgId: MMSG-16999]
vuser_init.c(43): web_reg_find started  	[MsgId: MMSG-26355]
vuser_init.c(43): Registering web_reg_find was successful  	[MsgId: MMSG-26390]
vuser_init.c(46): web_link("Sign In") started  	[MsgId: MMSG-26355]
vuser_init.c(46): Linking to "https://petstore.octoperf.com/actions/Account.action;jsessionid=2CA5A97D78C37815EC181B5C353C5D6A?signonForm=", Target Frame=""  	[MsgId: MMSG-27994]
vuser_init.c(46): Resource "https://petstore.octoperf.com/css/jpetstore.css" is in the cache already and will not be downloaded again  	[MsgId: MMSG-26655]
vuser_init.c(46): Resource "https://petstore.octoperf.com/images/logo-topbar.svg" is in the cache already and will not be downloaded again  	[MsgId: MMSG-26655]
vuser_init.c(46): Resource "https://petstore.octoperf.com/images/cart.gif" is in the cache already and will not be downloaded again  	[MsgId: MMSG-26655]
vuser_init.c(46): Resource "https://petstore.octoperf.com/images/separator.gif" is in the cache already and will not be downloaded again  	[MsgId: MMSG-26655]
vuser_init.c(46): Resource "https://petstore.octoperf.com/images/sm_fish.gif" is in the cache already and will not be downloaded again  	[MsgId: MMSG-26655]
vuser_init.c(46): Resource "https://petstore.octoperf.com/images/sm_dogs.gif" is in the cache already and will not be downloaded again  	[MsgId: MMSG-26655]
vuser_init.c(46): Resource "https://petstore.octoperf.com/images/sm_reptiles.gif" is in the cache already and will not be downloaded again  	[MsgId: MMSG-26655]
vuser_init.c(46): Resource "https://petstore.octoperf.com/images/sm_cats.gif" is in the cache already and will not be downloaded again  	[MsgId: MMSG-26655]
vuser_init.c(46): Resource "https://petstore.octoperf.com/images/sm_birds.gif" is in the cache already and will not be downloaded again  	[MsgId: MMSG-26655]
vuser_init.c(46): Registered web_reg_find successful for "Text=Please enter your username and password" (count=1)  	[MsgId: MMSG-26364]
vuser_init.c(46): web_link("Sign In") was successful, 3860 body bytes, 225 header bytes  	[MsgId: MMSG-26386]
vuser_init.c(51): Notify: Transaction "PetStore_ClickOnSignIn_T03" ended with a "Pass" status (Duration: 0.1279 Wasted Time: 0.0000).	[MsgId: MMSG-16871]
Ending action vuser_init.	[MsgId: MMSG-15918]
Running Vuser...	[MsgId: MMSG-15964]
Virtual User Script started at: 16-Oct-25 3:15:11 PM	[MsgId: MMSG-15967]
Starting action vuser_init.	[MsgId: MMSG-15919]
Web Turbo Replay of LoadRunner 2022.0.0 for Windows 2019; build 605 (Mar 08 2022 19:29:30)  	[MsgId: MMSG-26983]
Run mode: HTML  	[MsgId: MMSG-26993]
Replay user agent: Mozilla/5.0 (compatible; MSIE 10.0; Windows NT 6.1; Trident/6.0)  	[MsgId: MMSG-26988]
Runtime Settings file: "C:\Users\Administrator\AppData\Local\Temp\3\lr5tmpdir1xL.64\lrcfgzvK.65\cfgYIO.70"  	[MsgId: MMSG-27141]
vuser_init.c(3): Script Started	[MsgId: MMSG-17999]
vuser_init.c(4): web_cleanup_cookies started  	[MsgId: MMSG-26355]
vuser_init.c(4): web_cleanup_cookies was successful  	[MsgId: MMSG-26392]
vuser_init.c(5): web_cache_cleanup started  	[MsgId: MMSG-26355]
vuser_init.c(5): web_cache_cleanup was successful  	[MsgId: MMSG-26392]
vuser_init.c(6): web_cleanup_auto_headers started  	[MsgId: MMSG-26355]
vuser_init.c(6): web_cleanup_auto_headers was successful  	[MsgId: MMSG-26392]
vuser_init.c(7): web_set_sockets_option started  	[MsgId: MMSG-26355]
vuser_init.c(7): web_set_sockets_option was successful  	[MsgId: MMSG-26392]
vuser_init.c(9): Notify: Transaction "PetStore_LaunchPetStore_T01" started.	[MsgId: MMSG-16999]
vuser_init.c(11): web_reg_find started  	[MsgId: MMSG-26355]
vuser_init.c(11): Registering web_reg_find was successful  	[MsgId: MMSG-26390]
vuser_init.c(13): web_url("petstore.octoperf.com") started  	[MsgId: MMSG-26355]
vuser_init.c(25): Notify: Transaction "PetStore_EnterToPetStore_T02" started.	[MsgId: MMSG-16999]
vuser_init.c(26): web_reg_find started  	[MsgId: MMSG-26355]
vuser_init.c(26): Registering web_reg_find was successful  	[MsgId: MMSG-26390]
vuser_init.c(29): web_url("Catalog.action") started  	[MsgId: MMSG-26355]
vuser_init.c(29): Resource "https://petstore.octoperf.com/css/jpetstore.css" is in the cache already and will not be downloaded again  	[MsgId: MMSG-26655]
vuser_init.c(29): Found resource "https://petstore.octoperf.com/images/logo-topbar.svg" in HTML "https://petstore.octoperf.com/actions/Catalog.action"  	[MsgId: MMSG-26659]
vuser_init.c(29): Found resource "https://petstore.octoperf.com/images/cart.gif" in HTML "https://petstore.octoperf.com/actions/Catalog.action"  	[MsgId: MMSG-26659]
vuser_init.c(29): Found resource "https://petstore.octoperf.com/images/separator.gif" in HTML "https://petstore.octoperf.com/actions/Catalog.action"  	[MsgId: MMSG-26659]
vuser_init.c(29): Found resource "https://petstore.octoperf.com/images/sm_fish.gif" in HTML "https://petstore.octoperf.com/actions/Catalog.action"  	[MsgId: MMSG-26659]
vuser_init.c(29): Found resource "https://petstore.octoperf.com/images/sm_dogs.gif" in HTML "https://petstore.octoperf.com/actions/Catalog.action"  	[MsgId: MMSG-26659]
vuser_init.c(29): Found resource "https://petstore.octoperf.com/images/sm_reptiles.gif" in HTML "https://petstore.octoperf.com/actions/Catalog.action"  	[MsgId: MMSG-26659]
vuser_init.c(29): Found resource "https://petstore.octoperf.com/images/sm_cats.gif" in HTML "https://petstore.octoperf.com/actions/Catalog.action"  	[MsgId: MMSG-26659]
vuser_init.c(29): Found resource "https://petstore.octoperf.com/images/sm_birds.gif" in HTML "https://petstore.octoperf.com/actions/Catalog.action"  	[MsgId: MMSG-26659]
vuser_init.c(29): Found resource "https://petstore.octoperf.com/images/fish_icon.gif" in HTML "https://petstore.octoperf.com/actions/Catalog.action"  	[MsgId: MMSG-26659]
vuser_init.c(29): Found resource "https://petstore.octoperf.com/images/dogs_icon.gif" in HTML "https://petstore.octoperf.com/actions/Catalog.action"  	[MsgId: MMSG-26659]
vuser_init.c(29): Found resource "https://petstore.octoperf.com/images/cats_icon.gif" in HTML "https://petstore.octoperf.com/actions/Catalog.action"  	[MsgId: MMSG-26659]
vuser_init.c(29): Found resource "https://petstore.octoperf.com/images/reptiles_icon.gif" in HTML "https://petstore.octoperf.com/actions/Catalog.action"  	[MsgId: MMSG-26659]
vuser_init.c(29): Found resource "https://petstore.octoperf.com/images/birds_icon.gif" in HTML "https://petstore.octoperf.com/actions/Catalog.action"  	[MsgId: MMSG-26659]
vuser_init.c(29): Found resource "https://petstore.octoperf.com/images/splash.gif" in HTML "https://petstore.octoperf.com/actions/Catalog.action"  	[MsgId: MMSG-26659]
vuser_init.c(13): Found resource "https://petstore.octoperf.com/css/jpetstore.css" in HTML "https://petstore.octoperf.com/"  	[MsgId: MMSG-26659]
vuser_init.c(13): Registered web_reg_find successful for "Text=Welcome to JPetStore 6" (count=1)  	[MsgId: MMSG-26364]
vuser_init.c(13): web_url("petstore.octoperf.com") was successful, 7129 body bytes, 567 header bytes  	[MsgId: MMSG-26386]
vuser_init.c(21): Notify: Transaction "PetStore_LaunchPetStore_T01" ended with a "Pass" status (Duration: 0.7876 Wasted Time: 0.0007).	[MsgId: MMSG-16871]
vuser_init.c(23): lr_think_time: 4.25 seconds (recorded think time was 5.00 seconds).	[MsgId: MMSG-15947]
vuser_init.c(29): Registered web_reg_find successful for "Text=OctoPerf" (count=1)  	[MsgId: MMSG-26364]
vuser_init.c(29): web_url("Catalog.action") was successful, 63413 body bytes, 4260 header bytes  	[MsgId: MMSG-26386]
vuser_init.c(37): Notify: Transaction "PetStore_EnterToPetStore_T02" ended with a "Pass" status (Duration: 0.4939 Wasted Time: 0.0002).	[MsgId: MMSG-16871]
vuser_init.c(39): lr_think_time: 3.36 seconds (recorded think time was 5.00 seconds).	[MsgId: MMSG-15947]
vuser_init.c(41): Notify: Transaction "PetStore_ClickOnSignIn_T03" started.	[MsgId: MMSG-16999]
vuser_init.c(43): web_reg_find started  	[MsgId: MMSG-26355]
vuser_init.c(43): Registering web_reg_find was successful  	[MsgId: MMSG-26390]
vuser_init.c(46): web_link("Sign In") started  	[MsgId: MMSG-26355]
vuser_init.c(46): Linking to "https://petstore.octoperf.com/actions/Account.action;jsessionid=BF4D2E04913C0C649382AE076DAC2F42?signonForm=", Target Frame=""  	[MsgId: MMSG-27994]
vuser_init.c(46): Resource "https://petstore.octoperf.com/css/jpetstore.css" is in the cache already and will not be downloaded again  	[MsgId: MMSG-26655]
vuser_init.c(46): Resource "https://petstore.octoperf.com/images/logo-topbar.svg" is in the cache already and will not be downloaded again  	[MsgId: MMSG-26655]
vuser_init.c(46): Resource "https://petstore.octoperf.com/images/cart.gif" is in the cache already and will not be downloaded again  	[MsgId: MMSG-26655]
vuser_init.c(46): Resource "https://petstore.octoperf.com/images/separator.gif" is in the cache already and will not be downloaded again  	[MsgId: MMSG-26655]
vuser_init.c(46): Resource "https://petstore.octoperf.com/images/sm_fish.gif" is in the cache already and will not be downloaded again  	[MsgId: MMSG-26655]
vuser_init.c(46): Resource "https://petstore.octoperf.com/images/sm_dogs.gif" is in the cache already and will not be downloaded again  	[MsgId: MMSG-26655]
vuser_init.c(46): Resource "https://petstore.octoperf.com/images/sm_reptiles.gif" is in the cache already and will not be downloaded again  	[MsgId: MMSG-26655]
vuser_init.c(46): Resource "https://petstore.octoperf.com/images/sm_cats.gif" is in the cache already and will not be downloaded again  	[MsgId: MMSG-26655]
vuser_init.c(46): Resource "https://petstore.octoperf.com/images/sm_birds.gif" is in the cache already and will not be downloaded again  	[MsgId: MMSG-26655]
vuser_init.c(46): Registered web_reg_find successful for "Text=Please enter your username and password" (count=1)  	[MsgId: MMSG-26364]
vuser_init.c(46): web_link("Sign In") was successful, 3858 body bytes, 225 header bytes  	[MsgId: MMSG-26386]
vuser_init.c(51): Notify: Transaction "PetStore_ClickOnSignIn_T03" ended with a "Pass" status (Duration: 0.1250 Wasted Time: 0.0000).	[MsgId: MMSG-16871]
Ending action vuser_init.	[MsgId: MMSG-15918]
Running Vuser...	[MsgId: MMSG-15964]
vuser_init.c(25): Notify: Transaction "PetStore_EnterToPetStore_T02" started.	[MsgId: MMSG-16999]
vuser_init.c(26): web_reg_find started  	[MsgId: MMSG-26355]
vuser_init.c(26): Registering web_reg_find was successful  	[MsgId: MMSG-26390]
vuser_init.c(29): web_url("Catalog.action") started  	[MsgId: MMSG-26355]
vuser_init.c(29): Resource "https://petstore.octoperf.com/css/jpetstore.css" is in the cache already and will not be downloaded again  	[MsgId: MMSG-26655]
vuser_init.c(29): Found resource "https://petstore.octoperf.com/images/logo-topbar.svg" in HTML "https://petstore.octoperf.com/actions/Catalog.action"  	[MsgId: MMSG-26659]
vuser_init.c(29): Found resource "https://petstore.octoperf.com/images/cart.gif" in HTML "https://petstore.octoperf.com/actions/Catalog.action"  	[MsgId: MMSG-26659]
vuser_init.c(29): Found resource "https://petstore.octoperf.com/images/separator.gif" in HTML "https://petstore.octoperf.com/actions/Catalog.action"  	[MsgId: MMSG-26659]
vuser_init.c(29): Found resource "https://petstore.octoperf.com/images/sm_fish.gif" in HTML "https://petstore.octoperf.com/actions/Catalog.action"  	[MsgId: MMSG-26659]
vuser_init.c(29): Found resource "https://petstore.octoperf.com/images/sm_dogs.gif" in HTML "https://petstore.octoperf.com/actions/Catalog.action"  	[MsgId: MMSG-26659]
vuser_init.c(29): Found resource "https://petstore.octoperf.com/images/sm_reptiles.gif" in HTML "https://petstore.octoperf.com/actions/Catalog.action"  	[MsgId: MMSG-26659]
vuser_init.c(29): Found resource "https://petstore.octoperf.com/images/sm_cats.gif" in HTML "https://petstore.octoperf.com/actions/Catalog.action"  	[MsgId: MMSG-26659]
vuser_init.c(29): Found resource "https://petstore.octoperf.com/images/sm_birds.gif" in HTML "https://petstore.octoperf.com/actions/Catalog.action"  	[MsgId: MMSG-26659]
vuser_init.c(29): Found resource "https://petstore.octoperf.com/images/fish_icon.gif" in HTML "https://petstore.octoperf.com/actions/Catalog.action"  	[MsgId: MMSG-26659]
vuser_init.c(29): Found resource "https://petstore.octoperf.com/images/dogs_icon.gif" in HTML "https://petstore.octoperf.com/actions/Catalog.action"  	[MsgId: MMSG-26659]
vuser_init.c(29): Found resource "https://petstore.octoperf.com/images/cats_icon.gif" in HTML "https://petstore.octoperf.com/actions/Catalog.action"  	[MsgId: MMSG-26659]
vuser_init.c(29): Found resource "https://petstore.octoperf.com/images/reptiles_icon.gif" in HTML "https://petstore.octoperf.com/actions/Catalog.action"  	[MsgId: MMSG-26659]
vuser_init.c(29): Found resource "https://petstore.octoperf.com/images/birds_icon.gif" in HTML "https://petstore.octoperf.com/actions/Catalog.action"  	[MsgId: MMSG-26659]
vuser_init.c(29): Found resource "https://petstore.octoperf.com/images/splash.gif" in HTML "https://petstore.octoperf.com/actions/Catalog.action"  	[MsgId: MMSG-26659]
vuser_init.c(29): Registered web_reg_find successful for "Text=OctoPerf" (count=1)  	[MsgId: MMSG-26364]
vuser_init.c(29): web_url("Catalog.action") was successful, 63413 body bytes, 4260 header bytes  	[MsgId: MMSG-26386]
vuser_init.c(37): Notify: Transaction "PetStore_EnterToPetStore_T02" ended with a "Pass" status (Duration: 0.4951 Wasted Time: 0.0002).	[MsgId: MMSG-16871]
vuser_init.c(39): lr_think_time: 4.33 seconds (recorded think time was 5.00 seconds).	[MsgId: MMSG-15947]
vuser_init.c(41): Notify: Transaction "PetStore_ClickOnSignIn_T03" started.	[MsgId: MMSG-16999]
vuser_init.c(43): web_reg_find started  	[MsgId: MMSG-26355]
vuser_init.c(43): Registering web_reg_find was successful  	[MsgId: MMSG-26390]
vuser_init.c(46): web_link("Sign In") started  	[MsgId: MMSG-26355]
vuser_init.c(46): Linking to "https://petstore.octoperf.com/actions/Account.action;jsessionid=F6A414EB6F06928B3EBFDA7676A09463?signonForm=", Target Frame=""  	[MsgId: MMSG-27994]
vuser_init.c(46): Resource "https://petstore.octoperf.com/css/jpetstore.css" is in the cache already and will not be downloaded again  	[MsgId: MMSG-26655]
vuser_init.c(46): Resource "https://petstore.octoperf.com/images/logo-topbar.svg" is in the cache already and will not be downloaded again  	[MsgId: MMSG-26655]
vuser_init.c(46): Resource "https://petstore.octoperf.com/images/cart.gif" is in the cache already and will not be downloaded again  	[MsgId: MMSG-26655]
vuser_init.c(46): Resource "https://petstore.octoperf.com/images/separator.gif" is in the cache already and will not be downloaded again  	[MsgId: MMSG-26655]
vuser_init.c(46): Resource "https://petstore.octoperf.com/images/sm_fish.gif" is in the cache already and will not be downloaded again  	[MsgId: MMSG-26655]
vuser_init.c(46): Resource "https://petstore.octoperf.com/images/sm_dogs.gif" is in the cache already and will not be downloaded again  	[MsgId: MMSG-26655]
vuser_init.c(46): Resource "https://petstore.octoperf.com/images/sm_reptiles.gif" is in the cache already and will not be downloaded again  	[MsgId: MMSG-26655]
vuser_init.c(46): Resource "https://petstore.octoperf.com/images/sm_cats.gif" is in the cache already and will not be downloaded again  	[MsgId: MMSG-26655]
vuser_init.c(46): Resource "https://petstore.octoperf.com/images/sm_birds.gif" is in the cache already and will not be downloaded again  	[MsgId: MMSG-26655]
vuser_init.c(46): Registered web_reg_find successful for "Text=Please enter your username and password" (count=1)  	[MsgId: MMSG-26364]
vuser_init.c(46): web_link("Sign In") was successful, 3860 body bytes, 225 header bytes  	[MsgId: MMSG-26386]
vuser_init.c(51): Notify: Transaction "PetStore_ClickOnSignIn_T03" ended with a "Pass" status (Duration: 0.1259 Wasted Time: 0.0000).	[MsgId: MMSG-16871]
Ending action vuser_init.	[MsgId: MMSG-15918]
Running Vuser...	[MsgId: MMSG-15964]
Starting iteration 1.	[MsgId: MMSG-15968]
Warning -27077: The "vuser_init" section contains web function(s) when the "Simulate a new user on each iteration" Runtime Setting is ON.  This may produce unpredictable results with multiple iterations  	[MsgId: MWAR-27077]
Maximum number of concurrent connections per server: 6  	[MsgId: MMSG-26989]
Starting action Login.	[MsgId: MMSG-15919]
Registration.c(15): Notify: Transaction "PetStore_ClickOnRegistration_T01" started.	[MsgId: MMSG-16999]
Registration.c(17): web_reg_find started  	[MsgId: MMSG-26355]
Registration.c(17): Registering web_reg_find was successful  	[MsgId: MMSG-26390]
Registration.c(20): web_link("Register Now!") started  	[MsgId: MMSG-26355]
Registration.c(20): Linking to "https://petstore.octoperf.com/actions/Account.action?newAccountForm=", Target Frame=""  	[MsgId: MMSG-27994]
Registration.c(20): Resource "https://petstore.octoperf.com/css/jpetstore.css" is in the cache already and will not be downloaded again  	[MsgId: MMSG-26655]
Registration.c(20): Resource "https://petstore.octoperf.com/images/logo-topbar.svg" is in the cache already and will not be downloaded again  	[MsgId: MMSG-26655]
Registration.c(20): Resource "https://petstore.octoperf.com/images/cart.gif" is in the cache already and will not be downloaded again  	[MsgId: MMSG-26655]
Registration.c(20): Resource "https://petstore.octoperf.com/images/separator.gif" is in the cache already and will not be downloaded again  	[MsgId: MMSG-26655]
Registration.c(20): Resource "https://petstore.octoperf.com/images/sm_fish.gif" is in the cache already and will not be downloaded again  	[MsgId: MMSG-26655]
Registration.c(20): Resource "https://petstore.octoperf.com/images/sm_dogs.gif" is in the cache already and will not be downloaded again  	[MsgId: MMSG-26655]
Registration.c(20): Resource "https://petstore.octoperf.com/images/sm_reptiles.gif" is in the cache already and will not be downloaded again  	[MsgId: MMSG-26655]
Registration.c(20): Resource "https://petstore.octoperf.com/images/sm_cats.gif" is in the cache already and will not be downloaded again  	[MsgId: MMSG-26655]
Registration.c(20): Resource "https://petstore.octoperf.com/images/sm_birds.gif" is in the cache already and will not be downloaded again  	[MsgId: MMSG-26655]
Registration.c(20): Registered web_reg_find successful for "Text=User Information" (count=1)  	[MsgId: MMSG-26364]
Registration.c(20): web_link("Register Now!") was successful, 5821 body bytes, 225 header bytes  	[MsgId: MMSG-26386]
Registration.c(25): Notify: Transaction "PetStore_ClickOnRegistration_T01" ended with a "Pass" status (Duration: 0.1260 Wasted Time: 0.0000).	[MsgId: MMSG-16871]
Registration.c(27): lr_think_time: 2.89 seconds (recorded think time was 5.00 seconds).	[MsgId: MMSG-15947]
Registration.c(29): Notify: Transaction "PetStore_SubmitRegistration_T02" started.	[MsgId: MMSG-16999]
Registration.c(31): web_reg_find started  	[MsgId: MMSG-26355]
Registration.c(31): Registering web_reg_find was successful  	[MsgId: MMSG-26390]
Registration.c(38): Notify: Saving Parameter "randomUsername = UBJJ".	[MsgId: MMSG-13798]
Registration.c(44): Notify: Saving Parameter "randompass = tzvp".	[MsgId: MMSG-13798]
Registration.c(58): Notify: Saving Parameter "randomFirstName = afkrf".	[MsgId: MMSG-13798]
Registration.c(59): Notify: Saving Parameter "randomLastName = ucibs".	[MsgId: MMSG-13798]
Registration.c(71): Notify: Saving Parameter "RandomPhone = :990809996".	[MsgId: MMSG-13798]
Registration.c(80): Notify: Saving Parameter "RandomZip = 575455".	[MsgId: MMSG-13798]
Registration.c(83): web_submit_form("Account.action") started  	[MsgId: MMSG-26355]
Registration.c(83): Notify: Parameter Substitution: parameter "randomUsername" =  "UBJJ"	[MsgId: MMSG-13992]
Registration.c(83): Notify: Parameter Substitution: parameter "randompass" =  "tzvp"	[MsgId: MMSG-13992]
Registration.c(83): Notify: Parameter Substitution: parameter "randompass" =  "tzvp"	[MsgId: MMSG-13992]
Registration.c(83): Notify: Parameter Substitution: parameter "randomFirstName" =  "afkrf"	[MsgId: MMSG-13992]
Registration.c(83): Notify: Parameter Substitution: parameter "randomLastName" =  "ucibs"	[MsgId: MMSG-13992]
Registration.c(83): Notify: Parameter Substitution: parameter "randomFirstName" =  "afkrf"	[MsgId: MMSG-13992]
Registration.c(83): Notify: Parameter Substitution: parameter "randomLastName" =  "ucibs"	[MsgId: MMSG-13992]
Registration.c(83): Notify: Parameter Substitution: parameter "RandomPhone" =  ":990809996"	[MsgId: MMSG-13992]
Registration.c(83): Notify: Parameter Substitution: parameter "RandomZip" =  "575455"	[MsgId: MMSG-13992]
Registration.c(83): Submitting form to "https://petstore.octoperf.com/actions/Account.action", Target Frame=""  	[MsgId: MMSG-27978]
Registration.c(83): Connection to petstore.octoperf.com:443 closed after being inactive for 62 seconds, exceeding the "HTTP Keep-Alive timeout" Runtime Setting (60 seconds). URL="[None]"  	[MsgId: MMSG-27647]
Starting iteration 1.	[MsgId: MMSG-15968]
Warning -27077: The "vuser_init" section contains web function(s) when the "Simulate a new user on each iteration" Runtime Setting is ON.  This may produce unpredictable results with multiple iterations  	[MsgId: MWAR-27077]
Maximum number of concurrent connections per server: 6  	[MsgId: MMSG-26989]
Starting action Login.	[MsgId: MMSG-15919]
Registration.c(15): Notify: Transaction "PetStore_ClickOnRegistration_T01" started.	[MsgId: MMSG-16999]
Registration.c(17): web_reg_find started  	[MsgId: MMSG-26355]
Registration.c(17): Registering web_reg_find was successful  	[MsgId: MMSG-26390]
Registration.c(20): web_link("Register Now!") started  	[MsgId: MMSG-26355]
Registration.c(20): Linking to "https://petstore.octoperf.com/actions/Account.action?newAccountForm=", Target Frame=""  	[MsgId: MMSG-27994]
Registration.c(20): Resource "https://petstore.octoperf.com/css/jpetstore.css" is in the cache already and will not be downloaded again  	[MsgId: MMSG-26655]
Registration.c(20): Resource "https://petstore.octoperf.com/images/logo-topbar.svg" is in the cache already and will not be downloaded again  	[MsgId: MMSG-26655]
Registration.c(20): Resource "https://petstore.octoperf.com/images/cart.gif" is in the cache already and will not be downloaded again  	[MsgId: MMSG-26655]
Registration.c(20): Resource "https://petstore.octoperf.com/images/separator.gif" is in the cache already and will not be downloaded again  	[MsgId: MMSG-26655]
Registration.c(20): Resource "https://petstore.octoperf.com/images/sm_fish.gif" is in the cache already and will not be downloaded again  	[MsgId: MMSG-26655]
Registration.c(20): Resource "https://petstore.octoperf.com/images/sm_dogs.gif" is in the cache already and will not be downloaded again  	[MsgId: MMSG-26655]
Registration.c(20): Resource "https://petstore.octoperf.com/images/sm_reptiles.gif" is in the cache already and will not be downloaded again  	[MsgId: MMSG-26655]
Registration.c(20): Resource "https://petstore.octoperf.com/images/sm_cats.gif" is in the cache already and will not be downloaded again  	[MsgId: MMSG-26655]
Registration.c(20): Resource "https://petstore.octoperf.com/images/sm_birds.gif" is in the cache already and will not be downloaded again  	[MsgId: MMSG-26655]
Registration.c(20): Registered web_reg_find successful for "Text=User Information" (count=1)  	[MsgId: MMSG-26364]
Registration.c(20): web_link("Register Now!") was successful, 5819 body bytes, 225 header bytes  	[MsgId: MMSG-26386]
Registration.c(25): Notify: Transaction "PetStore_ClickOnRegistration_T01" ended with a "Pass" status (Duration: 0.1277 Wasted Time: 0.0000).	[MsgId: MMSG-16871]
Registration.c(27): lr_think_time: 2.82 seconds (recorded think time was 5.00 seconds).	[MsgId: MMSG-15947]
Registration.c(83): Redirecting "https://petstore.octoperf.com/actions/Account.action" (redirection depth is 0)  	[MsgId: MMSG-26694]
Registration.c(83): To location "https://petstore.octoperf.com/actions/Catalog.action"  	[MsgId: MMSG-26693]
Registration.c(83): Resource "https://petstore.octoperf.com/css/jpetstore.css" is in the cache already and will not be downloaded again  	[MsgId: MMSG-26655]
Registration.c(83): Resource "https://petstore.octoperf.com/images/logo-topbar.svg" is in the cache already and will not be downloaded again  	[MsgId: MMSG-26655]
Registration.c(83): Resource "https://petstore.octoperf.com/images/cart.gif" is in the cache already and will not be downloaded again  	[MsgId: MMSG-26655]
Registration.c(83): Resource "https://petstore.octoperf.com/images/separator.gif" is in the cache already and will not be downloaded again  	[MsgId: MMSG-26655]
Registration.c(83): Resource "https://petstore.octoperf.com/images/sm_fish.gif" is in the cache already and will not be downloaded again  	[MsgId: MMSG-26655]
Registration.c(83): Resource "https://petstore.octoperf.com/images/sm_dogs.gif" is in the cache already and will not be downloaded again  	[MsgId: MMSG-26655]
Registration.c(83): Resource "https://petstore.octoperf.com/images/sm_reptiles.gif" is in the cache already and will not be downloaded again  	[MsgId: MMSG-26655]
Registration.c(83): Resource "https://petstore.octoperf.com/images/sm_cats.gif" is in the cache already and will not be downloaded again  	[MsgId: MMSG-26655]
Registration.c(83): Resource "https://petstore.octoperf.com/images/sm_birds.gif" is in the cache already and will not be downloaded again  	[MsgId: MMSG-26655]
Registration.c(83): Resource "https://petstore.octoperf.com/images/fish_icon.gif" is in the cache already and will not be downloaded again  	[MsgId: MMSG-26655]
Registration.c(83): Resource "https://petstore.octoperf.com/images/dogs_icon.gif" is in the cache already and will not be downloaded again  	[MsgId: MMSG-26655]
Registration.c(83): Resource "https://petstore.octoperf.com/images/cats_icon.gif" is in the cache already and will not be downloaded again  	[MsgId: MMSG-26655]
Registration.c(83): Resource "https://petstore.octoperf.com/images/reptiles_icon.gif" is in the cache already and will not be downloaded again  	[MsgId: MMSG-26655]
Registration.c(83): Resource "https://petstore.octoperf.com/images/birds_icon.gif" is in the cache already and will not be downloaded again  	[MsgId: MMSG-26655]
Registration.c(83): Resource "https://petstore.octoperf.com/images/splash.gif" is in the cache already and will not be downloaded again  	[MsgId: MMSG-26655]
Registration.c(83): Registered web_reg_find successful for "Text=Elevate you load-testing" (count=1)  	[MsgId: MMSG-26364]
Registration.c(83): web_submit_form("Account.action") was successful, 4736 body bytes, 443 header bytes  	[MsgId: MMSG-26386]
Registration.c(105): Notify: Transaction "PetStore_SubmitRegistration_T02" ended with a "Pass" status (Duration: 0.7960 Wasted Time: 0.0000).	[MsgId: MMSG-16871]
Registration.c(107): lr_think_time: 3.19 seconds (recorded think time was 5.00 seconds).	[MsgId: MMSG-15947]
Registration.c(29): Notify: Transaction "PetStore_SubmitRegistration_T02" started.	[MsgId: MMSG-16999]
Registration.c(31): web_reg_find started  	[MsgId: MMSG-26355]
Registration.c(31): Registering web_reg_find was successful  	[MsgId: MMSG-26390]
Registration.c(38): Notify: Saving Parameter "randomUsername = EZZH".	[MsgId: MMSG-13798]
Registration.c(44): Notify: Saving Parameter "randompass = obyv".	[MsgId: MMSG-13798]
Registration.c(58): Notify: Saving Parameter "randomFirstName = wvjtb".	[MsgId: MMSG-13798]
Registration.c(59): Notify: Saving Parameter "randomLastName = rcgvk".	[MsgId: MMSG-13798]
Registration.c(71): Notify: Saving Parameter "RandomPhone = 9977560797".	[MsgId: MMSG-13798]
Registration.c(80): Notify: Saving Parameter "RandomZip = 668807".	[MsgId: MMSG-13798]
Registration.c(83): web_submit_form("Account.action") started  	[MsgId: MMSG-26355]
Registration.c(83): Notify: Parameter Substitution: parameter "randomUsername" =  "EZZH"	[MsgId: MMSG-13992]
Registration.c(83): Notify: Parameter Substitution: parameter "randompass" =  "obyv"	[MsgId: MMSG-13992]
Registration.c(83): Notify: Parameter Substitution: parameter "randompass" =  "obyv"	[MsgId: MMSG-13992]
Registration.c(83): Notify: Parameter Substitution: parameter "randomFirstName" =  "wvjtb"	[MsgId: MMSG-13992]
Registration.c(83): Notify: Parameter Substitution: parameter "randomLastName" =  "rcgvk"	[MsgId: MMSG-13992]
Registration.c(83): Notify: Parameter Substitution: parameter "randomFirstName" =  "wvjtb"	[MsgId: MMSG-13992]
Registration.c(83): Notify: Parameter Substitution: parameter "randomLastName" =  "rcgvk"	[MsgId: MMSG-13992]
Registration.c(83): Notify: Parameter Substitution: parameter "RandomPhone" =  "9977560797"	[MsgId: MMSG-13992]
Registration.c(83): Notify: Parameter Substitution: parameter "RandomZip" =  "668807"	[MsgId: MMSG-13992]
Registration.c(83): Submitting form to "https://petstore.octoperf.com/actions/Account.action", Target Frame=""  	[MsgId: MMSG-27978]
Registration.c(83): Connection to petstore.octoperf.com:443 closed after being inactive for 62 seconds, exceeding the "HTTP Keep-Alive timeout" Runtime Setting (60 seconds). URL="[None]"  	[MsgId: MMSG-27647]
Registration.c(83): Redirecting "https://petstore.octoperf.com/actions/Account.action" (redirection depth is 0)  	[MsgId: MMSG-26694]
Registration.c(83): To location "https://petstore.octoperf.com/actions/Catalog.action"  	[MsgId: MMSG-26693]
Registration.c(83): Resource "https://petstore.octoperf.com/css/jpetstore.css" is in the cache already and will not be downloaded again  	[MsgId: MMSG-26655]
Registration.c(83): Resource "https://petstore.octoperf.com/images/logo-topbar.svg" is in the cache already and will not be downloaded again  	[MsgId: MMSG-26655]
Registration.c(83): Resource "https://petstore.octoperf.com/images/cart.gif" is in the cache already and will not be downloaded again  	[MsgId: MMSG-26655]
Registration.c(83): Resource "https://petstore.octoperf.com/images/separator.gif" is in the cache already and will not be downloaded again  	[MsgId: MMSG-26655]
Registration.c(83): Resource "https://petstore.octoperf.com/images/sm_fish.gif" is in the cache already and will not be downloaded again  	[MsgId: MMSG-26655]
Registration.c(83): Resource "https://petstore.octoperf.com/images/sm_dogs.gif" is in the cache already and will not be downloaded again  	[MsgId: MMSG-26655]
Registration.c(83): Resource "https://petstore.octoperf.com/images/sm_reptiles.gif" is in the cache already and will not be downloaded again  	[MsgId: MMSG-26655]
Registration.c(83): Resource "https://petstore.octoperf.com/images/sm_cats.gif" is in the cache already and will not be downloaded again  	[MsgId: MMSG-26655]
Registration.c(83): Resource "https://petstore.octoperf.com/images/sm_birds.gif" is in the cache already and will not be downloaded again  	[MsgId: MMSG-26655]
Registration.c(83): Resource "https://petstore.octoperf.com/images/fish_icon.gif" is in the cache already and will not be downloaded again  	[MsgId: MMSG-26655]
Registration.c(83): Resource "https://petstore.octoperf.com/images/dogs_icon.gif" is in the cache already and will not be downloaded again  	[MsgId: MMSG-26655]
Registration.c(83): Resource "https://petstore.octoperf.com/images/cats_icon.gif" is in the cache already and will not be downloaded again  	[MsgId: MMSG-26655]
Registration.c(83): Resource "https://petstore.octoperf.com/images/reptiles_icon.gif" is in the cache already and will not be downloaded again  	[MsgId: MMSG-26655]
Registration.c(83): Resource "https://petstore.octoperf.com/images/birds_icon.gif" is in the cache already and will not be downloaded again  	[MsgId: MMSG-26655]
Registration.c(83): Resource "https://petstore.octoperf.com/images/splash.gif" is in the cache already and will not be downloaded again  	[MsgId: MMSG-26655]
Registration.c(83): Registered web_reg_find successful for "Text=Elevate you load-testing" (count=1)  	[MsgId: MMSG-26364]
Registration.c(83): web_submit_form("Account.action") was successful, 4736 body bytes, 443 header bytes  	[MsgId: MMSG-26386]
Registration.c(105): Notify: Transaction "PetStore_SubmitRegistration_T02" ended with a "Pass" status (Duration: 0.7956 Wasted Time: 0.0000).	[MsgId: MMSG-16871]
Registration.c(107): lr_think_time: 3.35 seconds (recorded think time was 5.00 seconds).	[MsgId: MMSG-15947]
Registration.c(109): Notify: Transaction "PetStore_SignOut_T03" started.	[MsgId: MMSG-16999]
Registration.c(111): web_reg_find started  	[MsgId: MMSG-26355]
Registration.c(111): Registering web_reg_find was successful  	[MsgId: MMSG-26390]
Registration.c(114): web_url("Account.action_2") started  	[MsgId: MMSG-26355]
Registration.c(114): Redirecting "https://petstore.octoperf.com/actions/Account.action?signoff=" (redirection depth is 0)  	[MsgId: MMSG-26694]
Registration.c(114): To location "https://petstore.octoperf.com/actions/Catalog.action"  	[MsgId: MMSG-26693]
Registration.c(114): Resource "https://petstore.octoperf.com/css/jpetstore.css" is in the cache already and will not be downloaded again  	[MsgId: MMSG-26655]
Registration.c(114): Resource "https://petstore.octoperf.com/images/logo-topbar.svg" is in the cache already and will not be downloaded again  	[MsgId: MMSG-26655]
Registration.c(114): Resource "https://petstore.octoperf.com/images/cart.gif" is in the cache already and will not be downloaded again  	[MsgId: MMSG-26655]
Registration.c(114): Resource "https://petstore.octoperf.com/images/separator.gif" is in the cache already and will not be downloaded again  	[MsgId: MMSG-26655]
Registration.c(114): Resource "https://petstore.octoperf.com/images/sm_fish.gif" is in the cache already and will not be downloaded again  	[MsgId: MMSG-26655]
Registration.c(114): Resource "https://petstore.octoperf.com/images/sm_dogs.gif" is in the cache already and will not be downloaded again  	[MsgId: MMSG-26655]
Registration.c(114): Resource "https://petstore.octoperf.com/images/sm_reptiles.gif" is in the cache already and will not be downloaded again  	[MsgId: MMSG-26655]
Registration.c(114): Resource "https://petstore.octoperf.com/images/sm_cats.gif" is in the cache already and will not be downloaded again  	[MsgId: MMSG-26655]
Registration.c(114): Resource "https://petstore.octoperf.com/images/sm_birds.gif" is in the cache already and will not be downloaded again  	[MsgId: MMSG-26655]
Registration.c(114): Resource "https://petstore.octoperf.com/images/fish_icon.gif" is in the cache already and will not be downloaded again  	[MsgId: MMSG-26655]
Registration.c(114): Resource "https://petstore.octoperf.com/images/dogs_icon.gif" is in the cache already and will not be downloaded again  	[MsgId: MMSG-26655]
Registration.c(114): Resource "https://petstore.octoperf.com/images/cats_icon.gif" is in the cache already and will not be downloaded again  	[MsgId: MMSG-26655]
Registration.c(114): Resource "https://petstore.octoperf.com/images/reptiles_icon.gif" is in the cache already and will not be downloaded again  	[MsgId: MMSG-26655]
Registration.c(114): Resource "https://petstore.octoperf.com/images/birds_icon.gif" is in the cache already and will not be downloaded again  	[MsgId: MMSG-26655]
Registration.c(114): Resource "https://petstore.octoperf.com/images/splash.gif" is in the cache already and will not be downloaded again  	[MsgId: MMSG-26655]
Registration.c(114): Registered web_reg_find successful for "Text=Sign In" (count=1)  	[MsgId: MMSG-26364]
Registration.c(114): web_url("Account.action_2") was successful, 4736 body bytes, 518 header bytes  	[MsgId: MMSG-26386]
Registration.c(123): Notify: Transaction "PetStore_SignOut_T03" ended with a "Pass" status (Duration: 0.2497 Wasted Time: 0.0000).	[MsgId: MMSG-16871]
Login.c(4): Notify: Transaction "PetStore_ClickOnSignIn_T01" started.	[MsgId: MMSG-16999]
Login.c(6): web_reg_find started  	[MsgId: MMSG-26355]
Login.c(6): Registering web_reg_find was successful  	[MsgId: MMSG-26390]
Login.c(9): web_link("Sign In") started  	[MsgId: MMSG-26355]
Login.c(9): Linking to "https://petstore.octoperf.com/actions/Account.action?signonForm=", Target Frame=""  	[MsgId: MMSG-27994]
Login.c(9): Resource "https://petstore.octoperf.com/css/jpetstore.css" is in the cache already and will not be downloaded again  	[MsgId: MMSG-26655]
Login.c(9): Resource "https://petstore.octoperf.com/images/logo-topbar.svg" is in the cache already and will not be downloaded again  	[MsgId: MMSG-26655]
Login.c(9): Resource "https://petstore.octoperf.com/images/cart.gif" is in the cache already and will not be downloaded again  	[MsgId: MMSG-26655]
Login.c(9): Resource "https://petstore.octoperf.com/images/separator.gif" is in the cache already and will not be downloaded again  	[MsgId: MMSG-26655]
Login.c(9): Resource "https://petstore.octoperf.com/images/sm_fish.gif" is in the cache already and will not be downloaded again  	[MsgId: MMSG-26655]
Login.c(9): Resource "https://petstore.octoperf.com/images/sm_dogs.gif" is in the cache already and will not be downloaded again  	[MsgId: MMSG-26655]
Login.c(9): Resource "https://petstore.octoperf.com/images/sm_reptiles.gif" is in the cache already and will not be downloaded again  	[MsgId: MMSG-26655]
Login.c(9): Resource "https://petstore.octoperf.com/images/sm_cats.gif" is in the cache already and will not be downloaded again  	[MsgId: MMSG-26655]
Login.c(9): Resource "https://petstore.octoperf.com/images/sm_birds.gif" is in the cache already and will not be downloaded again  	[MsgId: MMSG-26655]
Login.c(9): Registered web_reg_find successful for "Text=Please enter your username and password" (count=1)  	[MsgId: MMSG-26364]
Login.c(9): web_link("Sign In") was successful, 3856 body bytes, 225 header bytes  	[MsgId: MMSG-26386]
Login.c(13): Notify: Transaction "PetStore_ClickOnSignIn_T01" ended with a "Pass" status (Duration: 0.1254 Wasted Time: 0.0000).	[MsgId: MMSG-16871]
Login.c(15): lr_think_time: 4.63 seconds (recorded think time was 5.00 seconds).	[MsgId: MMSG-15947]
Starting iteration 1.	[MsgId: MMSG-15968]
Warning -27077: The "vuser_init" section contains web function(s) when the "Simulate a new user on each iteration" Runtime Setting is ON.  This may produce unpredictable results with multiple iterations  	[MsgId: MWAR-27077]
Maximum number of concurrent connections per server: 6  	[MsgId: MMSG-26989]
Starting action Login.	[MsgId: MMSG-15919]
Registration.c(15): Notify: Transaction "PetStore_ClickOnRegistration_T01" started.	[MsgId: MMSG-16999]
Registration.c(17): web_reg_find started  	[MsgId: MMSG-26355]
Registration.c(17): Registering web_reg_find was successful  	[MsgId: MMSG-26390]
Registration.c(20): web_link("Register Now!") started  	[MsgId: MMSG-26355]
Registration.c(20): Linking to "https://petstore.octoperf.com/actions/Account.action?newAccountForm=", Target Frame=""  	[MsgId: MMSG-27994]
Registration.c(20): Resource "https://petstore.octoperf.com/css/jpetstore.css" is in the cache already and will not be downloaded again  	[MsgId: MMSG-26655]
Registration.c(20): Resource "https://petstore.octoperf.com/images/logo-topbar.svg" is in the cache already and will not be downloaded again  	[MsgId: MMSG-26655]
Registration.c(20): Resource "https://petstore.octoperf.com/images/cart.gif" is in the cache already and will not be downloaded again  	[MsgId: MMSG-26655]
Registration.c(20): Resource "https://petstore.octoperf.com/images/separator.gif" is in the cache already and will not be downloaded again  	[MsgId: MMSG-26655]
Registration.c(20): Resource "https://petstore.octoperf.com/images/sm_fish.gif" is in the cache already and will not be downloaded again  	[MsgId: MMSG-26655]
Registration.c(20): Resource "https://petstore.octoperf.com/images/sm_dogs.gif" is in the cache already and will not be downloaded again  	[MsgId: MMSG-26655]
Registration.c(20): Resource "https://petstore.octoperf.com/images/sm_reptiles.gif" is in the cache already and will not be downloaded again  	[MsgId: MMSG-26655]
Registration.c(20): Resource "https://petstore.octoperf.com/images/sm_cats.gif" is in the cache already and will not be downloaded again  	[MsgId: MMSG-26655]
Registration.c(20): Resource "https://petstore.octoperf.com/images/sm_birds.gif" is in the cache already and will not be downloaded again  	[MsgId: MMSG-26655]
Registration.c(20): Registered web_reg_find successful for "Text=User Information" (count=1)  	[MsgId: MMSG-26364]
Registration.c(20): web_link("Register Now!") was successful, 5821 body bytes, 225 header bytes  	[MsgId: MMSG-26386]
Registration.c(25): Notify: Transaction "PetStore_ClickOnRegistration_T01" ended with a "Pass" status (Duration: 0.1270 Wasted Time: 0.0000).	[MsgId: MMSG-16871]
Registration.c(27): lr_think_time: 3.79 seconds (recorded think time was 5.00 seconds).	[MsgId: MMSG-15947]
Registration.c(109): Notify: Transaction "PetStore_SignOut_T03" started.	[MsgId: MMSG-16999]
Registration.c(111): web_reg_find started  	[MsgId: MMSG-26355]
Registration.c(111): Registering web_reg_find was successful  	[MsgId: MMSG-26390]
Registration.c(114): web_url("Account.action_2") started  	[MsgId: MMSG-26355]
Registration.c(114): Redirecting "https://petstore.octoperf.com/actions/Account.action?signoff=" (redirection depth is 0)  	[MsgId: MMSG-26694]
Registration.c(114): To location "https://petstore.octoperf.com/actions/Catalog.action"  	[MsgId: MMSG-26693]
Registration.c(114): Resource "https://petstore.octoperf.com/css/jpetstore.css" is in the cache already and will not be downloaded again  	[MsgId: MMSG-26655]
Registration.c(114): Resource "https://petstore.octoperf.com/images/logo-topbar.svg" is in the cache already and will not be downloaded again  	[MsgId: MMSG-26655]
Registration.c(114): Resource "https://petstore.octoperf.com/images/cart.gif" is in the cache already and will not be downloaded again  	[MsgId: MMSG-26655]
Registration.c(114): Resource "https://petstore.octoperf.com/images/separator.gif" is in the cache already and will not be downloaded again  	[MsgId: MMSG-26655]
Registration.c(114): Resource "https://petstore.octoperf.com/images/sm_fish.gif" is in the cache already and will not be downloaded again  	[MsgId: MMSG-26655]
Registration.c(114): Resource "https://petstore.octoperf.com/images/sm_dogs.gif" is in the cache already and will not be downloaded again  	[MsgId: MMSG-26655]
Registration.c(114): Resource "https://petstore.octoperf.com/images/sm_reptiles.gif" is in the cache already and will not be downloaded again  	[MsgId: MMSG-26655]
Registration.c(114): Resource "https://petstore.octoperf.com/images/sm_cats.gif" is in the cache already and will not be downloaded again  	[MsgId: MMSG-26655]
Registration.c(114): Resource "https://petstore.octoperf.com/images/sm_birds.gif" is in the cache already and will not be downloaded again  	[MsgId: MMSG-26655]
Registration.c(114): Resource "https://petstore.octoperf.com/images/fish_icon.gif" is in the cache already and will not be downloaded again  	[MsgId: MMSG-26655]
Registration.c(114): Resource "https://petstore.octoperf.com/images/dogs_icon.gif" is in the cache already and will not be downloaded again  	[MsgId: MMSG-26655]
Registration.c(114): Resource "https://petstore.octoperf.com/images/cats_icon.gif" is in the cache already and will not be downloaded again  	[MsgId: MMSG-26655]
Registration.c(114): Resource "https://petstore.octoperf.com/images/reptiles_icon.gif" is in the cache already and will not be downloaded again  	[MsgId: MMSG-26655]
Registration.c(114): Resource "https://petstore.octoperf.com/images/birds_icon.gif" is in the cache already and will not be downloaded again  	[MsgId: MMSG-26655]
Registration.c(114): Resource "https://petstore.octoperf.com/images/splash.gif" is in the cache already and will not be downloaded again  	[MsgId: MMSG-26655]
Registration.c(114): Registered web_reg_find successful for "Text=Sign In" (count=1)  	[MsgId: MMSG-26364]
Registration.c(114): web_url("Account.action_2") was successful, 4736 body bytes, 518 header bytes  	[MsgId: MMSG-26386]
Registration.c(123): Notify: Transaction "PetStore_SignOut_T03" ended with a "Pass" status (Duration: 0.2495 Wasted Time: 0.0000).	[MsgId: MMSG-16871]
Login.c(4): Notify: Transaction "PetStore_ClickOnSignIn_T01" started.	[MsgId: MMSG-16999]
Login.c(6): web_reg_find started  	[MsgId: MMSG-26355]
Login.c(6): Registering web_reg_find was successful  	[MsgId: MMSG-26390]
Login.c(9): web_link("Sign In") started  	[MsgId: MMSG-26355]
Login.c(9): Linking to "https://petstore.octoperf.com/actions/Account.action?signonForm=", Target Frame=""  	[MsgId: MMSG-27994]
Login.c(9): Resource "https://petstore.octoperf.com/css/jpetstore.css" is in the cache already and will not be downloaded again  	[MsgId: MMSG-26655]
Login.c(9): Resource "https://petstore.octoperf.com/images/logo-topbar.svg" is in the cache already and will not be downloaded again  	[MsgId: MMSG-26655]
Login.c(9): Resource "https://petstore.octoperf.com/images/cart.gif" is in the cache already and will not be downloaded again  	[MsgId: MMSG-26655]
Login.c(9): Resource "https://petstore.octoperf.com/images/separator.gif" is in the cache already and will not be downloaded again  	[MsgId: MMSG-26655]
Login.c(9): Resource "https://petstore.octoperf.com/images/sm_fish.gif" is in the cache already and will not be downloaded again  	[MsgId: MMSG-26655]
Login.c(9): Resource "https://petstore.octoperf.com/images/sm_dogs.gif" is in the cache already and will not be downloaded again  	[MsgId: MMSG-26655]
Login.c(9): Resource "https://petstore.octoperf.com/images/sm_reptiles.gif" is in the cache already and will not be downloaded again  	[MsgId: MMSG-26655]
Login.c(9): Resource "https://petstore.octoperf.com/images/sm_cats.gif" is in the cache already and will not be downloaded again  	[MsgId: MMSG-26655]
Login.c(9): Resource "https://petstore.octoperf.com/images/sm_birds.gif" is in the cache already and will not be downloaded again  	[MsgId: MMSG-26655]
Login.c(9): Registered web_reg_find successful for "Text=Please enter your username and password" (count=1)  	[MsgId: MMSG-26364]
Login.c(9): web_link("Sign In") was successful, 3856 body bytes, 225 header bytes  	[MsgId: MMSG-26386]
Login.c(13): Notify: Transaction "PetStore_ClickOnSignIn_T01" ended with a "Pass" status (Duration: 0.1252 Wasted Time: 0.0000).	[MsgId: MMSG-16871]
Login.c(15): lr_think_time: 3.73 seconds (recorded think time was 5.00 seconds).	[MsgId: MMSG-15947]
Login.c(17): Notify: Transaction "PetStore_Login_T01" started.	[MsgId: MMSG-16999]
Login.c(18): web_reg_find started  	[MsgId: MMSG-26355]
Login.c(18): Registering web_reg_find was successful  	[MsgId: MMSG-26390]
Login.c(20): web_reg_save_param_regexp started  	[MsgId: MMSG-26355]
Login.c(20): Registering web_reg_save_param_regexp was successful  	[MsgId: MMSG-26390]
Login.c(26): web_submit_form("Account.action") started  	[MsgId: MMSG-26355]
Login.c(26): Notify: Parameter Substitution: parameter "randomUsername" =  "UBJJ"	[MsgId: MMSG-13992]
Login.c(26): Notify: Parameter Substitution: parameter "randompass" =  "tzvp"	[MsgId: MMSG-13992]
Login.c(26): Submitting form to "https://petstore.octoperf.com/actions/Account.action", Target Frame=""  	[MsgId: MMSG-27978]
Login.c(26): Redirecting "https://petstore.octoperf.com/actions/Account.action" (redirection depth is 0)  	[MsgId: MMSG-26694]
Login.c(26): To location "https://petstore.octoperf.com/actions/Catalog.action"  	[MsgId: MMSG-26693]
Login.c(26): Resource "https://petstore.octoperf.com/css/jpetstore.css" is in the cache already and will not be downloaded again  	[MsgId: MMSG-26655]
Login.c(26): Resource "https://petstore.octoperf.com/images/logo-topbar.svg" is in the cache already and will not be downloaded again  	[MsgId: MMSG-26655]
Login.c(26): Resource "https://petstore.octoperf.com/images/cart.gif" is in the cache already and will not be downloaded again  	[MsgId: MMSG-26655]
Login.c(26): Resource "https://petstore.octoperf.com/images/separator.gif" is in the cache already and will not be downloaded again  	[MsgId: MMSG-26655]
Login.c(26): Resource "https://petstore.octoperf.com/images/sm_fish.gif" is in the cache already and will not be downloaded again  	[MsgId: MMSG-26655]
Login.c(26): Resource "https://petstore.octoperf.com/images/sm_dogs.gif" is in the cache already and will not be downloaded again  	[MsgId: MMSG-26655]
Login.c(26): Resource "https://petstore.octoperf.com/images/sm_reptiles.gif" is in the cache already and will not be downloaded again  	[MsgId: MMSG-26655]
Login.c(26): Resource "https://petstore.octoperf.com/images/sm_cats.gif" is in the cache already and will not be downloaded again  	[MsgId: MMSG-26655]
Login.c(26): Resource "https://petstore.octoperf.com/images/sm_birds.gif" is in the cache already and will not be downloaded again  	[MsgId: MMSG-26655]
Login.c(26): Resource "https://petstore.octoperf.com/images/fish_icon.gif" is in the cache already and will not be downloaded again  	[MsgId: MMSG-26655]
Login.c(26): Resource "https://petstore.octoperf.com/images/dogs_icon.gif" is in the cache already and will not be downloaded again  	[MsgId: MMSG-26655]
Login.c(26): Resource "https://petstore.octoperf.com/images/cats_icon.gif" is in the cache already and will not be downloaded again  	[MsgId: MMSG-26655]
Login.c(26): Resource "https://petstore.octoperf.com/images/reptiles_icon.gif" is in the cache already and will not be downloaded again  	[MsgId: MMSG-26655]
Login.c(26): Resource "https://petstore.octoperf.com/images/birds_icon.gif" is in the cache already and will not be downloaded again  	[MsgId: MMSG-26655]
Login.c(26): Resource "https://petstore.octoperf.com/images/splash.gif" is in the cache already and will not be downloaded again  	[MsgId: MMSG-26655]
Login.c(26): Found resource "https://petstore.octoperf.com/images/banner_fish.gif" in HTML "https://petstore.octoperf.com/actions/Catalog.action"  	[MsgId: MMSG-26659]
Login.c(26): Notify: Saving Parameter "ProductName_1 = BIRDS".	[MsgId: MMSG-13798]
Login.c(26): Notify: Saving Parameter "ProductName_2 = FISH".	[MsgId: MMSG-13798]
Login.c(26): Notify: Saving Parameter "ProductName_3 = DOGS".	[MsgId: MMSG-13798]
Login.c(26): Notify: Saving Parameter "ProductName_4 = REPTILES".	[MsgId: MMSG-13798]
Login.c(26): Notify: Saving Parameter "ProductName_5 = CATS".	[MsgId: MMSG-13798]
Login.c(26): Notify: Saving Parameter "ProductName_6 = BIRDS".	[MsgId: MMSG-13798]
Login.c(26): Notify: Saving Parameter "ProductName_count = 6".	[MsgId: MMSG-13798]
Login.c(26): Registered web_reg_find successful for "Text=My Account" (count=1)  	[MsgId: MMSG-26364]
Login.c(26): web_submit_form("Account.action") was successful, 11416 body bytes, 727 header bytes  	[MsgId: MMSG-26386]
Login.c(34): Notify: Transaction "PetStore_Login_T01" ended with a "Pass" status (Duration: 0.4983 Wasted Time: 0.0004).	[MsgId: MMSG-16871]
Ending action Login.	[MsgId: MMSG-15918]
Starting action CheckOutThProduct.	[MsgId: MMSG-15919]
AddToCard.c(8): Notify: Transaction "PetStore_AddAproduct_T01" started.	[MsgId: MMSG-16999]
AddToCard.c(11): Notify: Parameter Substitution: parameter "ProductName_count" =  "6"	[MsgId: MMSG-13992]
AddToCard.c(12): Notify: Parameter Substitution: parameter "ProductName_2" =  "FISH"	[MsgId: MMSG-13992]
AddToCard.c(14): Notify: Saving Parameter "RandCategory = FISH".	[MsgId: MMSG-13798]
AddToCard.c(15): Notify: Parameter Substitution: parameter "RandCategory" =  "FISH"	[MsgId: MMSG-13992]
AddToCard.c(15): Random category selected in Action2 = FISH	[MsgId: MMSG-17999]
AddToCard.c(17): web_reg_find started  	[MsgId: MMSG-26355]
AddToCard.c(17): Notify: Parameter Substitution: parameter "RandCategory" =  "FISH"	[MsgId: MMSG-13992]
AddToCard.c(17): Registering web_reg_find was successful  	[MsgId: MMSG-26390]
AddToCard.c(20): web_reg_save_param_regexp started  	[MsgId: MMSG-26355]
AddToCard.c(20): Registering web_reg_save_param_regexp was successful  	[MsgId: MMSG-26390]
AddToCard.c(27): web_url("Catalog.action_2") started  	[MsgId: MMSG-26355]
AddToCard.c(27): Notify: Parameter Substitution: parameter "RandCategory" =  "FISH"	[MsgId: MMSG-13992]
AddToCard.c(27): Resource "https://petstore.octoperf.com/css/jpetstore.css" is in the cache already and will not be downloaded again  	[MsgId: MMSG-26655]
AddToCard.c(27): Resource "https://petstore.octoperf.com/images/logo-topbar.svg" is in the cache already and will not be downloaded again  	[MsgId: MMSG-26655]
AddToCard.c(27): Resource "https://petstore.octoperf.com/images/cart.gif" is in the cache already and will not be downloaded again  	[MsgId: MMSG-26655]
AddToCard.c(27): Resource "https://petstore.octoperf.com/images/separator.gif" is in the cache already and will not be downloaded again  	[MsgId: MMSG-26655]
AddToCard.c(27): Resource "https://petstore.octoperf.com/images/sm_fish.gif" is in the cache already and will not be downloaded again  	[MsgId: MMSG-26655]
AddToCard.c(27): Resource "https://petstore.octoperf.com/images/sm_dogs.gif" is in the cache already and will not be downloaded again  	[MsgId: MMSG-26655]
AddToCard.c(27): Resource "https://petstore.octoperf.com/images/sm_reptiles.gif" is in the cache already and will not be downloaded again  	[MsgId: MMSG-26655]
AddToCard.c(27): Resource "https://petstore.octoperf.com/images/sm_cats.gif" is in the cache already and will not be downloaded again  	[MsgId: MMSG-26655]
AddToCard.c(27): Resource "https://petstore.octoperf.com/images/sm_birds.gif" is in the cache already and will not be downloaded again  	[MsgId: MMSG-26655]
AddToCard.c(27): Resource "https://petstore.octoperf.com/images/banner_fish.gif" is in the cache already and will not be downloaded again  	[MsgId: MMSG-26655]
AddToCard.c(27): Notify: Saving Parameter "productId_1 = FI-SW-01".	[MsgId: MMSG-13798]
AddToCard.c(27): Notify: Saving Parameter "productId_2 = FI-SW-02".	[MsgId: MMSG-13798]
AddToCard.c(27): Notify: Saving Parameter "productId_3 = FI-FW-01".	[MsgId: MMSG-13798]
AddToCard.c(27): Notify: Saving Parameter "productId_4 = FI-FW-02".	[MsgId: MMSG-13798]
AddToCard.c(27): Notify: Saving Parameter "productId_count = 4".	[MsgId: MMSG-13798]
AddToCard.c(27): Registered web_reg_find successful for "Text=FISH" (count=1)  	[MsgId: MMSG-26364]
AddToCard.c(27): web_url("Catalog.action_2") was successful, 3887 body bytes, 225 header bytes  	[MsgId: MMSG-26386]
AddToCard.c(36): Notify: Transaction "PetStore_AddAproduct_T01" ended with a "Pass" status (Duration: 0.1254 Wasted Time: 0.0004).	[MsgId: MMSG-16871]
AddToCard.c(38): lr_think_time: 4.90 seconds (recorded think time was 5.00 seconds).	[MsgId: MMSG-15947]
Registration.c(29): Notify: Transaction "PetStore_SubmitRegistration_T02" started.	[MsgId: MMSG-16999]
Registration.c(31): web_reg_find started  	[MsgId: MMSG-26355]
Registration.c(31): Registering web_reg_find was successful  	[MsgId: MMSG-26390]
Registration.c(38): Notify: Saving Parameter "randomUsername = YTOD".	[MsgId: MMSG-13798]
Registration.c(44): Notify: Saving Parameter "randompass = gyxq".	[MsgId: MMSG-13798]
Registration.c(58): Notify: Saving Parameter "randomFirstName = ijfxu".	[MsgId: MMSG-13798]
Registration.c(59): Notify: Saving Parameter "randomLastName = ddlbd".	[MsgId: MMSG-13798]
Registration.c(71): Notify: Saving Parameter "RandomPhone = ;546054487".	[MsgId: MMSG-13798]
Registration.c(80): Notify: Saving Parameter "RandomZip = 856721".	[MsgId: MMSG-13798]
Registration.c(83): web_submit_form("Account.action") started  	[MsgId: MMSG-26355]
Registration.c(83): Notify: Parameter Substitution: parameter "randomUsername" =  "YTOD"	[MsgId: MMSG-13992]
Registration.c(83): Notify: Parameter Substitution: parameter "randompass" =  "gyxq"	[MsgId: MMSG-13992]
Registration.c(83): Notify: Parameter Substitution: parameter "randompass" =  "gyxq"	[MsgId: MMSG-13992]
Registration.c(83): Notify: Parameter Substitution: parameter "randomFirstName" =  "ijfxu"	[MsgId: MMSG-13992]
Registration.c(83): Notify: Parameter Substitution: parameter "randomLastName" =  "ddlbd"	[MsgId: MMSG-13992]
Registration.c(83): Notify: Parameter Substitution: parameter "randomFirstName" =  "ijfxu"	[MsgId: MMSG-13992]
Registration.c(83): Notify: Parameter Substitution: parameter "randomLastName" =  "ddlbd"	[MsgId: MMSG-13992]
Registration.c(83): Notify: Parameter Substitution: parameter "RandomPhone" =  ";546054487"	[MsgId: MMSG-13992]
Registration.c(83): Notify: Parameter Substitution: parameter "RandomZip" =  "856721"	[MsgId: MMSG-13992]
Registration.c(83): Submitting form to "https://petstore.octoperf.com/actions/Account.action", Target Frame=""  	[MsgId: MMSG-27978]
Registration.c(83): Connection to petstore.octoperf.com:443 closed after being inactive for 63 seconds, exceeding the "HTTP Keep-Alive timeout" Runtime Setting (60 seconds). URL="[None]"  	[MsgId: MMSG-27647]
Registration.c(83): Redirecting "https://petstore.octoperf.com/actions/Account.action" (redirection depth is 0)  	[MsgId: MMSG-26694]
Registration.c(83): To location "https://petstore.octoperf.com/actions/Catalog.action"  	[MsgId: MMSG-26693]
Registration.c(83): Resource "https://petstore.octoperf.com/css/jpetstore.css" is in the cache already and will not be downloaded again  	[MsgId: MMSG-26655]
Registration.c(83): Resource "https://petstore.octoperf.com/images/logo-topbar.svg" is in the cache already and will not be downloaded again  	[MsgId: MMSG-26655]
Registration.c(83): Resource "https://petstore.octoperf.com/images/cart.gif" is in the cache already and will not be downloaded again  	[MsgId: MMSG-26655]
Registration.c(83): Resource "https://petstore.octoperf.com/images/separator.gif" is in the cache already and will not be downloaded again  	[MsgId: MMSG-26655]
Registration.c(83): Resource "https://petstore.octoperf.com/images/sm_fish.gif" is in the cache already and will not be downloaded again  	[MsgId: MMSG-26655]
Registration.c(83): Resource "https://petstore.octoperf.com/images/sm_dogs.gif" is in the cache already and will not be downloaded again  	[MsgId: MMSG-26655]
Registration.c(83): Resource "https://petstore.octoperf.com/images/sm_reptiles.gif" is in the cache already and will not be downloaded again  	[MsgId: MMSG-26655]
Registration.c(83): Resource "https://petstore.octoperf.com/images/sm_cats.gif" is in the cache already and will not be downloaded again  	[MsgId: MMSG-26655]
Registration.c(83): Resource "https://petstore.octoperf.com/images/sm_birds.gif" is in the cache already and will not be downloaded again  	[MsgId: MMSG-26655]
Registration.c(83): Resource "https://petstore.octoperf.com/images/fish_icon.gif" is in the cache already and will not be downloaded again  	[MsgId: MMSG-26655]
Registration.c(83): Resource "https://petstore.octoperf.com/images/dogs_icon.gif" is in the cache already and will not be downloaded again  	[MsgId: MMSG-26655]
Registration.c(83): Resource "https://petstore.octoperf.com/images/cats_icon.gif" is in the cache already and will not be downloaded again  	[MsgId: MMSG-26655]
Registration.c(83): Resource "https://petstore.octoperf.com/images/reptiles_icon.gif" is in the cache already and will not be downloaded again  	[MsgId: MMSG-26655]
Registration.c(83): Resource "https://petstore.octoperf.com/images/birds_icon.gif" is in the cache already and will not be downloaded again  	[MsgId: MMSG-26655]
Registration.c(83): Resource "https://petstore.octoperf.com/images/splash.gif" is in the cache already and will not be downloaded again  	[MsgId: MMSG-26655]
Registration.c(83): Registered web_reg_find successful for "Text=Elevate you load-testing" (count=1)  	[MsgId: MMSG-26364]
Registration.c(83): web_submit_form("Account.action") was successful, 4736 body bytes, 443 header bytes  	[MsgId: MMSG-26386]
Registration.c(105): Notify: Transaction "PetStore_SubmitRegistration_T02" ended with a "Pass" status (Duration: 0.7939 Wasted Time: 0.0000).	[MsgId: MMSG-16871]
Registration.c(107): lr_think_time: 3.36 seconds (recorded think time was 5.00 seconds).	[MsgId: MMSG-15947]
Login.c(17): Notify: Transaction "PetStore_Login_T01" started.	[MsgId: MMSG-16999]
Login.c(18): web_reg_find started  	[MsgId: MMSG-26355]
Login.c(18): Registering web_reg_find was successful  	[MsgId: MMSG-26390]
Login.c(20): web_reg_save_param_regexp started  	[MsgId: MMSG-26355]
Login.c(20): Registering web_reg_save_param_regexp was successful  	[MsgId: MMSG-26390]
Login.c(26): web_submit_form("Account.action") started  	[MsgId: MMSG-26355]
Login.c(26): Notify: Parameter Substitution: parameter "randomUsername" =  "EZZH"	[MsgId: MMSG-13992]
Login.c(26): Notify: Parameter Substitution: parameter "randompass" =  "obyv"	[MsgId: MMSG-13992]
Login.c(26): Submitting form to "https://petstore.octoperf.com/actions/Account.action", Target Frame=""  	[MsgId: MMSG-27978]
Starting iteration 1.	[MsgId: MMSG-15968]
Warning -27077: The "vuser_init" section contains web function(s) when the "Simulate a new user on each iteration" Runtime Setting is ON.  This may produce unpredictable results with multiple iterations  	[MsgId: MWAR-27077]
Maximum number of concurrent connections per server: 6  	[MsgId: MMSG-26989]
Starting action Login.	[MsgId: MMSG-15919]
Registration.c(15): Notify: Transaction "PetStore_ClickOnRegistration_T01" started.	[MsgId: MMSG-16999]
Registration.c(17): web_reg_find started  	[MsgId: MMSG-26355]
Registration.c(17): Registering web_reg_find was successful  	[MsgId: MMSG-26390]
Registration.c(20): web_link("Register Now!") started  	[MsgId: MMSG-26355]
Registration.c(20): Linking to "https://petstore.octoperf.com/actions/Account.action?newAccountForm=", Target Frame=""  	[MsgId: MMSG-27994]
Registration.c(20): Resource "https://petstore.octoperf.com/css/jpetstore.css" is in the cache already and will not be downloaded again  	[MsgId: MMSG-26655]
Registration.c(20): Resource "https://petstore.octoperf.com/images/logo-topbar.svg" is in the cache already and will not be downloaded again  	[MsgId: MMSG-26655]
Registration.c(20): Resource "https://petstore.octoperf.com/images/cart.gif" is in the cache already and will not be downloaded again  	[MsgId: MMSG-26655]
Registration.c(20): Resource "https://petstore.octoperf.com/images/separator.gif" is in the cache already and will not be downloaded again  	[MsgId: MMSG-26655]
Registration.c(20): Resource "https://petstore.octoperf.com/images/sm_fish.gif" is in the cache already and will not be downloaded again  	[MsgId: MMSG-26655]
Registration.c(20): Resource "https://petstore.octoperf.com/images/sm_dogs.gif" is in the cache already and will not be downloaded again  	[MsgId: MMSG-26655]
Registration.c(20): Resource "https://petstore.octoperf.com/images/sm_reptiles.gif" is in the cache already and will not be downloaded again  	[MsgId: MMSG-26655]
Registration.c(20): Resource "https://petstore.octoperf.com/images/sm_cats.gif" is in the cache already and will not be downloaded again  	[MsgId: MMSG-26655]
Registration.c(20): Resource "https://petstore.octoperf.com/images/sm_birds.gif" is in the cache already and will not be downloaded again  	[MsgId: MMSG-26655]
Registration.c(20): Registered web_reg_find successful for "Text=User Information" (count=1)  	[MsgId: MMSG-26364]
Registration.c(20): web_link("Register Now!") was successful, 5821 body bytes, 225 header bytes  	[MsgId: MMSG-26386]
Registration.c(25): Notify: Transaction "PetStore_ClickOnRegistration_T01" ended with a "Pass" status (Duration: 0.1257 Wasted Time: 0.0000).	[MsgId: MMSG-16871]
Registration.c(27): lr_think_time: 4.21 seconds (recorded think time was 5.00 seconds).	[MsgId: MMSG-15947]
Login.c(26): Redirecting "https://petstore.octoperf.com/actions/Account.action" (redirection depth is 0)  	[MsgId: MMSG-26694]
Login.c(26): To location "https://petstore.octoperf.com/actions/Catalog.action"  	[MsgId: MMSG-26693]
Login.c(26): Resource "https://petstore.octoperf.com/css/jpetstore.css" is in the cache already and will not be downloaded again  	[MsgId: MMSG-26655]
Login.c(26): Resource "https://petstore.octoperf.com/images/logo-topbar.svg" is in the cache already and will not be downloaded again  	[MsgId: MMSG-26655]
Login.c(26): Resource "https://petstore.octoperf.com/images/cart.gif" is in the cache already and will not be downloaded again  	[MsgId: MMSG-26655]
Login.c(26): Resource "https://petstore.octoperf.com/images/separator.gif" is in the cache already and will not be downloaded again  	[MsgId: MMSG-26655]
Login.c(26): Resource "https://petstore.octoperf.com/images/sm_fish.gif" is in the cache already and will not be downloaded again  	[MsgId: MMSG-26655]
Login.c(26): Resource "https://petstore.octoperf.com/images/sm_dogs.gif" is in the cache already and will not be downloaded again  	[MsgId: MMSG-26655]
Login.c(26): Resource "https://petstore.octoperf.com/images/sm_reptiles.gif" is in the cache already and will not be downloaded again  	[MsgId: MMSG-26655]
Login.c(26): Resource "https://petstore.octoperf.com/images/sm_cats.gif" is in the cache already and will not be downloaded again  	[MsgId: MMSG-26655]
Login.c(26): Resource "https://petstore.octoperf.com/images/sm_birds.gif" is in the cache already and will not be downloaded again  	[MsgId: MMSG-26655]
Login.c(26): Resource "https://petstore.octoperf.com/images/fish_icon.gif" is in the cache already and will not be downloaded again  	[MsgId: MMSG-26655]
Login.c(26): Resource "https://petstore.octoperf.com/images/dogs_icon.gif" is in the cache already and will not be downloaded again  	[MsgId: MMSG-26655]
Login.c(26): Resource "https://petstore.octoperf.com/images/cats_icon.gif" is in the cache already and will not be downloaded again  	[MsgId: MMSG-26655]
Login.c(26): Resource "https://petstore.octoperf.com/images/reptiles_icon.gif" is in the cache already and will not be downloaded again  	[MsgId: MMSG-26655]
Login.c(26): Resource "https://petstore.octoperf.com/images/birds_icon.gif" is in the cache already and will not be downloaded again  	[MsgId: MMSG-26655]
Login.c(26): Resource "https://petstore.octoperf.com/images/splash.gif" is in the cache already and will not be downloaded again  	[MsgId: MMSG-26655]
Login.c(26): Found resource "https://petstore.octoperf.com/images/banner_fish.gif" in HTML "https://petstore.octoperf.com/actions/Catalog.action"  	[MsgId: MMSG-26659]
Login.c(26): Notify: Saving Parameter "ProductName_1 = BIRDS".	[MsgId: MMSG-13798]
Login.c(26): Notify: Saving Parameter "ProductName_2 = FISH".	[MsgId: MMSG-13798]
Login.c(26): Notify: Saving Parameter "ProductName_3 = DOGS".	[MsgId: MMSG-13798]
Login.c(26): Notify: Saving Parameter "ProductName_4 = REPTILES".	[MsgId: MMSG-13798]
Login.c(26): Notify: Saving Parameter "ProductName_5 = CATS".	[MsgId: MMSG-13798]
Login.c(26): Notify: Saving Parameter "ProductName_6 = BIRDS".	[MsgId: MMSG-13798]
Login.c(26): Notify: Saving Parameter "ProductName_count = 6".	[MsgId: MMSG-13798]
Login.c(26): Registered web_reg_find successful for "Text=My Account" (count=1)  	[MsgId: MMSG-26364]
Login.c(26): web_submit_form("Account.action") was successful, 11416 body bytes, 727 header bytes  	[MsgId: MMSG-26386]
Login.c(34): Notify: Transaction "PetStore_Login_T01" ended with a "Pass" status (Duration: 0.4979 Wasted Time: 0.0003).	[MsgId: MMSG-16871]
Ending action Login.	[MsgId: MMSG-15918]
Starting action CheckOutThProduct.	[MsgId: MMSG-15919]
AddToCard.c(8): Notify: Transaction "PetStore_AddAproduct_T01" started.	[MsgId: MMSG-16999]
AddToCard.c(11): Notify: Parameter Substitution: parameter "ProductName_count" =  "6"	[MsgId: MMSG-13992]
AddToCard.c(12): Notify: Parameter Substitution: parameter "ProductName_5" =  "CATS"	[MsgId: MMSG-13992]
AddToCard.c(14): Notify: Saving Parameter "RandCategory = CATS".	[MsgId: MMSG-13798]
AddToCard.c(15): Notify: Parameter Substitution: parameter "RandCategory" =  "CATS"	[MsgId: MMSG-13992]
AddToCard.c(15): Random category selected in Action2 = CATS	[MsgId: MMSG-17999]
AddToCard.c(17): web_reg_find started  	[MsgId: MMSG-26355]
AddToCard.c(17): Notify: Parameter Substitution: parameter "RandCategory" =  "CATS"	[MsgId: MMSG-13992]
AddToCard.c(17): Registering web_reg_find was successful  	[MsgId: MMSG-26390]
AddToCard.c(20): web_reg_save_param_regexp started  	[MsgId: MMSG-26355]
AddToCard.c(20): Registering web_reg_save_param_regexp was successful  	[MsgId: MMSG-26390]
AddToCard.c(27): web_url("Catalog.action_2") started  	[MsgId: MMSG-26355]
AddToCard.c(27): Notify: Parameter Substitution: parameter "RandCategory" =  "CATS"	[MsgId: MMSG-13992]
AddToCard.c(27): Resource "https://petstore.octoperf.com/css/jpetstore.css" is in the cache already and will not be downloaded again  	[MsgId: MMSG-26655]
AddToCard.c(27): Resource "https://petstore.octoperf.com/images/logo-topbar.svg" is in the cache already and will not be downloaded again  	[MsgId: MMSG-26655]
AddToCard.c(27): Resource "https://petstore.octoperf.com/images/cart.gif" is in the cache already and will not be downloaded again  	[MsgId: MMSG-26655]
AddToCard.c(27): Resource "https://petstore.octoperf.com/images/separator.gif" is in the cache already and will not be downloaded again  	[MsgId: MMSG-26655]
AddToCard.c(27): Resource "https://petstore.octoperf.com/images/sm_fish.gif" is in the cache already and will not be downloaded again  	[MsgId: MMSG-26655]
AddToCard.c(27): Resource "https://petstore.octoperf.com/images/sm_dogs.gif" is in the cache already and will not be downloaded again  	[MsgId: MMSG-26655]
AddToCard.c(27): Resource "https://petstore.octoperf.com/images/sm_reptiles.gif" is in the cache already and will not be downloaded again  	[MsgId: MMSG-26655]
AddToCard.c(27): Resource "https://petstore.octoperf.com/images/sm_cats.gif" is in the cache already and will not be downloaded again  	[MsgId: MMSG-26655]
AddToCard.c(27): Resource "https://petstore.octoperf.com/images/sm_birds.gif" is in the cache already and will not be downloaded again  	[MsgId: MMSG-26655]
AddToCard.c(27): Resource "https://petstore.octoperf.com/images/banner_fish.gif" is in the cache already and will not be downloaded again  	[MsgId: MMSG-26655]
AddToCard.c(27): Notify: Saving Parameter "productId_1 = FL-DSH-01".	[MsgId: MMSG-13798]
AddToCard.c(27): Notify: Saving Parameter "productId_2 = FL-DLH-02".	[MsgId: MMSG-13798]
AddToCard.c(27): Notify: Saving Parameter "productId_count = 2".	[MsgId: MMSG-13798]
AddToCard.c(27): Registered web_reg_find successful for "Text=CATS" (count=1)  	[MsgId: MMSG-26364]
AddToCard.c(27): web_url("Catalog.action_2") was successful, 3621 body bytes, 225 header bytes  	[MsgId: MMSG-26386]
AddToCard.c(36): Notify: Transaction "PetStore_AddAproduct_T01" ended with a "Pass" status (Duration: 0.1257 Wasted Time: 0.0002).	[MsgId: MMSG-16871]
AddToCard.c(38): lr_think_time: 4.03 seconds (recorded think time was 5.00 seconds).	[MsgId: MMSG-15947]
Registration.c(109): Notify: Transaction "PetStore_SignOut_T03" started.	[MsgId: MMSG-16999]
Registration.c(111): web_reg_find started  	[MsgId: MMSG-26355]
Registration.c(111): Registering web_reg_find was successful  	[MsgId: MMSG-26390]
Registration.c(114): web_url("Account.action_2") started  	[MsgId: MMSG-26355]
Registration.c(114): Redirecting "https://petstore.octoperf.com/actions/Account.action?signoff=" (redirection depth is 0)  	[MsgId: MMSG-26694]
Registration.c(114): To location "https://petstore.octoperf.com/actions/Catalog.action"  	[MsgId: MMSG-26693]
Registration.c(114): Resource "https://petstore.octoperf.com/css/jpetstore.css" is in the cache already and will not be downloaded again  	[MsgId: MMSG-26655]
Registration.c(114): Resource "https://petstore.octoperf.com/images/logo-topbar.svg" is in the cache already and will not be downloaded again  	[MsgId: MMSG-26655]
Registration.c(114): Resource "https://petstore.octoperf.com/images/cart.gif" is in the cache already and will not be downloaded again  	[MsgId: MMSG-26655]
Registration.c(114): Resource "https://petstore.octoperf.com/images/separator.gif" is in the cache already and will not be downloaded again  	[MsgId: MMSG-26655]
Registration.c(114): Resource "https://petstore.octoperf.com/images/sm_fish.gif" is in the cache already and will not be downloaded again  	[MsgId: MMSG-26655]
Registration.c(114): Resource "https://petstore.octoperf.com/images/sm_dogs.gif" is in the cache already and will not be downloaded again  	[MsgId: MMSG-26655]
Registration.c(114): Resource "https://petstore.octoperf.com/images/sm_reptiles.gif" is in the cache already and will not be downloaded again  	[MsgId: MMSG-26655]
Registration.c(114): Resource "https://petstore.octoperf.com/images/sm_cats.gif" is in the cache already and will not be downloaded again  	[MsgId: MMSG-26655]
Registration.c(114): Resource "https://petstore.octoperf.com/images/sm_birds.gif" is in the cache already and will not be downloaded again  	[MsgId: MMSG-26655]
Registration.c(114): Resource "https://petstore.octoperf.com/images/fish_icon.gif" is in the cache already and will not be downloaded again  	[MsgId: MMSG-26655]
Registration.c(114): Resource "https://petstore.octoperf.com/images/dogs_icon.gif" is in the cache already and will not be downloaded again  	[MsgId: MMSG-26655]
Registration.c(114): Resource "https://petstore.octoperf.com/images/cats_icon.gif" is in the cache already and will not be downloaded again  	[MsgId: MMSG-26655]
Registration.c(114): Resource "https://petstore.octoperf.com/images/reptiles_icon.gif" is in the cache already and will not be downloaded again  	[MsgId: MMSG-26655]
Registration.c(114): Resource "https://petstore.octoperf.com/images/birds_icon.gif" is in the cache already and will not be downloaded again  	[MsgId: MMSG-26655]
Registration.c(114): Resource "https://petstore.octoperf.com/images/splash.gif" is in the cache already and will not be downloaded again  	[MsgId: MMSG-26655]
Registration.c(114): Registered web_reg_find successful for "Text=Sign In" (count=1)  	[MsgId: MMSG-26364]
Registration.c(114): web_url("Account.action_2") was successful, 4736 body bytes, 518 header bytes  	[MsgId: MMSG-26386]
Registration.c(123): Notify: Transaction "PetStore_SignOut_T03" ended with a "Pass" status (Duration: 0.2494 Wasted Time: 0.0000).	[MsgId: MMSG-16871]
Login.c(4): Notify: Transaction "PetStore_ClickOnSignIn_T01" started.	[MsgId: MMSG-16999]
Login.c(6): web_reg_find started  	[MsgId: MMSG-26355]
Login.c(6): Registering web_reg_find was successful  	[MsgId: MMSG-26390]
Login.c(9): web_link("Sign In") started  	[MsgId: MMSG-26355]
Login.c(9): Linking to "https://petstore.octoperf.com/actions/Account.action?signonForm=", Target Frame=""  	[MsgId: MMSG-27994]
AddToCard.c(40): Notify: Transaction "PetStore_SelectProductId_T02" started.	[MsgId: MMSG-16999]
AddToCard.c(43): Notify: Parameter Substitution: parameter "productId_count" =  "4"	[MsgId: MMSG-13992]
AddToCard.c(44): Notify: Parameter Substitution: parameter "productId_3" =  "FI-FW-01"	[MsgId: MMSG-13992]
AddToCard.c(46): Notify: Saving Parameter "RandproductId = FI-FW-01".	[MsgId: MMSG-13798]
AddToCard.c(47): Notify: Parameter Substitution: parameter "RandproductId" =  "FI-FW-01"	[MsgId: MMSG-13992]
AddToCard.c(47): Random category selected in Action2 = FI-FW-01	[MsgId: MMSG-17999]
AddToCard.c(49): web_reg_find started  	[MsgId: MMSG-26355]
AddToCard.c(49): Notify: Parameter Substitution: parameter "RandproductId" =  "FI-FW-01"	[MsgId: MMSG-13992]
AddToCard.c(49): Registering web_reg_find was successful  	[MsgId: MMSG-26390]
AddToCard.c(51): web_reg_save_param_regexp started  	[MsgId: MMSG-26355]
AddToCard.c(51): Registering web_reg_save_param_regexp was successful  	[MsgId: MMSG-26390]
AddToCard.c(58): web_link("{RandproductId}") started  	[MsgId: MMSG-26355]
AddToCard.c(58): Notify: Parameter Substitution: parameter "RandproductId" =  "FI-FW-01"	[MsgId: MMSG-13992]
AddToCard.c(58): Linking to "https://petstore.octoperf.com/actions/Catalog.action?viewProduct=&productId=FI-FW-01", Target Frame=""  	[MsgId: MMSG-27994]
Login.c(9): Resource "https://petstore.octoperf.com/css/jpetstore.css" is in the cache already and will not be downloaded again  	[MsgId: MMSG-26655]
Login.c(9): Resource "https://petstore.octoperf.com/images/logo-topbar.svg" is in the cache already and will not be downloaded again  	[MsgId: MMSG-26655]
Login.c(9): Resource "https://petstore.octoperf.com/images/cart.gif" is in the cache already and will not be downloaded again  	[MsgId: MMSG-26655]
Login.c(9): Resource "https://petstore.octoperf.com/images/separator.gif" is in the cache already and will not be downloaded again  	[MsgId: MMSG-26655]
Login.c(9): Resource "https://petstore.octoperf.com/images/sm_fish.gif" is in the cache already and will not be downloaded again  	[MsgId: MMSG-26655]
Login.c(9): Resource "https://petstore.octoperf.com/images/sm_dogs.gif" is in the cache already and will not be downloaded again  	[MsgId: MMSG-26655]
Login.c(9): Resource "https://petstore.octoperf.com/images/sm_reptiles.gif" is in the cache already and will not be downloaded again  	[MsgId: MMSG-26655]
Login.c(9): Resource "https://petstore.octoperf.com/images/sm_cats.gif" is in the cache already and will not be downloaded again  	[MsgId: MMSG-26655]
Login.c(9): Resource "https://petstore.octoperf.com/images/sm_birds.gif" is in the cache already and will not be downloaded again  	[MsgId: MMSG-26655]
Login.c(9): Registered web_reg_find successful for "Text=Please enter your username and password" (count=1)  	[MsgId: MMSG-26364]
Login.c(9): web_link("Sign In") was successful, 3858 body bytes, 225 header bytes  	[MsgId: MMSG-26386]
Login.c(13): Notify: Transaction "PetStore_ClickOnSignIn_T01" ended with a "Pass" status (Duration: 0.1252 Wasted Time: 0.0000).	[MsgId: MMSG-16871]
Login.c(15): lr_think_time: 4.12 seconds (recorded think time was 5.00 seconds).	[MsgId: MMSG-15947]
AddToCard.c(58): Resource "https://petstore.octoperf.com/css/jpetstore.css" is in the cache already and will not be downloaded again  	[MsgId: MMSG-26655]
AddToCard.c(58): Resource "https://petstore.octoperf.com/images/logo-topbar.svg" is in the cache already and will not be downloaded again  	[MsgId: MMSG-26655]
AddToCard.c(58): Resource "https://petstore.octoperf.com/images/cart.gif" is in the cache already and will not be downloaded again  	[MsgId: MMSG-26655]
AddToCard.c(58): Resource "https://petstore.octoperf.com/images/separator.gif" is in the cache already and will not be downloaded again  	[MsgId: MMSG-26655]
AddToCard.c(58): Resource "https://petstore.octoperf.com/images/sm_fish.gif" is in the cache already and will not be downloaded again  	[MsgId: MMSG-26655]
AddToCard.c(58): Resource "https://petstore.octoperf.com/images/sm_dogs.gif" is in the cache already and will not be downloaded again  	[MsgId: MMSG-26655]
AddToCard.c(58): Resource "https://petstore.octoperf.com/images/sm_reptiles.gif" is in the cache already and will not be downloaded again  	[MsgId: MMSG-26655]
AddToCard.c(58): Resource "https://petstore.octoperf.com/images/sm_cats.gif" is in the cache already and will not be downloaded again  	[MsgId: MMSG-26655]
AddToCard.c(58): Resource "https://petstore.octoperf.com/images/sm_birds.gif" is in the cache already and will not be downloaded again  	[MsgId: MMSG-26655]
AddToCard.c(58): Resource "https://petstore.octoperf.com/images/banner_fish.gif" is in the cache already and will not be downloaded again  	[MsgId: MMSG-26655]
AddToCard.c(58): Notify: Saving Parameter "itemId_1 = EST-4".	[MsgId: MMSG-13798]
AddToCard.c(58): Notify: Saving Parameter "itemId_2 = EST-5".	[MsgId: MMSG-13798]
AddToCard.c(58): Notify: Saving Parameter "itemId_count = 2".	[MsgId: MMSG-13798]
AddToCard.c(58): Registered web_reg_find successful for "Text=FI-FW-01" (count=2)  	[MsgId: MMSG-26364]
AddToCard.c(58): web_link("{RandproductId}") was successful, 4050 body bytes, 225 header bytes  	[MsgId: MMSG-26386]
AddToCard.c(63): Notify: Transaction "PetStore_SelectProductId_T02" ended with a "Pass" status (Duration: 0.1278 Wasted Time: 0.0003).	[MsgId: MMSG-16871]
AddToCard.c(65): lr_think_time: 4.82 seconds (recorded think time was 5.00 seconds).	[MsgId: MMSG-15947]
Registration.c(29): Notify: Transaction "PetStore_SubmitRegistration_T02" started.	[MsgId: MMSG-16999]
Registration.c(31): web_reg_find started  	[MsgId: MMSG-26355]
Registration.c(31): Registering web_reg_find was successful  	[MsgId: MMSG-26390]
Registration.c(38): Notify: Saving Parameter "randomUsername = OLBL".	[MsgId: MMSG-13798]
Registration.c(44): Notify: Saving Parameter "randompass = ftlr".	[MsgId: MMSG-13798]
Registration.c(58): Notify: Saving Parameter "randomFirstName = siukb".	[MsgId: MMSG-13798]
Registration.c(59): Notify: Saving Parameter "randomLastName = fqtdw".	[MsgId: MMSG-13798]
Registration.c(71): Notify: Saving Parameter "RandomPhone = 9647803270".	[MsgId: MMSG-13798]
Registration.c(80): Notify: Saving Parameter "RandomZip = 560725".	[MsgId: MMSG-13798]
Registration.c(83): web_submit_form("Account.action") started  	[MsgId: MMSG-26355]
Registration.c(83): Notify: Parameter Substitution: parameter "randomUsername" =  "OLBL"	[MsgId: MMSG-13992]
Registration.c(83): Notify: Parameter Substitution: parameter "randompass" =  "ftlr"	[MsgId: MMSG-13992]
Registration.c(83): Notify: Parameter Substitution: parameter "randompass" =  "ftlr"	[MsgId: MMSG-13992]
Registration.c(83): Notify: Parameter Substitution: parameter "randomFirstName" =  "siukb"	[MsgId: MMSG-13992]
Registration.c(83): Notify: Parameter Substitution: parameter "randomLastName" =  "fqtdw"	[MsgId: MMSG-13992]
Registration.c(83): Notify: Parameter Substitution: parameter "randomFirstName" =  "siukb"	[MsgId: MMSG-13992]
Registration.c(83): Notify: Parameter Substitution: parameter "randomLastName" =  "fqtdw"	[MsgId: MMSG-13992]
Registration.c(83): Notify: Parameter Substitution: parameter "RandomPhone" =  "9647803270"	[MsgId: MMSG-13992]
Registration.c(83): Notify: Parameter Substitution: parameter "RandomZip" =  "560725"	[MsgId: MMSG-13992]
Registration.c(83): Submitting form to "https://petstore.octoperf.com/actions/Account.action", Target Frame=""  	[MsgId: MMSG-27978]
Registration.c(83): Connection to petstore.octoperf.com:443 closed after being inactive for 63 seconds, exceeding the "HTTP Keep-Alive timeout" Runtime Setting (60 seconds). URL="[None]"  	[MsgId: MMSG-27647]
AddToCard.c(40): Notify: Transaction "PetStore_SelectProductId_T02" started.	[MsgId: MMSG-16999]
AddToCard.c(43): Notify: Parameter Substitution: parameter "productId_count" =  "2"	[MsgId: MMSG-13992]
AddToCard.c(44): Notify: Parameter Substitution: parameter "productId_1" =  "FL-DSH-01"	[MsgId: MMSG-13992]
AddToCard.c(46): Notify: Saving Parameter "RandproductId = FL-DSH-01".	[MsgId: MMSG-13798]
AddToCard.c(47): Notify: Parameter Substitution: parameter "RandproductId" =  "FL-DSH-01"	[MsgId: MMSG-13992]
AddToCard.c(47): Random category selected in Action2 = FL-DSH-01	[MsgId: MMSG-17999]
AddToCard.c(49): web_reg_find started  	[MsgId: MMSG-26355]
AddToCard.c(49): Notify: Parameter Substitution: parameter "RandproductId" =  "FL-DSH-01"	[MsgId: MMSG-13992]
AddToCard.c(49): Registering web_reg_find was successful  	[MsgId: MMSG-26390]
AddToCard.c(51): web_reg_save_param_regexp started  	[MsgId: MMSG-26355]
AddToCard.c(51): Registering web_reg_save_param_regexp was successful  	[MsgId: MMSG-26390]
AddToCard.c(58): web_link("{RandproductId}") started  	[MsgId: MMSG-26355]
AddToCard.c(58): Notify: Parameter Substitution: parameter "RandproductId" =  "FL-DSH-01"	[MsgId: MMSG-13992]
AddToCard.c(58): Linking to "https://petstore.octoperf.com/actions/Catalog.action?viewProduct=&productId=FL-DSH-01", Target Frame=""  	[MsgId: MMSG-27994]
AddToCard.c(58): Resource "https://petstore.octoperf.com/css/jpetstore.css" is in the cache already and will not be downloaded again  	[MsgId: MMSG-26655]
AddToCard.c(58): Resource "https://petstore.octoperf.com/images/logo-topbar.svg" is in the cache already and will not be downloaded again  	[MsgId: MMSG-26655]
AddToCard.c(58): Resource "https://petstore.octoperf.com/images/cart.gif" is in the cache already and will not be downloaded again  	[MsgId: MMSG-26655]
AddToCard.c(58): Resource "https://petstore.octoperf.com/images/separator.gif" is in the cache already and will not be downloaded again  	[MsgId: MMSG-26655]
AddToCard.c(58): Resource "https://petstore.octoperf.com/images/sm_fish.gif" is in the cache already and will not be downloaded again  	[MsgId: MMSG-26655]
AddToCard.c(58): Resource "https://petstore.octoperf.com/images/sm_dogs.gif" is in the cache already and will not be downloaded again  	[MsgId: MMSG-26655]
AddToCard.c(58): Resource "https://petstore.octoperf.com/images/sm_reptiles.gif" is in the cache already and will not be downloaded again  	[MsgId: MMSG-26655]
AddToCard.c(58): Resource "https://petstore.octoperf.com/images/sm_cats.gif" is in the cache already and will not be downloaded again  	[MsgId: MMSG-26655]
AddToCard.c(58): Resource "https://petstore.octoperf.com/images/sm_birds.gif" is in the cache already and will not be downloaded again  	[MsgId: MMSG-26655]
AddToCard.c(58): Resource "https://petstore.octoperf.com/images/banner_fish.gif" is in the cache already and will not be downloaded again  	[MsgId: MMSG-26655]
AddToCard.c(58): Notify: Saving Parameter "itemId_1 = EST-14".	[MsgId: MMSG-13798]
AddToCard.c(58): Notify: Saving Parameter "itemId_2 = EST-15".	[MsgId: MMSG-13798]
AddToCard.c(58): Notify: Saving Parameter "itemId_count = 2".	[MsgId: MMSG-13798]
AddToCard.c(58): Registered web_reg_find successful for "Text=FL-DSH-01" (count=2)  	[MsgId: MMSG-26364]
AddToCard.c(58): web_link("{RandproductId}") was successful, 4063 body bytes, 225 header bytes  	[MsgId: MMSG-26386]
AddToCard.c(63): Notify: Transaction "PetStore_SelectProductId_T02" ended with a "Pass" status (Duration: 0.1279 Wasted Time: 0.0003).	[MsgId: MMSG-16871]
AddToCard.c(65): lr_think_time: 4.69 seconds (recorded think time was 5.00 seconds).	[MsgId: MMSG-15947]
Registration.c(83): Redirecting "https://petstore.octoperf.com/actions/Account.action" (redirection depth is 0)  	[MsgId: MMSG-26694]
Registration.c(83): To location "https://petstore.octoperf.com/actions/Catalog.action"  	[MsgId: MMSG-26693]
Starting iteration 1.	[MsgId: MMSG-15968]
Warning -27077: The "vuser_init" section contains web function(s) when the "Simulate a new user on each iteration" Runtime Setting is ON.  This may produce unpredictable results with multiple iterations  	[MsgId: MWAR-27077]
Maximum number of concurrent connections per server: 6  	[MsgId: MMSG-26989]
Starting action Login.	[MsgId: MMSG-15919]
Registration.c(15): Notify: Transaction "PetStore_ClickOnRegistration_T01" started.	[MsgId: MMSG-16999]
Registration.c(17): web_reg_find started  	[MsgId: MMSG-26355]
Registration.c(17): Registering web_reg_find was successful  	[MsgId: MMSG-26390]
Registration.c(20): web_link("Register Now!") started  	[MsgId: MMSG-26355]
Registration.c(20): Linking to "https://petstore.octoperf.com/actions/Account.action?newAccountForm=", Target Frame=""  	[MsgId: MMSG-27994]
Registration.c(83): Resource "https://petstore.octoperf.com/css/jpetstore.css" is in the cache already and will not be downloaded again  	[MsgId: MMSG-26655]
Registration.c(83): Resource "https://petstore.octoperf.com/images/logo-topbar.svg" is in the cache already and will not be downloaded again  	[MsgId: MMSG-26655]
Registration.c(83): Resource "https://petstore.octoperf.com/images/cart.gif" is in the cache already and will not be downloaded again  	[MsgId: MMSG-26655]
Registration.c(83): Resource "https://petstore.octoperf.com/images/separator.gif" is in the cache already and will not be downloaded again  	[MsgId: MMSG-26655]
Registration.c(83): Resource "https://petstore.octoperf.com/images/sm_fish.gif" is in the cache already and will not be downloaded again  	[MsgId: MMSG-26655]
Registration.c(83): Resource "https://petstore.octoperf.com/images/sm_dogs.gif" is in the cache already and will not be downloaded again  	[MsgId: MMSG-26655]
Registration.c(83): Resource "https://petstore.octoperf.com/images/sm_reptiles.gif" is in the cache already and will not be downloaded again  	[MsgId: MMSG-26655]
Registration.c(83): Resource "https://petstore.octoperf.com/images/sm_cats.gif" is in the cache already and will not be downloaded again  	[MsgId: MMSG-26655]
Registration.c(83): Resource "https://petstore.octoperf.com/images/sm_birds.gif" is in the cache already and will not be downloaded again  	[MsgId: MMSG-26655]
Registration.c(83): Resource "https://petstore.octoperf.com/images/fish_icon.gif" is in the cache already and will not be downloaded again  	[MsgId: MMSG-26655]
Registration.c(83): Resource "https://petstore.octoperf.com/images/dogs_icon.gif" is in the cache already and will not be downloaded again  	[MsgId: MMSG-26655]
Registration.c(83): Resource "https://petstore.octoperf.com/images/cats_icon.gif" is in the cache already and will not be downloaded again  	[MsgId: MMSG-26655]
Registration.c(83): Resource "https://petstore.octoperf.com/images/reptiles_icon.gif" is in the cache already and will not be downloaded again  	[MsgId: MMSG-26655]
Registration.c(83): Resource "https://petstore.octoperf.com/images/birds_icon.gif" is in the cache already and will not be downloaded again  	[MsgId: MMSG-26655]
Registration.c(83): Resource "https://petstore.octoperf.com/images/splash.gif" is in the cache already and will not be downloaded again  	[MsgId: MMSG-26655]
Registration.c(83): Registered web_reg_find successful for "Text=Elevate you load-testing" (count=1)  	[MsgId: MMSG-26364]
Registration.c(83): web_submit_form("Account.action") was successful, 4736 body bytes, 443 header bytes  	[MsgId: MMSG-26386]
Registration.c(105): Notify: Transaction "PetStore_SubmitRegistration_T02" ended with a "Pass" status (Duration: 0.7939 Wasted Time: 0.0000).	[MsgId: MMSG-16871]
Registration.c(107): lr_think_time: 4.99 seconds (recorded think time was 5.00 seconds).	[MsgId: MMSG-15947]
Registration.c(20): Resource "https://petstore.octoperf.com/css/jpetstore.css" is in the cache already and will not be downloaded again  	[MsgId: MMSG-26655]
Registration.c(20): Resource "https://petstore.octoperf.com/images/logo-topbar.svg" is in the cache already and will not be downloaded again  	[MsgId: MMSG-26655]
Registration.c(20): Resource "https://petstore.octoperf.com/images/cart.gif" is in the cache already and will not be downloaded again  	[MsgId: MMSG-26655]
Registration.c(20): Resource "https://petstore.octoperf.com/images/separator.gif" is in the cache already and will not be downloaded again  	[MsgId: MMSG-26655]
Registration.c(20): Resource "https://petstore.octoperf.com/images/sm_fish.gif" is in the cache already and will not be downloaded again  	[MsgId: MMSG-26655]
Registration.c(20): Resource "https://petstore.octoperf.com/images/sm_dogs.gif" is in the cache already and will not be downloaded again  	[MsgId: MMSG-26655]
Registration.c(20): Resource "https://petstore.octoperf.com/images/sm_reptiles.gif" is in the cache already and will not be downloaded again  	[MsgId: MMSG-26655]
Registration.c(20): Resource "https://petstore.octoperf.com/images/sm_cats.gif" is in the cache already and will not be downloaded again  	[MsgId: MMSG-26655]
Registration.c(20): Resource "https://petstore.octoperf.com/images/sm_birds.gif" is in the cache already and will not be downloaded again  	[MsgId: MMSG-26655]
Registration.c(20): Registered web_reg_find successful for "Text=User Information" (count=1)  	[MsgId: MMSG-26364]
Registration.c(20): web_link("Register Now!") was successful, 5823 body bytes, 225 header bytes  	[MsgId: MMSG-26386]
Registration.c(25): Notify: Transaction "PetStore_ClickOnRegistration_T01" ended with a "Pass" status (Duration: 0.1264 Wasted Time: 0.0000).	[MsgId: MMSG-16871]
Registration.c(27): lr_think_time: 4.22 seconds (recorded think time was 5.00 seconds).	[MsgId: MMSG-15947]
Login.c(17): Notify: Transaction "PetStore_Login_T01" started.	[MsgId: MMSG-16999]
Login.c(18): web_reg_find started  	[MsgId: MMSG-26355]
Login.c(18): Registering web_reg_find was successful  	[MsgId: MMSG-26390]
Login.c(20): web_reg_save_param_regexp started  	[MsgId: MMSG-26355]
Login.c(20): Registering web_reg_save_param_regexp was successful  	[MsgId: MMSG-26390]
Login.c(26): web_submit_form("Account.action") started  	[MsgId: MMSG-26355]
Login.c(26): Notify: Parameter Substitution: parameter "randomUsername" =  "YTOD"	[MsgId: MMSG-13992]
Login.c(26): Notify: Parameter Substitution: parameter "randompass" =  "gyxq"	[MsgId: MMSG-13992]
Login.c(26): Submitting form to "https://petstore.octoperf.com/actions/Account.action", Target Frame=""  	[MsgId: MMSG-27978]
Login.c(26): Redirecting "https://petstore.octoperf.com/actions/Account.action" (redirection depth is 0)  	[MsgId: MMSG-26694]
Login.c(26): To location "https://petstore.octoperf.com/actions/Catalog.action"  	[MsgId: MMSG-26693]
Login.c(26): Resource "https://petstore.octoperf.com/css/jpetstore.css" is in the cache already and will not be downloaded again  	[MsgId: MMSG-26655]
Login.c(26): Resource "https://petstore.octoperf.com/images/logo-topbar.svg" is in the cache already and will not be downloaded again  	[MsgId: MMSG-26655]
Login.c(26): Resource "https://petstore.octoperf.com/images/cart.gif" is in the cache already and will not be downloaded again  	[MsgId: MMSG-26655]
Login.c(26): Resource "https://petstore.octoperf.com/images/separator.gif" is in the cache already and will not be downloaded again  	[MsgId: MMSG-26655]
Login.c(26): Resource "https://petstore.octoperf.com/images/sm_fish.gif" is in the cache already and will not be downloaded again  	[MsgId: MMSG-26655]
Login.c(26): Resource "https://petstore.octoperf.com/images/sm_dogs.gif" is in the cache already and will not be downloaded again  	[MsgId: MMSG-26655]
Login.c(26): Resource "https://petstore.octoperf.com/images/sm_reptiles.gif" is in the cache already and will not be downloaded again  	[MsgId: MMSG-26655]
Login.c(26): Resource "https://petstore.octoperf.com/images/sm_cats.gif" is in the cache already and will not be downloaded again  	[MsgId: MMSG-26655]
Login.c(26): Resource "https://petstore.octoperf.com/images/sm_birds.gif" is in the cache already and will not be downloaded again  	[MsgId: MMSG-26655]
Login.c(26): Resource "https://petstore.octoperf.com/images/fish_icon.gif" is in the cache already and will not be downloaded again  	[MsgId: MMSG-26655]
Login.c(26): Resource "https://petstore.octoperf.com/images/dogs_icon.gif" is in the cache already and will not be downloaded again  	[MsgId: MMSG-26655]
Login.c(26): Resource "https://petstore.octoperf.com/images/cats_icon.gif" is in the cache already and will not be downloaded again  	[MsgId: MMSG-26655]
Login.c(26): Resource "https://petstore.octoperf.com/images/reptiles_icon.gif" is in the cache already and will not be downloaded again  	[MsgId: MMSG-26655]
Login.c(26): Resource "https://petstore.octoperf.com/images/birds_icon.gif" is in the cache already and will not be downloaded again  	[MsgId: MMSG-26655]
Login.c(26): Resource "https://petstore.octoperf.com/images/splash.gif" is in the cache already and will not be downloaded again  	[MsgId: MMSG-26655]
Login.c(26): Found resource "https://petstore.octoperf.com/images/banner_fish.gif" in HTML "https://petstore.octoperf.com/actions/Catalog.action"  	[MsgId: MMSG-26659]
Login.c(26): Notify: Saving Parameter "ProductName_1 = BIRDS".	[MsgId: MMSG-13798]
Login.c(26): Notify: Saving Parameter "ProductName_2 = FISH".	[MsgId: MMSG-13798]
Login.c(26): Notify: Saving Parameter "ProductName_3 = DOGS".	[MsgId: MMSG-13798]
Login.c(26): Notify: Saving Parameter "ProductName_4 = REPTILES".	[MsgId: MMSG-13798]
Login.c(26): Notify: Saving Parameter "ProductName_5 = CATS".	[MsgId: MMSG-13798]
Login.c(26): Notify: Saving Parameter "ProductName_6 = BIRDS".	[MsgId: MMSG-13798]
Login.c(26): Notify: Saving Parameter "ProductName_count = 6".	[MsgId: MMSG-13798]
Login.c(26): Registered web_reg_find successful for "Text=My Account" (count=1)  	[MsgId: MMSG-26364]
Login.c(26): web_submit_form("Account.action") was successful, 11416 body bytes, 727 header bytes  	[MsgId: MMSG-26386]
Login.c(34): Notify: Transaction "PetStore_Login_T01" ended with a "Pass" status (Duration: 0.4972 Wasted Time: 0.0003).	[MsgId: MMSG-16871]
Ending action Login.	[MsgId: MMSG-15918]
Starting action CheckOutThProduct.	[MsgId: MMSG-15919]
AddToCard.c(8): Notify: Transaction "PetStore_AddAproduct_T01" started.	[MsgId: MMSG-16999]
AddToCard.c(11): Notify: Parameter Substitution: parameter "ProductName_count" =  "6"	[MsgId: MMSG-13992]
AddToCard.c(12): Notify: Parameter Substitution: parameter "ProductName_5" =  "CATS"	[MsgId: MMSG-13992]
AddToCard.c(14): Notify: Saving Parameter "RandCategory = CATS".	[MsgId: MMSG-13798]
AddToCard.c(15): Notify: Parameter Substitution: parameter "RandCategory" =  "CATS"	[MsgId: MMSG-13992]
AddToCard.c(15): Random category selected in Action2 = CATS	[MsgId: MMSG-17999]
AddToCard.c(17): web_reg_find started  	[MsgId: MMSG-26355]
AddToCard.c(17): Notify: Parameter Substitution: parameter "RandCategory" =  "CATS"	[MsgId: MMSG-13992]
AddToCard.c(17): Registering web_reg_find was successful  	[MsgId: MMSG-26390]
AddToCard.c(20): web_reg_save_param_regexp started  	[MsgId: MMSG-26355]
AddToCard.c(20): Registering web_reg_save_param_regexp was successful  	[MsgId: MMSG-26390]
AddToCard.c(27): web_url("Catalog.action_2") started  	[MsgId: MMSG-26355]
AddToCard.c(27): Notify: Parameter Substitution: parameter "RandCategory" =  "CATS"	[MsgId: MMSG-13992]
AddToCard.c(27): Resource "https://petstore.octoperf.com/css/jpetstore.css" is in the cache already and will not be downloaded again  	[MsgId: MMSG-26655]
AddToCard.c(27): Resource "https://petstore.octoperf.com/images/logo-topbar.svg" is in the cache already and will not be downloaded again  	[MsgId: MMSG-26655]
AddToCard.c(27): Resource "https://petstore.octoperf.com/images/cart.gif" is in the cache already and will not be downloaded again  	[MsgId: MMSG-26655]
AddToCard.c(27): Resource "https://petstore.octoperf.com/images/separator.gif" is in the cache already and will not be downloaded again  	[MsgId: MMSG-26655]
AddToCard.c(27): Resource "https://petstore.octoperf.com/images/sm_fish.gif" is in the cache already and will not be downloaded again  	[MsgId: MMSG-26655]
AddToCard.c(27): Resource "https://petstore.octoperf.com/images/sm_dogs.gif" is in the cache already and will not be downloaded again  	[MsgId: MMSG-26655]
AddToCard.c(27): Resource "https://petstore.octoperf.com/images/sm_reptiles.gif" is in the cache already and will not be downloaded again  	[MsgId: MMSG-26655]
AddToCard.c(27): Resource "https://petstore.octoperf.com/images/sm_cats.gif" is in the cache already and will not be downloaded again  	[MsgId: MMSG-26655]
AddToCard.c(27): Resource "https://petstore.octoperf.com/images/sm_birds.gif" is in the cache already and will not be downloaded again  	[MsgId: MMSG-26655]
AddToCard.c(27): Resource "https://petstore.octoperf.com/images/banner_fish.gif" is in the cache already and will not be downloaded again  	[MsgId: MMSG-26655]
AddToCard.c(27): Notify: Saving Parameter "productId_1 = FL-DSH-01".	[MsgId: MMSG-13798]
AddToCard.c(27): Notify: Saving Parameter "productId_2 = FL-DLH-02".	[MsgId: MMSG-13798]
AddToCard.c(27): Notify: Saving Parameter "productId_count = 2".	[MsgId: MMSG-13798]
AddToCard.c(27): Registered web_reg_find successful for "Text=CATS" (count=1)  	[MsgId: MMSG-26364]
AddToCard.c(27): web_url("Catalog.action_2") was successful, 3621 body bytes, 225 header bytes  	[MsgId: MMSG-26386]
AddToCard.c(36): Notify: Transaction "PetStore_AddAproduct_T01" ended with a "Pass" status (Duration: 0.1247 Wasted Time: 0.0002).	[MsgId: MMSG-16871]
AddToCard.c(38): lr_think_time: 3.68 seconds (recorded think time was 5.00 seconds).	[MsgId: MMSG-15947]
AddToCard.c(67): Notify: Transaction "PetStore_SelectItemId_T03" started.	[MsgId: MMSG-16999]
AddToCard.c(71): Notify: Parameter Substitution: parameter "itemId_count" =  "2"	[MsgId: MMSG-13992]
AddToCard.c(72): Notify: Parameter Substitution: parameter "itemId_2" =  "EST-5"	[MsgId: MMSG-13992]
AddToCard.c(74): Notify: Saving Parameter "RanditemId = EST-5".	[MsgId: MMSG-13798]
AddToCard.c(75): Notify: Parameter Substitution: parameter "RanditemId" =  "EST-5"	[MsgId: MMSG-13992]
AddToCard.c(75): Random category selected in Action2 = EST-5	[MsgId: MMSG-17999]
AddToCard.c(77): web_reg_find started  	[MsgId: MMSG-26355]
AddToCard.c(77): Notify: Parameter Substitution: parameter "RanditemId" =  "EST-5"	[MsgId: MMSG-13992]
AddToCard.c(77): Registering web_reg_find was successful  	[MsgId: MMSG-26390]
AddToCard.c(79): web_link("{RanditemId}") started  	[MsgId: MMSG-26355]
AddToCard.c(79): Notify: Parameter Substitution: parameter "RanditemId" =  "EST-5"	[MsgId: MMSG-13992]
AddToCard.c(79): Linking to "https://petstore.octoperf.com/actions/Catalog.action?viewItem=&itemId=EST-5", Target Frame=""  	[MsgId: MMSG-27994]
AddToCard.c(79): Resource "https://petstore.octoperf.com/css/jpetstore.css" is in the cache already and will not be downloaded again  	[MsgId: MMSG-26655]
AddToCard.c(79): Resource "https://petstore.octoperf.com/images/logo-topbar.svg" is in the cache already and will not be downloaded again  	[MsgId: MMSG-26655]
AddToCard.c(79): Resource "https://petstore.octoperf.com/images/cart.gif" is in the cache already and will not be downloaded again  	[MsgId: MMSG-26655]
AddToCard.c(79): Resource "https://petstore.octoperf.com/images/separator.gif" is in the cache already and will not be downloaded again  	[MsgId: MMSG-26655]
AddToCard.c(79): Resource "https://petstore.octoperf.com/images/sm_fish.gif" is in the cache already and will not be downloaded again  	[MsgId: MMSG-26655]
AddToCard.c(79): Resource "https://petstore.octoperf.com/images/sm_dogs.gif" is in the cache already and will not be downloaded again  	[MsgId: MMSG-26655]
AddToCard.c(79): Resource "https://petstore.octoperf.com/images/sm_reptiles.gif" is in the cache already and will not be downloaded again  	[MsgId: MMSG-26655]
AddToCard.c(79): Resource "https://petstore.octoperf.com/images/sm_cats.gif" is in the cache already and will not be downloaded again  	[MsgId: MMSG-26655]
AddToCard.c(79): Resource "https://petstore.octoperf.com/images/sm_birds.gif" is in the cache already and will not be downloaded again  	[MsgId: MMSG-26655]
AddToCard.c(79): Found resource "https://petstore.octoperf.com/images/fish3.gif" in HTML "https://petstore.octoperf.com/actions/Catalog.action?viewItem=&itemId=EST-5"  	[MsgId: MMSG-26659]
AddToCard.c(79): Resource "https://petstore.octoperf.com/images/banner_fish.gif" is in the cache already and will not be downloaded again  	[MsgId: MMSG-26655]
AddToCard.c(79): Registered web_reg_find successful for "Text=EST-5" (count=2)  	[MsgId: MMSG-26364]
AddToCard.c(79): web_link("{RanditemId}") was successful, 15232 body bytes, 511 header bytes  	[MsgId: MMSG-26386]
AddToCard.c(84): Notify: Transaction "PetStore_SelectItemId_T03" ended with a "Pass" status (Duration: 0.4128 Wasted Time: 0.0000).	[MsgId: MMSG-16871]
AddToCard.c(86): lr_think_time: 3.79 seconds (recorded think time was 5.00 seconds).	[MsgId: MMSG-15947]
AddToCard.c(67): Notify: Transaction "PetStore_SelectItemId_T03" started.	[MsgId: MMSG-16999]
AddToCard.c(71): Notify: Parameter Substitution: parameter "itemId_count" =  "2"	[MsgId: MMSG-13992]
AddToCard.c(72): Notify: Parameter Substitution: parameter "itemId_2" =  "EST-15"	[MsgId: MMSG-13992]
AddToCard.c(74): Notify: Saving Parameter "RanditemId = EST-15".	[MsgId: MMSG-13798]
AddToCard.c(75): Notify: Parameter Substitution: parameter "RanditemId" =  "EST-15"	[MsgId: MMSG-13992]
AddToCard.c(75): Random category selected in Action2 = EST-15	[MsgId: MMSG-17999]
AddToCard.c(77): web_reg_find started  	[MsgId: MMSG-26355]
AddToCard.c(77): Notify: Parameter Substitution: parameter "RanditemId" =  "EST-15"	[MsgId: MMSG-13992]
AddToCard.c(77): Registering web_reg_find was successful  	[MsgId: MMSG-26390]
AddToCard.c(79): web_link("{RanditemId}") started  	[MsgId: MMSG-26355]
AddToCard.c(79): Notify: Parameter Substitution: parameter "RanditemId" =  "EST-15"	[MsgId: MMSG-13992]
AddToCard.c(79): Linking to "https://petstore.octoperf.com/actions/Catalog.action?viewItem=&itemId=EST-15", Target Frame=""  	[MsgId: MMSG-27994]
Registration.c(29): Notify: Transaction "PetStore_SubmitRegistration_T02" started.	[MsgId: MMSG-16999]
Registration.c(31): web_reg_find started  	[MsgId: MMSG-26355]
Registration.c(31): Registering web_reg_find was successful  	[MsgId: MMSG-26390]
Registration.c(38): Notify: Saving Parameter "randomUsername = EVOU".	[MsgId: MMSG-13798]
Registration.c(44): Notify: Saving Parameter "randompass = lxst".	[MsgId: MMSG-13798]
Registration.c(58): Notify: Saving Parameter "randomFirstName = kiiwp".	[MsgId: MMSG-13798]
Registration.c(59): Notify: Saving Parameter "randomLastName = plkfg".	[MsgId: MMSG-13798]
Registration.c(71): Notify: Saving Parameter "RandomPhone = 9656652054".	[MsgId: MMSG-13798]
Registration.c(80): Notify: Saving Parameter "RandomZip = 487618".	[MsgId: MMSG-13798]
Registration.c(83): web_submit_form("Account.action") started  	[MsgId: MMSG-26355]
Registration.c(83): Notify: Parameter Substitution: parameter "randomUsername" =  "EVOU"	[MsgId: MMSG-13992]
Registration.c(83): Notify: Parameter Substitution: parameter "randompass" =  "lxst"	[MsgId: MMSG-13992]
Registration.c(83): Notify: Parameter Substitution: parameter "randompass" =  "lxst"	[MsgId: MMSG-13992]
Registration.c(83): Notify: Parameter Substitution: parameter "randomFirstName" =  "kiiwp"	[MsgId: MMSG-13992]
Registration.c(83): Notify: Parameter Substitution: parameter "randomLastName" =  "plkfg"	[MsgId: MMSG-13992]
Registration.c(83): Notify: Parameter Substitution: parameter "randomFirstName" =  "kiiwp"	[MsgId: MMSG-13992]
Registration.c(83): Notify: Parameter Substitution: parameter "randomLastName" =  "plkfg"	[MsgId: MMSG-13992]
Registration.c(83): Notify: Parameter Substitution: parameter "RandomPhone" =  "9656652054"	[MsgId: MMSG-13992]
Registration.c(83): Notify: Parameter Substitution: parameter "RandomZip" =  "487618"	[MsgId: MMSG-13992]
Registration.c(83): Submitting form to "https://petstore.octoperf.com/actions/Account.action", Target Frame=""  	[MsgId: MMSG-27978]
Registration.c(83): Connection to petstore.octoperf.com:443 closed after being inactive for 63 seconds, exceeding the "HTTP Keep-Alive timeout" Runtime Setting (60 seconds). URL="[None]"  	[MsgId: MMSG-27647]
AddToCard.c(79): Resource "https://petstore.octoperf.com/css/jpetstore.css" is in the cache already and will not be downloaded again  	[MsgId: MMSG-26655]
AddToCard.c(79): Resource "https://petstore.octoperf.com/images/logo-topbar.svg" is in the cache already and will not be downloaded again  	[MsgId: MMSG-26655]
AddToCard.c(79): Resource "https://petstore.octoperf.com/images/cart.gif" is in the cache already and will not be downloaded again  	[MsgId: MMSG-26655]
AddToCard.c(79): Resource "https://petstore.octoperf.com/images/separator.gif" is in the cache already and will not be downloaded again  	[MsgId: MMSG-26655]
AddToCard.c(79): Resource "https://petstore.octoperf.com/images/sm_fish.gif" is in the cache already and will not be downloaded again  	[MsgId: MMSG-26655]
AddToCard.c(79): Resource "https://petstore.octoperf.com/images/sm_dogs.gif" is in the cache already and will not be downloaded again  	[MsgId: MMSG-26655]
AddToCard.c(79): Resource "https://petstore.octoperf.com/images/sm_reptiles.gif" is in the cache already and will not be downloaded again  	[MsgId: MMSG-26655]
AddToCard.c(79): Resource "https://petstore.octoperf.com/images/sm_cats.gif" is in the cache already and will not be downloaded again  	[MsgId: MMSG-26655]
AddToCard.c(79): Resource "https://petstore.octoperf.com/images/sm_birds.gif" is in the cache already and will not be downloaded again  	[MsgId: MMSG-26655]
AddToCard.c(79): Found resource "https://petstore.octoperf.com/images/cat2.gif" in HTML "https://petstore.octoperf.com/actions/Catalog.action?viewItem=&itemId=EST-15"  	[MsgId: MMSG-26659]
AddToCard.c(79): Resource "https://petstore.octoperf.com/images/banner_fish.gif" is in the cache already and will not be downloaded again  	[MsgId: MMSG-26655]
AddToCard.c(79): Registered web_reg_find successful for "Text=EST-15" (count=2)  	[MsgId: MMSG-26364]
AddToCard.c(79): web_link("{RanditemId}") was successful, 16468 body bytes, 511 header bytes  	[MsgId: MMSG-26386]
AddToCard.c(84): Notify: Transaction "PetStore_SelectItemId_T03" ended with a "Pass" status (Duration: 0.5372 Wasted Time: 0.0000).	[MsgId: MMSG-16871]
AddToCard.c(86): lr_think_time: 2.97 seconds (recorded think time was 5.00 seconds).	[MsgId: MMSG-15947]
Registration.c(109): Notify: Transaction "PetStore_SignOut_T03" started.	[MsgId: MMSG-16999]
Registration.c(111): web_reg_find started  	[MsgId: MMSG-26355]
Registration.c(111): Registering web_reg_find was successful  	[MsgId: MMSG-26390]
Registration.c(114): web_url("Account.action_2") started  	[MsgId: MMSG-26355]
Registration.c(83): Redirecting "https://petstore.octoperf.com/actions/Account.action" (redirection depth is 0)  	[MsgId: MMSG-26694]
Registration.c(83): To location "https://petstore.octoperf.com/actions/Catalog.action"  	[MsgId: MMSG-26693]
Starting iteration 1.	[MsgId: MMSG-15968]
Warning -27077: The "vuser_init" section contains web function(s) when the "Simulate a new user on each iteration" Runtime Setting is ON.  This may produce unpredictable results with multiple iterations  	[MsgId: MWAR-27077]
Maximum number of concurrent connections per server: 6  	[MsgId: MMSG-26989]
Starting action Login.	[MsgId: MMSG-15919]
Registration.c(15): Notify: Transaction "PetStore_ClickOnRegistration_T01" started.	[MsgId: MMSG-16999]
Registration.c(17): web_reg_find started  	[MsgId: MMSG-26355]
Registration.c(17): Registering web_reg_find was successful  	[MsgId: MMSG-26390]
Registration.c(20): web_link("Register Now!") started  	[MsgId: MMSG-26355]
Registration.c(20): Linking to "https://petstore.octoperf.com/actions/Account.action?newAccountForm=", Target Frame=""  	[MsgId: MMSG-27994]
Registration.c(114): Redirecting "https://petstore.octoperf.com/actions/Account.action?signoff=" (redirection depth is 0)  	[MsgId: MMSG-26694]
Registration.c(114): To location "https://petstore.octoperf.com/actions/Catalog.action"  	[MsgId: MMSG-26693]
Registration.c(83): Resource "https://petstore.octoperf.com/css/jpetstore.css" is in the cache already and will not be downloaded again  	[MsgId: MMSG-26655]
Registration.c(83): Resource "https://petstore.octoperf.com/images/logo-topbar.svg" is in the cache already and will not be downloaded again  	[MsgId: MMSG-26655]
Registration.c(83): Resource "https://petstore.octoperf.com/images/cart.gif" is in the cache already and will not be downloaded again  	[MsgId: MMSG-26655]
Registration.c(83): Resource "https://petstore.octoperf.com/images/separator.gif" is in the cache already and will not be downloaded again  	[MsgId: MMSG-26655]
Registration.c(83): Resource "https://petstore.octoperf.com/images/sm_fish.gif" is in the cache already and will not be downloaded again  	[MsgId: MMSG-26655]
Registration.c(83): Resource "https://petstore.octoperf.com/images/sm_dogs.gif" is in the cache already and will not be downloaded again  	[MsgId: MMSG-26655]
Registration.c(83): Resource "https://petstore.octoperf.com/images/sm_reptiles.gif" is in the cache already and will not be downloaded again  	[MsgId: MMSG-26655]
Registration.c(83): Resource "https://petstore.octoperf.com/images/sm_cats.gif" is in the cache already and will not be downloaded again  	[MsgId: MMSG-26655]
Registration.c(83): Resource "https://petstore.octoperf.com/images/sm_birds.gif" is in the cache already and will not be downloaded again  	[MsgId: MMSG-26655]
Registration.c(83): Resource "https://petstore.octoperf.com/images/fish_icon.gif" is in the cache already and will not be downloaded again  	[MsgId: MMSG-26655]
Registration.c(83): Resource "https://petstore.octoperf.com/images/dogs_icon.gif" is in the cache already and will not be downloaded again  	[MsgId: MMSG-26655]
Registration.c(83): Resource "https://petstore.octoperf.com/images/cats_icon.gif" is in the cache already and will not be downloaded again  	[MsgId: MMSG-26655]
Registration.c(83): Resource "https://petstore.octoperf.com/images/reptiles_icon.gif" is in the cache already and will not be downloaded again  	[MsgId: MMSG-26655]
Registration.c(83): Resource "https://petstore.octoperf.com/images/birds_icon.gif" is in the cache already and will not be downloaded again  	[MsgId: MMSG-26655]
Registration.c(83): Resource "https://petstore.octoperf.com/images/splash.gif" is in the cache already and will not be downloaded again  	[MsgId: MMSG-26655]
Registration.c(83): Registered web_reg_find successful for "Text=Elevate you load-testing" (count=1)  	[MsgId: MMSG-26364]
Registration.c(83): web_submit_form("Account.action") was successful, 4736 body bytes, 443 header bytes  	[MsgId: MMSG-26386]
Registration.c(105): Notify: Transaction "PetStore_SubmitRegistration_T02" ended with a "Pass" status (Duration: 0.7957 Wasted Time: 0.0000).	[MsgId: MMSG-16871]
Registration.c(107): lr_think_time: 2.96 seconds (recorded think time was 5.00 seconds).	[MsgId: MMSG-15947]
Registration.c(20): Resource "https://petstore.octoperf.com/css/jpetstore.css" is in the cache already and will not be downloaded again  	[MsgId: MMSG-26655]
Registration.c(20): Resource "https://petstore.octoperf.com/images/logo-topbar.svg" is in the cache already and will not be downloaded again  	[MsgId: MMSG-26655]
Registration.c(20): Resource "https://petstore.octoperf.com/images/cart.gif" is in the cache already and will not be downloaded again  	[MsgId: MMSG-26655]
Registration.c(20): Resource "https://petstore.octoperf.com/images/separator.gif" is in the cache already and will not be downloaded again  	[MsgId: MMSG-26655]
Registration.c(20): Resource "https://petstore.octoperf.com/images/sm_fish.gif" is in the cache already and will not be downloaded again  	[MsgId: MMSG-26655]
Registration.c(20): Resource "https://petstore.octoperf.com/images/sm_dogs.gif" is in the cache already and will not be downloaded again  	[MsgId: MMSG-26655]
Registration.c(20): Resource "https://petstore.octoperf.com/images/sm_reptiles.gif" is in the cache already and will not be downloaded again  	[MsgId: MMSG-26655]
Registration.c(20): Resource "https://petstore.octoperf.com/images/sm_cats.gif" is in the cache already and will not be downloaded again  	[MsgId: MMSG-26655]
Registration.c(20): Resource "https://petstore.octoperf.com/images/sm_birds.gif" is in the cache already and will not be downloaded again  	[MsgId: MMSG-26655]
Registration.c(20): Registered web_reg_find successful for "Text=User Information" (count=1)  	[MsgId: MMSG-26364]
Registration.c(20): web_link("Register Now!") was successful, 5819 body bytes, 225 header bytes  	[MsgId: MMSG-26386]
Registration.c(25): Notify: Transaction "PetStore_ClickOnRegistration_T01" ended with a "Pass" status (Duration: 0.1253 Wasted Time: 0.0000).	[MsgId: MMSG-16871]
Registration.c(27): lr_think_time: 2.62 seconds (recorded think time was 5.00 seconds).	[MsgId: MMSG-15947]
Registration.c(114): Resource "https://petstore.octoperf.com/css/jpetstore.css" is in the cache already and will not be downloaded again  	[MsgId: MMSG-26655]
Registration.c(114): Resource "https://petstore.octoperf.com/images/logo-topbar.svg" is in the cache already and will not be downloaded again  	[MsgId: MMSG-26655]
Registration.c(114): Resource "https://petstore.octoperf.com/images/cart.gif" is in the cache already and will not be downloaded again  	[MsgId: MMSG-26655]
Registration.c(114): Resource "https://petstore.octoperf.com/images/separator.gif" is in the cache already and will not be downloaded again  	[MsgId: MMSG-26655]
Registration.c(114): Resource "https://petstore.octoperf.com/images/sm_fish.gif" is in the cache already and will not be downloaded again  	[MsgId: MMSG-26655]
Registration.c(114): Resource "https://petstore.octoperf.com/images/sm_dogs.gif" is in the cache already and will not be downloaded again  	[MsgId: MMSG-26655]
Registration.c(114): Resource "https://petstore.octoperf.com/images/sm_reptiles.gif" is in the cache already and will not be downloaded again  	[MsgId: MMSG-26655]
Registration.c(114): Resource "https://petstore.octoperf.com/images/sm_cats.gif" is in the cache already and will not be downloaded again  	[MsgId: MMSG-26655]
Registration.c(114): Resource "https://petstore.octoperf.com/images/sm_birds.gif" is in the cache already and will not be downloaded again  	[MsgId: MMSG-26655]
Registration.c(114): Resource "https://petstore.octoperf.com/images/fish_icon.gif" is in the cache already and will not be downloaded again  	[MsgId: MMSG-26655]
Registration.c(114): Resource "https://petstore.octoperf.com/images/dogs_icon.gif" is in the cache already and will not be downloaded again  	[MsgId: MMSG-26655]
Registration.c(114): Resource "https://petstore.octoperf.com/images/cats_icon.gif" is in the cache already and will not be downloaded again  	[MsgId: MMSG-26655]
Registration.c(114): Resource "https://petstore.octoperf.com/images/reptiles_icon.gif" is in the cache already and will not be downloaded again  	[MsgId: MMSG-26655]
Registration.c(114): Resource "https://petstore.octoperf.com/images/birds_icon.gif" is in the cache already and will not be downloaded again  	[MsgId: MMSG-26655]
Registration.c(114): Resource "https://petstore.octoperf.com/images/splash.gif" is in the cache already and will not be downloaded again  	[MsgId: MMSG-26655]
Registration.c(114): Registered web_reg_find successful for "Text=Sign In" (count=1)  	[MsgId: MMSG-26364]
Registration.c(114): web_url("Account.action_2") was successful, 4736 body bytes, 518 header bytes  	[MsgId: MMSG-26386]
Registration.c(123): Notify: Transaction "PetStore_SignOut_T03" ended with a "Pass" status (Duration: 0.2483 Wasted Time: 0.0000).	[MsgId: MMSG-16871]
Login.c(4): Notify: Transaction "PetStore_ClickOnSignIn_T01" started.	[MsgId: MMSG-16999]
Login.c(6): web_reg_find started  	[MsgId: MMSG-26355]
Login.c(6): Registering web_reg_find was successful  	[MsgId: MMSG-26390]
Login.c(9): web_link("Sign In") started  	[MsgId: MMSG-26355]
Login.c(9): Linking to "https://petstore.octoperf.com/actions/Account.action?signonForm=", Target Frame=""  	[MsgId: MMSG-27994]
Login.c(9): Resource "https://petstore.octoperf.com/css/jpetstore.css" is in the cache already and will not be downloaded again  	[MsgId: MMSG-26655]
Login.c(9): Resource "https://petstore.octoperf.com/images/logo-topbar.svg" is in the cache already and will not be downloaded again  	[MsgId: MMSG-26655]
Login.c(9): Resource "https://petstore.octoperf.com/images/cart.gif" is in the cache already and will not be downloaded again  	[MsgId: MMSG-26655]
Login.c(9): Resource "https://petstore.octoperf.com/images/separator.gif" is in the cache already and will not be downloaded again  	[MsgId: MMSG-26655]
Login.c(9): Resource "https://petstore.octoperf.com/images/sm_fish.gif" is in the cache already and will not be downloaded again  	[MsgId: MMSG-26655]
Login.c(9): Resource "https://petstore.octoperf.com/images/sm_dogs.gif" is in the cache already and will not be downloaded again  	[MsgId: MMSG-26655]
Login.c(9): Resource "https://petstore.octoperf.com/images/sm_reptiles.gif" is in the cache already and will not be downloaded again  	[MsgId: MMSG-26655]
Login.c(9): Resource "https://petstore.octoperf.com/images/sm_cats.gif" is in the cache already and will not be downloaded again  	[MsgId: MMSG-26655]
Login.c(9): Resource "https://petstore.octoperf.com/images/sm_birds.gif" is in the cache already and will not be downloaded again  	[MsgId: MMSG-26655]
Login.c(9): Registered web_reg_find successful for "Text=Please enter your username and password" (count=1)  	[MsgId: MMSG-26364]
Login.c(9): web_link("Sign In") was successful, 3858 body bytes, 225 header bytes  	[MsgId: MMSG-26386]
Login.c(13): Notify: Transaction "PetStore_ClickOnSignIn_T01" ended with a "Pass" status (Duration: 0.1596 Wasted Time: 0.0000).	[MsgId: MMSG-16871]
Login.c(15): lr_think_time: 2.56 seconds (recorded think time was 5.00 seconds).	[MsgId: MMSG-15947]
AddToCard.c(40): Notify: Transaction "PetStore_SelectProductId_T02" started.	[MsgId: MMSG-16999]
AddToCard.c(43): Notify: Parameter Substitution: parameter "productId_count" =  "2"	[MsgId: MMSG-13992]
AddToCard.c(44): Notify: Parameter Substitution: parameter "productId_1" =  "FL-DSH-01"	[MsgId: MMSG-13992]
AddToCard.c(46): Notify: Saving Parameter "RandproductId = FL-DSH-01".	[MsgId: MMSG-13798]
AddToCard.c(47): Notify: Parameter Substitution: parameter "RandproductId" =  "FL-DSH-01"	[MsgId: MMSG-13992]
AddToCard.c(47): Random category selected in Action2 = FL-DSH-01	[MsgId: MMSG-17999]
AddToCard.c(49): web_reg_find started  	[MsgId: MMSG-26355]
AddToCard.c(49): Notify: Parameter Substitution: parameter "RandproductId" =  "FL-DSH-01"	[MsgId: MMSG-13992]
AddToCard.c(49): Registering web_reg_find was successful  	[MsgId: MMSG-26390]
AddToCard.c(51): web_reg_save_param_regexp started  	[MsgId: MMSG-26355]
AddToCard.c(51): Registering web_reg_save_param_regexp was successful  	[MsgId: MMSG-26390]
AddToCard.c(58): web_link("{RandproductId}") started  	[MsgId: MMSG-26355]
AddToCard.c(58): Notify: Parameter Substitution: parameter "RandproductId" =  "FL-DSH-01"	[MsgId: MMSG-13992]
AddToCard.c(58): Linking to "https://petstore.octoperf.com/actions/Catalog.action?viewProduct=&productId=FL-DSH-01", Target Frame=""  	[MsgId: MMSG-27994]
AddToCard.c(58): Resource "https://petstore.octoperf.com/css/jpetstore.css" is in the cache already and will not be downloaded again  	[MsgId: MMSG-26655]
AddToCard.c(58): Resource "https://petstore.octoperf.com/images/logo-topbar.svg" is in the cache already and will not be downloaded again  	[MsgId: MMSG-26655]
AddToCard.c(58): Resource "https://petstore.octoperf.com/images/cart.gif" is in the cache already and will not be downloaded again  	[MsgId: MMSG-26655]
AddToCard.c(58): Resource "https://petstore.octoperf.com/images/separator.gif" is in the cache already and will not be downloaded again  	[MsgId: MMSG-26655]
AddToCard.c(58): Resource "https://petstore.octoperf.com/images/sm_fish.gif" is in the cache already and will not be downloaded again  	[MsgId: MMSG-26655]
AddToCard.c(58): Resource "https://petstore.octoperf.com/images/sm_dogs.gif" is in the cache already and will not be downloaded again  	[MsgId: MMSG-26655]
AddToCard.c(58): Resource "https://petstore.octoperf.com/images/sm_reptiles.gif" is in the cache already and will not be downloaded again  	[MsgId: MMSG-26655]
AddToCard.c(58): Resource "https://petstore.octoperf.com/images/sm_cats.gif" is in the cache already and will not be downloaded again  	[MsgId: MMSG-26655]
AddToCard.c(58): Resource "https://petstore.octoperf.com/images/sm_birds.gif" is in the cache already and will not be downloaded again  	[MsgId: MMSG-26655]
AddToCard.c(58): Resource "https://petstore.octoperf.com/images/banner_fish.gif" is in the cache already and will not be downloaded again  	[MsgId: MMSG-26655]
AddToCard.c(58): Notify: Saving Parameter "itemId_1 = EST-14".	[MsgId: MMSG-13798]
AddToCard.c(58): Notify: Saving Parameter "itemId_2 = EST-15".	[MsgId: MMSG-13798]
AddToCard.c(58): Notify: Saving Parameter "itemId_count = 2".	[MsgId: MMSG-13798]
AddToCard.c(58): Registered web_reg_find successful for "Text=FL-DSH-01" (count=2)  	[MsgId: MMSG-26364]
AddToCard.c(58): web_link("{RandproductId}") was successful, 4063 body bytes, 225 header bytes  	[MsgId: MMSG-26386]
AddToCard.c(63): Notify: Transaction "PetStore_SelectProductId_T02" ended with a "Pass" status (Duration: 0.1259 Wasted Time: 0.0003).	[MsgId: MMSG-16871]
AddToCard.c(65): lr_think_time: 3.28 seconds (recorded think time was 5.00 seconds).	[MsgId: MMSG-15947]
AddToCard.c(88): Notify: Transaction "PetStore_AddToCard_T04" started.	[MsgId: MMSG-16999]
AddToCard.c(90): web_reg_find started  	[MsgId: MMSG-26355]
AddToCard.c(90): Registering web_reg_find was successful  	[MsgId: MMSG-26390]
AddToCard.c(94): web_link("Add to Cart") started  	[MsgId: MMSG-26355]
AddToCard.c(94): Linking to "https://petstore.octoperf.com/actions/Cart.action?addItemToCart=&workingItemId=EST-5", Target Frame=""  	[MsgId: MMSG-27994]
AddToCard.c(94): Resource "https://petstore.octoperf.com/css/jpetstore.css" is in the cache already and will not be downloaded again  	[MsgId: MMSG-26655]
AddToCard.c(94): Resource "https://petstore.octoperf.com/images/logo-topbar.svg" is in the cache already and will not be downloaded again  	[MsgId: MMSG-26655]
AddToCard.c(94): Resource "https://petstore.octoperf.com/images/cart.gif" is in the cache already and will not be downloaded again  	[MsgId: MMSG-26655]
AddToCard.c(94): Resource "https://petstore.octoperf.com/images/separator.gif" is in the cache already and will not be downloaded again  	[MsgId: MMSG-26655]
AddToCard.c(94): Resource "https://petstore.octoperf.com/images/sm_fish.gif" is in the cache already and will not be downloaded again  	[MsgId: MMSG-26655]
AddToCard.c(94): Resource "https://petstore.octoperf.com/images/sm_dogs.gif" is in the cache already and will not be downloaded again  	[MsgId: MMSG-26655]
AddToCard.c(94): Resource "https://petstore.octoperf.com/images/sm_reptiles.gif" is in the cache already and will not be downloaded again  	[MsgId: MMSG-26655]
AddToCard.c(94): Resource "https://petstore.octoperf.com/images/sm_cats.gif" is in the cache already and will not be downloaded again  	[MsgId: MMSG-26655]
AddToCard.c(94): Resource "https://petstore.octoperf.com/images/sm_birds.gif" is in the cache already and will not be downloaded again  	[MsgId: MMSG-26655]
AddToCard.c(94): Resource "https://petstore.octoperf.com/images/banner_fish.gif" is in the cache already and will not be downloaded again  	[MsgId: MMSG-26655]
AddToCard.c(94): Registered web_reg_find successful for "Text=Shopping Cart" (count=1)  	[MsgId: MMSG-26364]
AddToCard.c(94): web_link("Add to Cart") was successful, 4625 body bytes, 225 header bytes  	[MsgId: MMSG-26386]
AddToCard.c(99): Notify: Transaction "PetStore_AddToCard_T04" ended with a "Pass" status (Duration: 0.1280 Wasted Time: 0.0000).	[MsgId: MMSG-16871]
CheckOutThProduct.c(4): Notify: Transaction "PetStore_ClickOnViewCart_T01" started.	[MsgId: MMSG-16999]
CheckOutThProduct.c(5): web_reg_find started  	[MsgId: MMSG-26355]
CheckOutThProduct.c(5): Registering web_reg_find was successful  	[MsgId: MMSG-26390]
CheckOutThProduct.c(7): web_url("Cart.action_4") started  	[MsgId: MMSG-26355]
CheckOutThProduct.c(7): Resource "https://petstore.octoperf.com/css/jpetstore.css" is in the cache already and will not be downloaded again  	[MsgId: MMSG-26655]
CheckOutThProduct.c(7): Resource "https://petstore.octoperf.com/images/logo-topbar.svg" is in the cache already and will not be downloaded again  	[MsgId: MMSG-26655]
CheckOutThProduct.c(7): Resource "https://petstore.octoperf.com/images/cart.gif" is in the cache already and will not be downloaded again  	[MsgId: MMSG-26655]
CheckOutThProduct.c(7): Resource "https://petstore.octoperf.com/images/separator.gif" is in the cache already and will not be downloaded again  	[MsgId: MMSG-26655]
CheckOutThProduct.c(7): Resource "https://petstore.octoperf.com/images/sm_fish.gif" is in the cache already and will not be downloaded again  	[MsgId: MMSG-26655]
CheckOutThProduct.c(7): Resource "https://petstore.octoperf.com/images/sm_dogs.gif" is in the cache already and will not be downloaded again  	[MsgId: MMSG-26655]
CheckOutThProduct.c(7): Resource "https://petstore.octoperf.com/images/sm_reptiles.gif" is in the cache already and will not be downloaded again  	[MsgId: MMSG-26655]
CheckOutThProduct.c(7): Resource "https://petstore.octoperf.com/images/sm_cats.gif" is in the cache already and will not be downloaded again  	[MsgId: MMSG-26655]
CheckOutThProduct.c(7): Resource "https://petstore.octoperf.com/images/sm_birds.gif" is in the cache already and will not be downloaded again  	[MsgId: MMSG-26655]
CheckOutThProduct.c(7): Resource "https://petstore.octoperf.com/images/banner_fish.gif" is in the cache already and will not be downloaded again  	[MsgId: MMSG-26655]
CheckOutThProduct.c(7): Registered web_reg_find successful for "Text=Shopping Cart" (count=1)  	[MsgId: MMSG-26364]
CheckOutThProduct.c(7): web_url("Cart.action_4") was successful, 4625 body bytes, 225 header bytes  	[MsgId: MMSG-26386]
CheckOutThProduct.c(15): Notify: Transaction "PetStore_ClickOnViewCart_T01" ended with a "Pass" status (Duration: 0.1269 Wasted Time: 0.0000).	[MsgId: MMSG-16871]
CheckOutThProduct.c(17): lr_think_time: 2.84 seconds (recorded think time was 5.00 seconds).	[MsgId: MMSG-15947]
AddToCard.c(88): Notify: Transaction "PetStore_AddToCard_T04" started.	[MsgId: MMSG-16999]
AddToCard.c(90): web_reg_find started  	[MsgId: MMSG-26355]
AddToCard.c(90): Registering web_reg_find was successful  	[MsgId: MMSG-26390]
AddToCard.c(94): web_link("Add to Cart") started  	[MsgId: MMSG-26355]
AddToCard.c(94): Linking to "https://petstore.octoperf.com/actions/Cart.action?addItemToCart=&workingItemId=EST-15", Target Frame=""  	[MsgId: MMSG-27994]
Registration.c(29): Notify: Transaction "PetStore_SubmitRegistration_T02" started.	[MsgId: MMSG-16999]
Registration.c(31): web_reg_find started  	[MsgId: MMSG-26355]
Registration.c(31): Registering web_reg_find was successful  	[MsgId: MMSG-26390]
Registration.c(38): Notify: Saving Parameter "randomUsername = VFJL".	[MsgId: MMSG-13798]
Registration.c(44): Notify: Saving Parameter "randompass = ksgd".	[MsgId: MMSG-13798]
Registration.c(58): Notify: Saving Parameter "randomFirstName = uixie".	[MsgId: MMSG-13798]
Registration.c(59): Notify: Saving Parameter "randomLastName = qxshq".	[MsgId: MMSG-13798]
Registration.c(71): Notify: Saving Parameter "RandomPhone = ;774603647".	[MsgId: MMSG-13798]
Registration.c(80): Notify: Saving Parameter "RandomZip = 092802".	[MsgId: MMSG-13798]
Registration.c(83): web_submit_form("Account.action") started  	[MsgId: MMSG-26355]
Registration.c(83): Notify: Parameter Substitution: parameter "randomUsername" =  "VFJL"	[MsgId: MMSG-13992]
Registration.c(83): Notify: Parameter Substitution: parameter "randompass" =  "ksgd"	[MsgId: MMSG-13992]
Registration.c(83): Notify: Parameter Substitution: parameter "randompass" =  "ksgd"	[MsgId: MMSG-13992]
Registration.c(83): Notify: Parameter Substitution: parameter "randomFirstName" =  "uixie"	[MsgId: MMSG-13992]
Registration.c(83): Notify: Parameter Substitution: parameter "randomLastName" =  "qxshq"	[MsgId: MMSG-13992]
Registration.c(83): Notify: Parameter Substitution: parameter "randomFirstName" =  "uixie"	[MsgId: MMSG-13992]
Registration.c(83): Notify: Parameter Substitution: parameter "randomLastName" =  "qxshq"	[MsgId: MMSG-13992]
Registration.c(83): Notify: Parameter Substitution: parameter "RandomPhone" =  ";774603647"	[MsgId: MMSG-13992]
Registration.c(83): Notify: Parameter Substitution: parameter "RandomZip" =  "092802"	[MsgId: MMSG-13992]
Registration.c(83): Submitting form to "https://petstore.octoperf.com/actions/Account.action", Target Frame=""  	[MsgId: MMSG-27978]
Registration.c(83): Connection to petstore.octoperf.com:443 closed after being inactive for 61 seconds, exceeding the "HTTP Keep-Alive timeout" Runtime Setting (60 seconds). URL="[None]"  	[MsgId: MMSG-27647]
AddToCard.c(94): Resource "https://petstore.octoperf.com/css/jpetstore.css" is in the cache already and will not be downloaded again  	[MsgId: MMSG-26655]
AddToCard.c(94): Resource "https://petstore.octoperf.com/images/logo-topbar.svg" is in the cache already and will not be downloaded again  	[MsgId: MMSG-26655]
AddToCard.c(94): Resource "https://petstore.octoperf.com/images/cart.gif" is in the cache already and will not be downloaded again  	[MsgId: MMSG-26655]
AddToCard.c(94): Resource "https://petstore.octoperf.com/images/separator.gif" is in the cache already and will not be downloaded again  	[MsgId: MMSG-26655]
AddToCard.c(94): Resource "https://petstore.octoperf.com/images/sm_fish.gif" is in the cache already and will not be downloaded again  	[MsgId: MMSG-26655]
AddToCard.c(94): Resource "https://petstore.octoperf.com/images/sm_dogs.gif" is in the cache already and will not be downloaded again  	[MsgId: MMSG-26655]
AddToCard.c(94): Resource "https://petstore.octoperf.com/images/sm_reptiles.gif" is in the cache already and will not be downloaded again  	[MsgId: MMSG-26655]
AddToCard.c(94): Resource "https://petstore.octoperf.com/images/sm_cats.gif" is in the cache already and will not be downloaded again  	[MsgId: MMSG-26655]
AddToCard.c(94): Resource "https://petstore.octoperf.com/images/sm_birds.gif" is in the cache already and will not be downloaded again  	[MsgId: MMSG-26655]
AddToCard.c(94): Resource "https://petstore.octoperf.com/images/banner_fish.gif" is in the cache already and will not be downloaded again  	[MsgId: MMSG-26655]
AddToCard.c(94): Registered web_reg_find successful for "Text=Shopping Cart" (count=1)  	[MsgId: MMSG-26364]
AddToCard.c(94): web_link("Add to Cart") was successful, 4631 body bytes, 225 header bytes  	[MsgId: MMSG-26386]
AddToCard.c(99): Notify: Transaction "PetStore_AddToCard_T04" ended with a "Pass" status (Duration: 0.1273 Wasted Time: 0.0000).	[MsgId: MMSG-16871]
CheckOutThProduct.c(4): Notify: Transaction "PetStore_ClickOnViewCart_T01" started.	[MsgId: MMSG-16999]
CheckOutThProduct.c(5): web_reg_find started  	[MsgId: MMSG-26355]
CheckOutThProduct.c(5): Registering web_reg_find was successful  	[MsgId: MMSG-26390]
CheckOutThProduct.c(7): web_url("Cart.action_4") started  	[MsgId: MMSG-26355]
Login.c(17): Notify: Transaction "PetStore_Login_T01" started.	[MsgId: MMSG-16999]
Login.c(18): web_reg_find started  	[MsgId: MMSG-26355]
Login.c(18): Registering web_reg_find was successful  	[MsgId: MMSG-26390]
Login.c(20): web_reg_save_param_regexp started  	[MsgId: MMSG-26355]
Login.c(20): Registering web_reg_save_param_regexp was successful  	[MsgId: MMSG-26390]
Login.c(26): web_submit_form("Account.action") started  	[MsgId: MMSG-26355]
Login.c(26): Notify: Parameter Substitution: parameter "randomUsername" =  "OLBL"	[MsgId: MMSG-13992]
Login.c(26): Notify: Parameter Substitution: parameter "randompass" =  "ftlr"	[MsgId: MMSG-13992]
Login.c(26): Submitting form to "https://petstore.octoperf.com/actions/Account.action", Target Frame=""  	[MsgId: MMSG-27978]
CheckOutThProduct.c(7): Resource "https://petstore.octoperf.com/css/jpetstore.css" is in the cache already and will not be downloaded again  	[MsgId: MMSG-26655]
CheckOutThProduct.c(7): Resource "https://petstore.octoperf.com/images/logo-topbar.svg" is in the cache already and will not be downloaded again  	[MsgId: MMSG-26655]
CheckOutThProduct.c(7): Resource "https://petstore.octoperf.com/images/cart.gif" is in the cache already and will not be downloaded again  	[MsgId: MMSG-26655]
CheckOutThProduct.c(7): Resource "https://petstore.octoperf.com/images/separator.gif" is in the cache already and will not be downloaded again  	[MsgId: MMSG-26655]
CheckOutThProduct.c(7): Resource "https://petstore.octoperf.com/images/sm_fish.gif" is in the cache already and will not be downloaded again  	[MsgId: MMSG-26655]
CheckOutThProduct.c(7): Resource "https://petstore.octoperf.com/images/sm_dogs.gif" is in the cache already and will not be downloaded again  	[MsgId: MMSG-26655]
CheckOutThProduct.c(7): Resource "https://petstore.octoperf.com/images/sm_reptiles.gif" is in the cache already and will not be downloaded again  	[MsgId: MMSG-26655]
CheckOutThProduct.c(7): Resource "https://petstore.octoperf.com/images/sm_cats.gif" is in the cache already and will not be downloaded again  	[MsgId: MMSG-26655]
CheckOutThProduct.c(7): Resource "https://petstore.octoperf.com/images/sm_birds.gif" is in the cache already and will not be downloaded again  	[MsgId: MMSG-26655]
CheckOutThProduct.c(7): Resource "https://petstore.octoperf.com/images/banner_fish.gif" is in the cache already and will not be downloaded again  	[MsgId: MMSG-26655]
CheckOutThProduct.c(7): Registered web_reg_find successful for "Text=Shopping Cart" (count=1)  	[MsgId: MMSG-26364]
CheckOutThProduct.c(7): web_url("Cart.action_4") was successful, 4631 body bytes, 225 header bytes  	[MsgId: MMSG-26386]
CheckOutThProduct.c(15): Notify: Transaction "PetStore_ClickOnViewCart_T01" ended with a "Pass" status (Duration: 0.1245 Wasted Time: 0.0000).	[MsgId: MMSG-16871]
CheckOutThProduct.c(17): lr_think_time: 3.19 seconds (recorded think time was 5.00 seconds).	[MsgId: MMSG-15947]
Registration.c(109): Notify: Transaction "PetStore_SignOut_T03" started.	[MsgId: MMSG-16999]
Registration.c(111): web_reg_find started  	[MsgId: MMSG-26355]
Registration.c(111): Registering web_reg_find was successful  	[MsgId: MMSG-26390]
Registration.c(114): web_url("Account.action_2") started  	[MsgId: MMSG-26355]
Login.c(26): Redirecting "https://petstore.octoperf.com/actions/Account.action" (redirection depth is 0)  	[MsgId: MMSG-26694]
Login.c(26): To location "https://petstore.octoperf.com/actions/Catalog.action"  	[MsgId: MMSG-26693]
Registration.c(114): Redirecting "https://petstore.octoperf.com/actions/Account.action?signoff=" (redirection depth is 0)  	[MsgId: MMSG-26694]
Registration.c(114): To location "https://petstore.octoperf.com/actions/Catalog.action"  	[MsgId: MMSG-26693]
Login.c(26): Resource "https://petstore.octoperf.com/css/jpetstore.css" is in the cache already and will not be downloaded again  	[MsgId: MMSG-26655]
Login.c(26): Resource "https://petstore.octoperf.com/images/logo-topbar.svg" is in the cache already and will not be downloaded again  	[MsgId: MMSG-26655]
Login.c(26): Resource "https://petstore.octoperf.com/images/cart.gif" is in the cache already and will not be downloaded again  	[MsgId: MMSG-26655]
Login.c(26): Resource "https://petstore.octoperf.com/images/separator.gif" is in the cache already and will not be downloaded again  	[MsgId: MMSG-26655]
Login.c(26): Resource "https://petstore.octoperf.com/images/sm_fish.gif" is in the cache already and will not be downloaded again  	[MsgId: MMSG-26655]
Login.c(26): Resource "https://petstore.octoperf.com/images/sm_dogs.gif" is in the cache already and will not be downloaded again  	[MsgId: MMSG-26655]
Login.c(26): Resource "https://petstore.octoperf.com/images/sm_reptiles.gif" is in the cache already and will not be downloaded again  	[MsgId: MMSG-26655]
Login.c(26): Resource "https://petstore.octoperf.com/images/sm_cats.gif" is in the cache already and will not be downloaded again  	[MsgId: MMSG-26655]
Login.c(26): Resource "https://petstore.octoperf.com/images/sm_birds.gif" is in the cache already and will not be downloaded again  	[MsgId: MMSG-26655]
Login.c(26): Resource "https://petstore.octoperf.com/images/fish_icon.gif" is in the cache already and will not be downloaded again  	[MsgId: MMSG-26655]
Login.c(26): Resource "https://petstore.octoperf.com/images/dogs_icon.gif" is in the cache already and will not be downloaded again  	[MsgId: MMSG-26655]
Login.c(26): Resource "https://petstore.octoperf.com/images/cats_icon.gif" is in the cache already and will not be downloaded again  	[MsgId: MMSG-26655]
Login.c(26): Resource "https://petstore.octoperf.com/images/reptiles_icon.gif" is in the cache already and will not be downloaded again  	[MsgId: MMSG-26655]
Login.c(26): Resource "https://petstore.octoperf.com/images/birds_icon.gif" is in the cache already and will not be downloaded again  	[MsgId: MMSG-26655]
Login.c(26): Resource "https://petstore.octoperf.com/images/splash.gif" is in the cache already and will not be downloaded again  	[MsgId: MMSG-26655]
Login.c(26): Found resource "https://petstore.octoperf.com/images/banner_fish.gif" in HTML "https://petstore.octoperf.com/actions/Catalog.action"  	[MsgId: MMSG-26659]
Login.c(26): Notify: Saving Parameter "ProductName_1 = BIRDS".	[MsgId: MMSG-13798]
Login.c(26): Notify: Saving Parameter "ProductName_2 = FISH".	[MsgId: MMSG-13798]
Login.c(26): Notify: Saving Parameter "ProductName_3 = DOGS".	[MsgId: MMSG-13798]
Login.c(26): Notify: Saving Parameter "ProductName_4 = REPTILES".	[MsgId: MMSG-13798]
Login.c(26): Notify: Saving Parameter "ProductName_5 = CATS".	[MsgId: MMSG-13798]
Login.c(26): Notify: Saving Parameter "ProductName_6 = BIRDS".	[MsgId: MMSG-13798]
Registration.c(114): Resource "https://petstore.octoperf.com/css/jpetstore.css" is in the cache already and will not be downloaded again  	[MsgId: MMSG-26655]
Registration.c(114): Resource "https://petstore.octoperf.com/images/logo-topbar.svg" is in the cache already and will not be downloaded again  	[MsgId: MMSG-26655]
Registration.c(114): Resource "https://petstore.octoperf.com/images/cart.gif" is in the cache already and will not be downloaded again  	[MsgId: MMSG-26655]
Registration.c(114): Resource "https://petstore.octoperf.com/images/separator.gif" is in the cache already and will not be downloaded again  	[MsgId: MMSG-26655]
Registration.c(114): Resource "https://petstore.octoperf.com/images/sm_fish.gif" is in the cache already and will not be downloaded again  	[MsgId: MMSG-26655]
Registration.c(114): Resource "https://petstore.octoperf.com/images/sm_dogs.gif" is in the cache already and will not be downloaded again  	[MsgId: MMSG-26655]
Registration.c(114): Resource "https://petstore.octoperf.com/images/sm_reptiles.gif" is in the cache already and will not be downloaded again  	[MsgId: MMSG-26655]
Registration.c(114): Resource "https://petstore.octoperf.com/images/sm_cats.gif" is in the cache already and will not be downloaded again  	[MsgId: MMSG-26655]
Registration.c(114): Resource "https://petstore.octoperf.com/images/sm_birds.gif" is in the cache already and will not be downloaded again  	[MsgId: MMSG-26655]
Registration.c(114): Resource "https://petstore.octoperf.com/images/fish_icon.gif" is in the cache already and will not be downloaded again  	[MsgId: MMSG-26655]
Registration.c(114): Resource "https://petstore.octoperf.com/images/dogs_icon.gif" is in the cache already and will not be downloaded again  	[MsgId: MMSG-26655]
Registration.c(114): Resource "https://petstore.octoperf.com/images/cats_icon.gif" is in the cache already and will not be downloaded again  	[MsgId: MMSG-26655]
Registration.c(114): Resource "https://petstore.octoperf.com/images/reptiles_icon.gif" is in the cache already and will not be downloaded again  	[MsgId: MMSG-26655]
Registration.c(114): Resource "https://petstore.octoperf.com/images/birds_icon.gif" is in the cache already and will not be downloaded again  	[MsgId: MMSG-26655]
Registration.c(114): Resource "https://petstore.octoperf.com/images/splash.gif" is in the cache already and will not be downloaded again  	[MsgId: MMSG-26655]
Registration.c(114): Registered web_reg_find successful for "Text=Sign In" (count=1)  	[MsgId: MMSG-26364]
Registration.c(114): web_url("Account.action_2") was successful, 4736 body bytes, 518 header bytes  	[MsgId: MMSG-26386]
Registration.c(123): Notify: Transaction "PetStore_SignOut_T03" ended with a "Pass" status (Duration: 0.2501 Wasted Time: 0.0000).	[MsgId: MMSG-16871]
Login.c(4): Notify: Transaction "PetStore_ClickOnSignIn_T01" started.	[MsgId: MMSG-16999]
Login.c(6): web_reg_find started  	[MsgId: MMSG-26355]
Login.c(6): Registering web_reg_find was successful  	[MsgId: MMSG-26390]
Login.c(9): web_link("Sign In") started  	[MsgId: MMSG-26355]
Login.c(9): Linking to "https://petstore.octoperf.com/actions/Account.action?signonForm=", Target Frame=""  	[MsgId: MMSG-27994]
Login.c(26): Notify: Saving Parameter "ProductName_count = 6".	[MsgId: MMSG-13798]
Login.c(26): Registered web_reg_find successful for "Text=My Account" (count=1)  	[MsgId: MMSG-26364]
Login.c(26): web_submit_form("Account.action") was successful, 11416 body bytes, 727 header bytes  	[MsgId: MMSG-26386]
Login.c(34): Notify: Transaction "PetStore_Login_T01" ended with a "Pass" status (Duration: 0.4961 Wasted Time: 0.0003).	[MsgId: MMSG-16871]
Ending action Login.	[MsgId: MMSG-15918]
Starting action CheckOutThProduct.	[MsgId: MMSG-15919]
AddToCard.c(8): Notify: Transaction "PetStore_AddAproduct_T01" started.	[MsgId: MMSG-16999]
AddToCard.c(11): Notify: Parameter Substitution: parameter "ProductName_count" =  "6"	[MsgId: MMSG-13992]
AddToCard.c(12): Notify: Parameter Substitution: parameter "ProductName_6" =  "BIRDS"	[MsgId: MMSG-13992]
AddToCard.c(14): Notify: Saving Parameter "RandCategory = BIRDS".	[MsgId: MMSG-13798]
AddToCard.c(15): Notify: Parameter Substitution: parameter "RandCategory" =  "BIRDS"	[MsgId: MMSG-13992]
AddToCard.c(15): Random category selected in Action2 = BIRDS	[MsgId: MMSG-17999]
AddToCard.c(17): web_reg_find started  	[MsgId: MMSG-26355]
AddToCard.c(17): Notify: Parameter Substitution: parameter "RandCategory" =  "BIRDS"	[MsgId: MMSG-13992]
AddToCard.c(17): Registering web_reg_find was successful  	[MsgId: MMSG-26390]
AddToCard.c(20): web_reg_save_param_regexp started  	[MsgId: MMSG-26355]
AddToCard.c(20): Registering web_reg_save_param_regexp was successful  	[MsgId: MMSG-26390]
AddToCard.c(27): web_url("Catalog.action_2") started  	[MsgId: MMSG-26355]
AddToCard.c(27): Notify: Parameter Substitution: parameter "RandCategory" =  "BIRDS"	[MsgId: MMSG-13992]
Login.c(9): Resource "https://petstore.octoperf.com/css/jpetstore.css" is in the cache already and will not be downloaded again  	[MsgId: MMSG-26655]
Login.c(9): Resource "https://petstore.octoperf.com/images/logo-topbar.svg" is in the cache already and will not be downloaded again  	[MsgId: MMSG-26655]
Login.c(9): Resource "https://petstore.octoperf.com/images/cart.gif" is in the cache already and will not be downloaded again  	[MsgId: MMSG-26655]
Login.c(9): Resource "https://petstore.octoperf.com/images/separator.gif" is in the cache already and will not be downloaded again  	[MsgId: MMSG-26655]
Login.c(9): Resource "https://petstore.octoperf.com/images/sm_fish.gif" is in the cache already and will not be downloaded again  	[MsgId: MMSG-26655]
Login.c(9): Resource "https://petstore.octoperf.com/images/sm_dogs.gif" is in the cache already and will not be downloaded again  	[MsgId: MMSG-26655]
Login.c(9): Resource "https://petstore.octoperf.com/images/sm_reptiles.gif" is in the cache already and will not be downloaded again  	[MsgId: MMSG-26655]
Login.c(9): Resource "https://petstore.octoperf.com/images/sm_cats.gif" is in the cache already and will not be downloaded again  	[MsgId: MMSG-26655]
Login.c(9): Resource "https://petstore.octoperf.com/images/sm_birds.gif" is in the cache already and will not be downloaded again  	[MsgId: MMSG-26655]
Login.c(9): Registered web_reg_find successful for "Text=Please enter your username and password" (count=1)  	[MsgId: MMSG-26364]
Login.c(9): web_link("Sign In") was successful, 3858 body bytes, 225 header bytes  	[MsgId: MMSG-26386]
Login.c(13): Notify: Transaction "PetStore_ClickOnSignIn_T01" ended with a "Pass" status (Duration: 0.1252 Wasted Time: 0.0000).	[MsgId: MMSG-16871]
Login.c(15): lr_think_time: 3.54 seconds (recorded think time was 5.00 seconds).	[MsgId: MMSG-15947]
Registration.c(83): Redirecting "https://petstore.octoperf.com/actions/Account.action" (redirection depth is 0)  	[MsgId: MMSG-26694]
Registration.c(83): To location "https://petstore.octoperf.com/actions/Catalog.action"  	[MsgId: MMSG-26693]
AddToCard.c(27): Resource "https://petstore.octoperf.com/css/jpetstore.css" is in the cache already and will not be downloaded again  	[MsgId: MMSG-26655]
AddToCard.c(27): Resource "https://petstore.octoperf.com/images/logo-topbar.svg" is in the cache already and will not be downloaded again  	[MsgId: MMSG-26655]
AddToCard.c(27): Resource "https://petstore.octoperf.com/images/cart.gif" is in the cache already and will not be downloaded again  	[MsgId: MMSG-26655]
AddToCard.c(27): Resource "https://petstore.octoperf.com/images/separator.gif" is in the cache already and will not be downloaded again  	[MsgId: MMSG-26655]
AddToCard.c(27): Resource "https://petstore.octoperf.com/images/sm_fish.gif" is in the cache already and will not be downloaded again  	[MsgId: MMSG-26655]
AddToCard.c(27): Resource "https://petstore.octoperf.com/images/sm_dogs.gif" is in the cache already and will not be downloaded again  	[MsgId: MMSG-26655]
AddToCard.c(27): Resource "https://petstore.octoperf.com/images/sm_reptiles.gif" is in the cache already and will not be downloaded again  	[MsgId: MMSG-26655]
AddToCard.c(27): Resource "https://petstore.octoperf.com/images/sm_cats.gif" is in the cache already and will not be downloaded again  	[MsgId: MMSG-26655]
AddToCard.c(27): Resource "https://petstore.octoperf.com/images/sm_birds.gif" is in the cache already and will not be downloaded again  	[MsgId: MMSG-26655]
AddToCard.c(27): Resource "https://petstore.octoperf.com/images/banner_fish.gif" is in the cache already and will not be downloaded again  	[MsgId: MMSG-26655]
AddToCard.c(27): Notify: Saving Parameter "productId_1 = AV-CB-01".	[MsgId: MMSG-13798]
AddToCard.c(27): Notify: Saving Parameter "productId_2 = AV-SB-02".	[MsgId: MMSG-13798]
AddToCard.c(27): Notify: Saving Parameter "productId_count = 2".	[MsgId: MMSG-13798]
AddToCard.c(27): Registered web_reg_find successful for "Text=BIRDS" (count=1)  	[MsgId: MMSG-26364]
AddToCard.c(27): web_url("Catalog.action_2") was successful, 3625 body bytes, 225 header bytes  	[MsgId: MMSG-26386]
AddToCard.c(36): Notify: Transaction "PetStore_AddAproduct_T01" ended with a "Pass" status (Duration: 0.1257 Wasted Time: 0.0003).	[MsgId: MMSG-16871]
AddToCard.c(38): lr_think_time: 4.56 seconds (recorded think time was 5.00 seconds).	[MsgId: MMSG-15947]
Registration.c(83): Resource "https://petstore.octoperf.com/css/jpetstore.css" is in the cache already and will not be downloaded again  	[MsgId: MMSG-26655]
Registration.c(83): Resource "https://petstore.octoperf.com/images/logo-topbar.svg" is in the cache already and will not be downloaded again  	[MsgId: MMSG-26655]
Registration.c(83): Resource "https://petstore.octoperf.com/images/cart.gif" is in the cache already and will not be downloaded again  	[MsgId: MMSG-26655]
Registration.c(83): Resource "https://petstore.octoperf.com/images/separator.gif" is in the cache already and will not be downloaded again  	[MsgId: MMSG-26655]
Registration.c(83): Resource "https://petstore.octoperf.com/images/sm_fish.gif" is in the cache already and will not be downloaded again  	[MsgId: MMSG-26655]
Registration.c(83): Resource "https://petstore.octoperf.com/images/sm_dogs.gif" is in the cache already and will not be downloaded again  	[MsgId: MMSG-26655]
Registration.c(83): Resource "https://petstore.octoperf.com/images/sm_reptiles.gif" is in the cache already and will not be downloaded again  	[MsgId: MMSG-26655]
Registration.c(83): Resource "https://petstore.octoperf.com/images/sm_cats.gif" is in the cache already and will not be downloaded again  	[MsgId: MMSG-26655]
Registration.c(83): Resource "https://petstore.octoperf.com/images/sm_birds.gif" is in the cache already and will not be downloaded again  	[MsgId: MMSG-26655]
Registration.c(83): Resource "https://petstore.octoperf.com/images/fish_icon.gif" is in the cache already and will not be downloaded again  	[MsgId: MMSG-26655]
Registration.c(83): Resource "https://petstore.octoperf.com/images/dogs_icon.gif" is in the cache already and will not be downloaded again  	[MsgId: MMSG-26655]
Registration.c(83): Resource "https://petstore.octoperf.com/images/cats_icon.gif" is in the cache already and will not be downloaded again  	[MsgId: MMSG-26655]
Registration.c(83): Resource "https://petstore.octoperf.com/images/reptiles_icon.gif" is in the cache already and will not be downloaded again  	[MsgId: MMSG-26655]
Registration.c(83): Resource "https://petstore.octoperf.com/images/birds_icon.gif" is in the cache already and will not be downloaded again  	[MsgId: MMSG-26655]
Registration.c(83): Resource "https://petstore.octoperf.com/images/splash.gif" is in the cache already and will not be downloaded again  	[MsgId: MMSG-26655]
Registration.c(83): Registered web_reg_find successful for "Text=Elevate you load-testing" (count=1)  	[MsgId: MMSG-26364]
Registration.c(83): web_submit_form("Account.action") was successful, 4736 body bytes, 443 header bytes  	[MsgId: MMSG-26386]
Registration.c(105): Notify: Transaction "PetStore_SubmitRegistration_T02" ended with a "Pass" status (Duration: 0.7953 Wasted Time: 0.0000).	[MsgId: MMSG-16871]
Registration.c(107): lr_think_time: 3.74 seconds (recorded think time was 5.00 seconds).	[MsgId: MMSG-15947]
AddToCard.c(67): Notify: Transaction "PetStore_SelectItemId_T03" started.	[MsgId: MMSG-16999]
AddToCard.c(71): Notify: Parameter Substitution: parameter "itemId_count" =  "2"	[MsgId: MMSG-13992]
AddToCard.c(72): Notify: Parameter Substitution: parameter "itemId_2" =  "EST-15"	[MsgId: MMSG-13992]
AddToCard.c(74): Notify: Saving Parameter "RanditemId = EST-15".	[MsgId: MMSG-13798]
AddToCard.c(75): Notify: Parameter Substitution: parameter "RanditemId" =  "EST-15"	[MsgId: MMSG-13992]
AddToCard.c(75): Random category selected in Action2 = EST-15	[MsgId: MMSG-17999]
AddToCard.c(77): web_reg_find started  	[MsgId: MMSG-26355]
AddToCard.c(77): Notify: Parameter Substitution: parameter "RanditemId" =  "EST-15"	[MsgId: MMSG-13992]
AddToCard.c(77): Registering web_reg_find was successful  	[MsgId: MMSG-26390]
AddToCard.c(79): web_link("{RanditemId}") started  	[MsgId: MMSG-26355]
AddToCard.c(79): Notify: Parameter Substitution: parameter "RanditemId" =  "EST-15"	[MsgId: MMSG-13992]
AddToCard.c(79): Linking to "https://petstore.octoperf.com/actions/Catalog.action?viewItem=&itemId=EST-15", Target Frame=""  	[MsgId: MMSG-27994]
AddToCard.c(79): Resource "https://petstore.octoperf.com/css/jpetstore.css" is in the cache already and will not be downloaded again  	[MsgId: MMSG-26655]
AddToCard.c(79): Resource "https://petstore.octoperf.com/images/logo-topbar.svg" is in the cache already and will not be downloaded again  	[MsgId: MMSG-26655]
AddToCard.c(79): Resource "https://petstore.octoperf.com/images/cart.gif" is in the cache already and will not be downloaded again  	[MsgId: MMSG-26655]
AddToCard.c(79): Resource "https://petstore.octoperf.com/images/separator.gif" is in the cache already and will not be downloaded again  	[MsgId: MMSG-26655]
AddToCard.c(79): Resource "https://petstore.octoperf.com/images/sm_fish.gif" is in the cache already and will not be downloaded again  	[MsgId: MMSG-26655]
AddToCard.c(79): Resource "https://petstore.octoperf.com/images/sm_dogs.gif" is in the cache already and will not be downloaded again  	[MsgId: MMSG-26655]
AddToCard.c(79): Resource "https://petstore.octoperf.com/images/sm_reptiles.gif" is in the cache already and will not be downloaded again  	[MsgId: MMSG-26655]
AddToCard.c(79): Resource "https://petstore.octoperf.com/images/sm_cats.gif" is in the cache already and will not be downloaded again  	[MsgId: MMSG-26655]
AddToCard.c(79): Resource "https://petstore.octoperf.com/images/sm_birds.gif" is in the cache already and will not be downloaded again  	[MsgId: MMSG-26655]
AddToCard.c(79): Found resource "https://petstore.octoperf.com/images/cat2.gif" in HTML "https://petstore.octoperf.com/actions/Catalog.action?viewItem=&itemId=EST-15"  	[MsgId: MMSG-26659]
AddToCard.c(79): Resource "https://petstore.octoperf.com/images/banner_fish.gif" is in the cache already and will not be downloaded again  	[MsgId: MMSG-26655]
Starting iteration 1.	[MsgId: MMSG-15968]
Warning -27077: The "vuser_init" section contains web function(s) when the "Simulate a new user on each iteration" Runtime Setting is ON.  This may produce unpredictable results with multiple iterations  	[MsgId: MWAR-27077]
Maximum number of concurrent connections per server: 6  	[MsgId: MMSG-26989]
Starting action Login.	[MsgId: MMSG-15919]
Registration.c(15): Notify: Transaction "PetStore_ClickOnRegistration_T01" started.	[MsgId: MMSG-16999]
Registration.c(17): web_reg_find started  	[MsgId: MMSG-26355]
Registration.c(17): Registering web_reg_find was successful  	[MsgId: MMSG-26390]
Registration.c(20): web_link("Register Now!") started  	[MsgId: MMSG-26355]
Registration.c(20): Linking to "https://petstore.octoperf.com/actions/Account.action?newAccountForm=", Target Frame=""  	[MsgId: MMSG-27994]
CheckOutThProduct.c(19): Notify: Transaction "PetStore_ClickOnProccedToCheckOut_T02" started.	[MsgId: MMSG-16999]
CheckOutThProduct.c(20): web_reg_find started  	[MsgId: MMSG-26355]
CheckOutThProduct.c(20): Registering web_reg_find was successful  	[MsgId: MMSG-26390]
CheckOutThProduct.c(23): web_link("Proceed to Checkout") started  	[MsgId: MMSG-26355]
CheckOutThProduct.c(23): Linking to "https://petstore.octoperf.com/actions/Order.action?newOrderForm=", Target Frame=""  	[MsgId: MMSG-27994]
Registration.c(20): Resource "https://petstore.octoperf.com/css/jpetstore.css" is in the cache already and will not be downloaded again  	[MsgId: MMSG-26655]
Registration.c(20): Resource "https://petstore.octoperf.com/images/logo-topbar.svg" is in the cache already and will not be downloaded again  	[MsgId: MMSG-26655]
Registration.c(20): Resource "https://petstore.octoperf.com/images/cart.gif" is in the cache already and will not be downloaded again  	[MsgId: MMSG-26655]
Registration.c(20): Resource "https://petstore.octoperf.com/images/separator.gif" is in the cache already and will not be downloaded again  	[MsgId: MMSG-26655]
Registration.c(20): Resource "https://petstore.octoperf.com/images/sm_fish.gif" is in the cache already and will not be downloaded again  	[MsgId: MMSG-26655]
Registration.c(20): Resource "https://petstore.octoperf.com/images/sm_dogs.gif" is in the cache already and will not be downloaded again  	[MsgId: MMSG-26655]
Registration.c(20): Resource "https://petstore.octoperf.com/images/sm_reptiles.gif" is in the cache already and will not be downloaded again  	[MsgId: MMSG-26655]
Registration.c(20): Resource "https://petstore.octoperf.com/images/sm_cats.gif" is in the cache already and will not be downloaded again  	[MsgId: MMSG-26655]
Registration.c(20): Resource "https://petstore.octoperf.com/images/sm_birds.gif" is in the cache already and will not be downloaded again  	[MsgId: MMSG-26655]
Registration.c(20): Registered web_reg_find successful for "Text=User Information" (count=1)  	[MsgId: MMSG-26364]
Registration.c(20): web_link("Register Now!") was successful, 5821 body bytes, 225 header bytes  	[MsgId: MMSG-26386]
Registration.c(25): Notify: Transaction "PetStore_ClickOnRegistration_T01" ended with a "Pass" status (Duration: 0.1263 Wasted Time: 0.0000).	[MsgId: MMSG-16871]
Registration.c(27): lr_think_time: 3.45 seconds (recorded think time was 5.00 seconds).	[MsgId: MMSG-15947]
CheckOutThProduct.c(23): Resource "https://petstore.octoperf.com/css/jpetstore.css" is in the cache already and will not be downloaded again  	[MsgId: MMSG-26655]
CheckOutThProduct.c(23): Resource "https://petstore.octoperf.com/images/logo-topbar.svg" is in the cache already and will not be downloaded again  	[MsgId: MMSG-26655]
CheckOutThProduct.c(23): Resource "https://petstore.octoperf.com/images/cart.gif" is in the cache already and will not be downloaded again  	[MsgId: MMSG-26655]
CheckOutThProduct.c(23): Resource "https://petstore.octoperf.com/images/separator.gif" is in the cache already and will not be downloaded again  	[MsgId: MMSG-26655]
CheckOutThProduct.c(23): Resource "https://petstore.octoperf.com/images/sm_fish.gif" is in the cache already and will not be downloaded again  	[MsgId: MMSG-26655]
CheckOutThProduct.c(23): Resource "https://petstore.octoperf.com/images/sm_dogs.gif" is in the cache already and will not be downloaded again  	[MsgId: MMSG-26655]
CheckOutThProduct.c(23): Resource "https://petstore.octoperf.com/images/sm_reptiles.gif" is in the cache already and will not be downloaded again  	[MsgId: MMSG-26655]
CheckOutThProduct.c(23): Resource "https://petstore.octoperf.com/images/sm_cats.gif" is in the cache already and will not be downloaded again  	[MsgId: MMSG-26655]
CheckOutThProduct.c(23): Resource "https://petstore.octoperf.com/images/sm_birds.gif" is in the cache already and will not be downloaded again  	[MsgId: MMSG-26655]
CheckOutThProduct.c(23): Resource "https://petstore.octoperf.com/images/banner_fish.gif" is in the cache already and will not be downloaded again  	[MsgId: MMSG-26655]
CheckOutThProduct.c(23): Registered web_reg_find successful for "Text=Payment Details" (count=1)  	[MsgId: MMSG-26364]
CheckOutThProduct.c(23): web_link("Proceed to Checkout") was successful, 5376 body bytes, 225 header bytes  	[MsgId: MMSG-26386]
CheckOutThProduct.c(27): Notify: Transaction "PetStore_ClickOnProccedToCheckOut_T02" ended with a "Pass" status (Duration: 0.1260 Wasted Time: 0.0000).	[MsgId: MMSG-16871]
CheckOutThProduct.c(29): lr_think_time: 3.27 seconds (recorded think time was 5.00 seconds).	[MsgId: MMSG-15947]
AddToCard.c(79): Registered web_reg_find successful for "Text=EST-15" (count=2)  	[MsgId: MMSG-26364]
AddToCard.c(79): web_link("{RanditemId}") was successful, 16468 body bytes, 511 header bytes  	[MsgId: MMSG-26386]
AddToCard.c(84): Notify: Transaction "PetStore_SelectItemId_T03" ended with a "Pass" status (Duration: 0.5385 Wasted Time: 0.0000).	[MsgId: MMSG-16871]
AddToCard.c(86): lr_think_time: 3.27 seconds (recorded think time was 5.00 seconds).	[MsgId: MMSG-15947]
CheckOutThProduct.c(19): Notify: Transaction "PetStore_ClickOnProccedToCheckOut_T02" started.	[MsgId: MMSG-16999]
CheckOutThProduct.c(20): web_reg_find started  	[MsgId: MMSG-26355]
CheckOutThProduct.c(20): Registering web_reg_find was successful  	[MsgId: MMSG-26390]
CheckOutThProduct.c(23): web_link("Proceed to Checkout") started  	[MsgId: MMSG-26355]
CheckOutThProduct.c(23): Linking to "https://petstore.octoperf.com/actions/Order.action?newOrderForm=", Target Frame=""  	[MsgId: MMSG-27994]
CheckOutThProduct.c(23): Resource "https://petstore.octoperf.com/css/jpetstore.css" is in the cache already and will not be downloaded again  	[MsgId: MMSG-26655]
CheckOutThProduct.c(23): Resource "https://petstore.octoperf.com/images/logo-topbar.svg" is in the cache already and will not be downloaded again  	[MsgId: MMSG-26655]
CheckOutThProduct.c(23): Resource "https://petstore.octoperf.com/images/cart.gif" is in the cache already and will not be downloaded again  	[MsgId: MMSG-26655]
CheckOutThProduct.c(23): Resource "https://petstore.octoperf.com/images/separator.gif" is in the cache already and will not be downloaded again  	[MsgId: MMSG-26655]
CheckOutThProduct.c(23): Resource "https://petstore.octoperf.com/images/sm_fish.gif" is in the cache already and will not be downloaded again  	[MsgId: MMSG-26655]
CheckOutThProduct.c(23): Resource "https://petstore.octoperf.com/images/sm_dogs.gif" is in the cache already and will not be downloaded again  	[MsgId: MMSG-26655]
CheckOutThProduct.c(23): Resource "https://petstore.octoperf.com/images/sm_reptiles.gif" is in the cache already and will not be downloaded again  	[MsgId: MMSG-26655]
CheckOutThProduct.c(23): Resource "https://petstore.octoperf.com/images/sm_cats.gif" is in the cache already and will not be downloaded again  	[MsgId: MMSG-26655]
CheckOutThProduct.c(23): Resource "https://petstore.octoperf.com/images/sm_birds.gif" is in the cache already and will not be downloaded again  	[MsgId: MMSG-26655]
CheckOutThProduct.c(23): Resource "https://petstore.octoperf.com/images/banner_fish.gif" is in the cache already and will not be downloaded again  	[MsgId: MMSG-26655]
CheckOutThProduct.c(23): Registered web_reg_find successful for "Text=Payment Details" (count=1)  	[MsgId: MMSG-26364]
CheckOutThProduct.c(23): web_link("Proceed to Checkout") was successful, 5376 body bytes, 225 header bytes  	[MsgId: MMSG-26386]
CheckOutThProduct.c(27): Notify: Transaction "PetStore_ClickOnProccedToCheckOut_T02" ended with a "Pass" status (Duration: 0.1607 Wasted Time: 0.0000).	[MsgId: MMSG-16871]
CheckOutThProduct.c(29): lr_think_time: 2.62 seconds (recorded think time was 5.00 seconds).	[MsgId: MMSG-15947]
Login.c(17): Notify: Transaction "PetStore_Login_T01" started.	[MsgId: MMSG-16999]
Login.c(18): web_reg_find started  	[MsgId: MMSG-26355]
Login.c(18): Registering web_reg_find was successful  	[MsgId: MMSG-26390]
Login.c(20): web_reg_save_param_regexp started  	[MsgId: MMSG-26355]
Login.c(20): Registering web_reg_save_param_regexp was successful  	[MsgId: MMSG-26390]
Login.c(26): web_submit_form("Account.action") started  	[MsgId: MMSG-26355]
Login.c(26): Notify: Parameter Substitution: parameter "randomUsername" =  "EVOU"	[MsgId: MMSG-13992]
Login.c(26): Notify: Parameter Substitution: parameter "randompass" =  "lxst"	[MsgId: MMSG-13992]
Login.c(26): Submitting form to "https://petstore.octoperf.com/actions/Account.action", Target Frame=""  	[MsgId: MMSG-27978]
Login.c(26): Redirecting "https://petstore.octoperf.com/actions/Account.action" (redirection depth is 0)  	[MsgId: MMSG-26694]
Login.c(26): To location "https://petstore.octoperf.com/actions/Catalog.action"  	[MsgId: MMSG-26693]
Registration.c(109): Notify: Transaction "PetStore_SignOut_T03" started.	[MsgId: MMSG-16999]
Registration.c(111): web_reg_find started  	[MsgId: MMSG-26355]
Registration.c(111): Registering web_reg_find was successful  	[MsgId: MMSG-26390]
Registration.c(114): web_url("Account.action_2") started  	[MsgId: MMSG-26355]
Login.c(26): Resource "https://petstore.octoperf.com/css/jpetstore.css" is in the cache already and will not be downloaded again  	[MsgId: MMSG-26655]
Login.c(26): Resource "https://petstore.octoperf.com/images/logo-topbar.svg" is in the cache already and will not be downloaded again  	[MsgId: MMSG-26655]
Login.c(26): Resource "https://petstore.octoperf.com/images/cart.gif" is in the cache already and will not be downloaded again  	[MsgId: MMSG-26655]
Login.c(26): Resource "https://petstore.octoperf.com/images/separator.gif" is in the cache already and will not be downloaded again  	[MsgId: MMSG-26655]
Login.c(26): Resource "https://petstore.octoperf.com/images/sm_fish.gif" is in the cache already and will not be downloaded again  	[MsgId: MMSG-26655]
Login.c(26): Resource "https://petstore.octoperf.com/images/sm_dogs.gif" is in the cache already and will not be downloaded again  	[MsgId: MMSG-26655]
Login.c(26): Resource "https://petstore.octoperf.com/images/sm_reptiles.gif" is in the cache already and will not be downloaded again  	[MsgId: MMSG-26655]
Login.c(26): Resource "https://petstore.octoperf.com/images/sm_cats.gif" is in the cache already and will not be downloaded again  	[MsgId: MMSG-26655]
Login.c(26): Resource "https://petstore.octoperf.com/images/sm_birds.gif" is in the cache already and will not be downloaded again  	[MsgId: MMSG-26655]
Login.c(26): Resource "https://petstore.octoperf.com/images/fish_icon.gif" is in the cache already and will not be downloaded again  	[MsgId: MMSG-26655]
Login.c(26): Resource "https://petstore.octoperf.com/images/dogs_icon.gif" is in the cache already and will not be downloaded again  	[MsgId: MMSG-26655]
Login.c(26): Resource "https://petstore.octoperf.com/images/cats_icon.gif" is in the cache already and will not be downloaded again  	[MsgId: MMSG-26655]
Login.c(26): Resource "https://petstore.octoperf.com/images/reptiles_icon.gif" is in the cache already and will not be downloaded again  	[MsgId: MMSG-26655]
Login.c(26): Resource "https://petstore.octoperf.com/images/birds_icon.gif" is in the cache already and will not be downloaded again  	[MsgId: MMSG-26655]
Login.c(26): Resource "https://petstore.octoperf.com/images/splash.gif" is in the cache already and will not be downloaded again  	[MsgId: MMSG-26655]
Login.c(26): Found resource "https://petstore.octoperf.com/images/banner_fish.gif" in HTML "https://petstore.octoperf.com/actions/Catalog.action"  	[MsgId: MMSG-26659]
Login.c(26): Notify: Saving Parameter "ProductName_1 = BIRDS".	[MsgId: MMSG-13798]
Login.c(26): Notify: Saving Parameter "ProductName_2 = FISH".	[MsgId: MMSG-13798]
Login.c(26): Notify: Saving Parameter "ProductName_3 = DOGS".	[MsgId: MMSG-13798]
Login.c(26): Notify: Saving Parameter "ProductName_4 = REPTILES".	[MsgId: MMSG-13798]
Login.c(26): Notify: Saving Parameter "ProductName_5 = CATS".	[MsgId: MMSG-13798]
Login.c(26): Notify: Saving Parameter "ProductName_6 = BIRDS".	[MsgId: MMSG-13798]
Registration.c(114): Redirecting "https://petstore.octoperf.com/actions/Account.action?signoff=" (redirection depth is 0)  	[MsgId: MMSG-26694]
Registration.c(114): To location "https://petstore.octoperf.com/actions/Catalog.action"  	[MsgId: MMSG-26693]
Login.c(26): Notify: Saving Parameter "ProductName_count = 6".	[MsgId: MMSG-13798]
Login.c(26): Registered web_reg_find successful for "Text=My Account" (count=1)  	[MsgId: MMSG-26364]
Login.c(26): web_submit_form("Account.action") was successful, 11416 body bytes, 727 header bytes  	[MsgId: MMSG-26386]
Login.c(34): Notify: Transaction "PetStore_Login_T01" ended with a "Pass" status (Duration: 0.4983 Wasted Time: 0.0003).	[MsgId: MMSG-16871]
Ending action Login.	[MsgId: MMSG-15918]
Starting action CheckOutThProduct.	[MsgId: MMSG-15919]
AddToCard.c(8): Notify: Transaction "PetStore_AddAproduct_T01" started.	[MsgId: MMSG-16999]
AddToCard.c(11): Notify: Parameter Substitution: parameter "ProductName_count" =  "6"	[MsgId: MMSG-13992]
AddToCard.c(12): Notify: Parameter Substitution: parameter "ProductName_6" =  "BIRDS"	[MsgId: MMSG-13992]
AddToCard.c(14): Notify: Saving Parameter "RandCategory = BIRDS".	[MsgId: MMSG-13798]
AddToCard.c(15): Notify: Parameter Substitution: parameter "RandCategory" =  "BIRDS"	[MsgId: MMSG-13992]
AddToCard.c(15): Random category selected in Action2 = BIRDS	[MsgId: MMSG-17999]
AddToCard.c(17): web_reg_find started  	[MsgId: MMSG-26355]
AddToCard.c(17): Notify: Parameter Substitution: parameter "RandCategory" =  "BIRDS"	[MsgId: MMSG-13992]
AddToCard.c(17): Registering web_reg_find was successful  	[MsgId: MMSG-26390]
AddToCard.c(20): web_reg_save_param_regexp started  	[MsgId: MMSG-26355]
AddToCard.c(20): Registering web_reg_save_param_regexp was successful  	[MsgId: MMSG-26390]
AddToCard.c(27): web_url("Catalog.action_2") started  	[MsgId: MMSG-26355]
AddToCard.c(27): Notify: Parameter Substitution: parameter "RandCategory" =  "BIRDS"	[MsgId: MMSG-13992]
Registration.c(114): Resource "https://petstore.octoperf.com/css/jpetstore.css" is in the cache already and will not be downloaded again  	[MsgId: MMSG-26655]
Registration.c(114): Resource "https://petstore.octoperf.com/images/logo-topbar.svg" is in the cache already and will not be downloaded again  	[MsgId: MMSG-26655]
Registration.c(114): Resource "https://petstore.octoperf.com/images/cart.gif" is in the cache already and will not be downloaded again  	[MsgId: MMSG-26655]
Registration.c(114): Resource "https://petstore.octoperf.com/images/separator.gif" is in the cache already and will not be downloaded again  	[MsgId: MMSG-26655]
Registration.c(114): Resource "https://petstore.octoperf.com/images/sm_fish.gif" is in the cache already and will not be downloaded again  	[MsgId: MMSG-26655]
Registration.c(114): Resource "https://petstore.octoperf.com/images/sm_dogs.gif" is in the cache already and will not be downloaded again  	[MsgId: MMSG-26655]
Registration.c(114): Resource "https://petstore.octoperf.com/images/sm_reptiles.gif" is in the cache already and will not be downloaded again  	[MsgId: MMSG-26655]
Registration.c(114): Resource "https://petstore.octoperf.com/images/sm_cats.gif" is in the cache already and will not be downloaded again  	[MsgId: MMSG-26655]
Registration.c(114): Resource "https://petstore.octoperf.com/images/sm_birds.gif" is in the cache already and will not be downloaded again  	[MsgId: MMSG-26655]
Registration.c(114): Resource "https://petstore.octoperf.com/images/fish_icon.gif" is in the cache already and will not be downloaded again  	[MsgId: MMSG-26655]
Registration.c(114): Resource "https://petstore.octoperf.com/images/dogs_icon.gif" is in the cache already and will not be downloaded again  	[MsgId: MMSG-26655]
Registration.c(114): Resource "https://petstore.octoperf.com/images/cats_icon.gif" is in the cache already and will not be downloaded again  	[MsgId: MMSG-26655]
Registration.c(114): Resource "https://petstore.octoperf.com/images/reptiles_icon.gif" is in the cache already and will not be downloaded again  	[MsgId: MMSG-26655]
Registration.c(114): Resource "https://petstore.octoperf.com/images/birds_icon.gif" is in the cache already and will not be downloaded again  	[MsgId: MMSG-26655]
Registration.c(114): Resource "https://petstore.octoperf.com/images/splash.gif" is in the cache already and will not be downloaded again  	[MsgId: MMSG-26655]
Registration.c(114): Registered web_reg_find successful for "Text=Sign In" (count=1)  	[MsgId: MMSG-26364]
Registration.c(114): web_url("Account.action_2") was successful, 4736 body bytes, 518 header bytes  	[MsgId: MMSG-26386]
Registration.c(123): Notify: Transaction "PetStore_SignOut_T03" ended with a "Pass" status (Duration: 0.2500 Wasted Time: 0.0000).	[MsgId: MMSG-16871]
Login.c(4): Notify: Transaction "PetStore_ClickOnSignIn_T01" started.	[MsgId: MMSG-16999]
Login.c(6): web_reg_find started  	[MsgId: MMSG-26355]
Login.c(6): Registering web_reg_find was successful  	[MsgId: MMSG-26390]
Login.c(9): web_link("Sign In") started  	[MsgId: MMSG-26355]
Login.c(9): Linking to "https://petstore.octoperf.com/actions/Account.action?signonForm=", Target Frame=""  	[MsgId: MMSG-27994]
AddToCard.c(27): Resource "https://petstore.octoperf.com/css/jpetstore.css" is in the cache already and will not be downloaded again  	[MsgId: MMSG-26655]
AddToCard.c(27): Resource "https://petstore.octoperf.com/images/logo-topbar.svg" is in the cache already and will not be downloaded again  	[MsgId: MMSG-26655]
AddToCard.c(27): Resource "https://petstore.octoperf.com/images/cart.gif" is in the cache already and will not be downloaded again  	[MsgId: MMSG-26655]
AddToCard.c(27): Resource "https://petstore.octoperf.com/images/separator.gif" is in the cache already and will not be downloaded again  	[MsgId: MMSG-26655]
AddToCard.c(27): Resource "https://petstore.octoperf.com/images/sm_fish.gif" is in the cache already and will not be downloaded again  	[MsgId: MMSG-26655]
AddToCard.c(27): Resource "https://petstore.octoperf.com/images/sm_dogs.gif" is in the cache already and will not be downloaded again  	[MsgId: MMSG-26655]
AddToCard.c(27): Resource "https://petstore.octoperf.com/images/sm_reptiles.gif" is in the cache already and will not be downloaded again  	[MsgId: MMSG-26655]
AddToCard.c(27): Resource "https://petstore.octoperf.com/images/sm_cats.gif" is in the cache already and will not be downloaded again  	[MsgId: MMSG-26655]
AddToCard.c(27): Resource "https://petstore.octoperf.com/images/sm_birds.gif" is in the cache already and will not be downloaded again  	[MsgId: MMSG-26655]
AddToCard.c(27): Resource "https://petstore.octoperf.com/images/banner_fish.gif" is in the cache already and will not be downloaded again  	[MsgId: MMSG-26655]
AddToCard.c(27): Notify: Saving Parameter "productId_1 = AV-CB-01".	[MsgId: MMSG-13798]
AddToCard.c(27): Notify: Saving Parameter "productId_2 = AV-SB-02".	[MsgId: MMSG-13798]
AddToCard.c(27): Notify: Saving Parameter "productId_count = 2".	[MsgId: MMSG-13798]
AddToCard.c(27): Registered web_reg_find successful for "Text=BIRDS" (count=1)  	[MsgId: MMSG-26364]
AddToCard.c(27): web_url("Catalog.action_2") was successful, 3625 body bytes, 225 header bytes  	[MsgId: MMSG-26386]
AddToCard.c(36): Notify: Transaction "PetStore_AddAproduct_T01" ended with a "Pass" status (Duration: 0.1268 Wasted Time: 0.0002).	[MsgId: MMSG-16871]
AddToCard.c(38): lr_think_time: 3.86 seconds (recorded think time was 5.00 seconds).	[MsgId: MMSG-15947]
Login.c(9): Resource "https://petstore.octoperf.com/css/jpetstore.css" is in the cache already and will not be downloaded again  	[MsgId: MMSG-26655]
Login.c(9): Resource "https://petstore.octoperf.com/images/logo-topbar.svg" is in the cache already and will not be downloaded again  	[MsgId: MMSG-26655]
Login.c(9): Resource "https://petstore.octoperf.com/images/cart.gif" is in the cache already and will not be downloaded again  	[MsgId: MMSG-26655]
Login.c(9): Resource "https://petstore.octoperf.com/images/separator.gif" is in the cache already and will not be downloaded again  	[MsgId: MMSG-26655]
Login.c(9): Resource "https://petstore.octoperf.com/images/sm_fish.gif" is in the cache already and will not be downloaded again  	[MsgId: MMSG-26655]
Login.c(9): Resource "https://petstore.octoperf.com/images/sm_dogs.gif" is in the cache already and will not be downloaded again  	[MsgId: MMSG-26655]
Login.c(9): Resource "https://petstore.octoperf.com/images/sm_reptiles.gif" is in the cache already and will not be downloaded again  	[MsgId: MMSG-26655]
Login.c(9): Resource "https://petstore.octoperf.com/images/sm_cats.gif" is in the cache already and will not be downloaded again  	[MsgId: MMSG-26655]
Login.c(9): Resource "https://petstore.octoperf.com/images/sm_birds.gif" is in the cache already and will not be downloaded again  	[MsgId: MMSG-26655]
Login.c(9): Registered web_reg_find successful for "Text=Please enter your username and password" (count=1)  	[MsgId: MMSG-26364]
Login.c(9): web_link("Sign In") was successful, 3858 body bytes, 225 header bytes  	[MsgId: MMSG-26386]
Login.c(13): Notify: Transaction "PetStore_ClickOnSignIn_T01" ended with a "Pass" status (Duration: 0.1254 Wasted Time: 0.0000).	[MsgId: MMSG-16871]
Login.c(15): lr_think_time: 4.39 seconds (recorded think time was 5.00 seconds).	[MsgId: MMSG-15947]
AddToCard.c(40): Notify: Transaction "PetStore_SelectProductId_T02" started.	[MsgId: MMSG-16999]
AddToCard.c(43): Notify: Parameter Substitution: parameter "productId_count" =  "2"	[MsgId: MMSG-13992]
AddToCard.c(44): Notify: Parameter Substitution: parameter "productId_1" =  "AV-CB-01"	[MsgId: MMSG-13992]
AddToCard.c(46): Notify: Saving Parameter "RandproductId = AV-CB-01".	[MsgId: MMSG-13798]
AddToCard.c(47): Notify: Parameter Substitution: parameter "RandproductId" =  "AV-CB-01"	[MsgId: MMSG-13992]
AddToCard.c(47): Random category selected in Action2 = AV-CB-01	[MsgId: MMSG-17999]
AddToCard.c(49): web_reg_find started  	[MsgId: MMSG-26355]
AddToCard.c(49): Notify: Parameter Substitution: parameter "RandproductId" =  "AV-CB-01"	[MsgId: MMSG-13992]
AddToCard.c(49): Registering web_reg_find was successful  	[MsgId: MMSG-26390]
AddToCard.c(51): web_reg_save_param_regexp started  	[MsgId: MMSG-26355]
AddToCard.c(51): Registering web_reg_save_param_regexp was successful  	[MsgId: MMSG-26390]
AddToCard.c(58): web_link("{RandproductId}") started  	[MsgId: MMSG-26355]
AddToCard.c(58): Notify: Parameter Substitution: parameter "RandproductId" =  "AV-CB-01"	[MsgId: MMSG-13992]
AddToCard.c(58): Linking to "https://petstore.octoperf.com/actions/Catalog.action?viewProduct=&productId=AV-CB-01", Target Frame=""  	[MsgId: MMSG-27994]
AddToCard.c(58): Resource "https://petstore.octoperf.com/css/jpetstore.css" is in the cache already and will not be downloaded again  	[MsgId: MMSG-26655]
AddToCard.c(58): Resource "https://petstore.octoperf.com/images/logo-topbar.svg" is in the cache already and will not be downloaded again  	[MsgId: MMSG-26655]
AddToCard.c(58): Resource "https://petstore.octoperf.com/images/cart.gif" is in the cache already and will not be downloaded again  	[MsgId: MMSG-26655]
AddToCard.c(58): Resource "https://petstore.octoperf.com/images/separator.gif" is in the cache already and will not be downloaded again  	[MsgId: MMSG-26655]
AddToCard.c(58): Resource "https://petstore.octoperf.com/images/sm_fish.gif" is in the cache already and will not be downloaded again  	[MsgId: MMSG-26655]
AddToCard.c(58): Resource "https://petstore.octoperf.com/images/sm_dogs.gif" is in the cache already and will not be downloaded again  	[MsgId: MMSG-26655]
AddToCard.c(58): Resource "https://petstore.octoperf.com/images/sm_reptiles.gif" is in the cache already and will not be downloaded again  	[MsgId: MMSG-26655]
AddToCard.c(58): Resource "https://petstore.octoperf.com/images/sm_cats.gif" is in the cache already and will not be downloaded again  	[MsgId: MMSG-26655]
AddToCard.c(58): Resource "https://petstore.octoperf.com/images/sm_birds.gif" is in the cache already and will not be downloaded again  	[MsgId: MMSG-26655]
AddToCard.c(58): Resource "https://petstore.octoperf.com/images/banner_fish.gif" is in the cache already and will not be downloaded again  	[MsgId: MMSG-26655]
AddToCard.c(58): Notify: Saving Parameter "itemId_1 = EST-18".	[MsgId: MMSG-13798]
AddToCard.c(58): Notify: Saving Parameter "itemId_count = 1".	[MsgId: MMSG-13798]
AddToCard.c(58): Registered web_reg_find successful for "Text=AV-CB-01" (count=1)  	[MsgId: MMSG-26364]
AddToCard.c(58): web_link("{RandproductId}") was successful, 3795 body bytes, 225 header bytes  	[MsgId: MMSG-26386]
AddToCard.c(63): Notify: Transaction "PetStore_SelectProductId_T02" ended with a "Pass" status (Duration: 0.1269 Wasted Time: 0.0002).	[MsgId: MMSG-16871]
AddToCard.c(65): lr_think_time: 2.67 seconds (recorded think time was 5.00 seconds).	[MsgId: MMSG-15947]
CheckOutThProduct.c(31): Notify: Transaction "PetStore_ClickOnContinue_T03" started.	[MsgId: MMSG-16999]
CheckOutThProduct.c(33): web_reg_find started  	[MsgId: MMSG-26355]
CheckOutThProduct.c(33): Registering web_reg_find was successful  	[MsgId: MMSG-26390]
CheckOutThProduct.c(36): web_submit_form("Order.action") started  	[MsgId: MMSG-26355]
CheckOutThProduct.c(36): Submitting form to "https://petstore.octoperf.com/actions/Order.action", Target Frame=""  	[MsgId: MMSG-27978]
Registration.c(29): Notify: Transaction "PetStore_SubmitRegistration_T02" started.	[MsgId: MMSG-16999]
Registration.c(31): web_reg_find started  	[MsgId: MMSG-26355]
Registration.c(31): Registering web_reg_find was successful  	[MsgId: MMSG-26390]
Registration.c(38): Notify: Saving Parameter "randomUsername = LXWT".	[MsgId: MMSG-13798]
Registration.c(44): Notify: Saving Parameter "randompass = rwme".	[MsgId: MMSG-13798]
Registration.c(58): Notify: Saving Parameter "randomFirstName = mhluk".	[MsgId: MMSG-13798]
Registration.c(59): Notify: Saving Parameter "randomLastName = ssbba".	[MsgId: MMSG-13798]
Registration.c(71): Notify: Saving Parameter "RandomPhone = 9785452451".	[MsgId: MMSG-13798]
Registration.c(80): Notify: Saving Parameter "RandomZip = 907893".	[MsgId: MMSG-13798]
Registration.c(83): web_submit_form("Account.action") started  	[MsgId: MMSG-26355]
Registration.c(83): Notify: Parameter Substitution: parameter "randomUsername" =  "LXWT"	[MsgId: MMSG-13992]
Registration.c(83): Notify: Parameter Substitution: parameter "randompass" =  "rwme"	[MsgId: MMSG-13992]
Registration.c(83): Notify: Parameter Substitution: parameter "randompass" =  "rwme"	[MsgId: MMSG-13992]
Registration.c(83): Notify: Parameter Substitution: parameter "randomFirstName" =  "mhluk"	[MsgId: MMSG-13992]
Registration.c(83): Notify: Parameter Substitution: parameter "randomLastName" =  "ssbba"	[MsgId: MMSG-13992]
Registration.c(83): Notify: Parameter Substitution: parameter "randomFirstName" =  "mhluk"	[MsgId: MMSG-13992]
Registration.c(83): Notify: Parameter Substitution: parameter "randomLastName" =  "ssbba"	[MsgId: MMSG-13992]
Registration.c(83): Notify: Parameter Substitution: parameter "RandomPhone" =  "9785452451"	[MsgId: MMSG-13992]
Registration.c(83): Notify: Parameter Substitution: parameter "RandomZip" =  "907893"	[MsgId: MMSG-13992]
Registration.c(83): Submitting form to "https://petstore.octoperf.com/actions/Account.action", Target Frame=""  	[MsgId: MMSG-27978]
Registration.c(83): Connection to petstore.octoperf.com:443 closed after being inactive for 62 seconds, exceeding the "HTTP Keep-Alive timeout" Runtime Setting (60 seconds). URL="[None]"  	[MsgId: MMSG-27647]
AddToCard.c(88): Notify: Transaction "PetStore_AddToCard_T04" started.	[MsgId: MMSG-16999]
AddToCard.c(90): web_reg_find started  	[MsgId: MMSG-26355]
AddToCard.c(90): Registering web_reg_find was successful  	[MsgId: MMSG-26390]
AddToCard.c(94): web_link("Add to Cart") started  	[MsgId: MMSG-26355]
AddToCard.c(94): Linking to "https://petstore.octoperf.com/actions/Cart.action?addItemToCart=&workingItemId=EST-15", Target Frame=""  	[MsgId: MMSG-27994]
AddToCard.c(94): Resource "https://petstore.octoperf.com/css/jpetstore.css" is in the cache already and will not be downloaded again  	[MsgId: MMSG-26655]
AddToCard.c(94): Resource "https://petstore.octoperf.com/images/logo-topbar.svg" is in the cache already and will not be downloaded again  	[MsgId: MMSG-26655]
AddToCard.c(94): Resource "https://petstore.octoperf.com/images/cart.gif" is in the cache already and will not be downloaded again  	[MsgId: MMSG-26655]
AddToCard.c(94): Resource "https://petstore.octoperf.com/images/separator.gif" is in the cache already and will not be downloaded again  	[MsgId: MMSG-26655]
AddToCard.c(94): Resource "https://petstore.octoperf.com/images/sm_fish.gif" is in the cache already and will not be downloaded again  	[MsgId: MMSG-26655]
AddToCard.c(94): Resource "https://petstore.octoperf.com/images/sm_dogs.gif" is in the cache already and will not be downloaded again  	[MsgId: MMSG-26655]
AddToCard.c(94): Resource "https://petstore.octoperf.com/images/sm_reptiles.gif" is in the cache already and will not be downloaded again  	[MsgId: MMSG-26655]
AddToCard.c(94): Resource "https://petstore.octoperf.com/images/sm_cats.gif" is in the cache already and will not be downloaded again  	[MsgId: MMSG-26655]
AddToCard.c(94): Resource "https://petstore.octoperf.com/images/sm_birds.gif" is in the cache already and will not be downloaded again  	[MsgId: MMSG-26655]
AddToCard.c(94): Resource "https://petstore.octoperf.com/images/banner_fish.gif" is in the cache already and will not be downloaded again  	[MsgId: MMSG-26655]
AddToCard.c(94): Registered web_reg_find successful for "Text=Shopping Cart" (count=1)  	[MsgId: MMSG-26364]
AddToCard.c(94): web_link("Add to Cart") was successful, 4631 body bytes, 225 header bytes  	[MsgId: MMSG-26386]
AddToCard.c(99): Notify: Transaction "PetStore_AddToCard_T04" ended with a "Pass" status (Duration: 0.1275 Wasted Time: 0.0000).	[MsgId: MMSG-16871]
CheckOutThProduct.c(4): Notify: Transaction "PetStore_ClickOnViewCart_T01" started.	[MsgId: MMSG-16999]
CheckOutThProduct.c(5): web_reg_find started  	[MsgId: MMSG-26355]
CheckOutThProduct.c(5): Registering web_reg_find was successful  	[MsgId: MMSG-26390]
CheckOutThProduct.c(7): web_url("Cart.action_4") started  	[MsgId: MMSG-26355]
CheckOutThProduct.c(36): Resource "https://petstore.octoperf.com/css/jpetstore.css" is in the cache already and will not be downloaded again  	[MsgId: MMSG-26655]
CheckOutThProduct.c(36): Resource "https://petstore.octoperf.com/images/logo-topbar.svg" is in the cache already and will not be downloaded again  	[MsgId: MMSG-26655]
CheckOutThProduct.c(36): Resource "https://petstore.octoperf.com/images/cart.gif" is in the cache already and will not be downloaded again  	[MsgId: MMSG-26655]
CheckOutThProduct.c(36): Resource "https://petstore.octoperf.com/images/separator.gif" is in the cache already and will not be downloaded again  	[MsgId: MMSG-26655]
CheckOutThProduct.c(36): Resource "https://petstore.octoperf.com/images/sm_fish.gif" is in the cache already and will not be downloaded again  	[MsgId: MMSG-26655]
CheckOutThProduct.c(36): Resource "https://petstore.octoperf.com/images/sm_dogs.gif" is in the cache already and will not be downloaded again  	[MsgId: MMSG-26655]
CheckOutThProduct.c(36): Resource "https://petstore.octoperf.com/images/sm_reptiles.gif" is in the cache already and will not be downloaded again  	[MsgId: MMSG-26655]
CheckOutThProduct.c(36): Resource "https://petstore.octoperf.com/images/sm_cats.gif" is in the cache already and will not be downloaded again  	[MsgId: MMSG-26655]
CheckOutThProduct.c(36): Resource "https://petstore.octoperf.com/images/sm_birds.gif" is in the cache already and will not be downloaded again  	[MsgId: MMSG-26655]
CheckOutThProduct.c(36): Resource "https://petstore.octoperf.com/images/banner_fish.gif" is in the cache already and will not be downloaded again  	[MsgId: MMSG-26655]
CheckOutThProduct.c(36): Registered web_reg_find successful for "Text=Confirm" (count=1)  	[MsgId: MMSG-26364]
CheckOutThProduct.c(36): web_submit_form("Order.action") was successful, 4526 body bytes, 225 header bytes  	[MsgId: MMSG-26386]
CheckOutThProduct.c(54): Notify: Transaction "PetStore_ClickOnContinue_T03" ended with a "Pass" status (Duration: 0.2495 Wasted Time: 0.0000).	[MsgId: MMSG-16871]
CheckOutThProduct.c(56): lr_think_time: 2.64 seconds (recorded think time was 5.00 seconds).	[MsgId: MMSG-15947]
CheckOutThProduct.c(31): Notify: Transaction "PetStore_ClickOnContinue_T03" started.	[MsgId: MMSG-16999]
CheckOutThProduct.c(33): web_reg_find started  	[MsgId: MMSG-26355]
CheckOutThProduct.c(33): Registering web_reg_find was successful  	[MsgId: MMSG-26390]
CheckOutThProduct.c(36): web_submit_form("Order.action") started  	[MsgId: MMSG-26355]
CheckOutThProduct.c(36): Submitting form to "https://petstore.octoperf.com/actions/Order.action", Target Frame=""  	[MsgId: MMSG-27978]
CheckOutThProduct.c(7): Resource "https://petstore.octoperf.com/css/jpetstore.css" is in the cache already and will not be downloaded again  	[MsgId: MMSG-26655]
CheckOutThProduct.c(7): Resource "https://petstore.octoperf.com/images/logo-topbar.svg" is in the cache already and will not be downloaded again  	[MsgId: MMSG-26655]
CheckOutThProduct.c(7): Resource "https://petstore.octoperf.com/images/cart.gif" is in the cache already and will not be downloaded again  	[MsgId: MMSG-26655]
CheckOutThProduct.c(7): Resource "https://petstore.octoperf.com/images/separator.gif" is in the cache already and will not be downloaded again  	[MsgId: MMSG-26655]
CheckOutThProduct.c(7): Resource "https://petstore.octoperf.com/images/sm_fish.gif" is in the cache already and will not be downloaded again  	[MsgId: MMSG-26655]
CheckOutThProduct.c(7): Resource "https://petstore.octoperf.com/images/sm_dogs.gif" is in the cache already and will not be downloaded again  	[MsgId: MMSG-26655]
CheckOutThProduct.c(7): Resource "https://petstore.octoperf.com/images/sm_reptiles.gif" is in the cache already and will not be downloaded again  	[MsgId: MMSG-26655]
CheckOutThProduct.c(7): Resource "https://petstore.octoperf.com/images/sm_cats.gif" is in the cache already and will not be downloaded again  	[MsgId: MMSG-26655]
CheckOutThProduct.c(7): Resource "https://petstore.octoperf.com/images/sm_birds.gif" is in the cache already and will not be downloaded again  	[MsgId: MMSG-26655]
CheckOutThProduct.c(7): Resource "https://petstore.octoperf.com/images/banner_fish.gif" is in the cache already and will not be downloaded again  	[MsgId: MMSG-26655]
CheckOutThProduct.c(7): Registered web_reg_find successful for "Text=Shopping Cart" (count=1)  	[MsgId: MMSG-26364]
CheckOutThProduct.c(7): web_url("Cart.action_4") was successful, 4631 body bytes, 225 header bytes  	[MsgId: MMSG-26386]
CheckOutThProduct.c(15): Notify: Transaction "PetStore_ClickOnViewCart_T01" ended with a "Pass" status (Duration: 0.1287 Wasted Time: 0.0000).	[MsgId: MMSG-16871]
CheckOutThProduct.c(17): lr_think_time: 3.70 seconds (recorded think time was 5.00 seconds).	[MsgId: MMSG-15947]
CheckOutThProduct.c(36): Resource "https://petstore.octoperf.com/css/jpetstore.css" is in the cache already and will not be downloaded again  	[MsgId: MMSG-26655]
CheckOutThProduct.c(36): Resource "https://petstore.octoperf.com/images/logo-topbar.svg" is in the cache already and will not be downloaded again  	[MsgId: MMSG-26655]
CheckOutThProduct.c(36): Resource "https://petstore.octoperf.com/images/cart.gif" is in the cache already and will not be downloaded again  	[MsgId: MMSG-26655]
CheckOutThProduct.c(36): Resource "https://petstore.octoperf.com/images/separator.gif" is in the cache already and will not be downloaded again  	[MsgId: MMSG-26655]
CheckOutThProduct.c(36): Resource "https://petstore.octoperf.com/images/sm_fish.gif" is in the cache already and will not be downloaded again  	[MsgId: MMSG-26655]
CheckOutThProduct.c(36): Resource "https://petstore.octoperf.com/images/sm_dogs.gif" is in the cache already and will not be downloaded again  	[MsgId: MMSG-26655]
CheckOutThProduct.c(36): Resource "https://petstore.octoperf.com/images/sm_reptiles.gif" is in the cache already and will not be downloaded again  	[MsgId: MMSG-26655]
CheckOutThProduct.c(36): Resource "https://petstore.octoperf.com/images/sm_cats.gif" is in the cache already and will not be downloaded again  	[MsgId: MMSG-26655]
CheckOutThProduct.c(36): Resource "https://petstore.octoperf.com/images/sm_birds.gif" is in the cache already and will not be downloaded again  	[MsgId: MMSG-26655]
CheckOutThProduct.c(36): Resource "https://petstore.octoperf.com/images/banner_fish.gif" is in the cache already and will not be downloaded again  	[MsgId: MMSG-26655]
CheckOutThProduct.c(36): Registered web_reg_find successful for "Text=Confirm" (count=1)  	[MsgId: MMSG-26364]
CheckOutThProduct.c(36): web_submit_form("Order.action") was successful, 4526 body bytes, 225 header bytes  	[MsgId: MMSG-26386]
CheckOutThProduct.c(54): Notify: Transaction "PetStore_ClickOnContinue_T03" ended with a "Pass" status (Duration: 0.2492 Wasted Time: 0.0000).	[MsgId: MMSG-16871]
CheckOutThProduct.c(56): lr_think_time: 2.83 seconds (recorded think time was 5.00 seconds).	[MsgId: MMSG-15947]
Registration.c(83): Redirecting "https://petstore.octoperf.com/actions/Account.action" (redirection depth is 0)  	[MsgId: MMSG-26694]
Registration.c(83): To location "https://petstore.octoperf.com/actions/Catalog.action"  	[MsgId: MMSG-26693]
Registration.c(83): Resource "https://petstore.octoperf.com/css/jpetstore.css" is in the cache already and will not be downloaded again  	[MsgId: MMSG-26655]
Registration.c(83): Resource "https://petstore.octoperf.com/images/logo-topbar.svg" is in the cache already and will not be downloaded again  	[MsgId: MMSG-26655]
Registration.c(83): Resource "https://petstore.octoperf.com/images/cart.gif" is in the cache already and will not be downloaded again  	[MsgId: MMSG-26655]
Registration.c(83): Resource "https://petstore.octoperf.com/images/separator.gif" is in the cache already and will not be downloaded again  	[MsgId: MMSG-26655]
Registration.c(83): Resource "https://petstore.octoperf.com/images/sm_fish.gif" is in the cache already and will not be downloaded again  	[MsgId: MMSG-26655]
Registration.c(83): Resource "https://petstore.octoperf.com/images/sm_dogs.gif" is in the cache already and will not be downloaded again  	[MsgId: MMSG-26655]
Registration.c(83): Resource "https://petstore.octoperf.com/images/sm_reptiles.gif" is in the cache already and will not be downloaded again  	[MsgId: MMSG-26655]
Registration.c(83): Resource "https://petstore.octoperf.com/images/sm_cats.gif" is in the cache already and will not be downloaded again  	[MsgId: MMSG-26655]
Registration.c(83): Resource "https://petstore.octoperf.com/images/sm_birds.gif" is in the cache already and will not be downloaded again  	[MsgId: MMSG-26655]
Registration.c(83): Resource "https://petstore.octoperf.com/images/fish_icon.gif" is in the cache already and will not be downloaded again  	[MsgId: MMSG-26655]
Registration.c(83): Resource "https://petstore.octoperf.com/images/dogs_icon.gif" is in the cache already and will not be downloaded again  	[MsgId: MMSG-26655]
Registration.c(83): Resource "https://petstore.octoperf.com/images/cats_icon.gif" is in the cache already and will not be downloaded again  	[MsgId: MMSG-26655]
Registration.c(83): Resource "https://petstore.octoperf.com/images/reptiles_icon.gif" is in the cache already and will not be downloaded again  	[MsgId: MMSG-26655]
Registration.c(83): Resource "https://petstore.octoperf.com/images/birds_icon.gif" is in the cache already and will not be downloaded again  	[MsgId: MMSG-26655]
Registration.c(83): Resource "https://petstore.octoperf.com/images/splash.gif" is in the cache already and will not be downloaded again  	[MsgId: MMSG-26655]
Registration.c(83): Registered web_reg_find successful for "Text=Elevate you load-testing" (count=1)  	[MsgId: MMSG-26364]
Registration.c(83): web_submit_form("Account.action") was successful, 4736 body bytes, 443 header bytes  	[MsgId: MMSG-26386]
Registration.c(105): Notify: Transaction "PetStore_SubmitRegistration_T02" ended with a "Pass" status (Duration: 0.7983 Wasted Time: 0.0001).	[MsgId: MMSG-16871]
Registration.c(107): lr_think_time: 4.68 seconds (recorded think time was 5.00 seconds).	[MsgId: MMSG-15947]
Starting iteration 1.	[MsgId: MMSG-15968]
Warning -27077: The "vuser_init" section contains web function(s) when the "Simulate a new user on each iteration" Runtime Setting is ON.  This may produce unpredictable results with multiple iterations  	[MsgId: MWAR-27077]
Maximum number of concurrent connections per server: 6  	[MsgId: MMSG-26989]
Starting action Login.	[MsgId: MMSG-15919]
Registration.c(15): Notify: Transaction "PetStore_ClickOnRegistration_T01" started.	[MsgId: MMSG-16999]
Registration.c(17): web_reg_find started  	[MsgId: MMSG-26355]
Registration.c(17): Registering web_reg_find was successful  	[MsgId: MMSG-26390]
Registration.c(20): web_link("Register Now!") started  	[MsgId: MMSG-26355]
Registration.c(20): Linking to "https://petstore.octoperf.com/actions/Account.action?newAccountForm=", Target Frame=""  	[MsgId: MMSG-27994]
Registration.c(20): Resource "https://petstore.octoperf.com/css/jpetstore.css" is in the cache already and will not be downloaded again  	[MsgId: MMSG-26655]
Registration.c(20): Resource "https://petstore.octoperf.com/images/logo-topbar.svg" is in the cache already and will not be downloaded again  	[MsgId: MMSG-26655]
Registration.c(20): Resource "https://petstore.octoperf.com/images/cart.gif" is in the cache already and will not be downloaded again  	[MsgId: MMSG-26655]
Registration.c(20): Resource "https://petstore.octoperf.com/images/separator.gif" is in the cache already and will not be downloaded again  	[MsgId: MMSG-26655]
Registration.c(20): Resource "https://petstore.octoperf.com/images/sm_fish.gif" is in the cache already and will not be downloaded again  	[MsgId: MMSG-26655]
Registration.c(20): Resource "https://petstore.octoperf.com/images/sm_dogs.gif" is in the cache already and will not be downloaded again  	[MsgId: MMSG-26655]
Registration.c(20): Resource "https://petstore.octoperf.com/images/sm_reptiles.gif" is in the cache already and will not be downloaded again  	[MsgId: MMSG-26655]
Registration.c(20): Resource "https://petstore.octoperf.com/images/sm_cats.gif" is in the cache already and will not be downloaded again  	[MsgId: MMSG-26655]
Registration.c(20): Resource "https://petstore.octoperf.com/images/sm_birds.gif" is in the cache already and will not be downloaded again  	[MsgId: MMSG-26655]
Registration.c(20): Registered web_reg_find successful for "Text=User Information" (count=1)  	[MsgId: MMSG-26364]
Registration.c(20): web_link("Register Now!") was successful, 5823 body bytes, 225 header bytes  	[MsgId: MMSG-26386]
Registration.c(25): Notify: Transaction "PetStore_ClickOnRegistration_T01" ended with a "Pass" status (Duration: 0.1279 Wasted Time: 0.0000).	[MsgId: MMSG-16871]
Registration.c(27): lr_think_time: 3.05 seconds (recorded think time was 5.00 seconds).	[MsgId: MMSG-15947]
AddToCard.c(67): Notify: Transaction "PetStore_SelectItemId_T03" started.	[MsgId: MMSG-16999]
AddToCard.c(71): Notify: Parameter Substitution: parameter "itemId_count" =  "1"	[MsgId: MMSG-13992]
AddToCard.c(72): Notify: Parameter Substitution: parameter "itemId_1" =  "EST-18"	[MsgId: MMSG-13992]
AddToCard.c(74): Notify: Saving Parameter "RanditemId = EST-18".	[MsgId: MMSG-13798]
AddToCard.c(75): Notify: Parameter Substitution: parameter "RanditemId" =  "EST-18"	[MsgId: MMSG-13992]
AddToCard.c(75): Random category selected in Action2 = EST-18	[MsgId: MMSG-17999]
AddToCard.c(77): web_reg_find started  	[MsgId: MMSG-26355]
AddToCard.c(77): Notify: Parameter Substitution: parameter "RanditemId" =  "EST-18"	[MsgId: MMSG-13992]
AddToCard.c(77): Registering web_reg_find was successful  	[MsgId: MMSG-26390]
AddToCard.c(79): web_link("{RanditemId}") started  	[MsgId: MMSG-26355]
AddToCard.c(79): Notify: Parameter Substitution: parameter "RanditemId" =  "EST-18"	[MsgId: MMSG-13992]
AddToCard.c(79): Linking to "https://petstore.octoperf.com/actions/Catalog.action?viewItem=&itemId=EST-18", Target Frame=""  	[MsgId: MMSG-27994]
AddToCard.c(79): Resource "https://petstore.octoperf.com/css/jpetstore.css" is in the cache already and will not be downloaded again  	[MsgId: MMSG-26655]
AddToCard.c(79): Resource "https://petstore.octoperf.com/images/logo-topbar.svg" is in the cache already and will not be downloaded again  	[MsgId: MMSG-26655]
AddToCard.c(79): Resource "https://petstore.octoperf.com/images/cart.gif" is in the cache already and will not be downloaded again  	[MsgId: MMSG-26655]
AddToCard.c(79): Resource "https://petstore.octoperf.com/images/separator.gif" is in the cache already and will not be downloaded again  	[MsgId: MMSG-26655]
AddToCard.c(79): Resource "https://petstore.octoperf.com/images/sm_fish.gif" is in the cache already and will not be downloaded again  	[MsgId: MMSG-26655]
AddToCard.c(79): Resource "https://petstore.octoperf.com/images/sm_dogs.gif" is in the cache already and will not be downloaded again  	[MsgId: MMSG-26655]
AddToCard.c(79): Resource "https://petstore.octoperf.com/images/sm_reptiles.gif" is in the cache already and will not be downloaded again  	[MsgId: MMSG-26655]
AddToCard.c(79): Resource "https://petstore.octoperf.com/images/sm_cats.gif" is in the cache already and will not be downloaded again  	[MsgId: MMSG-26655]
AddToCard.c(79): Resource "https://petstore.octoperf.com/images/sm_birds.gif" is in the cache already and will not be downloaded again  	[MsgId: MMSG-26655]
AddToCard.c(79): Found resource "https://petstore.octoperf.com/images/bird2.gif" in HTML "https://petstore.octoperf.com/actions/Catalog.action?viewItem=&itemId=EST-18"  	[MsgId: MMSG-26659]
AddToCard.c(79): Resource "https://petstore.octoperf.com/images/banner_fish.gif" is in the cache already and will not be downloaded again  	[MsgId: MMSG-26655]
AddToCard.c(79): Registered web_reg_find successful for "Text=EST-18" (count=2)  	[MsgId: MMSG-26364]
AddToCard.c(79): web_link("{RanditemId}") was successful, 15168 body bytes, 511 header bytes  	[MsgId: MMSG-26386]
AddToCard.c(84): Notify: Transaction "PetStore_SelectItemId_T03" ended with a "Pass" status (Duration: 0.4129 Wasted Time: 0.0000).	[MsgId: MMSG-16871]
AddToCard.c(86): lr_think_time: 3.83 seconds (recorded think time was 5.00 seconds).	[MsgId: MMSG-15947]
AddToCard.c(40): Notify: Transaction "PetStore_SelectProductId_T02" started.	[MsgId: MMSG-16999]
AddToCard.c(43): Notify: Parameter Substitution: parameter "productId_count" =  "2"	[MsgId: MMSG-13992]
AddToCard.c(44): Notify: Parameter Substitution: parameter "productId_1" =  "AV-CB-01"	[MsgId: MMSG-13992]
AddToCard.c(46): Notify: Saving Parameter "RandproductId = AV-CB-01".	[MsgId: MMSG-13798]
AddToCard.c(47): Notify: Parameter Substitution: parameter "RandproductId" =  "AV-CB-01"	[MsgId: MMSG-13992]
AddToCard.c(47): Random category selected in Action2 = AV-CB-01	[MsgId: MMSG-17999]
AddToCard.c(49): web_reg_find started  	[MsgId: MMSG-26355]
AddToCard.c(49): Notify: Parameter Substitution: parameter "RandproductId" =  "AV-CB-01"	[MsgId: MMSG-13992]
AddToCard.c(49): Registering web_reg_find was successful  	[MsgId: MMSG-26390]
AddToCard.c(51): web_reg_save_param_regexp started  	[MsgId: MMSG-26355]
AddToCard.c(51): Registering web_reg_save_param_regexp was successful  	[MsgId: MMSG-26390]
AddToCard.c(58): web_link("{RandproductId}") started  	[MsgId: MMSG-26355]
AddToCard.c(58): Notify: Parameter Substitution: parameter "RandproductId" =  "AV-CB-01"	[MsgId: MMSG-13992]
AddToCard.c(58): Linking to "https://petstore.octoperf.com/actions/Catalog.action?viewProduct=&productId=AV-CB-01", Target Frame=""  	[MsgId: MMSG-27994]
CheckOutThProduct.c(58): Notify: Transaction "PetStore_ClickOnConform_T04" started.	[MsgId: MMSG-16999]
CheckOutThProduct.c(59): web_reg_find started  	[MsgId: MMSG-26355]
CheckOutThProduct.c(59): Registering web_reg_find was successful  	[MsgId: MMSG-26390]
CheckOutThProduct.c(62): web_link("Confirm") started  	[MsgId: MMSG-26355]
CheckOutThProduct.c(62): Linking to "https://petstore.octoperf.com/actions/Order.action?newOrder=&confirmed=true", Target Frame=""  	[MsgId: MMSG-27994]
AddToCard.c(58): Resource "https://petstore.octoperf.com/css/jpetstore.css" is in the cache already and will not be downloaded again  	[MsgId: MMSG-26655]
AddToCard.c(58): Resource "https://petstore.octoperf.com/images/logo-topbar.svg" is in the cache already and will not be downloaded again  	[MsgId: MMSG-26655]
AddToCard.c(58): Resource "https://petstore.octoperf.com/images/cart.gif" is in the cache already and will not be downloaded again  	[MsgId: MMSG-26655]
AddToCard.c(58): Resource "https://petstore.octoperf.com/images/separator.gif" is in the cache already and will not be downloaded again  	[MsgId: MMSG-26655]
AddToCard.c(58): Resource "https://petstore.octoperf.com/images/sm_fish.gif" is in the cache already and will not be downloaded again  	[MsgId: MMSG-26655]
AddToCard.c(58): Resource "https://petstore.octoperf.com/images/sm_dogs.gif" is in the cache already and will not be downloaded again  	[MsgId: MMSG-26655]
AddToCard.c(58): Resource "https://petstore.octoperf.com/images/sm_reptiles.gif" is in the cache already and will not be downloaded again  	[MsgId: MMSG-26655]
AddToCard.c(58): Resource "https://petstore.octoperf.com/images/sm_cats.gif" is in the cache already and will not be downloaded again  	[MsgId: MMSG-26655]
AddToCard.c(58): Resource "https://petstore.octoperf.com/images/sm_birds.gif" is in the cache already and will not be downloaded again  	[MsgId: MMSG-26655]
AddToCard.c(58): Resource "https://petstore.octoperf.com/images/banner_fish.gif" is in the cache already and will not be downloaded again  	[MsgId: MMSG-26655]
AddToCard.c(58): Notify: Saving Parameter "itemId_1 = EST-18".	[MsgId: MMSG-13798]
AddToCard.c(58): Notify: Saving Parameter "itemId_count = 1".	[MsgId: MMSG-13798]
AddToCard.c(58): Registered web_reg_find successful for "Text=AV-CB-01" (count=1)  	[MsgId: MMSG-26364]
AddToCard.c(58): web_link("{RandproductId}") was successful, 3795 body bytes, 225 header bytes  	[MsgId: MMSG-26386]
AddToCard.c(63): Notify: Transaction "PetStore_SelectProductId_T02" ended with a "Pass" status (Duration: 0.1271 Wasted Time: 0.0002).	[MsgId: MMSG-16871]
AddToCard.c(65): lr_think_time: 4.93 seconds (recorded think time was 5.00 seconds).	[MsgId: MMSG-15947]
CheckOutThProduct.c(62): Resource "https://petstore.octoperf.com/css/jpetstore.css" is in the cache already and will not be downloaded again  	[MsgId: MMSG-26655]
CheckOutThProduct.c(62): Resource "https://petstore.octoperf.com/images/logo-topbar.svg" is in the cache already and will not be downloaded again  	[MsgId: MMSG-26655]
CheckOutThProduct.c(62): Resource "https://petstore.octoperf.com/images/cart.gif" is in the cache already and will not be downloaded again  	[MsgId: MMSG-26655]
CheckOutThProduct.c(62): Resource "https://petstore.octoperf.com/images/separator.gif" is in the cache already and will not be downloaded again  	[MsgId: MMSG-26655]
CheckOutThProduct.c(62): Resource "https://petstore.octoperf.com/images/sm_fish.gif" is in the cache already and will not be downloaded again  	[MsgId: MMSG-26655]
CheckOutThProduct.c(62): Resource "https://petstore.octoperf.com/images/sm_dogs.gif" is in the cache already and will not be downloaded again  	[MsgId: MMSG-26655]
CheckOutThProduct.c(62): Resource "https://petstore.octoperf.com/images/sm_reptiles.gif" is in the cache already and will not be downloaded again  	[MsgId: MMSG-26655]
CheckOutThProduct.c(62): Resource "https://petstore.octoperf.com/images/sm_cats.gif" is in the cache already and will not be downloaded again  	[MsgId: MMSG-26655]
CheckOutThProduct.c(62): Resource "https://petstore.octoperf.com/images/sm_birds.gif" is in the cache already and will not be downloaded again  	[MsgId: MMSG-26655]
CheckOutThProduct.c(62): Resource "https://petstore.octoperf.com/images/banner_fish.gif" is in the cache already and will not be downloaded again  	[MsgId: MMSG-26655]
CheckOutThProduct.c(62): Registered web_reg_find successful for "Text=Thank you, your order has been submitted" (count=1)  	[MsgId: MMSG-26364]
CheckOutThProduct.c(62): web_link("Confirm") was successful, 5218 body bytes, 225 header bytes  	[MsgId: MMSG-26386]
CheckOutThProduct.c(66): Notify: Transaction "PetStore_ClickOnConform_T04" ended with a "Pass" status (Duration: 0.1274 Wasted Time: 0.0000).	[MsgId: MMSG-16871]
Ending action CheckOutThProduct.	[MsgId: MMSG-15918]
Ending iteration 1.	[MsgId: MMSG-15965]
Waiting 8.3090 seconds for iteration pacing.	[MsgId: MMSG-15996]
CheckOutThProduct.c(58): Notify: Transaction "PetStore_ClickOnConform_T04" started.	[MsgId: MMSG-16999]
CheckOutThProduct.c(59): web_reg_find started  	[MsgId: MMSG-26355]
CheckOutThProduct.c(59): Registering web_reg_find was successful  	[MsgId: MMSG-26390]
CheckOutThProduct.c(62): web_link("Confirm") started  	[MsgId: MMSG-26355]
CheckOutThProduct.c(62): Linking to "https://petstore.octoperf.com/actions/Order.action?newOrder=&confirmed=true", Target Frame=""  	[MsgId: MMSG-27994]
Login.c(17): Notify: Transaction "PetStore_Login_T01" started.	[MsgId: MMSG-16999]
Login.c(18): web_reg_find started  	[MsgId: MMSG-26355]
Login.c(18): Registering web_reg_find was successful  	[MsgId: MMSG-26390]
Login.c(20): web_reg_save_param_regexp started  	[MsgId: MMSG-26355]
Login.c(20): Registering web_reg_save_param_regexp was successful  	[MsgId: MMSG-26390]
Login.c(26): web_submit_form("Account.action") started  	[MsgId: MMSG-26355]
Login.c(26): Notify: Parameter Substitution: parameter "randomUsername" =  "VFJL"	[MsgId: MMSG-13992]
Login.c(26): Notify: Parameter Substitution: parameter "randompass" =  "ksgd"	[MsgId: MMSG-13992]
Login.c(26): Submitting form to "https://petstore.octoperf.com/actions/Account.action", Target Frame=""  	[MsgId: MMSG-27978]
CheckOutThProduct.c(62): Resource "https://petstore.octoperf.com/css/jpetstore.css" is in the cache already and will not be downloaded again  	[MsgId: MMSG-26655]
CheckOutThProduct.c(62): Resource "https://petstore.octoperf.com/images/logo-topbar.svg" is in the cache already and will not be downloaded again  	[MsgId: MMSG-26655]
CheckOutThProduct.c(62): Resource "https://petstore.octoperf.com/images/cart.gif" is in the cache already and will not be downloaded again  	[MsgId: MMSG-26655]
CheckOutThProduct.c(62): Resource "https://petstore.octoperf.com/images/separator.gif" is in the cache already and will not be downloaded again  	[MsgId: MMSG-26655]
CheckOutThProduct.c(62): Resource "https://petstore.octoperf.com/images/sm_fish.gif" is in the cache already and will not be downloaded again  	[MsgId: MMSG-26655]
CheckOutThProduct.c(62): Resource "https://petstore.octoperf.com/images/sm_dogs.gif" is in the cache already and will not be downloaded again  	[MsgId: MMSG-26655]
CheckOutThProduct.c(62): Resource "https://petstore.octoperf.com/images/sm_reptiles.gif" is in the cache already and will not be downloaded again  	[MsgId: MMSG-26655]
CheckOutThProduct.c(62): Resource "https://petstore.octoperf.com/images/sm_cats.gif" is in the cache already and will not be downloaded again  	[MsgId: MMSG-26655]
CheckOutThProduct.c(62): Resource "https://petstore.octoperf.com/images/sm_birds.gif" is in the cache already and will not be downloaded again  	[MsgId: MMSG-26655]
CheckOutThProduct.c(62): Resource "https://petstore.octoperf.com/images/banner_fish.gif" is in the cache already and will not be downloaded again  	[MsgId: MMSG-26655]
CheckOutThProduct.c(62): Registered web_reg_find successful for "Text=Thank you, your order has been submitted" (count=1)  	[MsgId: MMSG-26364]
CheckOutThProduct.c(62): web_link("Confirm") was successful, 5222 body bytes, 225 header bytes  	[MsgId: MMSG-26386]
CheckOutThProduct.c(66): Notify: Transaction "PetStore_ClickOnConform_T04" ended with a "Pass" status (Duration: 0.1287 Wasted Time: 0.0000).	[MsgId: MMSG-16871]
Ending action CheckOutThProduct.	[MsgId: MMSG-15918]
Ending iteration 1.	[MsgId: MMSG-15965]
Waiting 7.6640 seconds for iteration pacing.	[MsgId: MMSG-15996]
Login.c(26): Redirecting "https://petstore.octoperf.com/actions/Account.action" (redirection depth is 0)  	[MsgId: MMSG-26694]
Login.c(26): To location "https://petstore.octoperf.com/actions/Catalog.action"  	[MsgId: MMSG-26693]
Login.c(26): Resource "https://petstore.octoperf.com/css/jpetstore.css" is in the cache already and will not be downloaded again  	[MsgId: MMSG-26655]
Login.c(26): Resource "https://petstore.octoperf.com/images/logo-topbar.svg" is in the cache already and will not be downloaded again  	[MsgId: MMSG-26655]
Login.c(26): Resource "https://petstore.octoperf.com/images/cart.gif" is in the cache already and will not be downloaded again  	[MsgId: MMSG-26655]
Login.c(26): Resource "https://petstore.octoperf.com/images/separator.gif" is in the cache already and will not be downloaded again  	[MsgId: MMSG-26655]
Login.c(26): Resource "https://petstore.octoperf.com/images/sm_fish.gif" is in the cache already and will not be downloaded again  	[MsgId: MMSG-26655]
Login.c(26): Resource "https://petstore.octoperf.com/images/sm_dogs.gif" is in the cache already and will not be downloaded again  	[MsgId: MMSG-26655]
Login.c(26): Resource "https://petstore.octoperf.com/images/sm_reptiles.gif" is in the cache already and will not be downloaded again  	[MsgId: MMSG-26655]
Login.c(26): Resource "https://petstore.octoperf.com/images/sm_cats.gif" is in the cache already and will not be downloaded again  	[MsgId: MMSG-26655]
Login.c(26): Resource "https://petstore.octoperf.com/images/sm_birds.gif" is in the cache already and will not be downloaded again  	[MsgId: MMSG-26655]
Login.c(26): Resource "https://petstore.octoperf.com/images/fish_icon.gif" is in the cache already and will not be downloaded again  	[MsgId: MMSG-26655]
Login.c(26): Resource "https://petstore.octoperf.com/images/dogs_icon.gif" is in the cache already and will not be downloaded again  	[MsgId: MMSG-26655]
Login.c(26): Resource "https://petstore.octoperf.com/images/cats_icon.gif" is in the cache already and will not be downloaded again  	[MsgId: MMSG-26655]
Login.c(26): Resource "https://petstore.octoperf.com/images/reptiles_icon.gif" is in the cache already and will not be downloaded again  	[MsgId: MMSG-26655]
Login.c(26): Resource "https://petstore.octoperf.com/images/birds_icon.gif" is in the cache already and will not be downloaded again  	[MsgId: MMSG-26655]
Login.c(26): Resource "https://petstore.octoperf.com/images/splash.gif" is in the cache already and will not be downloaded again  	[MsgId: MMSG-26655]
Login.c(26): Found resource "https://petstore.octoperf.com/images/banner_fish.gif" in HTML "https://petstore.octoperf.com/actions/Catalog.action"  	[MsgId: MMSG-26659]
Login.c(26): Notify: Saving Parameter "ProductName_1 = BIRDS".	[MsgId: MMSG-13798]
Login.c(26): Notify: Saving Parameter "ProductName_2 = FISH".	[MsgId: MMSG-13798]
Login.c(26): Notify: Saving Parameter "ProductName_3 = DOGS".	[MsgId: MMSG-13798]
Login.c(26): Notify: Saving Parameter "ProductName_4 = REPTILES".	[MsgId: MMSG-13798]
Login.c(26): Notify: Saving Parameter "ProductName_5 = CATS".	[MsgId: MMSG-13798]
Login.c(26): Notify: Saving Parameter "ProductName_6 = BIRDS".	[MsgId: MMSG-13798]
Login.c(26): Notify: Saving Parameter "ProductName_count = 6".	[MsgId: MMSG-13798]
Login.c(26): Registered web_reg_find successful for "Text=My Account" (count=1)  	[MsgId: MMSG-26364]
Login.c(26): web_submit_form("Account.action") was successful, 11416 body bytes, 727 header bytes  	[MsgId: MMSG-26386]
Login.c(34): Notify: Transaction "PetStore_Login_T01" ended with a "Pass" status (Duration: 0.5028 Wasted Time: 0.0003).	[MsgId: MMSG-16871]
Ending action Login.	[MsgId: MMSG-15918]
Starting action CheckOutThProduct.	[MsgId: MMSG-15919]
AddToCard.c(8): Notify: Transaction "PetStore_AddAproduct_T01" started.	[MsgId: MMSG-16999]
AddToCard.c(11): Notify: Parameter Substitution: parameter "ProductName_count" =  "6"	[MsgId: MMSG-13992]
AddToCard.c(12): Notify: Parameter Substitution: parameter "ProductName_2" =  "FISH"	[MsgId: MMSG-13992]
AddToCard.c(14): Notify: Saving Parameter "RandCategory = FISH".	[MsgId: MMSG-13798]
AddToCard.c(15): Notify: Parameter Substitution: parameter "RandCategory" =  "FISH"	[MsgId: MMSG-13992]
AddToCard.c(15): Random category selected in Action2 = FISH	[MsgId: MMSG-17999]
AddToCard.c(17): web_reg_find started  	[MsgId: MMSG-26355]
AddToCard.c(17): Notify: Parameter Substitution: parameter "RandCategory" =  "FISH"	[MsgId: MMSG-13992]
AddToCard.c(17): Registering web_reg_find was successful  	[MsgId: MMSG-26390]
AddToCard.c(20): web_reg_save_param_regexp started  	[MsgId: MMSG-26355]
AddToCard.c(20): Registering web_reg_save_param_regexp was successful  	[MsgId: MMSG-26390]
AddToCard.c(27): web_url("Catalog.action_2") started  	[MsgId: MMSG-26355]
AddToCard.c(27): Notify: Parameter Substitution: parameter "RandCategory" =  "FISH"	[MsgId: MMSG-13992]
AddToCard.c(27): Resource "https://petstore.octoperf.com/css/jpetstore.css" is in the cache already and will not be downloaded again  	[MsgId: MMSG-26655]
AddToCard.c(27): Resource "https://petstore.octoperf.com/images/logo-topbar.svg" is in the cache already and will not be downloaded again  	[MsgId: MMSG-26655]
AddToCard.c(27): Resource "https://petstore.octoperf.com/images/cart.gif" is in the cache already and will not be downloaded again  	[MsgId: MMSG-26655]
AddToCard.c(27): Resource "https://petstore.octoperf.com/images/separator.gif" is in the cache already and will not be downloaded again  	[MsgId: MMSG-26655]
AddToCard.c(27): Resource "https://petstore.octoperf.com/images/sm_fish.gif" is in the cache already and will not be downloaded again  	[MsgId: MMSG-26655]
AddToCard.c(27): Resource "https://petstore.octoperf.com/images/sm_dogs.gif" is in the cache already and will not be downloaded again  	[MsgId: MMSG-26655]
AddToCard.c(27): Resource "https://petstore.octoperf.com/images/sm_reptiles.gif" is in the cache already and will not be downloaded again  	[MsgId: MMSG-26655]
AddToCard.c(27): Resource "https://petstore.octoperf.com/images/sm_cats.gif" is in the cache already and will not be downloaded again  	[MsgId: MMSG-26655]
AddToCard.c(27): Resource "https://petstore.octoperf.com/images/sm_birds.gif" is in the cache already and will not be downloaded again  	[MsgId: MMSG-26655]
AddToCard.c(27): Resource "https://petstore.octoperf.com/images/banner_fish.gif" is in the cache already and will not be downloaded again  	[MsgId: MMSG-26655]
AddToCard.c(27): Notify: Saving Parameter "productId_1 = FI-SW-01".	[MsgId: MMSG-13798]
AddToCard.c(27): Notify: Saving Parameter "productId_2 = FI-SW-02".	[MsgId: MMSG-13798]
AddToCard.c(27): Notify: Saving Parameter "productId_3 = FI-FW-01".	[MsgId: MMSG-13798]
AddToCard.c(27): Notify: Saving Parameter "productId_4 = FI-FW-02".	[MsgId: MMSG-13798]
AddToCard.c(27): Notify: Saving Parameter "productId_count = 4".	[MsgId: MMSG-13798]
AddToCard.c(27): Registered web_reg_find successful for "Text=FISH" (count=1)  	[MsgId: MMSG-26364]
AddToCard.c(27): web_url("Catalog.action_2") was successful, 3887 body bytes, 225 header bytes  	[MsgId: MMSG-26386]
AddToCard.c(36): Notify: Transaction "PetStore_AddAproduct_T01" ended with a "Pass" status (Duration: 0.1262 Wasted Time: 0.0002).	[MsgId: MMSG-16871]
AddToCard.c(38): lr_think_time: 3.37 seconds (recorded think time was 5.00 seconds).	[MsgId: MMSG-15947]
CheckOutThProduct.c(19): Notify: Transaction "PetStore_ClickOnProccedToCheckOut_T02" started.	[MsgId: MMSG-16999]
CheckOutThProduct.c(20): web_reg_find started  	[MsgId: MMSG-26355]
CheckOutThProduct.c(20): Registering web_reg_find was successful  	[MsgId: MMSG-26390]
CheckOutThProduct.c(23): web_link("Proceed to Checkout") started  	[MsgId: MMSG-26355]
CheckOutThProduct.c(23): Linking to "https://petstore.octoperf.com/actions/Order.action?newOrderForm=", Target Frame=""  	[MsgId: MMSG-27994]
CheckOutThProduct.c(23): Resource "https://petstore.octoperf.com/css/jpetstore.css" is in the cache already and will not be downloaded again  	[MsgId: MMSG-26655]
CheckOutThProduct.c(23): Resource "https://petstore.octoperf.com/images/logo-topbar.svg" is in the cache already and will not be downloaded again  	[MsgId: MMSG-26655]
CheckOutThProduct.c(23): Resource "https://petstore.octoperf.com/images/cart.gif" is in the cache already and will not be downloaded again  	[MsgId: MMSG-26655]
CheckOutThProduct.c(23): Resource "https://petstore.octoperf.com/images/separator.gif" is in the cache already and will not be downloaded again  	[MsgId: MMSG-26655]
CheckOutThProduct.c(23): Resource "https://petstore.octoperf.com/images/sm_fish.gif" is in the cache already and will not be downloaded again  	[MsgId: MMSG-26655]
CheckOutThProduct.c(23): Resource "https://petstore.octoperf.com/images/sm_dogs.gif" is in the cache already and will not be downloaded again  	[MsgId: MMSG-26655]
CheckOutThProduct.c(23): Resource "https://petstore.octoperf.com/images/sm_reptiles.gif" is in the cache already and will not be downloaded again  	[MsgId: MMSG-26655]
CheckOutThProduct.c(23): Resource "https://petstore.octoperf.com/images/sm_cats.gif" is in the cache already and will not be downloaded again  	[MsgId: MMSG-26655]
CheckOutThProduct.c(23): Resource "https://petstore.octoperf.com/images/sm_birds.gif" is in the cache already and will not be downloaded again  	[MsgId: MMSG-26655]
CheckOutThProduct.c(23): Resource "https://petstore.octoperf.com/images/banner_fish.gif" is in the cache already and will not be downloaded again  	[MsgId: MMSG-26655]
CheckOutThProduct.c(23): Registered web_reg_find successful for "Text=Payment Details" (count=1)  	[MsgId: MMSG-26364]
CheckOutThProduct.c(23): web_link("Proceed to Checkout") was successful, 5376 body bytes, 225 header bytes  	[MsgId: MMSG-26386]
CheckOutThProduct.c(27): Notify: Transaction "PetStore_ClickOnProccedToCheckOut_T02" ended with a "Pass" status (Duration: 0.1254 Wasted Time: 0.0000).	[MsgId: MMSG-16871]
CheckOutThProduct.c(29): lr_think_time: 4.21 seconds (recorded think time was 5.00 seconds).	[MsgId: MMSG-15947]
Registration.c(29): Notify: Transaction "PetStore_SubmitRegistration_T02" started.	[MsgId: MMSG-16999]
Registration.c(31): web_reg_find started  	[MsgId: MMSG-26355]
Registration.c(31): Registering web_reg_find was successful  	[MsgId: MMSG-26390]
Registration.c(38): Notify: Saving Parameter "randomUsername = BHJC".	[MsgId: MMSG-13798]
Registration.c(44): Notify: Saving Parameter "randompass = qsao".	[MsgId: MMSG-13798]
Registration.c(58): Notify: Saving Parameter "randomFirstName = whzhy".	[MsgId: MMSG-13798]
Registration.c(59): Notify: Saving Parameter "randomLastName = cnrdk".	[MsgId: MMSG-13798]
Registration.c(71): Notify: Saving Parameter "RandomPhone = 9884300243".	[MsgId: MMSG-13798]
Registration.c(80): Notify: Saving Parameter "RandomZip = 623787".	[MsgId: MMSG-13798]
Registration.c(83): web_submit_form("Account.action") started  	[MsgId: MMSG-26355]
Registration.c(83): Notify: Parameter Substitution: parameter "randomUsername" =  "BHJC"	[MsgId: MMSG-13992]
Registration.c(83): Notify: Parameter Substitution: parameter "randompass" =  "qsao"	[MsgId: MMSG-13992]
Registration.c(83): Notify: Parameter Substitution: parameter "randompass" =  "qsao"	[MsgId: MMSG-13992]
Registration.c(83): Notify: Parameter Substitution: parameter "randomFirstName" =  "whzhy"	[MsgId: MMSG-13992]
Registration.c(83): Notify: Parameter Substitution: parameter "randomLastName" =  "cnrdk"	[MsgId: MMSG-13992]
Registration.c(83): Notify: Parameter Substitution: parameter "randomFirstName" =  "whzhy"	[MsgId: MMSG-13992]
Registration.c(83): Notify: Parameter Substitution: parameter "randomLastName" =  "cnrdk"	[MsgId: MMSG-13992]
Registration.c(83): Notify: Parameter Substitution: parameter "RandomPhone" =  "9884300243"	[MsgId: MMSG-13992]
Registration.c(83): Notify: Parameter Substitution: parameter "RandomZip" =  "623787"	[MsgId: MMSG-13992]
Registration.c(83): Submitting form to "https://petstore.octoperf.com/actions/Account.action", Target Frame=""  	[MsgId: MMSG-27978]
Registration.c(83): Connection to petstore.octoperf.com:443 closed after being inactive for 62 seconds, exceeding the "HTTP Keep-Alive timeout" Runtime Setting (60 seconds). URL="[None]"  	[MsgId: MMSG-27647]
Registration.c(83): Redirecting "https://petstore.octoperf.com/actions/Account.action" (redirection depth is 0)  	[MsgId: MMSG-26694]
Registration.c(83): To location "https://petstore.octoperf.com/actions/Catalog.action"  	[MsgId: MMSG-26693]
Registration.c(109): Notify: Transaction "PetStore_SignOut_T03" started.	[MsgId: MMSG-16999]
Registration.c(111): web_reg_find started  	[MsgId: MMSG-26355]
Registration.c(111): Registering web_reg_find was successful  	[MsgId: MMSG-26390]
Registration.c(114): web_url("Account.action_2") started  	[MsgId: MMSG-26355]
Registration.c(83): Resource "https://petstore.octoperf.com/css/jpetstore.css" is in the cache already and will not be downloaded again  	[MsgId: MMSG-26655]
Registration.c(83): Resource "https://petstore.octoperf.com/images/logo-topbar.svg" is in the cache already and will not be downloaded again  	[MsgId: MMSG-26655]
Registration.c(83): Resource "https://petstore.octoperf.com/images/cart.gif" is in the cache already and will not be downloaded again  	[MsgId: MMSG-26655]
Registration.c(83): Resource "https://petstore.octoperf.com/images/separator.gif" is in the cache already and will not be downloaded again  	[MsgId: MMSG-26655]
Registration.c(83): Resource "https://petstore.octoperf.com/images/sm_fish.gif" is in the cache already and will not be downloaded again  	[MsgId: MMSG-26655]
Registration.c(83): Resource "https://petstore.octoperf.com/images/sm_dogs.gif" is in the cache already and will not be downloaded again  	[MsgId: MMSG-26655]
Registration.c(83): Resource "https://petstore.octoperf.com/images/sm_reptiles.gif" is in the cache already and will not be downloaded again  	[MsgId: MMSG-26655]
Registration.c(83): Resource "https://petstore.octoperf.com/images/sm_cats.gif" is in the cache already and will not be downloaded again  	[MsgId: MMSG-26655]
Registration.c(83): Resource "https://petstore.octoperf.com/images/sm_birds.gif" is in the cache already and will not be downloaded again  	[MsgId: MMSG-26655]
Registration.c(83): Resource "https://petstore.octoperf.com/images/fish_icon.gif" is in the cache already and will not be downloaded again  	[MsgId: MMSG-26655]
Registration.c(83): Resource "https://petstore.octoperf.com/images/dogs_icon.gif" is in the cache already and will not be downloaded again  	[MsgId: MMSG-26655]
Registration.c(83): Resource "https://petstore.octoperf.com/images/cats_icon.gif" is in the cache already and will not be downloaded again  	[MsgId: MMSG-26655]
Registration.c(83): Resource "https://petstore.octoperf.com/images/reptiles_icon.gif" is in the cache already and will not be downloaded again  	[MsgId: MMSG-26655]
Registration.c(83): Resource "https://petstore.octoperf.com/images/birds_icon.gif" is in the cache already and will not be downloaded again  	[MsgId: MMSG-26655]
Registration.c(83): Resource "https://petstore.octoperf.com/images/splash.gif" is in the cache already and will not be downloaded again  	[MsgId: MMSG-26655]
Registration.c(83): Registered web_reg_find successful for "Text=Elevate you load-testing" (count=1)  	[MsgId: MMSG-26364]
Registration.c(83): web_submit_form("Account.action") was successful, 4736 body bytes, 443 header bytes  	[MsgId: MMSG-26386]
Registration.c(105): Notify: Transaction "PetStore_SubmitRegistration_T02" ended with a "Pass" status (Duration: 0.7897 Wasted Time: 0.0000).	[MsgId: MMSG-16871]
Registration.c(107): lr_think_time: 3.83 seconds (recorded think time was 5.00 seconds).	[MsgId: MMSG-15947]
Registration.c(114): Redirecting "https://petstore.octoperf.com/actions/Account.action?signoff=" (redirection depth is 0)  	[MsgId: MMSG-26694]
Registration.c(114): To location "https://petstore.octoperf.com/actions/Catalog.action"  	[MsgId: MMSG-26693]
Registration.c(114): Resource "https://petstore.octoperf.com/css/jpetstore.css" is in the cache already and will not be downloaded again  	[MsgId: MMSG-26655]
Registration.c(114): Resource "https://petstore.octoperf.com/images/logo-topbar.svg" is in the cache already and will not be downloaded again  	[MsgId: MMSG-26655]
Registration.c(114): Resource "https://petstore.octoperf.com/images/cart.gif" is in the cache already and will not be downloaded again  	[MsgId: MMSG-26655]
Registration.c(114): Resource "https://petstore.octoperf.com/images/separator.gif" is in the cache already and will not be downloaded again  	[MsgId: MMSG-26655]
Registration.c(114): Resource "https://petstore.octoperf.com/images/sm_fish.gif" is in the cache already and will not be downloaded again  	[MsgId: MMSG-26655]
Registration.c(114): Resource "https://petstore.octoperf.com/images/sm_dogs.gif" is in the cache already and will not be downloaded again  	[MsgId: MMSG-26655]
Registration.c(114): Resource "https://petstore.octoperf.com/images/sm_reptiles.gif" is in the cache already and will not be downloaded again  	[MsgId: MMSG-26655]
Registration.c(114): Resource "https://petstore.octoperf.com/images/sm_cats.gif" is in the cache already and will not be downloaded again  	[MsgId: MMSG-26655]
Registration.c(114): Resource "https://petstore.octoperf.com/images/sm_birds.gif" is in the cache already and will not be downloaded again  	[MsgId: MMSG-26655]
Registration.c(114): Resource "https://petstore.octoperf.com/images/fish_icon.gif" is in the cache already and will not be downloaded again  	[MsgId: MMSG-26655]
Registration.c(114): Resource "https://petstore.octoperf.com/images/dogs_icon.gif" is in the cache already and will not be downloaded again  	[MsgId: MMSG-26655]
Registration.c(114): Resource "https://petstore.octoperf.com/images/cats_icon.gif" is in the cache already and will not be downloaded again  	[MsgId: MMSG-26655]
Registration.c(114): Resource "https://petstore.octoperf.com/images/reptiles_icon.gif" is in the cache already and will not be downloaded again  	[MsgId: MMSG-26655]
Registration.c(114): Resource "https://petstore.octoperf.com/images/birds_icon.gif" is in the cache already and will not be downloaded again  	[MsgId: MMSG-26655]
Registration.c(114): Resource "https://petstore.octoperf.com/images/splash.gif" is in the cache already and will not be downloaded again  	[MsgId: MMSG-26655]
Registration.c(114): Registered web_reg_find successful for "Text=Sign In" (count=1)  	[MsgId: MMSG-26364]
Registration.c(114): web_url("Account.action_2") was successful, 4736 body bytes, 518 header bytes  	[MsgId: MMSG-26386]
Registration.c(123): Notify: Transaction "PetStore_SignOut_T03" ended with a "Pass" status (Duration: 0.2501 Wasted Time: 0.0000).	[MsgId: MMSG-16871]
Login.c(4): Notify: Transaction "PetStore_ClickOnSignIn_T01" started.	[MsgId: MMSG-16999]
Login.c(6): web_reg_find started  	[MsgId: MMSG-26355]
Login.c(6): Registering web_reg_find was successful  	[MsgId: MMSG-26390]
Login.c(9): web_link("Sign In") started  	[MsgId: MMSG-26355]
Login.c(9): Linking to "https://petstore.octoperf.com/actions/Account.action?signonForm=", Target Frame=""  	[MsgId: MMSG-27994]
Login.c(9): Resource "https://petstore.octoperf.com/css/jpetstore.css" is in the cache already and will not be downloaded again  	[MsgId: MMSG-26655]
Login.c(9): Resource "https://petstore.octoperf.com/images/logo-topbar.svg" is in the cache already and will not be downloaded again  	[MsgId: MMSG-26655]
Login.c(9): Resource "https://petstore.octoperf.com/images/cart.gif" is in the cache already and will not be downloaded again  	[MsgId: MMSG-26655]
Login.c(9): Resource "https://petstore.octoperf.com/images/separator.gif" is in the cache already and will not be downloaded again  	[MsgId: MMSG-26655]
Login.c(9): Resource "https://petstore.octoperf.com/images/sm_fish.gif" is in the cache already and will not be downloaded again  	[MsgId: MMSG-26655]
Login.c(9): Resource "https://petstore.octoperf.com/images/sm_dogs.gif" is in the cache already and will not be downloaded again  	[MsgId: MMSG-26655]
Login.c(9): Resource "https://petstore.octoperf.com/images/sm_reptiles.gif" is in the cache already and will not be downloaded again  	[MsgId: MMSG-26655]
Login.c(9): Resource "https://petstore.octoperf.com/images/sm_cats.gif" is in the cache already and will not be downloaded again  	[MsgId: MMSG-26655]
Login.c(9): Resource "https://petstore.octoperf.com/images/sm_birds.gif" is in the cache already and will not be downloaded again  	[MsgId: MMSG-26655]
Login.c(9): Registered web_reg_find successful for "Text=Please enter your username and password" (count=1)  	[MsgId: MMSG-26364]
Login.c(9): web_link("Sign In") was successful, 3858 body bytes, 225 header bytes  	[MsgId: MMSG-26386]
Login.c(13): Notify: Transaction "PetStore_ClickOnSignIn_T01" ended with a "Pass" status (Duration: 0.1259 Wasted Time: 0.0000).	[MsgId: MMSG-16871]
Login.c(15): lr_think_time: 4.80 seconds (recorded think time was 5.00 seconds).	[MsgId: MMSG-15947]
AddToCard.c(88): Notify: Transaction "PetStore_AddToCard_T04" started.	[MsgId: MMSG-16999]
AddToCard.c(90): web_reg_find started  	[MsgId: MMSG-26355]
AddToCard.c(90): Registering web_reg_find was successful  	[MsgId: MMSG-26390]
AddToCard.c(94): web_link("Add to Cart") started  	[MsgId: MMSG-26355]
AddToCard.c(94): Linking to "https://petstore.octoperf.com/actions/Cart.action?addItemToCart=&workingItemId=EST-18", Target Frame=""  	[MsgId: MMSG-27994]
AddToCard.c(94): Resource "https://petstore.octoperf.com/css/jpetstore.css" is in the cache already and will not be downloaded again  	[MsgId: MMSG-26655]
AddToCard.c(94): Resource "https://petstore.octoperf.com/images/logo-topbar.svg" is in the cache already and will not be downloaded again  	[MsgId: MMSG-26655]
AddToCard.c(94): Resource "https://petstore.octoperf.com/images/cart.gif" is in the cache already and will not be downloaded again  	[MsgId: MMSG-26655]
AddToCard.c(94): Resource "https://petstore.octoperf.com/images/separator.gif" is in the cache already and will not be downloaded again  	[MsgId: MMSG-26655]
AddToCard.c(94): Resource "https://petstore.octoperf.com/images/sm_fish.gif" is in the cache already and will not be downloaded again  	[MsgId: MMSG-26655]
AddToCard.c(94): Resource "https://petstore.octoperf.com/images/sm_dogs.gif" is in the cache already and will not be downloaded again  	[MsgId: MMSG-26655]
AddToCard.c(94): Resource "https://petstore.octoperf.com/images/sm_reptiles.gif" is in the cache already and will not be downloaded again  	[MsgId: MMSG-26655]
AddToCard.c(94): Resource "https://petstore.octoperf.com/images/sm_cats.gif" is in the cache already and will not be downloaded again  	[MsgId: MMSG-26655]
AddToCard.c(94): Resource "https://petstore.octoperf.com/images/sm_birds.gif" is in the cache already and will not be downloaded again  	[MsgId: MMSG-26655]
AddToCard.c(94): Resource "https://petstore.octoperf.com/images/banner_fish.gif" is in the cache already and will not be downloaded again  	[MsgId: MMSG-26655]
AddToCard.c(94): Registered web_reg_find successful for "Text=Shopping Cart" (count=1)  	[MsgId: MMSG-26364]
AddToCard.c(94): web_link("Add to Cart") was successful, 4644 body bytes, 225 header bytes  	[MsgId: MMSG-26386]
AddToCard.c(99): Notify: Transaction "PetStore_AddToCard_T04" ended with a "Pass" status (Duration: 0.1272 Wasted Time: 0.0000).	[MsgId: MMSG-16871]
CheckOutThProduct.c(4): Notify: Transaction "PetStore_ClickOnViewCart_T01" started.	[MsgId: MMSG-16999]
CheckOutThProduct.c(5): web_reg_find started  	[MsgId: MMSG-26355]
CheckOutThProduct.c(5): Registering web_reg_find was successful  	[MsgId: MMSG-26390]
CheckOutThProduct.c(7): web_url("Cart.action_4") started  	[MsgId: MMSG-26355]
Starting iteration 1.	[MsgId: MMSG-15968]
Warning -27077: The "vuser_init" section contains web function(s) when the "Simulate a new user on each iteration" Runtime Setting is ON.  This may produce unpredictable results with multiple iterations  	[MsgId: MWAR-27077]
Maximum number of concurrent connections per server: 6  	[MsgId: MMSG-26989]
Starting action Login.	[MsgId: MMSG-15919]
Registration.c(15): Notify: Transaction "PetStore_ClickOnRegistration_T01" started.	[MsgId: MMSG-16999]
Registration.c(17): web_reg_find started  	[MsgId: MMSG-26355]
Registration.c(17): Registering web_reg_find was successful  	[MsgId: MMSG-26390]
Registration.c(20): web_link("Register Now!") started  	[MsgId: MMSG-26355]
Registration.c(20): Linking to "https://petstore.octoperf.com/actions/Account.action?newAccountForm=", Target Frame=""  	[MsgId: MMSG-27994]
CheckOutThProduct.c(7): Resource "https://petstore.octoperf.com/css/jpetstore.css" is in the cache already and will not be downloaded again  	[MsgId: MMSG-26655]
CheckOutThProduct.c(7): Resource "https://petstore.octoperf.com/images/logo-topbar.svg" is in the cache already and will not be downloaded again  	[MsgId: MMSG-26655]
CheckOutThProduct.c(7): Resource "https://petstore.octoperf.com/images/cart.gif" is in the cache already and will not be downloaded again  	[MsgId: MMSG-26655]
CheckOutThProduct.c(7): Resource "https://petstore.octoperf.com/images/separator.gif" is in the cache already and will not be downloaded again  	[MsgId: MMSG-26655]
CheckOutThProduct.c(7): Resource "https://petstore.octoperf.com/images/sm_fish.gif" is in the cache already and will not be downloaded again  	[MsgId: MMSG-26655]
CheckOutThProduct.c(7): Resource "https://petstore.octoperf.com/images/sm_dogs.gif" is in the cache already and will not be downloaded again  	[MsgId: MMSG-26655]
CheckOutThProduct.c(7): Resource "https://petstore.octoperf.com/images/sm_reptiles.gif" is in the cache already and will not be downloaded again  	[MsgId: MMSG-26655]
CheckOutThProduct.c(7): Resource "https://petstore.octoperf.com/images/sm_cats.gif" is in the cache already and will not be downloaded again  	[MsgId: MMSG-26655]
CheckOutThProduct.c(7): Resource "https://petstore.octoperf.com/images/sm_birds.gif" is in the cache already and will not be downloaded again  	[MsgId: MMSG-26655]
CheckOutThProduct.c(7): Resource "https://petstore.octoperf.com/images/banner_fish.gif" is in the cache already and will not be downloaded again  	[MsgId: MMSG-26655]
CheckOutThProduct.c(7): Registered web_reg_find successful for "Text=Shopping Cart" (count=1)  	[MsgId: MMSG-26364]
CheckOutThProduct.c(7): web_url("Cart.action_4") was successful, 4644 body bytes, 225 header bytes  	[MsgId: MMSG-26386]
CheckOutThProduct.c(15): Notify: Transaction "PetStore_ClickOnViewCart_T01" ended with a "Pass" status (Duration: 0.1263 Wasted Time: 0.0000).	[MsgId: MMSG-16871]
CheckOutThProduct.c(17): lr_think_time: 2.85 seconds (recorded think time was 5.00 seconds).	[MsgId: MMSG-15947]
Registration.c(20): Resource "https://petstore.octoperf.com/css/jpetstore.css" is in the cache already and will not be downloaded again  	[MsgId: MMSG-26655]
Registration.c(20): Resource "https://petstore.octoperf.com/images/logo-topbar.svg" is in the cache already and will not be downloaded again  	[MsgId: MMSG-26655]
Registration.c(20): Resource "https://petstore.octoperf.com/images/cart.gif" is in the cache already and will not be downloaded again  	[MsgId: MMSG-26655]
Registration.c(20): Resource "https://petstore.octoperf.com/images/separator.gif" is in the cache already and will not be downloaded again  	[MsgId: MMSG-26655]
Registration.c(20): Resource "https://petstore.octoperf.com/images/sm_fish.gif" is in the cache already and will not be downloaded again  	[MsgId: MMSG-26655]
Registration.c(20): Resource "https://petstore.octoperf.com/images/sm_dogs.gif" is in the cache already and will not be downloaded again  	[MsgId: MMSG-26655]
Registration.c(20): Resource "https://petstore.octoperf.com/images/sm_reptiles.gif" is in the cache already and will not be downloaded again  	[MsgId: MMSG-26655]
Registration.c(20): Resource "https://petstore.octoperf.com/images/sm_cats.gif" is in the cache already and will not be downloaded again  	[MsgId: MMSG-26655]
Registration.c(20): Resource "https://petstore.octoperf.com/images/sm_birds.gif" is in the cache already and will not be downloaded again  	[MsgId: MMSG-26655]
Registration.c(20): Registered web_reg_find successful for "Text=User Information" (count=1)  	[MsgId: MMSG-26364]
Registration.c(20): web_link("Register Now!") was successful, 5817 body bytes, 225 header bytes  	[MsgId: MMSG-26386]
Registration.c(25): Notify: Transaction "PetStore_ClickOnRegistration_T01" ended with a "Pass" status (Duration: 0.1255 Wasted Time: 0.0000).	[MsgId: MMSG-16871]
Registration.c(27): lr_think_time: 3.65 seconds (recorded think time was 5.00 seconds).	[MsgId: MMSG-15947]
AddToCard.c(40): Notify: Transaction "PetStore_SelectProductId_T02" started.	[MsgId: MMSG-16999]
AddToCard.c(43): Notify: Parameter Substitution: parameter "productId_count" =  "4"	[MsgId: MMSG-13992]
AddToCard.c(44): Notify: Parameter Substitution: parameter "productId_1" =  "FI-SW-01"	[MsgId: MMSG-13992]
AddToCard.c(46): Notify: Saving Parameter "RandproductId = FI-SW-01".	[MsgId: MMSG-13798]
AddToCard.c(47): Notify: Parameter Substitution: parameter "RandproductId" =  "FI-SW-01"	[MsgId: MMSG-13992]
AddToCard.c(47): Random category selected in Action2 = FI-SW-01	[MsgId: MMSG-17999]
AddToCard.c(49): web_reg_find started  	[MsgId: MMSG-26355]
AddToCard.c(49): Notify: Parameter Substitution: parameter "RandproductId" =  "FI-SW-01"	[MsgId: MMSG-13992]
AddToCard.c(49): Registering web_reg_find was successful  	[MsgId: MMSG-26390]
AddToCard.c(51): web_reg_save_param_regexp started  	[MsgId: MMSG-26355]
AddToCard.c(51): Registering web_reg_save_param_regexp was successful  	[MsgId: MMSG-26390]
AddToCard.c(58): web_link("{RandproductId}") started  	[MsgId: MMSG-26355]
AddToCard.c(58): Notify: Parameter Substitution: parameter "RandproductId" =  "FI-SW-01"	[MsgId: MMSG-13992]
AddToCard.c(58): Linking to "https://petstore.octoperf.com/actions/Catalog.action?viewProduct=&productId=FI-SW-01", Target Frame=""  	[MsgId: MMSG-27994]
AddToCard.c(58): Resource "https://petstore.octoperf.com/css/jpetstore.css" is in the cache already and will not be downloaded again  	[MsgId: MMSG-26655]
AddToCard.c(58): Resource "https://petstore.octoperf.com/images/logo-topbar.svg" is in the cache already and will not be downloaded again  	[MsgId: MMSG-26655]
AddToCard.c(58): Resource "https://petstore.octoperf.com/images/cart.gif" is in the cache already and will not be downloaded again  	[MsgId: MMSG-26655]
AddToCard.c(58): Resource "https://petstore.octoperf.com/images/separator.gif" is in the cache already and will not be downloaded again  	[MsgId: MMSG-26655]
AddToCard.c(58): Resource "https://petstore.octoperf.com/images/sm_fish.gif" is in the cache already and will not be downloaded again  	[MsgId: MMSG-26655]
AddToCard.c(58): Resource "https://petstore.octoperf.com/images/sm_dogs.gif" is in the cache already and will not be downloaded again  	[MsgId: MMSG-26655]
AddToCard.c(58): Resource "https://petstore.octoperf.com/images/sm_reptiles.gif" is in the cache already and will not be downloaded again  	[MsgId: MMSG-26655]
AddToCard.c(58): Resource "https://petstore.octoperf.com/images/sm_cats.gif" is in the cache already and will not be downloaded again  	[MsgId: MMSG-26655]
AddToCard.c(58): Resource "https://petstore.octoperf.com/images/sm_birds.gif" is in the cache already and will not be downloaded again  	[MsgId: MMSG-26655]
AddToCard.c(58): Resource "https://petstore.octoperf.com/images/banner_fish.gif" is in the cache already and will not be downloaded again  	[MsgId: MMSG-26655]
AddToCard.c(58): Notify: Saving Parameter "itemId_1 = EST-1".	[MsgId: MMSG-13798]
AddToCard.c(58): Notify: Saving Parameter "itemId_2 = EST-2".	[MsgId: MMSG-13798]
AddToCard.c(58): Notify: Saving Parameter "itemId_count = 2".	[MsgId: MMSG-13798]
AddToCard.c(58): Registered web_reg_find successful for "Text=FI-SW-01" (count=2)  	[MsgId: MMSG-26364]
AddToCard.c(58): web_link("{RandproductId}") was successful, 4063 body bytes, 225 header bytes  	[MsgId: MMSG-26386]
AddToCard.c(63): Notify: Transaction "PetStore_SelectProductId_T02" ended with a "Pass" status (Duration: 0.1284 Wasted Time: 0.0003).	[MsgId: MMSG-16871]
AddToCard.c(65): lr_think_time: 2.89 seconds (recorded think time was 5.00 seconds).	[MsgId: MMSG-15947]
AddToCard.c(67): Notify: Transaction "PetStore_SelectItemId_T03" started.	[MsgId: MMSG-16999]
AddToCard.c(71): Notify: Parameter Substitution: parameter "itemId_count" =  "1"	[MsgId: MMSG-13992]
AddToCard.c(72): Notify: Parameter Substitution: parameter "itemId_1" =  "EST-18"	[MsgId: MMSG-13992]
AddToCard.c(74): Notify: Saving Parameter "RanditemId = EST-18".	[MsgId: MMSG-13798]
AddToCard.c(75): Notify: Parameter Substitution: parameter "RanditemId" =  "EST-18"	[MsgId: MMSG-13992]
AddToCard.c(75): Random category selected in Action2 = EST-18	[MsgId: MMSG-17999]
AddToCard.c(77): web_reg_find started  	[MsgId: MMSG-26355]
AddToCard.c(77): Notify: Parameter Substitution: parameter "RanditemId" =  "EST-18"	[MsgId: MMSG-13992]
AddToCard.c(77): Registering web_reg_find was successful  	[MsgId: MMSG-26390]
AddToCard.c(79): web_link("{RanditemId}") started  	[MsgId: MMSG-26355]
AddToCard.c(79): Notify: Parameter Substitution: parameter "RanditemId" =  "EST-18"	[MsgId: MMSG-13992]
AddToCard.c(79): Linking to "https://petstore.octoperf.com/actions/Catalog.action?viewItem=&itemId=EST-18", Target Frame=""  	[MsgId: MMSG-27994]
AddToCard.c(79): Resource "https://petstore.octoperf.com/css/jpetstore.css" is in the cache already and will not be downloaded again  	[MsgId: MMSG-26655]
AddToCard.c(79): Resource "https://petstore.octoperf.com/images/logo-topbar.svg" is in the cache already and will not be downloaded again  	[MsgId: MMSG-26655]
AddToCard.c(79): Resource "https://petstore.octoperf.com/images/cart.gif" is in the cache already and will not be downloaded again  	[MsgId: MMSG-26655]
AddToCard.c(79): Resource "https://petstore.octoperf.com/images/separator.gif" is in the cache already and will not be downloaded again  	[MsgId: MMSG-26655]
AddToCard.c(79): Resource "https://petstore.octoperf.com/images/sm_fish.gif" is in the cache already and will not be downloaded again  	[MsgId: MMSG-26655]
AddToCard.c(79): Resource "https://petstore.octoperf.com/images/sm_dogs.gif" is in the cache already and will not be downloaded again  	[MsgId: MMSG-26655]
AddToCard.c(79): Resource "https://petstore.octoperf.com/images/sm_reptiles.gif" is in the cache already and will not be downloaded again  	[MsgId: MMSG-26655]
AddToCard.c(79): Resource "https://petstore.octoperf.com/images/sm_cats.gif" is in the cache already and will not be downloaded again  	[MsgId: MMSG-26655]
AddToCard.c(79): Resource "https://petstore.octoperf.com/images/sm_birds.gif" is in the cache already and will not be downloaded again  	[MsgId: MMSG-26655]
AddToCard.c(79): Found resource "https://petstore.octoperf.com/images/bird2.gif" in HTML "https://petstore.octoperf.com/actions/Catalog.action?viewItem=&itemId=EST-18"  	[MsgId: MMSG-26659]
AddToCard.c(79): Resource "https://petstore.octoperf.com/images/banner_fish.gif" is in the cache already and will not be downloaded again  	[MsgId: MMSG-26655]
AddToCard.c(79): Registered web_reg_find successful for "Text=EST-18" (count=2)  	[MsgId: MMSG-26364]
AddToCard.c(79): web_link("{RanditemId}") was successful, 15168 body bytes, 511 header bytes  	[MsgId: MMSG-26386]
AddToCard.c(84): Notify: Transaction "PetStore_SelectItemId_T03" ended with a "Pass" status (Duration: 0.4178 Wasted Time: 0.0000).	[MsgId: MMSG-16871]
AddToCard.c(86): lr_think_time: 3.79 seconds (recorded think time was 5.00 seconds).	[MsgId: MMSG-15947]
CheckOutThProduct.c(31): Notify: Transaction "PetStore_ClickOnContinue_T03" started.	[MsgId: MMSG-16999]
CheckOutThProduct.c(33): web_reg_find started  	[MsgId: MMSG-26355]
CheckOutThProduct.c(33): Registering web_reg_find was successful  	[MsgId: MMSG-26390]
CheckOutThProduct.c(36): web_submit_form("Order.action") started  	[MsgId: MMSG-26355]
CheckOutThProduct.c(36): Submitting form to "https://petstore.octoperf.com/actions/Order.action", Target Frame=""  	[MsgId: MMSG-27978]
CheckOutThProduct.c(36): Resource "https://petstore.octoperf.com/css/jpetstore.css" is in the cache already and will not be downloaded again  	[MsgId: MMSG-26655]
CheckOutThProduct.c(36): Resource "https://petstore.octoperf.com/images/logo-topbar.svg" is in the cache already and will not be downloaded again  	[MsgId: MMSG-26655]
CheckOutThProduct.c(36): Resource "https://petstore.octoperf.com/images/cart.gif" is in the cache already and will not be downloaded again  	[MsgId: MMSG-26655]
CheckOutThProduct.c(36): Resource "https://petstore.octoperf.com/images/separator.gif" is in the cache already and will not be downloaded again  	[MsgId: MMSG-26655]
CheckOutThProduct.c(36): Resource "https://petstore.octoperf.com/images/sm_fish.gif" is in the cache already and will not be downloaded again  	[MsgId: MMSG-26655]
CheckOutThProduct.c(36): Resource "https://petstore.octoperf.com/images/sm_dogs.gif" is in the cache already and will not be downloaded again  	[MsgId: MMSG-26655]
CheckOutThProduct.c(36): Resource "https://petstore.octoperf.com/images/sm_reptiles.gif" is in the cache already and will not be downloaded again  	[MsgId: MMSG-26655]
CheckOutThProduct.c(36): Resource "https://petstore.octoperf.com/images/sm_cats.gif" is in the cache already and will not be downloaded again  	[MsgId: MMSG-26655]
CheckOutThProduct.c(36): Resource "https://petstore.octoperf.com/images/sm_birds.gif" is in the cache already and will not be downloaded again  	[MsgId: MMSG-26655]
CheckOutThProduct.c(36): Resource "https://petstore.octoperf.com/images/banner_fish.gif" is in the cache already and will not be downloaded again  	[MsgId: MMSG-26655]
CheckOutThProduct.c(36): Registered web_reg_find successful for "Text=Confirm" (count=1)  	[MsgId: MMSG-26364]
CheckOutThProduct.c(36): web_submit_form("Order.action") was successful, 4526 body bytes, 225 header bytes  	[MsgId: MMSG-26386]
CheckOutThProduct.c(54): Notify: Transaction "PetStore_ClickOnContinue_T03" ended with a "Pass" status (Duration: 0.2493 Wasted Time: 0.0000).	[MsgId: MMSG-16871]
CheckOutThProduct.c(56): lr_think_time: 3.79 seconds (recorded think time was 5.00 seconds).	[MsgId: MMSG-15947]
Registration.c(109): Notify: Transaction "PetStore_SignOut_T03" started.	[MsgId: MMSG-16999]
Registration.c(111): web_reg_find started  	[MsgId: MMSG-26355]
Registration.c(111): Registering web_reg_find was successful  	[MsgId: MMSG-26390]
Registration.c(114): web_url("Account.action_2") started  	[MsgId: MMSG-26355]
Registration.c(114): Redirecting "https://petstore.octoperf.com/actions/Account.action?signoff=" (redirection depth is 0)  	[MsgId: MMSG-26694]
Registration.c(114): To location "https://petstore.octoperf.com/actions/Catalog.action"  	[MsgId: MMSG-26693]
CheckOutThProduct.c(19): Notify: Transaction "PetStore_ClickOnProccedToCheckOut_T02" started.	[MsgId: MMSG-16999]
CheckOutThProduct.c(20): web_reg_find started  	[MsgId: MMSG-26355]
CheckOutThProduct.c(20): Registering web_reg_find was successful  	[MsgId: MMSG-26390]
CheckOutThProduct.c(23): web_link("Proceed to Checkout") started  	[MsgId: MMSG-26355]
CheckOutThProduct.c(23): Linking to "https://petstore.octoperf.com/actions/Order.action?newOrderForm=", Target Frame=""  	[MsgId: MMSG-27994]
Registration.c(114): Resource "https://petstore.octoperf.com/css/jpetstore.css" is in the cache already and will not be downloaded again  	[MsgId: MMSG-26655]
Registration.c(114): Resource "https://petstore.octoperf.com/images/logo-topbar.svg" is in the cache already and will not be downloaded again  	[MsgId: MMSG-26655]
Registration.c(114): Resource "https://petstore.octoperf.com/images/cart.gif" is in the cache already and will not be downloaded again  	[MsgId: MMSG-26655]
Registration.c(114): Resource "https://petstore.octoperf.com/images/separator.gif" is in the cache already and will not be downloaded again  	[MsgId: MMSG-26655]
Registration.c(114): Resource "https://petstore.octoperf.com/images/sm_fish.gif" is in the cache already and will not be downloaded again  	[MsgId: MMSG-26655]
Registration.c(114): Resource "https://petstore.octoperf.com/images/sm_dogs.gif" is in the cache already and will not be downloaded again  	[MsgId: MMSG-26655]
Registration.c(114): Resource "https://petstore.octoperf.com/images/sm_reptiles.gif" is in the cache already and will not be downloaded again  	[MsgId: MMSG-26655]
Registration.c(114): Resource "https://petstore.octoperf.com/images/sm_cats.gif" is in the cache already and will not be downloaded again  	[MsgId: MMSG-26655]
Registration.c(114): Resource "https://petstore.octoperf.com/images/sm_birds.gif" is in the cache already and will not be downloaded again  	[MsgId: MMSG-26655]
Registration.c(114): Resource "https://petstore.octoperf.com/images/fish_icon.gif" is in the cache already and will not be downloaded again  	[MsgId: MMSG-26655]
Registration.c(114): Resource "https://petstore.octoperf.com/images/dogs_icon.gif" is in the cache already and will not be downloaded again  	[MsgId: MMSG-26655]
Registration.c(114): Resource "https://petstore.octoperf.com/images/cats_icon.gif" is in the cache already and will not be downloaded again  	[MsgId: MMSG-26655]
Registration.c(114): Resource "https://petstore.octoperf.com/images/reptiles_icon.gif" is in the cache already and will not be downloaded again  	[MsgId: MMSG-26655]
Registration.c(114): Resource "https://petstore.octoperf.com/images/birds_icon.gif" is in the cache already and will not be downloaded again  	[MsgId: MMSG-26655]
Registration.c(114): Resource "https://petstore.octoperf.com/images/splash.gif" is in the cache already and will not be downloaded again  	[MsgId: MMSG-26655]
Registration.c(114): Registered web_reg_find successful for "Text=Sign In" (count=1)  	[MsgId: MMSG-26364]
Registration.c(114): web_url("Account.action_2") was successful, 4736 body bytes, 518 header bytes  	[MsgId: MMSG-26386]
Registration.c(123): Notify: Transaction "PetStore_SignOut_T03" ended with a "Pass" status (Duration: 0.2478 Wasted Time: 0.0000).	[MsgId: MMSG-16871]
Login.c(4): Notify: Transaction "PetStore_ClickOnSignIn_T01" started.	[MsgId: MMSG-16999]
Login.c(6): web_reg_find started  	[MsgId: MMSG-26355]
Login.c(6): Registering web_reg_find was successful  	[MsgId: MMSG-26390]
Login.c(9): web_link("Sign In") started  	[MsgId: MMSG-26355]
Login.c(9): Linking to "https://petstore.octoperf.com/actions/Account.action?signonForm=", Target Frame=""  	[MsgId: MMSG-27994]
CheckOutThProduct.c(23): Resource "https://petstore.octoperf.com/css/jpetstore.css" is in the cache already and will not be downloaded again  	[MsgId: MMSG-26655]
CheckOutThProduct.c(23): Resource "https://petstore.octoperf.com/images/logo-topbar.svg" is in the cache already and will not be downloaded again  	[MsgId: MMSG-26655]
CheckOutThProduct.c(23): Resource "https://petstore.octoperf.com/images/cart.gif" is in the cache already and will not be downloaded again  	[MsgId: MMSG-26655]
CheckOutThProduct.c(23): Resource "https://petstore.octoperf.com/images/separator.gif" is in the cache already and will not be downloaded again  	[MsgId: MMSG-26655]
CheckOutThProduct.c(23): Resource "https://petstore.octoperf.com/images/sm_fish.gif" is in the cache already and will not be downloaded again  	[MsgId: MMSG-26655]
CheckOutThProduct.c(23): Resource "https://petstore.octoperf.com/images/sm_dogs.gif" is in the cache already and will not be downloaded again  	[MsgId: MMSG-26655]
CheckOutThProduct.c(23): Resource "https://petstore.octoperf.com/images/sm_reptiles.gif" is in the cache already and will not be downloaded again  	[MsgId: MMSG-26655]
CheckOutThProduct.c(23): Resource "https://petstore.octoperf.com/images/sm_cats.gif" is in the cache already and will not be downloaded again  	[MsgId: MMSG-26655]
CheckOutThProduct.c(23): Resource "https://petstore.octoperf.com/images/sm_birds.gif" is in the cache already and will not be downloaded again  	[MsgId: MMSG-26655]
CheckOutThProduct.c(23): Resource "https://petstore.octoperf.com/images/banner_fish.gif" is in the cache already and will not be downloaded again  	[MsgId: MMSG-26655]
CheckOutThProduct.c(23): Registered web_reg_find successful for "Text=Payment Details" (count=1)  	[MsgId: MMSG-26364]
CheckOutThProduct.c(23): web_link("Proceed to Checkout") was successful, 5376 body bytes, 225 header bytes  	[MsgId: MMSG-26386]
CheckOutThProduct.c(27): Notify: Transaction "PetStore_ClickOnProccedToCheckOut_T02" ended with a "Pass" status (Duration: 0.1253 Wasted Time: 0.0000).	[MsgId: MMSG-16871]
CheckOutThProduct.c(29): lr_think_time: 4.84 seconds (recorded think time was 5.00 seconds).	[MsgId: MMSG-15947]
Login.c(9): Resource "https://petstore.octoperf.com/css/jpetstore.css" is in the cache already and will not be downloaded again  	[MsgId: MMSG-26655]
Login.c(9): Resource "https://petstore.octoperf.com/images/logo-topbar.svg" is in the cache already and will not be downloaded again  	[MsgId: MMSG-26655]
Login.c(9): Resource "https://petstore.octoperf.com/images/cart.gif" is in the cache already and will not be downloaded again  	[MsgId: MMSG-26655]
Login.c(9): Resource "https://petstore.octoperf.com/images/separator.gif" is in the cache already and will not be downloaded again  	[MsgId: MMSG-26655]
Login.c(9): Resource "https://petstore.octoperf.com/images/sm_fish.gif" is in the cache already and will not be downloaded again  	[MsgId: MMSG-26655]
Login.c(9): Resource "https://petstore.octoperf.com/images/sm_dogs.gif" is in the cache already and will not be downloaded again  	[MsgId: MMSG-26655]
Login.c(9): Resource "https://petstore.octoperf.com/images/sm_reptiles.gif" is in the cache already and will not be downloaded again  	[MsgId: MMSG-26655]
Login.c(9): Resource "https://petstore.octoperf.com/images/sm_cats.gif" is in the cache already and will not be downloaded again  	[MsgId: MMSG-26655]
Login.c(9): Resource "https://petstore.octoperf.com/images/sm_birds.gif" is in the cache already and will not be downloaded again  	[MsgId: MMSG-26655]
Login.c(9): Registered web_reg_find successful for "Text=Please enter your username and password" (count=1)  	[MsgId: MMSG-26364]
Login.c(9): web_link("Sign In") was successful, 3858 body bytes, 225 header bytes  	[MsgId: MMSG-26386]
Login.c(13): Notify: Transaction "PetStore_ClickOnSignIn_T01" ended with a "Pass" status (Duration: 0.1249 Wasted Time: 0.0000).	[MsgId: MMSG-16871]
Login.c(15): lr_think_time: 2.83 seconds (recorded think time was 5.00 seconds).	[MsgId: MMSG-15947]
AddToCard.c(67): Notify: Transaction "PetStore_SelectItemId_T03" started.	[MsgId: MMSG-16999]
AddToCard.c(71): Notify: Parameter Substitution: parameter "itemId_count" =  "2"	[MsgId: MMSG-13992]
AddToCard.c(72): Notify: Parameter Substitution: parameter "itemId_2" =  "EST-2"	[MsgId: MMSG-13992]
AddToCard.c(74): Notify: Saving Parameter "RanditemId = EST-2".	[MsgId: MMSG-13798]
AddToCard.c(75): Notify: Parameter Substitution: parameter "RanditemId" =  "EST-2"	[MsgId: MMSG-13992]
AddToCard.c(75): Random category selected in Action2 = EST-2	[MsgId: MMSG-17999]
AddToCard.c(77): web_reg_find started  	[MsgId: MMSG-26355]
AddToCard.c(77): Notify: Parameter Substitution: parameter "RanditemId" =  "EST-2"	[MsgId: MMSG-13992]
AddToCard.c(77): Registering web_reg_find was successful  	[MsgId: MMSG-26390]
AddToCard.c(79): web_link("{RanditemId}") started  	[MsgId: MMSG-26355]
AddToCard.c(79): Notify: Parameter Substitution: parameter "RanditemId" =  "EST-2"	[MsgId: MMSG-13992]
AddToCard.c(79): Linking to "https://petstore.octoperf.com/actions/Catalog.action?viewItem=&itemId=EST-2", Target Frame=""  	[MsgId: MMSG-27994]
Registration.c(29): Notify: Transaction "PetStore_SubmitRegistration_T02" started.	[MsgId: MMSG-16999]
Registration.c(31): web_reg_find started  	[MsgId: MMSG-26355]
Registration.c(31): Registering web_reg_find was successful  	[MsgId: MMSG-26390]
Registration.c(38): Notify: Saving Parameter "randomUsername = SRDS".	[MsgId: MMSG-13798]
Registration.c(44): Notify: Saving Parameter "randompass = xnhp".	[MsgId: MMSG-13798]
Registration.c(58): Notify: Saving Parameter "randomFirstName = ohotf".	[MsgId: MMSG-13798]
Registration.c(59): Notify: Saving Parameter "randomLastName = daafc".	[MsgId: MMSG-13798]
Registration.c(71): Notify: Saving Parameter "RandomPhone = :794379728".	[MsgId: MMSG-13798]
Registration.c(80): Notify: Saving Parameter "RandomZip = 538770".	[MsgId: MMSG-13798]
Registration.c(83): web_submit_form("Account.action") started  	[MsgId: MMSG-26355]
Registration.c(83): Notify: Parameter Substitution: parameter "randomUsername" =  "SRDS"	[MsgId: MMSG-13992]
Registration.c(83): Notify: Parameter Substitution: parameter "randompass" =  "xnhp"	[MsgId: MMSG-13992]
Registration.c(83): Notify: Parameter Substitution: parameter "randompass" =  "xnhp"	[MsgId: MMSG-13992]
Registration.c(83): Notify: Parameter Substitution: parameter "randomFirstName" =  "ohotf"	[MsgId: MMSG-13992]
Registration.c(83): Notify: Parameter Substitution: parameter "randomLastName" =  "daafc"	[MsgId: MMSG-13992]
Registration.c(83): Notify: Parameter Substitution: parameter "randomFirstName" =  "ohotf"	[MsgId: MMSG-13992]
Registration.c(83): Notify: Parameter Substitution: parameter "randomLastName" =  "daafc"	[MsgId: MMSG-13992]
Registration.c(83): Notify: Parameter Substitution: parameter "RandomPhone" =  ":794379728"	[MsgId: MMSG-13992]
Registration.c(83): Notify: Parameter Substitution: parameter "RandomZip" =  "538770"	[MsgId: MMSG-13992]
Registration.c(83): Submitting form to "https://petstore.octoperf.com/actions/Account.action", Target Frame=""  	[MsgId: MMSG-27978]
Registration.c(83): Connection to petstore.octoperf.com:443 closed after being inactive for 62 seconds, exceeding the "HTTP Keep-Alive timeout" Runtime Setting (60 seconds). URL="[None]"  	[MsgId: MMSG-27647]
AddToCard.c(79): Resource "https://petstore.octoperf.com/css/jpetstore.css" is in the cache already and will not be downloaded again  	[MsgId: MMSG-26655]
AddToCard.c(79): Resource "https://petstore.octoperf.com/images/logo-topbar.svg" is in the cache already and will not be downloaded again  	[MsgId: MMSG-26655]
AddToCard.c(79): Resource "https://petstore.octoperf.com/images/cart.gif" is in the cache already and will not be downloaded again  	[MsgId: MMSG-26655]
AddToCard.c(79): Resource "https://petstore.octoperf.com/images/separator.gif" is in the cache already and will not be downloaded again  	[MsgId: MMSG-26655]
AddToCard.c(79): Resource "https://petstore.octoperf.com/images/sm_fish.gif" is in the cache already and will not be downloaded again  	[MsgId: MMSG-26655]
AddToCard.c(79): Resource "https://petstore.octoperf.com/images/sm_dogs.gif" is in the cache already and will not be downloaded again  	[MsgId: MMSG-26655]
AddToCard.c(79): Resource "https://petstore.octoperf.com/images/sm_reptiles.gif" is in the cache already and will not be downloaded again  	[MsgId: MMSG-26655]
AddToCard.c(79): Resource "https://petstore.octoperf.com/images/sm_cats.gif" is in the cache already and will not be downloaded again  	[MsgId: MMSG-26655]
AddToCard.c(79): Resource "https://petstore.octoperf.com/images/sm_birds.gif" is in the cache already and will not be downloaded again  	[MsgId: MMSG-26655]
AddToCard.c(79): Found resource "https://petstore.octoperf.com/images/fish1.gif" in HTML "https://petstore.octoperf.com/actions/Catalog.action?viewItem=&itemId=EST-2"  	[MsgId: MMSG-26659]
AddToCard.c(79): Resource "https://petstore.octoperf.com/images/banner_fish.gif" is in the cache already and will not be downloaded again  	[MsgId: MMSG-26655]
Login.c(17): Notify: Transaction "PetStore_Login_T01" started.	[MsgId: MMSG-16999]
Login.c(18): web_reg_find started  	[MsgId: MMSG-26355]
Login.c(18): Registering web_reg_find was successful  	[MsgId: MMSG-26390]
Login.c(20): web_reg_save_param_regexp started  	[MsgId: MMSG-26355]
Login.c(20): Registering web_reg_save_param_regexp was successful  	[MsgId: MMSG-26390]
Login.c(26): web_submit_form("Account.action") started  	[MsgId: MMSG-26355]
Login.c(26): Notify: Parameter Substitution: parameter "randomUsername" =  "LXWT"	[MsgId: MMSG-13992]
Login.c(26): Notify: Parameter Substitution: parameter "randompass" =  "rwme"	[MsgId: MMSG-13992]
Login.c(26): Submitting form to "https://petstore.octoperf.com/actions/Account.action", Target Frame=""  	[MsgId: MMSG-27978]
Login.c(26): Redirecting "https://petstore.octoperf.com/actions/Account.action" (redirection depth is 0)  	[MsgId: MMSG-26694]
Login.c(26): To location "https://petstore.octoperf.com/actions/Catalog.action"  	[MsgId: MMSG-26693]
AddToCard.c(79): Registered web_reg_find successful for "Text=EST-2" (count=2)  	[MsgId: MMSG-26364]
AddToCard.c(79): web_link("{RanditemId}") was successful, 16400 body bytes, 511 header bytes  	[MsgId: MMSG-26386]
AddToCard.c(84): Notify: Transaction "PetStore_SelectItemId_T03" ended with a "Pass" status (Duration: 0.5378 Wasted Time: 0.0000).	[MsgId: MMSG-16871]
AddToCard.c(86): lr_think_time: 3.77 seconds (recorded think time was 5.00 seconds).	[MsgId: MMSG-15947]
Login.c(26): Resource "https://petstore.octoperf.com/css/jpetstore.css" is in the cache already and will not be downloaded again  	[MsgId: MMSG-26655]
Login.c(26): Resource "https://petstore.octoperf.com/images/logo-topbar.svg" is in the cache already and will not be downloaded again  	[MsgId: MMSG-26655]
Login.c(26): Resource "https://petstore.octoperf.com/images/cart.gif" is in the cache already and will not be downloaded again  	[MsgId: MMSG-26655]
Login.c(26): Resource "https://petstore.octoperf.com/images/separator.gif" is in the cache already and will not be downloaded again  	[MsgId: MMSG-26655]
Login.c(26): Resource "https://petstore.octoperf.com/images/sm_fish.gif" is in the cache already and will not be downloaded again  	[MsgId: MMSG-26655]
Login.c(26): Resource "https://petstore.octoperf.com/images/sm_dogs.gif" is in the cache already and will not be downloaded again  	[MsgId: MMSG-26655]
Login.c(26): Resource "https://petstore.octoperf.com/images/sm_reptiles.gif" is in the cache already and will not be downloaded again  	[MsgId: MMSG-26655]
Login.c(26): Resource "https://petstore.octoperf.com/images/sm_cats.gif" is in the cache already and will not be downloaded again  	[MsgId: MMSG-26655]
Login.c(26): Resource "https://petstore.octoperf.com/images/sm_birds.gif" is in the cache already and will not be downloaded again  	[MsgId: MMSG-26655]
Login.c(26): Resource "https://petstore.octoperf.com/images/fish_icon.gif" is in the cache already and will not be downloaded again  	[MsgId: MMSG-26655]
Login.c(26): Resource "https://petstore.octoperf.com/images/dogs_icon.gif" is in the cache already and will not be downloaded again  	[MsgId: MMSG-26655]
Login.c(26): Resource "https://petstore.octoperf.com/images/cats_icon.gif" is in the cache already and will not be downloaded again  	[MsgId: MMSG-26655]
Login.c(26): Resource "https://petstore.octoperf.com/images/reptiles_icon.gif" is in the cache already and will not be downloaded again  	[MsgId: MMSG-26655]
Login.c(26): Resource "https://petstore.octoperf.com/images/birds_icon.gif" is in the cache already and will not be downloaded again  	[MsgId: MMSG-26655]
Login.c(26): Resource "https://petstore.octoperf.com/images/splash.gif" is in the cache already and will not be downloaded again  	[MsgId: MMSG-26655]
Login.c(26): Found resource "https://petstore.octoperf.com/images/banner_fish.gif" in HTML "https://petstore.octoperf.com/actions/Catalog.action"  	[MsgId: MMSG-26659]
Login.c(26): Notify: Saving Parameter "ProductName_1 = BIRDS".	[MsgId: MMSG-13798]
Login.c(26): Notify: Saving Parameter "ProductName_2 = FISH".	[MsgId: MMSG-13798]
Login.c(26): Notify: Saving Parameter "ProductName_3 = DOGS".	[MsgId: MMSG-13798]
Login.c(26): Notify: Saving Parameter "ProductName_4 = REPTILES".	[MsgId: MMSG-13798]
Login.c(26): Notify: Saving Parameter "ProductName_5 = CATS".	[MsgId: MMSG-13798]
Login.c(26): Notify: Saving Parameter "ProductName_6 = BIRDS".	[MsgId: MMSG-13798]
Registration.c(83): Redirecting "https://petstore.octoperf.com/actions/Account.action" (redirection depth is 0)  	[MsgId: MMSG-26694]
Registration.c(83): To location "https://petstore.octoperf.com/actions/Catalog.action"  	[MsgId: MMSG-26693]
Starting iteration 2.	[MsgId: MMSG-15968]
Notify: Next row for parameter UserName = 1 [table  = UserName].	[MsgId: MMSG-13876]
Notify: Getting new value for parameter 'UserName': table = 'UserCredentilas1.dat' column = '0' row = '1'.	[MsgId: MMSG-13877]
Notify: Next row for parameter PetStoreEndtoEndFlow_UserName = 1 [table  = PetStoreEndtoEndFlow_UserName].	[MsgId: MMSG-13876]
Notify: Getting new value for parameter 'PetStoreEndtoEndFlow_UserName': table = 'UserCredentilas3.dat' column = '0' row = '1'.	[MsgId: MMSG-13877]
Notify: Next row for parameter PetStoreEndtoEndFlow_pass = 1 [table  = PetStoreEndtoEndFlow_pass].	[MsgId: MMSG-13876]
Notify: Getting new value for parameter 'PetStoreEndtoEndFlow_pass': table = 'UserCredentilas4.dat' column = '0' row = '1'.	[MsgId: MMSG-13877]
Notify: Next row for parameter pass = 1 [table  = pass].	[MsgId: MMSG-13876]
Notify: Getting new value for parameter 'pass': table = 'UserCredentilas2.dat' column = '0' row = '1'.	[MsgId: MMSG-13877]
Starting action Login.	[MsgId: MMSG-15919]
Registration.c(15): Notify: Transaction "PetStore_ClickOnRegistration_T01" started.	[MsgId: MMSG-16999]
Registration.c(17): web_reg_find started  	[MsgId: MMSG-26355]
Registration.c(17): Registering web_reg_find was successful  	[MsgId: MMSG-26390]
Registration.c(20): web_link("Register Now!") started  	[MsgId: MMSG-26355]
Registration.c(20): Error -27985: There is no context for HTML-based functions. A previous function may not have used "Mode=HTML" or downloaded only non-HTML page(s), or the context has been reset (e.g., due to a GUI-based function)  	[MsgId: MERR-27985]
Registration.c(20): Warning -26379: Pending web_reg_save_param/web_reg_find/web_create_html_param/web_create_html_param_ex request(s) are deleted and will be handled as "not found"  	[MsgId: MWAR-26379]
Registration.c(20): Error -26366: "Text=User Information" not found for web_reg_find  	[MsgId: MERR-26366]
Registration.c(20): Error -26374: The above "not found" error(s) may be explained by header and body byte counts being 0 and 0, respectively.  	[MsgId: MERR-26374]
Registration.c(20): web_link("Register Now!") highest severity level was "ERROR", 0 body bytes, 0 header bytes  	[MsgId: MMSG-26388]
Registration.c(20): Notify: Transaction "PetStore_ClickOnRegistration_T01" ended with a "Fail" status (Duration: 0.0009).	[MsgId: MMSG-16873]
Registration.c(20): Notify: Transaction "PetStore_ClickOnRegistration_T01" has 3 error message(s).	[MsgId: MMSG-16818]
Registration.c(20): Notify: The 1st error message associated with transaction "PetStore_ClickOnRegistration_T01" is "Error -27985: There is no context for HTML-based functions. A previous function may not have used "Mode=HTML" or downloaded only non-HTML page(s), or the context has been reset (e.g., due to a GUI-based function)"	[MsgId: MMSG-16819]
Registration.c(20): Notify: The 2nd error message associated with transaction "PetStore_ClickOnRegistration_T01" is "Error -26366: "Text=User Information" not found for web_reg_find"	[MsgId: MMSG-16819]
Registration.c(20): Notify: The 3rd error message associated with transaction "PetStore_ClickOnRegistration_T01" is "Error -26374: The above "not found" error(s) may be explained by header and body byte counts being 0 and 0, respectively."	[MsgId: MMSG-16819]
Ending action Login.	[MsgId: MMSG-15918]
Ending iteration 2.	[MsgId: MMSG-15965]
Waiting 6.4620 seconds for iteration pacing.	[MsgId: MMSG-15996]
Login.c(26): Notify: Saving Parameter "ProductName_count = 6".	[MsgId: MMSG-13798]
Login.c(26): Registered web_reg_find successful for "Text=My Account" (count=1)  	[MsgId: MMSG-26364]
Login.c(26): web_submit_form("Account.action") was successful, 11416 body bytes, 727 header bytes  	[MsgId: MMSG-26386]
Login.c(34): Notify: Transaction "PetStore_Login_T01" ended with a "Pass" status (Duration: 0.5000 Wasted Time: 0.0003).	[MsgId: MMSG-16871]
Ending action Login.	[MsgId: MMSG-15918]
Starting action CheckOutThProduct.	[MsgId: MMSG-15919]
AddToCard.c(8): Notify: Transaction "PetStore_AddAproduct_T01" started.	[MsgId: MMSG-16999]
AddToCard.c(11): Notify: Parameter Substitution: parameter "ProductName_count" =  "6"	[MsgId: MMSG-13992]
AddToCard.c(12): Notify: Parameter Substitution: parameter "ProductName_3" =  "DOGS"	[MsgId: MMSG-13992]
AddToCard.c(14): Notify: Saving Parameter "RandCategory = DOGS".	[MsgId: MMSG-13798]
AddToCard.c(15): Notify: Parameter Substitution: parameter "RandCategory" =  "DOGS"	[MsgId: MMSG-13992]
AddToCard.c(15): Random category selected in Action2 = DOGS	[MsgId: MMSG-17999]
AddToCard.c(17): web_reg_find started  	[MsgId: MMSG-26355]
AddToCard.c(17): Notify: Parameter Substitution: parameter "RandCategory" =  "DOGS"	[MsgId: MMSG-13992]
AddToCard.c(17): Registering web_reg_find was successful  	[MsgId: MMSG-26390]
AddToCard.c(20): web_reg_save_param_regexp started  	[MsgId: MMSG-26355]
AddToCard.c(20): Registering web_reg_save_param_regexp was successful  	[MsgId: MMSG-26390]
AddToCard.c(27): web_url("Catalog.action_2") started  	[MsgId: MMSG-26355]
AddToCard.c(27): Notify: Parameter Substitution: parameter "RandCategory" =  "DOGS"	[MsgId: MMSG-13992]
Registration.c(83): Resource "https://petstore.octoperf.com/css/jpetstore.css" is in the cache already and will not be downloaded again  	[MsgId: MMSG-26655]
Registration.c(83): Resource "https://petstore.octoperf.com/images/logo-topbar.svg" is in the cache already and will not be downloaded again  	[MsgId: MMSG-26655]
Registration.c(83): Resource "https://petstore.octoperf.com/images/cart.gif" is in the cache already and will not be downloaded again  	[MsgId: MMSG-26655]
Registration.c(83): Resource "https://petstore.octoperf.com/images/separator.gif" is in the cache already and will not be downloaded again  	[MsgId: MMSG-26655]
Registration.c(83): Resource "https://petstore.octoperf.com/images/sm_fish.gif" is in the cache already and will not be downloaded again  	[MsgId: MMSG-26655]
Registration.c(83): Resource "https://petstore.octoperf.com/images/sm_dogs.gif" is in the cache already and will not be downloaded again  	[MsgId: MMSG-26655]
Registration.c(83): Resource "https://petstore.octoperf.com/images/sm_reptiles.gif" is in the cache already and will not be downloaded again  	[MsgId: MMSG-26655]
Registration.c(83): Resource "https://petstore.octoperf.com/images/sm_cats.gif" is in the cache already and will not be downloaded again  	[MsgId: MMSG-26655]
Registration.c(83): Resource "https://petstore.octoperf.com/images/sm_birds.gif" is in the cache already and will not be downloaded again  	[MsgId: MMSG-26655]
Registration.c(83): Resource "https://petstore.octoperf.com/images/fish_icon.gif" is in the cache already and will not be downloaded again  	[MsgId: MMSG-26655]
Registration.c(83): Resource "https://petstore.octoperf.com/images/dogs_icon.gif" is in the cache already and will not be downloaded again  	[MsgId: MMSG-26655]
Registration.c(83): Resource "https://petstore.octoperf.com/images/cats_icon.gif" is in the cache already and will not be downloaded again  	[MsgId: MMSG-26655]
Registration.c(83): Resource "https://petstore.octoperf.com/images/reptiles_icon.gif" is in the cache already and will not be downloaded again  	[MsgId: MMSG-26655]
Registration.c(83): Resource "https://petstore.octoperf.com/images/birds_icon.gif" is in the cache already and will not be downloaded again  	[MsgId: MMSG-26655]
Registration.c(83): Resource "https://petstore.octoperf.com/images/splash.gif" is in the cache already and will not be downloaded again  	[MsgId: MMSG-26655]
Registration.c(83): Registered web_reg_find successful for "Text=Elevate you load-testing" (count=1)  	[MsgId: MMSG-26364]
Registration.c(83): web_submit_form("Account.action") was successful, 4736 body bytes, 443 header bytes  	[MsgId: MMSG-26386]
Registration.c(105): Notify: Transaction "PetStore_SubmitRegistration_T02" ended with a "Pass" status (Duration: 0.8004 Wasted Time: 0.0000).	[MsgId: MMSG-16871]
Registration.c(107): lr_think_time: 4.24 seconds (recorded think time was 5.00 seconds).	[MsgId: MMSG-15947]
Starting iteration 2.	[MsgId: MMSG-15968]
Notify: Next row for parameter UserName = 1 [table  = UserName].	[MsgId: MMSG-13876]
Notify: Getting new value for parameter 'UserName': table = 'UserCredentilas1.dat' column = '0' row = '1'.	[MsgId: MMSG-13877]
Notify: Next row for parameter PetStoreEndtoEndFlow_UserName = 1 [table  = PetStoreEndtoEndFlow_UserName].	[MsgId: MMSG-13876]
Notify: Getting new value for parameter 'PetStoreEndtoEndFlow_UserName': table = 'UserCredentilas3.dat' column = '0' row = '1'.	[MsgId: MMSG-13877]
Notify: Next row for parameter PetStoreEndtoEndFlow_pass = 1 [table  = PetStoreEndtoEndFlow_pass].	[MsgId: MMSG-13876]
Notify: Getting new value for parameter 'PetStoreEndtoEndFlow_pass': table = 'UserCredentilas4.dat' column = '0' row = '1'.	[MsgId: MMSG-13877]
Notify: Next row for parameter pass = 1 [table  = pass].	[MsgId: MMSG-13876]
Notify: Getting new value for parameter 'pass': table = 'UserCredentilas2.dat' column = '0' row = '1'.	[MsgId: MMSG-13877]
Starting action Login.	[MsgId: MMSG-15919]
Registration.c(15): Notify: Transaction "PetStore_ClickOnRegistration_T01" started.	[MsgId: MMSG-16999]
Registration.c(17): web_reg_find started  	[MsgId: MMSG-26355]
Registration.c(17): Registering web_reg_find was successful  	[MsgId: MMSG-26390]
Registration.c(20): web_link("Register Now!") started  	[MsgId: MMSG-26355]
Registration.c(20): Error -27985: There is no context for HTML-based functions. A previous function may not have used "Mode=HTML" or downloaded only non-HTML page(s), or the context has been reset (e.g., due to a GUI-based function)  	[MsgId: MERR-27985]
Registration.c(20): Warning -26379: Pending web_reg_save_param/web_reg_find/web_create_html_param/web_create_html_param_ex request(s) are deleted and will be handled as "not found"  	[MsgId: MWAR-26379]
Registration.c(20): Error -26366: "Text=User Information" not found for web_reg_find  	[MsgId: MERR-26366]
Registration.c(20): Error -26374: The above "not found" error(s) may be explained by header and body byte counts being 0 and 0, respectively.  	[MsgId: MERR-26374]
Registration.c(20): web_link("Register Now!") highest severity level was "ERROR", 0 body bytes, 0 header bytes  	[MsgId: MMSG-26388]
Registration.c(20): Notify: Transaction "PetStore_ClickOnRegistration_T01" ended with a "Fail" status (Duration: 0.0010).	[MsgId: MMSG-16873]
Registration.c(20): Notify: Transaction "PetStore_ClickOnRegistration_T01" has 3 error message(s).	[MsgId: MMSG-16818]
Registration.c(20): Notify: The 1st error message associated with transaction "PetStore_ClickOnRegistration_T01" is "Error -27985: There is no context for HTML-based functions. A previous function may not have used "Mode=HTML" or downloaded only non-HTML page(s), or the context has been reset (e.g., due to a GUI-based function)"	[MsgId: MMSG-16819]
Registration.c(20): Notify: The 2nd error message associated with transaction "PetStore_ClickOnRegistration_T01" is "Error -26366: "Text=User Information" not found for web_reg_find"	[MsgId: MMSG-16819]
Registration.c(20): Notify: The 3rd error message associated with transaction "PetStore_ClickOnRegistration_T01" is "Error -26374: The above "not found" error(s) may be explained by header and body byte counts being 0 and 0, respectively."	[MsgId: MMSG-16819]
Ending action Login.	[MsgId: MMSG-15918]
Ending iteration 2.	[MsgId: MMSG-15965]
Waiting 9.6570 seconds for iteration pacing.	[MsgId: MMSG-15996]
AddToCard.c(27): Resource "https://petstore.octoperf.com/css/jpetstore.css" is in the cache already and will not be downloaded again  	[MsgId: MMSG-26655]
AddToCard.c(27): Resource "https://petstore.octoperf.com/images/logo-topbar.svg" is in the cache already and will not be downloaded again  	[MsgId: MMSG-26655]
AddToCard.c(27): Resource "https://petstore.octoperf.com/images/cart.gif" is in the cache already and will not be downloaded again  	[MsgId: MMSG-26655]
AddToCard.c(27): Resource "https://petstore.octoperf.com/images/separator.gif" is in the cache already and will not be downloaded again  	[MsgId: MMSG-26655]
AddToCard.c(27): Resource "https://petstore.octoperf.com/images/sm_fish.gif" is in the cache already and will not be downloaded again  	[MsgId: MMSG-26655]
AddToCard.c(27): Resource "https://petstore.octoperf.com/images/sm_dogs.gif" is in the cache already and will not be downloaded again  	[MsgId: MMSG-26655]
AddToCard.c(27): Resource "https://petstore.octoperf.com/images/sm_reptiles.gif" is in the cache already and will not be downloaded again  	[MsgId: MMSG-26655]
AddToCard.c(27): Resource "https://petstore.octoperf.com/images/sm_cats.gif" is in the cache already and will not be downloaded again  	[MsgId: MMSG-26655]
AddToCard.c(27): Resource "https://petstore.octoperf.com/images/sm_birds.gif" is in the cache already and will not be downloaded again  	[MsgId: MMSG-26655]
AddToCard.c(27): Resource "https://petstore.octoperf.com/images/banner_fish.gif" is in the cache already and will not be downloaded again  	[MsgId: MMSG-26655]
AddToCard.c(27): Notify: Saving Parameter "productId_1 = K9-BD-01".	[MsgId: MMSG-13798]
AddToCard.c(27): Notify: Saving Parameter "productId_2 = K9-PO-02".	[MsgId: MMSG-13798]
AddToCard.c(27): Notify: Saving Parameter "productId_3 = K9-DL-01".	[MsgId: MMSG-13798]
AddToCard.c(27): Notify: Saving Parameter "productId_4 = K9-RT-01".	[MsgId: MMSG-13798]
AddToCard.c(27): Notify: Saving Parameter "productId_5 = K9-RT-02".	[MsgId: MMSG-13798]
AddToCard.c(27): Notify: Saving Parameter "productId_6 = K9-CW-01".	[MsgId: MMSG-13798]
AddToCard.c(27): Notify: Saving Parameter "productId_count = 6".	[MsgId: MMSG-13798]
AddToCard.c(27): Registered web_reg_find successful for "Text=DOGS" (count=1)  	[MsgId: MMSG-26364]
AddToCard.c(27): web_url("Catalog.action_2") was successful, 4171 body bytes, 225 header bytes  	[MsgId: MMSG-26386]
AddToCard.c(36): Notify: Transaction "PetStore_AddAproduct_T01" ended with a "Pass" status (Duration: 0.1271 Wasted Time: 0.0003).	[MsgId: MMSG-16871]
AddToCard.c(38): lr_think_time: 4.47 seconds (recorded think time was 5.00 seconds).	[MsgId: MMSG-15947]
Starting iteration 1.	[MsgId: MMSG-15968]
Warning -27077: The "vuser_init" section contains web function(s) when the "Simulate a new user on each iteration" Runtime Setting is ON.  This may produce unpredictable results with multiple iterations  	[MsgId: MWAR-27077]
Maximum number of concurrent connections per server: 6  	[MsgId: MMSG-26989]
Starting action Login.	[MsgId: MMSG-15919]
Registration.c(15): Notify: Transaction "PetStore_ClickOnRegistration_T01" started.	[MsgId: MMSG-16999]
Registration.c(17): web_reg_find started  	[MsgId: MMSG-26355]
Registration.c(17): Registering web_reg_find was successful  	[MsgId: MMSG-26390]
Registration.c(20): web_link("Register Now!") started  	[MsgId: MMSG-26355]
Registration.c(20): Linking to "https://petstore.octoperf.com/actions/Account.action?newAccountForm=", Target Frame=""  	[MsgId: MMSG-27994]
Registration.c(20): Resource "https://petstore.octoperf.com/css/jpetstore.css" is in the cache already and will not be downloaded again  	[MsgId: MMSG-26655]
Registration.c(20): Resource "https://petstore.octoperf.com/images/logo-topbar.svg" is in the cache already and will not be downloaded again  	[MsgId: MMSG-26655]
Registration.c(20): Resource "https://petstore.octoperf.com/images/cart.gif" is in the cache already and will not be downloaded again  	[MsgId: MMSG-26655]
Registration.c(20): Resource "https://petstore.octoperf.com/images/separator.gif" is in the cache already and will not be downloaded again  	[MsgId: MMSG-26655]
Registration.c(20): Resource "https://petstore.octoperf.com/images/sm_fish.gif" is in the cache already and will not be downloaded again  	[MsgId: MMSG-26655]
Registration.c(20): Resource "https://petstore.octoperf.com/images/sm_dogs.gif" is in the cache already and will not be downloaded again  	[MsgId: MMSG-26655]
Registration.c(20): Resource "https://petstore.octoperf.com/images/sm_reptiles.gif" is in the cache already and will not be downloaded again  	[MsgId: MMSG-26655]
Registration.c(20): Resource "https://petstore.octoperf.com/images/sm_cats.gif" is in the cache already and will not be downloaded again  	[MsgId: MMSG-26655]
Registration.c(20): Resource "https://petstore.octoperf.com/images/sm_birds.gif" is in the cache already and will not be downloaded again  	[MsgId: MMSG-26655]
Registration.c(20): Registered web_reg_find successful for "Text=User Information" (count=1)  	[MsgId: MMSG-26364]
Registration.c(20): web_link("Register Now!") was successful, 5819 body bytes, 225 header bytes  	[MsgId: MMSG-26386]
Registration.c(25): Notify: Transaction "PetStore_ClickOnRegistration_T01" ended with a "Pass" status (Duration: 0.1258 Wasted Time: 0.0000).	[MsgId: MMSG-16871]
Registration.c(27): lr_think_time: 3.42 seconds (recorded think time was 5.00 seconds).	[MsgId: MMSG-15947]
AddToCard.c(88): Notify: Transaction "PetStore_AddToCard_T04" started.	[MsgId: MMSG-16999]
AddToCard.c(90): web_reg_find started  	[MsgId: MMSG-26355]
AddToCard.c(90): Registering web_reg_find was successful  	[MsgId: MMSG-26390]
AddToCard.c(94): web_link("Add to Cart") started  	[MsgId: MMSG-26355]
AddToCard.c(94): Linking to "https://petstore.octoperf.com/actions/Cart.action?addItemToCart=&workingItemId=EST-18", Target Frame=""  	[MsgId: MMSG-27994]
AddToCard.c(94): Resource "https://petstore.octoperf.com/css/jpetstore.css" is in the cache already and will not be downloaded again  	[MsgId: MMSG-26655]
AddToCard.c(94): Resource "https://petstore.octoperf.com/images/logo-topbar.svg" is in the cache already and will not be downloaded again  	[MsgId: MMSG-26655]
AddToCard.c(94): Resource "https://petstore.octoperf.com/images/cart.gif" is in the cache already and will not be downloaded again  	[MsgId: MMSG-26655]
AddToCard.c(94): Resource "https://petstore.octoperf.com/images/separator.gif" is in the cache already and will not be downloaded again  	[MsgId: MMSG-26655]
AddToCard.c(94): Resource "https://petstore.octoperf.com/images/sm_fish.gif" is in the cache already and will not be downloaded again  	[MsgId: MMSG-26655]
AddToCard.c(94): Resource "https://petstore.octoperf.com/images/sm_dogs.gif" is in the cache already and will not be downloaded again  	[MsgId: MMSG-26655]
AddToCard.c(94): Resource "https://petstore.octoperf.com/images/sm_reptiles.gif" is in the cache already and will not be downloaded again  	[MsgId: MMSG-26655]
AddToCard.c(94): Resource "https://petstore.octoperf.com/images/sm_cats.gif" is in the cache already and will not be downloaded again  	[MsgId: MMSG-26655]
AddToCard.c(94): Resource "https://petstore.octoperf.com/images/sm_birds.gif" is in the cache already and will not be downloaded again  	[MsgId: MMSG-26655]
AddToCard.c(94): Resource "https://petstore.octoperf.com/images/banner_fish.gif" is in the cache already and will not be downloaded again  	[MsgId: MMSG-26655]
AddToCard.c(94): Registered web_reg_find successful for "Text=Shopping Cart" (count=1)  	[MsgId: MMSG-26364]
AddToCard.c(94): web_link("Add to Cart") was successful, 4644 body bytes, 225 header bytes  	[MsgId: MMSG-26386]
AddToCard.c(99): Notify: Transaction "PetStore_AddToCard_T04" ended with a "Pass" status (Duration: 0.1273 Wasted Time: 0.0000).	[MsgId: MMSG-16871]
CheckOutThProduct.c(4): Notify: Transaction "PetStore_ClickOnViewCart_T01" started.	[MsgId: MMSG-16999]
CheckOutThProduct.c(5): web_reg_find started  	[MsgId: MMSG-26355]
CheckOutThProduct.c(5): Registering web_reg_find was successful  	[MsgId: MMSG-26390]
CheckOutThProduct.c(7): web_url("Cart.action_4") started  	[MsgId: MMSG-26355]
CheckOutThProduct.c(7): Resource "https://petstore.octoperf.com/css/jpetstore.css" is in the cache already and will not be downloaded again  	[MsgId: MMSG-26655]
CheckOutThProduct.c(7): Resource "https://petstore.octoperf.com/images/logo-topbar.svg" is in the cache already and will not be downloaded again  	[MsgId: MMSG-26655]
CheckOutThProduct.c(7): Resource "https://petstore.octoperf.com/images/cart.gif" is in the cache already and will not be downloaded again  	[MsgId: MMSG-26655]
CheckOutThProduct.c(7): Resource "https://petstore.octoperf.com/images/separator.gif" is in the cache already and will not be downloaded again  	[MsgId: MMSG-26655]
CheckOutThProduct.c(7): Resource "https://petstore.octoperf.com/images/sm_fish.gif" is in the cache already and will not be downloaded again  	[MsgId: MMSG-26655]
CheckOutThProduct.c(7): Resource "https://petstore.octoperf.com/images/sm_dogs.gif" is in the cache already and will not be downloaded again  	[MsgId: MMSG-26655]
CheckOutThProduct.c(7): Resource "https://petstore.octoperf.com/images/sm_reptiles.gif" is in the cache already and will not be downloaded again  	[MsgId: MMSG-26655]
CheckOutThProduct.c(7): Resource "https://petstore.octoperf.com/images/sm_cats.gif" is in the cache already and will not be downloaded again  	[MsgId: MMSG-26655]
CheckOutThProduct.c(7): Resource "https://petstore.octoperf.com/images/sm_birds.gif" is in the cache already and will not be downloaded again  	[MsgId: MMSG-26655]
CheckOutThProduct.c(7): Resource "https://petstore.octoperf.com/images/banner_fish.gif" is in the cache already and will not be downloaded again  	[MsgId: MMSG-26655]
CheckOutThProduct.c(7): Registered web_reg_find successful for "Text=Shopping Cart" (count=1)  	[MsgId: MMSG-26364]
CheckOutThProduct.c(7): web_url("Cart.action_4") was successful, 4644 body bytes, 225 header bytes  	[MsgId: MMSG-26386]
CheckOutThProduct.c(15): Notify: Transaction "PetStore_ClickOnViewCart_T01" ended with a "Pass" status (Duration: 0.1267 Wasted Time: 0.0000).	[MsgId: MMSG-16871]
CheckOutThProduct.c(17): lr_think_time: 2.71 seconds (recorded think time was 5.00 seconds).	[MsgId: MMSG-15947]
CheckOutThProduct.c(58): Notify: Transaction "PetStore_ClickOnConform_T04" started.	[MsgId: MMSG-16999]
CheckOutThProduct.c(59): web_reg_find started  	[MsgId: MMSG-26355]
CheckOutThProduct.c(59): Registering web_reg_find was successful  	[MsgId: MMSG-26390]
CheckOutThProduct.c(62): web_link("Confirm") started  	[MsgId: MMSG-26355]
CheckOutThProduct.c(62): Linking to "https://petstore.octoperf.com/actions/Order.action?newOrder=&confirmed=true", Target Frame=""  	[MsgId: MMSG-27994]
CheckOutThProduct.c(62): Resource "https://petstore.octoperf.com/css/jpetstore.css" is in the cache already and will not be downloaded again  	[MsgId: MMSG-26655]
CheckOutThProduct.c(62): Resource "https://petstore.octoperf.com/images/logo-topbar.svg" is in the cache already and will not be downloaded again  	[MsgId: MMSG-26655]
CheckOutThProduct.c(62): Resource "https://petstore.octoperf.com/images/cart.gif" is in the cache already and will not be downloaded again  	[MsgId: MMSG-26655]
CheckOutThProduct.c(62): Resource "https://petstore.octoperf.com/images/separator.gif" is in the cache already and will not be downloaded again  	[MsgId: MMSG-26655]
CheckOutThProduct.c(62): Resource "https://petstore.octoperf.com/images/sm_fish.gif" is in the cache already and will not be downloaded again  	[MsgId: MMSG-26655]
CheckOutThProduct.c(62): Resource "https://petstore.octoperf.com/images/sm_dogs.gif" is in the cache already and will not be downloaded again  	[MsgId: MMSG-26655]
CheckOutThProduct.c(62): Resource "https://petstore.octoperf.com/images/sm_reptiles.gif" is in the cache already and will not be downloaded again  	[MsgId: MMSG-26655]
CheckOutThProduct.c(62): Resource "https://petstore.octoperf.com/images/sm_cats.gif" is in the cache already and will not be downloaded again  	[MsgId: MMSG-26655]
CheckOutThProduct.c(62): Resource "https://petstore.octoperf.com/images/sm_birds.gif" is in the cache already and will not be downloaded again  	[MsgId: MMSG-26655]
CheckOutThProduct.c(62): Resource "https://petstore.octoperf.com/images/banner_fish.gif" is in the cache already and will not be downloaded again  	[MsgId: MMSG-26655]
CheckOutThProduct.c(62): Registered web_reg_find successful for "Text=Thank you, your order has been submitted" (count=1)  	[MsgId: MMSG-26364]
CheckOutThProduct.c(62): web_link("Confirm") was successful, 5222 body bytes, 225 header bytes  	[MsgId: MMSG-26386]
CheckOutThProduct.c(66): Notify: Transaction "PetStore_ClickOnConform_T04" ended with a "Pass" status (Duration: 0.2177 Wasted Time: 0.0000).	[MsgId: MMSG-16871]
Ending action CheckOutThProduct.	[MsgId: MMSG-15918]
Ending iteration 1.	[MsgId: MMSG-15965]
Waiting 9.2330 seconds for iteration pacing.	[MsgId: MMSG-15996]
Login.c(17): Notify: Transaction "PetStore_Login_T01" started.	[MsgId: MMSG-16999]
Login.c(18): web_reg_find started  	[MsgId: MMSG-26355]
Login.c(18): Registering web_reg_find was successful  	[MsgId: MMSG-26390]
Login.c(20): web_reg_save_param_regexp started  	[MsgId: MMSG-26355]
Login.c(20): Registering web_reg_save_param_regexp was successful  	[MsgId: MMSG-26390]
Login.c(26): web_submit_form("Account.action") started  	[MsgId: MMSG-26355]
Login.c(26): Notify: Parameter Substitution: parameter "randomUsername" =  "BHJC"	[MsgId: MMSG-13992]
Login.c(26): Notify: Parameter Substitution: parameter "randompass" =  "qsao"	[MsgId: MMSG-13992]
Login.c(26): Submitting form to "https://petstore.octoperf.com/actions/Account.action", Target Frame=""  	[MsgId: MMSG-27978]
Login.c(26): Redirecting "https://petstore.octoperf.com/actions/Account.action" (redirection depth is 0)  	[MsgId: MMSG-26694]
Login.c(26): To location "https://petstore.octoperf.com/actions/Catalog.action"  	[MsgId: MMSG-26693]
Login.c(26): Resource "https://petstore.octoperf.com/css/jpetstore.css" is in the cache already and will not be downloaded again  	[MsgId: MMSG-26655]
Login.c(26): Resource "https://petstore.octoperf.com/images/logo-topbar.svg" is in the cache already and will not be downloaded again  	[MsgId: MMSG-26655]
Login.c(26): Resource "https://petstore.octoperf.com/images/cart.gif" is in the cache already and will not be downloaded again  	[MsgId: MMSG-26655]
Login.c(26): Resource "https://petstore.octoperf.com/images/separator.gif" is in the cache already and will not be downloaded again  	[MsgId: MMSG-26655]
Login.c(26): Resource "https://petstore.octoperf.com/images/sm_fish.gif" is in the cache already and will not be downloaded again  	[MsgId: MMSG-26655]
Login.c(26): Resource "https://petstore.octoperf.com/images/sm_dogs.gif" is in the cache already and will not be downloaded again  	[MsgId: MMSG-26655]
Login.c(26): Resource "https://petstore.octoperf.com/images/sm_reptiles.gif" is in the cache already and will not be downloaded again  	[MsgId: MMSG-26655]
Login.c(26): Resource "https://petstore.octoperf.com/images/sm_cats.gif" is in the cache already and will not be downloaded again  	[MsgId: MMSG-26655]
Login.c(26): Resource "https://petstore.octoperf.com/images/sm_birds.gif" is in the cache already and will not be downloaded again  	[MsgId: MMSG-26655]
Login.c(26): Resource "https://petstore.octoperf.com/images/fish_icon.gif" is in the cache already and will not be downloaded again  	[MsgId: MMSG-26655]
Login.c(26): Resource "https://petstore.octoperf.com/images/dogs_icon.gif" is in the cache already and will not be downloaded again  	[MsgId: MMSG-26655]
Login.c(26): Resource "https://petstore.octoperf.com/images/cats_icon.gif" is in the cache already and will not be downloaded again  	[MsgId: MMSG-26655]
Login.c(26): Resource "https://petstore.octoperf.com/images/reptiles_icon.gif" is in the cache already and will not be downloaded again  	[MsgId: MMSG-26655]
Login.c(26): Resource "https://petstore.octoperf.com/images/birds_icon.gif" is in the cache already and will not be downloaded again  	[MsgId: MMSG-26655]
Login.c(26): Resource "https://petstore.octoperf.com/images/splash.gif" is in the cache already and will not be downloaded again  	[MsgId: MMSG-26655]
Login.c(26): Found resource "https://petstore.octoperf.com/images/banner_fish.gif" in HTML "https://petstore.octoperf.com/actions/Catalog.action"  	[MsgId: MMSG-26659]
Login.c(26): Notify: Saving Parameter "ProductName_1 = BIRDS".	[MsgId: MMSG-13798]
Login.c(26): Notify: Saving Parameter "ProductName_2 = FISH".	[MsgId: MMSG-13798]
Login.c(26): Notify: Saving Parameter "ProductName_3 = DOGS".	[MsgId: MMSG-13798]
Login.c(26): Notify: Saving Parameter "ProductName_4 = REPTILES".	[MsgId: MMSG-13798]
Login.c(26): Notify: Saving Parameter "ProductName_5 = CATS".	[MsgId: MMSG-13798]
Login.c(26): Notify: Saving Parameter "ProductName_6 = BIRDS".	[MsgId: MMSG-13798]
Login.c(26): Notify: Saving Parameter "ProductName_count = 6".	[MsgId: MMSG-13798]
Login.c(26): Registered web_reg_find successful for "Text=My Account" (count=1)  	[MsgId: MMSG-26364]
Login.c(26): web_submit_form("Account.action") was successful, 11416 body bytes, 727 header bytes  	[MsgId: MMSG-26386]
Login.c(34): Notify: Transaction "PetStore_Login_T01" ended with a "Pass" status (Duration: 0.4959 Wasted Time: 0.0004).	[MsgId: MMSG-16871]
Ending action Login.	[MsgId: MMSG-15918]
Starting action CheckOutThProduct.	[MsgId: MMSG-15919]
AddToCard.c(8): Notify: Transaction "PetStore_AddAproduct_T01" started.	[MsgId: MMSG-16999]
AddToCard.c(11): Notify: Parameter Substitution: parameter "ProductName_count" =  "6"	[MsgId: MMSG-13992]
AddToCard.c(12): Notify: Parameter Substitution: parameter "ProductName_3" =  "DOGS"	[MsgId: MMSG-13992]
AddToCard.c(14): Notify: Saving Parameter "RandCategory = DOGS".	[MsgId: MMSG-13798]
AddToCard.c(15): Notify: Parameter Substitution: parameter "RandCategory" =  "DOGS"	[MsgId: MMSG-13992]
AddToCard.c(15): Random category selected in Action2 = DOGS	[MsgId: MMSG-17999]
AddToCard.c(17): web_reg_find started  	[MsgId: MMSG-26355]
AddToCard.c(17): Notify: Parameter Substitution: parameter "RandCategory" =  "DOGS"	[MsgId: MMSG-13992]
AddToCard.c(17): Registering web_reg_find was successful  	[MsgId: MMSG-26390]
AddToCard.c(20): web_reg_save_param_regexp started  	[MsgId: MMSG-26355]
AddToCard.c(20): Registering web_reg_save_param_regexp was successful  	[MsgId: MMSG-26390]
AddToCard.c(27): web_url("Catalog.action_2") started  	[MsgId: MMSG-26355]
AddToCard.c(27): Notify: Parameter Substitution: parameter "RandCategory" =  "DOGS"	[MsgId: MMSG-13992]
AddToCard.c(27): Resource "https://petstore.octoperf.com/css/jpetstore.css" is in the cache already and will not be downloaded again  	[MsgId: MMSG-26655]
AddToCard.c(27): Resource "https://petstore.octoperf.com/images/logo-topbar.svg" is in the cache already and will not be downloaded again  	[MsgId: MMSG-26655]
AddToCard.c(27): Resource "https://petstore.octoperf.com/images/cart.gif" is in the cache already and will not be downloaded again  	[MsgId: MMSG-26655]
AddToCard.c(27): Resource "https://petstore.octoperf.com/images/separator.gif" is in the cache already and will not be downloaded again  	[MsgId: MMSG-26655]
AddToCard.c(27): Resource "https://petstore.octoperf.com/images/sm_fish.gif" is in the cache already and will not be downloaded again  	[MsgId: MMSG-26655]
AddToCard.c(27): Resource "https://petstore.octoperf.com/images/sm_dogs.gif" is in the cache already and will not be downloaded again  	[MsgId: MMSG-26655]
AddToCard.c(27): Resource "https://petstore.octoperf.com/images/sm_reptiles.gif" is in the cache already and will not be downloaded again  	[MsgId: MMSG-26655]
AddToCard.c(27): Resource "https://petstore.octoperf.com/images/sm_cats.gif" is in the cache already and will not be downloaded again  	[MsgId: MMSG-26655]
AddToCard.c(27): Resource "https://petstore.octoperf.com/images/sm_birds.gif" is in the cache already and will not be downloaded again  	[MsgId: MMSG-26655]
AddToCard.c(27): Resource "https://petstore.octoperf.com/images/banner_fish.gif" is in the cache already and will not be downloaded again  	[MsgId: MMSG-26655]
AddToCard.c(27): Notify: Saving Parameter "productId_1 = K9-BD-01".	[MsgId: MMSG-13798]
AddToCard.c(27): Notify: Saving Parameter "productId_2 = K9-PO-02".	[MsgId: MMSG-13798]
AddToCard.c(27): Notify: Saving Parameter "productId_3 = K9-DL-01".	[MsgId: MMSG-13798]
AddToCard.c(27): Notify: Saving Parameter "productId_4 = K9-RT-01".	[MsgId: MMSG-13798]
AddToCard.c(27): Notify: Saving Parameter "productId_5 = K9-RT-02".	[MsgId: MMSG-13798]
AddToCard.c(27): Notify: Saving Parameter "productId_6 = K9-CW-01".	[MsgId: MMSG-13798]
AddToCard.c(27): Notify: Saving Parameter "productId_count = 6".	[MsgId: MMSG-13798]
AddToCard.c(27): Registered web_reg_find successful for "Text=DOGS" (count=1)  	[MsgId: MMSG-26364]
AddToCard.c(27): web_url("Catalog.action_2") was successful, 4171 body bytes, 225 header bytes  	[MsgId: MMSG-26386]
AddToCard.c(36): Notify: Transaction "PetStore_AddAproduct_T01" ended with a "Pass" status (Duration: 0.1260 Wasted Time: 0.0003).	[MsgId: MMSG-16871]
AddToCard.c(38): lr_think_time: 4.19 seconds (recorded think time was 5.00 seconds).	[MsgId: MMSG-15947]
CheckOutThProduct.c(31): Notify: Transaction "PetStore_ClickOnContinue_T03" started.	[MsgId: MMSG-16999]
CheckOutThProduct.c(33): web_reg_find started  	[MsgId: MMSG-26355]
CheckOutThProduct.c(33): Registering web_reg_find was successful  	[MsgId: MMSG-26390]
CheckOutThProduct.c(36): web_submit_form("Order.action") started  	[MsgId: MMSG-26355]
CheckOutThProduct.c(36): Submitting form to "https://petstore.octoperf.com/actions/Order.action", Target Frame=""  	[MsgId: MMSG-27978]
AddToCard.c(88): Notify: Transaction "PetStore_AddToCard_T04" started.	[MsgId: MMSG-16999]
AddToCard.c(90): web_reg_find started  	[MsgId: MMSG-26355]
AddToCard.c(90): Registering web_reg_find was successful  	[MsgId: MMSG-26390]
AddToCard.c(94): web_link("Add to Cart") started  	[MsgId: MMSG-26355]
AddToCard.c(94): Linking to "https://petstore.octoperf.com/actions/Cart.action?addItemToCart=&workingItemId=EST-2", Target Frame=""  	[MsgId: MMSG-27994]
CheckOutThProduct.c(36): Resource "https://petstore.octoperf.com/css/jpetstore.css" is in the cache already and will not be downloaded again  	[MsgId: MMSG-26655]
CheckOutThProduct.c(36): Resource "https://petstore.octoperf.com/images/logo-topbar.svg" is in the cache already and will not be downloaded again  	[MsgId: MMSG-26655]
CheckOutThProduct.c(36): Resource "https://petstore.octoperf.com/images/cart.gif" is in the cache already and will not be downloaded again  	[MsgId: MMSG-26655]
CheckOutThProduct.c(36): Resource "https://petstore.octoperf.com/images/separator.gif" is in the cache already and will not be downloaded again  	[MsgId: MMSG-26655]
CheckOutThProduct.c(36): Resource "https://petstore.octoperf.com/images/sm_fish.gif" is in the cache already and will not be downloaded again  	[MsgId: MMSG-26655]
CheckOutThProduct.c(36): Resource "https://petstore.octoperf.com/images/sm_dogs.gif" is in the cache already and will not be downloaded again  	[MsgId: MMSG-26655]
CheckOutThProduct.c(36): Resource "https://petstore.octoperf.com/images/sm_reptiles.gif" is in the cache already and will not be downloaded again  	[MsgId: MMSG-26655]
CheckOutThProduct.c(36): Resource "https://petstore.octoperf.com/images/sm_cats.gif" is in the cache already and will not be downloaded again  	[MsgId: MMSG-26655]
CheckOutThProduct.c(36): Resource "https://petstore.octoperf.com/images/sm_birds.gif" is in the cache already and will not be downloaded again  	[MsgId: MMSG-26655]
CheckOutThProduct.c(36): Resource "https://petstore.octoperf.com/images/banner_fish.gif" is in the cache already and will not be downloaded again  	[MsgId: MMSG-26655]
CheckOutThProduct.c(36): Registered web_reg_find successful for "Text=Confirm" (count=1)  	[MsgId: MMSG-26364]
CheckOutThProduct.c(36): web_submit_form("Order.action") was successful, 4526 body bytes, 225 header bytes  	[MsgId: MMSG-26386]
CheckOutThProduct.c(54): Notify: Transaction "PetStore_ClickOnContinue_T03" ended with a "Pass" status (Duration: 0.2481 Wasted Time: 0.0000).	[MsgId: MMSG-16871]
CheckOutThProduct.c(56): lr_think_time: 4.57 seconds (recorded think time was 5.00 seconds).	[MsgId: MMSG-15947]
AddToCard.c(94): Resource "https://petstore.octoperf.com/css/jpetstore.css" is in the cache already and will not be downloaded again  	[MsgId: MMSG-26655]
AddToCard.c(94): Resource "https://petstore.octoperf.com/images/logo-topbar.svg" is in the cache already and will not be downloaded again  	[MsgId: MMSG-26655]
AddToCard.c(94): Resource "https://petstore.octoperf.com/images/cart.gif" is in the cache already and will not be downloaded again  	[MsgId: MMSG-26655]
AddToCard.c(94): Resource "https://petstore.octoperf.com/images/separator.gif" is in the cache already and will not be downloaded again  	[MsgId: MMSG-26655]
AddToCard.c(94): Resource "https://petstore.octoperf.com/images/sm_fish.gif" is in the cache already and will not be downloaded again  	[MsgId: MMSG-26655]
AddToCard.c(94): Resource "https://petstore.octoperf.com/images/sm_dogs.gif" is in the cache already and will not be downloaded again  	[MsgId: MMSG-26655]
AddToCard.c(94): Resource "https://petstore.octoperf.com/images/sm_reptiles.gif" is in the cache already and will not be downloaded again  	[MsgId: MMSG-26655]
AddToCard.c(94): Resource "https://petstore.octoperf.com/images/sm_cats.gif" is in the cache already and will not be downloaded again  	[MsgId: MMSG-26655]
AddToCard.c(94): Resource "https://petstore.octoperf.com/images/sm_birds.gif" is in the cache already and will not be downloaded again  	[MsgId: MMSG-26655]
AddToCard.c(94): Resource "https://petstore.octoperf.com/images/banner_fish.gif" is in the cache already and will not be downloaded again  	[MsgId: MMSG-26655]
AddToCard.c(94): Registered web_reg_find successful for "Text=Shopping Cart" (count=1)  	[MsgId: MMSG-26364]
AddToCard.c(94): web_link("Add to Cart") was successful, 4627 body bytes, 225 header bytes  	[MsgId: MMSG-26386]
AddToCard.c(99): Notify: Transaction "PetStore_AddToCard_T04" ended with a "Pass" status (Duration: 0.1275 Wasted Time: 0.0000).	[MsgId: MMSG-16871]
CheckOutThProduct.c(4): Notify: Transaction "PetStore_ClickOnViewCart_T01" started.	[MsgId: MMSG-16999]
CheckOutThProduct.c(5): web_reg_find started  	[MsgId: MMSG-26355]
CheckOutThProduct.c(5): Registering web_reg_find was successful  	[MsgId: MMSG-26390]
CheckOutThProduct.c(7): web_url("Cart.action_4") started  	[MsgId: MMSG-26355]
CheckOutThProduct.c(19): Notify: Transaction "PetStore_ClickOnProccedToCheckOut_T02" started.	[MsgId: MMSG-16999]
CheckOutThProduct.c(20): web_reg_find started  	[MsgId: MMSG-26355]
CheckOutThProduct.c(20): Registering web_reg_find was successful  	[MsgId: MMSG-26390]
CheckOutThProduct.c(23): web_link("Proceed to Checkout") started  	[MsgId: MMSG-26355]
CheckOutThProduct.c(23): Linking to "https://petstore.octoperf.com/actions/Order.action?newOrderForm=", Target Frame=""  	[MsgId: MMSG-27994]
CheckOutThProduct.c(7): Resource "https://petstore.octoperf.com/css/jpetstore.css" is in the cache already and will not be downloaded again  	[MsgId: MMSG-26655]
CheckOutThProduct.c(7): Resource "https://petstore.octoperf.com/images/logo-topbar.svg" is in the cache already and will not be downloaded again  	[MsgId: MMSG-26655]
CheckOutThProduct.c(7): Resource "https://petstore.octoperf.com/images/cart.gif" is in the cache already and will not be downloaded again  	[MsgId: MMSG-26655]
CheckOutThProduct.c(7): Resource "https://petstore.octoperf.com/images/separator.gif" is in the cache already and will not be downloaded again  	[MsgId: MMSG-26655]
CheckOutThProduct.c(7): Resource "https://petstore.octoperf.com/images/sm_fish.gif" is in the cache already and will not be downloaded again  	[MsgId: MMSG-26655]
CheckOutThProduct.c(7): Resource "https://petstore.octoperf.com/images/sm_dogs.gif" is in the cache already and will not be downloaded again  	[MsgId: MMSG-26655]
CheckOutThProduct.c(7): Resource "https://petstore.octoperf.com/images/sm_reptiles.gif" is in the cache already and will not be downloaded again  	[MsgId: MMSG-26655]
CheckOutThProduct.c(7): Resource "https://petstore.octoperf.com/images/sm_cats.gif" is in the cache already and will not be downloaded again  	[MsgId: MMSG-26655]
CheckOutThProduct.c(7): Resource "https://petstore.octoperf.com/images/sm_birds.gif" is in the cache already and will not be downloaded again  	[MsgId: MMSG-26655]
CheckOutThProduct.c(7): Resource "https://petstore.octoperf.com/images/banner_fish.gif" is in the cache already and will not be downloaded again  	[MsgId: MMSG-26655]
CheckOutThProduct.c(7): Registered web_reg_find successful for "Text=Shopping Cart" (count=1)  	[MsgId: MMSG-26364]
CheckOutThProduct.c(7): web_url("Cart.action_4") was successful, 4627 body bytes, 225 header bytes  	[MsgId: MMSG-26386]
CheckOutThProduct.c(15): Notify: Transaction "PetStore_ClickOnViewCart_T01" ended with a "Pass" status (Duration: 0.1264 Wasted Time: 0.0000).	[MsgId: MMSG-16871]
CheckOutThProduct.c(17): lr_think_time: 4.36 seconds (recorded think time was 5.00 seconds).	[MsgId: MMSG-15947]
CheckOutThProduct.c(23): Resource "https://petstore.octoperf.com/css/jpetstore.css" is in the cache already and will not be downloaded again  	[MsgId: MMSG-26655]
CheckOutThProduct.c(23): Resource "https://petstore.octoperf.com/images/logo-topbar.svg" is in the cache already and will not be downloaded again  	[MsgId: MMSG-26655]
CheckOutThProduct.c(23): Resource "https://petstore.octoperf.com/images/cart.gif" is in the cache already and will not be downloaded again  	[MsgId: MMSG-26655]
CheckOutThProduct.c(23): Resource "https://petstore.octoperf.com/images/separator.gif" is in the cache already and will not be downloaded again  	[MsgId: MMSG-26655]
CheckOutThProduct.c(23): Resource "https://petstore.octoperf.com/images/sm_fish.gif" is in the cache already and will not be downloaded again  	[MsgId: MMSG-26655]
CheckOutThProduct.c(23): Resource "https://petstore.octoperf.com/images/sm_dogs.gif" is in the cache already and will not be downloaded again  	[MsgId: MMSG-26655]
CheckOutThProduct.c(23): Resource "https://petstore.octoperf.com/images/sm_reptiles.gif" is in the cache already and will not be downloaded again  	[MsgId: MMSG-26655]
CheckOutThProduct.c(23): Resource "https://petstore.octoperf.com/images/sm_cats.gif" is in the cache already and will not be downloaded again  	[MsgId: MMSG-26655]
CheckOutThProduct.c(23): Resource "https://petstore.octoperf.com/images/sm_birds.gif" is in the cache already and will not be downloaded again  	[MsgId: MMSG-26655]
CheckOutThProduct.c(23): Resource "https://petstore.octoperf.com/images/banner_fish.gif" is in the cache already and will not be downloaded again  	[MsgId: MMSG-26655]
CheckOutThProduct.c(23): Registered web_reg_find successful for "Text=Payment Details" (count=1)  	[MsgId: MMSG-26364]
CheckOutThProduct.c(23): web_link("Proceed to Checkout") was successful, 5376 body bytes, 225 header bytes  	[MsgId: MMSG-26386]
CheckOutThProduct.c(27): Notify: Transaction "PetStore_ClickOnProccedToCheckOut_T02" ended with a "Pass" status (Duration: 0.1259 Wasted Time: 0.0000).	[MsgId: MMSG-16871]
CheckOutThProduct.c(29): lr_think_time: 3.51 seconds (recorded think time was 5.00 seconds).	[MsgId: MMSG-15947]
Registration.c(29): Notify: Transaction "PetStore_SubmitRegistration_T02" started.	[MsgId: MMSG-16999]
Registration.c(31): web_reg_find started  	[MsgId: MMSG-26355]
Registration.c(31): Registering web_reg_find was successful  	[MsgId: MMSG-26390]
Registration.c(38): Notify: Saving Parameter "randomUsername = LMKG".	[MsgId: MMSG-13798]
Registration.c(44): Notify: Saving Parameter "randompass = osnk".	[MsgId: MMSG-13798]
Registration.c(58): Notify: Saving Parameter "randomFirstName = zusxy".	[MsgId: MMSG-13798]
Registration.c(59): Notify: Saving Parameter "randomLastName = pbelv".	[MsgId: MMSG-13798]
Registration.c(71): Notify: Saving Parameter "RandomPhone = 9564673428".	[MsgId: MMSG-13798]
Registration.c(80): Notify: Saving Parameter "RandomZip = 716605".	[MsgId: MMSG-13798]
Registration.c(83): web_submit_form("Account.action") started  	[MsgId: MMSG-26355]
Registration.c(83): Notify: Parameter Substitution: parameter "randomUsername" =  "LMKG"	[MsgId: MMSG-13992]
Registration.c(83): Notify: Parameter Substitution: parameter "randompass" =  "osnk"	[MsgId: MMSG-13992]
Registration.c(83): Notify: Parameter Substitution: parameter "randompass" =  "osnk"	[MsgId: MMSG-13992]
Registration.c(83): Notify: Parameter Substitution: parameter "randomFirstName" =  "zusxy"	[MsgId: MMSG-13992]
Registration.c(83): Notify: Parameter Substitution: parameter "randomLastName" =  "pbelv"	[MsgId: MMSG-13992]
Registration.c(83): Notify: Parameter Substitution: parameter "randomFirstName" =  "zusxy"	[MsgId: MMSG-13992]
Registration.c(83): Notify: Parameter Substitution: parameter "randomLastName" =  "pbelv"	[MsgId: MMSG-13992]
Registration.c(83): Notify: Parameter Substitution: parameter "RandomPhone" =  "9564673428"	[MsgId: MMSG-13992]
Registration.c(83): Notify: Parameter Substitution: parameter "RandomZip" =  "716605"	[MsgId: MMSG-13992]
Registration.c(83): Submitting form to "https://petstore.octoperf.com/actions/Account.action", Target Frame=""  	[MsgId: MMSG-27978]
Registration.c(83): Connection to petstore.octoperf.com:443 closed after being inactive for 62 seconds, exceeding the "HTTP Keep-Alive timeout" Runtime Setting (60 seconds). URL="[None]"  	[MsgId: MMSG-27647]
Registration.c(109): Notify: Transaction "PetStore_SignOut_T03" started.	[MsgId: MMSG-16999]
Registration.c(111): web_reg_find started  	[MsgId: MMSG-26355]
Registration.c(111): Registering web_reg_find was successful  	[MsgId: MMSG-26390]
Registration.c(114): web_url("Account.action_2") started  	[MsgId: MMSG-26355]
Registration.c(114): Redirecting "https://petstore.octoperf.com/actions/Account.action?signoff=" (redirection depth is 0)  	[MsgId: MMSG-26694]
Registration.c(114): To location "https://petstore.octoperf.com/actions/Catalog.action"  	[MsgId: MMSG-26693]
Registration.c(114): Resource "https://petstore.octoperf.com/css/jpetstore.css" is in the cache already and will not be downloaded again  	[MsgId: MMSG-26655]
Registration.c(114): Resource "https://petstore.octoperf.com/images/logo-topbar.svg" is in the cache already and will not be downloaded again  	[MsgId: MMSG-26655]
Registration.c(114): Resource "https://petstore.octoperf.com/images/cart.gif" is in the cache already and will not be downloaded again  	[MsgId: MMSG-26655]
Registration.c(114): Resource "https://petstore.octoperf.com/images/separator.gif" is in the cache already and will not be downloaded again  	[MsgId: MMSG-26655]
Registration.c(114): Resource "https://petstore.octoperf.com/images/sm_fish.gif" is in the cache already and will not be downloaded again  	[MsgId: MMSG-26655]
Registration.c(114): Resource "https://petstore.octoperf.com/images/sm_dogs.gif" is in the cache already and will not be downloaded again  	[MsgId: MMSG-26655]
Registration.c(114): Resource "https://petstore.octoperf.com/images/sm_reptiles.gif" is in the cache already and will not be downloaded again  	[MsgId: MMSG-26655]
Registration.c(114): Resource "https://petstore.octoperf.com/images/sm_cats.gif" is in the cache already and will not be downloaded again  	[MsgId: MMSG-26655]
Registration.c(114): Resource "https://petstore.octoperf.com/images/sm_birds.gif" is in the cache already and will not be downloaded again  	[MsgId: MMSG-26655]
Registration.c(114): Resource "https://petstore.octoperf.com/images/fish_icon.gif" is in the cache already and will not be downloaded again  	[MsgId: MMSG-26655]
Registration.c(114): Resource "https://petstore.octoperf.com/images/dogs_icon.gif" is in the cache already and will not be downloaded again  	[MsgId: MMSG-26655]
Registration.c(114): Resource "https://petstore.octoperf.com/images/cats_icon.gif" is in the cache already and will not be downloaded again  	[MsgId: MMSG-26655]
Registration.c(114): Resource "https://petstore.octoperf.com/images/reptiles_icon.gif" is in the cache already and will not be downloaded again  	[MsgId: MMSG-26655]
Registration.c(114): Resource "https://petstore.octoperf.com/images/birds_icon.gif" is in the cache already and will not be downloaded again  	[MsgId: MMSG-26655]
Registration.c(114): Resource "https://petstore.octoperf.com/images/splash.gif" is in the cache already and will not be downloaded again  	[MsgId: MMSG-26655]
Registration.c(114): Registered web_reg_find successful for "Text=Sign In" (count=1)  	[MsgId: MMSG-26364]
Registration.c(114): web_url("Account.action_2") was successful, 4736 body bytes, 518 header bytes  	[MsgId: MMSG-26386]
Registration.c(123): Notify: Transaction "PetStore_SignOut_T03" ended with a "Pass" status (Duration: 0.2525 Wasted Time: 0.0000).	[MsgId: MMSG-16871]
Login.c(4): Notify: Transaction "PetStore_ClickOnSignIn_T01" started.	[MsgId: MMSG-16999]
Login.c(6): web_reg_find started  	[MsgId: MMSG-26355]
Login.c(6): Registering web_reg_find was successful  	[MsgId: MMSG-26390]
Login.c(9): web_link("Sign In") started  	[MsgId: MMSG-26355]
Login.c(9): Linking to "https://petstore.octoperf.com/actions/Account.action?signonForm=", Target Frame=""  	[MsgId: MMSG-27994]
AddToCard.c(40): Notify: Transaction "PetStore_SelectProductId_T02" started.	[MsgId: MMSG-16999]
AddToCard.c(43): Notify: Parameter Substitution: parameter "productId_count" =  "6"	[MsgId: MMSG-13992]
AddToCard.c(44): Notify: Parameter Substitution: parameter "productId_1" =  "K9-BD-01"	[MsgId: MMSG-13992]
AddToCard.c(46): Notify: Saving Parameter "RandproductId = K9-BD-01".	[MsgId: MMSG-13798]
AddToCard.c(47): Notify: Parameter Substitution: parameter "RandproductId" =  "K9-BD-01"	[MsgId: MMSG-13992]
AddToCard.c(47): Random category selected in Action2 = K9-BD-01	[MsgId: MMSG-17999]
AddToCard.c(49): web_reg_find started  	[MsgId: MMSG-26355]
AddToCard.c(49): Notify: Parameter Substitution: parameter "RandproductId" =  "K9-BD-01"	[MsgId: MMSG-13992]
AddToCard.c(49): Registering web_reg_find was successful  	[MsgId: MMSG-26390]
AddToCard.c(51): web_reg_save_param_regexp started  	[MsgId: MMSG-26355]
AddToCard.c(51): Registering web_reg_save_param_regexp was successful  	[MsgId: MMSG-26390]
AddToCard.c(58): web_link("{RandproductId}") started  	[MsgId: MMSG-26355]
AddToCard.c(58): Notify: Parameter Substitution: parameter "RandproductId" =  "K9-BD-01"	[MsgId: MMSG-13992]
AddToCard.c(58): Linking to "https://petstore.octoperf.com/actions/Catalog.action?viewProduct=&productId=K9-BD-01", Target Frame=""  	[MsgId: MMSG-27994]
Login.c(9): Resource "https://petstore.octoperf.com/css/jpetstore.css" is in the cache already and will not be downloaded again  	[MsgId: MMSG-26655]
Login.c(9): Resource "https://petstore.octoperf.com/images/logo-topbar.svg" is in the cache already and will not be downloaded again  	[MsgId: MMSG-26655]
Login.c(9): Resource "https://petstore.octoperf.com/images/cart.gif" is in the cache already and will not be downloaded again  	[MsgId: MMSG-26655]
Login.c(9): Resource "https://petstore.octoperf.com/images/separator.gif" is in the cache already and will not be downloaded again  	[MsgId: MMSG-26655]
Login.c(9): Resource "https://petstore.octoperf.com/images/sm_fish.gif" is in the cache already and will not be downloaded again  	[MsgId: MMSG-26655]
Login.c(9): Resource "https://petstore.octoperf.com/images/sm_dogs.gif" is in the cache already and will not be downloaded again  	[MsgId: MMSG-26655]
Login.c(9): Resource "https://petstore.octoperf.com/images/sm_reptiles.gif" is in the cache already and will not be downloaded again  	[MsgId: MMSG-26655]
Login.c(9): Resource "https://petstore.octoperf.com/images/sm_cats.gif" is in the cache already and will not be downloaded again  	[MsgId: MMSG-26655]
Login.c(9): Resource "https://petstore.octoperf.com/images/sm_birds.gif" is in the cache already and will not be downloaded again  	[MsgId: MMSG-26655]
Login.c(9): Registered web_reg_find successful for "Text=Please enter your username and password" (count=1)  	[MsgId: MMSG-26364]
Login.c(9): web_link("Sign In") was successful, 3856 body bytes, 225 header bytes  	[MsgId: MMSG-26386]
Login.c(13): Notify: Transaction "PetStore_ClickOnSignIn_T01" ended with a "Pass" status (Duration: 0.1269 Wasted Time: 0.0000).	[MsgId: MMSG-16871]
Login.c(15): lr_think_time: 3.67 seconds (recorded think time was 5.00 seconds).	[MsgId: MMSG-15947]
AddToCard.c(58): Resource "https://petstore.octoperf.com/css/jpetstore.css" is in the cache already and will not be downloaded again  	[MsgId: MMSG-26655]
AddToCard.c(58): Resource "https://petstore.octoperf.com/images/logo-topbar.svg" is in the cache already and will not be downloaded again  	[MsgId: MMSG-26655]
AddToCard.c(58): Resource "https://petstore.octoperf.com/images/cart.gif" is in the cache already and will not be downloaded again  	[MsgId: MMSG-26655]
AddToCard.c(58): Resource "https://petstore.octoperf.com/images/separator.gif" is in the cache already and will not be downloaded again  	[MsgId: MMSG-26655]
AddToCard.c(58): Resource "https://petstore.octoperf.com/images/sm_fish.gif" is in the cache already and will not be downloaded again  	[MsgId: MMSG-26655]
AddToCard.c(58): Resource "https://petstore.octoperf.com/images/sm_dogs.gif" is in the cache already and will not be downloaded again  	[MsgId: MMSG-26655]
AddToCard.c(58): Resource "https://petstore.octoperf.com/images/sm_reptiles.gif" is in the cache already and will not be downloaded again  	[MsgId: MMSG-26655]
AddToCard.c(58): Resource "https://petstore.octoperf.com/images/sm_cats.gif" is in the cache already and will not be downloaded again  	[MsgId: MMSG-26655]
AddToCard.c(58): Resource "https://petstore.octoperf.com/images/sm_birds.gif" is in the cache already and will not be downloaded again  	[MsgId: MMSG-26655]
AddToCard.c(58): Resource "https://petstore.octoperf.com/images/banner_fish.gif" is in the cache already and will not be downloaded again  	[MsgId: MMSG-26655]
AddToCard.c(58): Notify: Saving Parameter "itemId_1 = EST-6".	[MsgId: MMSG-13798]
AddToCard.c(58): Notify: Saving Parameter "itemId_2 = EST-7".	[MsgId: MMSG-13798]
AddToCard.c(58): Notify: Saving Parameter "itemId_count = 2".	[MsgId: MMSG-13798]
AddToCard.c(58): Registered web_reg_find successful for "Text=K9-BD-01" (count=2)  	[MsgId: MMSG-26364]
AddToCard.c(58): web_link("{RandproductId}") was successful, 4069 body bytes, 225 header bytes  	[MsgId: MMSG-26386]
AddToCard.c(63): Notify: Transaction "PetStore_SelectProductId_T02" ended with a "Pass" status (Duration: 0.1286 Wasted Time: 0.0003).	[MsgId: MMSG-16871]
AddToCard.c(65): lr_think_time: 3.08 seconds (recorded think time was 5.00 seconds).	[MsgId: MMSG-15947]
Registration.c(83): Redirecting "https://petstore.octoperf.com/actions/Account.action" (redirection depth is 0)  	[MsgId: MMSG-26694]
Registration.c(83): To location "https://petstore.octoperf.com/actions/Catalog.action"  	[MsgId: MMSG-26693]
Registration.c(83): Resource "https://petstore.octoperf.com/css/jpetstore.css" is in the cache already and will not be downloaded again  	[MsgId: MMSG-26655]
Registration.c(83): Resource "https://petstore.octoperf.com/images/logo-topbar.svg" is in the cache already and will not be downloaded again  	[MsgId: MMSG-26655]
Registration.c(83): Resource "https://petstore.octoperf.com/images/cart.gif" is in the cache already and will not be downloaded again  	[MsgId: MMSG-26655]
Registration.c(83): Resource "https://petstore.octoperf.com/images/separator.gif" is in the cache already and will not be downloaded again  	[MsgId: MMSG-26655]
Registration.c(83): Resource "https://petstore.octoperf.com/images/sm_fish.gif" is in the cache already and will not be downloaded again  	[MsgId: MMSG-26655]
Registration.c(83): Resource "https://petstore.octoperf.com/images/sm_dogs.gif" is in the cache already and will not be downloaded again  	[MsgId: MMSG-26655]
Registration.c(83): Resource "https://petstore.octoperf.com/images/sm_reptiles.gif" is in the cache already and will not be downloaded again  	[MsgId: MMSG-26655]
Registration.c(83): Resource "https://petstore.octoperf.com/images/sm_cats.gif" is in the cache already and will not be downloaded again  	[MsgId: MMSG-26655]
Registration.c(83): Resource "https://petstore.octoperf.com/images/sm_birds.gif" is in the cache already and will not be downloaded again  	[MsgId: MMSG-26655]
Registration.c(83): Resource "https://petstore.octoperf.com/images/fish_icon.gif" is in the cache already and will not be downloaded again  	[MsgId: MMSG-26655]
Registration.c(83): Resource "https://petstore.octoperf.com/images/dogs_icon.gif" is in the cache already and will not be downloaded again  	[MsgId: MMSG-26655]
Registration.c(83): Resource "https://petstore.octoperf.com/images/cats_icon.gif" is in the cache already and will not be downloaded again  	[MsgId: MMSG-26655]
Registration.c(83): Resource "https://petstore.octoperf.com/images/reptiles_icon.gif" is in the cache already and will not be downloaded again  	[MsgId: MMSG-26655]
Registration.c(83): Resource "https://petstore.octoperf.com/images/birds_icon.gif" is in the cache already and will not be downloaded again  	[MsgId: MMSG-26655]
Registration.c(83): Resource "https://petstore.octoperf.com/images/splash.gif" is in the cache already and will not be downloaded again  	[MsgId: MMSG-26655]
Registration.c(83): Registered web_reg_find successful for "Text=Elevate you load-testing" (count=1)  	[MsgId: MMSG-26364]
Registration.c(83): web_submit_form("Account.action") was successful, 4736 body bytes, 443 header bytes  	[MsgId: MMSG-26386]
Registration.c(105): Notify: Transaction "PetStore_SubmitRegistration_T02" ended with a "Pass" status (Duration: 0.7923 Wasted Time: 0.0000).	[MsgId: MMSG-16871]
Registration.c(107): lr_think_time: 2.97 seconds (recorded think time was 5.00 seconds).	[MsgId: MMSG-15947]
AddToCard.c(40): Notify: Transaction "PetStore_SelectProductId_T02" started.	[MsgId: MMSG-16999]
AddToCard.c(43): Notify: Parameter Substitution: parameter "productId_count" =  "6"	[MsgId: MMSG-13992]
AddToCard.c(44): Notify: Parameter Substitution: parameter "productId_3" =  "K9-DL-01"	[MsgId: MMSG-13992]
AddToCard.c(46): Notify: Saving Parameter "RandproductId = K9-DL-01".	[MsgId: MMSG-13798]
AddToCard.c(47): Notify: Parameter Substitution: parameter "RandproductId" =  "K9-DL-01"	[MsgId: MMSG-13992]
AddToCard.c(47): Random category selected in Action2 = K9-DL-01	[MsgId: MMSG-17999]
AddToCard.c(49): web_reg_find started  	[MsgId: MMSG-26355]
AddToCard.c(49): Notify: Parameter Substitution: parameter "RandproductId" =  "K9-DL-01"	[MsgId: MMSG-13992]
AddToCard.c(49): Registering web_reg_find was successful  	[MsgId: MMSG-26390]
AddToCard.c(51): web_reg_save_param_regexp started  	[MsgId: MMSG-26355]
AddToCard.c(51): Registering web_reg_save_param_regexp was successful  	[MsgId: MMSG-26390]
AddToCard.c(58): web_link("{RandproductId}") started  	[MsgId: MMSG-26355]
AddToCard.c(58): Notify: Parameter Substitution: parameter "RandproductId" =  "K9-DL-01"	[MsgId: MMSG-13992]
AddToCard.c(58): Linking to "https://petstore.octoperf.com/actions/Catalog.action?viewProduct=&productId=K9-DL-01", Target Frame=""  	[MsgId: MMSG-27994]
AddToCard.c(58): Resource "https://petstore.octoperf.com/css/jpetstore.css" is in the cache already and will not be downloaded again  	[MsgId: MMSG-26655]
AddToCard.c(58): Resource "https://petstore.octoperf.com/images/logo-topbar.svg" is in the cache already and will not be downloaded again  	[MsgId: MMSG-26655]
AddToCard.c(58): Resource "https://petstore.octoperf.com/images/cart.gif" is in the cache already and will not be downloaded again  	[MsgId: MMSG-26655]
AddToCard.c(58): Resource "https://petstore.octoperf.com/images/separator.gif" is in the cache already and will not be downloaded again  	[MsgId: MMSG-26655]
AddToCard.c(58): Resource "https://petstore.octoperf.com/images/sm_fish.gif" is in the cache already and will not be downloaded again  	[MsgId: MMSG-26655]
AddToCard.c(58): Resource "https://petstore.octoperf.com/images/sm_dogs.gif" is in the cache already and will not be downloaded again  	[MsgId: MMSG-26655]
AddToCard.c(58): Resource "https://petstore.octoperf.com/images/sm_reptiles.gif" is in the cache already and will not be downloaded again  	[MsgId: MMSG-26655]
AddToCard.c(58): Resource "https://petstore.octoperf.com/images/sm_cats.gif" is in the cache already and will not be downloaded again  	[MsgId: MMSG-26655]
AddToCard.c(58): Resource "https://petstore.octoperf.com/images/sm_birds.gif" is in the cache already and will not be downloaded again  	[MsgId: MMSG-26655]
AddToCard.c(58): Resource "https://petstore.octoperf.com/images/banner_fish.gif" is in the cache already and will not be downloaded again  	[MsgId: MMSG-26655]
AddToCard.c(58): Notify: Saving Parameter "itemId_1 = EST-9".	[MsgId: MMSG-13798]
AddToCard.c(58): Notify: Saving Parameter "itemId_2 = EST-10".	[MsgId: MMSG-13798]
AddToCard.c(58): Notify: Saving Parameter "itemId_count = 2".	[MsgId: MMSG-13798]
AddToCard.c(58): Registered web_reg_find successful for "Text=K9-DL-01" (count=2)  	[MsgId: MMSG-26364]
AddToCard.c(58): web_link("{RandproductId}") was successful, 4095 body bytes, 225 header bytes  	[MsgId: MMSG-26386]
AddToCard.c(63): Notify: Transaction "PetStore_SelectProductId_T02" ended with a "Pass" status (Duration: 0.1271 Wasted Time: 0.0003).	[MsgId: MMSG-16871]
AddToCard.c(65): lr_think_time: 4.92 seconds (recorded think time was 5.00 seconds).	[MsgId: MMSG-15947]
Starting iteration 3.	[MsgId: MMSG-15968]
Notify: Next row for parameter UserName = 1 [table  = UserName].	[MsgId: MMSG-13876]
Notify: Getting new value for parameter 'UserName': table = 'UserCredentilas1.dat' column = '0' row = '1'.	[MsgId: MMSG-13877]
Notify: Next row for parameter PetStoreEndtoEndFlow_UserName = 1 [table  = PetStoreEndtoEndFlow_UserName].	[MsgId: MMSG-13876]
Notify: Getting new value for parameter 'PetStoreEndtoEndFlow_UserName': table = 'UserCredentilas3.dat' column = '0' row = '1'.	[MsgId: MMSG-13877]
Notify: Next row for parameter PetStoreEndtoEndFlow_pass = 1 [table  = PetStoreEndtoEndFlow_pass].	[MsgId: MMSG-13876]
Notify: Getting new value for parameter 'PetStoreEndtoEndFlow_pass': table = 'UserCredentilas4.dat' column = '0' row = '1'.	[MsgId: MMSG-13877]
Notify: Next row for parameter pass = 1 [table  = pass].	[MsgId: MMSG-13876]
Notify: Getting new value for parameter 'pass': table = 'UserCredentilas2.dat' column = '0' row = '1'.	[MsgId: MMSG-13877]
Starting action Login.	[MsgId: MMSG-15919]
Registration.c(15): Notify: Transaction "PetStore_ClickOnRegistration_T01" started.	[MsgId: MMSG-16999]
Registration.c(17): web_reg_find started  	[MsgId: MMSG-26355]
Registration.c(17): Registering web_reg_find was successful  	[MsgId: MMSG-26390]
Registration.c(20): web_link("Register Now!") started  	[MsgId: MMSG-26355]
Registration.c(20): Error -27985: There is no context for HTML-based functions. A previous function may not have used "Mode=HTML" or downloaded only non-HTML page(s), or the context has been reset (e.g., due to a GUI-based function)  	[MsgId: MERR-27985]
Registration.c(20): Warning -26379: Pending web_reg_save_param/web_reg_find/web_create_html_param/web_create_html_param_ex request(s) are deleted and will be handled as "not found"  	[MsgId: MWAR-26379]
Registration.c(20): Error -26366: "Text=User Information" not found for web_reg_find  	[MsgId: MERR-26366]
Registration.c(20): Error -26374: The above "not found" error(s) may be explained by header and body byte counts being 0 and 0, respectively.  	[MsgId: MERR-26374]
Registration.c(20): web_link("Register Now!") highest severity level was "ERROR", 0 body bytes, 0 header bytes  	[MsgId: MMSG-26388]
Registration.c(20): Notify: Transaction "PetStore_ClickOnRegistration_T01" ended with a "Fail" status (Duration: 0.0093).	[MsgId: MMSG-16873]
Registration.c(20): Notify: Transaction "PetStore_ClickOnRegistration_T01" has 3 error message(s).	[MsgId: MMSG-16818]
Registration.c(20): Notify: The 1st error message associated with transaction "PetStore_ClickOnRegistration_T01" is "Error -27985: There is no context for HTML-based functions. A previous function may not have used "Mode=HTML" or downloaded only non-HTML page(s), or the context has been reset (e.g., due to a GUI-based function)"	[MsgId: MMSG-16819]
Registration.c(20): Notify: The 2nd error message associated with transaction "PetStore_ClickOnRegistration_T01" is "Error -26366: "Text=User Information" not found for web_reg_find"	[MsgId: MMSG-16819]
Registration.c(20): Notify: The 3rd error message associated with transaction "PetStore_ClickOnRegistration_T01" is "Error -26374: The above "not found" error(s) may be explained by header and body byte counts being 0 and 0, respectively."	[MsgId: MMSG-16819]
Ending action Login.	[MsgId: MMSG-15918]
Ending iteration 3.	[MsgId: MMSG-15965]
Waiting 9.1500 seconds for iteration pacing.	[MsgId: MMSG-15996]
CheckOutThProduct.c(31): Notify: Transaction "PetStore_ClickOnContinue_T03" started.	[MsgId: MMSG-16999]
CheckOutThProduct.c(33): web_reg_find started  	[MsgId: MMSG-26355]
CheckOutThProduct.c(33): Registering web_reg_find was successful  	[MsgId: MMSG-26390]
CheckOutThProduct.c(36): web_submit_form("Order.action") started  	[MsgId: MMSG-26355]
CheckOutThProduct.c(36): Submitting form to "https://petstore.octoperf.com/actions/Order.action", Target Frame=""  	[MsgId: MMSG-27978]
CheckOutThProduct.c(36): Resource "https://petstore.octoperf.com/css/jpetstore.css" is in the cache already and will not be downloaded again  	[MsgId: MMSG-26655]
CheckOutThProduct.c(36): Resource "https://petstore.octoperf.com/images/logo-topbar.svg" is in the cache already and will not be downloaded again  	[MsgId: MMSG-26655]
CheckOutThProduct.c(36): Resource "https://petstore.octoperf.com/images/cart.gif" is in the cache already and will not be downloaded again  	[MsgId: MMSG-26655]
CheckOutThProduct.c(36): Resource "https://petstore.octoperf.com/images/separator.gif" is in the cache already and will not be downloaded again  	[MsgId: MMSG-26655]
CheckOutThProduct.c(36): Resource "https://petstore.octoperf.com/images/sm_fish.gif" is in the cache already and will not be downloaded again  	[MsgId: MMSG-26655]
CheckOutThProduct.c(36): Resource "https://petstore.octoperf.com/images/sm_dogs.gif" is in the cache already and will not be downloaded again  	[MsgId: MMSG-26655]
CheckOutThProduct.c(36): Resource "https://petstore.octoperf.com/images/sm_reptiles.gif" is in the cache already and will not be downloaded again  	[MsgId: MMSG-26655]
CheckOutThProduct.c(36): Resource "https://petstore.octoperf.com/images/sm_cats.gif" is in the cache already and will not be downloaded again  	[MsgId: MMSG-26655]
CheckOutThProduct.c(36): Resource "https://petstore.octoperf.com/images/sm_birds.gif" is in the cache already and will not be downloaded again  	[MsgId: MMSG-26655]
CheckOutThProduct.c(36): Resource "https://petstore.octoperf.com/images/banner_fish.gif" is in the cache already and will not be downloaded again  	[MsgId: MMSG-26655]
CheckOutThProduct.c(36): Registered web_reg_find successful for "Text=Confirm" (count=1)  	[MsgId: MMSG-26364]
CheckOutThProduct.c(36): web_submit_form("Order.action") was successful, 4526 body bytes, 225 header bytes  	[MsgId: MMSG-26386]
CheckOutThProduct.c(54): Notify: Transaction "PetStore_ClickOnContinue_T03" ended with a "Pass" status (Duration: 0.2488 Wasted Time: 0.0000).	[MsgId: MMSG-16871]
CheckOutThProduct.c(56): lr_think_time: 4.70 seconds (recorded think time was 5.00 seconds).	[MsgId: MMSG-15947]
AddToCard.c(67): Notify: Transaction "PetStore_SelectItemId_T03" started.	[MsgId: MMSG-16999]
AddToCard.c(71): Notify: Parameter Substitution: parameter "itemId_count" =  "2"	[MsgId: MMSG-13992]
AddToCard.c(72): Notify: Parameter Substitution: parameter "itemId_1" =  "EST-6"	[MsgId: MMSG-13992]
AddToCard.c(74): Notify: Saving Parameter "RanditemId = EST-6".	[MsgId: MMSG-13798]
AddToCard.c(75): Notify: Parameter Substitution: parameter "RanditemId" =  "EST-6"	[MsgId: MMSG-13992]
AddToCard.c(75): Random category selected in Action2 = EST-6	[MsgId: MMSG-17999]
AddToCard.c(77): web_reg_find started  	[MsgId: MMSG-26355]
AddToCard.c(77): Notify: Parameter Substitution: parameter "RanditemId" =  "EST-6"	[MsgId: MMSG-13992]
AddToCard.c(77): Registering web_reg_find was successful  	[MsgId: MMSG-26390]
AddToCard.c(79): web_link("{RanditemId}") started  	[MsgId: MMSG-26355]
AddToCard.c(79): Notify: Parameter Substitution: parameter "RanditemId" =  "EST-6"	[MsgId: MMSG-13992]
AddToCard.c(79): Linking to "https://petstore.octoperf.com/actions/Catalog.action?viewItem=&itemId=EST-6", Target Frame=""  	[MsgId: MMSG-27994]
Registration.c(109): Notify: Transaction "PetStore_SignOut_T03" started.	[MsgId: MMSG-16999]
Registration.c(111): web_reg_find started  	[MsgId: MMSG-26355]
Registration.c(111): Registering web_reg_find was successful  	[MsgId: MMSG-26390]
Registration.c(114): web_url("Account.action_2") started  	[MsgId: MMSG-26355]
AddToCard.c(79): Resource "https://petstore.octoperf.com/css/jpetstore.css" is in the cache already and will not be downloaded again  	[MsgId: MMSG-26655]
AddToCard.c(79): Resource "https://petstore.octoperf.com/images/logo-topbar.svg" is in the cache already and will not be downloaded again  	[MsgId: MMSG-26655]
AddToCard.c(79): Resource "https://petstore.octoperf.com/images/cart.gif" is in the cache already and will not be downloaded again  	[MsgId: MMSG-26655]
AddToCard.c(79): Resource "https://petstore.octoperf.com/images/separator.gif" is in the cache already and will not be downloaded again  	[MsgId: MMSG-26655]
AddToCard.c(79): Resource "https://petstore.octoperf.com/images/sm_fish.gif" is in the cache already and will not be downloaded again  	[MsgId: MMSG-26655]
AddToCard.c(79): Resource "https://petstore.octoperf.com/images/sm_dogs.gif" is in the cache already and will not be downloaded again  	[MsgId: MMSG-26655]
AddToCard.c(79): Resource "https://petstore.octoperf.com/images/sm_reptiles.gif" is in the cache already and will not be downloaded again  	[MsgId: MMSG-26655]
AddToCard.c(79): Resource "https://petstore.octoperf.com/images/sm_cats.gif" is in the cache already and will not be downloaded again  	[MsgId: MMSG-26655]
AddToCard.c(79): Resource "https://petstore.octoperf.com/images/sm_birds.gif" is in the cache already and will not be downloaded again  	[MsgId: MMSG-26655]
AddToCard.c(79): Found resource "https://petstore.octoperf.com/images/dog2.gif" in HTML "https://petstore.octoperf.com/actions/Catalog.action?viewItem=&itemId=EST-6"  	[MsgId: MMSG-26659]
AddToCard.c(79): Resource "https://petstore.octoperf.com/images/banner_fish.gif" is in the cache already and will not be downloaded again  	[MsgId: MMSG-26655]
Registration.c(114): Redirecting "https://petstore.octoperf.com/actions/Account.action?signoff=" (redirection depth is 0)  	[MsgId: MMSG-26694]
Registration.c(114): To location "https://petstore.octoperf.com/actions/Catalog.action"  	[MsgId: MMSG-26693]
CheckOutThProduct.c(58): Notify: Transaction "PetStore_ClickOnConform_T04" started.	[MsgId: MMSG-16999]
CheckOutThProduct.c(59): web_reg_find started  	[MsgId: MMSG-26355]
CheckOutThProduct.c(59): Registering web_reg_find was successful  	[MsgId: MMSG-26390]
CheckOutThProduct.c(62): web_link("Confirm") started  	[MsgId: MMSG-26355]
CheckOutThProduct.c(62): Linking to "https://petstore.octoperf.com/actions/Order.action?newOrder=&confirmed=true", Target Frame=""  	[MsgId: MMSG-27994]
Registration.c(114): Resource "https://petstore.octoperf.com/css/jpetstore.css" is in the cache already and will not be downloaded again  	[MsgId: MMSG-26655]
Registration.c(114): Resource "https://petstore.octoperf.com/images/logo-topbar.svg" is in the cache already and will not be downloaded again  	[MsgId: MMSG-26655]
Registration.c(114): Resource "https://petstore.octoperf.com/images/cart.gif" is in the cache already and will not be downloaded again  	[MsgId: MMSG-26655]
Registration.c(114): Resource "https://petstore.octoperf.com/images/separator.gif" is in the cache already and will not be downloaded again  	[MsgId: MMSG-26655]
Registration.c(114): Resource "https://petstore.octoperf.com/images/sm_fish.gif" is in the cache already and will not be downloaded again  	[MsgId: MMSG-26655]
Registration.c(114): Resource "https://petstore.octoperf.com/images/sm_dogs.gif" is in the cache already and will not be downloaded again  	[MsgId: MMSG-26655]
Registration.c(114): Resource "https://petstore.octoperf.com/images/sm_reptiles.gif" is in the cache already and will not be downloaded again  	[MsgId: MMSG-26655]
Registration.c(114): Resource "https://petstore.octoperf.com/images/sm_cats.gif" is in the cache already and will not be downloaded again  	[MsgId: MMSG-26655]
Registration.c(114): Resource "https://petstore.octoperf.com/images/sm_birds.gif" is in the cache already and will not be downloaded again  	[MsgId: MMSG-26655]
Registration.c(114): Resource "https://petstore.octoperf.com/images/fish_icon.gif" is in the cache already and will not be downloaded again  	[MsgId: MMSG-26655]
Registration.c(114): Resource "https://petstore.octoperf.com/images/dogs_icon.gif" is in the cache already and will not be downloaded again  	[MsgId: MMSG-26655]
Registration.c(114): Resource "https://petstore.octoperf.com/images/cats_icon.gif" is in the cache already and will not be downloaded again  	[MsgId: MMSG-26655]
Registration.c(114): Resource "https://petstore.octoperf.com/images/reptiles_icon.gif" is in the cache already and will not be downloaded again  	[MsgId: MMSG-26655]
Registration.c(114): Resource "https://petstore.octoperf.com/images/birds_icon.gif" is in the cache already and will not be downloaded again  	[MsgId: MMSG-26655]
Registration.c(114): Resource "https://petstore.octoperf.com/images/splash.gif" is in the cache already and will not be downloaded again  	[MsgId: MMSG-26655]
Registration.c(114): Registered web_reg_find successful for "Text=Sign In" (count=1)  	[MsgId: MMSG-26364]
Registration.c(114): web_url("Account.action_2") was successful, 4736 body bytes, 518 header bytes  	[MsgId: MMSG-26386]
Registration.c(123): Notify: Transaction "PetStore_SignOut_T03" ended with a "Pass" status (Duration: 0.2486 Wasted Time: 0.0000).	[MsgId: MMSG-16871]
Login.c(4): Notify: Transaction "PetStore_ClickOnSignIn_T01" started.	[MsgId: MMSG-16999]
Login.c(6): web_reg_find started  	[MsgId: MMSG-26355]
Login.c(6): Registering web_reg_find was successful  	[MsgId: MMSG-26390]
Login.c(9): web_link("Sign In") started  	[MsgId: MMSG-26355]
Login.c(9): Linking to "https://petstore.octoperf.com/actions/Account.action?signonForm=", Target Frame=""  	[MsgId: MMSG-27994]
CheckOutThProduct.c(19): Notify: Transaction "PetStore_ClickOnProccedToCheckOut_T02" started.	[MsgId: MMSG-16999]
CheckOutThProduct.c(20): web_reg_find started  	[MsgId: MMSG-26355]
CheckOutThProduct.c(20): Registering web_reg_find was successful  	[MsgId: MMSG-26390]
CheckOutThProduct.c(23): web_link("Proceed to Checkout") started  	[MsgId: MMSG-26355]
CheckOutThProduct.c(23): Linking to "https://petstore.octoperf.com/actions/Order.action?newOrderForm=", Target Frame=""  	[MsgId: MMSG-27994]
AddToCard.c(79): Registered web_reg_find successful for "Text=EST-6" (count=2)  	[MsgId: MMSG-26364]
AddToCard.c(79): web_link("{RanditemId}") was successful, 16069 body bytes, 511 header bytes  	[MsgId: MMSG-26386]
AddToCard.c(84): Notify: Transaction "PetStore_SelectItemId_T03" ended with a "Pass" status (Duration: 0.3758 Wasted Time: 0.0000).	[MsgId: MMSG-16871]
AddToCard.c(86): lr_think_time: 4.04 seconds (recorded think time was 5.00 seconds).	[MsgId: MMSG-15947]
CheckOutThProduct.c(62): Resource "https://petstore.octoperf.com/css/jpetstore.css" is in the cache already and will not be downloaded again  	[MsgId: MMSG-26655]
CheckOutThProduct.c(62): Resource "https://petstore.octoperf.com/images/logo-topbar.svg" is in the cache already and will not be downloaded again  	[MsgId: MMSG-26655]
CheckOutThProduct.c(62): Resource "https://petstore.octoperf.com/images/cart.gif" is in the cache already and will not be downloaded again  	[MsgId: MMSG-26655]
CheckOutThProduct.c(62): Resource "https://petstore.octoperf.com/images/separator.gif" is in the cache already and will not be downloaded again  	[MsgId: MMSG-26655]
CheckOutThProduct.c(62): Resource "https://petstore.octoperf.com/images/sm_fish.gif" is in the cache already and will not be downloaded again  	[MsgId: MMSG-26655]
CheckOutThProduct.c(62): Resource "https://petstore.octoperf.com/images/sm_dogs.gif" is in the cache already and will not be downloaded again  	[MsgId: MMSG-26655]
CheckOutThProduct.c(62): Resource "https://petstore.octoperf.com/images/sm_reptiles.gif" is in the cache already and will not be downloaded again  	[MsgId: MMSG-26655]
CheckOutThProduct.c(62): Resource "https://petstore.octoperf.com/images/sm_cats.gif" is in the cache already and will not be downloaded again  	[MsgId: MMSG-26655]
CheckOutThProduct.c(62): Resource "https://petstore.octoperf.com/images/sm_birds.gif" is in the cache already and will not be downloaded again  	[MsgId: MMSG-26655]
CheckOutThProduct.c(62): Resource "https://petstore.octoperf.com/images/banner_fish.gif" is in the cache already and will not be downloaded again  	[MsgId: MMSG-26655]
CheckOutThProduct.c(62): Registered web_reg_find successful for "Text=Thank you, your order has been submitted" (count=1)  	[MsgId: MMSG-26364]
CheckOutThProduct.c(62): web_link("Confirm") was successful, 5235 body bytes, 225 header bytes  	[MsgId: MMSG-26386]
CheckOutThProduct.c(66): Notify: Transaction "PetStore_ClickOnConform_T04" ended with a "Pass" status (Duration: 0.1255 Wasted Time: 0.0000).	[MsgId: MMSG-16871]
Ending action CheckOutThProduct.	[MsgId: MMSG-15918]
Ending iteration 1.	[MsgId: MMSG-15965]
Waiting 5.5670 seconds for iteration pacing.	[MsgId: MMSG-15996]
Login.c(9): Resource "https://petstore.octoperf.com/css/jpetstore.css" is in the cache already and will not be downloaded again  	[MsgId: MMSG-26655]
Login.c(9): Resource "https://petstore.octoperf.com/images/logo-topbar.svg" is in the cache already and will not be downloaded again  	[MsgId: MMSG-26655]
Login.c(9): Resource "https://petstore.octoperf.com/images/cart.gif" is in the cache already and will not be downloaded again  	[MsgId: MMSG-26655]
Login.c(9): Resource "https://petstore.octoperf.com/images/separator.gif" is in the cache already and will not be downloaded again  	[MsgId: MMSG-26655]
Login.c(9): Resource "https://petstore.octoperf.com/images/sm_fish.gif" is in the cache already and will not be downloaded again  	[MsgId: MMSG-26655]
Login.c(9): Resource "https://petstore.octoperf.com/images/sm_dogs.gif" is in the cache already and will not be downloaded again  	[MsgId: MMSG-26655]
Login.c(9): Resource "https://petstore.octoperf.com/images/sm_reptiles.gif" is in the cache already and will not be downloaded again  	[MsgId: MMSG-26655]
Login.c(9): Resource "https://petstore.octoperf.com/images/sm_cats.gif" is in the cache already and will not be downloaded again  	[MsgId: MMSG-26655]
Login.c(9): Resource "https://petstore.octoperf.com/images/sm_birds.gif" is in the cache already and will not be downloaded again  	[MsgId: MMSG-26655]
Login.c(9): Registered web_reg_find successful for "Text=Please enter your username and password" (count=1)  	[MsgId: MMSG-26364]
Login.c(9): web_link("Sign In") was successful, 3858 body bytes, 225 header bytes  	[MsgId: MMSG-26386]
Login.c(13): Notify: Transaction "PetStore_ClickOnSignIn_T01" ended with a "Pass" status (Duration: 0.1242 Wasted Time: 0.0000).	[MsgId: MMSG-16871]
Login.c(15): lr_think_time: 3.52 seconds (recorded think time was 5.00 seconds).	[MsgId: MMSG-15947]
CheckOutThProduct.c(23): Resource "https://petstore.octoperf.com/css/jpetstore.css" is in the cache already and will not be downloaded again  	[MsgId: MMSG-26655]
CheckOutThProduct.c(23): Resource "https://petstore.octoperf.com/images/logo-topbar.svg" is in the cache already and will not be downloaded again  	[MsgId: MMSG-26655]
CheckOutThProduct.c(23): Resource "https://petstore.octoperf.com/images/cart.gif" is in the cache already and will not be downloaded again  	[MsgId: MMSG-26655]
CheckOutThProduct.c(23): Resource "https://petstore.octoperf.com/images/separator.gif" is in the cache already and will not be downloaded again  	[MsgId: MMSG-26655]
CheckOutThProduct.c(23): Resource "https://petstore.octoperf.com/images/sm_fish.gif" is in the cache already and will not be downloaded again  	[MsgId: MMSG-26655]
CheckOutThProduct.c(23): Resource "https://petstore.octoperf.com/images/sm_dogs.gif" is in the cache already and will not be downloaded again  	[MsgId: MMSG-26655]
CheckOutThProduct.c(23): Resource "https://petstore.octoperf.com/images/sm_reptiles.gif" is in the cache already and will not be downloaded again  	[MsgId: MMSG-26655]
CheckOutThProduct.c(23): Resource "https://petstore.octoperf.com/images/sm_cats.gif" is in the cache already and will not be downloaded again  	[MsgId: MMSG-26655]
CheckOutThProduct.c(23): Resource "https://petstore.octoperf.com/images/sm_birds.gif" is in the cache already and will not be downloaded again  	[MsgId: MMSG-26655]
CheckOutThProduct.c(23): Resource "https://petstore.octoperf.com/images/banner_fish.gif" is in the cache already and will not be downloaded again  	[MsgId: MMSG-26655]
CheckOutThProduct.c(23): Registered web_reg_find successful for "Text=Payment Details" (count=1)  	[MsgId: MMSG-26364]
CheckOutThProduct.c(23): web_link("Proceed to Checkout") was successful, 5376 body bytes, 225 header bytes  	[MsgId: MMSG-26386]
CheckOutThProduct.c(27): Notify: Transaction "PetStore_ClickOnProccedToCheckOut_T02" ended with a "Pass" status (Duration: 0.1246 Wasted Time: 0.0000).	[MsgId: MMSG-16871]
CheckOutThProduct.c(29): lr_think_time: 3.20 seconds (recorded think time was 5.00 seconds).	[MsgId: MMSG-15947]
Login.c(17): Notify: Transaction "PetStore_Login_T01" started.	[MsgId: MMSG-16999]
Login.c(18): web_reg_find started  	[MsgId: MMSG-26355]
Login.c(18): Registering web_reg_find was successful  	[MsgId: MMSG-26390]
Login.c(20): web_reg_save_param_regexp started  	[MsgId: MMSG-26355]
Login.c(20): Registering web_reg_save_param_regexp was successful  	[MsgId: MMSG-26390]
Login.c(26): web_submit_form("Account.action") started  	[MsgId: MMSG-26355]
Login.c(26): Notify: Parameter Substitution: parameter "randomUsername" =  "SRDS"	[MsgId: MMSG-13992]
Login.c(26): Notify: Parameter Substitution: parameter "randompass" =  "xnhp"	[MsgId: MMSG-13992]
Login.c(26): Submitting form to "https://petstore.octoperf.com/actions/Account.action", Target Frame=""  	[MsgId: MMSG-27978]
Login.c(26): Redirecting "https://petstore.octoperf.com/actions/Account.action" (redirection depth is 0)  	[MsgId: MMSG-26694]
Login.c(26): To location "https://petstore.octoperf.com/actions/Catalog.action"  	[MsgId: MMSG-26693]
Login.c(26): Resource "https://petstore.octoperf.com/css/jpetstore.css" is in the cache already and will not be downloaded again  	[MsgId: MMSG-26655]
Login.c(26): Resource "https://petstore.octoperf.com/images/logo-topbar.svg" is in the cache already and will not be downloaded again  	[MsgId: MMSG-26655]
Login.c(26): Resource "https://petstore.octoperf.com/images/cart.gif" is in the cache already and will not be downloaded again  	[MsgId: MMSG-26655]
Login.c(26): Resource "https://petstore.octoperf.com/images/separator.gif" is in the cache already and will not be downloaded again  	[MsgId: MMSG-26655]
Login.c(26): Resource "https://petstore.octoperf.com/images/sm_fish.gif" is in the cache already and will not be downloaded again  	[MsgId: MMSG-26655]
Login.c(26): Resource "https://petstore.octoperf.com/images/sm_dogs.gif" is in the cache already and will not be downloaded again  	[MsgId: MMSG-26655]
Login.c(26): Resource "https://petstore.octoperf.com/images/sm_reptiles.gif" is in the cache already and will not be downloaded again  	[MsgId: MMSG-26655]
Login.c(26): Resource "https://petstore.octoperf.com/images/sm_cats.gif" is in the cache already and will not be downloaded again  	[MsgId: MMSG-26655]
Login.c(26): Resource "https://petstore.octoperf.com/images/sm_birds.gif" is in the cache already and will not be downloaded again  	[MsgId: MMSG-26655]
Login.c(26): Resource "https://petstore.octoperf.com/images/fish_icon.gif" is in the cache already and will not be downloaded again  	[MsgId: MMSG-26655]
Login.c(26): Resource "https://petstore.octoperf.com/images/dogs_icon.gif" is in the cache already and will not be downloaded again  	[MsgId: MMSG-26655]
Login.c(26): Resource "https://petstore.octoperf.com/images/cats_icon.gif" is in the cache already and will not be downloaded again  	[MsgId: MMSG-26655]
Login.c(26): Resource "https://petstore.octoperf.com/images/reptiles_icon.gif" is in the cache already and will not be downloaded again  	[MsgId: MMSG-26655]
Login.c(26): Resource "https://petstore.octoperf.com/images/birds_icon.gif" is in the cache already and will not be downloaded again  	[MsgId: MMSG-26655]
Login.c(26): Resource "https://petstore.octoperf.com/images/splash.gif" is in the cache already and will not be downloaded again  	[MsgId: MMSG-26655]
Login.c(26): Found resource "https://petstore.octoperf.com/images/banner_fish.gif" in HTML "https://petstore.octoperf.com/actions/Catalog.action"  	[MsgId: MMSG-26659]
Login.c(26): Notify: Saving Parameter "ProductName_1 = BIRDS".	[MsgId: MMSG-13798]
Login.c(26): Notify: Saving Parameter "ProductName_2 = FISH".	[MsgId: MMSG-13798]
Login.c(26): Notify: Saving Parameter "ProductName_3 = DOGS".	[MsgId: MMSG-13798]
Login.c(26): Notify: Saving Parameter "ProductName_4 = REPTILES".	[MsgId: MMSG-13798]
Login.c(26): Notify: Saving Parameter "ProductName_5 = CATS".	[MsgId: MMSG-13798]
Login.c(26): Notify: Saving Parameter "ProductName_6 = BIRDS".	[MsgId: MMSG-13798]
Login.c(26): Notify: Saving Parameter "ProductName_count = 6".	[MsgId: MMSG-13798]
Login.c(26): Registered web_reg_find successful for "Text=My Account" (count=1)  	[MsgId: MMSG-26364]
Login.c(26): web_submit_form("Account.action") was successful, 11416 body bytes, 727 header bytes  	[MsgId: MMSG-26386]
Login.c(34): Notify: Transaction "PetStore_Login_T01" ended with a "Pass" status (Duration: 0.5005 Wasted Time: 0.0003).	[MsgId: MMSG-16871]
Ending action Login.	[MsgId: MMSG-15918]
Starting action CheckOutThProduct.	[MsgId: MMSG-15919]
AddToCard.c(8): Notify: Transaction "PetStore_AddAproduct_T01" started.	[MsgId: MMSG-16999]
AddToCard.c(11): Notify: Parameter Substitution: parameter "ProductName_count" =  "6"	[MsgId: MMSG-13992]
AddToCard.c(12): Notify: Parameter Substitution: parameter "ProductName_3" =  "DOGS"	[MsgId: MMSG-13992]
AddToCard.c(14): Notify: Saving Parameter "RandCategory = DOGS".	[MsgId: MMSG-13798]
AddToCard.c(15): Notify: Parameter Substitution: parameter "RandCategory" =  "DOGS"	[MsgId: MMSG-13992]
AddToCard.c(15): Random category selected in Action2 = DOGS	[MsgId: MMSG-17999]
AddToCard.c(17): web_reg_find started  	[MsgId: MMSG-26355]
AddToCard.c(17): Notify: Parameter Substitution: parameter "RandCategory" =  "DOGS"	[MsgId: MMSG-13992]
AddToCard.c(17): Registering web_reg_find was successful  	[MsgId: MMSG-26390]
AddToCard.c(20): web_reg_save_param_regexp started  	[MsgId: MMSG-26355]
AddToCard.c(20): Registering web_reg_save_param_regexp was successful  	[MsgId: MMSG-26390]
AddToCard.c(27): web_url("Catalog.action_2") started  	[MsgId: MMSG-26355]
AddToCard.c(27): Notify: Parameter Substitution: parameter "RandCategory" =  "DOGS"	[MsgId: MMSG-13992]
AddToCard.c(27): Resource "https://petstore.octoperf.com/css/jpetstore.css" is in the cache already and will not be downloaded again  	[MsgId: MMSG-26655]
AddToCard.c(27): Resource "https://petstore.octoperf.com/images/logo-topbar.svg" is in the cache already and will not be downloaded again  	[MsgId: MMSG-26655]
AddToCard.c(27): Resource "https://petstore.octoperf.com/images/cart.gif" is in the cache already and will not be downloaded again  	[MsgId: MMSG-26655]
AddToCard.c(27): Resource "https://petstore.octoperf.com/images/separator.gif" is in the cache already and will not be downloaded again  	[MsgId: MMSG-26655]
AddToCard.c(27): Resource "https://petstore.octoperf.com/images/sm_fish.gif" is in the cache already and will not be downloaded again  	[MsgId: MMSG-26655]
AddToCard.c(27): Resource "https://petstore.octoperf.com/images/sm_dogs.gif" is in the cache already and will not be downloaded again  	[MsgId: MMSG-26655]
AddToCard.c(27): Resource "https://petstore.octoperf.com/images/sm_reptiles.gif" is in the cache already and will not be downloaded again  	[MsgId: MMSG-26655]
AddToCard.c(27): Resource "https://petstore.octoperf.com/images/sm_cats.gif" is in the cache already and will not be downloaded again  	[MsgId: MMSG-26655]
AddToCard.c(27): Resource "https://petstore.octoperf.com/images/sm_birds.gif" is in the cache already and will not be downloaded again  	[MsgId: MMSG-26655]
AddToCard.c(27): Resource "https://petstore.octoperf.com/images/banner_fish.gif" is in the cache already and will not be downloaded again  	[MsgId: MMSG-26655]
AddToCard.c(27): Notify: Saving Parameter "productId_1 = K9-BD-01".	[MsgId: MMSG-13798]
AddToCard.c(27): Notify: Saving Parameter "productId_2 = K9-PO-02".	[MsgId: MMSG-13798]
AddToCard.c(27): Notify: Saving Parameter "productId_3 = K9-DL-01".	[MsgId: MMSG-13798]
AddToCard.c(27): Notify: Saving Parameter "productId_4 = K9-RT-01".	[MsgId: MMSG-13798]
AddToCard.c(27): Notify: Saving Parameter "productId_5 = K9-RT-02".	[MsgId: MMSG-13798]
AddToCard.c(27): Notify: Saving Parameter "productId_6 = K9-CW-01".	[MsgId: MMSG-13798]
AddToCard.c(27): Notify: Saving Parameter "productId_count = 6".	[MsgId: MMSG-13798]
AddToCard.c(27): Registered web_reg_find successful for "Text=DOGS" (count=1)  	[MsgId: MMSG-26364]
AddToCard.c(27): web_url("Catalog.action_2") was successful, 4171 body bytes, 225 header bytes  	[MsgId: MMSG-26386]
AddToCard.c(36): Notify: Transaction "PetStore_AddAproduct_T01" ended with a "Pass" status (Duration: 0.1269 Wasted Time: 0.0003).	[MsgId: MMSG-16871]
AddToCard.c(38): lr_think_time: 3.54 seconds (recorded think time was 5.00 seconds).	[MsgId: MMSG-15947]
Starting iteration 3.	[MsgId: MMSG-15968]
Notify: Next row for parameter UserName = 1 [table  = UserName].	[MsgId: MMSG-13876]
Notify: Getting new value for parameter 'UserName': table = 'UserCredentilas1.dat' column = '0' row = '1'.	[MsgId: MMSG-13877]
Notify: Next row for parameter PetStoreEndtoEndFlow_UserName = 1 [table  = PetStoreEndtoEndFlow_UserName].	[MsgId: MMSG-13876]
Notify: Getting new value for parameter 'PetStoreEndtoEndFlow_UserName': table = 'UserCredentilas3.dat' column = '0' row = '1'.	[MsgId: MMSG-13877]
Notify: Next row for parameter PetStoreEndtoEndFlow_pass = 1 [table  = PetStoreEndtoEndFlow_pass].	[MsgId: MMSG-13876]
Notify: Getting new value for parameter 'PetStoreEndtoEndFlow_pass': table = 'UserCredentilas4.dat' column = '0' row = '1'.	[MsgId: MMSG-13877]
Notify: Next row for parameter pass = 1 [table  = pass].	[MsgId: MMSG-13876]
Notify: Getting new value for parameter 'pass': table = 'UserCredentilas2.dat' column = '0' row = '1'.	[MsgId: MMSG-13877]
Starting action Login.	[MsgId: MMSG-15919]
Registration.c(15): Notify: Transaction "PetStore_ClickOnRegistration_T01" started.	[MsgId: MMSG-16999]
Registration.c(17): web_reg_find started  	[MsgId: MMSG-26355]
Registration.c(17): Registering web_reg_find was successful  	[MsgId: MMSG-26390]
Registration.c(20): web_link("Register Now!") started  	[MsgId: MMSG-26355]
Registration.c(20): Error -27985: There is no context for HTML-based functions. A previous function may not have used "Mode=HTML" or downloaded only non-HTML page(s), or the context has been reset (e.g., due to a GUI-based function)  	[MsgId: MERR-27985]
Registration.c(20): Warning -26379: Pending web_reg_save_param/web_reg_find/web_create_html_param/web_create_html_param_ex request(s) are deleted and will be handled as "not found"  	[MsgId: MWAR-26379]
Registration.c(20): Error -26366: "Text=User Information" not found for web_reg_find  	[MsgId: MERR-26366]
Registration.c(20): Error -26374: The above "not found" error(s) may be explained by header and body byte counts being 0 and 0, respectively.  	[MsgId: MERR-26374]
Registration.c(20): web_link("Register Now!") highest severity level was "ERROR", 0 body bytes, 0 header bytes  	[MsgId: MMSG-26388]
Registration.c(20): Notify: Transaction "PetStore_ClickOnRegistration_T01" ended with a "Fail" status (Duration: 0.0009).	[MsgId: MMSG-16873]
Registration.c(20): Notify: Transaction "PetStore_ClickOnRegistration_T01" has 3 error message(s).	[MsgId: MMSG-16818]
Registration.c(20): Notify: The 1st error message associated with transaction "PetStore_ClickOnRegistration_T01" is "Error -27985: There is no context for HTML-based functions. A previous function may not have used "Mode=HTML" or downloaded only non-HTML page(s), or the context has been reset (e.g., due to a GUI-based function)"	[MsgId: MMSG-16819]
Registration.c(20): Notify: The 2nd error message associated with transaction "PetStore_ClickOnRegistration_T01" is "Error -26366: "Text=User Information" not found for web_reg_find"	[MsgId: MMSG-16819]
Registration.c(20): Notify: The 3rd error message associated with transaction "PetStore_ClickOnRegistration_T01" is "Error -26374: The above "not found" error(s) may be explained by header and body byte counts being 0 and 0, respectively."	[MsgId: MMSG-16819]
Ending action Login.	[MsgId: MMSG-15918]
Ending iteration 3.	[MsgId: MMSG-15965]
Waiting 7.3080 seconds for iteration pacing.	[MsgId: MMSG-15996]
Starting iteration 2.	[MsgId: MMSG-15968]
Notify: Next row for parameter UserName = 1 [table  = UserName].	[MsgId: MMSG-13876]
Notify: Getting new value for parameter 'UserName': table = 'UserCredentilas1.dat' column = '0' row = '1'.	[MsgId: MMSG-13877]
Notify: Next row for parameter PetStoreEndtoEndFlow_UserName = 1 [table  = PetStoreEndtoEndFlow_UserName].	[MsgId: MMSG-13876]
Notify: Getting new value for parameter 'PetStoreEndtoEndFlow_UserName': table = 'UserCredentilas3.dat' column = '0' row = '1'.	[MsgId: MMSG-13877]
Notify: Next row for parameter PetStoreEndtoEndFlow_pass = 1 [table  = PetStoreEndtoEndFlow_pass].	[MsgId: MMSG-13876]
Notify: Getting new value for parameter 'PetStoreEndtoEndFlow_pass': table = 'UserCredentilas4.dat' column = '0' row = '1'.	[MsgId: MMSG-13877]
Notify: Next row for parameter pass = 1 [table  = pass].	[MsgId: MMSG-13876]
Notify: Getting new value for parameter 'pass': table = 'UserCredentilas2.dat' column = '0' row = '1'.	[MsgId: MMSG-13877]
Starting action Login.	[MsgId: MMSG-15919]
Registration.c(15): Notify: Transaction "PetStore_ClickOnRegistration_T01" started.	[MsgId: MMSG-16999]
Registration.c(17): web_reg_find started  	[MsgId: MMSG-26355]
Registration.c(17): Registering web_reg_find was successful  	[MsgId: MMSG-26390]
Registration.c(20): web_link("Register Now!") started  	[MsgId: MMSG-26355]
Registration.c(20): Error -27985: There is no context for HTML-based functions. A previous function may not have used "Mode=HTML" or downloaded only non-HTML page(s), or the context has been reset (e.g., due to a GUI-based function)  	[MsgId: MERR-27985]
Registration.c(20): Warning -26379: Pending web_reg_save_param/web_reg_find/web_create_html_param/web_create_html_param_ex request(s) are deleted and will be handled as "not found"  	[MsgId: MWAR-26379]
Registration.c(20): Error -26366: "Text=User Information" not found for web_reg_find  	[MsgId: MERR-26366]
Registration.c(20): Error -26374: The above "not found" error(s) may be explained by header and body byte counts being 0 and 0, respectively.  	[MsgId: MERR-26374]
Registration.c(20): web_link("Register Now!") highest severity level was "ERROR", 0 body bytes, 0 header bytes  	[MsgId: MMSG-26388]
Registration.c(20): Notify: Transaction "PetStore_ClickOnRegistration_T01" ended with a "Fail" status (Duration: 0.0012).	[MsgId: MMSG-16873]
Registration.c(20): Notify: Transaction "PetStore_ClickOnRegistration_T01" has 3 error message(s).	[MsgId: MMSG-16818]
Registration.c(20): Notify: The 1st error message associated with transaction "PetStore_ClickOnRegistration_T01" is "Error -27985: There is no context for HTML-based functions. A previous function may not have used "Mode=HTML" or downloaded only non-HTML page(s), or the context has been reset (e.g., due to a GUI-based function)"	[MsgId: MMSG-16819]
Registration.c(20): Notify: The 2nd error message associated with transaction "PetStore_ClickOnRegistration_T01" is "Error -26366: "Text=User Information" not found for web_reg_find"	[MsgId: MMSG-16819]
Registration.c(20): Notify: The 3rd error message associated with transaction "PetStore_ClickOnRegistration_T01" is "Error -26374: The above "not found" error(s) may be explained by header and body byte counts being 0 and 0, respectively."	[MsgId: MMSG-16819]
Ending action Login.	[MsgId: MMSG-15918]
Ending iteration 2.	[MsgId: MMSG-15965]
Waiting 8.8090 seconds for iteration pacing.	[MsgId: MMSG-15996]
AddToCard.c(67): Notify: Transaction "PetStore_SelectItemId_T03" started.	[MsgId: MMSG-16999]
AddToCard.c(71): Notify: Parameter Substitution: parameter "itemId_count" =  "2"	[MsgId: MMSG-13992]
AddToCard.c(72): Notify: Parameter Substitution: parameter "itemId_2" =  "EST-10"	[MsgId: MMSG-13992]
AddToCard.c(74): Notify: Saving Parameter "RanditemId = EST-10".	[MsgId: MMSG-13798]
AddToCard.c(75): Notify: Parameter Substitution: parameter "RanditemId" =  "EST-10"	[MsgId: MMSG-13992]
AddToCard.c(75): Random category selected in Action2 = EST-10	[MsgId: MMSG-17999]
AddToCard.c(77): web_reg_find started  	[MsgId: MMSG-26355]
AddToCard.c(77): Notify: Parameter Substitution: parameter "RanditemId" =  "EST-10"	[MsgId: MMSG-13992]
AddToCard.c(77): Registering web_reg_find was successful  	[MsgId: MMSG-26390]
AddToCard.c(79): web_link("{RanditemId}") started  	[MsgId: MMSG-26355]
AddToCard.c(79): Notify: Parameter Substitution: parameter "RanditemId" =  "EST-10"	[MsgId: MMSG-13992]
AddToCard.c(79): Linking to "https://petstore.octoperf.com/actions/Catalog.action?viewItem=&itemId=EST-10", Target Frame=""  	[MsgId: MMSG-27994]
AddToCard.c(79): Resource "https://petstore.octoperf.com/css/jpetstore.css" is in the cache already and will not be downloaded again  	[MsgId: MMSG-26655]
AddToCard.c(79): Resource "https://petstore.octoperf.com/images/logo-topbar.svg" is in the cache already and will not be downloaded again  	[MsgId: MMSG-26655]
AddToCard.c(79): Resource "https://petstore.octoperf.com/images/cart.gif" is in the cache already and will not be downloaded again  	[MsgId: MMSG-26655]
AddToCard.c(79): Resource "https://petstore.octoperf.com/images/separator.gif" is in the cache already and will not be downloaded again  	[MsgId: MMSG-26655]
AddToCard.c(79): Resource "https://petstore.octoperf.com/images/sm_fish.gif" is in the cache already and will not be downloaded again  	[MsgId: MMSG-26655]
AddToCard.c(79): Resource "https://petstore.octoperf.com/images/sm_dogs.gif" is in the cache already and will not be downloaded again  	[MsgId: MMSG-26655]
AddToCard.c(79): Resource "https://petstore.octoperf.com/images/sm_reptiles.gif" is in the cache already and will not be downloaded again  	[MsgId: MMSG-26655]
AddToCard.c(79): Resource "https://petstore.octoperf.com/images/sm_cats.gif" is in the cache already and will not be downloaded again  	[MsgId: MMSG-26655]
AddToCard.c(79): Resource "https://petstore.octoperf.com/images/sm_birds.gif" is in the cache already and will not be downloaded again  	[MsgId: MMSG-26655]
AddToCard.c(79): Found resource "https://petstore.octoperf.com/images/dog5.gif" in HTML "https://petstore.octoperf.com/actions/Catalog.action?viewItem=&itemId=EST-10"  	[MsgId: MMSG-26659]
AddToCard.c(79): Resource "https://petstore.octoperf.com/images/banner_fish.gif" is in the cache already and will not be downloaded again  	[MsgId: MMSG-26655]
CheckOutThProduct.c(31): Notify: Transaction "PetStore_ClickOnContinue_T03" started.	[MsgId: MMSG-16999]
CheckOutThProduct.c(33): web_reg_find started  	[MsgId: MMSG-26355]
CheckOutThProduct.c(33): Registering web_reg_find was successful  	[MsgId: MMSG-26390]
CheckOutThProduct.c(36): web_submit_form("Order.action") started  	[MsgId: MMSG-26355]
CheckOutThProduct.c(36): Submitting form to "https://petstore.octoperf.com/actions/Order.action", Target Frame=""  	[MsgId: MMSG-27978]
AddToCard.c(79): Registered web_reg_find successful for "Text=EST-10" (count=2)  	[MsgId: MMSG-26364]
AddToCard.c(79): web_link("{RanditemId}") was successful, 16486 body bytes, 511 header bytes  	[MsgId: MMSG-26386]
AddToCard.c(84): Notify: Transaction "PetStore_SelectItemId_T03" ended with a "Pass" status (Duration: 0.3721 Wasted Time: 0.0000).	[MsgId: MMSG-16871]
AddToCard.c(86): lr_think_time: 3.50 seconds (recorded think time was 5.00 seconds).	[MsgId: MMSG-15947]
CheckOutThProduct.c(36): Resource "https://petstore.octoperf.com/css/jpetstore.css" is in the cache already and will not be downloaded again  	[MsgId: MMSG-26655]
CheckOutThProduct.c(36): Resource "https://petstore.octoperf.com/images/logo-topbar.svg" is in the cache already and will not be downloaded again  	[MsgId: MMSG-26655]
CheckOutThProduct.c(36): Resource "https://petstore.octoperf.com/images/cart.gif" is in the cache already and will not be downloaded again  	[MsgId: MMSG-26655]
CheckOutThProduct.c(36): Resource "https://petstore.octoperf.com/images/separator.gif" is in the cache already and will not be downloaded again  	[MsgId: MMSG-26655]
CheckOutThProduct.c(36): Resource "https://petstore.octoperf.com/images/sm_fish.gif" is in the cache already and will not be downloaded again  	[MsgId: MMSG-26655]
CheckOutThProduct.c(36): Resource "https://petstore.octoperf.com/images/sm_dogs.gif" is in the cache already and will not be downloaded again  	[MsgId: MMSG-26655]
CheckOutThProduct.c(36): Resource "https://petstore.octoperf.com/images/sm_reptiles.gif" is in the cache already and will not be downloaded again  	[MsgId: MMSG-26655]
CheckOutThProduct.c(36): Resource "https://petstore.octoperf.com/images/sm_cats.gif" is in the cache already and will not be downloaded again  	[MsgId: MMSG-26655]
CheckOutThProduct.c(36): Resource "https://petstore.octoperf.com/images/sm_birds.gif" is in the cache already and will not be downloaded again  	[MsgId: MMSG-26655]
CheckOutThProduct.c(36): Resource "https://petstore.octoperf.com/images/banner_fish.gif" is in the cache already and will not be downloaded again  	[MsgId: MMSG-26655]
CheckOutThProduct.c(36): Registered web_reg_find successful for "Text=Confirm" (count=1)  	[MsgId: MMSG-26364]
CheckOutThProduct.c(36): web_submit_form("Order.action") was successful, 4526 body bytes, 225 header bytes  	[MsgId: MMSG-26386]
CheckOutThProduct.c(54): Notify: Transaction "PetStore_ClickOnContinue_T03" ended with a "Pass" status (Duration: 0.2502 Wasted Time: 0.0000).	[MsgId: MMSG-16871]
CheckOutThProduct.c(56): lr_think_time: 4.27 seconds (recorded think time was 5.00 seconds).	[MsgId: MMSG-15947]
Login.c(17): Notify: Transaction "PetStore_Login_T01" started.	[MsgId: MMSG-16999]
Login.c(18): web_reg_find started  	[MsgId: MMSG-26355]
Login.c(18): Registering web_reg_find was successful  	[MsgId: MMSG-26390]
Login.c(20): web_reg_save_param_regexp started  	[MsgId: MMSG-26355]
Login.c(20): Registering web_reg_save_param_regexp was successful  	[MsgId: MMSG-26390]
Login.c(26): web_submit_form("Account.action") started  	[MsgId: MMSG-26355]
Login.c(26): Notify: Parameter Substitution: parameter "randomUsername" =  "LMKG"	[MsgId: MMSG-13992]
Login.c(26): Notify: Parameter Substitution: parameter "randompass" =  "osnk"	[MsgId: MMSG-13992]
Login.c(26): Submitting form to "https://petstore.octoperf.com/actions/Account.action", Target Frame=""  	[MsgId: MMSG-27978]
Login.c(26): Redirecting "https://petstore.octoperf.com/actions/Account.action" (redirection depth is 0)  	[MsgId: MMSG-26694]
Login.c(26): To location "https://petstore.octoperf.com/actions/Catalog.action"  	[MsgId: MMSG-26693]
Login.c(26): Resource "https://petstore.octoperf.com/css/jpetstore.css" is in the cache already and will not be downloaded again  	[MsgId: MMSG-26655]
Login.c(26): Resource "https://petstore.octoperf.com/images/logo-topbar.svg" is in the cache already and will not be downloaded again  	[MsgId: MMSG-26655]
Login.c(26): Resource "https://petstore.octoperf.com/images/cart.gif" is in the cache already and will not be downloaded again  	[MsgId: MMSG-26655]
Login.c(26): Resource "https://petstore.octoperf.com/images/separator.gif" is in the cache already and will not be downloaded again  	[MsgId: MMSG-26655]
Login.c(26): Resource "https://petstore.octoperf.com/images/sm_fish.gif" is in the cache already and will not be downloaded again  	[MsgId: MMSG-26655]
Login.c(26): Resource "https://petstore.octoperf.com/images/sm_dogs.gif" is in the cache already and will not be downloaded again  	[MsgId: MMSG-26655]
Login.c(26): Resource "https://petstore.octoperf.com/images/sm_reptiles.gif" is in the cache already and will not be downloaded again  	[MsgId: MMSG-26655]
Login.c(26): Resource "https://petstore.octoperf.com/images/sm_cats.gif" is in the cache already and will not be downloaded again  	[MsgId: MMSG-26655]
Login.c(26): Resource "https://petstore.octoperf.com/images/sm_birds.gif" is in the cache already and will not be downloaded again  	[MsgId: MMSG-26655]
Login.c(26): Resource "https://petstore.octoperf.com/images/fish_icon.gif" is in the cache already and will not be downloaded again  	[MsgId: MMSG-26655]
Login.c(26): Resource "https://petstore.octoperf.com/images/dogs_icon.gif" is in the cache already and will not be downloaded again  	[MsgId: MMSG-26655]
Login.c(26): Resource "https://petstore.octoperf.com/images/cats_icon.gif" is in the cache already and will not be downloaded again  	[MsgId: MMSG-26655]
Login.c(26): Resource "https://petstore.octoperf.com/images/reptiles_icon.gif" is in the cache already and will not be downloaded again  	[MsgId: MMSG-26655]
Login.c(26): Resource "https://petstore.octoperf.com/images/birds_icon.gif" is in the cache already and will not be downloaded again  	[MsgId: MMSG-26655]
Login.c(26): Resource "https://petstore.octoperf.com/images/splash.gif" is in the cache already and will not be downloaded again  	[MsgId: MMSG-26655]
Login.c(26): Found resource "https://petstore.octoperf.com/images/banner_fish.gif" in HTML "https://petstore.octoperf.com/actions/Catalog.action"  	[MsgId: MMSG-26659]
Login.c(26): Notify: Saving Parameter "ProductName_1 = BIRDS".	[MsgId: MMSG-13798]
Login.c(26): Notify: Saving Parameter "ProductName_2 = FISH".	[MsgId: MMSG-13798]
Login.c(26): Notify: Saving Parameter "ProductName_3 = DOGS".	[MsgId: MMSG-13798]
Login.c(26): Notify: Saving Parameter "ProductName_4 = REPTILES".	[MsgId: MMSG-13798]
Login.c(26): Notify: Saving Parameter "ProductName_5 = CATS".	[MsgId: MMSG-13798]
Login.c(26): Notify: Saving Parameter "ProductName_6 = BIRDS".	[MsgId: MMSG-13798]
AddToCard.c(88): Notify: Transaction "PetStore_AddToCard_T04" started.	[MsgId: MMSG-16999]
AddToCard.c(90): web_reg_find started  	[MsgId: MMSG-26355]
AddToCard.c(90): Registering web_reg_find was successful  	[MsgId: MMSG-26390]
AddToCard.c(94): web_link("Add to Cart") started  	[MsgId: MMSG-26355]
AddToCard.c(94): Linking to "https://petstore.octoperf.com/actions/Cart.action?addItemToCart=&workingItemId=EST-6", Target Frame=""  	[MsgId: MMSG-27994]
Login.c(26): Notify: Saving Parameter "ProductName_count = 6".	[MsgId: MMSG-13798]
Login.c(26): Registered web_reg_find successful for "Text=My Account" (count=1)  	[MsgId: MMSG-26364]
Login.c(26): web_submit_form("Account.action") was successful, 11416 body bytes, 727 header bytes  	[MsgId: MMSG-26386]
Login.c(34): Notify: Transaction "PetStore_Login_T01" ended with a "Pass" status (Duration: 0.4976 Wasted Time: 0.0003).	[MsgId: MMSG-16871]
Ending action Login.	[MsgId: MMSG-15918]
Starting action CheckOutThProduct.	[MsgId: MMSG-15919]
AddToCard.c(8): Notify: Transaction "PetStore_AddAproduct_T01" started.	[MsgId: MMSG-16999]
AddToCard.c(11): Notify: Parameter Substitution: parameter "ProductName_count" =  "6"	[MsgId: MMSG-13992]
AddToCard.c(12): Notify: Parameter Substitution: parameter "ProductName_4" =  "REPTILES"	[MsgId: MMSG-13992]
AddToCard.c(14): Notify: Saving Parameter "RandCategory = REPTILES".	[MsgId: MMSG-13798]
AddToCard.c(15): Notify: Parameter Substitution: parameter "RandCategory" =  "REPTILES"	[MsgId: MMSG-13992]
AddToCard.c(15): Random category selected in Action2 = REPTILES	[MsgId: MMSG-17999]
AddToCard.c(17): web_reg_find started  	[MsgId: MMSG-26355]
AddToCard.c(17): Notify: Parameter Substitution: parameter "RandCategory" =  "REPTILES"	[MsgId: MMSG-13992]
AddToCard.c(17): Registering web_reg_find was successful  	[MsgId: MMSG-26390]
AddToCard.c(20): web_reg_save_param_regexp started  	[MsgId: MMSG-26355]
AddToCard.c(20): Registering web_reg_save_param_regexp was successful  	[MsgId: MMSG-26390]
AddToCard.c(27): web_url("Catalog.action_2") started  	[MsgId: MMSG-26355]
AddToCard.c(27): Notify: Parameter Substitution: parameter "RandCategory" =  "REPTILES"	[MsgId: MMSG-13992]
AddToCard.c(94): Resource "https://petstore.octoperf.com/css/jpetstore.css" is in the cache already and will not be downloaded again  	[MsgId: MMSG-26655]
AddToCard.c(94): Resource "https://petstore.octoperf.com/images/logo-topbar.svg" is in the cache already and will not be downloaded again  	[MsgId: MMSG-26655]
AddToCard.c(94): Resource "https://petstore.octoperf.com/images/cart.gif" is in the cache already and will not be downloaded again  	[MsgId: MMSG-26655]
AddToCard.c(94): Resource "https://petstore.octoperf.com/images/separator.gif" is in the cache already and will not be downloaded again  	[MsgId: MMSG-26655]
AddToCard.c(94): Resource "https://petstore.octoperf.com/images/sm_fish.gif" is in the cache already and will not be downloaded again  	[MsgId: MMSG-26655]
AddToCard.c(94): Resource "https://petstore.octoperf.com/images/sm_dogs.gif" is in the cache already and will not be downloaded again  	[MsgId: MMSG-26655]
AddToCard.c(94): Resource "https://petstore.octoperf.com/images/sm_reptiles.gif" is in the cache already and will not be downloaded again  	[MsgId: MMSG-26655]
AddToCard.c(94): Resource "https://petstore.octoperf.com/images/sm_cats.gif" is in the cache already and will not be downloaded again  	[MsgId: MMSG-26655]
AddToCard.c(94): Resource "https://petstore.octoperf.com/images/sm_birds.gif" is in the cache already and will not be downloaded again  	[MsgId: MMSG-26655]
AddToCard.c(94): Resource "https://petstore.octoperf.com/images/banner_fish.gif" is in the cache already and will not be downloaded again  	[MsgId: MMSG-26655]
AddToCard.c(94): Registered web_reg_find successful for "Text=Shopping Cart" (count=1)  	[MsgId: MMSG-26364]
AddToCard.c(94): web_link("Add to Cart") was successful, 4630 body bytes, 225 header bytes  	[MsgId: MMSG-26386]
AddToCard.c(99): Notify: Transaction "PetStore_AddToCard_T04" ended with a "Pass" status (Duration: 0.1282 Wasted Time: 0.0000).	[MsgId: MMSG-16871]
CheckOutThProduct.c(4): Notify: Transaction "PetStore_ClickOnViewCart_T01" started.	[MsgId: MMSG-16999]
CheckOutThProduct.c(5): web_reg_find started  	[MsgId: MMSG-26355]
CheckOutThProduct.c(5): Registering web_reg_find was successful  	[MsgId: MMSG-26390]
CheckOutThProduct.c(7): web_url("Cart.action_4") started  	[MsgId: MMSG-26355]
CheckOutThProduct.c(58): Notify: Transaction "PetStore_ClickOnConform_T04" started.	[MsgId: MMSG-16999]
CheckOutThProduct.c(59): web_reg_find started  	[MsgId: MMSG-26355]
CheckOutThProduct.c(59): Registering web_reg_find was successful  	[MsgId: MMSG-26390]
CheckOutThProduct.c(62): web_link("Confirm") started  	[MsgId: MMSG-26355]
CheckOutThProduct.c(62): Linking to "https://petstore.octoperf.com/actions/Order.action?newOrder=&confirmed=true", Target Frame=""  	[MsgId: MMSG-27994]
AddToCard.c(27): Resource "https://petstore.octoperf.com/css/jpetstore.css" is in the cache already and will not be downloaded again  	[MsgId: MMSG-26655]
AddToCard.c(27): Resource "https://petstore.octoperf.com/images/logo-topbar.svg" is in the cache already and will not be downloaded again  	[MsgId: MMSG-26655]
AddToCard.c(27): Resource "https://petstore.octoperf.com/images/cart.gif" is in the cache already and will not be downloaded again  	[MsgId: MMSG-26655]
AddToCard.c(27): Resource "https://petstore.octoperf.com/images/separator.gif" is in the cache already and will not be downloaded again  	[MsgId: MMSG-26655]
AddToCard.c(27): Resource "https://petstore.octoperf.com/images/sm_fish.gif" is in the cache already and will not be downloaded again  	[MsgId: MMSG-26655]
AddToCard.c(27): Resource "https://petstore.octoperf.com/images/sm_dogs.gif" is in the cache already and will not be downloaded again  	[MsgId: MMSG-26655]
AddToCard.c(27): Resource "https://petstore.octoperf.com/images/sm_reptiles.gif" is in the cache already and will not be downloaded again  	[MsgId: MMSG-26655]
AddToCard.c(27): Resource "https://petstore.octoperf.com/images/sm_cats.gif" is in the cache already and will not be downloaded again  	[MsgId: MMSG-26655]
AddToCard.c(27): Resource "https://petstore.octoperf.com/images/sm_birds.gif" is in the cache already and will not be downloaded again  	[MsgId: MMSG-26655]
AddToCard.c(27): Resource "https://petstore.octoperf.com/images/banner_fish.gif" is in the cache already and will not be downloaded again  	[MsgId: MMSG-26655]
AddToCard.c(27): Notify: Saving Parameter "productId_1 = RP-SN-01".	[MsgId: MMSG-13798]
AddToCard.c(27): Notify: Saving Parameter "productId_2 = RP-LI-02".	[MsgId: MMSG-13798]
AddToCard.c(27): Notify: Saving Parameter "productId_count = 2".	[MsgId: MMSG-13798]
AddToCard.c(27): Registered web_reg_find successful for "Text=REPTILES" (count=1)  	[MsgId: MMSG-26364]
AddToCard.c(27): web_url("Catalog.action_2") was successful, 3627 body bytes, 225 header bytes  	[MsgId: MMSG-26386]
AddToCard.c(36): Notify: Transaction "PetStore_AddAproduct_T01" ended with a "Pass" status (Duration: 0.1262 Wasted Time: 0.0002).	[MsgId: MMSG-16871]
AddToCard.c(38): lr_think_time: 3.81 seconds (recorded think time was 5.00 seconds).	[MsgId: MMSG-15947]
CheckOutThProduct.c(7): Resource "https://petstore.octoperf.com/css/jpetstore.css" is in the cache already and will not be downloaded again  	[MsgId: MMSG-26655]
CheckOutThProduct.c(7): Resource "https://petstore.octoperf.com/images/logo-topbar.svg" is in the cache already and will not be downloaded again  	[MsgId: MMSG-26655]
CheckOutThProduct.c(7): Resource "https://petstore.octoperf.com/images/cart.gif" is in the cache already and will not be downloaded again  	[MsgId: MMSG-26655]
CheckOutThProduct.c(7): Resource "https://petstore.octoperf.com/images/separator.gif" is in the cache already and will not be downloaded again  	[MsgId: MMSG-26655]
CheckOutThProduct.c(7): Resource "https://petstore.octoperf.com/images/sm_fish.gif" is in the cache already and will not be downloaded again  	[MsgId: MMSG-26655]
CheckOutThProduct.c(7): Resource "https://petstore.octoperf.com/images/sm_dogs.gif" is in the cache already and will not be downloaded again  	[MsgId: MMSG-26655]
CheckOutThProduct.c(7): Resource "https://petstore.octoperf.com/images/sm_reptiles.gif" is in the cache already and will not be downloaded again  	[MsgId: MMSG-26655]
CheckOutThProduct.c(7): Resource "https://petstore.octoperf.com/images/sm_cats.gif" is in the cache already and will not be downloaded again  	[MsgId: MMSG-26655]
CheckOutThProduct.c(7): Resource "https://petstore.octoperf.com/images/sm_birds.gif" is in the cache already and will not be downloaded again  	[MsgId: MMSG-26655]
CheckOutThProduct.c(7): Resource "https://petstore.octoperf.com/images/banner_fish.gif" is in the cache already and will not be downloaded again  	[MsgId: MMSG-26655]
CheckOutThProduct.c(7): Registered web_reg_find successful for "Text=Shopping Cart" (count=1)  	[MsgId: MMSG-26364]
CheckOutThProduct.c(7): web_url("Cart.action_4") was successful, 4630 body bytes, 225 header bytes  	[MsgId: MMSG-26386]
CheckOutThProduct.c(15): Notify: Transaction "PetStore_ClickOnViewCart_T01" ended with a "Pass" status (Duration: 0.1282 Wasted Time: 0.0000).	[MsgId: MMSG-16871]
CheckOutThProduct.c(17): lr_think_time: 3.40 seconds (recorded think time was 5.00 seconds).	[MsgId: MMSG-15947]
AddToCard.c(40): Notify: Transaction "PetStore_SelectProductId_T02" started.	[MsgId: MMSG-16999]
CheckOutThProduct.c(62): Resource "https://petstore.octoperf.com/css/jpetstore.css" is in the cache already and will not be downloaded again  	[MsgId: MMSG-26655]
AddToCard.c(43): Notify: Parameter Substitution: parameter "productId_count" =  "6"	[MsgId: MMSG-13992]
AddToCard.c(44): Notify: Parameter Substitution: parameter "productId_1" =  "K9-BD-01"	[MsgId: MMSG-13992]
CheckOutThProduct.c(62): Resource "https://petstore.octoperf.com/images/logo-topbar.svg" is in the cache already and will not be downloaded again  	[MsgId: MMSG-26655]
AddToCard.c(46): Notify: Saving Parameter "RandproductId = K9-BD-01".	[MsgId: MMSG-13798]
AddToCard.c(47): Notify: Parameter Substitution: parameter "RandproductId" =  "K9-BD-01"	[MsgId: MMSG-13992]
CheckOutThProduct.c(62): Resource "https://petstore.octoperf.com/images/cart.gif" is in the cache already and will not be downloaded again  	[MsgId: MMSG-26655]
AddToCard.c(47): Random category selected in Action2 = K9-BD-01	[MsgId: MMSG-17999]
CheckOutThProduct.c(62): Resource "https://petstore.octoperf.com/images/separator.gif" is in the cache already and will not be downloaded again  	[MsgId: MMSG-26655]
CheckOutThProduct.c(62): Resource "https://petstore.octoperf.com/images/sm_fish.gif" is in the cache already and will not be downloaded again  	[MsgId: MMSG-26655]
CheckOutThProduct.c(62): Resource "https://petstore.octoperf.com/images/sm_dogs.gif" is in the cache already and will not be downloaded again  	[MsgId: MMSG-26655]
CheckOutThProduct.c(62): Resource "https://petstore.octoperf.com/images/sm_reptiles.gif" is in the cache already and will not be downloaded again  	[MsgId: MMSG-26655]
CheckOutThProduct.c(62): Resource "https://petstore.octoperf.com/images/sm_cats.gif" is in the cache already and will not be downloaded again  	[MsgId: MMSG-26655]
CheckOutThProduct.c(62): Resource "https://petstore.octoperf.com/images/sm_birds.gif" is in the cache already and will not be downloaded again  	[MsgId: MMSG-26655]
CheckOutThProduct.c(62): Resource "https://petstore.octoperf.com/images/banner_fish.gif" is in the cache already and will not be downloaded again  	[MsgId: MMSG-26655]
CheckOutThProduct.c(62): Registered web_reg_find successful for "Text=Thank you, your order has been submitted" (count=1)  	[MsgId: MMSG-26364]
CheckOutThProduct.c(62): web_link("Confirm") was successful, 5235 body bytes, 225 header bytes  	[MsgId: MMSG-26386]
CheckOutThProduct.c(66): Notify: Transaction "PetStore_ClickOnConform_T04" ended with a "Pass" status (Duration: 0.1288 Wasted Time: 0.0000).	[MsgId: MMSG-16871]
Ending action CheckOutThProduct.	[MsgId: MMSG-15918]
Ending iteration 1.	[MsgId: MMSG-15965]
Waiting 9.2980 seconds for iteration pacing.	[MsgId: MMSG-15996]
AddToCard.c(49): web_reg_find started  	[MsgId: MMSG-26355]
AddToCard.c(49): Notify: Parameter Substitution: parameter "RandproductId" =  "K9-BD-01"	[MsgId: MMSG-13992]
AddToCard.c(49): Registering web_reg_find was successful  	[MsgId: MMSG-26390]
AddToCard.c(51): web_reg_save_param_regexp started  	[MsgId: MMSG-26355]
AddToCard.c(51): Registering web_reg_save_param_regexp was successful  	[MsgId: MMSG-26390]
AddToCard.c(58): web_link("{RandproductId}") started  	[MsgId: MMSG-26355]
AddToCard.c(58): Notify: Parameter Substitution: parameter "RandproductId" =  "K9-BD-01"	[MsgId: MMSG-13992]
AddToCard.c(58): Linking to "https://petstore.octoperf.com/actions/Catalog.action?viewProduct=&productId=K9-BD-01", Target Frame=""  	[MsgId: MMSG-27994]
AddToCard.c(58): Resource "https://petstore.octoperf.com/css/jpetstore.css" is in the cache already and will not be downloaded again  	[MsgId: MMSG-26655]
AddToCard.c(58): Resource "https://petstore.octoperf.com/images/logo-topbar.svg" is in the cache already and will not be downloaded again  	[MsgId: MMSG-26655]
AddToCard.c(58): Resource "https://petstore.octoperf.com/images/cart.gif" is in the cache already and will not be downloaded again  	[MsgId: MMSG-26655]
AddToCard.c(58): Resource "https://petstore.octoperf.com/images/separator.gif" is in the cache already and will not be downloaded again  	[MsgId: MMSG-26655]
AddToCard.c(58): Resource "https://petstore.octoperf.com/images/sm_fish.gif" is in the cache already and will not be downloaded again  	[MsgId: MMSG-26655]
AddToCard.c(58): Resource "https://petstore.octoperf.com/images/sm_dogs.gif" is in the cache already and will not be downloaded again  	[MsgId: MMSG-26655]
AddToCard.c(58): Resource "https://petstore.octoperf.com/images/sm_reptiles.gif" is in the cache already and will not be downloaded again  	[MsgId: MMSG-26655]
AddToCard.c(58): Resource "https://petstore.octoperf.com/images/sm_cats.gif" is in the cache already and will not be downloaded again  	[MsgId: MMSG-26655]
AddToCard.c(58): Resource "https://petstore.octoperf.com/images/sm_birds.gif" is in the cache already and will not be downloaded again  	[MsgId: MMSG-26655]
AddToCard.c(58): Resource "https://petstore.octoperf.com/images/banner_fish.gif" is in the cache already and will not be downloaded again  	[MsgId: MMSG-26655]
AddToCard.c(58): Notify: Saving Parameter "itemId_1 = EST-6".	[MsgId: MMSG-13798]
AddToCard.c(58): Notify: Saving Parameter "itemId_2 = EST-7".	[MsgId: MMSG-13798]
AddToCard.c(58): Notify: Saving Parameter "itemId_count = 2".	[MsgId: MMSG-13798]
AddToCard.c(58): Registered web_reg_find successful for "Text=K9-BD-01" (count=2)  	[MsgId: MMSG-26364]
AddToCard.c(58): web_link("{RandproductId}") was successful, 4069 body bytes, 225 header bytes  	[MsgId: MMSG-26386]
AddToCard.c(63): Notify: Transaction "PetStore_SelectProductId_T02" ended with a "Pass" status (Duration: 0.1285 Wasted Time: 0.0002).	[MsgId: MMSG-16871]
AddToCard.c(65): lr_think_time: 3.17 seconds (recorded think time was 5.00 seconds).	[MsgId: MMSG-15947]
Starting iteration 2.	[MsgId: MMSG-15968]
Notify: Next row for parameter UserName = 1 [table  = UserName].	[MsgId: MMSG-13876]
Notify: Getting new value for parameter 'UserName': table = 'UserCredentilas1.dat' column = '0' row = '1'.	[MsgId: MMSG-13877]
Notify: Next row for parameter PetStoreEndtoEndFlow_UserName = 1 [table  = PetStoreEndtoEndFlow_UserName].	[MsgId: MMSG-13876]
Notify: Getting new value for parameter 'PetStoreEndtoEndFlow_UserName': table = 'UserCredentilas3.dat' column = '0' row = '1'.	[MsgId: MMSG-13877]
Notify: Next row for parameter PetStoreEndtoEndFlow_pass = 1 [table  = PetStoreEndtoEndFlow_pass].	[MsgId: MMSG-13876]
Notify: Getting new value for parameter 'PetStoreEndtoEndFlow_pass': table = 'UserCredentilas4.dat' column = '0' row = '1'.	[MsgId: MMSG-13877]
Notify: Next row for parameter pass = 1 [table  = pass].	[MsgId: MMSG-13876]
Notify: Getting new value for parameter 'pass': table = 'UserCredentilas2.dat' column = '0' row = '1'.	[MsgId: MMSG-13877]
Starting action Login.	[MsgId: MMSG-15919]
Registration.c(15): Notify: Transaction "PetStore_ClickOnRegistration_T01" started.	[MsgId: MMSG-16999]
Registration.c(17): web_reg_find started  	[MsgId: MMSG-26355]
Registration.c(17): Registering web_reg_find was successful  	[MsgId: MMSG-26390]
Registration.c(20): web_link("Register Now!") started  	[MsgId: MMSG-26355]
Registration.c(20): Error -27985: There is no context for HTML-based functions. A previous function may not have used "Mode=HTML" or downloaded only non-HTML page(s), or the context has been reset (e.g., due to a GUI-based function)  	[MsgId: MERR-27985]
Registration.c(20): Warning -26379: Pending web_reg_save_param/web_reg_find/web_create_html_param/web_create_html_param_ex request(s) are deleted and will be handled as "not found"  	[MsgId: MWAR-26379]
Registration.c(20): Error -26366: "Text=User Information" not found for web_reg_find  	[MsgId: MERR-26366]
Registration.c(20): Error -26374: The above "not found" error(s) may be explained by header and body byte counts being 0 and 0, respectively.  	[MsgId: MERR-26374]
Registration.c(20): web_link("Register Now!") highest severity level was "ERROR", 0 body bytes, 0 header bytes  	[MsgId: MMSG-26388]
Registration.c(20): Notify: Transaction "PetStore_ClickOnRegistration_T01" ended with a "Fail" status (Duration: 0.0011).	[MsgId: MMSG-16873]
Registration.c(20): Notify: Transaction "PetStore_ClickOnRegistration_T01" has 3 error message(s).	[MsgId: MMSG-16818]
Registration.c(20): Notify: The 1st error message associated with transaction "PetStore_ClickOnRegistration_T01" is "Error -27985: There is no context for HTML-based functions. A previous function may not have used "Mode=HTML" or downloaded only non-HTML page(s), or the context has been reset (e.g., due to a GUI-based function)"	[MsgId: MMSG-16819]
Registration.c(20): Notify: The 2nd error message associated with transaction "PetStore_ClickOnRegistration_T01" is "Error -26366: "Text=User Information" not found for web_reg_find"	[MsgId: MMSG-16819]
Registration.c(20): Notify: The 3rd error message associated with transaction "PetStore_ClickOnRegistration_T01" is "Error -26374: The above "not found" error(s) may be explained by header and body byte counts being 0 and 0, respectively."	[MsgId: MMSG-16819]
Ending action Login.	[MsgId: MMSG-15918]
Ending iteration 2.	[MsgId: MMSG-15965]
Waiting 6.5840 seconds for iteration pacing.	[MsgId: MMSG-15996]
AddToCard.c(88): Notify: Transaction "PetStore_AddToCard_T04" started.	[MsgId: MMSG-16999]
AddToCard.c(90): web_reg_find started  	[MsgId: MMSG-26355]
AddToCard.c(90): Registering web_reg_find was successful  	[MsgId: MMSG-26390]
AddToCard.c(94): web_link("Add to Cart") started  	[MsgId: MMSG-26355]
AddToCard.c(94): Linking to "https://petstore.octoperf.com/actions/Cart.action?addItemToCart=&workingItemId=EST-10", Target Frame=""  	[MsgId: MMSG-27994]
AddToCard.c(94): Resource "https://petstore.octoperf.com/css/jpetstore.css" is in the cache already and will not be downloaded again  	[MsgId: MMSG-26655]
AddToCard.c(94): Resource "https://petstore.octoperf.com/images/logo-topbar.svg" is in the cache already and will not be downloaded again  	[MsgId: MMSG-26655]
AddToCard.c(94): Resource "https://petstore.octoperf.com/images/cart.gif" is in the cache already and will not be downloaded again  	[MsgId: MMSG-26655]
AddToCard.c(94): Resource "https://petstore.octoperf.com/images/separator.gif" is in the cache already and will not be downloaded again  	[MsgId: MMSG-26655]
AddToCard.c(94): Resource "https://petstore.octoperf.com/images/sm_fish.gif" is in the cache already and will not be downloaded again  	[MsgId: MMSG-26655]
AddToCard.c(94): Resource "https://petstore.octoperf.com/images/sm_dogs.gif" is in the cache already and will not be downloaded again  	[MsgId: MMSG-26655]
AddToCard.c(94): Resource "https://petstore.octoperf.com/images/sm_reptiles.gif" is in the cache already and will not be downloaded again  	[MsgId: MMSG-26655]
AddToCard.c(94): Resource "https://petstore.octoperf.com/images/sm_cats.gif" is in the cache already and will not be downloaded again  	[MsgId: MMSG-26655]
AddToCard.c(94): Resource "https://petstore.octoperf.com/images/sm_birds.gif" is in the cache already and will not be downloaded again  	[MsgId: MMSG-26655]
AddToCard.c(94): Resource "https://petstore.octoperf.com/images/banner_fish.gif" is in the cache already and will not be downloaded again  	[MsgId: MMSG-26655]
AddToCard.c(94): Registered web_reg_find successful for "Text=Shopping Cart" (count=1)  	[MsgId: MMSG-26364]
AddToCard.c(94): web_link("Add to Cart") was successful, 4646 body bytes, 225 header bytes  	[MsgId: MMSG-26386]
AddToCard.c(99): Notify: Transaction "PetStore_AddToCard_T04" ended with a "Pass" status (Duration: 0.1284 Wasted Time: 0.0000).	[MsgId: MMSG-16871]
CheckOutThProduct.c(4): Notify: Transaction "PetStore_ClickOnViewCart_T01" started.	[MsgId: MMSG-16999]
CheckOutThProduct.c(5): web_reg_find started  	[MsgId: MMSG-26355]
CheckOutThProduct.c(5): Registering web_reg_find was successful  	[MsgId: MMSG-26390]
CheckOutThProduct.c(7): web_url("Cart.action_4") started  	[MsgId: MMSG-26355]
CheckOutThProduct.c(7): Resource "https://petstore.octoperf.com/css/jpetstore.css" is in the cache already and will not be downloaded again  	[MsgId: MMSG-26655]
CheckOutThProduct.c(7): Resource "https://petstore.octoperf.com/images/logo-topbar.svg" is in the cache already and will not be downloaded again  	[MsgId: MMSG-26655]
CheckOutThProduct.c(7): Resource "https://petstore.octoperf.com/images/cart.gif" is in the cache already and will not be downloaded again  	[MsgId: MMSG-26655]
CheckOutThProduct.c(7): Resource "https://petstore.octoperf.com/images/separator.gif" is in the cache already and will not be downloaded again  	[MsgId: MMSG-26655]
CheckOutThProduct.c(7): Resource "https://petstore.octoperf.com/images/sm_fish.gif" is in the cache already and will not be downloaded again  	[MsgId: MMSG-26655]
CheckOutThProduct.c(7): Resource "https://petstore.octoperf.com/images/sm_dogs.gif" is in the cache already and will not be downloaded again  	[MsgId: MMSG-26655]
CheckOutThProduct.c(7): Resource "https://petstore.octoperf.com/images/sm_reptiles.gif" is in the cache already and will not be downloaded again  	[MsgId: MMSG-26655]
CheckOutThProduct.c(7): Resource "https://petstore.octoperf.com/images/sm_cats.gif" is in the cache already and will not be downloaded again  	[MsgId: MMSG-26655]
CheckOutThProduct.c(7): Resource "https://petstore.octoperf.com/images/sm_birds.gif" is in the cache already and will not be downloaded again  	[MsgId: MMSG-26655]
CheckOutThProduct.c(7): Resource "https://petstore.octoperf.com/images/banner_fish.gif" is in the cache already and will not be downloaded again  	[MsgId: MMSG-26655]
CheckOutThProduct.c(7): Registered web_reg_find successful for "Text=Shopping Cart" (count=1)  	[MsgId: MMSG-26364]
CheckOutThProduct.c(7): web_url("Cart.action_4") was successful, 4646 body bytes, 225 header bytes  	[MsgId: MMSG-26386]
CheckOutThProduct.c(15): Notify: Transaction "PetStore_ClickOnViewCart_T01" ended with a "Pass" status (Duration: 0.1263 Wasted Time: 0.0000).	[MsgId: MMSG-16871]
CheckOutThProduct.c(17): lr_think_time: 2.69 seconds (recorded think time was 5.00 seconds).	[MsgId: MMSG-15947]
Starting iteration 4.	[MsgId: MMSG-15968]
Notify: Next row for parameter UserName = 1 [table  = UserName].	[MsgId: MMSG-13876]
Notify: Getting new value for parameter 'UserName': table = 'UserCredentilas1.dat' column = '0' row = '1'.	[MsgId: MMSG-13877]
Notify: Next row for parameter PetStoreEndtoEndFlow_UserName = 1 [table  = PetStoreEndtoEndFlow_UserName].	[MsgId: MMSG-13876]
Notify: Getting new value for parameter 'PetStoreEndtoEndFlow_UserName': table = 'UserCredentilas3.dat' column = '0' row = '1'.	[MsgId: MMSG-13877]
Notify: Next row for parameter PetStoreEndtoEndFlow_pass = 1 [table  = PetStoreEndtoEndFlow_pass].	[MsgId: MMSG-13876]
Notify: Getting new value for parameter 'PetStoreEndtoEndFlow_pass': table = 'UserCredentilas4.dat' column = '0' row = '1'.	[MsgId: MMSG-13877]
Notify: Next row for parameter pass = 1 [table  = pass].	[MsgId: MMSG-13876]
Notify: Getting new value for parameter 'pass': table = 'UserCredentilas2.dat' column = '0' row = '1'.	[MsgId: MMSG-13877]
Starting action Login.	[MsgId: MMSG-15919]
Registration.c(15): Notify: Transaction "PetStore_ClickOnRegistration_T01" started.	[MsgId: MMSG-16999]
Registration.c(17): web_reg_find started  	[MsgId: MMSG-26355]
Registration.c(17): Registering web_reg_find was successful  	[MsgId: MMSG-26390]
Registration.c(20): web_link("Register Now!") started  	[MsgId: MMSG-26355]
Registration.c(20): Error -27985: There is no context for HTML-based functions. A previous function may not have used "Mode=HTML" or downloaded only non-HTML page(s), or the context has been reset (e.g., due to a GUI-based function)  	[MsgId: MERR-27985]
Registration.c(20): Warning -26379: Pending web_reg_save_param/web_reg_find/web_create_html_param/web_create_html_param_ex request(s) are deleted and will be handled as "not found"  	[MsgId: MWAR-26379]
Registration.c(20): Error -26366: "Text=User Information" not found for web_reg_find  	[MsgId: MERR-26366]
Registration.c(20): Error -26374: The above "not found" error(s) may be explained by header and body byte counts being 0 and 0, respectively.  	[MsgId: MERR-26374]
Registration.c(20): web_link("Register Now!") highest severity level was "ERROR", 0 body bytes, 0 header bytes  	[MsgId: MMSG-26388]
Registration.c(20): Notify: Transaction "PetStore_ClickOnRegistration_T01" ended with a "Fail" status (Duration: 0.0009).	[MsgId: MMSG-16873]
Registration.c(20): Notify: Transaction "PetStore_ClickOnRegistration_T01" has 3 error message(s).	[MsgId: MMSG-16818]
Registration.c(20): Notify: The 1st error message associated with transaction "PetStore_ClickOnRegistration_T01" is "Error -27985: There is no context for HTML-based functions. A previous function may not have used "Mode=HTML" or downloaded only non-HTML page(s), or the context has been reset (e.g., due to a GUI-based function)"	[MsgId: MMSG-16819]
Registration.c(20): Notify: The 2nd error message associated with transaction "PetStore_ClickOnRegistration_T01" is "Error -26366: "Text=User Information" not found for web_reg_find"	[MsgId: MMSG-16819]
Registration.c(20): Notify: The 3rd error message associated with transaction "PetStore_ClickOnRegistration_T01" is "Error -26374: The above "not found" error(s) may be explained by header and body byte counts being 0 and 0, respectively."	[MsgId: MMSG-16819]
Ending action Login.	[MsgId: MMSG-15918]
Ending iteration 4.	[MsgId: MMSG-15965]
Waiting 8.1840 seconds for iteration pacing.	[MsgId: MMSG-15996]
AddToCard.c(67): Notify: Transaction "PetStore_SelectItemId_T03" started.	[MsgId: MMSG-16999]
AddToCard.c(71): Notify: Parameter Substitution: parameter "itemId_count" =  "2"	[MsgId: MMSG-13992]
AddToCard.c(72): Notify: Parameter Substitution: parameter "itemId_1" =  "EST-6"	[MsgId: MMSG-13992]
AddToCard.c(74): Notify: Saving Parameter "RanditemId = EST-6".	[MsgId: MMSG-13798]
AddToCard.c(75): Notify: Parameter Substitution: parameter "RanditemId" =  "EST-6"	[MsgId: MMSG-13992]
AddToCard.c(75): Random category selected in Action2 = EST-6	[MsgId: MMSG-17999]
AddToCard.c(77): web_reg_find started  	[MsgId: MMSG-26355]
AddToCard.c(77): Notify: Parameter Substitution: parameter "RanditemId" =  "EST-6"	[MsgId: MMSG-13992]
AddToCard.c(77): Registering web_reg_find was successful  	[MsgId: MMSG-26390]
AddToCard.c(79): web_link("{RanditemId}") started  	[MsgId: MMSG-26355]
AddToCard.c(79): Notify: Parameter Substitution: parameter "RanditemId" =  "EST-6"	[MsgId: MMSG-13992]
AddToCard.c(79): Linking to "https://petstore.octoperf.com/actions/Catalog.action?viewItem=&itemId=EST-6", Target Frame=""  	[MsgId: MMSG-27994]
CheckOutThProduct.c(19): Notify: Transaction "PetStore_ClickOnProccedToCheckOut_T02" started.	[MsgId: MMSG-16999]
CheckOutThProduct.c(20): web_reg_find started  	[MsgId: MMSG-26355]
CheckOutThProduct.c(20): Registering web_reg_find was successful  	[MsgId: MMSG-26390]
CheckOutThProduct.c(23): web_link("Proceed to Checkout") started  	[MsgId: MMSG-26355]
CheckOutThProduct.c(23): Linking to "https://petstore.octoperf.com/actions/Order.action?newOrderForm=", Target Frame=""  	[MsgId: MMSG-27994]
AddToCard.c(79): Resource "https://petstore.octoperf.com/css/jpetstore.css" is in the cache already and will not be downloaded again  	[MsgId: MMSG-26655]
AddToCard.c(79): Resource "https://petstore.octoperf.com/images/logo-topbar.svg" is in the cache already and will not be downloaded again  	[MsgId: MMSG-26655]
AddToCard.c(79): Resource "https://petstore.octoperf.com/images/cart.gif" is in the cache already and will not be downloaded again  	[MsgId: MMSG-26655]
AddToCard.c(79): Resource "https://petstore.octoperf.com/images/separator.gif" is in the cache already and will not be downloaded again  	[MsgId: MMSG-26655]
AddToCard.c(79): Resource "https://petstore.octoperf.com/images/sm_fish.gif" is in the cache already and will not be downloaded again  	[MsgId: MMSG-26655]
AddToCard.c(79): Resource "https://petstore.octoperf.com/images/sm_dogs.gif" is in the cache already and will not be downloaded again  	[MsgId: MMSG-26655]
AddToCard.c(79): Resource "https://petstore.octoperf.com/images/sm_reptiles.gif" is in the cache already and will not be downloaded again  	[MsgId: MMSG-26655]
AddToCard.c(79): Resource "https://petstore.octoperf.com/images/sm_cats.gif" is in the cache already and will not be downloaded again  	[MsgId: MMSG-26655]
AddToCard.c(79): Resource "https://petstore.octoperf.com/images/sm_birds.gif" is in the cache already and will not be downloaded again  	[MsgId: MMSG-26655]
AddToCard.c(79): Found resource "https://petstore.octoperf.com/images/dog2.gif" in HTML "https://petstore.octoperf.com/actions/Catalog.action?viewItem=&itemId=EST-6"  	[MsgId: MMSG-26659]
AddToCard.c(79): Resource "https://petstore.octoperf.com/images/banner_fish.gif" is in the cache already and will not be downloaded again  	[MsgId: MMSG-26655]
CheckOutThProduct.c(23): Resource "https://petstore.octoperf.com/css/jpetstore.css" is in the cache already and will not be downloaded again  	[MsgId: MMSG-26655]
CheckOutThProduct.c(23): Resource "https://petstore.octoperf.com/images/logo-topbar.svg" is in the cache already and will not be downloaded again  	[MsgId: MMSG-26655]
CheckOutThProduct.c(23): Resource "https://petstore.octoperf.com/images/cart.gif" is in the cache already and will not be downloaded again  	[MsgId: MMSG-26655]
CheckOutThProduct.c(23): Resource "https://petstore.octoperf.com/images/separator.gif" is in the cache already and will not be downloaded again  	[MsgId: MMSG-26655]
CheckOutThProduct.c(23): Resource "https://petstore.octoperf.com/images/sm_fish.gif" is in the cache already and will not be downloaded again  	[MsgId: MMSG-26655]
CheckOutThProduct.c(23): Resource "https://petstore.octoperf.com/images/sm_dogs.gif" is in the cache already and will not be downloaded again  	[MsgId: MMSG-26655]
CheckOutThProduct.c(58): Notify: Transaction "PetStore_ClickOnConform_T04" started.	[MsgId: MMSG-16999]
CheckOutThProduct.c(23): Resource "https://petstore.octoperf.com/images/sm_reptiles.gif" is in the cache already and will not be downloaded again  	[MsgId: MMSG-26655]
CheckOutThProduct.c(23): Resource "https://petstore.octoperf.com/images/sm_cats.gif" is in the cache already and will not be downloaded again  	[MsgId: MMSG-26655]
CheckOutThProduct.c(59): web_reg_find started  	[MsgId: MMSG-26355]
CheckOutThProduct.c(23): Resource "https://petstore.octoperf.com/images/sm_birds.gif" is in the cache already and will not be downloaded again  	[MsgId: MMSG-26655]
CheckOutThProduct.c(59): Registering web_reg_find was successful  	[MsgId: MMSG-26390]
CheckOutThProduct.c(62): web_link("Confirm") started  	[MsgId: MMSG-26355]
CheckOutThProduct.c(62): Linking to "https://petstore.octoperf.com/actions/Order.action?newOrder=&confirmed=true", Target Frame=""  	[MsgId: MMSG-27994]
CheckOutThProduct.c(23): Resource "https://petstore.octoperf.com/images/banner_fish.gif" is in the cache already and will not be downloaded again  	[MsgId: MMSG-26655]
CheckOutThProduct.c(23): Registered web_reg_find successful for "Text=Payment Details" (count=1)  	[MsgId: MMSG-26364]
CheckOutThProduct.c(23): web_link("Proceed to Checkout") was successful, 5376 body bytes, 225 header bytes  	[MsgId: MMSG-26386]
CheckOutThProduct.c(27): Notify: Transaction "PetStore_ClickOnProccedToCheckOut_T02" ended with a "Pass" status (Duration: 0.1273 Wasted Time: 0.0000).	[MsgId: MMSG-16871]
CheckOutThProduct.c(29): lr_think_time: 2.62 seconds (recorded think time was 5.00 seconds).	[MsgId: MMSG-15947]
CheckOutThProduct.c(62): Resource "https://petstore.octoperf.com/css/jpetstore.css" is in the cache already and will not be downloaded again  	[MsgId: MMSG-26655]
CheckOutThProduct.c(62): Resource "https://petstore.octoperf.com/images/logo-topbar.svg" is in the cache already and will not be downloaded again  	[MsgId: MMSG-26655]
CheckOutThProduct.c(62): Resource "https://petstore.octoperf.com/images/cart.gif" is in the cache already and will not be downloaded again  	[MsgId: MMSG-26655]
CheckOutThProduct.c(62): Resource "https://petstore.octoperf.com/images/separator.gif" is in the cache already and will not be downloaded again  	[MsgId: MMSG-26655]
CheckOutThProduct.c(62): Resource "https://petstore.octoperf.com/images/sm_fish.gif" is in the cache already and will not be downloaded again  	[MsgId: MMSG-26655]
CheckOutThProduct.c(62): Resource "https://petstore.octoperf.com/images/sm_dogs.gif" is in the cache already and will not be downloaded again  	[MsgId: MMSG-26655]
CheckOutThProduct.c(62): Resource "https://petstore.octoperf.com/images/sm_reptiles.gif" is in the cache already and will not be downloaded again  	[MsgId: MMSG-26655]
CheckOutThProduct.c(62): Resource "https://petstore.octoperf.com/images/sm_cats.gif" is in the cache already and will not be downloaded again  	[MsgId: MMSG-26655]
CheckOutThProduct.c(62): Resource "https://petstore.octoperf.com/images/sm_birds.gif" is in the cache already and will not be downloaded again  	[MsgId: MMSG-26655]
CheckOutThProduct.c(62): Resource "https://petstore.octoperf.com/images/banner_fish.gif" is in the cache already and will not be downloaded again  	[MsgId: MMSG-26655]
CheckOutThProduct.c(62): Registered web_reg_find successful for "Text=Thank you, your order has been submitted" (count=1)  	[MsgId: MMSG-26364]
CheckOutThProduct.c(62): web_link("Confirm") was successful, 5221 body bytes, 225 header bytes  	[MsgId: MMSG-26386]
CheckOutThProduct.c(66): Notify: Transaction "PetStore_ClickOnConform_T04" ended with a "Pass" status (Duration: 0.1284 Wasted Time: 0.0000).	[MsgId: MMSG-16871]
Ending action CheckOutThProduct.	[MsgId: MMSG-15918]
Ending iteration 1.	[MsgId: MMSG-15965]
Waiting 6.9860 seconds for iteration pacing.	[MsgId: MMSG-15996]
AddToCard.c(79): Registered web_reg_find successful for "Text=EST-6" (count=2)  	[MsgId: MMSG-26364]
AddToCard.c(79): web_link("{RanditemId}") was successful, 16069 body bytes, 511 header bytes  	[MsgId: MMSG-26386]
AddToCard.c(84): Notify: Transaction "PetStore_SelectItemId_T03" ended with a "Pass" status (Duration: 0.3753 Wasted Time: 0.0000).	[MsgId: MMSG-16871]
AddToCard.c(86): lr_think_time: 2.88 seconds (recorded think time was 5.00 seconds).	[MsgId: MMSG-15947]
AddToCard.c(40): Notify: Transaction "PetStore_SelectProductId_T02" started.	[MsgId: MMSG-16999]
AddToCard.c(43): Notify: Parameter Substitution: parameter "productId_count" =  "2"	[MsgId: MMSG-13992]
AddToCard.c(44): Notify: Parameter Substitution: parameter "productId_2" =  "RP-LI-02"	[MsgId: MMSG-13992]
AddToCard.c(46): Notify: Saving Parameter "RandproductId = RP-LI-02".	[MsgId: MMSG-13798]
AddToCard.c(47): Notify: Parameter Substitution: parameter "RandproductId" =  "RP-LI-02"	[MsgId: MMSG-13992]
AddToCard.c(47): Random category selected in Action2 = RP-LI-02	[MsgId: MMSG-17999]
AddToCard.c(49): web_reg_find started  	[MsgId: MMSG-26355]
AddToCard.c(49): Notify: Parameter Substitution: parameter "RandproductId" =  "RP-LI-02"	[MsgId: MMSG-13992]
AddToCard.c(49): Registering web_reg_find was successful  	[MsgId: MMSG-26390]
AddToCard.c(51): web_reg_save_param_regexp started  	[MsgId: MMSG-26355]
AddToCard.c(51): Registering web_reg_save_param_regexp was successful  	[MsgId: MMSG-26390]
AddToCard.c(58): web_link("{RandproductId}") started  	[MsgId: MMSG-26355]
AddToCard.c(58): Notify: Parameter Substitution: parameter "RandproductId" =  "RP-LI-02"	[MsgId: MMSG-13992]
AddToCard.c(58): Linking to "https://petstore.octoperf.com/actions/Catalog.action?viewProduct=&productId=RP-LI-02", Target Frame=""  	[MsgId: MMSG-27994]
AddToCard.c(58): Resource "https://petstore.octoperf.com/css/jpetstore.css" is in the cache already and will not be downloaded again  	[MsgId: MMSG-26655]
AddToCard.c(58): Resource "https://petstore.octoperf.com/images/logo-topbar.svg" is in the cache already and will not be downloaded again  	[MsgId: MMSG-26655]
AddToCard.c(58): Resource "https://petstore.octoperf.com/images/cart.gif" is in the cache already and will not be downloaded again  	[MsgId: MMSG-26655]
AddToCard.c(58): Resource "https://petstore.octoperf.com/images/separator.gif" is in the cache already and will not be downloaded again  	[MsgId: MMSG-26655]
AddToCard.c(58): Resource "https://petstore.octoperf.com/images/sm_fish.gif" is in the cache already and will not be downloaded again  	[MsgId: MMSG-26655]
AddToCard.c(58): Resource "https://petstore.octoperf.com/images/sm_dogs.gif" is in the cache already and will not be downloaded again  	[MsgId: MMSG-26655]
AddToCard.c(58): Resource "https://petstore.octoperf.com/images/sm_reptiles.gif" is in the cache already and will not be downloaded again  	[MsgId: MMSG-26655]
AddToCard.c(58): Resource "https://petstore.octoperf.com/images/sm_cats.gif" is in the cache already and will not be downloaded again  	[MsgId: MMSG-26655]
AddToCard.c(58): Resource "https://petstore.octoperf.com/images/sm_birds.gif" is in the cache already and will not be downloaded again  	[MsgId: MMSG-26655]
AddToCard.c(58): Resource "https://petstore.octoperf.com/images/banner_fish.gif" is in the cache already and will not be downloaded again  	[MsgId: MMSG-26655]
AddToCard.c(58): Notify: Saving Parameter "itemId_1 = EST-13".	[MsgId: MMSG-13798]
AddToCard.c(58): Notify: Saving Parameter "itemId_count = 1".	[MsgId: MMSG-13798]
AddToCard.c(58): Registered web_reg_find successful for "Text=RP-LI-02" (count=1)  	[MsgId: MMSG-26364]
AddToCard.c(58): web_link("{RandproductId}") was successful, 3787 body bytes, 225 header bytes  	[MsgId: MMSG-26386]
AddToCard.c(63): Notify: Transaction "PetStore_SelectProductId_T02" ended with a "Pass" status (Duration: 0.1271 Wasted Time: 0.0003).	[MsgId: MMSG-16871]
AddToCard.c(65): lr_think_time: 4.85 seconds (recorded think time was 5.00 seconds).	[MsgId: MMSG-15947]
Starting iteration 4.	[MsgId: MMSG-15968]
Notify: Next row for parameter UserName = 1 [table  = UserName].	[MsgId: MMSG-13876]
Notify: Getting new value for parameter 'UserName': table = 'UserCredentilas1.dat' column = '0' row = '1'.	[MsgId: MMSG-13877]
Notify: Next row for parameter PetStoreEndtoEndFlow_UserName = 1 [table  = PetStoreEndtoEndFlow_UserName].	[MsgId: MMSG-13876]
Notify: Getting new value for parameter 'PetStoreEndtoEndFlow_UserName': table = 'UserCredentilas3.dat' column = '0' row = '1'.	[MsgId: MMSG-13877]
Notify: Next row for parameter PetStoreEndtoEndFlow_pass = 1 [table  = PetStoreEndtoEndFlow_pass].	[MsgId: MMSG-13876]
Notify: Getting new value for parameter 'PetStoreEndtoEndFlow_pass': table = 'UserCredentilas4.dat' column = '0' row = '1'.	[MsgId: MMSG-13877]
Notify: Next row for parameter pass = 1 [table  = pass].	[MsgId: MMSG-13876]
Notify: Getting new value for parameter 'pass': table = 'UserCredentilas2.dat' column = '0' row = '1'.	[MsgId: MMSG-13877]
Starting action Login.	[MsgId: MMSG-15919]
Registration.c(15): Notify: Transaction "PetStore_ClickOnRegistration_T01" started.	[MsgId: MMSG-16999]
Registration.c(17): web_reg_find started  	[MsgId: MMSG-26355]
Registration.c(17): Registering web_reg_find was successful  	[MsgId: MMSG-26390]
Registration.c(20): web_link("Register Now!") started  	[MsgId: MMSG-26355]
Registration.c(20): Error -27985: There is no context for HTML-based functions. A previous function may not have used "Mode=HTML" or downloaded only non-HTML page(s), or the context has been reset (e.g., due to a GUI-based function)  	[MsgId: MERR-27985]
Registration.c(20): Warning -26379: Pending web_reg_save_param/web_reg_find/web_create_html_param/web_create_html_param_ex request(s) are deleted and will be handled as "not found"  	[MsgId: MWAR-26379]
Registration.c(20): Error -26366: "Text=User Information" not found for web_reg_find  	[MsgId: MERR-26366]
Registration.c(20): Error -26374: The above "not found" error(s) may be explained by header and body byte counts being 0 and 0, respectively.  	[MsgId: MERR-26374]
Registration.c(20): web_link("Register Now!") highest severity level was "ERROR", 0 body bytes, 0 header bytes  	[MsgId: MMSG-26388]
Registration.c(20): Notify: Transaction "PetStore_ClickOnRegistration_T01" ended with a "Fail" status (Duration: 0.0010).	[MsgId: MMSG-16873]
Registration.c(20): Notify: Transaction "PetStore_ClickOnRegistration_T01" has 3 error message(s).	[MsgId: MMSG-16818]
Registration.c(20): Notify: The 1st error message associated with transaction "PetStore_ClickOnRegistration_T01" is "Error -27985: There is no context for HTML-based functions. A previous function may not have used "Mode=HTML" or downloaded only non-HTML page(s), or the context has been reset (e.g., due to a GUI-based function)"	[MsgId: MMSG-16819]
Registration.c(20): Notify: The 2nd error message associated with transaction "PetStore_ClickOnRegistration_T01" is "Error -26366: "Text=User Information" not found for web_reg_find"	[MsgId: MMSG-16819]
Registration.c(20): Notify: The 3rd error message associated with transaction "PetStore_ClickOnRegistration_T01" is "Error -26374: The above "not found" error(s) may be explained by header and body byte counts being 0 and 0, respectively."	[MsgId: MMSG-16819]
Ending action Login.	[MsgId: MMSG-15918]
Ending iteration 4.	[MsgId: MMSG-15965]
Waiting 9.4870 seconds for iteration pacing.	[MsgId: MMSG-15996]
CheckOutThProduct.c(19): Notify: Transaction "PetStore_ClickOnProccedToCheckOut_T02" started.	[MsgId: MMSG-16999]
CheckOutThProduct.c(20): web_reg_find started  	[MsgId: MMSG-26355]
CheckOutThProduct.c(20): Registering web_reg_find was successful  	[MsgId: MMSG-26390]
CheckOutThProduct.c(23): web_link("Proceed to Checkout") started  	[MsgId: MMSG-26355]
CheckOutThProduct.c(23): Linking to "https://petstore.octoperf.com/actions/Order.action?newOrderForm=", Target Frame=""  	[MsgId: MMSG-27994]
CheckOutThProduct.c(23): Resource "https://petstore.octoperf.com/css/jpetstore.css" is in the cache already and will not be downloaded again  	[MsgId: MMSG-26655]
CheckOutThProduct.c(23): Resource "https://petstore.octoperf.com/images/logo-topbar.svg" is in the cache already and will not be downloaded again  	[MsgId: MMSG-26655]
CheckOutThProduct.c(23): Resource "https://petstore.octoperf.com/images/cart.gif" is in the cache already and will not be downloaded again  	[MsgId: MMSG-26655]
CheckOutThProduct.c(23): Resource "https://petstore.octoperf.com/images/separator.gif" is in the cache already and will not be downloaded again  	[MsgId: MMSG-26655]
CheckOutThProduct.c(23): Resource "https://petstore.octoperf.com/images/sm_fish.gif" is in the cache already and will not be downloaded again  	[MsgId: MMSG-26655]
CheckOutThProduct.c(23): Resource "https://petstore.octoperf.com/images/sm_dogs.gif" is in the cache already and will not be downloaded again  	[MsgId: MMSG-26655]
CheckOutThProduct.c(23): Resource "https://petstore.octoperf.com/images/sm_reptiles.gif" is in the cache already and will not be downloaded again  	[MsgId: MMSG-26655]
CheckOutThProduct.c(23): Resource "https://petstore.octoperf.com/images/sm_cats.gif" is in the cache already and will not be downloaded again  	[MsgId: MMSG-26655]
CheckOutThProduct.c(23): Resource "https://petstore.octoperf.com/images/sm_birds.gif" is in the cache already and will not be downloaded again  	[MsgId: MMSG-26655]
CheckOutThProduct.c(23): Resource "https://petstore.octoperf.com/images/banner_fish.gif" is in the cache already and will not be downloaded again  	[MsgId: MMSG-26655]
CheckOutThProduct.c(23): Registered web_reg_find successful for "Text=Payment Details" (count=1)  	[MsgId: MMSG-26364]
CheckOutThProduct.c(23): web_link("Proceed to Checkout") was successful, 5376 body bytes, 225 header bytes  	[MsgId: MMSG-26386]
CheckOutThProduct.c(27): Notify: Transaction "PetStore_ClickOnProccedToCheckOut_T02" ended with a "Pass" status (Duration: 0.1245 Wasted Time: 0.0000).	[MsgId: MMSG-16871]
CheckOutThProduct.c(29): lr_think_time: 3.31 seconds (recorded think time was 5.00 seconds).	[MsgId: MMSG-15947]
CheckOutThProduct.c(31): Notify: Transaction "PetStore_ClickOnContinue_T03" started.	[MsgId: MMSG-16999]
CheckOutThProduct.c(33): web_reg_find started  	[MsgId: MMSG-26355]
CheckOutThProduct.c(33): Registering web_reg_find was successful  	[MsgId: MMSG-26390]
CheckOutThProduct.c(36): web_submit_form("Order.action") started  	[MsgId: MMSG-26355]
CheckOutThProduct.c(36): Submitting form to "https://petstore.octoperf.com/actions/Order.action", Target Frame=""  	[MsgId: MMSG-27978]
CheckOutThProduct.c(36): Resource "https://petstore.octoperf.com/css/jpetstore.css" is in the cache already and will not be downloaded again  	[MsgId: MMSG-26655]
CheckOutThProduct.c(36): Resource "https://petstore.octoperf.com/images/logo-topbar.svg" is in the cache already and will not be downloaded again  	[MsgId: MMSG-26655]
CheckOutThProduct.c(36): Resource "https://petstore.octoperf.com/images/cart.gif" is in the cache already and will not be downloaded again  	[MsgId: MMSG-26655]
CheckOutThProduct.c(36): Resource "https://petstore.octoperf.com/images/separator.gif" is in the cache already and will not be downloaded again  	[MsgId: MMSG-26655]
CheckOutThProduct.c(36): Resource "https://petstore.octoperf.com/images/sm_fish.gif" is in the cache already and will not be downloaded again  	[MsgId: MMSG-26655]
CheckOutThProduct.c(36): Resource "https://petstore.octoperf.com/images/sm_dogs.gif" is in the cache already and will not be downloaded again  	[MsgId: MMSG-26655]
CheckOutThProduct.c(36): Resource "https://petstore.octoperf.com/images/sm_reptiles.gif" is in the cache already and will not be downloaded again  	[MsgId: MMSG-26655]
CheckOutThProduct.c(36): Resource "https://petstore.octoperf.com/images/sm_cats.gif" is in the cache already and will not be downloaded again  	[MsgId: MMSG-26655]
CheckOutThProduct.c(36): Resource "https://petstore.octoperf.com/images/sm_birds.gif" is in the cache already and will not be downloaded again  	[MsgId: MMSG-26655]
CheckOutThProduct.c(36): Resource "https://petstore.octoperf.com/images/banner_fish.gif" is in the cache already and will not be downloaded again  	[MsgId: MMSG-26655]
CheckOutThProduct.c(36): Registered web_reg_find successful for "Text=Confirm" (count=1)  	[MsgId: MMSG-26364]
CheckOutThProduct.c(36): web_submit_form("Order.action") was successful, 4526 body bytes, 225 header bytes  	[MsgId: MMSG-26386]
CheckOutThProduct.c(54): Notify: Transaction "PetStore_ClickOnContinue_T03" ended with a "Pass" status (Duration: 0.2509 Wasted Time: 0.0000).	[MsgId: MMSG-16871]
CheckOutThProduct.c(56): lr_think_time: 4.30 seconds (recorded think time was 5.00 seconds).	[MsgId: MMSG-15947]
AddToCard.c(88): Notify: Transaction "PetStore_AddToCard_T04" started.	[MsgId: MMSG-16999]
AddToCard.c(90): web_reg_find started  	[MsgId: MMSG-26355]
AddToCard.c(90): Registering web_reg_find was successful  	[MsgId: MMSG-26390]
AddToCard.c(94): web_link("Add to Cart") started  	[MsgId: MMSG-26355]
AddToCard.c(94): Linking to "https://petstore.octoperf.com/actions/Cart.action?addItemToCart=&workingItemId=EST-6", Target Frame=""  	[MsgId: MMSG-27994]
AddToCard.c(94): Resource "https://petstore.octoperf.com/css/jpetstore.css" is in the cache already and will not be downloaded again  	[MsgId: MMSG-26655]
AddToCard.c(94): Resource "https://petstore.octoperf.com/images/logo-topbar.svg" is in the cache already and will not be downloaded again  	[MsgId: MMSG-26655]
AddToCard.c(94): Resource "https://petstore.octoperf.com/images/cart.gif" is in the cache already and will not be downloaded again  	[MsgId: MMSG-26655]
AddToCard.c(94): Resource "https://petstore.octoperf.com/images/separator.gif" is in the cache already and will not be downloaded again  	[MsgId: MMSG-26655]
AddToCard.c(94): Resource "https://petstore.octoperf.com/images/sm_fish.gif" is in the cache already and will not be downloaded again  	[MsgId: MMSG-26655]
AddToCard.c(94): Resource "https://petstore.octoperf.com/images/sm_dogs.gif" is in the cache already and will not be downloaded again  	[MsgId: MMSG-26655]
AddToCard.c(94): Resource "https://petstore.octoperf.com/images/sm_reptiles.gif" is in the cache already and will not be downloaded again  	[MsgId: MMSG-26655]
AddToCard.c(94): Resource "https://petstore.octoperf.com/images/sm_cats.gif" is in the cache already and will not be downloaded again  	[MsgId: MMSG-26655]
AddToCard.c(94): Resource "https://petstore.octoperf.com/images/sm_birds.gif" is in the cache already and will not be downloaded again  	[MsgId: MMSG-26655]
AddToCard.c(94): Resource "https://petstore.octoperf.com/images/banner_fish.gif" is in the cache already and will not be downloaded again  	[MsgId: MMSG-26655]
AddToCard.c(94): Registered web_reg_find successful for "Text=Shopping Cart" (count=1)  	[MsgId: MMSG-26364]
AddToCard.c(94): web_link("Add to Cart") was successful, 4630 body bytes, 225 header bytes  	[MsgId: MMSG-26386]
AddToCard.c(99): Notify: Transaction "PetStore_AddToCard_T04" ended with a "Pass" status (Duration: 0.1284 Wasted Time: 0.0000).	[MsgId: MMSG-16871]
CheckOutThProduct.c(4): Notify: Transaction "PetStore_ClickOnViewCart_T01" started.	[MsgId: MMSG-16999]
CheckOutThProduct.c(5): web_reg_find started  	[MsgId: MMSG-26355]
CheckOutThProduct.c(5): Registering web_reg_find was successful  	[MsgId: MMSG-26390]
CheckOutThProduct.c(7): web_url("Cart.action_4") started  	[MsgId: MMSG-26355]
CheckOutThProduct.c(7): Resource "https://petstore.octoperf.com/css/jpetstore.css" is in the cache already and will not be downloaded again  	[MsgId: MMSG-26655]
CheckOutThProduct.c(7): Resource "https://petstore.octoperf.com/images/logo-topbar.svg" is in the cache already and will not be downloaded again  	[MsgId: MMSG-26655]
CheckOutThProduct.c(7): Resource "https://petstore.octoperf.com/images/cart.gif" is in the cache already and will not be downloaded again  	[MsgId: MMSG-26655]
CheckOutThProduct.c(7): Resource "https://petstore.octoperf.com/images/separator.gif" is in the cache already and will not be downloaded again  	[MsgId: MMSG-26655]
CheckOutThProduct.c(7): Resource "https://petstore.octoperf.com/images/sm_fish.gif" is in the cache already and will not be downloaded again  	[MsgId: MMSG-26655]
CheckOutThProduct.c(7): Resource "https://petstore.octoperf.com/images/sm_dogs.gif" is in the cache already and will not be downloaded again  	[MsgId: MMSG-26655]
CheckOutThProduct.c(7): Resource "https://petstore.octoperf.com/images/sm_reptiles.gif" is in the cache already and will not be downloaded again  	[MsgId: MMSG-26655]
CheckOutThProduct.c(7): Resource "https://petstore.octoperf.com/images/sm_cats.gif" is in the cache already and will not be downloaded again  	[MsgId: MMSG-26655]
CheckOutThProduct.c(7): Resource "https://petstore.octoperf.com/images/sm_birds.gif" is in the cache already and will not be downloaded again  	[MsgId: MMSG-26655]
CheckOutThProduct.c(7): Resource "https://petstore.octoperf.com/images/banner_fish.gif" is in the cache already and will not be downloaded again  	[MsgId: MMSG-26655]
CheckOutThProduct.c(7): Registered web_reg_find successful for "Text=Shopping Cart" (count=1)  	[MsgId: MMSG-26364]
CheckOutThProduct.c(7): web_url("Cart.action_4") was successful, 4630 body bytes, 225 header bytes  	[MsgId: MMSG-26386]
CheckOutThProduct.c(15): Notify: Transaction "PetStore_ClickOnViewCart_T01" ended with a "Pass" status (Duration: 0.1293 Wasted Time: 0.0000).	[MsgId: MMSG-16871]
CheckOutThProduct.c(17): lr_think_time: 3.00 seconds (recorded think time was 5.00 seconds).	[MsgId: MMSG-15947]
Starting iteration 3.	[MsgId: MMSG-15968]
Notify: Next row for parameter UserName = 1 [table  = UserName].	[MsgId: MMSG-13876]
Notify: Getting new value for parameter 'UserName': table = 'UserCredentilas1.dat' column = '0' row = '1'.	[MsgId: MMSG-13877]
Notify: Next row for parameter PetStoreEndtoEndFlow_UserName = 1 [table  = PetStoreEndtoEndFlow_UserName].	[MsgId: MMSG-13876]
Notify: Getting new value for parameter 'PetStoreEndtoEndFlow_UserName': table = 'UserCredentilas3.dat' column = '0' row = '1'.	[MsgId: MMSG-13877]
Notify: Next row for parameter PetStoreEndtoEndFlow_pass = 1 [table  = PetStoreEndtoEndFlow_pass].	[MsgId: MMSG-13876]
Notify: Getting new value for parameter 'PetStoreEndtoEndFlow_pass': table = 'UserCredentilas4.dat' column = '0' row = '1'.	[MsgId: MMSG-13877]
Notify: Next row for parameter pass = 1 [table  = pass].	[MsgId: MMSG-13876]
Notify: Getting new value for parameter 'pass': table = 'UserCredentilas2.dat' column = '0' row = '1'.	[MsgId: MMSG-13877]
Starting action Login.	[MsgId: MMSG-15919]
Registration.c(15): Notify: Transaction "PetStore_ClickOnRegistration_T01" started.	[MsgId: MMSG-16999]
Registration.c(17): web_reg_find started  	[MsgId: MMSG-26355]
Registration.c(17): Registering web_reg_find was successful  	[MsgId: MMSG-26390]
Registration.c(20): web_link("Register Now!") started  	[MsgId: MMSG-26355]
Registration.c(20): Error -27985: There is no context for HTML-based functions. A previous function may not have used "Mode=HTML" or downloaded only non-HTML page(s), or the context has been reset (e.g., due to a GUI-based function)  	[MsgId: MERR-27985]
Registration.c(20): Warning -26379: Pending web_reg_save_param/web_reg_find/web_create_html_param/web_create_html_param_ex request(s) are deleted and will be handled as "not found"  	[MsgId: MWAR-26379]
Registration.c(20): Error -26366: "Text=User Information" not found for web_reg_find  	[MsgId: MERR-26366]
Registration.c(20): Error -26374: The above "not found" error(s) may be explained by header and body byte counts being 0 and 0, respectively.  	[MsgId: MERR-26374]
Registration.c(20): web_link("Register Now!") highest severity level was "ERROR", 0 body bytes, 0 header bytes  	[MsgId: MMSG-26388]
Registration.c(20): Notify: Transaction "PetStore_ClickOnRegistration_T01" ended with a "Fail" status (Duration: 0.0010).	[MsgId: MMSG-16873]
Registration.c(20): Notify: Transaction "PetStore_ClickOnRegistration_T01" has 3 error message(s).	[MsgId: MMSG-16818]
Registration.c(20): Notify: The 1st error message associated with transaction "PetStore_ClickOnRegistration_T01" is "Error -27985: There is no context for HTML-based functions. A previous function may not have used "Mode=HTML" or downloaded only non-HTML page(s), or the context has been reset (e.g., due to a GUI-based function)"	[MsgId: MMSG-16819]
Registration.c(20): Notify: The 2nd error message associated with transaction "PetStore_ClickOnRegistration_T01" is "Error -26366: "Text=User Information" not found for web_reg_find"	[MsgId: MMSG-16819]
Registration.c(20): Notify: The 3rd error message associated with transaction "PetStore_ClickOnRegistration_T01" is "Error -26374: The above "not found" error(s) may be explained by header and body byte counts being 0 and 0, respectively."	[MsgId: MMSG-16819]
Ending action Login.	[MsgId: MMSG-15918]
Ending iteration 3.	[MsgId: MMSG-15965]
Waiting 5.8590 seconds for iteration pacing.	[MsgId: MMSG-15996]
Starting iteration 3.	[MsgId: MMSG-15968]
Notify: Next row for parameter UserName = 1 [table  = UserName].	[MsgId: MMSG-13876]
Notify: Getting new value for parameter 'UserName': table = 'UserCredentilas1.dat' column = '0' row = '1'.	[MsgId: MMSG-13877]
Notify: Next row for parameter PetStoreEndtoEndFlow_UserName = 1 [table  = PetStoreEndtoEndFlow_UserName].	[MsgId: MMSG-13876]
Notify: Getting new value for parameter 'PetStoreEndtoEndFlow_UserName': table = 'UserCredentilas3.dat' column = '0' row = '1'.	[MsgId: MMSG-13877]
Notify: Next row for parameter PetStoreEndtoEndFlow_pass = 1 [table  = PetStoreEndtoEndFlow_pass].	[MsgId: MMSG-13876]
Notify: Getting new value for parameter 'PetStoreEndtoEndFlow_pass': table = 'UserCredentilas4.dat' column = '0' row = '1'.	[MsgId: MMSG-13877]
Notify: Next row for parameter pass = 1 [table  = pass].	[MsgId: MMSG-13876]
Notify: Getting new value for parameter 'pass': table = 'UserCredentilas2.dat' column = '0' row = '1'.	[MsgId: MMSG-13877]
Starting action Login.	[MsgId: MMSG-15919]
Registration.c(15): Notify: Transaction "PetStore_ClickOnRegistration_T01" started.	[MsgId: MMSG-16999]
Registration.c(17): web_reg_find started  	[MsgId: MMSG-26355]
Registration.c(17): Registering web_reg_find was successful  	[MsgId: MMSG-26390]
Registration.c(20): web_link("Register Now!") started  	[MsgId: MMSG-26355]
Registration.c(20): Error -27985: There is no context for HTML-based functions. A previous function may not have used "Mode=HTML" or downloaded only non-HTML page(s), or the context has been reset (e.g., due to a GUI-based function)  	[MsgId: MERR-27985]
Registration.c(20): Warning -26379: Pending web_reg_save_param/web_reg_find/web_create_html_param/web_create_html_param_ex request(s) are deleted and will be handled as "not found"  	[MsgId: MWAR-26379]
Registration.c(20): Error -26366: "Text=User Information" not found for web_reg_find  	[MsgId: MERR-26366]
Registration.c(20): Error -26374: The above "not found" error(s) may be explained by header and body byte counts being 0 and 0, respectively.  	[MsgId: MERR-26374]
Registration.c(20): web_link("Register Now!") highest severity level was "ERROR", 0 body bytes, 0 header bytes  	[MsgId: MMSG-26388]
Registration.c(20): Notify: Transaction "PetStore_ClickOnRegistration_T01" ended with a "Fail" status (Duration: 0.0015).	[MsgId: MMSG-16873]
Registration.c(20): Notify: Transaction "PetStore_ClickOnRegistration_T01" has 3 error message(s).	[MsgId: MMSG-16818]
Registration.c(20): Notify: The 1st error message associated with transaction "PetStore_ClickOnRegistration_T01" is "Error -27985: There is no context for HTML-based functions. A previous function may not have used "Mode=HTML" or downloaded only non-HTML page(s), or the context has been reset (e.g., due to a GUI-based function)"	[MsgId: MMSG-16819]
Registration.c(20): Notify: The 2nd error message associated with transaction "PetStore_ClickOnRegistration_T01" is "Error -26366: "Text=User Information" not found for web_reg_find"	[MsgId: MMSG-16819]
Registration.c(20): Notify: The 3rd error message associated with transaction "PetStore_ClickOnRegistration_T01" is "Error -26374: The above "not found" error(s) may be explained by header and body byte counts being 0 and 0, respectively."	[MsgId: MMSG-16819]
Ending action Login.	[MsgId: MMSG-15918]
Ending iteration 3.	[MsgId: MMSG-15965]
Waiting 6.7090 seconds for iteration pacing.	[MsgId: MMSG-15996]
AddToCard.c(67): Notify: Transaction "PetStore_SelectItemId_T03" started.	[MsgId: MMSG-16999]
AddToCard.c(71): Notify: Parameter Substitution: parameter "itemId_count" =  "1"	[MsgId: MMSG-13992]
AddToCard.c(72): Notify: Parameter Substitution: parameter "itemId_1" =  "EST-13"	[MsgId: MMSG-13992]
AddToCard.c(74): Notify: Saving Parameter "RanditemId = EST-13".	[MsgId: MMSG-13798]
AddToCard.c(75): Notify: Parameter Substitution: parameter "RanditemId" =  "EST-13"	[MsgId: MMSG-13992]
AddToCard.c(75): Random category selected in Action2 = EST-13	[MsgId: MMSG-17999]
AddToCard.c(77): web_reg_find started  	[MsgId: MMSG-26355]
AddToCard.c(77): Notify: Parameter Substitution: parameter "RanditemId" =  "EST-13"	[MsgId: MMSG-13992]
AddToCard.c(77): Registering web_reg_find was successful  	[MsgId: MMSG-26390]
AddToCard.c(79): web_link("{RanditemId}") started  	[MsgId: MMSG-26355]
AddToCard.c(79): Notify: Parameter Substitution: parameter "RanditemId" =  "EST-13"	[MsgId: MMSG-13992]
AddToCard.c(79): Linking to "https://petstore.octoperf.com/actions/Catalog.action?viewItem=&itemId=EST-13", Target Frame=""  	[MsgId: MMSG-27994]
AddToCard.c(79): Resource "https://petstore.octoperf.com/css/jpetstore.css" is in the cache already and will not be downloaded again  	[MsgId: MMSG-26655]
AddToCard.c(79): Resource "https://petstore.octoperf.com/images/logo-topbar.svg" is in the cache already and will not be downloaded again  	[MsgId: MMSG-26655]
AddToCard.c(79): Resource "https://petstore.octoperf.com/images/cart.gif" is in the cache already and will not be downloaded again  	[MsgId: MMSG-26655]
AddToCard.c(79): Resource "https://petstore.octoperf.com/images/separator.gif" is in the cache already and will not be downloaded again  	[MsgId: MMSG-26655]
AddToCard.c(79): Resource "https://petstore.octoperf.com/images/sm_fish.gif" is in the cache already and will not be downloaded again  	[MsgId: MMSG-26655]
AddToCard.c(79): Resource "https://petstore.octoperf.com/images/sm_dogs.gif" is in the cache already and will not be downloaded again  	[MsgId: MMSG-26655]
AddToCard.c(79): Resource "https://petstore.octoperf.com/images/sm_reptiles.gif" is in the cache already and will not be downloaded again  	[MsgId: MMSG-26655]
AddToCard.c(79): Resource "https://petstore.octoperf.com/images/sm_cats.gif" is in the cache already and will not be downloaded again  	[MsgId: MMSG-26655]
AddToCard.c(79): Resource "https://petstore.octoperf.com/images/sm_birds.gif" is in the cache already and will not be downloaded again  	[MsgId: MMSG-26655]
AddToCard.c(79): Found resource "https://petstore.octoperf.com/images/lizard1.gif" in HTML "https://petstore.octoperf.com/actions/Catalog.action?viewItem=&itemId=EST-13"  	[MsgId: MMSG-26659]
AddToCard.c(79): Resource "https://petstore.octoperf.com/images/banner_fish.gif" is in the cache already and will not be downloaded again  	[MsgId: MMSG-26655]
CheckOutThProduct.c(31): Notify: Transaction "PetStore_ClickOnContinue_T03" started.	[MsgId: MMSG-16999]
CheckOutThProduct.c(33): web_reg_find started  	[MsgId: MMSG-26355]
CheckOutThProduct.c(33): Registering web_reg_find was successful  	[MsgId: MMSG-26390]
CheckOutThProduct.c(36): web_submit_form("Order.action") started  	[MsgId: MMSG-26355]
CheckOutThProduct.c(36): Submitting form to "https://petstore.octoperf.com/actions/Order.action", Target Frame=""  	[MsgId: MMSG-27978]
AddToCard.c(79): Registered web_reg_find successful for "Text=EST-13" (count=2)  	[MsgId: MMSG-26364]
AddToCard.c(79): web_link("{RanditemId}") was successful, 17071 body bytes, 511 header bytes  	[MsgId: MMSG-26386]
AddToCard.c(84): Notify: Transaction "PetStore_SelectItemId_T03" ended with a "Pass" status (Duration: 0.5376 Wasted Time: 0.0000).	[MsgId: MMSG-16871]
AddToCard.c(86): lr_think_time: 3.32 seconds (recorded think time was 5.00 seconds).	[MsgId: MMSG-15947]
Starting iteration 2.	[MsgId: MMSG-15968]
Notify: Next row for parameter UserName = 1 [table  = UserName].	[MsgId: MMSG-13876]
Notify: Getting new value for parameter 'UserName': table = 'UserCredentilas1.dat' column = '0' row = '1'.	[MsgId: MMSG-13877]
Notify: Next row for parameter PetStoreEndtoEndFlow_UserName = 1 [table  = PetStoreEndtoEndFlow_UserName].	[MsgId: MMSG-13876]
Notify: Getting new value for parameter 'PetStoreEndtoEndFlow_UserName': table = 'UserCredentilas3.dat' column = '0' row = '1'.	[MsgId: MMSG-13877]
Notify: Next row for parameter PetStoreEndtoEndFlow_pass = 1 [table  = PetStoreEndtoEndFlow_pass].	[MsgId: MMSG-13876]
Notify: Getting new value for parameter 'PetStoreEndtoEndFlow_pass': table = 'UserCredentilas4.dat' column = '0' row = '1'.	[MsgId: MMSG-13877]
Notify: Next row for parameter pass = 1 [table  = pass].	[MsgId: MMSG-13876]
Notify: Getting new value for parameter 'pass': table = 'UserCredentilas2.dat' column = '0' row = '1'.	[MsgId: MMSG-13877]
Starting action Login.	[MsgId: MMSG-15919]
Registration.c(15): Notify: Transaction "PetStore_ClickOnRegistration_T01" started.	[MsgId: MMSG-16999]
Registration.c(17): web_reg_find started  	[MsgId: MMSG-26355]
Registration.c(17): Registering web_reg_find was successful  	[MsgId: MMSG-26390]
Registration.c(20): web_link("Register Now!") started  	[MsgId: MMSG-26355]
Registration.c(20): Error -27985: There is no context for HTML-based functions. A previous function may not have used "Mode=HTML" or downloaded only non-HTML page(s), or the context has been reset (e.g., due to a GUI-based function)  	[MsgId: MERR-27985]
Registration.c(20): Warning -26379: Pending web_reg_save_param/web_reg_find/web_create_html_param/web_create_html_param_ex request(s) are deleted and will be handled as "not found"  	[MsgId: MWAR-26379]
Registration.c(20): Error -26366: "Text=User Information" not found for web_reg_find  	[MsgId: MERR-26366]
Registration.c(20): Error -26374: The above "not found" error(s) may be explained by header and body byte counts being 0 and 0, respectively.  	[MsgId: MERR-26374]
Registration.c(20): web_link("Register Now!") highest severity level was "ERROR", 0 body bytes, 0 header bytes  	[MsgId: MMSG-26388]
Registration.c(20): Notify: Transaction "PetStore_ClickOnRegistration_T01" ended with a "Fail" status (Duration: 0.0013).	[MsgId: MMSG-16873]
Registration.c(20): Notify: Transaction "PetStore_ClickOnRegistration_T01" has 3 error message(s).	[MsgId: MMSG-16818]
Registration.c(20): Notify: The 1st error message associated with transaction "PetStore_ClickOnRegistration_T01" is "Error -27985: There is no context for HTML-based functions. A previous function may not have used "Mode=HTML" or downloaded only non-HTML page(s), or the context has been reset (e.g., due to a GUI-based function)"	[MsgId: MMSG-16819]
Registration.c(20): Notify: The 2nd error message associated with transaction "PetStore_ClickOnRegistration_T01" is "Error -26366: "Text=User Information" not found for web_reg_find"	[MsgId: MMSG-16819]
Registration.c(20): Notify: The 3rd error message associated with transaction "PetStore_ClickOnRegistration_T01" is "Error -26374: The above "not found" error(s) may be explained by header and body byte counts being 0 and 0, respectively."	[MsgId: MMSG-16819]
Ending action Login.	[MsgId: MMSG-15918]
Ending iteration 2.	[MsgId: MMSG-15965]
Waiting 8.7260 seconds for iteration pacing.	[MsgId: MMSG-15996]
CheckOutThProduct.c(36): Resource "https://petstore.octoperf.com/css/jpetstore.css" is in the cache already and will not be downloaded again  	[MsgId: MMSG-26655]
CheckOutThProduct.c(36): Resource "https://petstore.octoperf.com/images/logo-topbar.svg" is in the cache already and will not be downloaded again  	[MsgId: MMSG-26655]
CheckOutThProduct.c(36): Resource "https://petstore.octoperf.com/images/cart.gif" is in the cache already and will not be downloaded again  	[MsgId: MMSG-26655]
CheckOutThProduct.c(36): Resource "https://petstore.octoperf.com/images/separator.gif" is in the cache already and will not be downloaded again  	[MsgId: MMSG-26655]
CheckOutThProduct.c(36): Resource "https://petstore.octoperf.com/images/sm_fish.gif" is in the cache already and will not be downloaded again  	[MsgId: MMSG-26655]
CheckOutThProduct.c(36): Resource "https://petstore.octoperf.com/images/sm_dogs.gif" is in the cache already and will not be downloaded again  	[MsgId: MMSG-26655]
CheckOutThProduct.c(36): Resource "https://petstore.octoperf.com/images/sm_reptiles.gif" is in the cache already and will not be downloaded again  	[MsgId: MMSG-26655]
CheckOutThProduct.c(36): Resource "https://petstore.octoperf.com/images/sm_cats.gif" is in the cache already and will not be downloaded again  	[MsgId: MMSG-26655]
CheckOutThProduct.c(36): Resource "https://petstore.octoperf.com/images/sm_birds.gif" is in the cache already and will not be downloaded again  	[MsgId: MMSG-26655]
CheckOutThProduct.c(36): Resource "https://petstore.octoperf.com/images/banner_fish.gif" is in the cache already and will not be downloaded again  	[MsgId: MMSG-26655]
CheckOutThProduct.c(36): Registered web_reg_find successful for "Text=Confirm" (count=1)  	[MsgId: MMSG-26364]
CheckOutThProduct.c(36): web_submit_form("Order.action") was successful, 4526 body bytes, 225 header bytes  	[MsgId: MMSG-26386]
CheckOutThProduct.c(54): Notify: Transaction "PetStore_ClickOnContinue_T03" ended with a "Pass" status (Duration: 0.2491 Wasted Time: 0.0000).	[MsgId: MMSG-16871]
CheckOutThProduct.c(56): lr_think_time: 4.73 seconds (recorded think time was 5.00 seconds).	[MsgId: MMSG-15947]
CheckOutThProduct.c(19): Notify: Transaction "PetStore_ClickOnProccedToCheckOut_T02" started.	[MsgId: MMSG-16999]
CheckOutThProduct.c(20): web_reg_find started  	[MsgId: MMSG-26355]
CheckOutThProduct.c(20): Registering web_reg_find was successful  	[MsgId: MMSG-26390]
CheckOutThProduct.c(23): web_link("Proceed to Checkout") started  	[MsgId: MMSG-26355]
CheckOutThProduct.c(23): Linking to "https://petstore.octoperf.com/actions/Order.action?newOrderForm=", Target Frame=""  	[MsgId: MMSG-27994]
CheckOutThProduct.c(23): Resource "https://petstore.octoperf.com/css/jpetstore.css" is in the cache already and will not be downloaded again  	[MsgId: MMSG-26655]
CheckOutThProduct.c(23): Resource "https://petstore.octoperf.com/images/logo-topbar.svg" is in the cache already and will not be downloaded again  	[MsgId: MMSG-26655]
CheckOutThProduct.c(23): Resource "https://petstore.octoperf.com/images/cart.gif" is in the cache already and will not be downloaded again  	[MsgId: MMSG-26655]
CheckOutThProduct.c(23): Resource "https://petstore.octoperf.com/images/separator.gif" is in the cache already and will not be downloaded again  	[MsgId: MMSG-26655]
CheckOutThProduct.c(23): Resource "https://petstore.octoperf.com/images/sm_fish.gif" is in the cache already and will not be downloaded again  	[MsgId: MMSG-26655]
CheckOutThProduct.c(23): Resource "https://petstore.octoperf.com/images/sm_dogs.gif" is in the cache already and will not be downloaded again  	[MsgId: MMSG-26655]
CheckOutThProduct.c(23): Resource "https://petstore.octoperf.com/images/sm_reptiles.gif" is in the cache already and will not be downloaded again  	[MsgId: MMSG-26655]
CheckOutThProduct.c(23): Resource "https://petstore.octoperf.com/images/sm_cats.gif" is in the cache already and will not be downloaded again  	[MsgId: MMSG-26655]
CheckOutThProduct.c(23): Resource "https://petstore.octoperf.com/images/sm_birds.gif" is in the cache already and will not be downloaded again  	[MsgId: MMSG-26655]
CheckOutThProduct.c(23): Resource "https://petstore.octoperf.com/images/banner_fish.gif" is in the cache already and will not be downloaded again  	[MsgId: MMSG-26655]
CheckOutThProduct.c(23): Registered web_reg_find successful for "Text=Payment Details" (count=1)  	[MsgId: MMSG-26364]
CheckOutThProduct.c(23): web_link("Proceed to Checkout") was successful, 5376 body bytes, 225 header bytes  	[MsgId: MMSG-26386]
CheckOutThProduct.c(27): Notify: Transaction "PetStore_ClickOnProccedToCheckOut_T02" ended with a "Pass" status (Duration: 0.1285 Wasted Time: 0.0000).	[MsgId: MMSG-16871]
CheckOutThProduct.c(29): lr_think_time: 2.89 seconds (recorded think time was 5.00 seconds).	[MsgId: MMSG-15947]
Starting iteration 2.	[MsgId: MMSG-15968]
Notify: Next row for parameter UserName = 1 [table  = UserName].	[MsgId: MMSG-13876]
Notify: Getting new value for parameter 'UserName': table = 'UserCredentilas1.dat' column = '0' row = '1'.	[MsgId: MMSG-13877]
Notify: Next row for parameter PetStoreEndtoEndFlow_UserName = 1 [table  = PetStoreEndtoEndFlow_UserName].	[MsgId: MMSG-13876]
Notify: Getting new value for parameter 'PetStoreEndtoEndFlow_UserName': table = 'UserCredentilas3.dat' column = '0' row = '1'.	[MsgId: MMSG-13877]
Notify: Next row for parameter PetStoreEndtoEndFlow_pass = 1 [table  = PetStoreEndtoEndFlow_pass].	[MsgId: MMSG-13876]
Notify: Getting new value for parameter 'PetStoreEndtoEndFlow_pass': table = 'UserCredentilas4.dat' column = '0' row = '1'.	[MsgId: MMSG-13877]
Notify: Next row for parameter pass = 1 [table  = pass].	[MsgId: MMSG-13876]
Notify: Getting new value for parameter 'pass': table = 'UserCredentilas2.dat' column = '0' row = '1'.	[MsgId: MMSG-13877]
Starting action Login.	[MsgId: MMSG-15919]
Registration.c(15): Notify: Transaction "PetStore_ClickOnRegistration_T01" started.	[MsgId: MMSG-16999]
Registration.c(17): web_reg_find started  	[MsgId: MMSG-26355]
Registration.c(17): Registering web_reg_find was successful  	[MsgId: MMSG-26390]
Registration.c(20): web_link("Register Now!") started  	[MsgId: MMSG-26355]
Registration.c(20): Error -27985: There is no context for HTML-based functions. A previous function may not have used "Mode=HTML" or downloaded only non-HTML page(s), or the context has been reset (e.g., due to a GUI-based function)  	[MsgId: MERR-27985]
Registration.c(20): Warning -26379: Pending web_reg_save_param/web_reg_find/web_create_html_param/web_create_html_param_ex request(s) are deleted and will be handled as "not found"  	[MsgId: MWAR-26379]
Registration.c(20): Error -26366: "Text=User Information" not found for web_reg_find  	[MsgId: MERR-26366]
Registration.c(20): Error -26374: The above "not found" error(s) may be explained by header and body byte counts being 0 and 0, respectively.  	[MsgId: MERR-26374]
Registration.c(20): web_link("Register Now!") highest severity level was "ERROR", 0 body bytes, 0 header bytes  	[MsgId: MMSG-26388]
Registration.c(20): Notify: Transaction "PetStore_ClickOnRegistration_T01" ended with a "Fail" status (Duration: 0.0021).	[MsgId: MMSG-16873]
Registration.c(20): Notify: Transaction "PetStore_ClickOnRegistration_T01" has 3 error message(s).	[MsgId: MMSG-16818]
Registration.c(20): Notify: The 1st error message associated with transaction "PetStore_ClickOnRegistration_T01" is "Error -27985: There is no context for HTML-based functions. A previous function may not have used "Mode=HTML" or downloaded only non-HTML page(s), or the context has been reset (e.g., due to a GUI-based function)"	[MsgId: MMSG-16819]
Registration.c(20): Notify: The 2nd error message associated with transaction "PetStore_ClickOnRegistration_T01" is "Error -26366: "Text=User Information" not found for web_reg_find"	[MsgId: MMSG-16819]
Registration.c(20): Notify: The 3rd error message associated with transaction "PetStore_ClickOnRegistration_T01" is "Error -26374: The above "not found" error(s) may be explained by header and body byte counts being 0 and 0, respectively."	[MsgId: MMSG-16819]
Ending action Login.	[MsgId: MMSG-15918]
Ending iteration 2.	[MsgId: MMSG-15965]
Waiting 9.2430 seconds for iteration pacing.	[MsgId: MMSG-15996]
CheckOutThProduct.c(58): Notify: Transaction "PetStore_ClickOnConform_T04" started.	[MsgId: MMSG-16999]
CheckOutThProduct.c(59): web_reg_find started  	[MsgId: MMSG-26355]
CheckOutThProduct.c(59): Registering web_reg_find was successful  	[MsgId: MMSG-26390]
CheckOutThProduct.c(62): web_link("Confirm") started  	[MsgId: MMSG-26355]
CheckOutThProduct.c(62): Linking to "https://petstore.octoperf.com/actions/Order.action?newOrder=&confirmed=true", Target Frame=""  	[MsgId: MMSG-27994]
CheckOutThProduct.c(62): Resource "https://petstore.octoperf.com/css/jpetstore.css" is in the cache already and will not be downloaded again  	[MsgId: MMSG-26655]
CheckOutThProduct.c(62): Resource "https://petstore.octoperf.com/images/logo-topbar.svg" is in the cache already and will not be downloaded again  	[MsgId: MMSG-26655]
CheckOutThProduct.c(62): Resource "https://petstore.octoperf.com/images/cart.gif" is in the cache already and will not be downloaded again  	[MsgId: MMSG-26655]
CheckOutThProduct.c(62): Resource "https://petstore.octoperf.com/images/separator.gif" is in the cache already and will not be downloaded again  	[MsgId: MMSG-26655]
CheckOutThProduct.c(62): Resource "https://petstore.octoperf.com/images/sm_fish.gif" is in the cache already and will not be downloaded again  	[MsgId: MMSG-26655]
CheckOutThProduct.c(62): Resource "https://petstore.octoperf.com/images/sm_dogs.gif" is in the cache already and will not be downloaded again  	[MsgId: MMSG-26655]
CheckOutThProduct.c(62): Resource "https://petstore.octoperf.com/images/sm_reptiles.gif" is in the cache already and will not be downloaded again  	[MsgId: MMSG-26655]
CheckOutThProduct.c(62): Resource "https://petstore.octoperf.com/images/sm_cats.gif" is in the cache already and will not be downloaded again  	[MsgId: MMSG-26655]
CheckOutThProduct.c(62): Resource "https://petstore.octoperf.com/images/sm_birds.gif" is in the cache already and will not be downloaded again  	[MsgId: MMSG-26655]
CheckOutThProduct.c(62): Resource "https://petstore.octoperf.com/images/banner_fish.gif" is in the cache already and will not be downloaded again  	[MsgId: MMSG-26655]
CheckOutThProduct.c(62): Registered web_reg_find successful for "Text=Thank you, your order has been submitted" (count=1)  	[MsgId: MMSG-26364]
CheckOutThProduct.c(62): web_link("Confirm") was successful, 5224 body bytes, 225 header bytes  	[MsgId: MMSG-26386]
CheckOutThProduct.c(66): Notify: Transaction "PetStore_ClickOnConform_T04" ended with a "Pass" status (Duration: 0.1291 Wasted Time: 0.0000).	[MsgId: MMSG-16871]
Ending action CheckOutThProduct.	[MsgId: MMSG-15918]
Ending iteration 1.	[MsgId: MMSG-15965]
Waiting 8.1870 seconds for iteration pacing.	[MsgId: MMSG-15996]
Starting iteration 5.	[MsgId: MMSG-15968]
Notify: Next row for parameter UserName = 1 [table  = UserName].	[MsgId: MMSG-13876]
Notify: Getting new value for parameter 'UserName': table = 'UserCredentilas1.dat' column = '0' row = '1'.	[MsgId: MMSG-13877]
Notify: Next row for parameter PetStoreEndtoEndFlow_UserName = 1 [table  = PetStoreEndtoEndFlow_UserName].	[MsgId: MMSG-13876]
Notify: Getting new value for parameter 'PetStoreEndtoEndFlow_UserName': table = 'UserCredentilas3.dat' column = '0' row = '1'.	[MsgId: MMSG-13877]
Notify: Next row for parameter PetStoreEndtoEndFlow_pass = 1 [table  = PetStoreEndtoEndFlow_pass].	[MsgId: MMSG-13876]
Notify: Getting new value for parameter 'PetStoreEndtoEndFlow_pass': table = 'UserCredentilas4.dat' column = '0' row = '1'.	[MsgId: MMSG-13877]
Notify: Next row for parameter pass = 1 [table  = pass].	[MsgId: MMSG-13876]
Notify: Getting new value for parameter 'pass': table = 'UserCredentilas2.dat' column = '0' row = '1'.	[MsgId: MMSG-13877]
Starting action Login.	[MsgId: MMSG-15919]
Registration.c(15): Notify: Transaction "PetStore_ClickOnRegistration_T01" started.	[MsgId: MMSG-16999]
Registration.c(17): web_reg_find started  	[MsgId: MMSG-26355]
Registration.c(17): Registering web_reg_find was successful  	[MsgId: MMSG-26390]
Registration.c(20): web_link("Register Now!") started  	[MsgId: MMSG-26355]
Registration.c(20): Error -27985: There is no context for HTML-based functions. A previous function may not have used "Mode=HTML" or downloaded only non-HTML page(s), or the context has been reset (e.g., due to a GUI-based function)  	[MsgId: MERR-27985]
Registration.c(20): Warning -26379: Pending web_reg_save_param/web_reg_find/web_create_html_param/web_create_html_param_ex request(s) are deleted and will be handled as "not found"  	[MsgId: MWAR-26379]
Registration.c(20): Error -26366: "Text=User Information" not found for web_reg_find  	[MsgId: MERR-26366]
Registration.c(20): Error -26374: The above "not found" error(s) may be explained by header and body byte counts being 0 and 0, respectively.  	[MsgId: MERR-26374]
Registration.c(20): web_link("Register Now!") highest severity level was "ERROR", 0 body bytes, 0 header bytes  	[MsgId: MMSG-26388]
Registration.c(20): Notify: Transaction "PetStore_ClickOnRegistration_T01" ended with a "Fail" status (Duration: 0.0019).	[MsgId: MMSG-16873]
Registration.c(20): Notify: Transaction "PetStore_ClickOnRegistration_T01" has 3 error message(s).	[MsgId: MMSG-16818]
Registration.c(20): Notify: The 1st error message associated with transaction "PetStore_ClickOnRegistration_T01" is "Error -27985: There is no context for HTML-based functions. A previous function may not have used "Mode=HTML" or downloaded only non-HTML page(s), or the context has been reset (e.g., due to a GUI-based function)"	[MsgId: MMSG-16819]
Registration.c(20): Notify: The 2nd error message associated with transaction "PetStore_ClickOnRegistration_T01" is "Error -26366: "Text=User Information" not found for web_reg_find"	[MsgId: MMSG-16819]
Registration.c(20): Notify: The 3rd error message associated with transaction "PetStore_ClickOnRegistration_T01" is "Error -26374: The above "not found" error(s) may be explained by header and body byte counts being 0 and 0, respectively."	[MsgId: MMSG-16819]
Ending action Login.	[MsgId: MMSG-15918]
Ending iteration 5.	[MsgId: MMSG-15965]
Waiting 5.3200 seconds for iteration pacing.	[MsgId: MMSG-15996]
AddToCard.c(88): Notify: Transaction "PetStore_AddToCard_T04" started.	[MsgId: MMSG-16999]
AddToCard.c(90): web_reg_find started  	[MsgId: MMSG-26355]
AddToCard.c(90): Registering web_reg_find was successful  	[MsgId: MMSG-26390]
AddToCard.c(94): web_link("Add to Cart") started  	[MsgId: MMSG-26355]
AddToCard.c(94): Linking to "https://petstore.octoperf.com/actions/Cart.action?addItemToCart=&workingItemId=EST-13", Target Frame=""  	[MsgId: MMSG-27994]
AddToCard.c(94): Resource "https://petstore.octoperf.com/css/jpetstore.css" is in the cache already and will not be downloaded again  	[MsgId: MMSG-26655]
AddToCard.c(94): Resource "https://petstore.octoperf.com/images/logo-topbar.svg" is in the cache already and will not be downloaded again  	[MsgId: MMSG-26655]
AddToCard.c(94): Resource "https://petstore.octoperf.com/images/cart.gif" is in the cache already and will not be downloaded again  	[MsgId: MMSG-26655]
AddToCard.c(94): Resource "https://petstore.octoperf.com/images/separator.gif" is in the cache already and will not be downloaded again  	[MsgId: MMSG-26655]
AddToCard.c(94): Resource "https://petstore.octoperf.com/images/sm_fish.gif" is in the cache already and will not be downloaded again  	[MsgId: MMSG-26655]
AddToCard.c(94): Resource "https://petstore.octoperf.com/images/sm_dogs.gif" is in the cache already and will not be downloaded again  	[MsgId: MMSG-26655]
AddToCard.c(94): Resource "https://petstore.octoperf.com/images/sm_reptiles.gif" is in the cache already and will not be downloaded again  	[MsgId: MMSG-26655]
AddToCard.c(94): Resource "https://petstore.octoperf.com/images/sm_cats.gif" is in the cache already and will not be downloaded again  	[MsgId: MMSG-26655]
AddToCard.c(94): Resource "https://petstore.octoperf.com/images/sm_birds.gif" is in the cache already and will not be downloaded again  	[MsgId: MMSG-26655]
AddToCard.c(94): Resource "https://petstore.octoperf.com/images/banner_fish.gif" is in the cache already and will not be downloaded again  	[MsgId: MMSG-26655]
AddToCard.c(94): Registered web_reg_find successful for "Text=Shopping Cart" (count=1)  	[MsgId: MMSG-26364]
AddToCard.c(94): web_link("Add to Cart") was successful, 4634 body bytes, 225 header bytes  	[MsgId: MMSG-26386]
AddToCard.c(99): Notify: Transaction "PetStore_AddToCard_T04" ended with a "Pass" status (Duration: 0.1280 Wasted Time: 0.0000).	[MsgId: MMSG-16871]
CheckOutThProduct.c(4): Notify: Transaction "PetStore_ClickOnViewCart_T01" started.	[MsgId: MMSG-16999]
CheckOutThProduct.c(5): web_reg_find started  	[MsgId: MMSG-26355]
CheckOutThProduct.c(5): Registering web_reg_find was successful  	[MsgId: MMSG-26390]
CheckOutThProduct.c(7): web_url("Cart.action_4") started  	[MsgId: MMSG-26355]
CheckOutThProduct.c(7): Resource "https://petstore.octoperf.com/css/jpetstore.css" is in the cache already and will not be downloaded again  	[MsgId: MMSG-26655]
CheckOutThProduct.c(7): Resource "https://petstore.octoperf.com/images/logo-topbar.svg" is in the cache already and will not be downloaded again  	[MsgId: MMSG-26655]
CheckOutThProduct.c(7): Resource "https://petstore.octoperf.com/images/cart.gif" is in the cache already and will not be downloaded again  	[MsgId: MMSG-26655]
CheckOutThProduct.c(7): Resource "https://petstore.octoperf.com/images/separator.gif" is in the cache already and will not be downloaded again  	[MsgId: MMSG-26655]
CheckOutThProduct.c(7): Resource "https://petstore.octoperf.com/images/sm_fish.gif" is in the cache already and will not be downloaded again  	[MsgId: MMSG-26655]
CheckOutThProduct.c(7): Resource "https://petstore.octoperf.com/images/sm_dogs.gif" is in the cache already and will not be downloaded again  	[MsgId: MMSG-26655]
CheckOutThProduct.c(7): Resource "https://petstore.octoperf.com/images/sm_reptiles.gif" is in the cache already and will not be downloaded again  	[MsgId: MMSG-26655]
CheckOutThProduct.c(7): Resource "https://petstore.octoperf.com/images/sm_cats.gif" is in the cache already and will not be downloaded again  	[MsgId: MMSG-26655]
CheckOutThProduct.c(7): Resource "https://petstore.octoperf.com/images/sm_birds.gif" is in the cache already and will not be downloaded again  	[MsgId: MMSG-26655]
CheckOutThProduct.c(7): Resource "https://petstore.octoperf.com/images/banner_fish.gif" is in the cache already and will not be downloaded again  	[MsgId: MMSG-26655]
CheckOutThProduct.c(7): Registered web_reg_find successful for "Text=Shopping Cart" (count=1)  	[MsgId: MMSG-26364]
CheckOutThProduct.c(7): web_url("Cart.action_4") was successful, 4634 body bytes, 225 header bytes  	[MsgId: MMSG-26386]
CheckOutThProduct.c(15): Notify: Transaction "PetStore_ClickOnViewCart_T01" ended with a "Pass" status (Duration: 0.1263 Wasted Time: 0.0000).	[MsgId: MMSG-16871]
CheckOutThProduct.c(17): lr_think_time: 3.77 seconds (recorded think time was 5.00 seconds).	[MsgId: MMSG-15947]
Starting iteration 4.	[MsgId: MMSG-15968]
Notify: Next row for parameter UserName = 1 [table  = UserName].	[MsgId: MMSG-13876]
Notify: Getting new value for parameter 'UserName': table = 'UserCredentilas1.dat' column = '0' row = '1'.	[MsgId: MMSG-13877]
Notify: Next row for parameter PetStoreEndtoEndFlow_UserName = 1 [table  = PetStoreEndtoEndFlow_UserName].	[MsgId: MMSG-13876]
Notify: Getting new value for parameter 'PetStoreEndtoEndFlow_UserName': table = 'UserCredentilas3.dat' column = '0' row = '1'.	[MsgId: MMSG-13877]
Notify: Next row for parameter PetStoreEndtoEndFlow_pass = 1 [table  = PetStoreEndtoEndFlow_pass].	[MsgId: MMSG-13876]
Notify: Getting new value for parameter 'PetStoreEndtoEndFlow_pass': table = 'UserCredentilas4.dat' column = '0' row = '1'.	[MsgId: MMSG-13877]
Notify: Next row for parameter pass = 1 [table  = pass].	[MsgId: MMSG-13876]
Notify: Getting new value for parameter 'pass': table = 'UserCredentilas2.dat' column = '0' row = '1'.	[MsgId: MMSG-13877]
Starting action Login.	[MsgId: MMSG-15919]
Registration.c(15): Notify: Transaction "PetStore_ClickOnRegistration_T01" started.	[MsgId: MMSG-16999]
Registration.c(17): web_reg_find started  	[MsgId: MMSG-26355]
Registration.c(17): Registering web_reg_find was successful  	[MsgId: MMSG-26390]
Registration.c(20): web_link("Register Now!") started  	[MsgId: MMSG-26355]
Registration.c(20): Error -27985: There is no context for HTML-based functions. A previous function may not have used "Mode=HTML" or downloaded only non-HTML page(s), or the context has been reset (e.g., due to a GUI-based function)  	[MsgId: MERR-27985]
Registration.c(20): Warning -26379: Pending web_reg_save_param/web_reg_find/web_create_html_param/web_create_html_param_ex request(s) are deleted and will be handled as "not found"  	[MsgId: MWAR-26379]
Registration.c(20): Error -26366: "Text=User Information" not found for web_reg_find  	[MsgId: MERR-26366]
Registration.c(20): Error -26374: The above "not found" error(s) may be explained by header and body byte counts being 0 and 0, respectively.  	[MsgId: MERR-26374]
Registration.c(20): web_link("Register Now!") highest severity level was "ERROR", 0 body bytes, 0 header bytes  	[MsgId: MMSG-26388]
Registration.c(20): Notify: Transaction "PetStore_ClickOnRegistration_T01" ended with a "Fail" status (Duration: 0.0064).	[MsgId: MMSG-16873]
Registration.c(20): Notify: Transaction "PetStore_ClickOnRegistration_T01" has 3 error message(s).	[MsgId: MMSG-16818]
Registration.c(20): Notify: The 1st error message associated with transaction "PetStore_ClickOnRegistration_T01" is "Error -27985: There is no context for HTML-based functions. A previous function may not have used "Mode=HTML" or downloaded only non-HTML page(s), or the context has been reset (e.g., due to a GUI-based function)"	[MsgId: MMSG-16819]
Registration.c(20): Notify: The 2nd error message associated with transaction "PetStore_ClickOnRegistration_T01" is "Error -26366: "Text=User Information" not found for web_reg_find"	[MsgId: MMSG-16819]
Registration.c(20): Notify: The 3rd error message associated with transaction "PetStore_ClickOnRegistration_T01" is "Error -26374: The above "not found" error(s) may be explained by header and body byte counts being 0 and 0, respectively."	[MsgId: MMSG-16819]
Ending action Login.	[MsgId: MMSG-15918]
Ending iteration 4.	[MsgId: MMSG-15965]
Waiting 6.6210 seconds for iteration pacing.	[MsgId: MMSG-15996]
CheckOutThProduct.c(31): Notify: Transaction "PetStore_ClickOnContinue_T03" started.	[MsgId: MMSG-16999]
CheckOutThProduct.c(33): web_reg_find started  	[MsgId: MMSG-26355]
CheckOutThProduct.c(33): Registering web_reg_find was successful  	[MsgId: MMSG-26390]
CheckOutThProduct.c(36): web_submit_form("Order.action") started  	[MsgId: MMSG-26355]
CheckOutThProduct.c(36): Submitting form to "https://petstore.octoperf.com/actions/Order.action", Target Frame=""  	[MsgId: MMSG-27978]
CheckOutThProduct.c(36): Resource "https://petstore.octoperf.com/css/jpetstore.css" is in the cache already and will not be downloaded again  	[MsgId: MMSG-26655]
CheckOutThProduct.c(36): Resource "https://petstore.octoperf.com/images/logo-topbar.svg" is in the cache already and will not be downloaded again  	[MsgId: MMSG-26655]
CheckOutThProduct.c(36): Resource "https://petstore.octoperf.com/images/cart.gif" is in the cache already and will not be downloaded again  	[MsgId: MMSG-26655]
CheckOutThProduct.c(36): Resource "https://petstore.octoperf.com/images/separator.gif" is in the cache already and will not be downloaded again  	[MsgId: MMSG-26655]
CheckOutThProduct.c(36): Resource "https://petstore.octoperf.com/images/sm_fish.gif" is in the cache already and will not be downloaded again  	[MsgId: MMSG-26655]
CheckOutThProduct.c(36): Resource "https://petstore.octoperf.com/images/sm_dogs.gif" is in the cache already and will not be downloaded again  	[MsgId: MMSG-26655]
CheckOutThProduct.c(36): Resource "https://petstore.octoperf.com/images/sm_reptiles.gif" is in the cache already and will not be downloaded again  	[MsgId: MMSG-26655]
CheckOutThProduct.c(36): Resource "https://petstore.octoperf.com/images/sm_cats.gif" is in the cache already and will not be downloaded again  	[MsgId: MMSG-26655]
CheckOutThProduct.c(36): Resource "https://petstore.octoperf.com/images/sm_birds.gif" is in the cache already and will not be downloaded again  	[MsgId: MMSG-26655]
CheckOutThProduct.c(36): Resource "https://petstore.octoperf.com/images/banner_fish.gif" is in the cache already and will not be downloaded again  	[MsgId: MMSG-26655]
CheckOutThProduct.c(36): Registered web_reg_find successful for "Text=Confirm" (count=1)  	[MsgId: MMSG-26364]
CheckOutThProduct.c(36): web_submit_form("Order.action") was successful, 4526 body bytes, 225 header bytes  	[MsgId: MMSG-26386]
CheckOutThProduct.c(54): Notify: Transaction "PetStore_ClickOnContinue_T03" ended with a "Pass" status (Duration: 0.2510 Wasted Time: 0.0000).	[MsgId: MMSG-16871]
CheckOutThProduct.c(56): lr_think_time: 4.31 seconds (recorded think time was 5.00 seconds).	[MsgId: MMSG-15947]
CheckOutThProduct.c(58): Notify: Transaction "PetStore_ClickOnConform_T04" started.	[MsgId: MMSG-16999]
CheckOutThProduct.c(59): web_reg_find started  	[MsgId: MMSG-26355]
Starting iteration 5.	[MsgId: MMSG-15968]
CheckOutThProduct.c(59): Registering web_reg_find was successful  	[MsgId: MMSG-26390]
CheckOutThProduct.c(62): web_link("Confirm") started  	[MsgId: MMSG-26355]
CheckOutThProduct.c(62): Linking to "https://petstore.octoperf.com/actions/Order.action?newOrder=&confirmed=true", Target Frame=""  	[MsgId: MMSG-27994]
Notify: Next row for parameter UserName = 1 [table  = UserName].	[MsgId: MMSG-13876]
Notify: Getting new value for parameter 'UserName': table = 'UserCredentilas1.dat' column = '0' row = '1'.	[MsgId: MMSG-13877]
Notify: Next row for parameter PetStoreEndtoEndFlow_UserName = 1 [table  = PetStoreEndtoEndFlow_UserName].	[MsgId: MMSG-13876]
Notify: Getting new value for parameter 'PetStoreEndtoEndFlow_UserName': table = 'UserCredentilas3.dat' column = '0' row = '1'.	[MsgId: MMSG-13877]
Notify: Next row for parameter PetStoreEndtoEndFlow_pass = 1 [table  = PetStoreEndtoEndFlow_pass].	[MsgId: MMSG-13876]
Notify: Getting new value for parameter 'PetStoreEndtoEndFlow_pass': table = 'UserCredentilas4.dat' column = '0' row = '1'.	[MsgId: MMSG-13877]
Notify: Next row for parameter pass = 1 [table  = pass].	[MsgId: MMSG-13876]
Notify: Getting new value for parameter 'pass': table = 'UserCredentilas2.dat' column = '0' row = '1'.	[MsgId: MMSG-13877]
Starting action Login.	[MsgId: MMSG-15919]
Registration.c(15): Notify: Transaction "PetStore_ClickOnRegistration_T01" started.	[MsgId: MMSG-16999]
Registration.c(17): web_reg_find started  	[MsgId: MMSG-26355]
Registration.c(17): Registering web_reg_find was successful  	[MsgId: MMSG-26390]
Registration.c(20): web_link("Register Now!") started  	[MsgId: MMSG-26355]
Registration.c(20): Error -27985: There is no context for HTML-based functions. A previous function may not have used "Mode=HTML" or downloaded only non-HTML page(s), or the context has been reset (e.g., due to a GUI-based function)  	[MsgId: MERR-27985]
Registration.c(20): Warning -26379: Pending web_reg_save_param/web_reg_find/web_create_html_param/web_create_html_param_ex request(s) are deleted and will be handled as "not found"  	[MsgId: MWAR-26379]
Registration.c(20): Error -26366: "Text=User Information" not found for web_reg_find  	[MsgId: MERR-26366]
Registration.c(20): Error -26374: The above "not found" error(s) may be explained by header and body byte counts being 0 and 0, respectively.  	[MsgId: MERR-26374]
Registration.c(20): web_link("Register Now!") highest severity level was "ERROR", 0 body bytes, 0 header bytes  	[MsgId: MMSG-26388]
Registration.c(20): Notify: Transaction "PetStore_ClickOnRegistration_T01" ended with a "Fail" status (Duration: 0.0010).	[MsgId: MMSG-16873]
Registration.c(20): Notify: Transaction "PetStore_ClickOnRegistration_T01" has 3 error message(s).	[MsgId: MMSG-16818]
Registration.c(20): Notify: The 1st error message associated with transaction "PetStore_ClickOnRegistration_T01" is "Error -27985: There is no context for HTML-based functions. A previous function may not have used "Mode=HTML" or downloaded only non-HTML page(s), or the context has been reset (e.g., due to a GUI-based function)"	[MsgId: MMSG-16819]
Registration.c(20): Notify: The 2nd error message associated with transaction "PetStore_ClickOnRegistration_T01" is "Error -26366: "Text=User Information" not found for web_reg_find"	[MsgId: MMSG-16819]
Registration.c(20): Notify: The 3rd error message associated with transaction "PetStore_ClickOnRegistration_T01" is "Error -26374: The above "not found" error(s) may be explained by header and body byte counts being 0 and 0, respectively."	[MsgId: MMSG-16819]
Ending action Login.	[MsgId: MMSG-15918]
Ending iteration 5.	[MsgId: MMSG-15965]
Waiting 5.6870 seconds for iteration pacing.	[MsgId: MMSG-15996]
CheckOutThProduct.c(62): Resource "https://petstore.octoperf.com/css/jpetstore.css" is in the cache already and will not be downloaded again  	[MsgId: MMSG-26655]
CheckOutThProduct.c(62): Resource "https://petstore.octoperf.com/images/logo-topbar.svg" is in the cache already and will not be downloaded again  	[MsgId: MMSG-26655]
CheckOutThProduct.c(62): Resource "https://petstore.octoperf.com/images/cart.gif" is in the cache already and will not be downloaded again  	[MsgId: MMSG-26655]
CheckOutThProduct.c(62): Resource "https://petstore.octoperf.com/images/separator.gif" is in the cache already and will not be downloaded again  	[MsgId: MMSG-26655]
CheckOutThProduct.c(62): Resource "https://petstore.octoperf.com/images/sm_fish.gif" is in the cache already and will not be downloaded again  	[MsgId: MMSG-26655]
CheckOutThProduct.c(62): Resource "https://petstore.octoperf.com/images/sm_dogs.gif" is in the cache already and will not be downloaded again  	[MsgId: MMSG-26655]
CheckOutThProduct.c(62): Resource "https://petstore.octoperf.com/images/sm_reptiles.gif" is in the cache already and will not be downloaded again  	[MsgId: MMSG-26655]
CheckOutThProduct.c(62): Resource "https://petstore.octoperf.com/images/sm_cats.gif" is in the cache already and will not be downloaded again  	[MsgId: MMSG-26655]
CheckOutThProduct.c(62): Resource "https://petstore.octoperf.com/images/sm_birds.gif" is in the cache already and will not be downloaded again  	[MsgId: MMSG-26655]
CheckOutThProduct.c(62): Resource "https://petstore.octoperf.com/images/banner_fish.gif" is in the cache already and will not be downloaded again  	[MsgId: MMSG-26655]
CheckOutThProduct.c(62): Registered web_reg_find successful for "Text=Thank you, your order has been submitted" (count=1)  	[MsgId: MMSG-26364]
CheckOutThProduct.c(62): web_link("Confirm") was successful, 5238 body bytes, 225 header bytes  	[MsgId: MMSG-26386]
CheckOutThProduct.c(66): Notify: Transaction "PetStore_ClickOnConform_T04" ended with a "Pass" status (Duration: 0.1325 Wasted Time: 0.0000).	[MsgId: MMSG-16871]
Ending action CheckOutThProduct.	[MsgId: MMSG-15918]
Ending iteration 1.	[MsgId: MMSG-15965]
Waiting 7.9100 seconds for iteration pacing.	[MsgId: MMSG-15996]
Starting iteration 4.	[MsgId: MMSG-15968]
Notify: Next row for parameter UserName = 1 [table  = UserName].	[MsgId: MMSG-13876]
Notify: Getting new value for parameter 'UserName': table = 'UserCredentilas1.dat' column = '0' row = '1'.	[MsgId: MMSG-13877]
Notify: Next row for parameter PetStoreEndtoEndFlow_UserName = 1 [table  = PetStoreEndtoEndFlow_UserName].	[MsgId: MMSG-13876]
Notify: Getting new value for parameter 'PetStoreEndtoEndFlow_UserName': table = 'UserCredentilas3.dat' column = '0' row = '1'.	[MsgId: MMSG-13877]
Notify: Next row for parameter PetStoreEndtoEndFlow_pass = 1 [table  = PetStoreEndtoEndFlow_pass].	[MsgId: MMSG-13876]
Notify: Getting new value for parameter 'PetStoreEndtoEndFlow_pass': table = 'UserCredentilas4.dat' column = '0' row = '1'.	[MsgId: MMSG-13877]
Notify: Next row for parameter pass = 1 [table  = pass].	[MsgId: MMSG-13876]
Notify: Getting new value for parameter 'pass': table = 'UserCredentilas2.dat' column = '0' row = '1'.	[MsgId: MMSG-13877]
Starting action Login.	[MsgId: MMSG-15919]
Registration.c(15): Notify: Transaction "PetStore_ClickOnRegistration_T01" started.	[MsgId: MMSG-16999]
Registration.c(17): web_reg_find started  	[MsgId: MMSG-26355]
Registration.c(17): Registering web_reg_find was successful  	[MsgId: MMSG-26390]
Registration.c(20): web_link("Register Now!") started  	[MsgId: MMSG-26355]
Registration.c(20): Error -27985: There is no context for HTML-based functions. A previous function may not have used "Mode=HTML" or downloaded only non-HTML page(s), or the context has been reset (e.g., due to a GUI-based function)  	[MsgId: MERR-27985]
Registration.c(20): Warning -26379: Pending web_reg_save_param/web_reg_find/web_create_html_param/web_create_html_param_ex request(s) are deleted and will be handled as "not found"  	[MsgId: MWAR-26379]
Registration.c(20): Error -26366: "Text=User Information" not found for web_reg_find  	[MsgId: MERR-26366]
Registration.c(20): Error -26374: The above "not found" error(s) may be explained by header and body byte counts being 0 and 0, respectively.  	[MsgId: MERR-26374]
Registration.c(20): web_link("Register Now!") highest severity level was "ERROR", 0 body bytes, 0 header bytes  	[MsgId: MMSG-26388]
Registration.c(20): Notify: Transaction "PetStore_ClickOnRegistration_T01" ended with a "Fail" status (Duration: 0.0010).	[MsgId: MMSG-16873]
Registration.c(20): Notify: Transaction "PetStore_ClickOnRegistration_T01" has 3 error message(s).	[MsgId: MMSG-16818]
Registration.c(20): Notify: The 1st error message associated with transaction "PetStore_ClickOnRegistration_T01" is "Error -27985: There is no context for HTML-based functions. A previous function may not have used "Mode=HTML" or downloaded only non-HTML page(s), or the context has been reset (e.g., due to a GUI-based function)"	[MsgId: MMSG-16819]
Registration.c(20): Notify: The 2nd error message associated with transaction "PetStore_ClickOnRegistration_T01" is "Error -26366: "Text=User Information" not found for web_reg_find"	[MsgId: MMSG-16819]
Registration.c(20): Notify: The 3rd error message associated with transaction "PetStore_ClickOnRegistration_T01" is "Error -26374: The above "not found" error(s) may be explained by header and body byte counts being 0 and 0, respectively."	[MsgId: MMSG-16819]
Ending action Login.	[MsgId: MMSG-15918]
Ending iteration 4.	[MsgId: MMSG-15965]
Waiting 8.1140 seconds for iteration pacing.	[MsgId: MMSG-15996]
Starting iteration 6.	[MsgId: MMSG-15968]
Notify: Next row for parameter UserName = 1 [table  = UserName].	[MsgId: MMSG-13876]
Notify: Getting new value for parameter 'UserName': table = 'UserCredentilas1.dat' column = '0' row = '1'.	[MsgId: MMSG-13877]
Notify: Next row for parameter PetStoreEndtoEndFlow_UserName = 1 [table  = PetStoreEndtoEndFlow_UserName].	[MsgId: MMSG-13876]
Notify: Getting new value for parameter 'PetStoreEndtoEndFlow_UserName': table = 'UserCredentilas3.dat' column = '0' row = '1'.	[MsgId: MMSG-13877]
Notify: Next row for parameter PetStoreEndtoEndFlow_pass = 1 [table  = PetStoreEndtoEndFlow_pass].	[MsgId: MMSG-13876]
Notify: Getting new value for parameter 'PetStoreEndtoEndFlow_pass': table = 'UserCredentilas4.dat' column = '0' row = '1'.	[MsgId: MMSG-13877]
Notify: Next row for parameter pass = 1 [table  = pass].	[MsgId: MMSG-13876]
Notify: Getting new value for parameter 'pass': table = 'UserCredentilas2.dat' column = '0' row = '1'.	[MsgId: MMSG-13877]
Starting action Login.	[MsgId: MMSG-15919]
Registration.c(15): Notify: Transaction "PetStore_ClickOnRegistration_T01" started.	[MsgId: MMSG-16999]
Registration.c(17): web_reg_find started  	[MsgId: MMSG-26355]
Registration.c(17): Registering web_reg_find was successful  	[MsgId: MMSG-26390]
Registration.c(20): web_link("Register Now!") started  	[MsgId: MMSG-26355]
Registration.c(20): Error -27985: There is no context for HTML-based functions. A previous function may not have used "Mode=HTML" or downloaded only non-HTML page(s), or the context has been reset (e.g., due to a GUI-based function)  	[MsgId: MERR-27985]
Registration.c(20): Warning -26379: Pending web_reg_save_param/web_reg_find/web_create_html_param/web_create_html_param_ex request(s) are deleted and will be handled as "not found"  	[MsgId: MWAR-26379]
Registration.c(20): Error -26366: "Text=User Information" not found for web_reg_find  	[MsgId: MERR-26366]
Registration.c(20): Error -26374: The above "not found" error(s) may be explained by header and body byte counts being 0 and 0, respectively.  	[MsgId: MERR-26374]
Registration.c(20): web_link("Register Now!") highest severity level was "ERROR", 0 body bytes, 0 header bytes  	[MsgId: MMSG-26388]
Registration.c(20): Notify: Transaction "PetStore_ClickOnRegistration_T01" ended with a "Fail" status (Duration: 0.0013).	[MsgId: MMSG-16873]
Registration.c(20): Notify: Transaction "PetStore_ClickOnRegistration_T01" has 3 error message(s).	[MsgId: MMSG-16818]
Registration.c(20): Notify: The 1st error message associated with transaction "PetStore_ClickOnRegistration_T01" is "Error -27985: There is no context for HTML-based functions. A previous function may not have used "Mode=HTML" or downloaded only non-HTML page(s), or the context has been reset (e.g., due to a GUI-based function)"	[MsgId: MMSG-16819]
Registration.c(20): Notify: The 2nd error message associated with transaction "PetStore_ClickOnRegistration_T01" is "Error -26366: "Text=User Information" not found for web_reg_find"	[MsgId: MMSG-16819]
Registration.c(20): Notify: The 3rd error message associated with transaction "PetStore_ClickOnRegistration_T01" is "Error -26374: The above "not found" error(s) may be explained by header and body byte counts being 0 and 0, respectively."	[MsgId: MMSG-16819]
Ending action Login.	[MsgId: MMSG-15918]
Ending iteration 6.	[MsgId: MMSG-15965]
Waiting 8.7090 seconds for iteration pacing.	[MsgId: MMSG-15996]
CheckOutThProduct.c(19): Notify: Transaction "PetStore_ClickOnProccedToCheckOut_T02" started.	[MsgId: MMSG-16999]
CheckOutThProduct.c(20): web_reg_find started  	[MsgId: MMSG-26355]
CheckOutThProduct.c(20): Registering web_reg_find was successful  	[MsgId: MMSG-26390]
CheckOutThProduct.c(23): web_link("Proceed to Checkout") started  	[MsgId: MMSG-26355]
CheckOutThProduct.c(23): Linking to "https://petstore.octoperf.com/actions/Order.action?newOrderForm=", Target Frame=""  	[MsgId: MMSG-27994]
CheckOutThProduct.c(23): Resource "https://petstore.octoperf.com/css/jpetstore.css" is in the cache already and will not be downloaded again  	[MsgId: MMSG-26655]
CheckOutThProduct.c(23): Resource "https://petstore.octoperf.com/images/logo-topbar.svg" is in the cache already and will not be downloaded again  	[MsgId: MMSG-26655]
CheckOutThProduct.c(23): Resource "https://petstore.octoperf.com/images/cart.gif" is in the cache already and will not be downloaded again  	[MsgId: MMSG-26655]
CheckOutThProduct.c(23): Resource "https://petstore.octoperf.com/images/separator.gif" is in the cache already and will not be downloaded again  	[MsgId: MMSG-26655]
CheckOutThProduct.c(23): Resource "https://petstore.octoperf.com/images/sm_fish.gif" is in the cache already and will not be downloaded again  	[MsgId: MMSG-26655]
CheckOutThProduct.c(23): Resource "https://petstore.octoperf.com/images/sm_dogs.gif" is in the cache already and will not be downloaded again  	[MsgId: MMSG-26655]
CheckOutThProduct.c(23): Resource "https://petstore.octoperf.com/images/sm_reptiles.gif" is in the cache already and will not be downloaded again  	[MsgId: MMSG-26655]
CheckOutThProduct.c(23): Resource "https://petstore.octoperf.com/images/sm_cats.gif" is in the cache already and will not be downloaded again  	[MsgId: MMSG-26655]
CheckOutThProduct.c(23): Resource "https://petstore.octoperf.com/images/sm_birds.gif" is in the cache already and will not be downloaded again  	[MsgId: MMSG-26655]
CheckOutThProduct.c(23): Resource "https://petstore.octoperf.com/images/banner_fish.gif" is in the cache already and will not be downloaded again  	[MsgId: MMSG-26655]
CheckOutThProduct.c(23): Registered web_reg_find successful for "Text=Payment Details" (count=1)  	[MsgId: MMSG-26364]
CheckOutThProduct.c(23): web_link("Proceed to Checkout") was successful, 5376 body bytes, 225 header bytes  	[MsgId: MMSG-26386]
CheckOutThProduct.c(27): Notify: Transaction "PetStore_ClickOnProccedToCheckOut_T02" ended with a "Pass" status (Duration: 0.1260 Wasted Time: 0.0000).	[MsgId: MMSG-16871]
CheckOutThProduct.c(29): lr_think_time: 3.48 seconds (recorded think time was 5.00 seconds).	[MsgId: MMSG-15947]
CheckOutThProduct.c(58): Notify: Transaction "PetStore_ClickOnConform_T04" started.	[MsgId: MMSG-16999]
CheckOutThProduct.c(59): web_reg_find started  	[MsgId: MMSG-26355]
CheckOutThProduct.c(59): Registering web_reg_find was successful  	[MsgId: MMSG-26390]
CheckOutThProduct.c(62): web_link("Confirm") started  	[MsgId: MMSG-26355]
CheckOutThProduct.c(62): Linking to "https://petstore.octoperf.com/actions/Order.action?newOrder=&confirmed=true", Target Frame=""  	[MsgId: MMSG-27994]
CheckOutThProduct.c(62): Resource "https://petstore.octoperf.com/css/jpetstore.css" is in the cache already and will not be downloaded again  	[MsgId: MMSG-26655]
CheckOutThProduct.c(62): Resource "https://petstore.octoperf.com/images/logo-topbar.svg" is in the cache already and will not be downloaded again  	[MsgId: MMSG-26655]
CheckOutThProduct.c(62): Resource "https://petstore.octoperf.com/images/cart.gif" is in the cache already and will not be downloaded again  	[MsgId: MMSG-26655]
CheckOutThProduct.c(62): Resource "https://petstore.octoperf.com/images/separator.gif" is in the cache already and will not be downloaded again  	[MsgId: MMSG-26655]
CheckOutThProduct.c(62): Resource "https://petstore.octoperf.com/images/sm_fish.gif" is in the cache already and will not be downloaded again  	[MsgId: MMSG-26655]
CheckOutThProduct.c(62): Resource "https://petstore.octoperf.com/images/sm_dogs.gif" is in the cache already and will not be downloaded again  	[MsgId: MMSG-26655]
CheckOutThProduct.c(62): Resource "https://petstore.octoperf.com/images/sm_reptiles.gif" is in the cache already and will not be downloaded again  	[MsgId: MMSG-26655]
CheckOutThProduct.c(62): Resource "https://petstore.octoperf.com/images/sm_cats.gif" is in the cache already and will not be downloaded again  	[MsgId: MMSG-26655]
CheckOutThProduct.c(62): Resource "https://petstore.octoperf.com/images/sm_birds.gif" is in the cache already and will not be downloaded again  	[MsgId: MMSG-26655]
CheckOutThProduct.c(62): Resource "https://petstore.octoperf.com/images/banner_fish.gif" is in the cache already and will not be downloaded again  	[MsgId: MMSG-26655]
CheckOutThProduct.c(62): Registered web_reg_find successful for "Text=Thank you, your order has been submitted" (count=1)  	[MsgId: MMSG-26364]
CheckOutThProduct.c(62): web_link("Confirm") was successful, 5224 body bytes, 225 header bytes  	[MsgId: MMSG-26386]
CheckOutThProduct.c(66): Notify: Transaction "PetStore_ClickOnConform_T04" ended with a "Pass" status (Duration: 0.1292 Wasted Time: 0.0000).	[MsgId: MMSG-16871]
Ending action CheckOutThProduct.	[MsgId: MMSG-15918]
Ending iteration 1.	[MsgId: MMSG-15965]
Waiting 7.3270 seconds for iteration pacing.	[MsgId: MMSG-15996]
Starting iteration 3.	[MsgId: MMSG-15968]
Notify: Next row for parameter UserName = 1 [table  = UserName].	[MsgId: MMSG-13876]
Notify: Getting new value for parameter 'UserName': table = 'UserCredentilas1.dat' column = '0' row = '1'.	[MsgId: MMSG-13877]
Notify: Next row for parameter PetStoreEndtoEndFlow_UserName = 1 [table  = PetStoreEndtoEndFlow_UserName].	[MsgId: MMSG-13876]
Notify: Getting new value for parameter 'PetStoreEndtoEndFlow_UserName': table = 'UserCredentilas3.dat' column = '0' row = '1'.	[MsgId: MMSG-13877]
Notify: Next row for parameter PetStoreEndtoEndFlow_pass = 1 [table  = PetStoreEndtoEndFlow_pass].	[MsgId: MMSG-13876]
Notify: Getting new value for parameter 'PetStoreEndtoEndFlow_pass': table = 'UserCredentilas4.dat' column = '0' row = '1'.	[MsgId: MMSG-13877]
Notify: Next row for parameter pass = 1 [table  = pass].	[MsgId: MMSG-13876]
Notify: Getting new value for parameter 'pass': table = 'UserCredentilas2.dat' column = '0' row = '1'.	[MsgId: MMSG-13877]
Starting action Login.	[MsgId: MMSG-15919]
Registration.c(15): Notify: Transaction "PetStore_ClickOnRegistration_T01" started.	[MsgId: MMSG-16999]
Registration.c(17): web_reg_find started  	[MsgId: MMSG-26355]
Registration.c(17): Registering web_reg_find was successful  	[MsgId: MMSG-26390]
Registration.c(20): web_link("Register Now!") started  	[MsgId: MMSG-26355]
Registration.c(20): Error -27985: There is no context for HTML-based functions. A previous function may not have used "Mode=HTML" or downloaded only non-HTML page(s), or the context has been reset (e.g., due to a GUI-based function)  	[MsgId: MERR-27985]
Registration.c(20): Warning -26379: Pending web_reg_save_param/web_reg_find/web_create_html_param/web_create_html_param_ex request(s) are deleted and will be handled as "not found"  	[MsgId: MWAR-26379]
Registration.c(20): Error -26366: "Text=User Information" not found for web_reg_find  	[MsgId: MERR-26366]
Registration.c(20): Error -26374: The above "not found" error(s) may be explained by header and body byte counts being 0 and 0, respectively.  	[MsgId: MERR-26374]
Registration.c(20): web_link("Register Now!") highest severity level was "ERROR", 0 body bytes, 0 header bytes  	[MsgId: MMSG-26388]
Registration.c(20): Notify: Transaction "PetStore_ClickOnRegistration_T01" ended with a "Fail" status (Duration: 0.0012).	[MsgId: MMSG-16873]
Registration.c(20): Notify: Transaction "PetStore_ClickOnRegistration_T01" has 3 error message(s).	[MsgId: MMSG-16818]
Registration.c(20): Notify: The 1st error message associated with transaction "PetStore_ClickOnRegistration_T01" is "Error -27985: There is no context for HTML-based functions. A previous function may not have used "Mode=HTML" or downloaded only non-HTML page(s), or the context has been reset (e.g., due to a GUI-based function)"	[MsgId: MMSG-16819]
Registration.c(20): Notify: The 2nd error message associated with transaction "PetStore_ClickOnRegistration_T01" is "Error -26366: "Text=User Information" not found for web_reg_find"	[MsgId: MMSG-16819]
Registration.c(20): Notify: The 3rd error message associated with transaction "PetStore_ClickOnRegistration_T01" is "Error -26374: The above "not found" error(s) may be explained by header and body byte counts being 0 and 0, respectively."	[MsgId: MMSG-16819]
Ending action Login.	[MsgId: MMSG-15918]
Ending iteration 3.	[MsgId: MMSG-15965]
Waiting 9.5590 seconds for iteration pacing.	[MsgId: MMSG-15996]
Starting iteration 2.	[MsgId: MMSG-15968]
Notify: Next row for parameter UserName = 1 [table  = UserName].	[MsgId: MMSG-13876]
Notify: Getting new value for parameter 'UserName': table = 'UserCredentilas1.dat' column = '0' row = '1'.	[MsgId: MMSG-13877]
Notify: Next row for parameter PetStoreEndtoEndFlow_UserName = 1 [table  = PetStoreEndtoEndFlow_UserName].	[MsgId: MMSG-13876]
Notify: Getting new value for parameter 'PetStoreEndtoEndFlow_UserName': table = 'UserCredentilas3.dat' column = '0' row = '1'.	[MsgId: MMSG-13877]
Notify: Next row for parameter PetStoreEndtoEndFlow_pass = 1 [table  = PetStoreEndtoEndFlow_pass].	[MsgId: MMSG-13876]
Notify: Getting new value for parameter 'PetStoreEndtoEndFlow_pass': table = 'UserCredentilas4.dat' column = '0' row = '1'.	[MsgId: MMSG-13877]
Notify: Next row for parameter pass = 1 [table  = pass].	[MsgId: MMSG-13876]
Notify: Getting new value for parameter 'pass': table = 'UserCredentilas2.dat' column = '0' row = '1'.	[MsgId: MMSG-13877]
Starting action Login.	[MsgId: MMSG-15919]
Registration.c(15): Notify: Transaction "PetStore_ClickOnRegistration_T01" started.	[MsgId: MMSG-16999]
Registration.c(17): web_reg_find started  	[MsgId: MMSG-26355]
Registration.c(17): Registering web_reg_find was successful  	[MsgId: MMSG-26390]
Registration.c(20): web_link("Register Now!") started  	[MsgId: MMSG-26355]
Registration.c(20): Error -27985: There is no context for HTML-based functions. A previous function may not have used "Mode=HTML" or downloaded only non-HTML page(s), or the context has been reset (e.g., due to a GUI-based function)  	[MsgId: MERR-27985]
Registration.c(20): Warning -26379: Pending web_reg_save_param/web_reg_find/web_create_html_param/web_create_html_param_ex request(s) are deleted and will be handled as "not found"  	[MsgId: MWAR-26379]
Registration.c(20): Error -26366: "Text=User Information" not found for web_reg_find  	[MsgId: MERR-26366]
Registration.c(20): Error -26374: The above "not found" error(s) may be explained by header and body byte counts being 0 and 0, respectively.  	[MsgId: MERR-26374]
Registration.c(20): web_link("Register Now!") highest severity level was "ERROR", 0 body bytes, 0 header bytes  	[MsgId: MMSG-26388]
Registration.c(20): Notify: Transaction "PetStore_ClickOnRegistration_T01" ended with a "Fail" status (Duration: 0.0009).	[MsgId: MMSG-16873]
Registration.c(20): Notify: Transaction "PetStore_ClickOnRegistration_T01" has 3 error message(s).	[MsgId: MMSG-16818]
Registration.c(20): Notify: The 1st error message associated with transaction "PetStore_ClickOnRegistration_T01" is "Error -27985: There is no context for HTML-based functions. A previous function may not have used "Mode=HTML" or downloaded only non-HTML page(s), or the context has been reset (e.g., due to a GUI-based function)"	[MsgId: MMSG-16819]
Registration.c(20): Notify: The 2nd error message associated with transaction "PetStore_ClickOnRegistration_T01" is "Error -26366: "Text=User Information" not found for web_reg_find"	[MsgId: MMSG-16819]
Registration.c(20): Notify: The 3rd error message associated with transaction "PetStore_ClickOnRegistration_T01" is "Error -26374: The above "not found" error(s) may be explained by header and body byte counts being 0 and 0, respectively."	[MsgId: MMSG-16819]
Ending action Login.	[MsgId: MMSG-15918]
Ending iteration 2.	[MsgId: MMSG-15965]
Waiting 5.3530 seconds for iteration pacing.	[MsgId: MMSG-15996]
Starting iteration 5.	[MsgId: MMSG-15968]
Notify: Next row for parameter UserName = 1 [table  = UserName].	[MsgId: MMSG-13876]
Notify: Getting new value for parameter 'UserName': table = 'UserCredentilas1.dat' column = '0' row = '1'.	[MsgId: MMSG-13877]
Notify: Next row for parameter PetStoreEndtoEndFlow_UserName = 1 [table  = PetStoreEndtoEndFlow_UserName].	[MsgId: MMSG-13876]
Notify: Getting new value for parameter 'PetStoreEndtoEndFlow_UserName': table = 'UserCredentilas3.dat' column = '0' row = '1'.	[MsgId: MMSG-13877]
Notify: Next row for parameter PetStoreEndtoEndFlow_pass = 1 [table  = PetStoreEndtoEndFlow_pass].	[MsgId: MMSG-13876]
Notify: Getting new value for parameter 'PetStoreEndtoEndFlow_pass': table = 'UserCredentilas4.dat' column = '0' row = '1'.	[MsgId: MMSG-13877]
Notify: Next row for parameter pass = 1 [table  = pass].	[MsgId: MMSG-13876]
Notify: Getting new value for parameter 'pass': table = 'UserCredentilas2.dat' column = '0' row = '1'.	[MsgId: MMSG-13877]
Starting action Login.	[MsgId: MMSG-15919]
Registration.c(15): Notify: Transaction "PetStore_ClickOnRegistration_T01" started.	[MsgId: MMSG-16999]
Registration.c(17): web_reg_find started  	[MsgId: MMSG-26355]
Registration.c(17): Registering web_reg_find was successful  	[MsgId: MMSG-26390]
Registration.c(20): web_link("Register Now!") started  	[MsgId: MMSG-26355]
Registration.c(20): Error -27985: There is no context for HTML-based functions. A previous function may not have used "Mode=HTML" or downloaded only non-HTML page(s), or the context has been reset (e.g., due to a GUI-based function)  	[MsgId: MERR-27985]
Registration.c(20): Warning -26379: Pending web_reg_save_param/web_reg_find/web_create_html_param/web_create_html_param_ex request(s) are deleted and will be handled as "not found"  	[MsgId: MWAR-26379]
Registration.c(20): Error -26366: "Text=User Information" not found for web_reg_find  	[MsgId: MERR-26366]
Registration.c(20): Error -26374: The above "not found" error(s) may be explained by header and body byte counts being 0 and 0, respectively.  	[MsgId: MERR-26374]
Registration.c(20): web_link("Register Now!") highest severity level was "ERROR", 0 body bytes, 0 header bytes  	[MsgId: MMSG-26388]
Registration.c(20): Notify: Transaction "PetStore_ClickOnRegistration_T01" ended with a "Fail" status (Duration: 0.0019).	[MsgId: MMSG-16873]
Registration.c(20): Notify: Transaction "PetStore_ClickOnRegistration_T01" has 3 error message(s).	[MsgId: MMSG-16818]
Registration.c(20): Notify: The 1st error message associated with transaction "PetStore_ClickOnRegistration_T01" is "Error -27985: There is no context for HTML-based functions. A previous function may not have used "Mode=HTML" or downloaded only non-HTML page(s), or the context has been reset (e.g., due to a GUI-based function)"	[MsgId: MMSG-16819]
Registration.c(20): Notify: The 2nd error message associated with transaction "PetStore_ClickOnRegistration_T01" is "Error -26366: "Text=User Information" not found for web_reg_find"	[MsgId: MMSG-16819]
Registration.c(20): Notify: The 3rd error message associated with transaction "PetStore_ClickOnRegistration_T01" is "Error -26374: The above "not found" error(s) may be explained by header and body byte counts being 0 and 0, respectively."	[MsgId: MMSG-16819]
Ending action Login.	[MsgId: MMSG-15918]
Ending iteration 5.	[MsgId: MMSG-15965]
Waiting 5.7760 seconds for iteration pacing.	[MsgId: MMSG-15996]
Starting iteration 6.	[MsgId: MMSG-15968]
Notify: Next row for parameter UserName = 1 [table  = UserName].	[MsgId: MMSG-13876]
Notify: Getting new value for parameter 'UserName': table = 'UserCredentilas1.dat' column = '0' row = '1'.	[MsgId: MMSG-13877]
Notify: Next row for parameter PetStoreEndtoEndFlow_UserName = 1 [table  = PetStoreEndtoEndFlow_UserName].	[MsgId: MMSG-13876]
Notify: Getting new value for parameter 'PetStoreEndtoEndFlow_UserName': table = 'UserCredentilas3.dat' column = '0' row = '1'.	[MsgId: MMSG-13877]
Notify: Next row for parameter PetStoreEndtoEndFlow_pass = 1 [table  = PetStoreEndtoEndFlow_pass].	[MsgId: MMSG-13876]
Notify: Getting new value for parameter 'PetStoreEndtoEndFlow_pass': table = 'UserCredentilas4.dat' column = '0' row = '1'.	[MsgId: MMSG-13877]
Notify: Next row for parameter pass = 1 [table  = pass].	[MsgId: MMSG-13876]
Notify: Getting new value for parameter 'pass': table = 'UserCredentilas2.dat' column = '0' row = '1'.	[MsgId: MMSG-13877]
Starting action Login.	[MsgId: MMSG-15919]
Registration.c(15): Notify: Transaction "PetStore_ClickOnRegistration_T01" started.	[MsgId: MMSG-16999]
Registration.c(17): web_reg_find started  	[MsgId: MMSG-26355]
Registration.c(17): Registering web_reg_find was successful  	[MsgId: MMSG-26390]
Registration.c(20): web_link("Register Now!") started  	[MsgId: MMSG-26355]
Registration.c(20): Error -27985: There is no context for HTML-based functions. A previous function may not have used "Mode=HTML" or downloaded only non-HTML page(s), or the context has been reset (e.g., due to a GUI-based function)  	[MsgId: MERR-27985]
Registration.c(20): Warning -26379: Pending web_reg_save_param/web_reg_find/web_create_html_param/web_create_html_param_ex request(s) are deleted and will be handled as "not found"  	[MsgId: MWAR-26379]
Registration.c(20): Error -26366: "Text=User Information" not found for web_reg_find  	[MsgId: MERR-26366]
Registration.c(20): Error -26374: The above "not found" error(s) may be explained by header and body byte counts being 0 and 0, respectively.  	[MsgId: MERR-26374]
Registration.c(20): web_link("Register Now!") highest severity level was "ERROR", 0 body bytes, 0 header bytes  	[MsgId: MMSG-26388]
Registration.c(20): Notify: Transaction "PetStore_ClickOnRegistration_T01" ended with a "Fail" status (Duration: 0.0011).	[MsgId: MMSG-16873]
Registration.c(20): Notify: Transaction "PetStore_ClickOnRegistration_T01" has 3 error message(s).	[MsgId: MMSG-16818]
Registration.c(20): Notify: The 1st error message associated with transaction "PetStore_ClickOnRegistration_T01" is "Error -27985: There is no context for HTML-based functions. A previous function may not have used "Mode=HTML" or downloaded only non-HTML page(s), or the context has been reset (e.g., due to a GUI-based function)"	[MsgId: MMSG-16819]
Registration.c(20): Notify: The 2nd error message associated with transaction "PetStore_ClickOnRegistration_T01" is "Error -26366: "Text=User Information" not found for web_reg_find"	[MsgId: MMSG-16819]
Registration.c(20): Notify: The 3rd error message associated with transaction "PetStore_ClickOnRegistration_T01" is "Error -26374: The above "not found" error(s) may be explained by header and body byte counts being 0 and 0, respectively."	[MsgId: MMSG-16819]
Ending action Login.	[MsgId: MMSG-15918]
Ending iteration 6.	[MsgId: MMSG-15965]
Waiting 7.4020 seconds for iteration pacing.	[MsgId: MMSG-15996]
Starting iteration 3.	[MsgId: MMSG-15968]
Notify: Next row for parameter UserName = 1 [table  = UserName].	[MsgId: MMSG-13876]
Notify: Getting new value for parameter 'UserName': table = 'UserCredentilas1.dat' column = '0' row = '1'.	[MsgId: MMSG-13877]
Notify: Next row for parameter PetStoreEndtoEndFlow_UserName = 1 [table  = PetStoreEndtoEndFlow_UserName].	[MsgId: MMSG-13876]
Notify: Getting new value for parameter 'PetStoreEndtoEndFlow_UserName': table = 'UserCredentilas3.dat' column = '0' row = '1'.	[MsgId: MMSG-13877]
Notify: Next row for parameter PetStoreEndtoEndFlow_pass = 1 [table  = PetStoreEndtoEndFlow_pass].	[MsgId: MMSG-13876]
Notify: Getting new value for parameter 'PetStoreEndtoEndFlow_pass': table = 'UserCredentilas4.dat' column = '0' row = '1'.	[MsgId: MMSG-13877]
Notify: Next row for parameter pass = 1 [table  = pass].	[MsgId: MMSG-13876]
Notify: Getting new value for parameter 'pass': table = 'UserCredentilas2.dat' column = '0' row = '1'.	[MsgId: MMSG-13877]
Starting action Login.	[MsgId: MMSG-15919]
Registration.c(15): Notify: Transaction "PetStore_ClickOnRegistration_T01" started.	[MsgId: MMSG-16999]
Registration.c(17): web_reg_find started  	[MsgId: MMSG-26355]
Registration.c(17): Registering web_reg_find was successful  	[MsgId: MMSG-26390]
Registration.c(20): web_link("Register Now!") started  	[MsgId: MMSG-26355]
Registration.c(20): Error -27985: There is no context for HTML-based functions. A previous function may not have used "Mode=HTML" or downloaded only non-HTML page(s), or the context has been reset (e.g., due to a GUI-based function)  	[MsgId: MERR-27985]
Registration.c(20): Warning -26379: Pending web_reg_save_param/web_reg_find/web_create_html_param/web_create_html_param_ex request(s) are deleted and will be handled as "not found"  	[MsgId: MWAR-26379]
Registration.c(20): Error -26366: "Text=User Information" not found for web_reg_find  	[MsgId: MERR-26366]
Registration.c(20): Error -26374: The above "not found" error(s) may be explained by header and body byte counts being 0 and 0, respectively.  	[MsgId: MERR-26374]
Registration.c(20): web_link("Register Now!") highest severity level was "ERROR", 0 body bytes, 0 header bytes  	[MsgId: MMSG-26388]
Registration.c(20): Notify: Transaction "PetStore_ClickOnRegistration_T01" ended with a "Fail" status (Duration: 0.0010).	[MsgId: MMSG-16873]
Registration.c(20): Notify: Transaction "PetStore_ClickOnRegistration_T01" has 3 error message(s).	[MsgId: MMSG-16818]
Registration.c(20): Notify: The 1st error message associated with transaction "PetStore_ClickOnRegistration_T01" is "Error -27985: There is no context for HTML-based functions. A previous function may not have used "Mode=HTML" or downloaded only non-HTML page(s), or the context has been reset (e.g., due to a GUI-based function)"	[MsgId: MMSG-16819]
Registration.c(20): Notify: The 2nd error message associated with transaction "PetStore_ClickOnRegistration_T01" is "Error -26366: "Text=User Information" not found for web_reg_find"	[MsgId: MMSG-16819]
Registration.c(20): Notify: The 3rd error message associated with transaction "PetStore_ClickOnRegistration_T01" is "Error -26374: The above "not found" error(s) may be explained by header and body byte counts being 0 and 0, respectively."	[MsgId: MMSG-16819]
Ending action Login.	[MsgId: MMSG-15918]
Ending iteration 3.	[MsgId: MMSG-15965]
Waiting 9.2130 seconds for iteration pacing.	[MsgId: MMSG-15996]
CheckOutThProduct.c(31): Notify: Transaction "PetStore_ClickOnContinue_T03" started.	[MsgId: MMSG-16999]
CheckOutThProduct.c(33): web_reg_find started  	[MsgId: MMSG-26355]
CheckOutThProduct.c(33): Registering web_reg_find was successful  	[MsgId: MMSG-26390]
CheckOutThProduct.c(36): web_submit_form("Order.action") started  	[MsgId: MMSG-26355]
CheckOutThProduct.c(36): Submitting form to "https://petstore.octoperf.com/actions/Order.action", Target Frame=""  	[MsgId: MMSG-27978]
CheckOutThProduct.c(36): Resource "https://petstore.octoperf.com/css/jpetstore.css" is in the cache already and will not be downloaded again  	[MsgId: MMSG-26655]
CheckOutThProduct.c(36): Resource "https://petstore.octoperf.com/images/logo-topbar.svg" is in the cache already and will not be downloaded again  	[MsgId: MMSG-26655]
CheckOutThProduct.c(36): Resource "https://petstore.octoperf.com/images/cart.gif" is in the cache already and will not be downloaded again  	[MsgId: MMSG-26655]
CheckOutThProduct.c(36): Resource "https://petstore.octoperf.com/images/separator.gif" is in the cache already and will not be downloaded again  	[MsgId: MMSG-26655]
CheckOutThProduct.c(36): Resource "https://petstore.octoperf.com/images/sm_fish.gif" is in the cache already and will not be downloaded again  	[MsgId: MMSG-26655]
CheckOutThProduct.c(36): Resource "https://petstore.octoperf.com/images/sm_dogs.gif" is in the cache already and will not be downloaded again  	[MsgId: MMSG-26655]
CheckOutThProduct.c(36): Resource "https://petstore.octoperf.com/images/sm_reptiles.gif" is in the cache already and will not be downloaded again  	[MsgId: MMSG-26655]
CheckOutThProduct.c(36): Resource "https://petstore.octoperf.com/images/sm_cats.gif" is in the cache already and will not be downloaded again  	[MsgId: MMSG-26655]
CheckOutThProduct.c(36): Resource "https://petstore.octoperf.com/images/sm_birds.gif" is in the cache already and will not be downloaded again  	[MsgId: MMSG-26655]
CheckOutThProduct.c(36): Resource "https://petstore.octoperf.com/images/banner_fish.gif" is in the cache already and will not be downloaded again  	[MsgId: MMSG-26655]
CheckOutThProduct.c(36): Registered web_reg_find successful for "Text=Confirm" (count=1)  	[MsgId: MMSG-26364]
CheckOutThProduct.c(36): web_submit_form("Order.action") was successful, 4526 body bytes, 225 header bytes  	[MsgId: MMSG-26386]
CheckOutThProduct.c(54): Notify: Transaction "PetStore_ClickOnContinue_T03" ended with a "Pass" status (Duration: 0.2476 Wasted Time: 0.0000).	[MsgId: MMSG-16871]
CheckOutThProduct.c(56): lr_think_time: 4.97 seconds (recorded think time was 5.00 seconds).	[MsgId: MMSG-15947]
Starting iteration 2.	[MsgId: MMSG-15968]
Notify: Next row for parameter UserName = 1 [table  = UserName].	[MsgId: MMSG-13876]
Notify: Getting new value for parameter 'UserName': table = 'UserCredentilas1.dat' column = '0' row = '1'.	[MsgId: MMSG-13877]
Notify: Next row for parameter PetStoreEndtoEndFlow_UserName = 1 [table  = PetStoreEndtoEndFlow_UserName].	[MsgId: MMSG-13876]
Notify: Getting new value for parameter 'PetStoreEndtoEndFlow_UserName': table = 'UserCredentilas3.dat' column = '0' row = '1'.	[MsgId: MMSG-13877]
Notify: Next row for parameter PetStoreEndtoEndFlow_pass = 1 [table  = PetStoreEndtoEndFlow_pass].	[MsgId: MMSG-13876]
Notify: Getting new value for parameter 'PetStoreEndtoEndFlow_pass': table = 'UserCredentilas4.dat' column = '0' row = '1'.	[MsgId: MMSG-13877]
Notify: Next row for parameter pass = 1 [table  = pass].	[MsgId: MMSG-13876]
Notify: Getting new value for parameter 'pass': table = 'UserCredentilas2.dat' column = '0' row = '1'.	[MsgId: MMSG-13877]
Starting action Login.	[MsgId: MMSG-15919]
Registration.c(15): Notify: Transaction "PetStore_ClickOnRegistration_T01" started.	[MsgId: MMSG-16999]
Registration.c(17): web_reg_find started  	[MsgId: MMSG-26355]
Registration.c(17): Registering web_reg_find was successful  	[MsgId: MMSG-26390]
Registration.c(20): web_link("Register Now!") started  	[MsgId: MMSG-26355]
Registration.c(20): Error -27985: There is no context for HTML-based functions. A previous function may not have used "Mode=HTML" or downloaded only non-HTML page(s), or the context has been reset (e.g., due to a GUI-based function)  	[MsgId: MERR-27985]
Registration.c(20): Warning -26379: Pending web_reg_save_param/web_reg_find/web_create_html_param/web_create_html_param_ex request(s) are deleted and will be handled as "not found"  	[MsgId: MWAR-26379]
Registration.c(20): Error -26366: "Text=User Information" not found for web_reg_find  	[MsgId: MERR-26366]
Registration.c(20): Error -26374: The above "not found" error(s) may be explained by header and body byte counts being 0 and 0, respectively.  	[MsgId: MERR-26374]
Registration.c(20): web_link("Register Now!") highest severity level was "ERROR", 0 body bytes, 0 header bytes  	[MsgId: MMSG-26388]
Registration.c(20): Notify: Transaction "PetStore_ClickOnRegistration_T01" ended with a "Fail" status (Duration: 0.0010).	[MsgId: MMSG-16873]
Registration.c(20): Notify: Transaction "PetStore_ClickOnRegistration_T01" has 3 error message(s).	[MsgId: MMSG-16818]
Registration.c(20): Notify: The 1st error message associated with transaction "PetStore_ClickOnRegistration_T01" is "Error -27985: There is no context for HTML-based functions. A previous function may not have used "Mode=HTML" or downloaded only non-HTML page(s), or the context has been reset (e.g., due to a GUI-based function)"	[MsgId: MMSG-16819]
Registration.c(20): Notify: The 2nd error message associated with transaction "PetStore_ClickOnRegistration_T01" is "Error -26366: "Text=User Information" not found for web_reg_find"	[MsgId: MMSG-16819]
Registration.c(20): Notify: The 3rd error message associated with transaction "PetStore_ClickOnRegistration_T01" is "Error -26374: The above "not found" error(s) may be explained by header and body byte counts being 0 and 0, respectively."	[MsgId: MMSG-16819]
Ending action Login.	[MsgId: MMSG-15918]
Ending iteration 2.	[MsgId: MMSG-15965]
Waiting 7.0330 seconds for iteration pacing.	[MsgId: MMSG-15996]
Starting iteration 5.	[MsgId: MMSG-15968]
Notify: Next row for parameter UserName = 1 [table  = UserName].	[MsgId: MMSG-13876]
Notify: Getting new value for parameter 'UserName': table = 'UserCredentilas1.dat' column = '0' row = '1'.	[MsgId: MMSG-13877]
Notify: Next row for parameter PetStoreEndtoEndFlow_UserName = 1 [table  = PetStoreEndtoEndFlow_UserName].	[MsgId: MMSG-13876]
Notify: Getting new value for parameter 'PetStoreEndtoEndFlow_UserName': table = 'UserCredentilas3.dat' column = '0' row = '1'.	[MsgId: MMSG-13877]
Notify: Next row for parameter PetStoreEndtoEndFlow_pass = 1 [table  = PetStoreEndtoEndFlow_pass].	[MsgId: MMSG-13876]
Notify: Getting new value for parameter 'PetStoreEndtoEndFlow_pass': table = 'UserCredentilas4.dat' column = '0' row = '1'.	[MsgId: MMSG-13877]
Notify: Next row for parameter pass = 1 [table  = pass].	[MsgId: MMSG-13876]
Notify: Getting new value for parameter 'pass': table = 'UserCredentilas2.dat' column = '0' row = '1'.	[MsgId: MMSG-13877]
Starting action Login.	[MsgId: MMSG-15919]
Registration.c(15): Notify: Transaction "PetStore_ClickOnRegistration_T01" started.	[MsgId: MMSG-16999]
Registration.c(17): web_reg_find started  	[MsgId: MMSG-26355]
Registration.c(17): Registering web_reg_find was successful  	[MsgId: MMSG-26390]
Registration.c(20): web_link("Register Now!") started  	[MsgId: MMSG-26355]
Registration.c(20): Error -27985: There is no context for HTML-based functions. A previous function may not have used "Mode=HTML" or downloaded only non-HTML page(s), or the context has been reset (e.g., due to a GUI-based function)  	[MsgId: MERR-27985]
Registration.c(20): Warning -26379: Pending web_reg_save_param/web_reg_find/web_create_html_param/web_create_html_param_ex request(s) are deleted and will be handled as "not found"  	[MsgId: MWAR-26379]
Registration.c(20): Error -26366: "Text=User Information" not found for web_reg_find  	[MsgId: MERR-26366]
Registration.c(20): Error -26374: The above "not found" error(s) may be explained by header and body byte counts being 0 and 0, respectively.  	[MsgId: MERR-26374]
Registration.c(20): web_link("Register Now!") highest severity level was "ERROR", 0 body bytes, 0 header bytes  	[MsgId: MMSG-26388]
Registration.c(20): Notify: Transaction "PetStore_ClickOnRegistration_T01" ended with a "Fail" status (Duration: 0.0010).	[MsgId: MMSG-16873]
Registration.c(20): Notify: Transaction "PetStore_ClickOnRegistration_T01" has 3 error message(s).	[MsgId: MMSG-16818]
Registration.c(20): Notify: The 1st error message associated with transaction "PetStore_ClickOnRegistration_T01" is "Error -27985: There is no context for HTML-based functions. A previous function may not have used "Mode=HTML" or downloaded only non-HTML page(s), or the context has been reset (e.g., due to a GUI-based function)"	[MsgId: MMSG-16819]
Registration.c(20): Notify: The 2nd error message associated with transaction "PetStore_ClickOnRegistration_T01" is "Error -26366: "Text=User Information" not found for web_reg_find"	[MsgId: MMSG-16819]
Registration.c(20): Notify: The 3rd error message associated with transaction "PetStore_ClickOnRegistration_T01" is "Error -26374: The above "not found" error(s) may be explained by header and body byte counts being 0 and 0, respectively."	[MsgId: MMSG-16819]
Ending action Login.	[MsgId: MMSG-15918]
Ending iteration 5.	[MsgId: MMSG-15965]
Waiting 5.0590 seconds for iteration pacing.	[MsgId: MMSG-15996]
Starting iteration 3.	[MsgId: MMSG-15968]
Notify: Next row for parameter UserName = 1 [table  = UserName].	[MsgId: MMSG-13876]
Notify: Getting new value for parameter 'UserName': table = 'UserCredentilas1.dat' column = '0' row = '1'.	[MsgId: MMSG-13877]
Notify: Next row for parameter PetStoreEndtoEndFlow_UserName = 1 [table  = PetStoreEndtoEndFlow_UserName].	[MsgId: MMSG-13876]
Notify: Getting new value for parameter 'PetStoreEndtoEndFlow_UserName': table = 'UserCredentilas3.dat' column = '0' row = '1'.	[MsgId: MMSG-13877]
Notify: Next row for parameter PetStoreEndtoEndFlow_pass = 1 [table  = PetStoreEndtoEndFlow_pass].	[MsgId: MMSG-13876]
Notify: Getting new value for parameter 'PetStoreEndtoEndFlow_pass': table = 'UserCredentilas4.dat' column = '0' row = '1'.	[MsgId: MMSG-13877]
Notify: Next row for parameter pass = 1 [table  = pass].	[MsgId: MMSG-13876]
Notify: Getting new value for parameter 'pass': table = 'UserCredentilas2.dat' column = '0' row = '1'.	[MsgId: MMSG-13877]
Starting action Login.	[MsgId: MMSG-15919]
Registration.c(15): Notify: Transaction "PetStore_ClickOnRegistration_T01" started.	[MsgId: MMSG-16999]
Registration.c(17): web_reg_find started  	[MsgId: MMSG-26355]
Registration.c(17): Registering web_reg_find was successful  	[MsgId: MMSG-26390]
Registration.c(20): web_link("Register Now!") started  	[MsgId: MMSG-26355]
Registration.c(20): Error -27985: There is no context for HTML-based functions. A previous function may not have used "Mode=HTML" or downloaded only non-HTML page(s), or the context has been reset (e.g., due to a GUI-based function)  	[MsgId: MERR-27985]
Registration.c(20): Warning -26379: Pending web_reg_save_param/web_reg_find/web_create_html_param/web_create_html_param_ex request(s) are deleted and will be handled as "not found"  	[MsgId: MWAR-26379]
Registration.c(20): Error -26366: "Text=User Information" not found for web_reg_find  	[MsgId: MERR-26366]
Registration.c(20): Error -26374: The above "not found" error(s) may be explained by header and body byte counts being 0 and 0, respectively.  	[MsgId: MERR-26374]
Registration.c(20): web_link("Register Now!") highest severity level was "ERROR", 0 body bytes, 0 header bytes  	[MsgId: MMSG-26388]
Registration.c(20): Notify: Transaction "PetStore_ClickOnRegistration_T01" ended with a "Fail" status (Duration: 0.0061).	[MsgId: MMSG-16873]
Registration.c(20): Notify: Transaction "PetStore_ClickOnRegistration_T01" has 3 error message(s).	[MsgId: MMSG-16818]
Registration.c(20): Notify: The 1st error message associated with transaction "PetStore_ClickOnRegistration_T01" is "Error -27985: There is no context for HTML-based functions. A previous function may not have used "Mode=HTML" or downloaded only non-HTML page(s), or the context has been reset (e.g., due to a GUI-based function)"	[MsgId: MMSG-16819]
Registration.c(20): Notify: The 2nd error message associated with transaction "PetStore_ClickOnRegistration_T01" is "Error -26366: "Text=User Information" not found for web_reg_find"	[MsgId: MMSG-16819]
Registration.c(20): Notify: The 3rd error message associated with transaction "PetStore_ClickOnRegistration_T01" is "Error -26374: The above "not found" error(s) may be explained by header and body byte counts being 0 and 0, respectively."	[MsgId: MMSG-16819]
Ending action Login.	[MsgId: MMSG-15918]
Ending iteration 3.	[MsgId: MMSG-15965]
Waiting 5.9520 seconds for iteration pacing.	[MsgId: MMSG-15996]
Starting iteration 2.	[MsgId: MMSG-15968]
Notify: Next row for parameter UserName = 1 [table  = UserName].	[MsgId: MMSG-13876]
Notify: Getting new value for parameter 'UserName': table = 'UserCredentilas1.dat' column = '0' row = '1'.	[MsgId: MMSG-13877]
Notify: Next row for parameter PetStoreEndtoEndFlow_UserName = 1 [table  = PetStoreEndtoEndFlow_UserName].	[MsgId: MMSG-13876]
Notify: Getting new value for parameter 'PetStoreEndtoEndFlow_UserName': table = 'UserCredentilas3.dat' column = '0' row = '1'.	[MsgId: MMSG-13877]
Notify: Next row for parameter PetStoreEndtoEndFlow_pass = 1 [table  = PetStoreEndtoEndFlow_pass].	[MsgId: MMSG-13876]
Notify: Getting new value for parameter 'PetStoreEndtoEndFlow_pass': table = 'UserCredentilas4.dat' column = '0' row = '1'.	[MsgId: MMSG-13877]
Notify: Next row for parameter pass = 1 [table  = pass].	[MsgId: MMSG-13876]
Notify: Getting new value for parameter 'pass': table = 'UserCredentilas2.dat' column = '0' row = '1'.	[MsgId: MMSG-13877]
Starting action Login.	[MsgId: MMSG-15919]
Registration.c(15): Notify: Transaction "PetStore_ClickOnRegistration_T01" started.	[MsgId: MMSG-16999]
Registration.c(17): web_reg_find started  	[MsgId: MMSG-26355]
Registration.c(17): Registering web_reg_find was successful  	[MsgId: MMSG-26390]
Registration.c(20): web_link("Register Now!") started  	[MsgId: MMSG-26355]
Registration.c(20): Error -27985: There is no context for HTML-based functions. A previous function may not have used "Mode=HTML" or downloaded only non-HTML page(s), or the context has been reset (e.g., due to a GUI-based function)  	[MsgId: MERR-27985]
Registration.c(20): Warning -26379: Pending web_reg_save_param/web_reg_find/web_create_html_param/web_create_html_param_ex request(s) are deleted and will be handled as "not found"  	[MsgId: MWAR-26379]
Registration.c(20): Error -26366: "Text=User Information" not found for web_reg_find  	[MsgId: MERR-26366]
Registration.c(20): Error -26374: The above "not found" error(s) may be explained by header and body byte counts being 0 and 0, respectively.  	[MsgId: MERR-26374]
Registration.c(20): web_link("Register Now!") highest severity level was "ERROR", 0 body bytes, 0 header bytes  	[MsgId: MMSG-26388]
Registration.c(20): Notify: Transaction "PetStore_ClickOnRegistration_T01" ended with a "Fail" status (Duration: 0.0049).	[MsgId: MMSG-16873]
Registration.c(20): Notify: Transaction "PetStore_ClickOnRegistration_T01" has 3 error message(s).	[MsgId: MMSG-16818]
Registration.c(20): Notify: The 1st error message associated with transaction "PetStore_ClickOnRegistration_T01" is "Error -27985: There is no context for HTML-based functions. A previous function may not have used "Mode=HTML" or downloaded only non-HTML page(s), or the context has been reset (e.g., due to a GUI-based function)"	[MsgId: MMSG-16819]
Registration.c(20): Notify: The 2nd error message associated with transaction "PetStore_ClickOnRegistration_T01" is "Error -26366: "Text=User Information" not found for web_reg_find"	[MsgId: MMSG-16819]
Registration.c(20): Notify: The 3rd error message associated with transaction "PetStore_ClickOnRegistration_T01" is "Error -26374: The above "not found" error(s) may be explained by header and body byte counts being 0 and 0, respectively."	[MsgId: MMSG-16819]
Ending action Login.	[MsgId: MMSG-15918]
Ending iteration 2.	[MsgId: MMSG-15965]
Waiting 5.8580 seconds for iteration pacing.	[MsgId: MMSG-15996]
Starting iteration 6.	[MsgId: MMSG-15968]
Notify: Next row for parameter UserName = 1 [table  = UserName].	[MsgId: MMSG-13876]
Notify: Getting new value for parameter 'UserName': table = 'UserCredentilas1.dat' column = '0' row = '1'.	[MsgId: MMSG-13877]
Notify: Next row for parameter PetStoreEndtoEndFlow_UserName = 1 [table  = PetStoreEndtoEndFlow_UserName].	[MsgId: MMSG-13876]
Notify: Getting new value for parameter 'PetStoreEndtoEndFlow_UserName': table = 'UserCredentilas3.dat' column = '0' row = '1'.	[MsgId: MMSG-13877]
Notify: Next row for parameter PetStoreEndtoEndFlow_pass = 1 [table  = PetStoreEndtoEndFlow_pass].	[MsgId: MMSG-13876]
Notify: Getting new value for parameter 'PetStoreEndtoEndFlow_pass': table = 'UserCredentilas4.dat' column = '0' row = '1'.	[MsgId: MMSG-13877]
Notify: Next row for parameter pass = 1 [table  = pass].	[MsgId: MMSG-13876]
Notify: Getting new value for parameter 'pass': table = 'UserCredentilas2.dat' column = '0' row = '1'.	[MsgId: MMSG-13877]
Starting action Login.	[MsgId: MMSG-15919]
Registration.c(15): Notify: Transaction "PetStore_ClickOnRegistration_T01" started.	[MsgId: MMSG-16999]
Registration.c(17): web_reg_find started  	[MsgId: MMSG-26355]
Registration.c(17): Registering web_reg_find was successful  	[MsgId: MMSG-26390]
Registration.c(20): web_link("Register Now!") started  	[MsgId: MMSG-26355]
Registration.c(20): Error -27985: There is no context for HTML-based functions. A previous function may not have used "Mode=HTML" or downloaded only non-HTML page(s), or the context has been reset (e.g., due to a GUI-based function)  	[MsgId: MERR-27985]
Registration.c(20): Warning -26379: Pending web_reg_save_param/web_reg_find/web_create_html_param/web_create_html_param_ex request(s) are deleted and will be handled as "not found"  	[MsgId: MWAR-26379]
Registration.c(20): Error -26366: "Text=User Information" not found for web_reg_find  	[MsgId: MERR-26366]
Registration.c(20): Error -26374: The above "not found" error(s) may be explained by header and body byte counts being 0 and 0, respectively.  	[MsgId: MERR-26374]
Registration.c(20): web_link("Register Now!") highest severity level was "ERROR", 0 body bytes, 0 header bytes  	[MsgId: MMSG-26388]
Registration.c(20): Notify: Transaction "PetStore_ClickOnRegistration_T01" ended with a "Fail" status (Duration: 0.0015).	[MsgId: MMSG-16873]
Registration.c(20): Notify: Transaction "PetStore_ClickOnRegistration_T01" has 3 error message(s).	[MsgId: MMSG-16818]
Registration.c(20): Notify: The 1st error message associated with transaction "PetStore_ClickOnRegistration_T01" is "Error -27985: There is no context for HTML-based functions. A previous function may not have used "Mode=HTML" or downloaded only non-HTML page(s), or the context has been reset (e.g., due to a GUI-based function)"	[MsgId: MMSG-16819]
Registration.c(20): Notify: The 2nd error message associated with transaction "PetStore_ClickOnRegistration_T01" is "Error -26366: "Text=User Information" not found for web_reg_find"	[MsgId: MMSG-16819]
Registration.c(20): Notify: The 3rd error message associated with transaction "PetStore_ClickOnRegistration_T01" is "Error -26374: The above "not found" error(s) may be explained by header and body byte counts being 0 and 0, respectively."	[MsgId: MMSG-16819]
Ending action Login.	[MsgId: MMSG-15918]
Ending iteration 6.	[MsgId: MMSG-15965]
Waiting 8.3410 seconds for iteration pacing.	[MsgId: MMSG-15996]
Starting iteration 7.	[MsgId: MMSG-15968]
Notify: Next row for parameter UserName = 1 [table  = UserName].	[MsgId: MMSG-13876]
Notify: Getting new value for parameter 'UserName': table = 'UserCredentilas1.dat' column = '0' row = '1'.	[MsgId: MMSG-13877]
Notify: Next row for parameter PetStoreEndtoEndFlow_UserName = 1 [table  = PetStoreEndtoEndFlow_UserName].	[MsgId: MMSG-13876]
Notify: Getting new value for parameter 'PetStoreEndtoEndFlow_UserName': table = 'UserCredentilas3.dat' column = '0' row = '1'.	[MsgId: MMSG-13877]
Notify: Next row for parameter PetStoreEndtoEndFlow_pass = 1 [table  = PetStoreEndtoEndFlow_pass].	[MsgId: MMSG-13876]
Notify: Getting new value for parameter 'PetStoreEndtoEndFlow_pass': table = 'UserCredentilas4.dat' column = '0' row = '1'.	[MsgId: MMSG-13877]
Notify: Next row for parameter pass = 1 [table  = pass].	[MsgId: MMSG-13876]
Notify: Getting new value for parameter 'pass': table = 'UserCredentilas2.dat' column = '0' row = '1'.	[MsgId: MMSG-13877]
Starting action Login.	[MsgId: MMSG-15919]
Registration.c(15): Notify: Transaction "PetStore_ClickOnRegistration_T01" started.	[MsgId: MMSG-16999]
Registration.c(17): web_reg_find started  	[MsgId: MMSG-26355]
Registration.c(17): Registering web_reg_find was successful  	[MsgId: MMSG-26390]
Registration.c(20): web_link("Register Now!") started  	[MsgId: MMSG-26355]
Registration.c(20): Error -27985: There is no context for HTML-based functions. A previous function may not have used "Mode=HTML" or downloaded only non-HTML page(s), or the context has been reset (e.g., due to a GUI-based function)  	[MsgId: MERR-27985]
Registration.c(20): Warning -26379: Pending web_reg_save_param/web_reg_find/web_create_html_param/web_create_html_param_ex request(s) are deleted and will be handled as "not found"  	[MsgId: MWAR-26379]
Registration.c(20): Error -26366: "Text=User Information" not found for web_reg_find  	[MsgId: MERR-26366]
Registration.c(20): Error -26374: The above "not found" error(s) may be explained by header and body byte counts being 0 and 0, respectively.  	[MsgId: MERR-26374]
Registration.c(20): web_link("Register Now!") highest severity level was "ERROR", 0 body bytes, 0 header bytes  	[MsgId: MMSG-26388]
Registration.c(20): Notify: Transaction "PetStore_ClickOnRegistration_T01" ended with a "Fail" status (Duration: 0.0087).	[MsgId: MMSG-16873]
Registration.c(20): Notify: Transaction "PetStore_ClickOnRegistration_T01" has 3 error message(s).	[MsgId: MMSG-16818]
Registration.c(20): Notify: The 1st error message associated with transaction "PetStore_ClickOnRegistration_T01" is "Error -27985: There is no context for HTML-based functions. A previous function may not have used "Mode=HTML" or downloaded only non-HTML page(s), or the context has been reset (e.g., due to a GUI-based function)"	[MsgId: MMSG-16819]
Registration.c(20): Notify: The 2nd error message associated with transaction "PetStore_ClickOnRegistration_T01" is "Error -26366: "Text=User Information" not found for web_reg_find"	[MsgId: MMSG-16819]
Registration.c(20): Notify: The 3rd error message associated with transaction "PetStore_ClickOnRegistration_T01" is "Error -26374: The above "not found" error(s) may be explained by header and body byte counts being 0 and 0, respectively."	[MsgId: MMSG-16819]
Ending action Login.	[MsgId: MMSG-15918]
Ending iteration 7.	[MsgId: MMSG-15965]
Waiting 5.8470 seconds for iteration pacing.	[MsgId: MMSG-15996]
CheckOutThProduct.c(58): Notify: Transaction "PetStore_ClickOnConform_T04" started.	[MsgId: MMSG-16999]
CheckOutThProduct.c(59): web_reg_find started  	[MsgId: MMSG-26355]
CheckOutThProduct.c(59): Registering web_reg_find was successful  	[MsgId: MMSG-26390]
CheckOutThProduct.c(62): web_link("Confirm") started  	[MsgId: MMSG-26355]
CheckOutThProduct.c(62): Linking to "https://petstore.octoperf.com/actions/Order.action?newOrder=&confirmed=true", Target Frame=""  	[MsgId: MMSG-27994]
CheckOutThProduct.c(62): Resource "https://petstore.octoperf.com/css/jpetstore.css" is in the cache already and will not be downloaded again  	[MsgId: MMSG-26655]
CheckOutThProduct.c(62): Resource "https://petstore.octoperf.com/images/logo-topbar.svg" is in the cache already and will not be downloaded again  	[MsgId: MMSG-26655]
CheckOutThProduct.c(62): Resource "https://petstore.octoperf.com/images/cart.gif" is in the cache already and will not be downloaded again  	[MsgId: MMSG-26655]
CheckOutThProduct.c(62): Resource "https://petstore.octoperf.com/images/separator.gif" is in the cache already and will not be downloaded again  	[MsgId: MMSG-26655]
CheckOutThProduct.c(62): Resource "https://petstore.octoperf.com/images/sm_fish.gif" is in the cache already and will not be downloaded again  	[MsgId: MMSG-26655]
CheckOutThProduct.c(62): Resource "https://petstore.octoperf.com/images/sm_dogs.gif" is in the cache already and will not be downloaded again  	[MsgId: MMSG-26655]
CheckOutThProduct.c(62): Resource "https://petstore.octoperf.com/images/sm_reptiles.gif" is in the cache already and will not be downloaded again  	[MsgId: MMSG-26655]
CheckOutThProduct.c(62): Resource "https://petstore.octoperf.com/images/sm_cats.gif" is in the cache already and will not be downloaded again  	[MsgId: MMSG-26655]
CheckOutThProduct.c(62): Resource "https://petstore.octoperf.com/images/sm_birds.gif" is in the cache already and will not be downloaded again  	[MsgId: MMSG-26655]
CheckOutThProduct.c(62): Resource "https://petstore.octoperf.com/images/banner_fish.gif" is in the cache already and will not be downloaded again  	[MsgId: MMSG-26655]
CheckOutThProduct.c(62): Registered web_reg_find successful for "Text=Thank you, your order has been submitted" (count=1)  	[MsgId: MMSG-26364]
CheckOutThProduct.c(62): web_link("Confirm") was successful, 5226 body bytes, 225 header bytes  	[MsgId: MMSG-26386]
CheckOutThProduct.c(66): Notify: Transaction "PetStore_ClickOnConform_T04" ended with a "Pass" status (Duration: 0.1287 Wasted Time: 0.0000).	[MsgId: MMSG-16871]
Ending action CheckOutThProduct.	[MsgId: MMSG-15918]
Ending iteration 1.	[MsgId: MMSG-15965]
Waiting 7.6620 seconds for iteration pacing.	[MsgId: MMSG-15996]
Starting iteration 7.	[MsgId: MMSG-15968]
Notify: Next row for parameter UserName = 1 [table  = UserName].	[MsgId: MMSG-13876]
Notify: Getting new value for parameter 'UserName': table = 'UserCredentilas1.dat' column = '0' row = '1'.	[MsgId: MMSG-13877]
Notify: Next row for parameter PetStoreEndtoEndFlow_UserName = 1 [table  = PetStoreEndtoEndFlow_UserName].	[MsgId: MMSG-13876]
Notify: Getting new value for parameter 'PetStoreEndtoEndFlow_UserName': table = 'UserCredentilas3.dat' column = '0' row = '1'.	[MsgId: MMSG-13877]
Notify: Next row for parameter PetStoreEndtoEndFlow_pass = 1 [table  = PetStoreEndtoEndFlow_pass].	[MsgId: MMSG-13876]
Notify: Getting new value for parameter 'PetStoreEndtoEndFlow_pass': table = 'UserCredentilas4.dat' column = '0' row = '1'.	[MsgId: MMSG-13877]
Notify: Next row for parameter pass = 1 [table  = pass].	[MsgId: MMSG-13876]
Notify: Getting new value for parameter 'pass': table = 'UserCredentilas2.dat' column = '0' row = '1'.	[MsgId: MMSG-13877]
Starting action Login.	[MsgId: MMSG-15919]
Registration.c(15): Notify: Transaction "PetStore_ClickOnRegistration_T01" started.	[MsgId: MMSG-16999]
Registration.c(17): web_reg_find started  	[MsgId: MMSG-26355]
Registration.c(17): Registering web_reg_find was successful  	[MsgId: MMSG-26390]
Registration.c(20): web_link("Register Now!") started  	[MsgId: MMSG-26355]
Registration.c(20): Error -27985: There is no context for HTML-based functions. A previous function may not have used "Mode=HTML" or downloaded only non-HTML page(s), or the context has been reset (e.g., due to a GUI-based function)  	[MsgId: MERR-27985]
Registration.c(20): Warning -26379: Pending web_reg_save_param/web_reg_find/web_create_html_param/web_create_html_param_ex request(s) are deleted and will be handled as "not found"  	[MsgId: MWAR-26379]
Registration.c(20): Error -26366: "Text=User Information" not found for web_reg_find  	[MsgId: MERR-26366]
Registration.c(20): Error -26374: The above "not found" error(s) may be explained by header and body byte counts being 0 and 0, respectively.  	[MsgId: MERR-26374]
Registration.c(20): web_link("Register Now!") highest severity level was "ERROR", 0 body bytes, 0 header bytes  	[MsgId: MMSG-26388]
Registration.c(20): Notify: Transaction "PetStore_ClickOnRegistration_T01" ended with a "Fail" status (Duration: 0.0011).	[MsgId: MMSG-16873]
Registration.c(20): Notify: Transaction "PetStore_ClickOnRegistration_T01" has 3 error message(s).	[MsgId: MMSG-16818]
Registration.c(20): Notify: The 1st error message associated with transaction "PetStore_ClickOnRegistration_T01" is "Error -27985: There is no context for HTML-based functions. A previous function may not have used "Mode=HTML" or downloaded only non-HTML page(s), or the context has been reset (e.g., due to a GUI-based function)"	[MsgId: MMSG-16819]
Registration.c(20): Notify: The 2nd error message associated with transaction "PetStore_ClickOnRegistration_T01" is "Error -26366: "Text=User Information" not found for web_reg_find"	[MsgId: MMSG-16819]
Registration.c(20): Notify: The 3rd error message associated with transaction "PetStore_ClickOnRegistration_T01" is "Error -26374: The above "not found" error(s) may be explained by header and body byte counts being 0 and 0, respectively."	[MsgId: MMSG-16819]
Ending action Login.	[MsgId: MMSG-15918]
Ending iteration 7.	[MsgId: MMSG-15965]
Waiting 7.7110 seconds for iteration pacing.	[MsgId: MMSG-15996]
Starting iteration 4.	[MsgId: MMSG-15968]
Notify: Next row for parameter UserName = 1 [table  = UserName].	[MsgId: MMSG-13876]
Notify: Getting new value for parameter 'UserName': table = 'UserCredentilas1.dat' column = '0' row = '1'.	[MsgId: MMSG-13877]
Notify: Next row for parameter PetStoreEndtoEndFlow_UserName = 1 [table  = PetStoreEndtoEndFlow_UserName].	[MsgId: MMSG-13876]
Notify: Getting new value for parameter 'PetStoreEndtoEndFlow_UserName': table = 'UserCredentilas3.dat' column = '0' row = '1'.	[MsgId: MMSG-13877]
Notify: Next row for parameter PetStoreEndtoEndFlow_pass = 1 [table  = PetStoreEndtoEndFlow_pass].	[MsgId: MMSG-13876]
Notify: Getting new value for parameter 'PetStoreEndtoEndFlow_pass': table = 'UserCredentilas4.dat' column = '0' row = '1'.	[MsgId: MMSG-13877]
Notify: Next row for parameter pass = 1 [table  = pass].	[MsgId: MMSG-13876]
Notify: Getting new value for parameter 'pass': table = 'UserCredentilas2.dat' column = '0' row = '1'.	[MsgId: MMSG-13877]
Starting action Login.	[MsgId: MMSG-15919]
Registration.c(15): Notify: Transaction "PetStore_ClickOnRegistration_T01" started.	[MsgId: MMSG-16999]
Registration.c(17): web_reg_find started  	[MsgId: MMSG-26355]
Registration.c(17): Registering web_reg_find was successful  	[MsgId: MMSG-26390]
Registration.c(20): web_link("Register Now!") started  	[MsgId: MMSG-26355]
Registration.c(20): Error -27985: There is no context for HTML-based functions. A previous function may not have used "Mode=HTML" or downloaded only non-HTML page(s), or the context has been reset (e.g., due to a GUI-based function)  	[MsgId: MERR-27985]
Registration.c(20): Warning -26379: Pending web_reg_save_param/web_reg_find/web_create_html_param/web_create_html_param_ex request(s) are deleted and will be handled as "not found"  	[MsgId: MWAR-26379]
Registration.c(20): Error -26366: "Text=User Information" not found for web_reg_find  	[MsgId: MERR-26366]
Registration.c(20): Error -26374: The above "not found" error(s) may be explained by header and body byte counts being 0 and 0, respectively.  	[MsgId: MERR-26374]
Registration.c(20): web_link("Register Now!") highest severity level was "ERROR", 0 body bytes, 0 header bytes  	[MsgId: MMSG-26388]
Registration.c(20): Notify: Transaction "PetStore_ClickOnRegistration_T01" ended with a "Fail" status (Duration: 0.0010).	[MsgId: MMSG-16873]
Registration.c(20): Notify: Transaction "PetStore_ClickOnRegistration_T01" has 3 error message(s).	[MsgId: MMSG-16818]
Registration.c(20): Notify: The 1st error message associated with transaction "PetStore_ClickOnRegistration_T01" is "Error -27985: There is no context for HTML-based functions. A previous function may not have used "Mode=HTML" or downloaded only non-HTML page(s), or the context has been reset (e.g., due to a GUI-based function)"	[MsgId: MMSG-16819]
Registration.c(20): Notify: The 2nd error message associated with transaction "PetStore_ClickOnRegistration_T01" is "Error -26366: "Text=User Information" not found for web_reg_find"	[MsgId: MMSG-16819]
Registration.c(20): Notify: The 3rd error message associated with transaction "PetStore_ClickOnRegistration_T01" is "Error -26374: The above "not found" error(s) may be explained by header and body byte counts being 0 and 0, respectively."	[MsgId: MMSG-16819]
Ending action Login.	[MsgId: MMSG-15918]
Ending iteration 4.	[MsgId: MMSG-15965]
Waiting 6.0370 seconds for iteration pacing.	[MsgId: MMSG-15996]
Starting iteration 6.	[MsgId: MMSG-15968]
Notify: Next row for parameter UserName = 1 [table  = UserName].	[MsgId: MMSG-13876]
Notify: Getting new value for parameter 'UserName': table = 'UserCredentilas1.dat' column = '0' row = '1'.	[MsgId: MMSG-13877]
Notify: Next row for parameter PetStoreEndtoEndFlow_UserName = 1 [table  = PetStoreEndtoEndFlow_UserName].	[MsgId: MMSG-13876]
Notify: Getting new value for parameter 'PetStoreEndtoEndFlow_UserName': table = 'UserCredentilas3.dat' column = '0' row = '1'.	[MsgId: MMSG-13877]
Notify: Next row for parameter PetStoreEndtoEndFlow_pass = 1 [table  = PetStoreEndtoEndFlow_pass].	[MsgId: MMSG-13876]
Notify: Getting new value for parameter 'PetStoreEndtoEndFlow_pass': table = 'UserCredentilas4.dat' column = '0' row = '1'.	[MsgId: MMSG-13877]
Notify: Next row for parameter pass = 1 [table  = pass].	[MsgId: MMSG-13876]
Notify: Getting new value for parameter 'pass': table = 'UserCredentilas2.dat' column = '0' row = '1'.	[MsgId: MMSG-13877]
Starting action Login.	[MsgId: MMSG-15919]
Registration.c(15): Notify: Transaction "PetStore_ClickOnRegistration_T01" started.	[MsgId: MMSG-16999]
Registration.c(17): web_reg_find started  	[MsgId: MMSG-26355]
Registration.c(17): Registering web_reg_find was successful  	[MsgId: MMSG-26390]
Registration.c(20): web_link("Register Now!") started  	[MsgId: MMSG-26355]
Registration.c(20): Error -27985: There is no context for HTML-based functions. A previous function may not have used "Mode=HTML" or downloaded only non-HTML page(s), or the context has been reset (e.g., due to a GUI-based function)  	[MsgId: MERR-27985]
Registration.c(20): Warning -26379: Pending web_reg_save_param/web_reg_find/web_create_html_param/web_create_html_param_ex request(s) are deleted and will be handled as "not found"  	[MsgId: MWAR-26379]
Registration.c(20): Error -26366: "Text=User Information" not found for web_reg_find  	[MsgId: MERR-26366]
Registration.c(20): Error -26374: The above "not found" error(s) may be explained by header and body byte counts being 0 and 0, respectively.  	[MsgId: MERR-26374]
Registration.c(20): web_link("Register Now!") highest severity level was "ERROR", 0 body bytes, 0 header bytes  	[MsgId: MMSG-26388]
Registration.c(20): Notify: Transaction "PetStore_ClickOnRegistration_T01" ended with a "Fail" status (Duration: 0.0015).	[MsgId: MMSG-16873]
Registration.c(20): Notify: Transaction "PetStore_ClickOnRegistration_T01" has 3 error message(s).	[MsgId: MMSG-16818]
Registration.c(20): Notify: The 1st error message associated with transaction "PetStore_ClickOnRegistration_T01" is "Error -27985: There is no context for HTML-based functions. A previous function may not have used "Mode=HTML" or downloaded only non-HTML page(s), or the context has been reset (e.g., due to a GUI-based function)"	[MsgId: MMSG-16819]
Registration.c(20): Notify: The 2nd error message associated with transaction "PetStore_ClickOnRegistration_T01" is "Error -26366: "Text=User Information" not found for web_reg_find"	[MsgId: MMSG-16819]
Registration.c(20): Notify: The 3rd error message associated with transaction "PetStore_ClickOnRegistration_T01" is "Error -26374: The above "not found" error(s) may be explained by header and body byte counts being 0 and 0, respectively."	[MsgId: MMSG-16819]
Ending action Login.	[MsgId: MMSG-15918]
Ending iteration 6.	[MsgId: MMSG-15965]
Waiting 5.1700 seconds for iteration pacing.	[MsgId: MMSG-15996]
Starting iteration 4.	[MsgId: MMSG-15968]
Notify: Next row for parameter UserName = 1 [table  = UserName].	[MsgId: MMSG-13876]
Notify: Getting new value for parameter 'UserName': table = 'UserCredentilas1.dat' column = '0' row = '1'.	[MsgId: MMSG-13877]
Notify: Next row for parameter PetStoreEndtoEndFlow_UserName = 1 [table  = PetStoreEndtoEndFlow_UserName].	[MsgId: MMSG-13876]
Notify: Getting new value for parameter 'PetStoreEndtoEndFlow_UserName': table = 'UserCredentilas3.dat' column = '0' row = '1'.	[MsgId: MMSG-13877]
Notify: Next row for parameter PetStoreEndtoEndFlow_pass = 1 [table  = PetStoreEndtoEndFlow_pass].	[MsgId: MMSG-13876]
Notify: Getting new value for parameter 'PetStoreEndtoEndFlow_pass': table = 'UserCredentilas4.dat' column = '0' row = '1'.	[MsgId: MMSG-13877]
Notify: Next row for parameter pass = 1 [table  = pass].	[MsgId: MMSG-13876]
Notify: Getting new value for parameter 'pass': table = 'UserCredentilas2.dat' column = '0' row = '1'.	[MsgId: MMSG-13877]
Starting action Login.	[MsgId: MMSG-15919]
Registration.c(15): Notify: Transaction "PetStore_ClickOnRegistration_T01" started.	[MsgId: MMSG-16999]
Registration.c(17): web_reg_find started  	[MsgId: MMSG-26355]
Registration.c(17): Registering web_reg_find was successful  	[MsgId: MMSG-26390]
Registration.c(20): web_link("Register Now!") started  	[MsgId: MMSG-26355]
Registration.c(20): Error -27985: There is no context for HTML-based functions. A previous function may not have used "Mode=HTML" or downloaded only non-HTML page(s), or the context has been reset (e.g., due to a GUI-based function)  	[MsgId: MERR-27985]
Registration.c(20): Warning -26379: Pending web_reg_save_param/web_reg_find/web_create_html_param/web_create_html_param_ex request(s) are deleted and will be handled as "not found"  	[MsgId: MWAR-26379]
Registration.c(20): Error -26366: "Text=User Information" not found for web_reg_find  	[MsgId: MERR-26366]
Registration.c(20): Error -26374: The above "not found" error(s) may be explained by header and body byte counts being 0 and 0, respectively.  	[MsgId: MERR-26374]
Registration.c(20): web_link("Register Now!") highest severity level was "ERROR", 0 body bytes, 0 header bytes  	[MsgId: MMSG-26388]
Registration.c(20): Notify: Transaction "PetStore_ClickOnRegistration_T01" ended with a "Fail" status (Duration: 0.0014).	[MsgId: MMSG-16873]
Registration.c(20): Notify: Transaction "PetStore_ClickOnRegistration_T01" has 3 error message(s).	[MsgId: MMSG-16818]
Registration.c(20): Notify: The 1st error message associated with transaction "PetStore_ClickOnRegistration_T01" is "Error -27985: There is no context for HTML-based functions. A previous function may not have used "Mode=HTML" or downloaded only non-HTML page(s), or the context has been reset (e.g., due to a GUI-based function)"	[MsgId: MMSG-16819]
Registration.c(20): Notify: The 2nd error message associated with transaction "PetStore_ClickOnRegistration_T01" is "Error -26366: "Text=User Information" not found for web_reg_find"	[MsgId: MMSG-16819]
Registration.c(20): Notify: The 3rd error message associated with transaction "PetStore_ClickOnRegistration_T01" is "Error -26374: The above "not found" error(s) may be explained by header and body byte counts being 0 and 0, respectively."	[MsgId: MMSG-16819]
Ending action Login.	[MsgId: MMSG-15918]
Ending iteration 4.	[MsgId: MMSG-15965]
Waiting 6.2440 seconds for iteration pacing.	[MsgId: MMSG-15996]
Starting iteration 3.	[MsgId: MMSG-15968]
Notify: Next row for parameter UserName = 1 [table  = UserName].	[MsgId: MMSG-13876]
Notify: Getting new value for parameter 'UserName': table = 'UserCredentilas1.dat' column = '0' row = '1'.	[MsgId: MMSG-13877]
Notify: Next row for parameter PetStoreEndtoEndFlow_UserName = 1 [table  = PetStoreEndtoEndFlow_UserName].	[MsgId: MMSG-13876]
Notify: Getting new value for parameter 'PetStoreEndtoEndFlow_UserName': table = 'UserCredentilas3.dat' column = '0' row = '1'.	[MsgId: MMSG-13877]
Notify: Next row for parameter PetStoreEndtoEndFlow_pass = 1 [table  = PetStoreEndtoEndFlow_pass].	[MsgId: MMSG-13876]
Notify: Getting new value for parameter 'PetStoreEndtoEndFlow_pass': table = 'UserCredentilas4.dat' column = '0' row = '1'.	[MsgId: MMSG-13877]
Notify: Next row for parameter pass = 1 [table  = pass].	[MsgId: MMSG-13876]
Notify: Getting new value for parameter 'pass': table = 'UserCredentilas2.dat' column = '0' row = '1'.	[MsgId: MMSG-13877]
Starting action Login.	[MsgId: MMSG-15919]
Registration.c(15): Notify: Transaction "PetStore_ClickOnRegistration_T01" started.	[MsgId: MMSG-16999]
Registration.c(17): web_reg_find started  	[MsgId: MMSG-26355]
Registration.c(17): Registering web_reg_find was successful  	[MsgId: MMSG-26390]
Registration.c(20): web_link("Register Now!") started  	[MsgId: MMSG-26355]
Registration.c(20): Error -27985: There is no context for HTML-based functions. A previous function may not have used "Mode=HTML" or downloaded only non-HTML page(s), or the context has been reset (e.g., due to a GUI-based function)  	[MsgId: MERR-27985]
Registration.c(20): Warning -26379: Pending web_reg_save_param/web_reg_find/web_create_html_param/web_create_html_param_ex request(s) are deleted and will be handled as "not found"  	[MsgId: MWAR-26379]
Registration.c(20): Error -26366: "Text=User Information" not found for web_reg_find  	[MsgId: MERR-26366]
Registration.c(20): Error -26374: The above "not found" error(s) may be explained by header and body byte counts being 0 and 0, respectively.  	[MsgId: MERR-26374]
Registration.c(20): web_link("Register Now!") highest severity level was "ERROR", 0 body bytes, 0 header bytes  	[MsgId: MMSG-26388]
Registration.c(20): Notify: Transaction "PetStore_ClickOnRegistration_T01" ended with a "Fail" status (Duration: 0.0011).	[MsgId: MMSG-16873]
Registration.c(20): Notify: Transaction "PetStore_ClickOnRegistration_T01" has 3 error message(s).	[MsgId: MMSG-16818]
Registration.c(20): Notify: The 1st error message associated with transaction "PetStore_ClickOnRegistration_T01" is "Error -27985: There is no context for HTML-based functions. A previous function may not have used "Mode=HTML" or downloaded only non-HTML page(s), or the context has been reset (e.g., due to a GUI-based function)"	[MsgId: MMSG-16819]
Registration.c(20): Notify: The 2nd error message associated with transaction "PetStore_ClickOnRegistration_T01" is "Error -26366: "Text=User Information" not found for web_reg_find"	[MsgId: MMSG-16819]
Registration.c(20): Notify: The 3rd error message associated with transaction "PetStore_ClickOnRegistration_T01" is "Error -26374: The above "not found" error(s) may be explained by header and body byte counts being 0 and 0, respectively."	[MsgId: MMSG-16819]
Ending action Login.	[MsgId: MMSG-15918]
Ending iteration 3.	[MsgId: MMSG-15965]
Waiting 9.0200 seconds for iteration pacing.	[MsgId: MMSG-15996]
Starting iteration 4.	[MsgId: MMSG-15968]
Notify: Next row for parameter UserName = 1 [table  = UserName].	[MsgId: MMSG-13876]
Notify: Getting new value for parameter 'UserName': table = 'UserCredentilas1.dat' column = '0' row = '1'.	[MsgId: MMSG-13877]
Notify: Next row for parameter PetStoreEndtoEndFlow_UserName = 1 [table  = PetStoreEndtoEndFlow_UserName].	[MsgId: MMSG-13876]
Notify: Getting new value for parameter 'PetStoreEndtoEndFlow_UserName': table = 'UserCredentilas3.dat' column = '0' row = '1'.	[MsgId: MMSG-13877]
Notify: Next row for parameter PetStoreEndtoEndFlow_pass = 1 [table  = PetStoreEndtoEndFlow_pass].	[MsgId: MMSG-13876]
Notify: Getting new value for parameter 'PetStoreEndtoEndFlow_pass': table = 'UserCredentilas4.dat' column = '0' row = '1'.	[MsgId: MMSG-13877]
Notify: Next row for parameter pass = 1 [table  = pass].	[MsgId: MMSG-13876]
Notify: Getting new value for parameter 'pass': table = 'UserCredentilas2.dat' column = '0' row = '1'.	[MsgId: MMSG-13877]
Starting action Login.	[MsgId: MMSG-15919]
Registration.c(15): Notify: Transaction "PetStore_ClickOnRegistration_T01" started.	[MsgId: MMSG-16999]
Registration.c(17): web_reg_find started  	[MsgId: MMSG-26355]
Registration.c(17): Registering web_reg_find was successful  	[MsgId: MMSG-26390]
Registration.c(20): web_link("Register Now!") started  	[MsgId: MMSG-26355]
Registration.c(20): Error -27985: There is no context for HTML-based functions. A previous function may not have used "Mode=HTML" or downloaded only non-HTML page(s), or the context has been reset (e.g., due to a GUI-based function)  	[MsgId: MERR-27985]
Registration.c(20): Warning -26379: Pending web_reg_save_param/web_reg_find/web_create_html_param/web_create_html_param_ex request(s) are deleted and will be handled as "not found"  	[MsgId: MWAR-26379]
Registration.c(20): Error -26366: "Text=User Information" not found for web_reg_find  	[MsgId: MERR-26366]
Registration.c(20): Error -26374: The above "not found" error(s) may be explained by header and body byte counts being 0 and 0, respectively.  	[MsgId: MERR-26374]
Registration.c(20): web_link("Register Now!") highest severity level was "ERROR", 0 body bytes, 0 header bytes  	[MsgId: MMSG-26388]
Registration.c(20): Notify: Transaction "PetStore_ClickOnRegistration_T01" ended with a "Fail" status (Duration: 0.0152).	[MsgId: MMSG-16873]
Registration.c(20): Notify: Transaction "PetStore_ClickOnRegistration_T01" has 3 error message(s).	[MsgId: MMSG-16818]
Registration.c(20): Notify: The 1st error message associated with transaction "PetStore_ClickOnRegistration_T01" is "Error -27985: There is no context for HTML-based functions. A previous function may not have used "Mode=HTML" or downloaded only non-HTML page(s), or the context has been reset (e.g., due to a GUI-based function)"	[MsgId: MMSG-16819]
Registration.c(20): Notify: The 2nd error message associated with transaction "PetStore_ClickOnRegistration_T01" is "Error -26366: "Text=User Information" not found for web_reg_find"	[MsgId: MMSG-16819]
Registration.c(20): Notify: The 3rd error message associated with transaction "PetStore_ClickOnRegistration_T01" is "Error -26374: The above "not found" error(s) may be explained by header and body byte counts being 0 and 0, respectively."	[MsgId: MMSG-16819]
Ending action Login.	[MsgId: MMSG-15918]
Ending iteration 4.	[MsgId: MMSG-15965]
Waiting 7.1760 seconds for iteration pacing.	[MsgId: MMSG-15996]
Starting iteration 3.	[MsgId: MMSG-15968]
Notify: Next row for parameter UserName = 1 [table  = UserName].	[MsgId: MMSG-13876]
Notify: Getting new value for parameter 'UserName': table = 'UserCredentilas1.dat' column = '0' row = '1'.	[MsgId: MMSG-13877]
Notify: Next row for parameter PetStoreEndtoEndFlow_UserName = 1 [table  = PetStoreEndtoEndFlow_UserName].	[MsgId: MMSG-13876]
Notify: Getting new value for parameter 'PetStoreEndtoEndFlow_UserName': table = 'UserCredentilas3.dat' column = '0' row = '1'.	[MsgId: MMSG-13877]
Notify: Next row for parameter PetStoreEndtoEndFlow_pass = 1 [table  = PetStoreEndtoEndFlow_pass].	[MsgId: MMSG-13876]
Notify: Getting new value for parameter 'PetStoreEndtoEndFlow_pass': table = 'UserCredentilas4.dat' column = '0' row = '1'.	[MsgId: MMSG-13877]
Notify: Next row for parameter pass = 1 [table  = pass].	[MsgId: MMSG-13876]
Notify: Getting new value for parameter 'pass': table = 'UserCredentilas2.dat' column = '0' row = '1'.	[MsgId: MMSG-13877]
Starting action Login.	[MsgId: MMSG-15919]
Registration.c(15): Notify: Transaction "PetStore_ClickOnRegistration_T01" started.	[MsgId: MMSG-16999]
Registration.c(17): web_reg_find started  	[MsgId: MMSG-26355]
Registration.c(17): Registering web_reg_find was successful  	[MsgId: MMSG-26390]
Registration.c(20): web_link("Register Now!") started  	[MsgId: MMSG-26355]
Registration.c(20): Error -27985: There is no context for HTML-based functions. A previous function may not have used "Mode=HTML" or downloaded only non-HTML page(s), or the context has been reset (e.g., due to a GUI-based function)  	[MsgId: MERR-27985]
Registration.c(20): Warning -26379: Pending web_reg_save_param/web_reg_find/web_create_html_param/web_create_html_param_ex request(s) are deleted and will be handled as "not found"  	[MsgId: MWAR-26379]
Registration.c(20): Error -26366: "Text=User Information" not found for web_reg_find  	[MsgId: MERR-26366]
Registration.c(20): Error -26374: The above "not found" error(s) may be explained by header and body byte counts being 0 and 0, respectively.  	[MsgId: MERR-26374]
Registration.c(20): web_link("Register Now!") highest severity level was "ERROR", 0 body bytes, 0 header bytes  	[MsgId: MMSG-26388]
Registration.c(20): Notify: Transaction "PetStore_ClickOnRegistration_T01" ended with a "Fail" status (Duration: 0.0010).	[MsgId: MMSG-16873]
Registration.c(20): Notify: Transaction "PetStore_ClickOnRegistration_T01" has 3 error message(s).	[MsgId: MMSG-16818]
Registration.c(20): Notify: The 1st error message associated with transaction "PetStore_ClickOnRegistration_T01" is "Error -27985: There is no context for HTML-based functions. A previous function may not have used "Mode=HTML" or downloaded only non-HTML page(s), or the context has been reset (e.g., due to a GUI-based function)"	[MsgId: MMSG-16819]
Registration.c(20): Notify: The 2nd error message associated with transaction "PetStore_ClickOnRegistration_T01" is "Error -26366: "Text=User Information" not found for web_reg_find"	[MsgId: MMSG-16819]
Registration.c(20): Notify: The 3rd error message associated with transaction "PetStore_ClickOnRegistration_T01" is "Error -26374: The above "not found" error(s) may be explained by header and body byte counts being 0 and 0, respectively."	[MsgId: MMSG-16819]
Ending action Login.	[MsgId: MMSG-15918]
Ending iteration 3.	[MsgId: MMSG-15965]
Waiting 8.9610 seconds for iteration pacing.	[MsgId: MMSG-15996]
Starting iteration 8.	[MsgId: MMSG-15968]
Notify: Next row for parameter UserName = 1 [table  = UserName].	[MsgId: MMSG-13876]
Notify: Getting new value for parameter 'UserName': table = 'UserCredentilas1.dat' column = '0' row = '1'.	[MsgId: MMSG-13877]
Notify: Next row for parameter PetStoreEndtoEndFlow_UserName = 1 [table  = PetStoreEndtoEndFlow_UserName].	[MsgId: MMSG-13876]
Notify: Getting new value for parameter 'PetStoreEndtoEndFlow_UserName': table = 'UserCredentilas3.dat' column = '0' row = '1'.	[MsgId: MMSG-13877]
Notify: Next row for parameter PetStoreEndtoEndFlow_pass = 1 [table  = PetStoreEndtoEndFlow_pass].	[MsgId: MMSG-13876]
Notify: Getting new value for parameter 'PetStoreEndtoEndFlow_pass': table = 'UserCredentilas4.dat' column = '0' row = '1'.	[MsgId: MMSG-13877]
Notify: Next row for parameter pass = 1 [table  = pass].	[MsgId: MMSG-13876]
Notify: Getting new value for parameter 'pass': table = 'UserCredentilas2.dat' column = '0' row = '1'.	[MsgId: MMSG-13877]
Starting action Login.	[MsgId: MMSG-15919]
Registration.c(15): Notify: Transaction "PetStore_ClickOnRegistration_T01" started.	[MsgId: MMSG-16999]
Registration.c(17): web_reg_find started  	[MsgId: MMSG-26355]
Registration.c(17): Registering web_reg_find was successful  	[MsgId: MMSG-26390]
Registration.c(20): web_link("Register Now!") started  	[MsgId: MMSG-26355]
Registration.c(20): Error -27985: There is no context for HTML-based functions. A previous function may not have used "Mode=HTML" or downloaded only non-HTML page(s), or the context has been reset (e.g., due to a GUI-based function)  	[MsgId: MERR-27985]
Registration.c(20): Warning -26379: Pending web_reg_save_param/web_reg_find/web_create_html_param/web_create_html_param_ex request(s) are deleted and will be handled as "not found"  	[MsgId: MWAR-26379]
Registration.c(20): Error -26366: "Text=User Information" not found for web_reg_find  	[MsgId: MERR-26366]
Registration.c(20): Error -26374: The above "not found" error(s) may be explained by header and body byte counts being 0 and 0, respectively.  	[MsgId: MERR-26374]
Registration.c(20): web_link("Register Now!") highest severity level was "ERROR", 0 body bytes, 0 header bytes  	[MsgId: MMSG-26388]
Registration.c(20): Notify: Transaction "PetStore_ClickOnRegistration_T01" ended with a "Fail" status (Duration: 0.0010).	[MsgId: MMSG-16873]
Registration.c(20): Notify: Transaction "PetStore_ClickOnRegistration_T01" has 3 error message(s).	[MsgId: MMSG-16818]
Registration.c(20): Notify: The 1st error message associated with transaction "PetStore_ClickOnRegistration_T01" is "Error -27985: There is no context for HTML-based functions. A previous function may not have used "Mode=HTML" or downloaded only non-HTML page(s), or the context has been reset (e.g., due to a GUI-based function)"	[MsgId: MMSG-16819]
Registration.c(20): Notify: The 2nd error message associated with transaction "PetStore_ClickOnRegistration_T01" is "Error -26366: "Text=User Information" not found for web_reg_find"	[MsgId: MMSG-16819]
Registration.c(20): Notify: The 3rd error message associated with transaction "PetStore_ClickOnRegistration_T01" is "Error -26374: The above "not found" error(s) may be explained by header and body byte counts being 0 and 0, respectively."	[MsgId: MMSG-16819]
Ending action Login.	[MsgId: MMSG-15918]
Ending iteration 8.	[MsgId: MMSG-15965]
Waiting 8.1450 seconds for iteration pacing.	[MsgId: MMSG-15996]
Starting iteration 7.	[MsgId: MMSG-15968]
Notify: Next row for parameter UserName = 1 [table  = UserName].	[MsgId: MMSG-13876]
Notify: Getting new value for parameter 'UserName': table = 'UserCredentilas1.dat' column = '0' row = '1'.	[MsgId: MMSG-13877]
Notify: Next row for parameter PetStoreEndtoEndFlow_UserName = 1 [table  = PetStoreEndtoEndFlow_UserName].	[MsgId: MMSG-13876]
Notify: Getting new value for parameter 'PetStoreEndtoEndFlow_UserName': table = 'UserCredentilas3.dat' column = '0' row = '1'.	[MsgId: MMSG-13877]
Notify: Next row for parameter PetStoreEndtoEndFlow_pass = 1 [table  = PetStoreEndtoEndFlow_pass].	[MsgId: MMSG-13876]
Notify: Getting new value for parameter 'PetStoreEndtoEndFlow_pass': table = 'UserCredentilas4.dat' column = '0' row = '1'.	[MsgId: MMSG-13877]
Notify: Next row for parameter pass = 1 [table  = pass].	[MsgId: MMSG-13876]
Notify: Getting new value for parameter 'pass': table = 'UserCredentilas2.dat' column = '0' row = '1'.	[MsgId: MMSG-13877]
Starting action Login.	[MsgId: MMSG-15919]
Registration.c(15): Notify: Transaction "PetStore_ClickOnRegistration_T01" started.	[MsgId: MMSG-16999]
Registration.c(17): web_reg_find started  	[MsgId: MMSG-26355]
Registration.c(17): Registering web_reg_find was successful  	[MsgId: MMSG-26390]
Registration.c(20): web_link("Register Now!") started  	[MsgId: MMSG-26355]
Registration.c(20): Error -27985: There is no context for HTML-based functions. A previous function may not have used "Mode=HTML" or downloaded only non-HTML page(s), or the context has been reset (e.g., due to a GUI-based function)  	[MsgId: MERR-27985]
Registration.c(20): Warning -26379: Pending web_reg_save_param/web_reg_find/web_create_html_param/web_create_html_param_ex request(s) are deleted and will be handled as "not found"  	[MsgId: MWAR-26379]
Registration.c(20): Error -26366: "Text=User Information" not found for web_reg_find  	[MsgId: MERR-26366]
Registration.c(20): Error -26374: The above "not found" error(s) may be explained by header and body byte counts being 0 and 0, respectively.  	[MsgId: MERR-26374]
Registration.c(20): web_link("Register Now!") highest severity level was "ERROR", 0 body bytes, 0 header bytes  	[MsgId: MMSG-26388]
Registration.c(20): Notify: Transaction "PetStore_ClickOnRegistration_T01" ended with a "Fail" status (Duration: 0.0011).	[MsgId: MMSG-16873]
Registration.c(20): Notify: Transaction "PetStore_ClickOnRegistration_T01" has 3 error message(s).	[MsgId: MMSG-16818]
Registration.c(20): Notify: The 1st error message associated with transaction "PetStore_ClickOnRegistration_T01" is "Error -27985: There is no context for HTML-based functions. A previous function may not have used "Mode=HTML" or downloaded only non-HTML page(s), or the context has been reset (e.g., due to a GUI-based function)"	[MsgId: MMSG-16819]
Registration.c(20): Notify: The 2nd error message associated with transaction "PetStore_ClickOnRegistration_T01" is "Error -26366: "Text=User Information" not found for web_reg_find"	[MsgId: MMSG-16819]
Registration.c(20): Notify: The 3rd error message associated with transaction "PetStore_ClickOnRegistration_T01" is "Error -26374: The above "not found" error(s) may be explained by header and body byte counts being 0 and 0, respectively."	[MsgId: MMSG-16819]
Ending action Login.	[MsgId: MMSG-15918]
Ending iteration 7.	[MsgId: MMSG-15965]
Waiting 6.3260 seconds for iteration pacing.	[MsgId: MMSG-15996]
Starting iteration 2.	[MsgId: MMSG-15968]
Notify: Next row for parameter UserName = 1 [table  = UserName].	[MsgId: MMSG-13876]
Notify: Getting new value for parameter 'UserName': table = 'UserCredentilas1.dat' column = '0' row = '1'.	[MsgId: MMSG-13877]
Notify: Next row for parameter PetStoreEndtoEndFlow_UserName = 1 [table  = PetStoreEndtoEndFlow_UserName].	[MsgId: MMSG-13876]
Notify: Getting new value for parameter 'PetStoreEndtoEndFlow_UserName': table = 'UserCredentilas3.dat' column = '0' row = '1'.	[MsgId: MMSG-13877]
Notify: Next row for parameter PetStoreEndtoEndFlow_pass = 1 [table  = PetStoreEndtoEndFlow_pass].	[MsgId: MMSG-13876]
Notify: Getting new value for parameter 'PetStoreEndtoEndFlow_pass': table = 'UserCredentilas4.dat' column = '0' row = '1'.	[MsgId: MMSG-13877]
Notify: Next row for parameter pass = 1 [table  = pass].	[MsgId: MMSG-13876]
Notify: Getting new value for parameter 'pass': table = 'UserCredentilas2.dat' column = '0' row = '1'.	[MsgId: MMSG-13877]
Starting action Login.	[MsgId: MMSG-15919]
Registration.c(15): Notify: Transaction "PetStore_ClickOnRegistration_T01" started.	[MsgId: MMSG-16999]
Registration.c(17): web_reg_find started  	[MsgId: MMSG-26355]
Registration.c(17): Registering web_reg_find was successful  	[MsgId: MMSG-26390]
Registration.c(20): web_link("Register Now!") started  	[MsgId: MMSG-26355]
Registration.c(20): Error -27985: There is no context for HTML-based functions. A previous function may not have used "Mode=HTML" or downloaded only non-HTML page(s), or the context has been reset (e.g., due to a GUI-based function)  	[MsgId: MERR-27985]
Registration.c(20): Warning -26379: Pending web_reg_save_param/web_reg_find/web_create_html_param/web_create_html_param_ex request(s) are deleted and will be handled as "not found"  	[MsgId: MWAR-26379]
Registration.c(20): Error -26366: "Text=User Information" not found for web_reg_find  	[MsgId: MERR-26366]
Registration.c(20): Error -26374: The above "not found" error(s) may be explained by header and body byte counts being 0 and 0, respectively.  	[MsgId: MERR-26374]
Registration.c(20): web_link("Register Now!") highest severity level was "ERROR", 0 body bytes, 0 header bytes  	[MsgId: MMSG-26388]
Registration.c(20): Notify: Transaction "PetStore_ClickOnRegistration_T01" ended with a "Fail" status (Duration: 0.0010).	[MsgId: MMSG-16873]
Registration.c(20): Notify: Transaction "PetStore_ClickOnRegistration_T01" has 3 error message(s).	[MsgId: MMSG-16818]
Registration.c(20): Notify: The 1st error message associated with transaction "PetStore_ClickOnRegistration_T01" is "Error -27985: There is no context for HTML-based functions. A previous function may not have used "Mode=HTML" or downloaded only non-HTML page(s), or the context has been reset (e.g., due to a GUI-based function)"	[MsgId: MMSG-16819]
Registration.c(20): Notify: The 2nd error message associated with transaction "PetStore_ClickOnRegistration_T01" is "Error -26366: "Text=User Information" not found for web_reg_find"	[MsgId: MMSG-16819]
Registration.c(20): Notify: The 3rd error message associated with transaction "PetStore_ClickOnRegistration_T01" is "Error -26374: The above "not found" error(s) may be explained by header and body byte counts being 0 and 0, respectively."	[MsgId: MMSG-16819]
Ending action Login.	[MsgId: MMSG-15918]
Ending iteration 2.	[MsgId: MMSG-15965]
Waiting 6.7490 seconds for iteration pacing.	[MsgId: MMSG-15996]
Starting iteration 7.	[MsgId: MMSG-15968]
Notify: Next row for parameter UserName = 1 [table  = UserName].	[MsgId: MMSG-13876]
Notify: Getting new value for parameter 'UserName': table = 'UserCredentilas1.dat' column = '0' row = '1'.	[MsgId: MMSG-13877]
Notify: Next row for parameter PetStoreEndtoEndFlow_UserName = 1 [table  = PetStoreEndtoEndFlow_UserName].	[MsgId: MMSG-13876]
Notify: Getting new value for parameter 'PetStoreEndtoEndFlow_UserName': table = 'UserCredentilas3.dat' column = '0' row = '1'.	[MsgId: MMSG-13877]
Notify: Next row for parameter PetStoreEndtoEndFlow_pass = 1 [table  = PetStoreEndtoEndFlow_pass].	[MsgId: MMSG-13876]
Notify: Getting new value for parameter 'PetStoreEndtoEndFlow_pass': table = 'UserCredentilas4.dat' column = '0' row = '1'.	[MsgId: MMSG-13877]
Notify: Next row for parameter pass = 1 [table  = pass].	[MsgId: MMSG-13876]
Notify: Getting new value for parameter 'pass': table = 'UserCredentilas2.dat' column = '0' row = '1'.	[MsgId: MMSG-13877]
Starting action Login.	[MsgId: MMSG-15919]
Registration.c(15): Notify: Transaction "PetStore_ClickOnRegistration_T01" started.	[MsgId: MMSG-16999]
Registration.c(17): web_reg_find started  	[MsgId: MMSG-26355]
Registration.c(17): Registering web_reg_find was successful  	[MsgId: MMSG-26390]
Registration.c(20): web_link("Register Now!") started  	[MsgId: MMSG-26355]
Registration.c(20): Error -27985: There is no context for HTML-based functions. A previous function may not have used "Mode=HTML" or downloaded only non-HTML page(s), or the context has been reset (e.g., due to a GUI-based function)  	[MsgId: MERR-27985]
Registration.c(20): Warning -26379: Pending web_reg_save_param/web_reg_find/web_create_html_param/web_create_html_param_ex request(s) are deleted and will be handled as "not found"  	[MsgId: MWAR-26379]
Registration.c(20): Error -26366: "Text=User Information" not found for web_reg_find  	[MsgId: MERR-26366]
Registration.c(20): Error -26374: The above "not found" error(s) may be explained by header and body byte counts being 0 and 0, respectively.  	[MsgId: MERR-26374]
Registration.c(20): web_link("Register Now!") highest severity level was "ERROR", 0 body bytes, 0 header bytes  	[MsgId: MMSG-26388]
Registration.c(20): Notify: Transaction "PetStore_ClickOnRegistration_T01" ended with a "Fail" status (Duration: 0.0019).	[MsgId: MMSG-16873]
Registration.c(20): Notify: Transaction "PetStore_ClickOnRegistration_T01" has 3 error message(s).	[MsgId: MMSG-16818]
Registration.c(20): Notify: The 1st error message associated with transaction "PetStore_ClickOnRegistration_T01" is "Error -27985: There is no context for HTML-based functions. A previous function may not have used "Mode=HTML" or downloaded only non-HTML page(s), or the context has been reset (e.g., due to a GUI-based function)"	[MsgId: MMSG-16819]
Registration.c(20): Notify: The 2nd error message associated with transaction "PetStore_ClickOnRegistration_T01" is "Error -26366: "Text=User Information" not found for web_reg_find"	[MsgId: MMSG-16819]
Registration.c(20): Notify: The 3rd error message associated with transaction "PetStore_ClickOnRegistration_T01" is "Error -26374: The above "not found" error(s) may be explained by header and body byte counts being 0 and 0, respectively."	[MsgId: MMSG-16819]
Ending action Login.	[MsgId: MMSG-15918]
Ending iteration 7.	[MsgId: MMSG-15965]
Waiting 9.8620 seconds for iteration pacing.	[MsgId: MMSG-15996]
Starting iteration 5.	[MsgId: MMSG-15968]
Notify: Next row for parameter UserName = 1 [table  = UserName].	[MsgId: MMSG-13876]
Notify: Getting new value for parameter 'UserName': table = 'UserCredentilas1.dat' column = '0' row = '1'.	[MsgId: MMSG-13877]
Notify: Next row for parameter PetStoreEndtoEndFlow_UserName = 1 [table  = PetStoreEndtoEndFlow_UserName].	[MsgId: MMSG-13876]
Notify: Getting new value for parameter 'PetStoreEndtoEndFlow_UserName': table = 'UserCredentilas3.dat' column = '0' row = '1'.	[MsgId: MMSG-13877]
Notify: Next row for parameter PetStoreEndtoEndFlow_pass = 1 [table  = PetStoreEndtoEndFlow_pass].	[MsgId: MMSG-13876]
Notify: Getting new value for parameter 'PetStoreEndtoEndFlow_pass': table = 'UserCredentilas4.dat' column = '0' row = '1'.	[MsgId: MMSG-13877]
Notify: Next row for parameter pass = 1 [table  = pass].	[MsgId: MMSG-13876]
Notify: Getting new value for parameter 'pass': table = 'UserCredentilas2.dat' column = '0' row = '1'.	[MsgId: MMSG-13877]
Starting action Login.	[MsgId: MMSG-15919]
Registration.c(15): Notify: Transaction "PetStore_ClickOnRegistration_T01" started.	[MsgId: MMSG-16999]
Registration.c(17): web_reg_find started  	[MsgId: MMSG-26355]
Registration.c(17): Registering web_reg_find was successful  	[MsgId: MMSG-26390]
Registration.c(20): web_link("Register Now!") started  	[MsgId: MMSG-26355]
Registration.c(20): Error -27985: There is no context for HTML-based functions. A previous function may not have used "Mode=HTML" or downloaded only non-HTML page(s), or the context has been reset (e.g., due to a GUI-based function)  	[MsgId: MERR-27985]
Registration.c(20): Warning -26379: Pending web_reg_save_param/web_reg_find/web_create_html_param/web_create_html_param_ex request(s) are deleted and will be handled as "not found"  	[MsgId: MWAR-26379]
Registration.c(20): Error -26366: "Text=User Information" not found for web_reg_find  	[MsgId: MERR-26366]
Registration.c(20): Error -26374: The above "not found" error(s) may be explained by header and body byte counts being 0 and 0, respectively.  	[MsgId: MERR-26374]
Registration.c(20): web_link("Register Now!") highest severity level was "ERROR", 0 body bytes, 0 header bytes  	[MsgId: MMSG-26388]
Registration.c(20): Notify: Transaction "PetStore_ClickOnRegistration_T01" ended with a "Fail" status (Duration: 0.0013).	[MsgId: MMSG-16873]
Registration.c(20): Notify: Transaction "PetStore_ClickOnRegistration_T01" has 3 error message(s).	[MsgId: MMSG-16818]
Registration.c(20): Notify: The 1st error message associated with transaction "PetStore_ClickOnRegistration_T01" is "Error -27985: There is no context for HTML-based functions. A previous function may not have used "Mode=HTML" or downloaded only non-HTML page(s), or the context has been reset (e.g., due to a GUI-based function)"	[MsgId: MMSG-16819]
Registration.c(20): Notify: The 2nd error message associated with transaction "PetStore_ClickOnRegistration_T01" is "Error -26366: "Text=User Information" not found for web_reg_find"	[MsgId: MMSG-16819]
Registration.c(20): Notify: The 3rd error message associated with transaction "PetStore_ClickOnRegistration_T01" is "Error -26374: The above "not found" error(s) may be explained by header and body byte counts being 0 and 0, respectively."	[MsgId: MMSG-16819]
Ending action Login.	[MsgId: MMSG-15918]
Ending iteration 5.	[MsgId: MMSG-15965]
Waiting 8.7950 seconds for iteration pacing.	[MsgId: MMSG-15996]
Starting iteration 8.	[MsgId: MMSG-15968]
Notify: Next row for parameter UserName = 1 [table  = UserName].	[MsgId: MMSG-13876]
Notify: Getting new value for parameter 'UserName': table = 'UserCredentilas1.dat' column = '0' row = '1'.	[MsgId: MMSG-13877]
Notify: Next row for parameter PetStoreEndtoEndFlow_UserName = 1 [table  = PetStoreEndtoEndFlow_UserName].	[MsgId: MMSG-13876]
Notify: Getting new value for parameter 'PetStoreEndtoEndFlow_UserName': table = 'UserCredentilas3.dat' column = '0' row = '1'.	[MsgId: MMSG-13877]
Notify: Next row for parameter PetStoreEndtoEndFlow_pass = 1 [table  = PetStoreEndtoEndFlow_pass].	[MsgId: MMSG-13876]
Notify: Getting new value for parameter 'PetStoreEndtoEndFlow_pass': table = 'UserCredentilas4.dat' column = '0' row = '1'.	[MsgId: MMSG-13877]
Notify: Next row for parameter pass = 1 [table  = pass].	[MsgId: MMSG-13876]
Notify: Getting new value for parameter 'pass': table = 'UserCredentilas2.dat' column = '0' row = '1'.	[MsgId: MMSG-13877]
Starting action Login.	[MsgId: MMSG-15919]
Registration.c(15): Notify: Transaction "PetStore_ClickOnRegistration_T01" started.	[MsgId: MMSG-16999]
Registration.c(17): web_reg_find started  	[MsgId: MMSG-26355]
Registration.c(17): Registering web_reg_find was successful  	[MsgId: MMSG-26390]
Registration.c(20): web_link("Register Now!") started  	[MsgId: MMSG-26355]
Registration.c(20): Error -27985: There is no context for HTML-based functions. A previous function may not have used "Mode=HTML" or downloaded only non-HTML page(s), or the context has been reset (e.g., due to a GUI-based function)  	[MsgId: MERR-27985]
Registration.c(20): Warning -26379: Pending web_reg_save_param/web_reg_find/web_create_html_param/web_create_html_param_ex request(s) are deleted and will be handled as "not found"  	[MsgId: MWAR-26379]
Registration.c(20): Error -26366: "Text=User Information" not found for web_reg_find  	[MsgId: MERR-26366]
Registration.c(20): Error -26374: The above "not found" error(s) may be explained by header and body byte counts being 0 and 0, respectively.  	[MsgId: MERR-26374]
Registration.c(20): web_link("Register Now!") highest severity level was "ERROR", 0 body bytes, 0 header bytes  	[MsgId: MMSG-26388]
Registration.c(20): Notify: Transaction "PetStore_ClickOnRegistration_T01" ended with a "Fail" status (Duration: 0.0010).	[MsgId: MMSG-16873]
Registration.c(20): Notify: Transaction "PetStore_ClickOnRegistration_T01" has 3 error message(s).	[MsgId: MMSG-16818]
Registration.c(20): Notify: The 1st error message associated with transaction "PetStore_ClickOnRegistration_T01" is "Error -27985: There is no context for HTML-based functions. A previous function may not have used "Mode=HTML" or downloaded only non-HTML page(s), or the context has been reset (e.g., due to a GUI-based function)"	[MsgId: MMSG-16819]
Registration.c(20): Notify: The 2nd error message associated with transaction "PetStore_ClickOnRegistration_T01" is "Error -26366: "Text=User Information" not found for web_reg_find"	[MsgId: MMSG-16819]
Registration.c(20): Notify: The 3rd error message associated with transaction "PetStore_ClickOnRegistration_T01" is "Error -26374: The above "not found" error(s) may be explained by header and body byte counts being 0 and 0, respectively."	[MsgId: MMSG-16819]
Ending action Login.	[MsgId: MMSG-15918]
Ending iteration 8.	[MsgId: MMSG-15965]
Waiting 7.3150 seconds for iteration pacing.	[MsgId: MMSG-15996]
Starting iteration 5.	[MsgId: MMSG-15968]
Notify: Next row for parameter UserName = 1 [table  = UserName].	[MsgId: MMSG-13876]
Notify: Getting new value for parameter 'UserName': table = 'UserCredentilas1.dat' column = '0' row = '1'.	[MsgId: MMSG-13877]
Notify: Next row for parameter PetStoreEndtoEndFlow_UserName = 1 [table  = PetStoreEndtoEndFlow_UserName].	[MsgId: MMSG-13876]
Notify: Getting new value for parameter 'PetStoreEndtoEndFlow_UserName': table = 'UserCredentilas3.dat' column = '0' row = '1'.	[MsgId: MMSG-13877]
Notify: Next row for parameter PetStoreEndtoEndFlow_pass = 1 [table  = PetStoreEndtoEndFlow_pass].	[MsgId: MMSG-13876]
Notify: Getting new value for parameter 'PetStoreEndtoEndFlow_pass': table = 'UserCredentilas4.dat' column = '0' row = '1'.	[MsgId: MMSG-13877]
Notify: Next row for parameter pass = 1 [table  = pass].	[MsgId: MMSG-13876]
Notify: Getting new value for parameter 'pass': table = 'UserCredentilas2.dat' column = '0' row = '1'.	[MsgId: MMSG-13877]
Starting action Login.	[MsgId: MMSG-15919]
Registration.c(15): Notify: Transaction "PetStore_ClickOnRegistration_T01" started.	[MsgId: MMSG-16999]
Registration.c(17): web_reg_find started  	[MsgId: MMSG-26355]
Registration.c(17): Registering web_reg_find was successful  	[MsgId: MMSG-26390]
Registration.c(20): web_link("Register Now!") started  	[MsgId: MMSG-26355]
Registration.c(20): Error -27985: There is no context for HTML-based functions. A previous function may not have used "Mode=HTML" or downloaded only non-HTML page(s), or the context has been reset (e.g., due to a GUI-based function)  	[MsgId: MERR-27985]
Registration.c(20): Warning -26379: Pending web_reg_save_param/web_reg_find/web_create_html_param/web_create_html_param_ex request(s) are deleted and will be handled as "not found"  	[MsgId: MWAR-26379]
Registration.c(20): Error -26366: "Text=User Information" not found for web_reg_find  	[MsgId: MERR-26366]
Registration.c(20): Error -26374: The above "not found" error(s) may be explained by header and body byte counts being 0 and 0, respectively.  	[MsgId: MERR-26374]
Registration.c(20): web_link("Register Now!") highest severity level was "ERROR", 0 body bytes, 0 header bytes  	[MsgId: MMSG-26388]
Registration.c(20): Notify: Transaction "PetStore_ClickOnRegistration_T01" ended with a "Fail" status (Duration: 0.0063).	[MsgId: MMSG-16873]
Registration.c(20): Notify: Transaction "PetStore_ClickOnRegistration_T01" has 3 error message(s).	[MsgId: MMSG-16818]
Registration.c(20): Notify: The 1st error message associated with transaction "PetStore_ClickOnRegistration_T01" is "Error -27985: There is no context for HTML-based functions. A previous function may not have used "Mode=HTML" or downloaded only non-HTML page(s), or the context has been reset (e.g., due to a GUI-based function)"	[MsgId: MMSG-16819]
Registration.c(20): Notify: The 2nd error message associated with transaction "PetStore_ClickOnRegistration_T01" is "Error -26366: "Text=User Information" not found for web_reg_find"	[MsgId: MMSG-16819]
Registration.c(20): Notify: The 3rd error message associated with transaction "PetStore_ClickOnRegistration_T01" is "Error -26374: The above "not found" error(s) may be explained by header and body byte counts being 0 and 0, respectively."	[MsgId: MMSG-16819]
Ending action Login.	[MsgId: MMSG-15918]
Ending iteration 5.	[MsgId: MMSG-15965]
Waiting 6.8880 seconds for iteration pacing.	[MsgId: MMSG-15996]
Starting iteration 5.	[MsgId: MMSG-15968]
Notify: Next row for parameter UserName = 1 [table  = UserName].	[MsgId: MMSG-13876]
Notify: Getting new value for parameter 'UserName': table = 'UserCredentilas1.dat' column = '0' row = '1'.	[MsgId: MMSG-13877]
Notify: Next row for parameter PetStoreEndtoEndFlow_UserName = 1 [table  = PetStoreEndtoEndFlow_UserName].	[MsgId: MMSG-13876]
Notify: Getting new value for parameter 'PetStoreEndtoEndFlow_UserName': table = 'UserCredentilas3.dat' column = '0' row = '1'.	[MsgId: MMSG-13877]
Notify: Next row for parameter PetStoreEndtoEndFlow_pass = 1 [table  = PetStoreEndtoEndFlow_pass].	[MsgId: MMSG-13876]
Notify: Getting new value for parameter 'PetStoreEndtoEndFlow_pass': table = 'UserCredentilas4.dat' column = '0' row = '1'.	[MsgId: MMSG-13877]
Notify: Next row for parameter pass = 1 [table  = pass].	[MsgId: MMSG-13876]
Notify: Getting new value for parameter 'pass': table = 'UserCredentilas2.dat' column = '0' row = '1'.	[MsgId: MMSG-13877]
Starting action Login.	[MsgId: MMSG-15919]
Registration.c(15): Notify: Transaction "PetStore_ClickOnRegistration_T01" started.	[MsgId: MMSG-16999]
Registration.c(17): web_reg_find started  	[MsgId: MMSG-26355]
Registration.c(17): Registering web_reg_find was successful  	[MsgId: MMSG-26390]
Registration.c(20): web_link("Register Now!") started  	[MsgId: MMSG-26355]
Registration.c(20): Error -27985: There is no context for HTML-based functions. A previous function may not have used "Mode=HTML" or downloaded only non-HTML page(s), or the context has been reset (e.g., due to a GUI-based function)  	[MsgId: MERR-27985]
Registration.c(20): Warning -26379: Pending web_reg_save_param/web_reg_find/web_create_html_param/web_create_html_param_ex request(s) are deleted and will be handled as "not found"  	[MsgId: MWAR-26379]
Registration.c(20): Error -26366: "Text=User Information" not found for web_reg_find  	[MsgId: MERR-26366]
Registration.c(20): Error -26374: The above "not found" error(s) may be explained by header and body byte counts being 0 and 0, respectively.  	[MsgId: MERR-26374]
Registration.c(20): web_link("Register Now!") highest severity level was "ERROR", 0 body bytes, 0 header bytes  	[MsgId: MMSG-26388]
Registration.c(20): Notify: Transaction "PetStore_ClickOnRegistration_T01" ended with a "Fail" status (Duration: 0.0010).	[MsgId: MMSG-16873]
Registration.c(20): Notify: Transaction "PetStore_ClickOnRegistration_T01" has 3 error message(s).	[MsgId: MMSG-16818]
Registration.c(20): Notify: The 1st error message associated with transaction "PetStore_ClickOnRegistration_T01" is "Error -27985: There is no context for HTML-based functions. A previous function may not have used "Mode=HTML" or downloaded only non-HTML page(s), or the context has been reset (e.g., due to a GUI-based function)"	[MsgId: MMSG-16819]
Registration.c(20): Notify: The 2nd error message associated with transaction "PetStore_ClickOnRegistration_T01" is "Error -26366: "Text=User Information" not found for web_reg_find"	[MsgId: MMSG-16819]
Registration.c(20): Notify: The 3rd error message associated with transaction "PetStore_ClickOnRegistration_T01" is "Error -26374: The above "not found" error(s) may be explained by header and body byte counts being 0 and 0, respectively."	[MsgId: MMSG-16819]
Ending action Login.	[MsgId: MMSG-15918]
Ending iteration 5.	[MsgId: MMSG-15965]
Waiting 7.3000 seconds for iteration pacing.	[MsgId: MMSG-15996]
Starting iteration 4.	[MsgId: MMSG-15968]
Notify: Next row for parameter UserName = 1 [table  = UserName].	[MsgId: MMSG-13876]
Notify: Getting new value for parameter 'UserName': table = 'UserCredentilas1.dat' column = '0' row = '1'.	[MsgId: MMSG-13877]
Notify: Next row for parameter PetStoreEndtoEndFlow_UserName = 1 [table  = PetStoreEndtoEndFlow_UserName].	[MsgId: MMSG-13876]
Notify: Getting new value for parameter 'PetStoreEndtoEndFlow_UserName': table = 'UserCredentilas3.dat' column = '0' row = '1'.	[MsgId: MMSG-13877]
Notify: Next row for parameter PetStoreEndtoEndFlow_pass = 1 [table  = PetStoreEndtoEndFlow_pass].	[MsgId: MMSG-13876]
Notify: Getting new value for parameter 'PetStoreEndtoEndFlow_pass': table = 'UserCredentilas4.dat' column = '0' row = '1'.	[MsgId: MMSG-13877]
Notify: Next row for parameter pass = 1 [table  = pass].	[MsgId: MMSG-13876]
Notify: Getting new value for parameter 'pass': table = 'UserCredentilas2.dat' column = '0' row = '1'.	[MsgId: MMSG-13877]
Starting action Login.	[MsgId: MMSG-15919]
Registration.c(15): Notify: Transaction "PetStore_ClickOnRegistration_T01" started.	[MsgId: MMSG-16999]
Registration.c(17): web_reg_find started  	[MsgId: MMSG-26355]
Registration.c(17): Registering web_reg_find was successful  	[MsgId: MMSG-26390]
Registration.c(20): web_link("Register Now!") started  	[MsgId: MMSG-26355]
Registration.c(20): Error -27985: There is no context for HTML-based functions. A previous function may not have used "Mode=HTML" or downloaded only non-HTML page(s), or the context has been reset (e.g., due to a GUI-based function)  	[MsgId: MERR-27985]
Registration.c(20): Warning -26379: Pending web_reg_save_param/web_reg_find/web_create_html_param/web_create_html_param_ex request(s) are deleted and will be handled as "not found"  	[MsgId: MWAR-26379]
Registration.c(20): Error -26366: "Text=User Information" not found for web_reg_find  	[MsgId: MERR-26366]
Registration.c(20): Error -26374: The above "not found" error(s) may be explained by header and body byte counts being 0 and 0, respectively.  	[MsgId: MERR-26374]
Registration.c(20): web_link("Register Now!") highest severity level was "ERROR", 0 body bytes, 0 header bytes  	[MsgId: MMSG-26388]
Registration.c(20): Notify: Transaction "PetStore_ClickOnRegistration_T01" ended with a "Fail" status (Duration: 0.0010).	[MsgId: MMSG-16873]
Registration.c(20): Notify: Transaction "PetStore_ClickOnRegistration_T01" has 3 error message(s).	[MsgId: MMSG-16818]
Registration.c(20): Notify: The 1st error message associated with transaction "PetStore_ClickOnRegistration_T01" is "Error -27985: There is no context for HTML-based functions. A previous function may not have used "Mode=HTML" or downloaded only non-HTML page(s), or the context has been reset (e.g., due to a GUI-based function)"	[MsgId: MMSG-16819]
Registration.c(20): Notify: The 2nd error message associated with transaction "PetStore_ClickOnRegistration_T01" is "Error -26366: "Text=User Information" not found for web_reg_find"	[MsgId: MMSG-16819]
Registration.c(20): Notify: The 3rd error message associated with transaction "PetStore_ClickOnRegistration_T01" is "Error -26374: The above "not found" error(s) may be explained by header and body byte counts being 0 and 0, respectively."	[MsgId: MMSG-16819]
Ending action Login.	[MsgId: MMSG-15918]
Ending iteration 4.	[MsgId: MMSG-15965]
Waiting 9.5290 seconds for iteration pacing.	[MsgId: MMSG-15996]
Starting iteration 8.	[MsgId: MMSG-15968]
Notify: Next row for parameter UserName = 1 [table  = UserName].	[MsgId: MMSG-13876]
Notify: Getting new value for parameter 'UserName': table = 'UserCredentilas1.dat' column = '0' row = '1'.	[MsgId: MMSG-13877]
Notify: Next row for parameter PetStoreEndtoEndFlow_UserName = 1 [table  = PetStoreEndtoEndFlow_UserName].	[MsgId: MMSG-13876]
Notify: Getting new value for parameter 'PetStoreEndtoEndFlow_UserName': table = 'UserCredentilas3.dat' column = '0' row = '1'.	[MsgId: MMSG-13877]
Notify: Next row for parameter PetStoreEndtoEndFlow_pass = 1 [table  = PetStoreEndtoEndFlow_pass].	[MsgId: MMSG-13876]
Notify: Getting new value for parameter 'PetStoreEndtoEndFlow_pass': table = 'UserCredentilas4.dat' column = '0' row = '1'.	[MsgId: MMSG-13877]
Notify: Next row for parameter pass = 1 [table  = pass].	[MsgId: MMSG-13876]
Notify: Getting new value for parameter 'pass': table = 'UserCredentilas2.dat' column = '0' row = '1'.	[MsgId: MMSG-13877]
Starting action Login.	[MsgId: MMSG-15919]
Registration.c(15): Notify: Transaction "PetStore_ClickOnRegistration_T01" started.	[MsgId: MMSG-16999]
Registration.c(17): web_reg_find started  	[MsgId: MMSG-26355]
Registration.c(17): Registering web_reg_find was successful  	[MsgId: MMSG-26390]
Registration.c(20): web_link("Register Now!") started  	[MsgId: MMSG-26355]
Registration.c(20): Error -27985: There is no context for HTML-based functions. A previous function may not have used "Mode=HTML" or downloaded only non-HTML page(s), or the context has been reset (e.g., due to a GUI-based function)  	[MsgId: MERR-27985]
Registration.c(20): Warning -26379: Pending web_reg_save_param/web_reg_find/web_create_html_param/web_create_html_param_ex request(s) are deleted and will be handled as "not found"  	[MsgId: MWAR-26379]
Registration.c(20): Error -26366: "Text=User Information" not found for web_reg_find  	[MsgId: MERR-26366]
Registration.c(20): Error -26374: The above "not found" error(s) may be explained by header and body byte counts being 0 and 0, respectively.  	[MsgId: MERR-26374]
Registration.c(20): web_link("Register Now!") highest severity level was "ERROR", 0 body bytes, 0 header bytes  	[MsgId: MMSG-26388]
Registration.c(20): Notify: Transaction "PetStore_ClickOnRegistration_T01" ended with a "Fail" status (Duration: 0.0011).	[MsgId: MMSG-16873]
Registration.c(20): Notify: Transaction "PetStore_ClickOnRegistration_T01" has 3 error message(s).	[MsgId: MMSG-16818]
Registration.c(20): Notify: The 1st error message associated with transaction "PetStore_ClickOnRegistration_T01" is "Error -27985: There is no context for HTML-based functions. A previous function may not have used "Mode=HTML" or downloaded only non-HTML page(s), or the context has been reset (e.g., due to a GUI-based function)"	[MsgId: MMSG-16819]
Registration.c(20): Notify: The 2nd error message associated with transaction "PetStore_ClickOnRegistration_T01" is "Error -26366: "Text=User Information" not found for web_reg_find"	[MsgId: MMSG-16819]
Registration.c(20): Notify: The 3rd error message associated with transaction "PetStore_ClickOnRegistration_T01" is "Error -26374: The above "not found" error(s) may be explained by header and body byte counts being 0 and 0, respectively."	[MsgId: MMSG-16819]
Ending action Login.	[MsgId: MMSG-15918]
Ending iteration 8.	[MsgId: MMSG-15965]
Waiting 9.4490 seconds for iteration pacing.	[MsgId: MMSG-15996]
Starting iteration 9.	[MsgId: MMSG-15968]
Notify: Next row for parameter UserName = 1 [table  = UserName].	[MsgId: MMSG-13876]
Notify: Getting new value for parameter 'UserName': table = 'UserCredentilas1.dat' column = '0' row = '1'.	[MsgId: MMSG-13877]
Notify: Next row for parameter PetStoreEndtoEndFlow_UserName = 1 [table  = PetStoreEndtoEndFlow_UserName].	[MsgId: MMSG-13876]
Notify: Getting new value for parameter 'PetStoreEndtoEndFlow_UserName': table = 'UserCredentilas3.dat' column = '0' row = '1'.	[MsgId: MMSG-13877]
Notify: Next row for parameter PetStoreEndtoEndFlow_pass = 1 [table  = PetStoreEndtoEndFlow_pass].	[MsgId: MMSG-13876]
Notify: Getting new value for parameter 'PetStoreEndtoEndFlow_pass': table = 'UserCredentilas4.dat' column = '0' row = '1'.	[MsgId: MMSG-13877]
Notify: Next row for parameter pass = 1 [table  = pass].	[MsgId: MMSG-13876]
Notify: Getting new value for parameter 'pass': table = 'UserCredentilas2.dat' column = '0' row = '1'.	[MsgId: MMSG-13877]
Starting action Login.	[MsgId: MMSG-15919]
Registration.c(15): Notify: Transaction "PetStore_ClickOnRegistration_T01" started.	[MsgId: MMSG-16999]
Registration.c(17): web_reg_find started  	[MsgId: MMSG-26355]
Registration.c(17): Registering web_reg_find was successful  	[MsgId: MMSG-26390]
Registration.c(20): web_link("Register Now!") started  	[MsgId: MMSG-26355]
Registration.c(20): Error -27985: There is no context for HTML-based functions. A previous function may not have used "Mode=HTML" or downloaded only non-HTML page(s), or the context has been reset (e.g., due to a GUI-based function)  	[MsgId: MERR-27985]
Registration.c(20): Warning -26379: Pending web_reg_save_param/web_reg_find/web_create_html_param/web_create_html_param_ex request(s) are deleted and will be handled as "not found"  	[MsgId: MWAR-26379]
Registration.c(20): Error -26366: "Text=User Information" not found for web_reg_find  	[MsgId: MERR-26366]
Registration.c(20): Error -26374: The above "not found" error(s) may be explained by header and body byte counts being 0 and 0, respectively.  	[MsgId: MERR-26374]
Registration.c(20): web_link("Register Now!") highest severity level was "ERROR", 0 body bytes, 0 header bytes  	[MsgId: MMSG-26388]
Registration.c(20): Notify: Transaction "PetStore_ClickOnRegistration_T01" ended with a "Fail" status (Duration: 0.0009).	[MsgId: MMSG-16873]
Registration.c(20): Notify: Transaction "PetStore_ClickOnRegistration_T01" has 3 error message(s).	[MsgId: MMSG-16818]
Registration.c(20): Notify: The 1st error message associated with transaction "PetStore_ClickOnRegistration_T01" is "Error -27985: There is no context for HTML-based functions. A previous function may not have used "Mode=HTML" or downloaded only non-HTML page(s), or the context has been reset (e.g., due to a GUI-based function)"	[MsgId: MMSG-16819]
Registration.c(20): Notify: The 2nd error message associated with transaction "PetStore_ClickOnRegistration_T01" is "Error -26366: "Text=User Information" not found for web_reg_find"	[MsgId: MMSG-16819]
Registration.c(20): Notify: The 3rd error message associated with transaction "PetStore_ClickOnRegistration_T01" is "Error -26374: The above "not found" error(s) may be explained by header and body byte counts being 0 and 0, respectively."	[MsgId: MMSG-16819]
Ending action Login.	[MsgId: MMSG-15918]
Ending iteration 9.	[MsgId: MMSG-15965]
Waiting 8.0430 seconds for iteration pacing.	[MsgId: MMSG-15996]
Starting iteration 4.	[MsgId: MMSG-15968]
Notify: Next row for parameter UserName = 1 [table  = UserName].	[MsgId: MMSG-13876]
Notify: Getting new value for parameter 'UserName': table = 'UserCredentilas1.dat' column = '0' row = '1'.	[MsgId: MMSG-13877]
Notify: Next row for parameter PetStoreEndtoEndFlow_UserName = 1 [table  = PetStoreEndtoEndFlow_UserName].	[MsgId: MMSG-13876]
Notify: Getting new value for parameter 'PetStoreEndtoEndFlow_UserName': table = 'UserCredentilas3.dat' column = '0' row = '1'.	[MsgId: MMSG-13877]
Notify: Next row for parameter PetStoreEndtoEndFlow_pass = 1 [table  = PetStoreEndtoEndFlow_pass].	[MsgId: MMSG-13876]
Notify: Getting new value for parameter 'PetStoreEndtoEndFlow_pass': table = 'UserCredentilas4.dat' column = '0' row = '1'.	[MsgId: MMSG-13877]
Notify: Next row for parameter pass = 1 [table  = pass].	[MsgId: MMSG-13876]
Notify: Getting new value for parameter 'pass': table = 'UserCredentilas2.dat' column = '0' row = '1'.	[MsgId: MMSG-13877]
Starting action Login.	[MsgId: MMSG-15919]
Registration.c(15): Notify: Transaction "PetStore_ClickOnRegistration_T01" started.	[MsgId: MMSG-16999]
Registration.c(17): web_reg_find started  	[MsgId: MMSG-26355]
Registration.c(17): Registering web_reg_find was successful  	[MsgId: MMSG-26390]
Registration.c(20): web_link("Register Now!") started  	[MsgId: MMSG-26355]
Registration.c(20): Error -27985: There is no context for HTML-based functions. A previous function may not have used "Mode=HTML" or downloaded only non-HTML page(s), or the context has been reset (e.g., due to a GUI-based function)  	[MsgId: MERR-27985]
Registration.c(20): Warning -26379: Pending web_reg_save_param/web_reg_find/web_create_html_param/web_create_html_param_ex request(s) are deleted and will be handled as "not found"  	[MsgId: MWAR-26379]
Registration.c(20): Error -26366: "Text=User Information" not found for web_reg_find  	[MsgId: MERR-26366]
Registration.c(20): Error -26374: The above "not found" error(s) may be explained by header and body byte counts being 0 and 0, respectively.  	[MsgId: MERR-26374]
Registration.c(20): web_link("Register Now!") highest severity level was "ERROR", 0 body bytes, 0 header bytes  	[MsgId: MMSG-26388]
Registration.c(20): Notify: Transaction "PetStore_ClickOnRegistration_T01" ended with a "Fail" status (Duration: 0.0089).	[MsgId: MMSG-16873]
Registration.c(20): Notify: Transaction "PetStore_ClickOnRegistration_T01" has 3 error message(s).	[MsgId: MMSG-16818]
Registration.c(20): Notify: The 1st error message associated with transaction "PetStore_ClickOnRegistration_T01" is "Error -27985: There is no context for HTML-based functions. A previous function may not have used "Mode=HTML" or downloaded only non-HTML page(s), or the context has been reset (e.g., due to a GUI-based function)"	[MsgId: MMSG-16819]
Registration.c(20): Notify: The 2nd error message associated with transaction "PetStore_ClickOnRegistration_T01" is "Error -26366: "Text=User Information" not found for web_reg_find"	[MsgId: MMSG-16819]
Registration.c(20): Notify: The 3rd error message associated with transaction "PetStore_ClickOnRegistration_T01" is "Error -26374: The above "not found" error(s) may be explained by header and body byte counts being 0 and 0, respectively."	[MsgId: MMSG-16819]
Ending action Login.	[MsgId: MMSG-15918]
Ending iteration 4.	[MsgId: MMSG-15965]
Waiting 6.7410 seconds for iteration pacing.	[MsgId: MMSG-15996]
Starting iteration 3.	[MsgId: MMSG-15968]
Notify: Next row for parameter UserName = 1 [table  = UserName].	[MsgId: MMSG-13876]
Notify: Getting new value for parameter 'UserName': table = 'UserCredentilas1.dat' column = '0' row = '1'.	[MsgId: MMSG-13877]
Notify: Next row for parameter PetStoreEndtoEndFlow_UserName = 1 [table  = PetStoreEndtoEndFlow_UserName].	[MsgId: MMSG-13876]
Notify: Getting new value for parameter 'PetStoreEndtoEndFlow_UserName': table = 'UserCredentilas3.dat' column = '0' row = '1'.	[MsgId: MMSG-13877]
Notify: Next row for parameter PetStoreEndtoEndFlow_pass = 1 [table  = PetStoreEndtoEndFlow_pass].	[MsgId: MMSG-13876]
Notify: Getting new value for parameter 'PetStoreEndtoEndFlow_pass': table = 'UserCredentilas4.dat' column = '0' row = '1'.	[MsgId: MMSG-13877]
Notify: Next row for parameter pass = 1 [table  = pass].	[MsgId: MMSG-13876]
Notify: Getting new value for parameter 'pass': table = 'UserCredentilas2.dat' column = '0' row = '1'.	[MsgId: MMSG-13877]
Starting action Login.	[MsgId: MMSG-15919]
Registration.c(15): Notify: Transaction "PetStore_ClickOnRegistration_T01" started.	[MsgId: MMSG-16999]
Registration.c(17): web_reg_find started  	[MsgId: MMSG-26355]
Registration.c(17): Registering web_reg_find was successful  	[MsgId: MMSG-26390]
Registration.c(20): web_link("Register Now!") started  	[MsgId: MMSG-26355]
Registration.c(20): Error -27985: There is no context for HTML-based functions. A previous function may not have used "Mode=HTML" or downloaded only non-HTML page(s), or the context has been reset (e.g., due to a GUI-based function)  	[MsgId: MERR-27985]
Registration.c(20): Warning -26379: Pending web_reg_save_param/web_reg_find/web_create_html_param/web_create_html_param_ex request(s) are deleted and will be handled as "not found"  	[MsgId: MWAR-26379]
Registration.c(20): Error -26366: "Text=User Information" not found for web_reg_find  	[MsgId: MERR-26366]
Registration.c(20): Error -26374: The above "not found" error(s) may be explained by header and body byte counts being 0 and 0, respectively.  	[MsgId: MERR-26374]
Registration.c(20): web_link("Register Now!") highest severity level was "ERROR", 0 body bytes, 0 header bytes  	[MsgId: MMSG-26388]
Registration.c(20): Notify: Transaction "PetStore_ClickOnRegistration_T01" ended with a "Fail" status (Duration: 0.0012).	[MsgId: MMSG-16873]
Registration.c(20): Notify: Transaction "PetStore_ClickOnRegistration_T01" has 3 error message(s).	[MsgId: MMSG-16818]
Registration.c(20): Notify: The 1st error message associated with transaction "PetStore_ClickOnRegistration_T01" is "Error -27985: There is no context for HTML-based functions. A previous function may not have used "Mode=HTML" or downloaded only non-HTML page(s), or the context has been reset (e.g., due to a GUI-based function)"	[MsgId: MMSG-16819]
Registration.c(20): Notify: The 2nd error message associated with transaction "PetStore_ClickOnRegistration_T01" is "Error -26366: "Text=User Information" not found for web_reg_find"	[MsgId: MMSG-16819]
Registration.c(20): Notify: The 3rd error message associated with transaction "PetStore_ClickOnRegistration_T01" is "Error -26374: The above "not found" error(s) may be explained by header and body byte counts being 0 and 0, respectively."	[MsgId: MMSG-16819]
Ending action Login.	[MsgId: MMSG-15918]
Ending iteration 3.	[MsgId: MMSG-15965]
Waiting 6.8250 seconds for iteration pacing.	[MsgId: MMSG-15996]
Starting iteration 9.	[MsgId: MMSG-15968]
Notify: Next row for parameter UserName = 1 [table  = UserName].	[MsgId: MMSG-13876]
Notify: Getting new value for parameter 'UserName': table = 'UserCredentilas1.dat' column = '0' row = '1'.	[MsgId: MMSG-13877]
Notify: Next row for parameter PetStoreEndtoEndFlow_UserName = 1 [table  = PetStoreEndtoEndFlow_UserName].	[MsgId: MMSG-13876]
Notify: Getting new value for parameter 'PetStoreEndtoEndFlow_UserName': table = 'UserCredentilas3.dat' column = '0' row = '1'.	[MsgId: MMSG-13877]
Notify: Next row for parameter PetStoreEndtoEndFlow_pass = 1 [table  = PetStoreEndtoEndFlow_pass].	[MsgId: MMSG-13876]
Notify: Getting new value for parameter 'PetStoreEndtoEndFlow_pass': table = 'UserCredentilas4.dat' column = '0' row = '1'.	[MsgId: MMSG-13877]
Notify: Next row for parameter pass = 1 [table  = pass].	[MsgId: MMSG-13876]
Notify: Getting new value for parameter 'pass': table = 'UserCredentilas2.dat' column = '0' row = '1'.	[MsgId: MMSG-13877]
Starting action Login.	[MsgId: MMSG-15919]
Registration.c(15): Notify: Transaction "PetStore_ClickOnRegistration_T01" started.	[MsgId: MMSG-16999]
Registration.c(17): web_reg_find started  	[MsgId: MMSG-26355]
Registration.c(17): Registering web_reg_find was successful  	[MsgId: MMSG-26390]
Registration.c(20): web_link("Register Now!") started  	[MsgId: MMSG-26355]
Registration.c(20): Error -27985: There is no context for HTML-based functions. A previous function may not have used "Mode=HTML" or downloaded only non-HTML page(s), or the context has been reset (e.g., due to a GUI-based function)  	[MsgId: MERR-27985]
Registration.c(20): Warning -26379: Pending web_reg_save_param/web_reg_find/web_create_html_param/web_create_html_param_ex request(s) are deleted and will be handled as "not found"  	[MsgId: MWAR-26379]
Registration.c(20): Error -26366: "Text=User Information" not found for web_reg_find  	[MsgId: MERR-26366]
Registration.c(20): Error -26374: The above "not found" error(s) may be explained by header and body byte counts being 0 and 0, respectively.  	[MsgId: MERR-26374]
Registration.c(20): web_link("Register Now!") highest severity level was "ERROR", 0 body bytes, 0 header bytes  	[MsgId: MMSG-26388]
Registration.c(20): Notify: Transaction "PetStore_ClickOnRegistration_T01" ended with a "Fail" status (Duration: 0.0010).	[MsgId: MMSG-16873]
Registration.c(20): Notify: Transaction "PetStore_ClickOnRegistration_T01" has 3 error message(s).	[MsgId: MMSG-16818]
Registration.c(20): Notify: The 1st error message associated with transaction "PetStore_ClickOnRegistration_T01" is "Error -27985: There is no context for HTML-based functions. A previous function may not have used "Mode=HTML" or downloaded only non-HTML page(s), or the context has been reset (e.g., due to a GUI-based function)"	[MsgId: MMSG-16819]
Registration.c(20): Notify: The 2nd error message associated with transaction "PetStore_ClickOnRegistration_T01" is "Error -26366: "Text=User Information" not found for web_reg_find"	[MsgId: MMSG-16819]
Registration.c(20): Notify: The 3rd error message associated with transaction "PetStore_ClickOnRegistration_T01" is "Error -26374: The above "not found" error(s) may be explained by header and body byte counts being 0 and 0, respectively."	[MsgId: MMSG-16819]
Ending action Login.	[MsgId: MMSG-15918]
Ending iteration 9.	[MsgId: MMSG-15965]
Waiting 7.6230 seconds for iteration pacing.	[MsgId: MMSG-15996]
Starting iteration 6.	[MsgId: MMSG-15968]
Notify: Next row for parameter UserName = 1 [table  = UserName].	[MsgId: MMSG-13876]
Notify: Getting new value for parameter 'UserName': table = 'UserCredentilas1.dat' column = '0' row = '1'.	[MsgId: MMSG-13877]
Notify: Next row for parameter PetStoreEndtoEndFlow_UserName = 1 [table  = PetStoreEndtoEndFlow_UserName].	[MsgId: MMSG-13876]
Notify: Getting new value for parameter 'PetStoreEndtoEndFlow_UserName': table = 'UserCredentilas3.dat' column = '0' row = '1'.	[MsgId: MMSG-13877]
Notify: Next row for parameter PetStoreEndtoEndFlow_pass = 1 [table  = PetStoreEndtoEndFlow_pass].	[MsgId: MMSG-13876]
Notify: Getting new value for parameter 'PetStoreEndtoEndFlow_pass': table = 'UserCredentilas4.dat' column = '0' row = '1'.	[MsgId: MMSG-13877]
Notify: Next row for parameter pass = 1 [table  = pass].	[MsgId: MMSG-13876]
Notify: Getting new value for parameter 'pass': table = 'UserCredentilas2.dat' column = '0' row = '1'.	[MsgId: MMSG-13877]
Starting action Login.	[MsgId: MMSG-15919]
Registration.c(15): Notify: Transaction "PetStore_ClickOnRegistration_T01" started.	[MsgId: MMSG-16999]
Registration.c(17): web_reg_find started  	[MsgId: MMSG-26355]
Registration.c(17): Registering web_reg_find was successful  	[MsgId: MMSG-26390]
Registration.c(20): web_link("Register Now!") started  	[MsgId: MMSG-26355]
Registration.c(20): Error -27985: There is no context for HTML-based functions. A previous function may not have used "Mode=HTML" or downloaded only non-HTML page(s), or the context has been reset (e.g., due to a GUI-based function)  	[MsgId: MERR-27985]
Registration.c(20): Warning -26379: Pending web_reg_save_param/web_reg_find/web_create_html_param/web_create_html_param_ex request(s) are deleted and will be handled as "not found"  	[MsgId: MWAR-26379]
Registration.c(20): Error -26366: "Text=User Information" not found for web_reg_find  	[MsgId: MERR-26366]
Registration.c(20): Error -26374: The above "not found" error(s) may be explained by header and body byte counts being 0 and 0, respectively.  	[MsgId: MERR-26374]
Registration.c(20): web_link("Register Now!") highest severity level was "ERROR", 0 body bytes, 0 header bytes  	[MsgId: MMSG-26388]
Registration.c(20): Notify: Transaction "PetStore_ClickOnRegistration_T01" ended with a "Fail" status (Duration: 0.0012).	[MsgId: MMSG-16873]
Registration.c(20): Notify: Transaction "PetStore_ClickOnRegistration_T01" has 3 error message(s).	[MsgId: MMSG-16818]
Registration.c(20): Notify: The 1st error message associated with transaction "PetStore_ClickOnRegistration_T01" is "Error -27985: There is no context for HTML-based functions. A previous function may not have used "Mode=HTML" or downloaded only non-HTML page(s), or the context has been reset (e.g., due to a GUI-based function)"	[MsgId: MMSG-16819]
Registration.c(20): Notify: The 2nd error message associated with transaction "PetStore_ClickOnRegistration_T01" is "Error -26366: "Text=User Information" not found for web_reg_find"	[MsgId: MMSG-16819]
Registration.c(20): Notify: The 3rd error message associated with transaction "PetStore_ClickOnRegistration_T01" is "Error -26374: The above "not found" error(s) may be explained by header and body byte counts being 0 and 0, respectively."	[MsgId: MMSG-16819]
Ending action Login.	[MsgId: MMSG-15918]
Ending iteration 6.	[MsgId: MMSG-15965]
Waiting 5.8710 seconds for iteration pacing.	[MsgId: MMSG-15996]
Starting iteration 6.	[MsgId: MMSG-15968]
Notify: Next row for parameter UserName = 1 [table  = UserName].	[MsgId: MMSG-13876]
Notify: Getting new value for parameter 'UserName': table = 'UserCredentilas1.dat' column = '0' row = '1'.	[MsgId: MMSG-13877]
Notify: Next row for parameter PetStoreEndtoEndFlow_UserName = 1 [table  = PetStoreEndtoEndFlow_UserName].	[MsgId: MMSG-13876]
Notify: Getting new value for parameter 'PetStoreEndtoEndFlow_UserName': table = 'UserCredentilas3.dat' column = '0' row = '1'.	[MsgId: MMSG-13877]
Notify: Next row for parameter PetStoreEndtoEndFlow_pass = 1 [table  = PetStoreEndtoEndFlow_pass].	[MsgId: MMSG-13876]
Notify: Getting new value for parameter 'PetStoreEndtoEndFlow_pass': table = 'UserCredentilas4.dat' column = '0' row = '1'.	[MsgId: MMSG-13877]
Notify: Next row for parameter pass = 1 [table  = pass].	[MsgId: MMSG-13876]
Notify: Getting new value for parameter 'pass': table = 'UserCredentilas2.dat' column = '0' row = '1'.	[MsgId: MMSG-13877]
Starting action Login.	[MsgId: MMSG-15919]
Registration.c(15): Notify: Transaction "PetStore_ClickOnRegistration_T01" started.	[MsgId: MMSG-16999]
Registration.c(17): web_reg_find started  	[MsgId: MMSG-26355]
Registration.c(17): Registering web_reg_find was successful  	[MsgId: MMSG-26390]
Registration.c(20): web_link("Register Now!") started  	[MsgId: MMSG-26355]
Registration.c(20): Error -27985: There is no context for HTML-based functions. A previous function may not have used "Mode=HTML" or downloaded only non-HTML page(s), or the context has been reset (e.g., due to a GUI-based function)  	[MsgId: MERR-27985]
Registration.c(20): Warning -26379: Pending web_reg_save_param/web_reg_find/web_create_html_param/web_create_html_param_ex request(s) are deleted and will be handled as "not found"  	[MsgId: MWAR-26379]
Registration.c(20): Error -26366: "Text=User Information" not found for web_reg_find  	[MsgId: MERR-26366]
Registration.c(20): Error -26374: The above "not found" error(s) may be explained by header and body byte counts being 0 and 0, respectively.  	[MsgId: MERR-26374]
Registration.c(20): web_link("Register Now!") highest severity level was "ERROR", 0 body bytes, 0 header bytes  	[MsgId: MMSG-26388]
Registration.c(20): Notify: Transaction "PetStore_ClickOnRegistration_T01" ended with a "Fail" status (Duration: 0.0012).	[MsgId: MMSG-16873]
Registration.c(20): Notify: Transaction "PetStore_ClickOnRegistration_T01" has 3 error message(s).	[MsgId: MMSG-16818]
Registration.c(20): Notify: The 1st error message associated with transaction "PetStore_ClickOnRegistration_T01" is "Error -27985: There is no context for HTML-based functions. A previous function may not have used "Mode=HTML" or downloaded only non-HTML page(s), or the context has been reset (e.g., due to a GUI-based function)"	[MsgId: MMSG-16819]
Registration.c(20): Notify: The 2nd error message associated with transaction "PetStore_ClickOnRegistration_T01" is "Error -26366: "Text=User Information" not found for web_reg_find"	[MsgId: MMSG-16819]
Registration.c(20): Notify: The 3rd error message associated with transaction "PetStore_ClickOnRegistration_T01" is "Error -26374: The above "not found" error(s) may be explained by header and body byte counts being 0 and 0, respectively."	[MsgId: MMSG-16819]
Ending action Login.	[MsgId: MMSG-15918]
Ending iteration 6.	[MsgId: MMSG-15965]
Waiting 8.7530 seconds for iteration pacing.	[MsgId: MMSG-15996]
Starting iteration 8.	[MsgId: MMSG-15968]
Notify: Next row for parameter UserName = 1 [table  = UserName].	[MsgId: MMSG-13876]
Notify: Getting new value for parameter 'UserName': table = 'UserCredentilas1.dat' column = '0' row = '1'.	[MsgId: MMSG-13877]
Notify: Next row for parameter PetStoreEndtoEndFlow_UserName = 1 [table  = PetStoreEndtoEndFlow_UserName].	[MsgId: MMSG-13876]
Notify: Getting new value for parameter 'PetStoreEndtoEndFlow_UserName': table = 'UserCredentilas3.dat' column = '0' row = '1'.	[MsgId: MMSG-13877]
Notify: Next row for parameter PetStoreEndtoEndFlow_pass = 1 [table  = PetStoreEndtoEndFlow_pass].	[MsgId: MMSG-13876]
Notify: Getting new value for parameter 'PetStoreEndtoEndFlow_pass': table = 'UserCredentilas4.dat' column = '0' row = '1'.	[MsgId: MMSG-13877]
Notify: Next row for parameter pass = 1 [table  = pass].	[MsgId: MMSG-13876]
Notify: Getting new value for parameter 'pass': table = 'UserCredentilas2.dat' column = '0' row = '1'.	[MsgId: MMSG-13877]
Starting action Login.	[MsgId: MMSG-15919]
Registration.c(15): Notify: Transaction "PetStore_ClickOnRegistration_T01" started.	[MsgId: MMSG-16999]
Registration.c(17): web_reg_find started  	[MsgId: MMSG-26355]
Registration.c(17): Registering web_reg_find was successful  	[MsgId: MMSG-26390]
Registration.c(20): web_link("Register Now!") started  	[MsgId: MMSG-26355]
Registration.c(20): Error -27985: There is no context for HTML-based functions. A previous function may not have used "Mode=HTML" or downloaded only non-HTML page(s), or the context has been reset (e.g., due to a GUI-based function)  	[MsgId: MERR-27985]
Registration.c(20): Warning -26379: Pending web_reg_save_param/web_reg_find/web_create_html_param/web_create_html_param_ex request(s) are deleted and will be handled as "not found"  	[MsgId: MWAR-26379]
Registration.c(20): Error -26366: "Text=User Information" not found for web_reg_find  	[MsgId: MERR-26366]
Registration.c(20): Error -26374: The above "not found" error(s) may be explained by header and body byte counts being 0 and 0, respectively.  	[MsgId: MERR-26374]
Registration.c(20): web_link("Register Now!") highest severity level was "ERROR", 0 body bytes, 0 header bytes  	[MsgId: MMSG-26388]
Registration.c(20): Notify: Transaction "PetStore_ClickOnRegistration_T01" ended with a "Fail" status (Duration: 0.0010).	[MsgId: MMSG-16873]
Registration.c(20): Notify: Transaction "PetStore_ClickOnRegistration_T01" has 3 error message(s).	[MsgId: MMSG-16818]
Registration.c(20): Notify: The 1st error message associated with transaction "PetStore_ClickOnRegistration_T01" is "Error -27985: There is no context for HTML-based functions. A previous function may not have used "Mode=HTML" or downloaded only non-HTML page(s), or the context has been reset (e.g., due to a GUI-based function)"	[MsgId: MMSG-16819]
Registration.c(20): Notify: The 2nd error message associated with transaction "PetStore_ClickOnRegistration_T01" is "Error -26366: "Text=User Information" not found for web_reg_find"	[MsgId: MMSG-16819]
Registration.c(20): Notify: The 3rd error message associated with transaction "PetStore_ClickOnRegistration_T01" is "Error -26374: The above "not found" error(s) may be explained by header and body byte counts being 0 and 0, respectively."	[MsgId: MMSG-16819]
Ending action Login.	[MsgId: MMSG-15918]
Ending iteration 8.	[MsgId: MMSG-15965]
Waiting 6.1990 seconds for iteration pacing.	[MsgId: MMSG-15996]
Starting iteration 6.	[MsgId: MMSG-15968]
Notify: Next row for parameter UserName = 1 [table  = UserName].	[MsgId: MMSG-13876]
Notify: Getting new value for parameter 'UserName': table = 'UserCredentilas1.dat' column = '0' row = '1'.	[MsgId: MMSG-13877]
Notify: Next row for parameter PetStoreEndtoEndFlow_UserName = 1 [table  = PetStoreEndtoEndFlow_UserName].	[MsgId: MMSG-13876]
Notify: Getting new value for parameter 'PetStoreEndtoEndFlow_UserName': table = 'UserCredentilas3.dat' column = '0' row = '1'.	[MsgId: MMSG-13877]
Notify: Next row for parameter PetStoreEndtoEndFlow_pass = 1 [table  = PetStoreEndtoEndFlow_pass].	[MsgId: MMSG-13876]
Notify: Getting new value for parameter 'PetStoreEndtoEndFlow_pass': table = 'UserCredentilas4.dat' column = '0' row = '1'.	[MsgId: MMSG-13877]
Notify: Next row for parameter pass = 1 [table  = pass].	[MsgId: MMSG-13876]
Notify: Getting new value for parameter 'pass': table = 'UserCredentilas2.dat' column = '0' row = '1'.	[MsgId: MMSG-13877]
Starting action Login.	[MsgId: MMSG-15919]
Registration.c(15): Notify: Transaction "PetStore_ClickOnRegistration_T01" started.	[MsgId: MMSG-16999]
Registration.c(17): web_reg_find started  	[MsgId: MMSG-26355]
Registration.c(17): Registering web_reg_find was successful  	[MsgId: MMSG-26390]
Registration.c(20): web_link("Register Now!") started  	[MsgId: MMSG-26355]
Registration.c(20): Error -27985: There is no context for HTML-based functions. A previous function may not have used "Mode=HTML" or downloaded only non-HTML page(s), or the context has been reset (e.g., due to a GUI-based function)  	[MsgId: MERR-27985]
Registration.c(20): Warning -26379: Pending web_reg_save_param/web_reg_find/web_create_html_param/web_create_html_param_ex request(s) are deleted and will be handled as "not found"  	[MsgId: MWAR-26379]
Registration.c(20): Error -26366: "Text=User Information" not found for web_reg_find  	[MsgId: MERR-26366]
Registration.c(20): Error -26374: The above "not found" error(s) may be explained by header and body byte counts being 0 and 0, respectively.  	[MsgId: MERR-26374]
Registration.c(20): web_link("Register Now!") highest severity level was "ERROR", 0 body bytes, 0 header bytes  	[MsgId: MMSG-26388]
Registration.c(20): Notify: Transaction "PetStore_ClickOnRegistration_T01" ended with a "Fail" status (Duration: 0.0063).	[MsgId: MMSG-16873]
Registration.c(20): Notify: Transaction "PetStore_ClickOnRegistration_T01" has 3 error message(s).	[MsgId: MMSG-16818]
Registration.c(20): Notify: The 1st error message associated with transaction "PetStore_ClickOnRegistration_T01" is "Error -27985: There is no context for HTML-based functions. A previous function may not have used "Mode=HTML" or downloaded only non-HTML page(s), or the context has been reset (e.g., due to a GUI-based function)"	[MsgId: MMSG-16819]
Registration.c(20): Notify: The 2nd error message associated with transaction "PetStore_ClickOnRegistration_T01" is "Error -26366: "Text=User Information" not found for web_reg_find"	[MsgId: MMSG-16819]
Registration.c(20): Notify: The 3rd error message associated with transaction "PetStore_ClickOnRegistration_T01" is "Error -26374: The above "not found" error(s) may be explained by header and body byte counts being 0 and 0, respectively."	[MsgId: MMSG-16819]
Ending action Login.	[MsgId: MMSG-15918]
Ending iteration 6.	[MsgId: MMSG-15965]
Waiting 6.9720 seconds for iteration pacing.	[MsgId: MMSG-15996]
Starting iteration 5.	[MsgId: MMSG-15968]
Notify: Next row for parameter UserName = 1 [table  = UserName].	[MsgId: MMSG-13876]
Notify: Getting new value for parameter 'UserName': table = 'UserCredentilas1.dat' column = '0' row = '1'.	[MsgId: MMSG-13877]
Notify: Next row for parameter PetStoreEndtoEndFlow_UserName = 1 [table  = PetStoreEndtoEndFlow_UserName].	[MsgId: MMSG-13876]
Notify: Getting new value for parameter 'PetStoreEndtoEndFlow_UserName': table = 'UserCredentilas3.dat' column = '0' row = '1'.	[MsgId: MMSG-13877]
Notify: Next row for parameter PetStoreEndtoEndFlow_pass = 1 [table  = PetStoreEndtoEndFlow_pass].	[MsgId: MMSG-13876]
Notify: Getting new value for parameter 'PetStoreEndtoEndFlow_pass': table = 'UserCredentilas4.dat' column = '0' row = '1'.	[MsgId: MMSG-13877]
Notify: Next row for parameter pass = 1 [table  = pass].	[MsgId: MMSG-13876]
Notify: Getting new value for parameter 'pass': table = 'UserCredentilas2.dat' column = '0' row = '1'.	[MsgId: MMSG-13877]
Starting action Login.	[MsgId: MMSG-15919]
Registration.c(15): Notify: Transaction "PetStore_ClickOnRegistration_T01" started.	[MsgId: MMSG-16999]
Registration.c(17): web_reg_find started  	[MsgId: MMSG-26355]
Registration.c(17): Registering web_reg_find was successful  	[MsgId: MMSG-26390]
Registration.c(20): web_link("Register Now!") started  	[MsgId: MMSG-26355]
Registration.c(20): Error -27985: There is no context for HTML-based functions. A previous function may not have used "Mode=HTML" or downloaded only non-HTML page(s), or the context has been reset (e.g., due to a GUI-based function)  	[MsgId: MERR-27985]
Registration.c(20): Warning -26379: Pending web_reg_save_param/web_reg_find/web_create_html_param/web_create_html_param_ex request(s) are deleted and will be handled as "not found"  	[MsgId: MWAR-26379]
Registration.c(20): Error -26366: "Text=User Information" not found for web_reg_find  	[MsgId: MERR-26366]
Registration.c(20): Error -26374: The above "not found" error(s) may be explained by header and body byte counts being 0 and 0, respectively.  	[MsgId: MERR-26374]
Registration.c(20): web_link("Register Now!") highest severity level was "ERROR", 0 body bytes, 0 header bytes  	[MsgId: MMSG-26388]
Registration.c(20): Notify: Transaction "PetStore_ClickOnRegistration_T01" ended with a "Fail" status (Duration: 0.0010).	[MsgId: MMSG-16873]
Registration.c(20): Notify: Transaction "PetStore_ClickOnRegistration_T01" has 3 error message(s).	[MsgId: MMSG-16818]
Registration.c(20): Notify: The 1st error message associated with transaction "PetStore_ClickOnRegistration_T01" is "Error -27985: There is no context for HTML-based functions. A previous function may not have used "Mode=HTML" or downloaded only non-HTML page(s), or the context has been reset (e.g., due to a GUI-based function)"	[MsgId: MMSG-16819]
Registration.c(20): Notify: The 2nd error message associated with transaction "PetStore_ClickOnRegistration_T01" is "Error -26366: "Text=User Information" not found for web_reg_find"	[MsgId: MMSG-16819]
Registration.c(20): Notify: The 3rd error message associated with transaction "PetStore_ClickOnRegistration_T01" is "Error -26374: The above "not found" error(s) may be explained by header and body byte counts being 0 and 0, respectively."	[MsgId: MMSG-16819]
Ending action Login.	[MsgId: MMSG-15918]
Ending iteration 5.	[MsgId: MMSG-15965]
Waiting 6.1720 seconds for iteration pacing.	[MsgId: MMSG-15996]
Starting iteration 4.	[MsgId: MMSG-15968]
Notify: Next row for parameter UserName = 1 [table  = UserName].	[MsgId: MMSG-13876]
Notify: Getting new value for parameter 'UserName': table = 'UserCredentilas1.dat' column = '0' row = '1'.	[MsgId: MMSG-13877]
Notify: Next row for parameter PetStoreEndtoEndFlow_UserName = 1 [table  = PetStoreEndtoEndFlow_UserName].	[MsgId: MMSG-13876]
Notify: Getting new value for parameter 'PetStoreEndtoEndFlow_UserName': table = 'UserCredentilas3.dat' column = '0' row = '1'.	[MsgId: MMSG-13877]
Notify: Next row for parameter PetStoreEndtoEndFlow_pass = 1 [table  = PetStoreEndtoEndFlow_pass].	[MsgId: MMSG-13876]
Notify: Getting new value for parameter 'PetStoreEndtoEndFlow_pass': table = 'UserCredentilas4.dat' column = '0' row = '1'.	[MsgId: MMSG-13877]
Notify: Next row for parameter pass = 1 [table  = pass].	[MsgId: MMSG-13876]
Notify: Getting new value for parameter 'pass': table = 'UserCredentilas2.dat' column = '0' row = '1'.	[MsgId: MMSG-13877]
Starting action Login.	[MsgId: MMSG-15919]
Registration.c(15): Notify: Transaction "PetStore_ClickOnRegistration_T01" started.	[MsgId: MMSG-16999]
Registration.c(17): web_reg_find started  	[MsgId: MMSG-26355]
Registration.c(17): Registering web_reg_find was successful  	[MsgId: MMSG-26390]
Registration.c(20): web_link("Register Now!") started  	[MsgId: MMSG-26355]
Registration.c(20): Error -27985: There is no context for HTML-based functions. A previous function may not have used "Mode=HTML" or downloaded only non-HTML page(s), or the context has been reset (e.g., due to a GUI-based function)  	[MsgId: MERR-27985]
Registration.c(20): Warning -26379: Pending web_reg_save_param/web_reg_find/web_create_html_param/web_create_html_param_ex request(s) are deleted and will be handled as "not found"  	[MsgId: MWAR-26379]
Registration.c(20): Error -26366: "Text=User Information" not found for web_reg_find  	[MsgId: MERR-26366]
Registration.c(20): Error -26374: The above "not found" error(s) may be explained by header and body byte counts being 0 and 0, respectively.  	[MsgId: MERR-26374]
Registration.c(20): web_link("Register Now!") highest severity level was "ERROR", 0 body bytes, 0 header bytes  	[MsgId: MMSG-26388]
Registration.c(20): Notify: Transaction "PetStore_ClickOnRegistration_T01" ended with a "Fail" status (Duration: 0.0010).	[MsgId: MMSG-16873]
Registration.c(20): Notify: Transaction "PetStore_ClickOnRegistration_T01" has 3 error message(s).	[MsgId: MMSG-16818]
Registration.c(20): Notify: The 1st error message associated with transaction "PetStore_ClickOnRegistration_T01" is "Error -27985: There is no context for HTML-based functions. A previous function may not have used "Mode=HTML" or downloaded only non-HTML page(s), or the context has been reset (e.g., due to a GUI-based function)"	[MsgId: MMSG-16819]
Registration.c(20): Notify: The 2nd error message associated with transaction "PetStore_ClickOnRegistration_T01" is "Error -26366: "Text=User Information" not found for web_reg_find"	[MsgId: MMSG-16819]
Registration.c(20): Notify: The 3rd error message associated with transaction "PetStore_ClickOnRegistration_T01" is "Error -26374: The above "not found" error(s) may be explained by header and body byte counts being 0 and 0, respectively."	[MsgId: MMSG-16819]
Ending action Login.	[MsgId: MMSG-15918]
Ending iteration 4.	[MsgId: MMSG-15965]
Waiting 8.8330 seconds for iteration pacing.	[MsgId: MMSG-15996]
Starting iteration 10.	[MsgId: MMSG-15968]
Notify: Next row for parameter UserName = 1 [table  = UserName].	[MsgId: MMSG-13876]
Notify: Getting new value for parameter 'UserName': table = 'UserCredentilas1.dat' column = '0' row = '1'.	[MsgId: MMSG-13877]
Notify: Next row for parameter PetStoreEndtoEndFlow_UserName = 1 [table  = PetStoreEndtoEndFlow_UserName].	[MsgId: MMSG-13876]
Notify: Getting new value for parameter 'PetStoreEndtoEndFlow_UserName': table = 'UserCredentilas3.dat' column = '0' row = '1'.	[MsgId: MMSG-13877]
Notify: Next row for parameter PetStoreEndtoEndFlow_pass = 1 [table  = PetStoreEndtoEndFlow_pass].	[MsgId: MMSG-13876]
Notify: Getting new value for parameter 'PetStoreEndtoEndFlow_pass': table = 'UserCredentilas4.dat' column = '0' row = '1'.	[MsgId: MMSG-13877]
Notify: Next row for parameter pass = 1 [table  = pass].	[MsgId: MMSG-13876]
Notify: Getting new value for parameter 'pass': table = 'UserCredentilas2.dat' column = '0' row = '1'.	[MsgId: MMSG-13877]
Starting action Login.	[MsgId: MMSG-15919]
Registration.c(15): Notify: Transaction "PetStore_ClickOnRegistration_T01" started.	[MsgId: MMSG-16999]
Registration.c(17): web_reg_find started  	[MsgId: MMSG-26355]
Registration.c(17): Registering web_reg_find was successful  	[MsgId: MMSG-26390]
Registration.c(20): web_link("Register Now!") started  	[MsgId: MMSG-26355]
Registration.c(20): Error -27985: There is no context for HTML-based functions. A previous function may not have used "Mode=HTML" or downloaded only non-HTML page(s), or the context has been reset (e.g., due to a GUI-based function)  	[MsgId: MERR-27985]
Registration.c(20): Warning -26379: Pending web_reg_save_param/web_reg_find/web_create_html_param/web_create_html_param_ex request(s) are deleted and will be handled as "not found"  	[MsgId: MWAR-26379]
Registration.c(20): Error -26366: "Text=User Information" not found for web_reg_find  	[MsgId: MERR-26366]
Registration.c(20): Error -26374: The above "not found" error(s) may be explained by header and body byte counts being 0 and 0, respectively.  	[MsgId: MERR-26374]
Registration.c(20): web_link("Register Now!") highest severity level was "ERROR", 0 body bytes, 0 header bytes  	[MsgId: MMSG-26388]
Registration.c(20): Notify: Transaction "PetStore_ClickOnRegistration_T01" ended with a "Fail" status (Duration: 0.0010).	[MsgId: MMSG-16873]
Registration.c(20): Notify: Transaction "PetStore_ClickOnRegistration_T01" has 3 error message(s).	[MsgId: MMSG-16818]
Registration.c(20): Notify: The 1st error message associated with transaction "PetStore_ClickOnRegistration_T01" is "Error -27985: There is no context for HTML-based functions. A previous function may not have used "Mode=HTML" or downloaded only non-HTML page(s), or the context has been reset (e.g., due to a GUI-based function)"	[MsgId: MMSG-16819]
Registration.c(20): Notify: The 2nd error message associated with transaction "PetStore_ClickOnRegistration_T01" is "Error -26366: "Text=User Information" not found for web_reg_find"	[MsgId: MMSG-16819]
Registration.c(20): Notify: The 3rd error message associated with transaction "PetStore_ClickOnRegistration_T01" is "Error -26374: The above "not found" error(s) may be explained by header and body byte counts being 0 and 0, respectively."	[MsgId: MMSG-16819]
Ending action Login.	[MsgId: MMSG-15918]
Ending iteration 10.	[MsgId: MMSG-15965]
Waiting 7.1900 seconds for iteration pacing.	[MsgId: MMSG-15996]
Starting iteration 5.	[MsgId: MMSG-15968]
Notify: Next row for parameter UserName = 1 [table  = UserName].	[MsgId: MMSG-13876]
Notify: Getting new value for parameter 'UserName': table = 'UserCredentilas1.dat' column = '0' row = '1'.	[MsgId: MMSG-13877]
Notify: Next row for parameter PetStoreEndtoEndFlow_UserName = 1 [table  = PetStoreEndtoEndFlow_UserName].	[MsgId: MMSG-13876]
Notify: Getting new value for parameter 'PetStoreEndtoEndFlow_UserName': table = 'UserCredentilas3.dat' column = '0' row = '1'.	[MsgId: MMSG-13877]
Notify: Next row for parameter PetStoreEndtoEndFlow_pass = 1 [table  = PetStoreEndtoEndFlow_pass].	[MsgId: MMSG-13876]
Notify: Getting new value for parameter 'PetStoreEndtoEndFlow_pass': table = 'UserCredentilas4.dat' column = '0' row = '1'.	[MsgId: MMSG-13877]
Notify: Next row for parameter pass = 1 [table  = pass].	[MsgId: MMSG-13876]
Notify: Getting new value for parameter 'pass': table = 'UserCredentilas2.dat' column = '0' row = '1'.	[MsgId: MMSG-13877]
Starting action Login.	[MsgId: MMSG-15919]
Registration.c(15): Notify: Transaction "PetStore_ClickOnRegistration_T01" started.	[MsgId: MMSG-16999]
Registration.c(17): web_reg_find started  	[MsgId: MMSG-26355]
Registration.c(17): Registering web_reg_find was successful  	[MsgId: MMSG-26390]
Registration.c(20): web_link("Register Now!") started  	[MsgId: MMSG-26355]
Registration.c(20): Error -27985: There is no context for HTML-based functions. A previous function may not have used "Mode=HTML" or downloaded only non-HTML page(s), or the context has been reset (e.g., due to a GUI-based function)  	[MsgId: MERR-27985]
Registration.c(20): Warning -26379: Pending web_reg_save_param/web_reg_find/web_create_html_param/web_create_html_param_ex request(s) are deleted and will be handled as "not found"  	[MsgId: MWAR-26379]
Registration.c(20): Error -26366: "Text=User Information" not found for web_reg_find  	[MsgId: MERR-26366]
Registration.c(20): Error -26374: The above "not found" error(s) may be explained by header and body byte counts being 0 and 0, respectively.  	[MsgId: MERR-26374]
Registration.c(20): web_link("Register Now!") highest severity level was "ERROR", 0 body bytes, 0 header bytes  	[MsgId: MMSG-26388]
Registration.c(20): Notify: Transaction "PetStore_ClickOnRegistration_T01" ended with a "Fail" status (Duration: 0.0014).	[MsgId: MMSG-16873]
Registration.c(20): Notify: Transaction "PetStore_ClickOnRegistration_T01" has 3 error message(s).	[MsgId: MMSG-16818]
Registration.c(20): Notify: The 1st error message associated with transaction "PetStore_ClickOnRegistration_T01" is "Error -27985: There is no context for HTML-based functions. A previous function may not have used "Mode=HTML" or downloaded only non-HTML page(s), or the context has been reset (e.g., due to a GUI-based function)"	[MsgId: MMSG-16819]
Registration.c(20): Notify: The 2nd error message associated with transaction "PetStore_ClickOnRegistration_T01" is "Error -26366: "Text=User Information" not found for web_reg_find"	[MsgId: MMSG-16819]
Registration.c(20): Notify: The 3rd error message associated with transaction "PetStore_ClickOnRegistration_T01" is "Error -26374: The above "not found" error(s) may be explained by header and body byte counts being 0 and 0, respectively."	[MsgId: MMSG-16819]
Ending action Login.	[MsgId: MMSG-15918]
Ending iteration 5.	[MsgId: MMSG-15965]
Waiting 5.5500 seconds for iteration pacing.	[MsgId: MMSG-15996]
Starting iteration 7.	[MsgId: MMSG-15968]
Notify: Next row for parameter UserName = 1 [table  = UserName].	[MsgId: MMSG-13876]
Notify: Getting new value for parameter 'UserName': table = 'UserCredentilas1.dat' column = '0' row = '1'.	[MsgId: MMSG-13877]
Notify: Next row for parameter PetStoreEndtoEndFlow_UserName = 1 [table  = PetStoreEndtoEndFlow_UserName].	[MsgId: MMSG-13876]
Notify: Getting new value for parameter 'PetStoreEndtoEndFlow_UserName': table = 'UserCredentilas3.dat' column = '0' row = '1'.	[MsgId: MMSG-13877]
Notify: Next row for parameter PetStoreEndtoEndFlow_pass = 1 [table  = PetStoreEndtoEndFlow_pass].	[MsgId: MMSG-13876]
Notify: Getting new value for parameter 'PetStoreEndtoEndFlow_pass': table = 'UserCredentilas4.dat' column = '0' row = '1'.	[MsgId: MMSG-13877]
Notify: Next row for parameter pass = 1 [table  = pass].	[MsgId: MMSG-13876]
Notify: Getting new value for parameter 'pass': table = 'UserCredentilas2.dat' column = '0' row = '1'.	[MsgId: MMSG-13877]
Starting action Login.	[MsgId: MMSG-15919]
Registration.c(15): Notify: Transaction "PetStore_ClickOnRegistration_T01" started.	[MsgId: MMSG-16999]
Registration.c(17): web_reg_find started  	[MsgId: MMSG-26355]
Registration.c(17): Registering web_reg_find was successful  	[MsgId: MMSG-26390]
Registration.c(20): web_link("Register Now!") started  	[MsgId: MMSG-26355]
Registration.c(20): Error -27985: There is no context for HTML-based functions. A previous function may not have used "Mode=HTML" or downloaded only non-HTML page(s), or the context has been reset (e.g., due to a GUI-based function)  	[MsgId: MERR-27985]
Registration.c(20): Warning -26379: Pending web_reg_save_param/web_reg_find/web_create_html_param/web_create_html_param_ex request(s) are deleted and will be handled as "not found"  	[MsgId: MWAR-26379]
Registration.c(20): Error -26366: "Text=User Information" not found for web_reg_find  	[MsgId: MERR-26366]
Registration.c(20): Error -26374: The above "not found" error(s) may be explained by header and body byte counts being 0 and 0, respectively.  	[MsgId: MERR-26374]
Registration.c(20): web_link("Register Now!") highest severity level was "ERROR", 0 body bytes, 0 header bytes  	[MsgId: MMSG-26388]
Registration.c(20): Notify: Transaction "PetStore_ClickOnRegistration_T01" ended with a "Fail" status (Duration: 0.0019).	[MsgId: MMSG-16873]
Registration.c(20): Notify: Transaction "PetStore_ClickOnRegistration_T01" has 3 error message(s).	[MsgId: MMSG-16818]
Registration.c(20): Notify: The 1st error message associated with transaction "PetStore_ClickOnRegistration_T01" is "Error -27985: There is no context for HTML-based functions. A previous function may not have used "Mode=HTML" or downloaded only non-HTML page(s), or the context has been reset (e.g., due to a GUI-based function)"	[MsgId: MMSG-16819]
Registration.c(20): Notify: The 2nd error message associated with transaction "PetStore_ClickOnRegistration_T01" is "Error -26366: "Text=User Information" not found for web_reg_find"	[MsgId: MMSG-16819]
Registration.c(20): Notify: The 3rd error message associated with transaction "PetStore_ClickOnRegistration_T01" is "Error -26374: The above "not found" error(s) may be explained by header and body byte counts being 0 and 0, respectively."	[MsgId: MMSG-16819]
Ending action Login.	[MsgId: MMSG-15918]
Ending iteration 7.	[MsgId: MMSG-15965]
Waiting 5.3880 seconds for iteration pacing.	[MsgId: MMSG-15996]
Starting iteration 9.	[MsgId: MMSG-15968]
Notify: Next row for parameter UserName = 1 [table  = UserName].	[MsgId: MMSG-13876]
Notify: Getting new value for parameter 'UserName': table = 'UserCredentilas1.dat' column = '0' row = '1'.	[MsgId: MMSG-13877]
Notify: Next row for parameter PetStoreEndtoEndFlow_UserName = 1 [table  = PetStoreEndtoEndFlow_UserName].	[MsgId: MMSG-13876]
Notify: Getting new value for parameter 'PetStoreEndtoEndFlow_UserName': table = 'UserCredentilas3.dat' column = '0' row = '1'.	[MsgId: MMSG-13877]
Notify: Next row for parameter PetStoreEndtoEndFlow_pass = 1 [table  = PetStoreEndtoEndFlow_pass].	[MsgId: MMSG-13876]
Notify: Getting new value for parameter 'PetStoreEndtoEndFlow_pass': table = 'UserCredentilas4.dat' column = '0' row = '1'.	[MsgId: MMSG-13877]
Notify: Next row for parameter pass = 1 [table  = pass].	[MsgId: MMSG-13876]
Notify: Getting new value for parameter 'pass': table = 'UserCredentilas2.dat' column = '0' row = '1'.	[MsgId: MMSG-13877]
Starting action Login.	[MsgId: MMSG-15919]
Registration.c(15): Notify: Transaction "PetStore_ClickOnRegistration_T01" started.	[MsgId: MMSG-16999]
Registration.c(17): web_reg_find started  	[MsgId: MMSG-26355]
Registration.c(17): Registering web_reg_find was successful  	[MsgId: MMSG-26390]
Registration.c(20): web_link("Register Now!") started  	[MsgId: MMSG-26355]
Registration.c(20): Error -27985: There is no context for HTML-based functions. A previous function may not have used "Mode=HTML" or downloaded only non-HTML page(s), or the context has been reset (e.g., due to a GUI-based function)  	[MsgId: MERR-27985]
Registration.c(20): Warning -26379: Pending web_reg_save_param/web_reg_find/web_create_html_param/web_create_html_param_ex request(s) are deleted and will be handled as "not found"  	[MsgId: MWAR-26379]
Registration.c(20): Error -26366: "Text=User Information" not found for web_reg_find  	[MsgId: MERR-26366]
Registration.c(20): Error -26374: The above "not found" error(s) may be explained by header and body byte counts being 0 and 0, respectively.  	[MsgId: MERR-26374]
Registration.c(20): web_link("Register Now!") highest severity level was "ERROR", 0 body bytes, 0 header bytes  	[MsgId: MMSG-26388]
Registration.c(20): Notify: Transaction "PetStore_ClickOnRegistration_T01" ended with a "Fail" status (Duration: 0.0012).	[MsgId: MMSG-16873]
Registration.c(20): Notify: Transaction "PetStore_ClickOnRegistration_T01" has 3 error message(s).	[MsgId: MMSG-16818]
Registration.c(20): Notify: The 1st error message associated with transaction "PetStore_ClickOnRegistration_T01" is "Error -27985: There is no context for HTML-based functions. A previous function may not have used "Mode=HTML" or downloaded only non-HTML page(s), or the context has been reset (e.g., due to a GUI-based function)"	[MsgId: MMSG-16819]
Registration.c(20): Notify: The 2nd error message associated with transaction "PetStore_ClickOnRegistration_T01" is "Error -26366: "Text=User Information" not found for web_reg_find"	[MsgId: MMSG-16819]
Registration.c(20): Notify: The 3rd error message associated with transaction "PetStore_ClickOnRegistration_T01" is "Error -26374: The above "not found" error(s) may be explained by header and body byte counts being 0 and 0, respectively."	[MsgId: MMSG-16819]
Ending action Login.	[MsgId: MMSG-15918]
Ending iteration 9.	[MsgId: MMSG-15965]
Waiting 7.0710 seconds for iteration pacing.	[MsgId: MMSG-15996]
Starting iteration 9.	[MsgId: MMSG-15968]
Notify: Next row for parameter UserName = 1 [table  = UserName].	[MsgId: MMSG-13876]
Notify: Getting new value for parameter 'UserName': table = 'UserCredentilas1.dat' column = '0' row = '1'.	[MsgId: MMSG-13877]
Notify: Next row for parameter PetStoreEndtoEndFlow_UserName = 1 [table  = PetStoreEndtoEndFlow_UserName].	[MsgId: MMSG-13876]
Notify: Getting new value for parameter 'PetStoreEndtoEndFlow_UserName': table = 'UserCredentilas3.dat' column = '0' row = '1'.	[MsgId: MMSG-13877]
Notify: Next row for parameter PetStoreEndtoEndFlow_pass = 1 [table  = PetStoreEndtoEndFlow_pass].	[MsgId: MMSG-13876]
Notify: Getting new value for parameter 'PetStoreEndtoEndFlow_pass': table = 'UserCredentilas4.dat' column = '0' row = '1'.	[MsgId: MMSG-13877]
Notify: Next row for parameter pass = 1 [table  = pass].	[MsgId: MMSG-13876]
Notify: Getting new value for parameter 'pass': table = 'UserCredentilas2.dat' column = '0' row = '1'.	[MsgId: MMSG-13877]
Starting action Login.	[MsgId: MMSG-15919]
Registration.c(15): Notify: Transaction "PetStore_ClickOnRegistration_T01" started.	[MsgId: MMSG-16999]
Registration.c(17): web_reg_find started  	[MsgId: MMSG-26355]
Registration.c(17): Registering web_reg_find was successful  	[MsgId: MMSG-26390]
Registration.c(20): web_link("Register Now!") started  	[MsgId: MMSG-26355]
Registration.c(20): Error -27985: There is no context for HTML-based functions. A previous function may not have used "Mode=HTML" or downloaded only non-HTML page(s), or the context has been reset (e.g., due to a GUI-based function)  	[MsgId: MERR-27985]
Registration.c(20): Warning -26379: Pending web_reg_save_param/web_reg_find/web_create_html_param/web_create_html_param_ex request(s) are deleted and will be handled as "not found"  	[MsgId: MWAR-26379]
Registration.c(20): Error -26366: "Text=User Information" not found for web_reg_find  	[MsgId: MERR-26366]
Registration.c(20): Error -26374: The above "not found" error(s) may be explained by header and body byte counts being 0 and 0, respectively.  	[MsgId: MERR-26374]
Registration.c(20): web_link("Register Now!") highest severity level was "ERROR", 0 body bytes, 0 header bytes  	[MsgId: MMSG-26388]
Registration.c(20): Notify: Transaction "PetStore_ClickOnRegistration_T01" ended with a "Fail" status (Duration: 0.0010).	[MsgId: MMSG-16873]
Registration.c(20): Notify: Transaction "PetStore_ClickOnRegistration_T01" has 3 error message(s).	[MsgId: MMSG-16818]
Registration.c(20): Notify: The 1st error message associated with transaction "PetStore_ClickOnRegistration_T01" is "Error -27985: There is no context for HTML-based functions. A previous function may not have used "Mode=HTML" or downloaded only non-HTML page(s), or the context has been reset (e.g., due to a GUI-based function)"	[MsgId: MMSG-16819]
Registration.c(20): Notify: The 2nd error message associated with transaction "PetStore_ClickOnRegistration_T01" is "Error -26366: "Text=User Information" not found for web_reg_find"	[MsgId: MMSG-16819]
Registration.c(20): Notify: The 3rd error message associated with transaction "PetStore_ClickOnRegistration_T01" is "Error -26374: The above "not found" error(s) may be explained by header and body byte counts being 0 and 0, respectively."	[MsgId: MMSG-16819]
Ending action Login.	[MsgId: MMSG-15918]
Ending iteration 9.	[MsgId: MMSG-15965]
Waiting 6.7080 seconds for iteration pacing.	[MsgId: MMSG-15996]
Starting iteration 10.	[MsgId: MMSG-15968]
Notify: Next row for parameter UserName = 1 [table  = UserName].	[MsgId: MMSG-13876]
Notify: Getting new value for parameter 'UserName': table = 'UserCredentilas1.dat' column = '0' row = '1'.	[MsgId: MMSG-13877]
Notify: Next row for parameter PetStoreEndtoEndFlow_UserName = 1 [table  = PetStoreEndtoEndFlow_UserName].	[MsgId: MMSG-13876]
Notify: Getting new value for parameter 'PetStoreEndtoEndFlow_UserName': table = 'UserCredentilas3.dat' column = '0' row = '1'.	[MsgId: MMSG-13877]
Notify: Next row for parameter PetStoreEndtoEndFlow_pass = 1 [table  = PetStoreEndtoEndFlow_pass].	[MsgId: MMSG-13876]
Notify: Getting new value for parameter 'PetStoreEndtoEndFlow_pass': table = 'UserCredentilas4.dat' column = '0' row = '1'.	[MsgId: MMSG-13877]
Notify: Next row for parameter pass = 1 [table  = pass].	[MsgId: MMSG-13876]
Notify: Getting new value for parameter 'pass': table = 'UserCredentilas2.dat' column = '0' row = '1'.	[MsgId: MMSG-13877]
Starting action Login.	[MsgId: MMSG-15919]
Registration.c(15): Notify: Transaction "PetStore_ClickOnRegistration_T01" started.	[MsgId: MMSG-16999]
Registration.c(17): web_reg_find started  	[MsgId: MMSG-26355]
Registration.c(17): Registering web_reg_find was successful  	[MsgId: MMSG-26390]
Registration.c(20): web_link("Register Now!") started  	[MsgId: MMSG-26355]
Registration.c(20): Error -27985: There is no context for HTML-based functions. A previous function may not have used "Mode=HTML" or downloaded only non-HTML page(s), or the context has been reset (e.g., due to a GUI-based function)  	[MsgId: MERR-27985]
Registration.c(20): Warning -26379: Pending web_reg_save_param/web_reg_find/web_create_html_param/web_create_html_param_ex request(s) are deleted and will be handled as "not found"  	[MsgId: MWAR-26379]
Registration.c(20): Error -26366: "Text=User Information" not found for web_reg_find  	[MsgId: MERR-26366]
Registration.c(20): Error -26374: The above "not found" error(s) may be explained by header and body byte counts being 0 and 0, respectively.  	[MsgId: MERR-26374]
Registration.c(20): web_link("Register Now!") highest severity level was "ERROR", 0 body bytes, 0 header bytes  	[MsgId: MMSG-26388]
Registration.c(20): Notify: Transaction "PetStore_ClickOnRegistration_T01" ended with a "Fail" status (Duration: 0.0126).	[MsgId: MMSG-16873]
Registration.c(20): Notify: Transaction "PetStore_ClickOnRegistration_T01" has 3 error message(s).	[MsgId: MMSG-16818]
Registration.c(20): Notify: The 1st error message associated with transaction "PetStore_ClickOnRegistration_T01" is "Error -27985: There is no context for HTML-based functions. A previous function may not have used "Mode=HTML" or downloaded only non-HTML page(s), or the context has been reset (e.g., due to a GUI-based function)"	[MsgId: MMSG-16819]
Registration.c(20): Notify: The 2nd error message associated with transaction "PetStore_ClickOnRegistration_T01" is "Error -26366: "Text=User Information" not found for web_reg_find"	[MsgId: MMSG-16819]
Registration.c(20): Notify: The 3rd error message associated with transaction "PetStore_ClickOnRegistration_T01" is "Error -26374: The above "not found" error(s) may be explained by header and body byte counts being 0 and 0, respectively."	[MsgId: MMSG-16819]
Ending action Login.	[MsgId: MMSG-15918]
Ending iteration 10.	[MsgId: MMSG-15965]
Waiting 9.4360 seconds for iteration pacing.	[MsgId: MMSG-15996]
Starting iteration 7.	[MsgId: MMSG-15968]
Notify: Next row for parameter UserName = 1 [table  = UserName].	[MsgId: MMSG-13876]
Notify: Getting new value for parameter 'UserName': table = 'UserCredentilas1.dat' column = '0' row = '1'.	[MsgId: MMSG-13877]
Notify: Next row for parameter PetStoreEndtoEndFlow_UserName = 1 [table  = PetStoreEndtoEndFlow_UserName].	[MsgId: MMSG-13876]
Notify: Getting new value for parameter 'PetStoreEndtoEndFlow_UserName': table = 'UserCredentilas3.dat' column = '0' row = '1'.	[MsgId: MMSG-13877]
Notify: Next row for parameter PetStoreEndtoEndFlow_pass = 1 [table  = PetStoreEndtoEndFlow_pass].	[MsgId: MMSG-13876]
Notify: Getting new value for parameter 'PetStoreEndtoEndFlow_pass': table = 'UserCredentilas4.dat' column = '0' row = '1'.	[MsgId: MMSG-13877]
Notify: Next row for parameter pass = 1 [table  = pass].	[MsgId: MMSG-13876]
Notify: Getting new value for parameter 'pass': table = 'UserCredentilas2.dat' column = '0' row = '1'.	[MsgId: MMSG-13877]
Starting action Login.	[MsgId: MMSG-15919]
Registration.c(15): Notify: Transaction "PetStore_ClickOnRegistration_T01" started.	[MsgId: MMSG-16999]
Registration.c(17): web_reg_find started  	[MsgId: MMSG-26355]
Registration.c(17): Registering web_reg_find was successful  	[MsgId: MMSG-26390]
Registration.c(20): web_link("Register Now!") started  	[MsgId: MMSG-26355]
Registration.c(20): Error -27985: There is no context for HTML-based functions. A previous function may not have used "Mode=HTML" or downloaded only non-HTML page(s), or the context has been reset (e.g., due to a GUI-based function)  	[MsgId: MERR-27985]
Registration.c(20): Warning -26379: Pending web_reg_save_param/web_reg_find/web_create_html_param/web_create_html_param_ex request(s) are deleted and will be handled as "not found"  	[MsgId: MWAR-26379]
Registration.c(20): Error -26366: "Text=User Information" not found for web_reg_find  	[MsgId: MERR-26366]
Registration.c(20): Error -26374: The above "not found" error(s) may be explained by header and body byte counts being 0 and 0, respectively.  	[MsgId: MERR-26374]
Registration.c(20): web_link("Register Now!") highest severity level was "ERROR", 0 body bytes, 0 header bytes  	[MsgId: MMSG-26388]
Registration.c(20): Notify: Transaction "PetStore_ClickOnRegistration_T01" ended with a "Fail" status (Duration: 0.0016).	[MsgId: MMSG-16873]
Registration.c(20): Notify: Transaction "PetStore_ClickOnRegistration_T01" has 3 error message(s).	[MsgId: MMSG-16818]
Registration.c(20): Notify: The 1st error message associated with transaction "PetStore_ClickOnRegistration_T01" is "Error -27985: There is no context for HTML-based functions. A previous function may not have used "Mode=HTML" or downloaded only non-HTML page(s), or the context has been reset (e.g., due to a GUI-based function)"	[MsgId: MMSG-16819]
Registration.c(20): Notify: The 2nd error message associated with transaction "PetStore_ClickOnRegistration_T01" is "Error -26366: "Text=User Information" not found for web_reg_find"	[MsgId: MMSG-16819]
Registration.c(20): Notify: The 3rd error message associated with transaction "PetStore_ClickOnRegistration_T01" is "Error -26374: The above "not found" error(s) may be explained by header and body byte counts being 0 and 0, respectively."	[MsgId: MMSG-16819]
Ending action Login.	[MsgId: MMSG-15918]
Ending iteration 7.	[MsgId: MMSG-15965]
Waiting 9.3020 seconds for iteration pacing.	[MsgId: MMSG-15996]
Starting iteration 7.	[MsgId: MMSG-15968]
Notify: Next row for parameter UserName = 1 [table  = UserName].	[MsgId: MMSG-13876]
Notify: Getting new value for parameter 'UserName': table = 'UserCredentilas1.dat' column = '0' row = '1'.	[MsgId: MMSG-13877]
Notify: Next row for parameter PetStoreEndtoEndFlow_UserName = 1 [table  = PetStoreEndtoEndFlow_UserName].	[MsgId: MMSG-13876]
Notify: Getting new value for parameter 'PetStoreEndtoEndFlow_UserName': table = 'UserCredentilas3.dat' column = '0' row = '1'.	[MsgId: MMSG-13877]
Notify: Next row for parameter PetStoreEndtoEndFlow_pass = 1 [table  = PetStoreEndtoEndFlow_pass].	[MsgId: MMSG-13876]
Notify: Getting new value for parameter 'PetStoreEndtoEndFlow_pass': table = 'UserCredentilas4.dat' column = '0' row = '1'.	[MsgId: MMSG-13877]
Notify: Next row for parameter pass = 1 [table  = pass].	[MsgId: MMSG-13876]
Notify: Getting new value for parameter 'pass': table = 'UserCredentilas2.dat' column = '0' row = '1'.	[MsgId: MMSG-13877]
Starting action Login.	[MsgId: MMSG-15919]
Registration.c(15): Notify: Transaction "PetStore_ClickOnRegistration_T01" started.	[MsgId: MMSG-16999]
Registration.c(17): web_reg_find started  	[MsgId: MMSG-26355]
Registration.c(17): Registering web_reg_find was successful  	[MsgId: MMSG-26390]
Registration.c(20): web_link("Register Now!") started  	[MsgId: MMSG-26355]
Registration.c(20): Error -27985: There is no context for HTML-based functions. A previous function may not have used "Mode=HTML" or downloaded only non-HTML page(s), or the context has been reset (e.g., due to a GUI-based function)  	[MsgId: MERR-27985]
Registration.c(20): Warning -26379: Pending web_reg_save_param/web_reg_find/web_create_html_param/web_create_html_param_ex request(s) are deleted and will be handled as "not found"  	[MsgId: MWAR-26379]
Registration.c(20): Error -26366: "Text=User Information" not found for web_reg_find  	[MsgId: MERR-26366]
Registration.c(20): Error -26374: The above "not found" error(s) may be explained by header and body byte counts being 0 and 0, respectively.  	[MsgId: MERR-26374]
Registration.c(20): web_link("Register Now!") highest severity level was "ERROR", 0 body bytes, 0 header bytes  	[MsgId: MMSG-26388]
Registration.c(20): Notify: Transaction "PetStore_ClickOnRegistration_T01" ended with a "Fail" status (Duration: 0.0104).	[MsgId: MMSG-16873]
Registration.c(20): Notify: Transaction "PetStore_ClickOnRegistration_T01" has 3 error message(s).	[MsgId: MMSG-16818]
Registration.c(20): Notify: The 1st error message associated with transaction "PetStore_ClickOnRegistration_T01" is "Error -27985: There is no context for HTML-based functions. A previous function may not have used "Mode=HTML" or downloaded only non-HTML page(s), or the context has been reset (e.g., due to a GUI-based function)"	[MsgId: MMSG-16819]
Registration.c(20): Notify: The 2nd error message associated with transaction "PetStore_ClickOnRegistration_T01" is "Error -26366: "Text=User Information" not found for web_reg_find"	[MsgId: MMSG-16819]
Registration.c(20): Notify: The 3rd error message associated with transaction "PetStore_ClickOnRegistration_T01" is "Error -26374: The above "not found" error(s) may be explained by header and body byte counts being 0 and 0, respectively."	[MsgId: MMSG-16819]
Ending action Login.	[MsgId: MMSG-15918]
Ending iteration 7.	[MsgId: MMSG-15965]
Waiting 5.5750 seconds for iteration pacing.	[MsgId: MMSG-15996]
Starting iteration 6.	[MsgId: MMSG-15968]
Notify: Next row for parameter UserName = 1 [table  = UserName].	[MsgId: MMSG-13876]
Notify: Getting new value for parameter 'UserName': table = 'UserCredentilas1.dat' column = '0' row = '1'.	[MsgId: MMSG-13877]
Notify: Next row for parameter PetStoreEndtoEndFlow_UserName = 1 [table  = PetStoreEndtoEndFlow_UserName].	[MsgId: MMSG-13876]
Notify: Getting new value for parameter 'PetStoreEndtoEndFlow_UserName': table = 'UserCredentilas3.dat' column = '0' row = '1'.	[MsgId: MMSG-13877]
Notify: Next row for parameter PetStoreEndtoEndFlow_pass = 1 [table  = PetStoreEndtoEndFlow_pass].	[MsgId: MMSG-13876]
Notify: Getting new value for parameter 'PetStoreEndtoEndFlow_pass': table = 'UserCredentilas4.dat' column = '0' row = '1'.	[MsgId: MMSG-13877]
Notify: Next row for parameter pass = 1 [table  = pass].	[MsgId: MMSG-13876]
Notify: Getting new value for parameter 'pass': table = 'UserCredentilas2.dat' column = '0' row = '1'.	[MsgId: MMSG-13877]
Starting action Login.	[MsgId: MMSG-15919]
Registration.c(15): Notify: Transaction "PetStore_ClickOnRegistration_T01" started.	[MsgId: MMSG-16999]
Registration.c(17): web_reg_find started  	[MsgId: MMSG-26355]
Registration.c(17): Registering web_reg_find was successful  	[MsgId: MMSG-26390]
Registration.c(20): web_link("Register Now!") started  	[MsgId: MMSG-26355]
Registration.c(20): Error -27985: There is no context for HTML-based functions. A previous function may not have used "Mode=HTML" or downloaded only non-HTML page(s), or the context has been reset (e.g., due to a GUI-based function)  	[MsgId: MERR-27985]
Registration.c(20): Warning -26379: Pending web_reg_save_param/web_reg_find/web_create_html_param/web_create_html_param_ex request(s) are deleted and will be handled as "not found"  	[MsgId: MWAR-26379]
Registration.c(20): Error -26366: "Text=User Information" not found for web_reg_find  	[MsgId: MERR-26366]
Registration.c(20): Error -26374: The above "not found" error(s) may be explained by header and body byte counts being 0 and 0, respectively.  	[MsgId: MERR-26374]
Registration.c(20): web_link("Register Now!") highest severity level was "ERROR", 0 body bytes, 0 header bytes  	[MsgId: MMSG-26388]
Registration.c(20): Notify: Transaction "PetStore_ClickOnRegistration_T01" ended with a "Fail" status (Duration: 0.0011).	[MsgId: MMSG-16873]
Registration.c(20): Notify: Transaction "PetStore_ClickOnRegistration_T01" has 3 error message(s).	[MsgId: MMSG-16818]
Registration.c(20): Notify: The 1st error message associated with transaction "PetStore_ClickOnRegistration_T01" is "Error -27985: There is no context for HTML-based functions. A previous function may not have used "Mode=HTML" or downloaded only non-HTML page(s), or the context has been reset (e.g., due to a GUI-based function)"	[MsgId: MMSG-16819]
Registration.c(20): Notify: The 2nd error message associated with transaction "PetStore_ClickOnRegistration_T01" is "Error -26366: "Text=User Information" not found for web_reg_find"	[MsgId: MMSG-16819]
Registration.c(20): Notify: The 3rd error message associated with transaction "PetStore_ClickOnRegistration_T01" is "Error -26374: The above "not found" error(s) may be explained by header and body byte counts being 0 and 0, respectively."	[MsgId: MMSG-16819]
Ending action Login.	[MsgId: MMSG-15918]
Ending iteration 6.	[MsgId: MMSG-15965]
Waiting 5.6690 seconds for iteration pacing.	[MsgId: MMSG-15996]
Starting iteration 6.	[MsgId: MMSG-15968]
Notify: Next row for parameter UserName = 1 [table  = UserName].	[MsgId: MMSG-13876]
Notify: Getting new value for parameter 'UserName': table = 'UserCredentilas1.dat' column = '0' row = '1'.	[MsgId: MMSG-13877]
Notify: Next row for parameter PetStoreEndtoEndFlow_UserName = 1 [table  = PetStoreEndtoEndFlow_UserName].	[MsgId: MMSG-13876]
Notify: Getting new value for parameter 'PetStoreEndtoEndFlow_UserName': table = 'UserCredentilas3.dat' column = '0' row = '1'.	[MsgId: MMSG-13877]
Notify: Next row for parameter PetStoreEndtoEndFlow_pass = 1 [table  = PetStoreEndtoEndFlow_pass].	[MsgId: MMSG-13876]
Notify: Getting new value for parameter 'PetStoreEndtoEndFlow_pass': table = 'UserCredentilas4.dat' column = '0' row = '1'.	[MsgId: MMSG-13877]
Notify: Next row for parameter pass = 1 [table  = pass].	[MsgId: MMSG-13876]
Notify: Getting new value for parameter 'pass': table = 'UserCredentilas2.dat' column = '0' row = '1'.	[MsgId: MMSG-13877]
Starting action Login.	[MsgId: MMSG-15919]
Registration.c(15): Notify: Transaction "PetStore_ClickOnRegistration_T01" started.	[MsgId: MMSG-16999]
Registration.c(17): web_reg_find started  	[MsgId: MMSG-26355]
Registration.c(17): Registering web_reg_find was successful  	[MsgId: MMSG-26390]
Registration.c(20): web_link("Register Now!") started  	[MsgId: MMSG-26355]
Registration.c(20): Error -27985: There is no context for HTML-based functions. A previous function may not have used "Mode=HTML" or downloaded only non-HTML page(s), or the context has been reset (e.g., due to a GUI-based function)  	[MsgId: MERR-27985]
Registration.c(20): Warning -26379: Pending web_reg_save_param/web_reg_find/web_create_html_param/web_create_html_param_ex request(s) are deleted and will be handled as "not found"  	[MsgId: MWAR-26379]
Registration.c(20): Error -26366: "Text=User Information" not found for web_reg_find  	[MsgId: MERR-26366]
Registration.c(20): Error -26374: The above "not found" error(s) may be explained by header and body byte counts being 0 and 0, respectively.  	[MsgId: MERR-26374]
Registration.c(20): web_link("Register Now!") highest severity level was "ERROR", 0 body bytes, 0 header bytes  	[MsgId: MMSG-26388]
Registration.c(20): Notify: Transaction "PetStore_ClickOnRegistration_T01" ended with a "Fail" status (Duration: 0.0010).	[MsgId: MMSG-16873]
Registration.c(20): Notify: Transaction "PetStore_ClickOnRegistration_T01" has 3 error message(s).	[MsgId: MMSG-16818]
Registration.c(20): Notify: The 1st error message associated with transaction "PetStore_ClickOnRegistration_T01" is "Error -27985: There is no context for HTML-based functions. A previous function may not have used "Mode=HTML" or downloaded only non-HTML page(s), or the context has been reset (e.g., due to a GUI-based function)"	[MsgId: MMSG-16819]
Registration.c(20): Notify: The 2nd error message associated with transaction "PetStore_ClickOnRegistration_T01" is "Error -26366: "Text=User Information" not found for web_reg_find"	[MsgId: MMSG-16819]
Registration.c(20): Notify: The 3rd error message associated with transaction "PetStore_ClickOnRegistration_T01" is "Error -26374: The above "not found" error(s) may be explained by header and body byte counts being 0 and 0, respectively."	[MsgId: MMSG-16819]
Ending action Login.	[MsgId: MMSG-15918]
Ending iteration 6.	[MsgId: MMSG-15965]
Waiting 5.3260 seconds for iteration pacing.	[MsgId: MMSG-15996]
Starting iteration 8.	[MsgId: MMSG-15968]
Notify: Next row for parameter UserName = 1 [table  = UserName].	[MsgId: MMSG-13876]
Notify: Getting new value for parameter 'UserName': table = 'UserCredentilas1.dat' column = '0' row = '1'.	[MsgId: MMSG-13877]
Notify: Next row for parameter PetStoreEndtoEndFlow_UserName = 1 [table  = PetStoreEndtoEndFlow_UserName].	[MsgId: MMSG-13876]
Notify: Getting new value for parameter 'PetStoreEndtoEndFlow_UserName': table = 'UserCredentilas3.dat' column = '0' row = '1'.	[MsgId: MMSG-13877]
Notify: Next row for parameter PetStoreEndtoEndFlow_pass = 1 [table  = PetStoreEndtoEndFlow_pass].	[MsgId: MMSG-13876]
Notify: Getting new value for parameter 'PetStoreEndtoEndFlow_pass': table = 'UserCredentilas4.dat' column = '0' row = '1'.	[MsgId: MMSG-13877]
Notify: Next row for parameter pass = 1 [table  = pass].	[MsgId: MMSG-13876]
Notify: Getting new value for parameter 'pass': table = 'UserCredentilas2.dat' column = '0' row = '1'.	[MsgId: MMSG-13877]
Starting action Login.	[MsgId: MMSG-15919]
Registration.c(15): Notify: Transaction "PetStore_ClickOnRegistration_T01" started.	[MsgId: MMSG-16999]
Registration.c(17): web_reg_find started  	[MsgId: MMSG-26355]
Registration.c(17): Registering web_reg_find was successful  	[MsgId: MMSG-26390]
Registration.c(20): web_link("Register Now!") started  	[MsgId: MMSG-26355]
Registration.c(20): Error -27985: There is no context for HTML-based functions. A previous function may not have used "Mode=HTML" or downloaded only non-HTML page(s), or the context has been reset (e.g., due to a GUI-based function)  	[MsgId: MERR-27985]
Registration.c(20): Warning -26379: Pending web_reg_save_param/web_reg_find/web_create_html_param/web_create_html_param_ex request(s) are deleted and will be handled as "not found"  	[MsgId: MWAR-26379]
Registration.c(20): Error -26366: "Text=User Information" not found for web_reg_find  	[MsgId: MERR-26366]
Registration.c(20): Error -26374: The above "not found" error(s) may be explained by header and body byte counts being 0 and 0, respectively.  	[MsgId: MERR-26374]
Registration.c(20): web_link("Register Now!") highest severity level was "ERROR", 0 body bytes, 0 header bytes  	[MsgId: MMSG-26388]
Registration.c(20): Notify: Transaction "PetStore_ClickOnRegistration_T01" ended with a "Fail" status (Duration: 0.0009).	[MsgId: MMSG-16873]
Registration.c(20): Notify: Transaction "PetStore_ClickOnRegistration_T01" has 3 error message(s).	[MsgId: MMSG-16818]
Registration.c(20): Notify: The 1st error message associated with transaction "PetStore_ClickOnRegistration_T01" is "Error -27985: There is no context for HTML-based functions. A previous function may not have used "Mode=HTML" or downloaded only non-HTML page(s), or the context has been reset (e.g., due to a GUI-based function)"	[MsgId: MMSG-16819]
Registration.c(20): Notify: The 2nd error message associated with transaction "PetStore_ClickOnRegistration_T01" is "Error -26366: "Text=User Information" not found for web_reg_find"	[MsgId: MMSG-16819]
Registration.c(20): Notify: The 3rd error message associated with transaction "PetStore_ClickOnRegistration_T01" is "Error -26374: The above "not found" error(s) may be explained by header and body byte counts being 0 and 0, respectively."	[MsgId: MMSG-16819]
Ending action Login.	[MsgId: MMSG-15918]
Ending iteration 8.	[MsgId: MMSG-15965]
Waiting 8.0250 seconds for iteration pacing.	[MsgId: MMSG-15996]
Starting iteration 11.	[MsgId: MMSG-15968]
Notify: Next row for parameter UserName = 1 [table  = UserName].	[MsgId: MMSG-13876]
Notify: Getting new value for parameter 'UserName': table = 'UserCredentilas1.dat' column = '0' row = '1'.	[MsgId: MMSG-13877]
Notify: Next row for parameter PetStoreEndtoEndFlow_UserName = 1 [table  = PetStoreEndtoEndFlow_UserName].	[MsgId: MMSG-13876]
Notify: Getting new value for parameter 'PetStoreEndtoEndFlow_UserName': table = 'UserCredentilas3.dat' column = '0' row = '1'.	[MsgId: MMSG-13877]
Notify: Next row for parameter PetStoreEndtoEndFlow_pass = 1 [table  = PetStoreEndtoEndFlow_pass].	[MsgId: MMSG-13876]
Notify: Getting new value for parameter 'PetStoreEndtoEndFlow_pass': table = 'UserCredentilas4.dat' column = '0' row = '1'.	[MsgId: MMSG-13877]
Notify: Next row for parameter pass = 1 [table  = pass].	[MsgId: MMSG-13876]
Notify: Getting new value for parameter 'pass': table = 'UserCredentilas2.dat' column = '0' row = '1'.	[MsgId: MMSG-13877]
Starting action Login.	[MsgId: MMSG-15919]
Registration.c(15): Notify: Transaction "PetStore_ClickOnRegistration_T01" started.	[MsgId: MMSG-16999]
Registration.c(17): web_reg_find started  	[MsgId: MMSG-26355]
Registration.c(17): Registering web_reg_find was successful  	[MsgId: MMSG-26390]
Registration.c(20): web_link("Register Now!") started  	[MsgId: MMSG-26355]
Registration.c(20): Error -27985: There is no context for HTML-based functions. A previous function may not have used "Mode=HTML" or downloaded only non-HTML page(s), or the context has been reset (e.g., due to a GUI-based function)  	[MsgId: MERR-27985]
Registration.c(20): Warning -26379: Pending web_reg_save_param/web_reg_find/web_create_html_param/web_create_html_param_ex request(s) are deleted and will be handled as "not found"  	[MsgId: MWAR-26379]
Registration.c(20): Error -26366: "Text=User Information" not found for web_reg_find  	[MsgId: MERR-26366]
Registration.c(20): Error -26374: The above "not found" error(s) may be explained by header and body byte counts being 0 and 0, respectively.  	[MsgId: MERR-26374]
Registration.c(20): web_link("Register Now!") highest severity level was "ERROR", 0 body bytes, 0 header bytes  	[MsgId: MMSG-26388]
Registration.c(20): Notify: Transaction "PetStore_ClickOnRegistration_T01" ended with a "Fail" status (Duration: 0.0010).	[MsgId: MMSG-16873]
Registration.c(20): Notify: Transaction "PetStore_ClickOnRegistration_T01" has 3 error message(s).	[MsgId: MMSG-16818]
Registration.c(20): Notify: The 1st error message associated with transaction "PetStore_ClickOnRegistration_T01" is "Error -27985: There is no context for HTML-based functions. A previous function may not have used "Mode=HTML" or downloaded only non-HTML page(s), or the context has been reset (e.g., due to a GUI-based function)"	[MsgId: MMSG-16819]
Registration.c(20): Notify: The 2nd error message associated with transaction "PetStore_ClickOnRegistration_T01" is "Error -26366: "Text=User Information" not found for web_reg_find"	[MsgId: MMSG-16819]
Registration.c(20): Notify: The 3rd error message associated with transaction "PetStore_ClickOnRegistration_T01" is "Error -26374: The above "not found" error(s) may be explained by header and body byte counts being 0 and 0, respectively."	[MsgId: MMSG-16819]
Ending action Login.	[MsgId: MMSG-15918]
Ending iteration 11.	[MsgId: MMSG-15965]
Waiting 8.9560 seconds for iteration pacing.	[MsgId: MMSG-15996]
Starting iteration 5.	[MsgId: MMSG-15968]
Notify: Next row for parameter UserName = 1 [table  = UserName].	[MsgId: MMSG-13876]
Notify: Getting new value for parameter 'UserName': table = 'UserCredentilas1.dat' column = '0' row = '1'.	[MsgId: MMSG-13877]
Notify: Next row for parameter PetStoreEndtoEndFlow_UserName = 1 [table  = PetStoreEndtoEndFlow_UserName].	[MsgId: MMSG-13876]
Notify: Getting new value for parameter 'PetStoreEndtoEndFlow_UserName': table = 'UserCredentilas3.dat' column = '0' row = '1'.	[MsgId: MMSG-13877]
Notify: Next row for parameter PetStoreEndtoEndFlow_pass = 1 [table  = PetStoreEndtoEndFlow_pass].	[MsgId: MMSG-13876]
Notify: Getting new value for parameter 'PetStoreEndtoEndFlow_pass': table = 'UserCredentilas4.dat' column = '0' row = '1'.	[MsgId: MMSG-13877]
Notify: Next row for parameter pass = 1 [table  = pass].	[MsgId: MMSG-13876]
Notify: Getting new value for parameter 'pass': table = 'UserCredentilas2.dat' column = '0' row = '1'.	[MsgId: MMSG-13877]
Starting action Login.	[MsgId: MMSG-15919]
Registration.c(15): Notify: Transaction "PetStore_ClickOnRegistration_T01" started.	[MsgId: MMSG-16999]
Registration.c(17): web_reg_find started  	[MsgId: MMSG-26355]
Registration.c(17): Registering web_reg_find was successful  	[MsgId: MMSG-26390]
Registration.c(20): web_link("Register Now!") started  	[MsgId: MMSG-26355]
Registration.c(20): Error -27985: There is no context for HTML-based functions. A previous function may not have used "Mode=HTML" or downloaded only non-HTML page(s), or the context has been reset (e.g., due to a GUI-based function)  	[MsgId: MERR-27985]
Registration.c(20): Warning -26379: Pending web_reg_save_param/web_reg_find/web_create_html_param/web_create_html_param_ex request(s) are deleted and will be handled as "not found"  	[MsgId: MWAR-26379]
Registration.c(20): Error -26366: "Text=User Information" not found for web_reg_find  	[MsgId: MERR-26366]
Registration.c(20): Error -26374: The above "not found" error(s) may be explained by header and body byte counts being 0 and 0, respectively.  	[MsgId: MERR-26374]
Registration.c(20): web_link("Register Now!") highest severity level was "ERROR", 0 body bytes, 0 header bytes  	[MsgId: MMSG-26388]
Registration.c(20): Notify: Transaction "PetStore_ClickOnRegistration_T01" ended with a "Fail" status (Duration: 0.0009).	[MsgId: MMSG-16873]
Registration.c(20): Notify: Transaction "PetStore_ClickOnRegistration_T01" has 3 error message(s).	[MsgId: MMSG-16818]
Registration.c(20): Notify: The 1st error message associated with transaction "PetStore_ClickOnRegistration_T01" is "Error -27985: There is no context for HTML-based functions. A previous function may not have used "Mode=HTML" or downloaded only non-HTML page(s), or the context has been reset (e.g., due to a GUI-based function)"	[MsgId: MMSG-16819]
Registration.c(20): Notify: The 2nd error message associated with transaction "PetStore_ClickOnRegistration_T01" is "Error -26366: "Text=User Information" not found for web_reg_find"	[MsgId: MMSG-16819]
Registration.c(20): Notify: The 3rd error message associated with transaction "PetStore_ClickOnRegistration_T01" is "Error -26374: The above "not found" error(s) may be explained by header and body byte counts being 0 and 0, respectively."	[MsgId: MMSG-16819]
Ending action Login.	[MsgId: MMSG-15918]
Ending iteration 5.	[MsgId: MMSG-15965]
Waiting 7.9260 seconds for iteration pacing.	[MsgId: MMSG-15996]
Starting iteration 10.	[MsgId: MMSG-15968]
Notify: Next row for parameter UserName = 1 [table  = UserName].	[MsgId: MMSG-13876]
Notify: Getting new value for parameter 'UserName': table = 'UserCredentilas1.dat' column = '0' row = '1'.	[MsgId: MMSG-13877]
Notify: Next row for parameter PetStoreEndtoEndFlow_UserName = 1 [table  = PetStoreEndtoEndFlow_UserName].	[MsgId: MMSG-13876]
Notify: Getting new value for parameter 'PetStoreEndtoEndFlow_UserName': table = 'UserCredentilas3.dat' column = '0' row = '1'.	[MsgId: MMSG-13877]
Notify: Next row for parameter PetStoreEndtoEndFlow_pass = 1 [table  = PetStoreEndtoEndFlow_pass].	[MsgId: MMSG-13876]
Notify: Getting new value for parameter 'PetStoreEndtoEndFlow_pass': table = 'UserCredentilas4.dat' column = '0' row = '1'.	[MsgId: MMSG-13877]
Notify: Next row for parameter pass = 1 [table  = pass].	[MsgId: MMSG-13876]
Notify: Getting new value for parameter 'pass': table = 'UserCredentilas2.dat' column = '0' row = '1'.	[MsgId: MMSG-13877]
Starting action Login.	[MsgId: MMSG-15919]
Registration.c(15): Notify: Transaction "PetStore_ClickOnRegistration_T01" started.	[MsgId: MMSG-16999]
Registration.c(17): web_reg_find started  	[MsgId: MMSG-26355]
Registration.c(17): Registering web_reg_find was successful  	[MsgId: MMSG-26390]
Registration.c(20): web_link("Register Now!") started  	[MsgId: MMSG-26355]
Registration.c(20): Error -27985: There is no context for HTML-based functions. A previous function may not have used "Mode=HTML" or downloaded only non-HTML page(s), or the context has been reset (e.g., due to a GUI-based function)  	[MsgId: MERR-27985]
Registration.c(20): Warning -26379: Pending web_reg_save_param/web_reg_find/web_create_html_param/web_create_html_param_ex request(s) are deleted and will be handled as "not found"  	[MsgId: MWAR-26379]
Registration.c(20): Error -26366: "Text=User Information" not found for web_reg_find  	[MsgId: MERR-26366]
Registration.c(20): Error -26374: The above "not found" error(s) may be explained by header and body byte counts being 0 and 0, respectively.  	[MsgId: MERR-26374]
Registration.c(20): web_link("Register Now!") highest severity level was "ERROR", 0 body bytes, 0 header bytes  	[MsgId: MMSG-26388]
Registration.c(20): Notify: Transaction "PetStore_ClickOnRegistration_T01" ended with a "Fail" status (Duration: 0.0015).	[MsgId: MMSG-16873]
Registration.c(20): Notify: Transaction "PetStore_ClickOnRegistration_T01" has 3 error message(s).	[MsgId: MMSG-16818]
Registration.c(20): Notify: The 1st error message associated with transaction "PetStore_ClickOnRegistration_T01" is "Error -27985: There is no context for HTML-based functions. A previous function may not have used "Mode=HTML" or downloaded only non-HTML page(s), or the context has been reset (e.g., due to a GUI-based function)"	[MsgId: MMSG-16819]
Registration.c(20): Notify: The 2nd error message associated with transaction "PetStore_ClickOnRegistration_T01" is "Error -26366: "Text=User Information" not found for web_reg_find"	[MsgId: MMSG-16819]
Registration.c(20): Notify: The 3rd error message associated with transaction "PetStore_ClickOnRegistration_T01" is "Error -26374: The above "not found" error(s) may be explained by header and body byte counts being 0 and 0, respectively."	[MsgId: MMSG-16819]
Ending action Login.	[MsgId: MMSG-15918]
Ending iteration 10.	[MsgId: MMSG-15965]
Waiting 7.2900 seconds for iteration pacing.	[MsgId: MMSG-15996]
Starting iteration 10.	[MsgId: MMSG-15968]
Notify: Next row for parameter UserName = 1 [table  = UserName].	[MsgId: MMSG-13876]
Notify: Getting new value for parameter 'UserName': table = 'UserCredentilas1.dat' column = '0' row = '1'.	[MsgId: MMSG-13877]
Notify: Next row for parameter PetStoreEndtoEndFlow_UserName = 1 [table  = PetStoreEndtoEndFlow_UserName].	[MsgId: MMSG-13876]
Notify: Getting new value for parameter 'PetStoreEndtoEndFlow_UserName': table = 'UserCredentilas3.dat' column = '0' row = '1'.	[MsgId: MMSG-13877]
Notify: Next row for parameter PetStoreEndtoEndFlow_pass = 1 [table  = PetStoreEndtoEndFlow_pass].	[MsgId: MMSG-13876]
Notify: Getting new value for parameter 'PetStoreEndtoEndFlow_pass': table = 'UserCredentilas4.dat' column = '0' row = '1'.	[MsgId: MMSG-13877]
Notify: Next row for parameter pass = 1 [table  = pass].	[MsgId: MMSG-13876]
Notify: Getting new value for parameter 'pass': table = 'UserCredentilas2.dat' column = '0' row = '1'.	[MsgId: MMSG-13877]
Starting action Login.	[MsgId: MMSG-15919]
Registration.c(15): Notify: Transaction "PetStore_ClickOnRegistration_T01" started.	[MsgId: MMSG-16999]
Registration.c(17): web_reg_find started  	[MsgId: MMSG-26355]
Registration.c(17): Registering web_reg_find was successful  	[MsgId: MMSG-26390]
Registration.c(20): web_link("Register Now!") started  	[MsgId: MMSG-26355]
Registration.c(20): Error -27985: There is no context for HTML-based functions. A previous function may not have used "Mode=HTML" or downloaded only non-HTML page(s), or the context has been reset (e.g., due to a GUI-based function)  	[MsgId: MERR-27985]
Registration.c(20): Warning -26379: Pending web_reg_save_param/web_reg_find/web_create_html_param/web_create_html_param_ex request(s) are deleted and will be handled as "not found"  	[MsgId: MWAR-26379]
Registration.c(20): Error -26366: "Text=User Information" not found for web_reg_find  	[MsgId: MERR-26366]
Registration.c(20): Error -26374: The above "not found" error(s) may be explained by header and body byte counts being 0 and 0, respectively.  	[MsgId: MERR-26374]
Registration.c(20): web_link("Register Now!") highest severity level was "ERROR", 0 body bytes, 0 header bytes  	[MsgId: MMSG-26388]
Registration.c(20): Notify: Transaction "PetStore_ClickOnRegistration_T01" ended with a "Fail" status (Duration: 0.0010).	[MsgId: MMSG-16873]
Registration.c(20): Notify: Transaction "PetStore_ClickOnRegistration_T01" has 3 error message(s).	[MsgId: MMSG-16818]
Registration.c(20): Notify: The 1st error message associated with transaction "PetStore_ClickOnRegistration_T01" is "Error -27985: There is no context for HTML-based functions. A previous function may not have used "Mode=HTML" or downloaded only non-HTML page(s), or the context has been reset (e.g., due to a GUI-based function)"	[MsgId: MMSG-16819]
Registration.c(20): Notify: The 2nd error message associated with transaction "PetStore_ClickOnRegistration_T01" is "Error -26366: "Text=User Information" not found for web_reg_find"	[MsgId: MMSG-16819]
Registration.c(20): Notify: The 3rd error message associated with transaction "PetStore_ClickOnRegistration_T01" is "Error -26374: The above "not found" error(s) may be explained by header and body byte counts being 0 and 0, respectively."	[MsgId: MMSG-16819]
Ending action Login.	[MsgId: MMSG-15918]
Ending iteration 10.	[MsgId: MMSG-15965]
Waiting 6.9200 seconds for iteration pacing.	[MsgId: MMSG-15996]
Starting iteration 8.	[MsgId: MMSG-15968]
Notify: Next row for parameter UserName = 1 [table  = UserName].	[MsgId: MMSG-13876]
Notify: Getting new value for parameter 'UserName': table = 'UserCredentilas1.dat' column = '0' row = '1'.	[MsgId: MMSG-13877]
Notify: Next row for parameter PetStoreEndtoEndFlow_UserName = 1 [table  = PetStoreEndtoEndFlow_UserName].	[MsgId: MMSG-13876]
Notify: Getting new value for parameter 'PetStoreEndtoEndFlow_UserName': table = 'UserCredentilas3.dat' column = '0' row = '1'.	[MsgId: MMSG-13877]
Notify: Next row for parameter PetStoreEndtoEndFlow_pass = 1 [table  = PetStoreEndtoEndFlow_pass].	[MsgId: MMSG-13876]
Notify: Getting new value for parameter 'PetStoreEndtoEndFlow_pass': table = 'UserCredentilas4.dat' column = '0' row = '1'.	[MsgId: MMSG-13877]
Notify: Next row for parameter pass = 1 [table  = pass].	[MsgId: MMSG-13876]
Notify: Getting new value for parameter 'pass': table = 'UserCredentilas2.dat' column = '0' row = '1'.	[MsgId: MMSG-13877]
Starting action Login.	[MsgId: MMSG-15919]
Registration.c(15): Notify: Transaction "PetStore_ClickOnRegistration_T01" started.	[MsgId: MMSG-16999]
Registration.c(17): web_reg_find started  	[MsgId: MMSG-26355]
Registration.c(17): Registering web_reg_find was successful  	[MsgId: MMSG-26390]
Registration.c(20): web_link("Register Now!") started  	[MsgId: MMSG-26355]
Registration.c(20): Error -27985: There is no context for HTML-based functions. A previous function may not have used "Mode=HTML" or downloaded only non-HTML page(s), or the context has been reset (e.g., due to a GUI-based function)  	[MsgId: MERR-27985]
Registration.c(20): Warning -26379: Pending web_reg_save_param/web_reg_find/web_create_html_param/web_create_html_param_ex request(s) are deleted and will be handled as "not found"  	[MsgId: MWAR-26379]
Registration.c(20): Error -26366: "Text=User Information" not found for web_reg_find  	[MsgId: MERR-26366]
Registration.c(20): Error -26374: The above "not found" error(s) may be explained by header and body byte counts being 0 and 0, respectively.  	[MsgId: MERR-26374]
Registration.c(20): web_link("Register Now!") highest severity level was "ERROR", 0 body bytes, 0 header bytes  	[MsgId: MMSG-26388]
Registration.c(20): Notify: Transaction "PetStore_ClickOnRegistration_T01" ended with a "Fail" status (Duration: 0.0011).	[MsgId: MMSG-16873]
Registration.c(20): Notify: Transaction "PetStore_ClickOnRegistration_T01" has 3 error message(s).	[MsgId: MMSG-16818]
Registration.c(20): Notify: The 1st error message associated with transaction "PetStore_ClickOnRegistration_T01" is "Error -27985: There is no context for HTML-based functions. A previous function may not have used "Mode=HTML" or downloaded only non-HTML page(s), or the context has been reset (e.g., due to a GUI-based function)"	[MsgId: MMSG-16819]
Registration.c(20): Notify: The 2nd error message associated with transaction "PetStore_ClickOnRegistration_T01" is "Error -26366: "Text=User Information" not found for web_reg_find"	[MsgId: MMSG-16819]
Registration.c(20): Notify: The 3rd error message associated with transaction "PetStore_ClickOnRegistration_T01" is "Error -26374: The above "not found" error(s) may be explained by header and body byte counts being 0 and 0, respectively."	[MsgId: MMSG-16819]
Ending action Login.	[MsgId: MMSG-15918]
Ending iteration 8.	[MsgId: MMSG-15965]
Waiting 9.0050 seconds for iteration pacing.	[MsgId: MMSG-15996]
Starting iteration 7.	[MsgId: MMSG-15968]
Notify: Next row for parameter UserName = 1 [table  = UserName].	[MsgId: MMSG-13876]
Notify: Getting new value for parameter 'UserName': table = 'UserCredentilas1.dat' column = '0' row = '1'.	[MsgId: MMSG-13877]
Notify: Next row for parameter PetStoreEndtoEndFlow_UserName = 1 [table  = PetStoreEndtoEndFlow_UserName].	[MsgId: MMSG-13876]
Notify: Getting new value for parameter 'PetStoreEndtoEndFlow_UserName': table = 'UserCredentilas3.dat' column = '0' row = '1'.	[MsgId: MMSG-13877]
Notify: Next row for parameter PetStoreEndtoEndFlow_pass = 1 [table  = PetStoreEndtoEndFlow_pass].	[MsgId: MMSG-13876]
Notify: Getting new value for parameter 'PetStoreEndtoEndFlow_pass': table = 'UserCredentilas4.dat' column = '0' row = '1'.	[MsgId: MMSG-13877]
Notify: Next row for parameter pass = 1 [table  = pass].	[MsgId: MMSG-13876]
Notify: Getting new value for parameter 'pass': table = 'UserCredentilas2.dat' column = '0' row = '1'.	[MsgId: MMSG-13877]
Starting action Login.	[MsgId: MMSG-15919]
Registration.c(15): Notify: Transaction "PetStore_ClickOnRegistration_T01" started.	[MsgId: MMSG-16999]
Registration.c(17): web_reg_find started  	[MsgId: MMSG-26355]
Registration.c(17): Registering web_reg_find was successful  	[MsgId: MMSG-26390]
Registration.c(20): web_link("Register Now!") started  	[MsgId: MMSG-26355]
Registration.c(20): Error -27985: There is no context for HTML-based functions. A previous function may not have used "Mode=HTML" or downloaded only non-HTML page(s), or the context has been reset (e.g., due to a GUI-based function)  	[MsgId: MERR-27985]
Registration.c(20): Warning -26379: Pending web_reg_save_param/web_reg_find/web_create_html_param/web_create_html_param_ex request(s) are deleted and will be handled as "not found"  	[MsgId: MWAR-26379]
Registration.c(20): Error -26366: "Text=User Information" not found for web_reg_find  	[MsgId: MERR-26366]
Registration.c(20): Error -26374: The above "not found" error(s) may be explained by header and body byte counts being 0 and 0, respectively.  	[MsgId: MERR-26374]
Registration.c(20): web_link("Register Now!") highest severity level was "ERROR", 0 body bytes, 0 header bytes  	[MsgId: MMSG-26388]
Registration.c(20): Notify: Transaction "PetStore_ClickOnRegistration_T01" ended with a "Fail" status (Duration: 0.0009).	[MsgId: MMSG-16873]
Registration.c(20): Notify: Transaction "PetStore_ClickOnRegistration_T01" has 3 error message(s).	[MsgId: MMSG-16818]
Registration.c(20): Notify: The 1st error message associated with transaction "PetStore_ClickOnRegistration_T01" is "Error -27985: There is no context for HTML-based functions. A previous function may not have used "Mode=HTML" or downloaded only non-HTML page(s), or the context has been reset (e.g., due to a GUI-based function)"	[MsgId: MMSG-16819]
Registration.c(20): Notify: The 2nd error message associated with transaction "PetStore_ClickOnRegistration_T01" is "Error -26366: "Text=User Information" not found for web_reg_find"	[MsgId: MMSG-16819]
Registration.c(20): Notify: The 3rd error message associated with transaction "PetStore_ClickOnRegistration_T01" is "Error -26374: The above "not found" error(s) may be explained by header and body byte counts being 0 and 0, respectively."	[MsgId: MMSG-16819]
Ending action Login.	[MsgId: MMSG-15918]
Ending iteration 7.	[MsgId: MMSG-15965]
Waiting 5.3800 seconds for iteration pacing.	[MsgId: MMSG-15996]
Starting iteration 7.	[MsgId: MMSG-15968]
Notify: Next row for parameter UserName = 1 [table  = UserName].	[MsgId: MMSG-13876]
Notify: Getting new value for parameter 'UserName': table = 'UserCredentilas1.dat' column = '0' row = '1'.	[MsgId: MMSG-13877]
Notify: Next row for parameter PetStoreEndtoEndFlow_UserName = 1 [table  = PetStoreEndtoEndFlow_UserName].	[MsgId: MMSG-13876]
Notify: Getting new value for parameter 'PetStoreEndtoEndFlow_UserName': table = 'UserCredentilas3.dat' column = '0' row = '1'.	[MsgId: MMSG-13877]
Notify: Next row for parameter PetStoreEndtoEndFlow_pass = 1 [table  = PetStoreEndtoEndFlow_pass].	[MsgId: MMSG-13876]
Notify: Getting new value for parameter 'PetStoreEndtoEndFlow_pass': table = 'UserCredentilas4.dat' column = '0' row = '1'.	[MsgId: MMSG-13877]
Notify: Next row for parameter pass = 1 [table  = pass].	[MsgId: MMSG-13876]
Notify: Getting new value for parameter 'pass': table = 'UserCredentilas2.dat' column = '0' row = '1'.	[MsgId: MMSG-13877]
Starting action Login.	[MsgId: MMSG-15919]
Registration.c(15): Notify: Transaction "PetStore_ClickOnRegistration_T01" started.	[MsgId: MMSG-16999]
Registration.c(17): web_reg_find started  	[MsgId: MMSG-26355]
Registration.c(17): Registering web_reg_find was successful  	[MsgId: MMSG-26390]
Registration.c(20): web_link("Register Now!") started  	[MsgId: MMSG-26355]
Registration.c(20): Error -27985: There is no context for HTML-based functions. A previous function may not have used "Mode=HTML" or downloaded only non-HTML page(s), or the context has been reset (e.g., due to a GUI-based function)  	[MsgId: MERR-27985]
Registration.c(20): Warning -26379: Pending web_reg_save_param/web_reg_find/web_create_html_param/web_create_html_param_ex request(s) are deleted and will be handled as "not found"  	[MsgId: MWAR-26379]
Registration.c(20): Error -26366: "Text=User Information" not found for web_reg_find  	[MsgId: MERR-26366]
Registration.c(20): Error -26374: The above "not found" error(s) may be explained by header and body byte counts being 0 and 0, respectively.  	[MsgId: MERR-26374]
Registration.c(20): web_link("Register Now!") highest severity level was "ERROR", 0 body bytes, 0 header bytes  	[MsgId: MMSG-26388]
Registration.c(20): Notify: Transaction "PetStore_ClickOnRegistration_T01" ended with a "Fail" status (Duration: 0.0014).	[MsgId: MMSG-16873]
Registration.c(20): Notify: Transaction "PetStore_ClickOnRegistration_T01" has 3 error message(s).	[MsgId: MMSG-16818]
Registration.c(20): Notify: The 1st error message associated with transaction "PetStore_ClickOnRegistration_T01" is "Error -27985: There is no context for HTML-based functions. A previous function may not have used "Mode=HTML" or downloaded only non-HTML page(s), or the context has been reset (e.g., due to a GUI-based function)"	[MsgId: MMSG-16819]
Registration.c(20): Notify: The 2nd error message associated with transaction "PetStore_ClickOnRegistration_T01" is "Error -26366: "Text=User Information" not found for web_reg_find"	[MsgId: MMSG-16819]
Registration.c(20): Notify: The 3rd error message associated with transaction "PetStore_ClickOnRegistration_T01" is "Error -26374: The above "not found" error(s) may be explained by header and body byte counts being 0 and 0, respectively."	[MsgId: MMSG-16819]
Ending action Login.	[MsgId: MMSG-15918]
Ending iteration 7.	[MsgId: MMSG-15965]
Waiting 6.6910 seconds for iteration pacing.	[MsgId: MMSG-15996]
Starting iteration 11.	[MsgId: MMSG-15968]
Notify: Next row for parameter UserName = 1 [table  = UserName].	[MsgId: MMSG-13876]
Notify: Getting new value for parameter 'UserName': table = 'UserCredentilas1.dat' column = '0' row = '1'.	[MsgId: MMSG-13877]
Notify: Next row for parameter PetStoreEndtoEndFlow_UserName = 1 [table  = PetStoreEndtoEndFlow_UserName].	[MsgId: MMSG-13876]
Notify: Getting new value for parameter 'PetStoreEndtoEndFlow_UserName': table = 'UserCredentilas3.dat' column = '0' row = '1'.	[MsgId: MMSG-13877]
Notify: Next row for parameter PetStoreEndtoEndFlow_pass = 1 [table  = PetStoreEndtoEndFlow_pass].	[MsgId: MMSG-13876]
Notify: Getting new value for parameter 'PetStoreEndtoEndFlow_pass': table = 'UserCredentilas4.dat' column = '0' row = '1'.	[MsgId: MMSG-13877]
Notify: Next row for parameter pass = 1 [table  = pass].	[MsgId: MMSG-13876]
Notify: Getting new value for parameter 'pass': table = 'UserCredentilas2.dat' column = '0' row = '1'.	[MsgId: MMSG-13877]
Starting action Login.	[MsgId: MMSG-15919]
Registration.c(15): Notify: Transaction "PetStore_ClickOnRegistration_T01" started.	[MsgId: MMSG-16999]
Registration.c(17): web_reg_find started  	[MsgId: MMSG-26355]
Registration.c(17): Registering web_reg_find was successful  	[MsgId: MMSG-26390]
Registration.c(20): web_link("Register Now!") started  	[MsgId: MMSG-26355]
Registration.c(20): Error -27985: There is no context for HTML-based functions. A previous function may not have used "Mode=HTML" or downloaded only non-HTML page(s), or the context has been reset (e.g., due to a GUI-based function)  	[MsgId: MERR-27985]
Registration.c(20): Warning -26379: Pending web_reg_save_param/web_reg_find/web_create_html_param/web_create_html_param_ex request(s) are deleted and will be handled as "not found"  	[MsgId: MWAR-26379]
Registration.c(20): Error -26366: "Text=User Information" not found for web_reg_find  	[MsgId: MERR-26366]
Registration.c(20): Error -26374: The above "not found" error(s) may be explained by header and body byte counts being 0 and 0, respectively.  	[MsgId: MERR-26374]
Registration.c(20): web_link("Register Now!") highest severity level was "ERROR", 0 body bytes, 0 header bytes  	[MsgId: MMSG-26388]
Registration.c(20): Notify: Transaction "PetStore_ClickOnRegistration_T01" ended with a "Fail" status (Duration: 0.0016).	[MsgId: MMSG-16873]
Registration.c(20): Notify: Transaction "PetStore_ClickOnRegistration_T01" has 3 error message(s).	[MsgId: MMSG-16818]
Registration.c(20): Notify: The 1st error message associated with transaction "PetStore_ClickOnRegistration_T01" is "Error -27985: There is no context for HTML-based functions. A previous function may not have used "Mode=HTML" or downloaded only non-HTML page(s), or the context has been reset (e.g., due to a GUI-based function)"	[MsgId: MMSG-16819]
Registration.c(20): Notify: The 2nd error message associated with transaction "PetStore_ClickOnRegistration_T01" is "Error -26366: "Text=User Information" not found for web_reg_find"	[MsgId: MMSG-16819]
Registration.c(20): Notify: The 3rd error message associated with transaction "PetStore_ClickOnRegistration_T01" is "Error -26374: The above "not found" error(s) may be explained by header and body byte counts being 0 and 0, respectively."	[MsgId: MMSG-16819]
Ending action Login.	[MsgId: MMSG-15918]
Ending iteration 11.	[MsgId: MMSG-15965]
Waiting 8.7120 seconds for iteration pacing.	[MsgId: MMSG-15996]
Starting iteration 8.	[MsgId: MMSG-15968]
Notify: Next row for parameter UserName = 1 [table  = UserName].	[MsgId: MMSG-13876]
Notify: Getting new value for parameter 'UserName': table = 'UserCredentilas1.dat' column = '0' row = '1'.	[MsgId: MMSG-13877]
Notify: Next row for parameter PetStoreEndtoEndFlow_UserName = 1 [table  = PetStoreEndtoEndFlow_UserName].	[MsgId: MMSG-13876]
Notify: Getting new value for parameter 'PetStoreEndtoEndFlow_UserName': table = 'UserCredentilas3.dat' column = '0' row = '1'.	[MsgId: MMSG-13877]
Notify: Next row for parameter PetStoreEndtoEndFlow_pass = 1 [table  = PetStoreEndtoEndFlow_pass].	[MsgId: MMSG-13876]
Notify: Getting new value for parameter 'PetStoreEndtoEndFlow_pass': table = 'UserCredentilas4.dat' column = '0' row = '1'.	[MsgId: MMSG-13877]
Notify: Next row for parameter pass = 1 [table  = pass].	[MsgId: MMSG-13876]
Notify: Getting new value for parameter 'pass': table = 'UserCredentilas2.dat' column = '0' row = '1'.	[MsgId: MMSG-13877]
Starting action Login.	[MsgId: MMSG-15919]
Registration.c(15): Notify: Transaction "PetStore_ClickOnRegistration_T01" started.	[MsgId: MMSG-16999]
Registration.c(17): web_reg_find started  	[MsgId: MMSG-26355]
Registration.c(17): Registering web_reg_find was successful  	[MsgId: MMSG-26390]
Registration.c(20): web_link("Register Now!") started  	[MsgId: MMSG-26355]
Registration.c(20): Error -27985: There is no context for HTML-based functions. A previous function may not have used "Mode=HTML" or downloaded only non-HTML page(s), or the context has been reset (e.g., due to a GUI-based function)  	[MsgId: MERR-27985]
Registration.c(20): Warning -26379: Pending web_reg_save_param/web_reg_find/web_create_html_param/web_create_html_param_ex request(s) are deleted and will be handled as "not found"  	[MsgId: MWAR-26379]
Registration.c(20): Error -26366: "Text=User Information" not found for web_reg_find  	[MsgId: MERR-26366]
Registration.c(20): Error -26374: The above "not found" error(s) may be explained by header and body byte counts being 0 and 0, respectively.  	[MsgId: MERR-26374]
Registration.c(20): web_link("Register Now!") highest severity level was "ERROR", 0 body bytes, 0 header bytes  	[MsgId: MMSG-26388]
Registration.c(20): Notify: Transaction "PetStore_ClickOnRegistration_T01" ended with a "Fail" status (Duration: 0.0009).	[MsgId: MMSG-16873]
Registration.c(20): Notify: Transaction "PetStore_ClickOnRegistration_T01" has 3 error message(s).	[MsgId: MMSG-16818]
Registration.c(20): Notify: The 1st error message associated with transaction "PetStore_ClickOnRegistration_T01" is "Error -27985: There is no context for HTML-based functions. A previous function may not have used "Mode=HTML" or downloaded only non-HTML page(s), or the context has been reset (e.g., due to a GUI-based function)"	[MsgId: MMSG-16819]
Registration.c(20): Notify: The 2nd error message associated with transaction "PetStore_ClickOnRegistration_T01" is "Error -26366: "Text=User Information" not found for web_reg_find"	[MsgId: MMSG-16819]
Registration.c(20): Notify: The 3rd error message associated with transaction "PetStore_ClickOnRegistration_T01" is "Error -26374: The above "not found" error(s) may be explained by header and body byte counts being 0 and 0, respectively."	[MsgId: MMSG-16819]
Ending action Login.	[MsgId: MMSG-15918]
Ending iteration 8.	[MsgId: MMSG-15965]
Waiting 6.0140 seconds for iteration pacing.	[MsgId: MMSG-15996]
Starting iteration 9.	[MsgId: MMSG-15968]
Notify: Next row for parameter UserName = 1 [table  = UserName].	[MsgId: MMSG-13876]
Notify: Getting new value for parameter 'UserName': table = 'UserCredentilas1.dat' column = '0' row = '1'.	[MsgId: MMSG-13877]
Notify: Next row for parameter PetStoreEndtoEndFlow_UserName = 1 [table  = PetStoreEndtoEndFlow_UserName].	[MsgId: MMSG-13876]
Notify: Getting new value for parameter 'PetStoreEndtoEndFlow_UserName': table = 'UserCredentilas3.dat' column = '0' row = '1'.	[MsgId: MMSG-13877]
Notify: Next row for parameter PetStoreEndtoEndFlow_pass = 1 [table  = PetStoreEndtoEndFlow_pass].	[MsgId: MMSG-13876]
Notify: Getting new value for parameter 'PetStoreEndtoEndFlow_pass': table = 'UserCredentilas4.dat' column = '0' row = '1'.	[MsgId: MMSG-13877]
Notify: Next row for parameter pass = 1 [table  = pass].	[MsgId: MMSG-13876]
Notify: Getting new value for parameter 'pass': table = 'UserCredentilas2.dat' column = '0' row = '1'.	[MsgId: MMSG-13877]
Starting action Login.	[MsgId: MMSG-15919]
Registration.c(15): Notify: Transaction "PetStore_ClickOnRegistration_T01" started.	[MsgId: MMSG-16999]
Registration.c(17): web_reg_find started  	[MsgId: MMSG-26355]
Registration.c(17): Registering web_reg_find was successful  	[MsgId: MMSG-26390]
Registration.c(20): web_link("Register Now!") started  	[MsgId: MMSG-26355]
Registration.c(20): Error -27985: There is no context for HTML-based functions. A previous function may not have used "Mode=HTML" or downloaded only non-HTML page(s), or the context has been reset (e.g., due to a GUI-based function)  	[MsgId: MERR-27985]
Registration.c(20): Warning -26379: Pending web_reg_save_param/web_reg_find/web_create_html_param/web_create_html_param_ex request(s) are deleted and will be handled as "not found"  	[MsgId: MWAR-26379]
Registration.c(20): Error -26366: "Text=User Information" not found for web_reg_find  	[MsgId: MERR-26366]
Registration.c(20): Error -26374: The above "not found" error(s) may be explained by header and body byte counts being 0 and 0, respectively.  	[MsgId: MERR-26374]
Registration.c(20): web_link("Register Now!") highest severity level was "ERROR", 0 body bytes, 0 header bytes  	[MsgId: MMSG-26388]
Registration.c(20): Notify: Transaction "PetStore_ClickOnRegistration_T01" ended with a "Fail" status (Duration: 0.0011).	[MsgId: MMSG-16873]
Registration.c(20): Notify: Transaction "PetStore_ClickOnRegistration_T01" has 3 error message(s).	[MsgId: MMSG-16818]
Registration.c(20): Notify: The 1st error message associated with transaction "PetStore_ClickOnRegistration_T01" is "Error -27985: There is no context for HTML-based functions. A previous function may not have used "Mode=HTML" or downloaded only non-HTML page(s), or the context has been reset (e.g., due to a GUI-based function)"	[MsgId: MMSG-16819]
Registration.c(20): Notify: The 2nd error message associated with transaction "PetStore_ClickOnRegistration_T01" is "Error -26366: "Text=User Information" not found for web_reg_find"	[MsgId: MMSG-16819]
Registration.c(20): Notify: The 3rd error message associated with transaction "PetStore_ClickOnRegistration_T01" is "Error -26374: The above "not found" error(s) may be explained by header and body byte counts being 0 and 0, respectively."	[MsgId: MMSG-16819]
Ending action Login.	[MsgId: MMSG-15918]
Ending iteration 9.	[MsgId: MMSG-15965]
Waiting 5.7040 seconds for iteration pacing.	[MsgId: MMSG-15996]
Starting iteration 11.	[MsgId: MMSG-15968]
Notify: Next row for parameter UserName = 1 [table  = UserName].	[MsgId: MMSG-13876]
Notify: Getting new value for parameter 'UserName': table = 'UserCredentilas1.dat' column = '0' row = '1'.	[MsgId: MMSG-13877]
Notify: Next row for parameter PetStoreEndtoEndFlow_UserName = 1 [table  = PetStoreEndtoEndFlow_UserName].	[MsgId: MMSG-13876]
Notify: Getting new value for parameter 'PetStoreEndtoEndFlow_UserName': table = 'UserCredentilas3.dat' column = '0' row = '1'.	[MsgId: MMSG-13877]
Notify: Next row for parameter PetStoreEndtoEndFlow_pass = 1 [table  = PetStoreEndtoEndFlow_pass].	[MsgId: MMSG-13876]
Notify: Getting new value for parameter 'PetStoreEndtoEndFlow_pass': table = 'UserCredentilas4.dat' column = '0' row = '1'.	[MsgId: MMSG-13877]
Notify: Next row for parameter pass = 1 [table  = pass].	[MsgId: MMSG-13876]
Notify: Getting new value for parameter 'pass': table = 'UserCredentilas2.dat' column = '0' row = '1'.	[MsgId: MMSG-13877]
Starting action Login.	[MsgId: MMSG-15919]
Registration.c(15): Notify: Transaction "PetStore_ClickOnRegistration_T01" started.	[MsgId: MMSG-16999]
Registration.c(17): web_reg_find started  	[MsgId: MMSG-26355]
Registration.c(17): Registering web_reg_find was successful  	[MsgId: MMSG-26390]
Registration.c(20): web_link("Register Now!") started  	[MsgId: MMSG-26355]
Registration.c(20): Error -27985: There is no context for HTML-based functions. A previous function may not have used "Mode=HTML" or downloaded only non-HTML page(s), or the context has been reset (e.g., due to a GUI-based function)  	[MsgId: MERR-27985]
Registration.c(20): Warning -26379: Pending web_reg_save_param/web_reg_find/web_create_html_param/web_create_html_param_ex request(s) are deleted and will be handled as "not found"  	[MsgId: MWAR-26379]
Registration.c(20): Error -26366: "Text=User Information" not found for web_reg_find  	[MsgId: MERR-26366]
Registration.c(20): Error -26374: The above "not found" error(s) may be explained by header and body byte counts being 0 and 0, respectively.  	[MsgId: MERR-26374]
Registration.c(20): web_link("Register Now!") highest severity level was "ERROR", 0 body bytes, 0 header bytes  	[MsgId: MMSG-26388]
Registration.c(20): Notify: Transaction "PetStore_ClickOnRegistration_T01" ended with a "Fail" status (Duration: 0.0010).	[MsgId: MMSG-16873]
Registration.c(20): Notify: Transaction "PetStore_ClickOnRegistration_T01" has 3 error message(s).	[MsgId: MMSG-16818]
Registration.c(20): Notify: The 1st error message associated with transaction "PetStore_ClickOnRegistration_T01" is "Error -27985: There is no context for HTML-based functions. A previous function may not have used "Mode=HTML" or downloaded only non-HTML page(s), or the context has been reset (e.g., due to a GUI-based function)"	[MsgId: MMSG-16819]
Registration.c(20): Notify: The 2nd error message associated with transaction "PetStore_ClickOnRegistration_T01" is "Error -26366: "Text=User Information" not found for web_reg_find"	[MsgId: MMSG-16819]
Registration.c(20): Notify: The 3rd error message associated with transaction "PetStore_ClickOnRegistration_T01" is "Error -26374: The above "not found" error(s) may be explained by header and body byte counts being 0 and 0, respectively."	[MsgId: MMSG-16819]
Ending action Login.	[MsgId: MMSG-15918]
Ending iteration 11.	[MsgId: MMSG-15965]
Waiting 6.4050 seconds for iteration pacing.	[MsgId: MMSG-15996]
Starting iteration 11.	[MsgId: MMSG-15968]
Notify: Next row for parameter UserName = 1 [table  = UserName].	[MsgId: MMSG-13876]
Notify: Getting new value for parameter 'UserName': table = 'UserCredentilas1.dat' column = '0' row = '1'.	[MsgId: MMSG-13877]
Notify: Next row for parameter PetStoreEndtoEndFlow_UserName = 1 [table  = PetStoreEndtoEndFlow_UserName].	[MsgId: MMSG-13876]
Notify: Getting new value for parameter 'PetStoreEndtoEndFlow_UserName': table = 'UserCredentilas3.dat' column = '0' row = '1'.	[MsgId: MMSG-13877]
Notify: Next row for parameter PetStoreEndtoEndFlow_pass = 1 [table  = PetStoreEndtoEndFlow_pass].	[MsgId: MMSG-13876]
Notify: Getting new value for parameter 'PetStoreEndtoEndFlow_pass': table = 'UserCredentilas4.dat' column = '0' row = '1'.	[MsgId: MMSG-13877]
Notify: Next row for parameter pass = 1 [table  = pass].	[MsgId: MMSG-13876]
Notify: Getting new value for parameter 'pass': table = 'UserCredentilas2.dat' column = '0' row = '1'.	[MsgId: MMSG-13877]
Starting action Login.	[MsgId: MMSG-15919]
Registration.c(15): Notify: Transaction "PetStore_ClickOnRegistration_T01" started.	[MsgId: MMSG-16999]
Registration.c(17): web_reg_find started  	[MsgId: MMSG-26355]
Registration.c(17): Registering web_reg_find was successful  	[MsgId: MMSG-26390]
Registration.c(20): web_link("Register Now!") started  	[MsgId: MMSG-26355]
Registration.c(20): Error -27985: There is no context for HTML-based functions. A previous function may not have used "Mode=HTML" or downloaded only non-HTML page(s), or the context has been reset (e.g., due to a GUI-based function)  	[MsgId: MERR-27985]
Registration.c(20): Warning -26379: Pending web_reg_save_param/web_reg_find/web_create_html_param/web_create_html_param_ex request(s) are deleted and will be handled as "not found"  	[MsgId: MWAR-26379]
Registration.c(20): Error -26366: "Text=User Information" not found for web_reg_find  	[MsgId: MERR-26366]
Registration.c(20): Error -26374: The above "not found" error(s) may be explained by header and body byte counts being 0 and 0, respectively.  	[MsgId: MERR-26374]
Registration.c(20): web_link("Register Now!") highest severity level was "ERROR", 0 body bytes, 0 header bytes  	[MsgId: MMSG-26388]
Registration.c(20): Notify: Transaction "PetStore_ClickOnRegistration_T01" ended with a "Fail" status (Duration: 0.0008).	[MsgId: MMSG-16873]
Registration.c(20): Notify: Transaction "PetStore_ClickOnRegistration_T01" has 3 error message(s).	[MsgId: MMSG-16818]
Registration.c(20): Notify: The 1st error message associated with transaction "PetStore_ClickOnRegistration_T01" is "Error -27985: There is no context for HTML-based functions. A previous function may not have used "Mode=HTML" or downloaded only non-HTML page(s), or the context has been reset (e.g., due to a GUI-based function)"	[MsgId: MMSG-16819]
Registration.c(20): Notify: The 2nd error message associated with transaction "PetStore_ClickOnRegistration_T01" is "Error -26366: "Text=User Information" not found for web_reg_find"	[MsgId: MMSG-16819]
Registration.c(20): Notify: The 3rd error message associated with transaction "PetStore_ClickOnRegistration_T01" is "Error -26374: The above "not found" error(s) may be explained by header and body byte counts being 0 and 0, respectively."	[MsgId: MMSG-16819]
Ending action Login.	[MsgId: MMSG-15918]
Ending iteration 11.	[MsgId: MMSG-15965]
Waiting 5.4010 seconds for iteration pacing.	[MsgId: MMSG-15996]
Starting iteration 12.	[MsgId: MMSG-15968]
Notify: Next row for parameter UserName = 1 [table  = UserName].	[MsgId: MMSG-13876]
Notify: Getting new value for parameter 'UserName': table = 'UserCredentilas1.dat' column = '0' row = '1'.	[MsgId: MMSG-13877]
Notify: Next row for parameter PetStoreEndtoEndFlow_UserName = 1 [table  = PetStoreEndtoEndFlow_UserName].	[MsgId: MMSG-13876]
Notify: Getting new value for parameter 'PetStoreEndtoEndFlow_UserName': table = 'UserCredentilas3.dat' column = '0' row = '1'.	[MsgId: MMSG-13877]
Notify: Next row for parameter PetStoreEndtoEndFlow_pass = 1 [table  = PetStoreEndtoEndFlow_pass].	[MsgId: MMSG-13876]
Notify: Getting new value for parameter 'PetStoreEndtoEndFlow_pass': table = 'UserCredentilas4.dat' column = '0' row = '1'.	[MsgId: MMSG-13877]
Notify: Next row for parameter pass = 1 [table  = pass].	[MsgId: MMSG-13876]
Notify: Getting new value for parameter 'pass': table = 'UserCredentilas2.dat' column = '0' row = '1'.	[MsgId: MMSG-13877]
Starting action Login.	[MsgId: MMSG-15919]
Registration.c(15): Notify: Transaction "PetStore_ClickOnRegistration_T01" started.	[MsgId: MMSG-16999]
Registration.c(17): web_reg_find started  	[MsgId: MMSG-26355]
Registration.c(17): Registering web_reg_find was successful  	[MsgId: MMSG-26390]
Registration.c(20): web_link("Register Now!") started  	[MsgId: MMSG-26355]
Registration.c(20): Error -27985: There is no context for HTML-based functions. A previous function may not have used "Mode=HTML" or downloaded only non-HTML page(s), or the context has been reset (e.g., due to a GUI-based function)  	[MsgId: MERR-27985]
Registration.c(20): Warning -26379: Pending web_reg_save_param/web_reg_find/web_create_html_param/web_create_html_param_ex request(s) are deleted and will be handled as "not found"  	[MsgId: MWAR-26379]
Registration.c(20): Error -26366: "Text=User Information" not found for web_reg_find  	[MsgId: MERR-26366]
Registration.c(20): Error -26374: The above "not found" error(s) may be explained by header and body byte counts being 0 and 0, respectively.  	[MsgId: MERR-26374]
Registration.c(20): web_link("Register Now!") highest severity level was "ERROR", 0 body bytes, 0 header bytes  	[MsgId: MMSG-26388]
Registration.c(20): Notify: Transaction "PetStore_ClickOnRegistration_T01" ended with a "Fail" status (Duration: 0.0012).	[MsgId: MMSG-16873]
Registration.c(20): Notify: Transaction "PetStore_ClickOnRegistration_T01" has 3 error message(s).	[MsgId: MMSG-16818]
Registration.c(20): Notify: The 1st error message associated with transaction "PetStore_ClickOnRegistration_T01" is "Error -27985: There is no context for HTML-based functions. A previous function may not have used "Mode=HTML" or downloaded only non-HTML page(s), or the context has been reset (e.g., due to a GUI-based function)"	[MsgId: MMSG-16819]
Registration.c(20): Notify: The 2nd error message associated with transaction "PetStore_ClickOnRegistration_T01" is "Error -26366: "Text=User Information" not found for web_reg_find"	[MsgId: MMSG-16819]
Registration.c(20): Notify: The 3rd error message associated with transaction "PetStore_ClickOnRegistration_T01" is "Error -26374: The above "not found" error(s) may be explained by header and body byte counts being 0 and 0, respectively."	[MsgId: MMSG-16819]
Ending action Login.	[MsgId: MMSG-15918]
Ending iteration 12.	[MsgId: MMSG-15965]
Waiting 8.2600 seconds for iteration pacing.	[MsgId: MMSG-15996]
Starting iteration 6.	[MsgId: MMSG-15968]
Notify: Next row for parameter UserName = 1 [table  = UserName].	[MsgId: MMSG-13876]
Notify: Getting new value for parameter 'UserName': table = 'UserCredentilas1.dat' column = '0' row = '1'.	[MsgId: MMSG-13877]
Notify: Next row for parameter PetStoreEndtoEndFlow_UserName = 1 [table  = PetStoreEndtoEndFlow_UserName].	[MsgId: MMSG-13876]
Notify: Getting new value for parameter 'PetStoreEndtoEndFlow_UserName': table = 'UserCredentilas3.dat' column = '0' row = '1'.	[MsgId: MMSG-13877]
Notify: Next row for parameter PetStoreEndtoEndFlow_pass = 1 [table  = PetStoreEndtoEndFlow_pass].	[MsgId: MMSG-13876]
Notify: Getting new value for parameter 'PetStoreEndtoEndFlow_pass': table = 'UserCredentilas4.dat' column = '0' row = '1'.	[MsgId: MMSG-13877]
Notify: Next row for parameter pass = 1 [table  = pass].	[MsgId: MMSG-13876]
Notify: Getting new value for parameter 'pass': table = 'UserCredentilas2.dat' column = '0' row = '1'.	[MsgId: MMSG-13877]
Starting action Login.	[MsgId: MMSG-15919]
Registration.c(15): Notify: Transaction "PetStore_ClickOnRegistration_T01" started.	[MsgId: MMSG-16999]
Registration.c(17): web_reg_find started  	[MsgId: MMSG-26355]
Registration.c(17): Registering web_reg_find was successful  	[MsgId: MMSG-26390]
Registration.c(20): web_link("Register Now!") started  	[MsgId: MMSG-26355]
Registration.c(20): Error -27985: There is no context for HTML-based functions. A previous function may not have used "Mode=HTML" or downloaded only non-HTML page(s), or the context has been reset (e.g., due to a GUI-based function)  	[MsgId: MERR-27985]
Registration.c(20): Warning -26379: Pending web_reg_save_param/web_reg_find/web_create_html_param/web_create_html_param_ex request(s) are deleted and will be handled as "not found"  	[MsgId: MWAR-26379]
Registration.c(20): Error -26366: "Text=User Information" not found for web_reg_find  	[MsgId: MERR-26366]
Registration.c(20): Error -26374: The above "not found" error(s) may be explained by header and body byte counts being 0 and 0, respectively.  	[MsgId: MERR-26374]
Registration.c(20): web_link("Register Now!") highest severity level was "ERROR", 0 body bytes, 0 header bytes  	[MsgId: MMSG-26388]
Registration.c(20): Notify: Transaction "PetStore_ClickOnRegistration_T01" ended with a "Fail" status (Duration: 0.0011).	[MsgId: MMSG-16873]
Registration.c(20): Notify: Transaction "PetStore_ClickOnRegistration_T01" has 3 error message(s).	[MsgId: MMSG-16818]
Registration.c(20): Notify: The 1st error message associated with transaction "PetStore_ClickOnRegistration_T01" is "Error -27985: There is no context for HTML-based functions. A previous function may not have used "Mode=HTML" or downloaded only non-HTML page(s), or the context has been reset (e.g., due to a GUI-based function)"	[MsgId: MMSG-16819]
Registration.c(20): Notify: The 2nd error message associated with transaction "PetStore_ClickOnRegistration_T01" is "Error -26366: "Text=User Information" not found for web_reg_find"	[MsgId: MMSG-16819]
Registration.c(20): Notify: The 3rd error message associated with transaction "PetStore_ClickOnRegistration_T01" is "Error -26374: The above "not found" error(s) may be explained by header and body byte counts being 0 and 0, respectively."	[MsgId: MMSG-16819]
Ending action Login.	[MsgId: MMSG-15918]
Ending iteration 6.	[MsgId: MMSG-15965]
Waiting 9.5650 seconds for iteration pacing.	[MsgId: MMSG-15996]
Starting iteration 8.	[MsgId: MMSG-15968]
Notify: Next row for parameter UserName = 1 [table  = UserName].	[MsgId: MMSG-13876]
Notify: Getting new value for parameter 'UserName': table = 'UserCredentilas1.dat' column = '0' row = '1'.	[MsgId: MMSG-13877]
Notify: Next row for parameter PetStoreEndtoEndFlow_UserName = 1 [table  = PetStoreEndtoEndFlow_UserName].	[MsgId: MMSG-13876]
Notify: Getting new value for parameter 'PetStoreEndtoEndFlow_UserName': table = 'UserCredentilas3.dat' column = '0' row = '1'.	[MsgId: MMSG-13877]
Notify: Next row for parameter PetStoreEndtoEndFlow_pass = 1 [table  = PetStoreEndtoEndFlow_pass].	[MsgId: MMSG-13876]
Notify: Getting new value for parameter 'PetStoreEndtoEndFlow_pass': table = 'UserCredentilas4.dat' column = '0' row = '1'.	[MsgId: MMSG-13877]
Notify: Next row for parameter pass = 1 [table  = pass].	[MsgId: MMSG-13876]
Notify: Getting new value for parameter 'pass': table = 'UserCredentilas2.dat' column = '0' row = '1'.	[MsgId: MMSG-13877]
Starting action Login.	[MsgId: MMSG-15919]
Registration.c(15): Notify: Transaction "PetStore_ClickOnRegistration_T01" started.	[MsgId: MMSG-16999]
Registration.c(17): web_reg_find started  	[MsgId: MMSG-26355]
Registration.c(17): Registering web_reg_find was successful  	[MsgId: MMSG-26390]
Registration.c(20): web_link("Register Now!") started  	[MsgId: MMSG-26355]
Registration.c(20): Error -27985: There is no context for HTML-based functions. A previous function may not have used "Mode=HTML" or downloaded only non-HTML page(s), or the context has been reset (e.g., due to a GUI-based function)  	[MsgId: MERR-27985]
Registration.c(20): Warning -26379: Pending web_reg_save_param/web_reg_find/web_create_html_param/web_create_html_param_ex request(s) are deleted and will be handled as "not found"  	[MsgId: MWAR-26379]
Registration.c(20): Error -26366: "Text=User Information" not found for web_reg_find  	[MsgId: MERR-26366]
Registration.c(20): Error -26374: The above "not found" error(s) may be explained by header and body byte counts being 0 and 0, respectively.  	[MsgId: MERR-26374]
Registration.c(20): web_link("Register Now!") highest severity level was "ERROR", 0 body bytes, 0 header bytes  	[MsgId: MMSG-26388]
Registration.c(20): Notify: Transaction "PetStore_ClickOnRegistration_T01" ended with a "Fail" status (Duration: 0.0007).	[MsgId: MMSG-16873]
Registration.c(20): Notify: Transaction "PetStore_ClickOnRegistration_T01" has 3 error message(s).	[MsgId: MMSG-16818]
Registration.c(20): Notify: The 1st error message associated with transaction "PetStore_ClickOnRegistration_T01" is "Error -27985: There is no context for HTML-based functions. A previous function may not have used "Mode=HTML" or downloaded only non-HTML page(s), or the context has been reset (e.g., due to a GUI-based function)"	[MsgId: MMSG-16819]
Registration.c(20): Notify: The 2nd error message associated with transaction "PetStore_ClickOnRegistration_T01" is "Error -26366: "Text=User Information" not found for web_reg_find"	[MsgId: MMSG-16819]
Registration.c(20): Notify: The 3rd error message associated with transaction "PetStore_ClickOnRegistration_T01" is "Error -26374: The above "not found" error(s) may be explained by header and body byte counts being 0 and 0, respectively."	[MsgId: MMSG-16819]
Ending action Login.	[MsgId: MMSG-15918]
Ending iteration 8.	[MsgId: MMSG-15965]
Waiting 5.5030 seconds for iteration pacing.	[MsgId: MMSG-15996]
Starting iteration 8.	[MsgId: MMSG-15968]
Notify: Next row for parameter UserName = 1 [table  = UserName].	[MsgId: MMSG-13876]
Notify: Getting new value for parameter 'UserName': table = 'UserCredentilas1.dat' column = '0' row = '1'.	[MsgId: MMSG-13877]
Notify: Next row for parameter PetStoreEndtoEndFlow_UserName = 1 [table  = PetStoreEndtoEndFlow_UserName].	[MsgId: MMSG-13876]
Notify: Getting new value for parameter 'PetStoreEndtoEndFlow_UserName': table = 'UserCredentilas3.dat' column = '0' row = '1'.	[MsgId: MMSG-13877]
Notify: Next row for parameter PetStoreEndtoEndFlow_pass = 1 [table  = PetStoreEndtoEndFlow_pass].	[MsgId: MMSG-13876]
Notify: Getting new value for parameter 'PetStoreEndtoEndFlow_pass': table = 'UserCredentilas4.dat' column = '0' row = '1'.	[MsgId: MMSG-13877]
Notify: Next row for parameter pass = 1 [table  = pass].	[MsgId: MMSG-13876]
Notify: Getting new value for parameter 'pass': table = 'UserCredentilas2.dat' column = '0' row = '1'.	[MsgId: MMSG-13877]
Starting action Login.	[MsgId: MMSG-15919]
Registration.c(15): Notify: Transaction "PetStore_ClickOnRegistration_T01" started.	[MsgId: MMSG-16999]
Registration.c(17): web_reg_find started  	[MsgId: MMSG-26355]
Registration.c(17): Registering web_reg_find was successful  	[MsgId: MMSG-26390]
Registration.c(20): web_link("Register Now!") started  	[MsgId: MMSG-26355]
Registration.c(20): Error -27985: There is no context for HTML-based functions. A previous function may not have used "Mode=HTML" or downloaded only non-HTML page(s), or the context has been reset (e.g., due to a GUI-based function)  	[MsgId: MERR-27985]
Registration.c(20): Warning -26379: Pending web_reg_save_param/web_reg_find/web_create_html_param/web_create_html_param_ex request(s) are deleted and will be handled as "not found"  	[MsgId: MWAR-26379]
Registration.c(20): Error -26366: "Text=User Information" not found for web_reg_find  	[MsgId: MERR-26366]
Registration.c(20): Error -26374: The above "not found" error(s) may be explained by header and body byte counts being 0 and 0, respectively.  	[MsgId: MERR-26374]
Registration.c(20): web_link("Register Now!") highest severity level was "ERROR", 0 body bytes, 0 header bytes  	[MsgId: MMSG-26388]
Registration.c(20): Notify: Transaction "PetStore_ClickOnRegistration_T01" ended with a "Fail" status (Duration: 0.0010).	[MsgId: MMSG-16873]
Registration.c(20): Notify: Transaction "PetStore_ClickOnRegistration_T01" has 3 error message(s).	[MsgId: MMSG-16818]
Registration.c(20): Notify: The 1st error message associated with transaction "PetStore_ClickOnRegistration_T01" is "Error -27985: There is no context for HTML-based functions. A previous function may not have used "Mode=HTML" or downloaded only non-HTML page(s), or the context has been reset (e.g., due to a GUI-based function)"	[MsgId: MMSG-16819]
Registration.c(20): Notify: The 2nd error message associated with transaction "PetStore_ClickOnRegistration_T01" is "Error -26366: "Text=User Information" not found for web_reg_find"	[MsgId: MMSG-16819]
Registration.c(20): Notify: The 3rd error message associated with transaction "PetStore_ClickOnRegistration_T01" is "Error -26374: The above "not found" error(s) may be explained by header and body byte counts being 0 and 0, respectively."	[MsgId: MMSG-16819]
Ending action Login.	[MsgId: MMSG-15918]
Ending iteration 8.	[MsgId: MMSG-15965]
Waiting 7.4250 seconds for iteration pacing.	[MsgId: MMSG-15996]
Starting iteration 9.	[MsgId: MMSG-15968]
Notify: Next row for parameter UserName = 1 [table  = UserName].	[MsgId: MMSG-13876]
Notify: Getting new value for parameter 'UserName': table = 'UserCredentilas1.dat' column = '0' row = '1'.	[MsgId: MMSG-13877]
Notify: Next row for parameter PetStoreEndtoEndFlow_UserName = 1 [table  = PetStoreEndtoEndFlow_UserName].	[MsgId: MMSG-13876]
Notify: Getting new value for parameter 'PetStoreEndtoEndFlow_UserName': table = 'UserCredentilas3.dat' column = '0' row = '1'.	[MsgId: MMSG-13877]
Notify: Next row for parameter PetStoreEndtoEndFlow_pass = 1 [table  = PetStoreEndtoEndFlow_pass].	[MsgId: MMSG-13876]
Notify: Getting new value for parameter 'PetStoreEndtoEndFlow_pass': table = 'UserCredentilas4.dat' column = '0' row = '1'.	[MsgId: MMSG-13877]
Notify: Next row for parameter pass = 1 [table  = pass].	[MsgId: MMSG-13876]
Notify: Getting new value for parameter 'pass': table = 'UserCredentilas2.dat' column = '0' row = '1'.	[MsgId: MMSG-13877]
Starting action Login.	[MsgId: MMSG-15919]
Registration.c(15): Notify: Transaction "PetStore_ClickOnRegistration_T01" started.	[MsgId: MMSG-16999]
Registration.c(17): web_reg_find started  	[MsgId: MMSG-26355]
Registration.c(17): Registering web_reg_find was successful  	[MsgId: MMSG-26390]
Registration.c(20): web_link("Register Now!") started  	[MsgId: MMSG-26355]
Registration.c(20): Error -27985: There is no context for HTML-based functions. A previous function may not have used "Mode=HTML" or downloaded only non-HTML page(s), or the context has been reset (e.g., due to a GUI-based function)  	[MsgId: MERR-27985]
Registration.c(20): Warning -26379: Pending web_reg_save_param/web_reg_find/web_create_html_param/web_create_html_param_ex request(s) are deleted and will be handled as "not found"  	[MsgId: MWAR-26379]
Registration.c(20): Error -26366: "Text=User Information" not found for web_reg_find  	[MsgId: MERR-26366]
Registration.c(20): Error -26374: The above "not found" error(s) may be explained by header and body byte counts being 0 and 0, respectively.  	[MsgId: MERR-26374]
Registration.c(20): web_link("Register Now!") highest severity level was "ERROR", 0 body bytes, 0 header bytes  	[MsgId: MMSG-26388]
Registration.c(20): Notify: Transaction "PetStore_ClickOnRegistration_T01" ended with a "Fail" status (Duration: 0.0011).	[MsgId: MMSG-16873]
Registration.c(20): Notify: Transaction "PetStore_ClickOnRegistration_T01" has 3 error message(s).	[MsgId: MMSG-16818]
Registration.c(20): Notify: The 1st error message associated with transaction "PetStore_ClickOnRegistration_T01" is "Error -27985: There is no context for HTML-based functions. A previous function may not have used "Mode=HTML" or downloaded only non-HTML page(s), or the context has been reset (e.g., due to a GUI-based function)"	[MsgId: MMSG-16819]
Registration.c(20): Notify: The 2nd error message associated with transaction "PetStore_ClickOnRegistration_T01" is "Error -26366: "Text=User Information" not found for web_reg_find"	[MsgId: MMSG-16819]
Registration.c(20): Notify: The 3rd error message associated with transaction "PetStore_ClickOnRegistration_T01" is "Error -26374: The above "not found" error(s) may be explained by header and body byte counts being 0 and 0, respectively."	[MsgId: MMSG-16819]
Ending action Login.	[MsgId: MMSG-15918]
Ending iteration 9.	[MsgId: MMSG-15965]
Waiting 8.9550 seconds for iteration pacing.	[MsgId: MMSG-15996]
Starting iteration 9.	[MsgId: MMSG-15968]
Notify: Next row for parameter UserName = 1 [table  = UserName].	[MsgId: MMSG-13876]
Notify: Getting new value for parameter 'UserName': table = 'UserCredentilas1.dat' column = '0' row = '1'.	[MsgId: MMSG-13877]
Notify: Next row for parameter PetStoreEndtoEndFlow_UserName = 1 [table  = PetStoreEndtoEndFlow_UserName].	[MsgId: MMSG-13876]
Notify: Getting new value for parameter 'PetStoreEndtoEndFlow_UserName': table = 'UserCredentilas3.dat' column = '0' row = '1'.	[MsgId: MMSG-13877]
Notify: Next row for parameter PetStoreEndtoEndFlow_pass = 1 [table  = PetStoreEndtoEndFlow_pass].	[MsgId: MMSG-13876]
Notify: Getting new value for parameter 'PetStoreEndtoEndFlow_pass': table = 'UserCredentilas4.dat' column = '0' row = '1'.	[MsgId: MMSG-13877]
Notify: Next row for parameter pass = 1 [table  = pass].	[MsgId: MMSG-13876]
Notify: Getting new value for parameter 'pass': table = 'UserCredentilas2.dat' column = '0' row = '1'.	[MsgId: MMSG-13877]
Starting action Login.	[MsgId: MMSG-15919]
Registration.c(15): Notify: Transaction "PetStore_ClickOnRegistration_T01" started.	[MsgId: MMSG-16999]
Registration.c(17): web_reg_find started  	[MsgId: MMSG-26355]
Registration.c(17): Registering web_reg_find was successful  	[MsgId: MMSG-26390]
Registration.c(20): web_link("Register Now!") started  	[MsgId: MMSG-26355]
Registration.c(20): Error -27985: There is no context for HTML-based functions. A previous function may not have used "Mode=HTML" or downloaded only non-HTML page(s), or the context has been reset (e.g., due to a GUI-based function)  	[MsgId: MERR-27985]
Registration.c(20): Warning -26379: Pending web_reg_save_param/web_reg_find/web_create_html_param/web_create_html_param_ex request(s) are deleted and will be handled as "not found"  	[MsgId: MWAR-26379]
Registration.c(20): Error -26366: "Text=User Information" not found for web_reg_find  	[MsgId: MERR-26366]
Registration.c(20): Error -26374: The above "not found" error(s) may be explained by header and body byte counts being 0 and 0, respectively.  	[MsgId: MERR-26374]
Registration.c(20): web_link("Register Now!") highest severity level was "ERROR", 0 body bytes, 0 header bytes  	[MsgId: MMSG-26388]
Registration.c(20): Notify: Transaction "PetStore_ClickOnRegistration_T01" ended with a "Fail" status (Duration: 0.0010).	[MsgId: MMSG-16873]
Registration.c(20): Notify: Transaction "PetStore_ClickOnRegistration_T01" has 3 error message(s).	[MsgId: MMSG-16818]
Registration.c(20): Notify: The 1st error message associated with transaction "PetStore_ClickOnRegistration_T01" is "Error -27985: There is no context for HTML-based functions. A previous function may not have used "Mode=HTML" or downloaded only non-HTML page(s), or the context has been reset (e.g., due to a GUI-based function)"	[MsgId: MMSG-16819]
Registration.c(20): Notify: The 2nd error message associated with transaction "PetStore_ClickOnRegistration_T01" is "Error -26366: "Text=User Information" not found for web_reg_find"	[MsgId: MMSG-16819]
Registration.c(20): Notify: The 3rd error message associated with transaction "PetStore_ClickOnRegistration_T01" is "Error -26374: The above "not found" error(s) may be explained by header and body byte counts being 0 and 0, respectively."	[MsgId: MMSG-16819]
Ending action Login.	[MsgId: MMSG-15918]
Ending iteration 9.	[MsgId: MMSG-15965]
Waiting 7.2000 seconds for iteration pacing.	[MsgId: MMSG-15996]
Starting iteration 10.	[MsgId: MMSG-15968]
Notify: Next row for parameter UserName = 1 [table  = UserName].	[MsgId: MMSG-13876]
Notify: Getting new value for parameter 'UserName': table = 'UserCredentilas1.dat' column = '0' row = '1'.	[MsgId: MMSG-13877]
Notify: Next row for parameter PetStoreEndtoEndFlow_UserName = 1 [table  = PetStoreEndtoEndFlow_UserName].	[MsgId: MMSG-13876]
Notify: Getting new value for parameter 'PetStoreEndtoEndFlow_UserName': table = 'UserCredentilas3.dat' column = '0' row = '1'.	[MsgId: MMSG-13877]
Notify: Next row for parameter PetStoreEndtoEndFlow_pass = 1 [table  = PetStoreEndtoEndFlow_pass].	[MsgId: MMSG-13876]
Notify: Getting new value for parameter 'PetStoreEndtoEndFlow_pass': table = 'UserCredentilas4.dat' column = '0' row = '1'.	[MsgId: MMSG-13877]
Notify: Next row for parameter pass = 1 [table  = pass].	[MsgId: MMSG-13876]
Notify: Getting new value for parameter 'pass': table = 'UserCredentilas2.dat' column = '0' row = '1'.	[MsgId: MMSG-13877]
Starting action Login.	[MsgId: MMSG-15919]
Registration.c(15): Notify: Transaction "PetStore_ClickOnRegistration_T01" started.	[MsgId: MMSG-16999]
Registration.c(17): web_reg_find started  	[MsgId: MMSG-26355]
Registration.c(17): Registering web_reg_find was successful  	[MsgId: MMSG-26390]
Registration.c(20): web_link("Register Now!") started  	[MsgId: MMSG-26355]
Registration.c(20): Error -27985: There is no context for HTML-based functions. A previous function may not have used "Mode=HTML" or downloaded only non-HTML page(s), or the context has been reset (e.g., due to a GUI-based function)  	[MsgId: MERR-27985]
Registration.c(20): Warning -26379: Pending web_reg_save_param/web_reg_find/web_create_html_param/web_create_html_param_ex request(s) are deleted and will be handled as "not found"  	[MsgId: MWAR-26379]
Registration.c(20): Error -26366: "Text=User Information" not found for web_reg_find  	[MsgId: MERR-26366]
Registration.c(20): Error -26374: The above "not found" error(s) may be explained by header and body byte counts being 0 and 0, respectively.  	[MsgId: MERR-26374]
Registration.c(20): web_link("Register Now!") highest severity level was "ERROR", 0 body bytes, 0 header bytes  	[MsgId: MMSG-26388]
Registration.c(20): Notify: Transaction "PetStore_ClickOnRegistration_T01" ended with a "Fail" status (Duration: 0.0009).	[MsgId: MMSG-16873]
Registration.c(20): Notify: Transaction "PetStore_ClickOnRegistration_T01" has 3 error message(s).	[MsgId: MMSG-16818]
Registration.c(20): Notify: The 1st error message associated with transaction "PetStore_ClickOnRegistration_T01" is "Error -27985: There is no context for HTML-based functions. A previous function may not have used "Mode=HTML" or downloaded only non-HTML page(s), or the context has been reset (e.g., due to a GUI-based function)"	[MsgId: MMSG-16819]
Registration.c(20): Notify: The 2nd error message associated with transaction "PetStore_ClickOnRegistration_T01" is "Error -26366: "Text=User Information" not found for web_reg_find"	[MsgId: MMSG-16819]
Registration.c(20): Notify: The 3rd error message associated with transaction "PetStore_ClickOnRegistration_T01" is "Error -26374: The above "not found" error(s) may be explained by header and body byte counts being 0 and 0, respectively."	[MsgId: MMSG-16819]
Ending action Login.	[MsgId: MMSG-15918]
Ending iteration 10.	[MsgId: MMSG-15965]
Waiting 9.3850 seconds for iteration pacing.	[MsgId: MMSG-15996]
Starting iteration 12.	[MsgId: MMSG-15968]
Notify: Next row for parameter UserName = 1 [table  = UserName].	[MsgId: MMSG-13876]
Notify: Getting new value for parameter 'UserName': table = 'UserCredentilas1.dat' column = '0' row = '1'.	[MsgId: MMSG-13877]
Notify: Next row for parameter PetStoreEndtoEndFlow_UserName = 1 [table  = PetStoreEndtoEndFlow_UserName].	[MsgId: MMSG-13876]
Notify: Getting new value for parameter 'PetStoreEndtoEndFlow_UserName': table = 'UserCredentilas3.dat' column = '0' row = '1'.	[MsgId: MMSG-13877]
Notify: Next row for parameter PetStoreEndtoEndFlow_pass = 1 [table  = PetStoreEndtoEndFlow_pass].	[MsgId: MMSG-13876]
Notify: Getting new value for parameter 'PetStoreEndtoEndFlow_pass': table = 'UserCredentilas4.dat' column = '0' row = '1'.	[MsgId: MMSG-13877]
Notify: Next row for parameter pass = 1 [table  = pass].	[MsgId: MMSG-13876]
Notify: Getting new value for parameter 'pass': table = 'UserCredentilas2.dat' column = '0' row = '1'.	[MsgId: MMSG-13877]
Starting action Login.	[MsgId: MMSG-15919]
Registration.c(15): Notify: Transaction "PetStore_ClickOnRegistration_T01" started.	[MsgId: MMSG-16999]
Registration.c(17): web_reg_find started  	[MsgId: MMSG-26355]
Registration.c(17): Registering web_reg_find was successful  	[MsgId: MMSG-26390]
Registration.c(20): web_link("Register Now!") started  	[MsgId: MMSG-26355]
Registration.c(20): Error -27985: There is no context for HTML-based functions. A previous function may not have used "Mode=HTML" or downloaded only non-HTML page(s), or the context has been reset (e.g., due to a GUI-based function)  	[MsgId: MERR-27985]
Registration.c(20): Warning -26379: Pending web_reg_save_param/web_reg_find/web_create_html_param/web_create_html_param_ex request(s) are deleted and will be handled as "not found"  	[MsgId: MWAR-26379]
Registration.c(20): Error -26366: "Text=User Information" not found for web_reg_find  	[MsgId: MERR-26366]
Registration.c(20): Error -26374: The above "not found" error(s) may be explained by header and body byte counts being 0 and 0, respectively.  	[MsgId: MERR-26374]
Registration.c(20): web_link("Register Now!") highest severity level was "ERROR", 0 body bytes, 0 header bytes  	[MsgId: MMSG-26388]
Registration.c(20): Notify: Transaction "PetStore_ClickOnRegistration_T01" ended with a "Fail" status (Duration: 0.0009).	[MsgId: MMSG-16873]
Registration.c(20): Notify: Transaction "PetStore_ClickOnRegistration_T01" has 3 error message(s).	[MsgId: MMSG-16818]
Registration.c(20): Notify: The 1st error message associated with transaction "PetStore_ClickOnRegistration_T01" is "Error -27985: There is no context for HTML-based functions. A previous function may not have used "Mode=HTML" or downloaded only non-HTML page(s), or the context has been reset (e.g., due to a GUI-based function)"	[MsgId: MMSG-16819]
Registration.c(20): Notify: The 2nd error message associated with transaction "PetStore_ClickOnRegistration_T01" is "Error -26366: "Text=User Information" not found for web_reg_find"	[MsgId: MMSG-16819]
Registration.c(20): Notify: The 3rd error message associated with transaction "PetStore_ClickOnRegistration_T01" is "Error -26374: The above "not found" error(s) may be explained by header and body byte counts being 0 and 0, respectively."	[MsgId: MMSG-16819]
Ending action Login.	[MsgId: MMSG-15918]
Ending iteration 12.	[MsgId: MMSG-15965]
Waiting 5.7680 seconds for iteration pacing.	[MsgId: MMSG-15996]
Starting iteration 12.	[MsgId: MMSG-15968]
Notify: Next row for parameter UserName = 1 [table  = UserName].	[MsgId: MMSG-13876]
Notify: Getting new value for parameter 'UserName': table = 'UserCredentilas1.dat' column = '0' row = '1'.	[MsgId: MMSG-13877]
Notify: Next row for parameter PetStoreEndtoEndFlow_UserName = 1 [table  = PetStoreEndtoEndFlow_UserName].	[MsgId: MMSG-13876]
Notify: Getting new value for parameter 'PetStoreEndtoEndFlow_UserName': table = 'UserCredentilas3.dat' column = '0' row = '1'.	[MsgId: MMSG-13877]
Notify: Next row for parameter PetStoreEndtoEndFlow_pass = 1 [table  = PetStoreEndtoEndFlow_pass].	[MsgId: MMSG-13876]
Notify: Getting new value for parameter 'PetStoreEndtoEndFlow_pass': table = 'UserCredentilas4.dat' column = '0' row = '1'.	[MsgId: MMSG-13877]
Notify: Next row for parameter pass = 1 [table  = pass].	[MsgId: MMSG-13876]
Notify: Getting new value for parameter 'pass': table = 'UserCredentilas2.dat' column = '0' row = '1'.	[MsgId: MMSG-13877]
Starting action Login.	[MsgId: MMSG-15919]
Registration.c(15): Notify: Transaction "PetStore_ClickOnRegistration_T01" started.	[MsgId: MMSG-16999]
Registration.c(17): web_reg_find started  	[MsgId: MMSG-26355]
Registration.c(17): Registering web_reg_find was successful  	[MsgId: MMSG-26390]
Registration.c(20): web_link("Register Now!") started  	[MsgId: MMSG-26355]
Registration.c(20): Error -27985: There is no context for HTML-based functions. A previous function may not have used "Mode=HTML" or downloaded only non-HTML page(s), or the context has been reset (e.g., due to a GUI-based function)  	[MsgId: MERR-27985]
Registration.c(20): Warning -26379: Pending web_reg_save_param/web_reg_find/web_create_html_param/web_create_html_param_ex request(s) are deleted and will be handled as "not found"  	[MsgId: MWAR-26379]
Registration.c(20): Error -26366: "Text=User Information" not found for web_reg_find  	[MsgId: MERR-26366]
Registration.c(20): Error -26374: The above "not found" error(s) may be explained by header and body byte counts being 0 and 0, respectively.  	[MsgId: MERR-26374]
Registration.c(20): web_link("Register Now!") highest severity level was "ERROR", 0 body bytes, 0 header bytes  	[MsgId: MMSG-26388]
Registration.c(20): Notify: Transaction "PetStore_ClickOnRegistration_T01" ended with a "Fail" status (Duration: 0.0014).	[MsgId: MMSG-16873]
Registration.c(20): Notify: Transaction "PetStore_ClickOnRegistration_T01" has 3 error message(s).	[MsgId: MMSG-16818]
Registration.c(20): Notify: The 1st error message associated with transaction "PetStore_ClickOnRegistration_T01" is "Error -27985: There is no context for HTML-based functions. A previous function may not have used "Mode=HTML" or downloaded only non-HTML page(s), or the context has been reset (e.g., due to a GUI-based function)"	[MsgId: MMSG-16819]
Registration.c(20): Notify: The 2nd error message associated with transaction "PetStore_ClickOnRegistration_T01" is "Error -26366: "Text=User Information" not found for web_reg_find"	[MsgId: MMSG-16819]
Registration.c(20): Notify: The 3rd error message associated with transaction "PetStore_ClickOnRegistration_T01" is "Error -26374: The above "not found" error(s) may be explained by header and body byte counts being 0 and 0, respectively."	[MsgId: MMSG-16819]
Ending action Login.	[MsgId: MMSG-15918]
Ending iteration 12.	[MsgId: MMSG-15965]
Waiting 6.1380 seconds for iteration pacing.	[MsgId: MMSG-15996]
Starting iteration 9.	[MsgId: MMSG-15968]
Notify: Next row for parameter UserName = 1 [table  = UserName].	[MsgId: MMSG-13876]
Notify: Getting new value for parameter 'UserName': table = 'UserCredentilas1.dat' column = '0' row = '1'.	[MsgId: MMSG-13877]
Notify: Next row for parameter PetStoreEndtoEndFlow_UserName = 1 [table  = PetStoreEndtoEndFlow_UserName].	[MsgId: MMSG-13876]
Notify: Getting new value for parameter 'PetStoreEndtoEndFlow_UserName': table = 'UserCredentilas3.dat' column = '0' row = '1'.	[MsgId: MMSG-13877]
Notify: Next row for parameter PetStoreEndtoEndFlow_pass = 1 [table  = PetStoreEndtoEndFlow_pass].	[MsgId: MMSG-13876]
Notify: Getting new value for parameter 'PetStoreEndtoEndFlow_pass': table = 'UserCredentilas4.dat' column = '0' row = '1'.	[MsgId: MMSG-13877]
Notify: Next row for parameter pass = 1 [table  = pass].	[MsgId: MMSG-13876]
Notify: Getting new value for parameter 'pass': table = 'UserCredentilas2.dat' column = '0' row = '1'.	[MsgId: MMSG-13877]
Starting action Login.	[MsgId: MMSG-15919]
Registration.c(15): Notify: Transaction "PetStore_ClickOnRegistration_T01" started.	[MsgId: MMSG-16999]
Registration.c(17): web_reg_find started  	[MsgId: MMSG-26355]
Registration.c(17): Registering web_reg_find was successful  	[MsgId: MMSG-26390]
Registration.c(20): web_link("Register Now!") started  	[MsgId: MMSG-26355]
Registration.c(20): Error -27985: There is no context for HTML-based functions. A previous function may not have used "Mode=HTML" or downloaded only non-HTML page(s), or the context has been reset (e.g., due to a GUI-based function)  	[MsgId: MERR-27985]
Registration.c(20): Warning -26379: Pending web_reg_save_param/web_reg_find/web_create_html_param/web_create_html_param_ex request(s) are deleted and will be handled as "not found"  	[MsgId: MWAR-26379]
Registration.c(20): Error -26366: "Text=User Information" not found for web_reg_find  	[MsgId: MERR-26366]
Registration.c(20): Error -26374: The above "not found" error(s) may be explained by header and body byte counts being 0 and 0, respectively.  	[MsgId: MERR-26374]
Registration.c(20): web_link("Register Now!") highest severity level was "ERROR", 0 body bytes, 0 header bytes  	[MsgId: MMSG-26388]
Registration.c(20): Notify: Transaction "PetStore_ClickOnRegistration_T01" ended with a "Fail" status (Duration: 0.0009).	[MsgId: MMSG-16873]
Registration.c(20): Notify: Transaction "PetStore_ClickOnRegistration_T01" has 3 error message(s).	[MsgId: MMSG-16818]
Registration.c(20): Notify: The 1st error message associated with transaction "PetStore_ClickOnRegistration_T01" is "Error -27985: There is no context for HTML-based functions. A previous function may not have used "Mode=HTML" or downloaded only non-HTML page(s), or the context has been reset (e.g., due to a GUI-based function)"	[MsgId: MMSG-16819]
Registration.c(20): Notify: The 2nd error message associated with transaction "PetStore_ClickOnRegistration_T01" is "Error -26366: "Text=User Information" not found for web_reg_find"	[MsgId: MMSG-16819]
Registration.c(20): Notify: The 3rd error message associated with transaction "PetStore_ClickOnRegistration_T01" is "Error -26374: The above "not found" error(s) may be explained by header and body byte counts being 0 and 0, respectively."	[MsgId: MMSG-16819]
Ending action Login.	[MsgId: MMSG-15918]
Ending iteration 9.	[MsgId: MMSG-15965]
Waiting 9.4840 seconds for iteration pacing.	[MsgId: MMSG-15996]
Starting iteration 12.	[MsgId: MMSG-15968]
Notify: Next row for parameter UserName = 1 [table  = UserName].	[MsgId: MMSG-13876]
Notify: Getting new value for parameter 'UserName': table = 'UserCredentilas1.dat' column = '0' row = '1'.	[MsgId: MMSG-13877]
Notify: Next row for parameter PetStoreEndtoEndFlow_UserName = 1 [table  = PetStoreEndtoEndFlow_UserName].	[MsgId: MMSG-13876]
Notify: Getting new value for parameter 'PetStoreEndtoEndFlow_UserName': table = 'UserCredentilas3.dat' column = '0' row = '1'.	[MsgId: MMSG-13877]
Notify: Next row for parameter PetStoreEndtoEndFlow_pass = 1 [table  = PetStoreEndtoEndFlow_pass].	[MsgId: MMSG-13876]
Notify: Getting new value for parameter 'PetStoreEndtoEndFlow_pass': table = 'UserCredentilas4.dat' column = '0' row = '1'.	[MsgId: MMSG-13877]
Notify: Next row for parameter pass = 1 [table  = pass].	[MsgId: MMSG-13876]
Notify: Getting new value for parameter 'pass': table = 'UserCredentilas2.dat' column = '0' row = '1'.	[MsgId: MMSG-13877]
Starting action Login.	[MsgId: MMSG-15919]
Registration.c(15): Notify: Transaction "PetStore_ClickOnRegistration_T01" started.	[MsgId: MMSG-16999]
Registration.c(17): web_reg_find started  	[MsgId: MMSG-26355]
Registration.c(17): Registering web_reg_find was successful  	[MsgId: MMSG-26390]
Registration.c(20): web_link("Register Now!") started  	[MsgId: MMSG-26355]
Registration.c(20): Error -27985: There is no context for HTML-based functions. A previous function may not have used "Mode=HTML" or downloaded only non-HTML page(s), or the context has been reset (e.g., due to a GUI-based function)  	[MsgId: MERR-27985]
Registration.c(20): Warning -26379: Pending web_reg_save_param/web_reg_find/web_create_html_param/web_create_html_param_ex request(s) are deleted and will be handled as "not found"  	[MsgId: MWAR-26379]
Registration.c(20): Error -26366: "Text=User Information" not found for web_reg_find  	[MsgId: MERR-26366]
Registration.c(20): Error -26374: The above "not found" error(s) may be explained by header and body byte counts being 0 and 0, respectively.  	[MsgId: MERR-26374]
Registration.c(20): web_link("Register Now!") highest severity level was "ERROR", 0 body bytes, 0 header bytes  	[MsgId: MMSG-26388]
Registration.c(20): Notify: Transaction "PetStore_ClickOnRegistration_T01" ended with a "Fail" status (Duration: 0.0010).	[MsgId: MMSG-16873]
Registration.c(20): Notify: Transaction "PetStore_ClickOnRegistration_T01" has 3 error message(s).	[MsgId: MMSG-16818]
Registration.c(20): Notify: The 1st error message associated with transaction "PetStore_ClickOnRegistration_T01" is "Error -27985: There is no context for HTML-based functions. A previous function may not have used "Mode=HTML" or downloaded only non-HTML page(s), or the context has been reset (e.g., due to a GUI-based function)"	[MsgId: MMSG-16819]
Registration.c(20): Notify: The 2nd error message associated with transaction "PetStore_ClickOnRegistration_T01" is "Error -26366: "Text=User Information" not found for web_reg_find"	[MsgId: MMSG-16819]
Registration.c(20): Notify: The 3rd error message associated with transaction "PetStore_ClickOnRegistration_T01" is "Error -26374: The above "not found" error(s) may be explained by header and body byte counts being 0 and 0, respectively."	[MsgId: MMSG-16819]
Ending action Login.	[MsgId: MMSG-15918]
Ending iteration 12.	[MsgId: MMSG-15965]
Waiting 7.0430 seconds for iteration pacing.	[MsgId: MMSG-15996]
Action was aborted.	[MsgId: MMSG-10694]
Ending Vuser...	[MsgId: MMSG-15966]
Starting action vuser_end.	[MsgId: MMSG-15919]
vuser_end.c(4): Notify: Transaction "PetStore_SignOut_T01" started.	[MsgId: MMSG-16999]
vuser_end.c(6): web_reg_find started  	[MsgId: MMSG-26355]
vuser_end.c(6): Registering web_reg_find was successful  	[MsgId: MMSG-26390]
vuser_end.c(9): web_url("Account.action_2") started  	[MsgId: MMSG-26355]
Action was aborted.	[MsgId: MMSG-10694]
Ending Vuser...	[MsgId: MMSG-15966]
Starting action vuser_end.	[MsgId: MMSG-15919]
vuser_end.c(4): Notify: Transaction "PetStore_SignOut_T01" started.	[MsgId: MMSG-16999]
vuser_end.c(6): web_reg_find started  	[MsgId: MMSG-26355]
vuser_end.c(6): Registering web_reg_find was successful  	[MsgId: MMSG-26390]
vuser_end.c(9): web_url("Account.action_2") started  	[MsgId: MMSG-26355]
Action was aborted.	[MsgId: MMSG-10694]
Ending Vuser...	[MsgId: MMSG-15966]
Starting action vuser_end.	[MsgId: MMSG-15919]
vuser_end.c(4): Notify: Transaction "PetStore_SignOut_T01" started.	[MsgId: MMSG-16999]
vuser_end.c(6): web_reg_find started  	[MsgId: MMSG-26355]
vuser_end.c(6): Registering web_reg_find was successful  	[MsgId: MMSG-26390]
vuser_end.c(9): web_url("Account.action_2") started  	[MsgId: MMSG-26355]
Action was aborted.	[MsgId: MMSG-10694]
Ending Vuser...	[MsgId: MMSG-15966]
Starting action vuser_end.	[MsgId: MMSG-15919]
vuser_end.c(4): Notify: Transaction "PetStore_SignOut_T01" started.	[MsgId: MMSG-16999]
vuser_end.c(6): web_reg_find started  	[MsgId: MMSG-26355]
vuser_end.c(6): Registering web_reg_find was successful  	[MsgId: MMSG-26390]
vuser_end.c(9): web_url("Account.action_2") started  	[MsgId: MMSG-26355]
Action was aborted.	[MsgId: MMSG-10694]
Ending Vuser...	[MsgId: MMSG-15966]
Starting action vuser_end.	[MsgId: MMSG-15919]
vuser_end.c(4): Notify: Transaction "PetStore_SignOut_T01" started.	[MsgId: MMSG-16999]
vuser_end.c(6): web_reg_find started  	[MsgId: MMSG-26355]
vuser_end.c(6): Registering web_reg_find was successful  	[MsgId: MMSG-26390]
vuser_end.c(9): web_url("Account.action_2") started  	[MsgId: MMSG-26355]
Action was aborted.	[MsgId: MMSG-10694]
Ending Vuser...	[MsgId: MMSG-15966]
Starting action vuser_end.	[MsgId: MMSG-15919]
vuser_end.c(4): Notify: Transaction "PetStore_SignOut_T01" started.	[MsgId: MMSG-16999]
vuser_end.c(6): web_reg_find started  	[MsgId: MMSG-26355]
vuser_end.c(6): Registering web_reg_find was successful  	[MsgId: MMSG-26390]
vuser_end.c(9): web_url("Account.action_2") started  	[MsgId: MMSG-26355]
Action was aborted.	[MsgId: MMSG-10694]
Ending Vuser...	[MsgId: MMSG-15966]
Starting action vuser_end.	[MsgId: MMSG-15919]
vuser_end.c(4): Notify: Transaction "PetStore_SignOut_T01" started.	[MsgId: MMSG-16999]
vuser_end.c(6): web_reg_find started  	[MsgId: MMSG-26355]
vuser_end.c(6): Registering web_reg_find was successful  	[MsgId: MMSG-26390]
vuser_end.c(9): web_url("Account.action_2") started  	[MsgId: MMSG-26355]
Action was aborted.	[MsgId: MMSG-10694]
Ending Vuser...	[MsgId: MMSG-15966]
Starting action vuser_end.	[MsgId: MMSG-15919]
vuser_end.c(4): Notify: Transaction "PetStore_SignOut_T01" started.	[MsgId: MMSG-16999]
vuser_end.c(6): web_reg_find started  	[MsgId: MMSG-26355]
vuser_end.c(6): Registering web_reg_find was successful  	[MsgId: MMSG-26390]
vuser_end.c(9): web_url("Account.action_2") started  	[MsgId: MMSG-26355]
Action was aborted.	[MsgId: MMSG-10694]
Ending Vuser...	[MsgId: MMSG-15966]
Starting action vuser_end.	[MsgId: MMSG-15919]
vuser_end.c(4): Notify: Transaction "PetStore_SignOut_T01" started.	[MsgId: MMSG-16999]
vuser_end.c(6): web_reg_find started  	[MsgId: MMSG-26355]
vuser_end.c(6): Registering web_reg_find was successful  	[MsgId: MMSG-26390]
vuser_end.c(9): web_url("Account.action_2") started  	[MsgId: MMSG-26355]
Action was aborted.	[MsgId: MMSG-10694]
Ending Vuser...	[MsgId: MMSG-15966]
Starting action vuser_end.	[MsgId: MMSG-15919]
vuser_end.c(4): Notify: Transaction "PetStore_SignOut_T01" started.	[MsgId: MMSG-16999]
vuser_end.c(6): web_reg_find started  	[MsgId: MMSG-26355]
vuser_end.c(6): Registering web_reg_find was successful  	[MsgId: MMSG-26390]
vuser_end.c(9): web_url("Account.action_2") started  	[MsgId: MMSG-26355]
vuser_end.c(9): Redirecting "https://petstore.octoperf.com/actions/Account.action?signoff=" (redirection depth is 0)  	[MsgId: MMSG-26694]
vuser_end.c(9): To location "https://petstore.octoperf.com/actions/Catalog.action"  	[MsgId: MMSG-26693]
vuser_end.c(9): Redirecting "https://petstore.octoperf.com/actions/Account.action?signoff=" (redirection depth is 0)  	[MsgId: MMSG-26694]
vuser_end.c(9): To location "https://petstore.octoperf.com/actions/Catalog.action"  	[MsgId: MMSG-26693]
vuser_end.c(9): Redirecting "https://petstore.octoperf.com/actions/Account.action?signoff=" (redirection depth is 0)  	[MsgId: MMSG-26694]
vuser_end.c(9): To location "https://petstore.octoperf.com/actions/Catalog.action"  	[MsgId: MMSG-26693]
vuser_end.c(9): Redirecting "https://petstore.octoperf.com/actions/Account.action?signoff=" (redirection depth is 0)  	[MsgId: MMSG-26694]
vuser_end.c(9): To location "https://petstore.octoperf.com/actions/Catalog.action"  	[MsgId: MMSG-26693]
vuser_end.c(9): Redirecting "https://petstore.octoperf.com/actions/Account.action?signoff=" (redirection depth is 0)  	[MsgId: MMSG-26694]
vuser_end.c(9): To location "https://petstore.octoperf.com/actions/Catalog.action"  	[MsgId: MMSG-26693]
vuser_end.c(9): Redirecting "https://petstore.octoperf.com/actions/Account.action?signoff=" (redirection depth is 0)  	[MsgId: MMSG-26694]
vuser_end.c(9): To location "https://petstore.octoperf.com/actions/Catalog.action"  	[MsgId: MMSG-26693]
vuser_end.c(9): Redirecting "https://petstore.octoperf.com/actions/Account.action?signoff=" (redirection depth is 0)  	[MsgId: MMSG-26694]
vuser_end.c(9): To location "https://petstore.octoperf.com/actions/Catalog.action"  	[MsgId: MMSG-26693]
vuser_end.c(9): Redirecting "https://petstore.octoperf.com/actions/Account.action?signoff=" (redirection depth is 0)  	[MsgId: MMSG-26694]
vuser_end.c(9): To location "https://petstore.octoperf.com/actions/Catalog.action"  	[MsgId: MMSG-26693]
vuser_end.c(9): Redirecting "https://petstore.octoperf.com/actions/Account.action?signoff=" (redirection depth is 0)  	[MsgId: MMSG-26694]
vuser_end.c(9): To location "https://petstore.octoperf.com/actions/Catalog.action"  	[MsgId: MMSG-26693]
vuser_end.c(9): Redirecting "https://petstore.octoperf.com/actions/Account.action?signoff=" (redirection depth is 0)  	[MsgId: MMSG-26694]
vuser_end.c(9): To location "https://petstore.octoperf.com/actions/Catalog.action"  	[MsgId: MMSG-26693]
vuser_end.c(9): Found resource "https://petstore.octoperf.com/css/jpetstore.css" in HTML "https://petstore.octoperf.com/actions/Catalog.action"  	[MsgId: MMSG-26659]
vuser_end.c(9): Found resource "https://petstore.octoperf.com/images/logo-topbar.svg" in HTML "https://petstore.octoperf.com/actions/Catalog.action"  	[MsgId: MMSG-26659]
vuser_end.c(9): Found resource "https://petstore.octoperf.com/images/cart.gif" in HTML "https://petstore.octoperf.com/actions/Catalog.action"  	[MsgId: MMSG-26659]
vuser_end.c(9): Found resource "https://petstore.octoperf.com/images/separator.gif" in HTML "https://petstore.octoperf.com/actions/Catalog.action"  	[MsgId: MMSG-26659]
vuser_end.c(9): Found resource "https://petstore.octoperf.com/images/sm_fish.gif" in HTML "https://petstore.octoperf.com/actions/Catalog.action"  	[MsgId: MMSG-26659]
vuser_end.c(9): Found resource "https://petstore.octoperf.com/images/sm_dogs.gif" in HTML "https://petstore.octoperf.com/actions/Catalog.action"  	[MsgId: MMSG-26659]
vuser_end.c(9): Found resource "https://petstore.octoperf.com/images/sm_reptiles.gif" in HTML "https://petstore.octoperf.com/actions/Catalog.action"  	[MsgId: MMSG-26659]
vuser_end.c(9): Found resource "https://petstore.octoperf.com/images/sm_cats.gif" in HTML "https://petstore.octoperf.com/actions/Catalog.action"  	[MsgId: MMSG-26659]
vuser_end.c(9): Found resource "https://petstore.octoperf.com/images/sm_birds.gif" in HTML "https://petstore.octoperf.com/actions/Catalog.action"  	[MsgId: MMSG-26659]
vuser_end.c(9): Found resource "https://petstore.octoperf.com/images/fish_icon.gif" in HTML "https://petstore.octoperf.com/actions/Catalog.action"  	[MsgId: MMSG-26659]
vuser_end.c(9): Found resource "https://petstore.octoperf.com/images/dogs_icon.gif" in HTML "https://petstore.octoperf.com/actions/Catalog.action"  	[MsgId: MMSG-26659]
vuser_end.c(9): Found resource "https://petstore.octoperf.com/images/cats_icon.gif" in HTML "https://petstore.octoperf.com/actions/Catalog.action"  	[MsgId: MMSG-26659]
vuser_end.c(9): Found resource "https://petstore.octoperf.com/images/reptiles_icon.gif" in HTML "https://petstore.octoperf.com/actions/Catalog.action"  	[MsgId: MMSG-26659]
vuser_end.c(9): Found resource "https://petstore.octoperf.com/images/birds_icon.gif" in HTML "https://petstore.octoperf.com/actions/Catalog.action"  	[MsgId: MMSG-26659]
vuser_end.c(9): Found resource "https://petstore.octoperf.com/images/splash.gif" in HTML "https://petstore.octoperf.com/actions/Catalog.action"  	[MsgId: MMSG-26659]
vuser_end.c(9): Found resource "https://petstore.octoperf.com/css/jpetstore.css" in HTML "https://petstore.octoperf.com/actions/Catalog.action"  	[MsgId: MMSG-26659]
vuser_end.c(9): Found resource "https://petstore.octoperf.com/images/logo-topbar.svg" in HTML "https://petstore.octoperf.com/actions/Catalog.action"  	[MsgId: MMSG-26659]
vuser_end.c(9): Found resource "https://petstore.octoperf.com/images/cart.gif" in HTML "https://petstore.octoperf.com/actions/Catalog.action"  	[MsgId: MMSG-26659]
vuser_end.c(9): Found resource "https://petstore.octoperf.com/css/jpetstore.css" in HTML "https://petstore.octoperf.com/actions/Catalog.action"  	[MsgId: MMSG-26659]
vuser_end.c(9): Found resource "https://petstore.octoperf.com/images/separator.gif" in HTML "https://petstore.octoperf.com/actions/Catalog.action"  	[MsgId: MMSG-26659]
vuser_end.c(9): Found resource "https://petstore.octoperf.com/images/logo-topbar.svg" in HTML "https://petstore.octoperf.com/actions/Catalog.action"  	[MsgId: MMSG-26659]
vuser_end.c(9): Found resource "https://petstore.octoperf.com/images/sm_fish.gif" in HTML "https://petstore.octoperf.com/actions/Catalog.action"  	[MsgId: MMSG-26659]
vuser_end.c(9): Found resource "https://petstore.octoperf.com/images/cart.gif" in HTML "https://petstore.octoperf.com/actions/Catalog.action"  	[MsgId: MMSG-26659]
vuser_end.c(9): Found resource "https://petstore.octoperf.com/images/sm_dogs.gif" in HTML "https://petstore.octoperf.com/actions/Catalog.action"  	[MsgId: MMSG-26659]
vuser_end.c(9): Found resource "https://petstore.octoperf.com/images/separator.gif" in HTML "https://petstore.octoperf.com/actions/Catalog.action"  	[MsgId: MMSG-26659]
vuser_end.c(9): Found resource "https://petstore.octoperf.com/images/sm_reptiles.gif" in HTML "https://petstore.octoperf.com/actions/Catalog.action"  	[MsgId: MMSG-26659]
vuser_end.c(9): Found resource "https://petstore.octoperf.com/images/sm_fish.gif" in HTML "https://petstore.octoperf.com/actions/Catalog.action"  	[MsgId: MMSG-26659]
vuser_end.c(9): Found resource "https://petstore.octoperf.com/images/sm_cats.gif" in HTML "https://petstore.octoperf.com/actions/Catalog.action"  	[MsgId: MMSG-26659]
vuser_end.c(9): Found resource "https://petstore.octoperf.com/images/sm_dogs.gif" in HTML "https://petstore.octoperf.com/actions/Catalog.action"  	[MsgId: MMSG-26659]
vuser_end.c(9): Found resource "https://petstore.octoperf.com/images/sm_birds.gif" in HTML "https://petstore.octoperf.com/actions/Catalog.action"  	[MsgId: MMSG-26659]
vuser_end.c(9): Found resource "https://petstore.octoperf.com/images/sm_reptiles.gif" in HTML "https://petstore.octoperf.com/actions/Catalog.action"  	[MsgId: MMSG-26659]
vuser_end.c(9): Found resource "https://petstore.octoperf.com/images/fish_icon.gif" in HTML "https://petstore.octoperf.com/actions/Catalog.action"  	[MsgId: MMSG-26659]
vuser_end.c(9): Found resource "https://petstore.octoperf.com/images/sm_cats.gif" in HTML "https://petstore.octoperf.com/actions/Catalog.action"  	[MsgId: MMSG-26659]
vuser_end.c(9): Found resource "https://petstore.octoperf.com/images/dogs_icon.gif" in HTML "https://petstore.octoperf.com/actions/Catalog.action"  	[MsgId: MMSG-26659]
vuser_end.c(9): Found resource "https://petstore.octoperf.com/images/sm_birds.gif" in HTML "https://petstore.octoperf.com/actions/Catalog.action"  	[MsgId: MMSG-26659]
vuser_end.c(9): Found resource "https://petstore.octoperf.com/images/cats_icon.gif" in HTML "https://petstore.octoperf.com/actions/Catalog.action"  	[MsgId: MMSG-26659]
vuser_end.c(9): Found resource "https://petstore.octoperf.com/images/fish_icon.gif" in HTML "https://petstore.octoperf.com/actions/Catalog.action"  	[MsgId: MMSG-26659]
vuser_end.c(9): Found resource "https://petstore.octoperf.com/images/reptiles_icon.gif" in HTML "https://petstore.octoperf.com/actions/Catalog.action"  	[MsgId: MMSG-26659]
vuser_end.c(9): Found resource "https://petstore.octoperf.com/images/dogs_icon.gif" in HTML "https://petstore.octoperf.com/actions/Catalog.action"  	[MsgId: MMSG-26659]
vuser_end.c(9): Found resource "https://petstore.octoperf.com/images/birds_icon.gif" in HTML "https://petstore.octoperf.com/actions/Catalog.action"  	[MsgId: MMSG-26659]
vuser_end.c(9): Found resource "https://petstore.octoperf.com/images/cats_icon.gif" in HTML "https://petstore.octoperf.com/actions/Catalog.action"  	[MsgId: MMSG-26659]
vuser_end.c(9): Found resource "https://petstore.octoperf.com/images/reptiles_icon.gif" in HTML "https://petstore.octoperf.com/actions/Catalog.action"  	[MsgId: MMSG-26659]
vuser_end.c(9): Found resource "https://petstore.octoperf.com/images/splash.gif" in HTML "https://petstore.octoperf.com/actions/Catalog.action"  	[MsgId: MMSG-26659]
vuser_end.c(9): Found resource "https://petstore.octoperf.com/images/birds_icon.gif" in HTML "https://petstore.octoperf.com/actions/Catalog.action"  	[MsgId: MMSG-26659]
vuser_end.c(9): Found resource "https://petstore.octoperf.com/images/splash.gif" in HTML "https://petstore.octoperf.com/actions/Catalog.action"  	[MsgId: MMSG-26659]
vuser_end.c(9): Found resource "https://petstore.octoperf.com/css/jpetstore.css" in HTML "https://petstore.octoperf.com/actions/Catalog.action"  	[MsgId: MMSG-26659]
vuser_end.c(9): Found resource "https://petstore.octoperf.com/images/logo-topbar.svg" in HTML "https://petstore.octoperf.com/actions/Catalog.action"  	[MsgId: MMSG-26659]
vuser_end.c(9): Found resource "https://petstore.octoperf.com/images/cart.gif" in HTML "https://petstore.octoperf.com/actions/Catalog.action"  	[MsgId: MMSG-26659]
vuser_end.c(9): Found resource "https://petstore.octoperf.com/images/separator.gif" in HTML "https://petstore.octoperf.com/actions/Catalog.action"  	[MsgId: MMSG-26659]
vuser_end.c(9): Found resource "https://petstore.octoperf.com/images/sm_fish.gif" in HTML "https://petstore.octoperf.com/actions/Catalog.action"  	[MsgId: MMSG-26659]
vuser_end.c(9): Found resource "https://petstore.octoperf.com/images/sm_dogs.gif" in HTML "https://petstore.octoperf.com/actions/Catalog.action"  	[MsgId: MMSG-26659]
vuser_end.c(9): Found resource "https://petstore.octoperf.com/images/sm_reptiles.gif" in HTML "https://petstore.octoperf.com/actions/Catalog.action"  	[MsgId: MMSG-26659]
vuser_end.c(9): Found resource "https://petstore.octoperf.com/images/sm_cats.gif" in HTML "https://petstore.octoperf.com/actions/Catalog.action"  	[MsgId: MMSG-26659]
vuser_end.c(9): Found resource "https://petstore.octoperf.com/images/sm_birds.gif" in HTML "https://petstore.octoperf.com/actions/Catalog.action"  	[MsgId: MMSG-26659]
vuser_end.c(9): Found resource "https://petstore.octoperf.com/images/fish_icon.gif" in HTML "https://petstore.octoperf.com/actions/Catalog.action"  	[MsgId: MMSG-26659]
vuser_end.c(9): Found resource "https://petstore.octoperf.com/images/dogs_icon.gif" in HTML "https://petstore.octoperf.com/actions/Catalog.action"  	[MsgId: MMSG-26659]
vuser_end.c(9): Found resource "https://petstore.octoperf.com/images/cats_icon.gif" in HTML "https://petstore.octoperf.com/actions/Catalog.action"  	[MsgId: MMSG-26659]
vuser_end.c(9): Found resource "https://petstore.octoperf.com/images/reptiles_icon.gif" in HTML "https://petstore.octoperf.com/actions/Catalog.action"  	[MsgId: MMSG-26659]
vuser_end.c(9): Found resource "https://petstore.octoperf.com/images/birds_icon.gif" in HTML "https://petstore.octoperf.com/actions/Catalog.action"  	[MsgId: MMSG-26659]
vuser_end.c(9): Found resource "https://petstore.octoperf.com/images/splash.gif" in HTML "https://petstore.octoperf.com/actions/Catalog.action"  	[MsgId: MMSG-26659]
vuser_end.c(9): Found resource "https://petstore.octoperf.com/css/jpetstore.css" in HTML "https://petstore.octoperf.com/actions/Catalog.action"  	[MsgId: MMSG-26659]
vuser_end.c(9): Found resource "https://petstore.octoperf.com/images/logo-topbar.svg" in HTML "https://petstore.octoperf.com/actions/Catalog.action"  	[MsgId: MMSG-26659]
vuser_end.c(9): Found resource "https://petstore.octoperf.com/images/cart.gif" in HTML "https://petstore.octoperf.com/actions/Catalog.action"  	[MsgId: MMSG-26659]
vuser_end.c(9): Found resource "https://petstore.octoperf.com/images/separator.gif" in HTML "https://petstore.octoperf.com/actions/Catalog.action"  	[MsgId: MMSG-26659]
vuser_end.c(9): Found resource "https://petstore.octoperf.com/images/sm_fish.gif" in HTML "https://petstore.octoperf.com/actions/Catalog.action"  	[MsgId: MMSG-26659]
vuser_end.c(9): Found resource "https://petstore.octoperf.com/images/sm_dogs.gif" in HTML "https://petstore.octoperf.com/actions/Catalog.action"  	[MsgId: MMSG-26659]
vuser_end.c(9): Found resource "https://petstore.octoperf.com/images/sm_reptiles.gif" in HTML "https://petstore.octoperf.com/actions/Catalog.action"  	[MsgId: MMSG-26659]
vuser_end.c(9): Found resource "https://petstore.octoperf.com/images/sm_cats.gif" in HTML "https://petstore.octoperf.com/actions/Catalog.action"  	[MsgId: MMSG-26659]
vuser_end.c(9): Found resource "https://petstore.octoperf.com/images/sm_birds.gif" in HTML "https://petstore.octoperf.com/actions/Catalog.action"  	[MsgId: MMSG-26659]
vuser_end.c(9): Found resource "https://petstore.octoperf.com/images/fish_icon.gif" in HTML "https://petstore.octoperf.com/actions/Catalog.action"  	[MsgId: MMSG-26659]
vuser_end.c(9): Found resource "https://petstore.octoperf.com/images/dogs_icon.gif" in HTML "https://petstore.octoperf.com/actions/Catalog.action"  	[MsgId: MMSG-26659]
vuser_end.c(9): Found resource "https://petstore.octoperf.com/images/cats_icon.gif" in HTML "https://petstore.octoperf.com/actions/Catalog.action"  	[MsgId: MMSG-26659]
vuser_end.c(9): Found resource "https://petstore.octoperf.com/images/reptiles_icon.gif" in HTML "https://petstore.octoperf.com/actions/Catalog.action"  	[MsgId: MMSG-26659]
vuser_end.c(9): Found resource "https://petstore.octoperf.com/images/birds_icon.gif" in HTML "https://petstore.octoperf.com/actions/Catalog.action"  	[MsgId: MMSG-26659]
vuser_end.c(9): Found resource "https://petstore.octoperf.com/images/splash.gif" in HTML "https://petstore.octoperf.com/actions/Catalog.action"  	[MsgId: MMSG-26659]
vuser_end.c(9): Found resource "https://petstore.octoperf.com/css/jpetstore.css" in HTML "https://petstore.octoperf.com/actions/Catalog.action"  	[MsgId: MMSG-26659]
vuser_end.c(9): Found resource "https://petstore.octoperf.com/images/logo-topbar.svg" in HTML "https://petstore.octoperf.com/actions/Catalog.action"  	[MsgId: MMSG-26659]
vuser_end.c(9): Found resource "https://petstore.octoperf.com/images/cart.gif" in HTML "https://petstore.octoperf.com/actions/Catalog.action"  	[MsgId: MMSG-26659]
vuser_end.c(9): Found resource "https://petstore.octoperf.com/images/separator.gif" in HTML "https://petstore.octoperf.com/actions/Catalog.action"  	[MsgId: MMSG-26659]
vuser_end.c(9): Found resource "https://petstore.octoperf.com/images/sm_fish.gif" in HTML "https://petstore.octoperf.com/actions/Catalog.action"  	[MsgId: MMSG-26659]
vuser_end.c(9): Found resource "https://petstore.octoperf.com/images/sm_dogs.gif" in HTML "https://petstore.octoperf.com/actions/Catalog.action"  	[MsgId: MMSG-26659]
vuser_end.c(9): Found resource "https://petstore.octoperf.com/images/sm_reptiles.gif" in HTML "https://petstore.octoperf.com/actions/Catalog.action"  	[MsgId: MMSG-26659]
vuser_end.c(9): Found resource "https://petstore.octoperf.com/images/sm_cats.gif" in HTML "https://petstore.octoperf.com/actions/Catalog.action"  	[MsgId: MMSG-26659]
vuser_end.c(9): Found resource "https://petstore.octoperf.com/images/sm_birds.gif" in HTML "https://petstore.octoperf.com/actions/Catalog.action"  	[MsgId: MMSG-26659]
vuser_end.c(9): Found resource "https://petstore.octoperf.com/images/fish_icon.gif" in HTML "https://petstore.octoperf.com/actions/Catalog.action"  	[MsgId: MMSG-26659]
vuser_end.c(9): Found resource "https://petstore.octoperf.com/images/dogs_icon.gif" in HTML "https://petstore.octoperf.com/actions/Catalog.action"  	[MsgId: MMSG-26659]
vuser_end.c(9): Found resource "https://petstore.octoperf.com/images/cats_icon.gif" in HTML "https://petstore.octoperf.com/actions/Catalog.action"  	[MsgId: MMSG-26659]
vuser_end.c(9): Found resource "https://petstore.octoperf.com/images/reptiles_icon.gif" in HTML "https://petstore.octoperf.com/actions/Catalog.action"  	[MsgId: MMSG-26659]
vuser_end.c(9): Found resource "https://petstore.octoperf.com/images/birds_icon.gif" in HTML "https://petstore.octoperf.com/actions/Catalog.action"  	[MsgId: MMSG-26659]
vuser_end.c(9): Found resource "https://petstore.octoperf.com/images/splash.gif" in HTML "https://petstore.octoperf.com/actions/Catalog.action"  	[MsgId: MMSG-26659]
vuser_end.c(9): Found resource "https://petstore.octoperf.com/css/jpetstore.css" in HTML "https://petstore.octoperf.com/actions/Catalog.action"  	[MsgId: MMSG-26659]
vuser_end.c(9): Found resource "https://petstore.octoperf.com/images/logo-topbar.svg" in HTML "https://petstore.octoperf.com/actions/Catalog.action"  	[MsgId: MMSG-26659]
vuser_end.c(9): Found resource "https://petstore.octoperf.com/images/cart.gif" in HTML "https://petstore.octoperf.com/actions/Catalog.action"  	[MsgId: MMSG-26659]
vuser_end.c(9): Found resource "https://petstore.octoperf.com/images/separator.gif" in HTML "https://petstore.octoperf.com/actions/Catalog.action"  	[MsgId: MMSG-26659]
vuser_end.c(9): Found resource "https://petstore.octoperf.com/images/sm_fish.gif" in HTML "https://petstore.octoperf.com/actions/Catalog.action"  	[MsgId: MMSG-26659]
vuser_end.c(9): Found resource "https://petstore.octoperf.com/images/sm_dogs.gif" in HTML "https://petstore.octoperf.com/actions/Catalog.action"  	[MsgId: MMSG-26659]
vuser_end.c(9): Found resource "https://petstore.octoperf.com/images/sm_reptiles.gif" in HTML "https://petstore.octoperf.com/actions/Catalog.action"  	[MsgId: MMSG-26659]
vuser_end.c(9): Found resource "https://petstore.octoperf.com/images/sm_cats.gif" in HTML "https://petstore.octoperf.com/actions/Catalog.action"  	[MsgId: MMSG-26659]
vuser_end.c(9): Found resource "https://petstore.octoperf.com/images/sm_birds.gif" in HTML "https://petstore.octoperf.com/actions/Catalog.action"  	[MsgId: MMSG-26659]
vuser_end.c(9): Found resource "https://petstore.octoperf.com/images/fish_icon.gif" in HTML "https://petstore.octoperf.com/actions/Catalog.action"  	[MsgId: MMSG-26659]
vuser_end.c(9): Found resource "https://petstore.octoperf.com/images/dogs_icon.gif" in HTML "https://petstore.octoperf.com/actions/Catalog.action"  	[MsgId: MMSG-26659]
vuser_end.c(9): Found resource "https://petstore.octoperf.com/images/cats_icon.gif" in HTML "https://petstore.octoperf.com/actions/Catalog.action"  	[MsgId: MMSG-26659]
vuser_end.c(9): Found resource "https://petstore.octoperf.com/images/reptiles_icon.gif" in HTML "https://petstore.octoperf.com/actions/Catalog.action"  	[MsgId: MMSG-26659]
vuser_end.c(9): Found resource "https://petstore.octoperf.com/images/birds_icon.gif" in HTML "https://petstore.octoperf.com/actions/Catalog.action"  	[MsgId: MMSG-26659]
vuser_end.c(9): Found resource "https://petstore.octoperf.com/images/splash.gif" in HTML "https://petstore.octoperf.com/actions/Catalog.action"  	[MsgId: MMSG-26659]
vuser_end.c(9): Found resource "https://petstore.octoperf.com/css/jpetstore.css" in HTML "https://petstore.octoperf.com/actions/Catalog.action"  	[MsgId: MMSG-26659]
vuser_end.c(9): Found resource "https://petstore.octoperf.com/images/logo-topbar.svg" in HTML "https://petstore.octoperf.com/actions/Catalog.action"  	[MsgId: MMSG-26659]
vuser_end.c(9): Found resource "https://petstore.octoperf.com/images/cart.gif" in HTML "https://petstore.octoperf.com/actions/Catalog.action"  	[MsgId: MMSG-26659]
vuser_end.c(9): Found resource "https://petstore.octoperf.com/images/separator.gif" in HTML "https://petstore.octoperf.com/actions/Catalog.action"  	[MsgId: MMSG-26659]
vuser_end.c(9): Found resource "https://petstore.octoperf.com/images/sm_fish.gif" in HTML "https://petstore.octoperf.com/actions/Catalog.action"  	[MsgId: MMSG-26659]
vuser_end.c(9): Found resource "https://petstore.octoperf.com/images/sm_dogs.gif" in HTML "https://petstore.octoperf.com/actions/Catalog.action"  	[MsgId: MMSG-26659]
vuser_end.c(9): Found resource "https://petstore.octoperf.com/images/sm_reptiles.gif" in HTML "https://petstore.octoperf.com/actions/Catalog.action"  	[MsgId: MMSG-26659]
vuser_end.c(9): Found resource "https://petstore.octoperf.com/images/sm_cats.gif" in HTML "https://petstore.octoperf.com/actions/Catalog.action"  	[MsgId: MMSG-26659]
vuser_end.c(9): Found resource "https://petstore.octoperf.com/images/sm_birds.gif" in HTML "https://petstore.octoperf.com/actions/Catalog.action"  	[MsgId: MMSG-26659]
vuser_end.c(9): Found resource "https://petstore.octoperf.com/images/fish_icon.gif" in HTML "https://petstore.octoperf.com/actions/Catalog.action"  	[MsgId: MMSG-26659]
vuser_end.c(9): Found resource "https://petstore.octoperf.com/images/dogs_icon.gif" in HTML "https://petstore.octoperf.com/actions/Catalog.action"  	[MsgId: MMSG-26659]
vuser_end.c(9): Found resource "https://petstore.octoperf.com/images/cats_icon.gif" in HTML "https://petstore.octoperf.com/actions/Catalog.action"  	[MsgId: MMSG-26659]
vuser_end.c(9): Found resource "https://petstore.octoperf.com/images/reptiles_icon.gif" in HTML "https://petstore.octoperf.com/actions/Catalog.action"  	[MsgId: MMSG-26659]
vuser_end.c(9): Found resource "https://petstore.octoperf.com/images/birds_icon.gif" in HTML "https://petstore.octoperf.com/actions/Catalog.action"  	[MsgId: MMSG-26659]
vuser_end.c(9): Found resource "https://petstore.octoperf.com/images/splash.gif" in HTML "https://petstore.octoperf.com/actions/Catalog.action"  	[MsgId: MMSG-26659]
vuser_end.c(9): Found resource "https://petstore.octoperf.com/css/jpetstore.css" in HTML "https://petstore.octoperf.com/actions/Catalog.action"  	[MsgId: MMSG-26659]
vuser_end.c(9): Found resource "https://petstore.octoperf.com/images/logo-topbar.svg" in HTML "https://petstore.octoperf.com/actions/Catalog.action"  	[MsgId: MMSG-26659]
vuser_end.c(9): Found resource "https://petstore.octoperf.com/images/cart.gif" in HTML "https://petstore.octoperf.com/actions/Catalog.action"  	[MsgId: MMSG-26659]
vuser_end.c(9): Found resource "https://petstore.octoperf.com/images/separator.gif" in HTML "https://petstore.octoperf.com/actions/Catalog.action"  	[MsgId: MMSG-26659]
vuser_end.c(9): Found resource "https://petstore.octoperf.com/images/sm_fish.gif" in HTML "https://petstore.octoperf.com/actions/Catalog.action"  	[MsgId: MMSG-26659]
vuser_end.c(9): Found resource "https://petstore.octoperf.com/images/sm_dogs.gif" in HTML "https://petstore.octoperf.com/actions/Catalog.action"  	[MsgId: MMSG-26659]
vuser_end.c(9): Found resource "https://petstore.octoperf.com/images/sm_reptiles.gif" in HTML "https://petstore.octoperf.com/actions/Catalog.action"  	[MsgId: MMSG-26659]
vuser_end.c(9): Found resource "https://petstore.octoperf.com/images/sm_cats.gif" in HTML "https://petstore.octoperf.com/actions/Catalog.action"  	[MsgId: MMSG-26659]
vuser_end.c(9): Found resource "https://petstore.octoperf.com/images/sm_birds.gif" in HTML "https://petstore.octoperf.com/actions/Catalog.action"  	[MsgId: MMSG-26659]
vuser_end.c(9): Found resource "https://petstore.octoperf.com/images/fish_icon.gif" in HTML "https://petstore.octoperf.com/actions/Catalog.action"  	[MsgId: MMSG-26659]
vuser_end.c(9): Found resource "https://petstore.octoperf.com/images/dogs_icon.gif" in HTML "https://petstore.octoperf.com/actions/Catalog.action"  	[MsgId: MMSG-26659]
vuser_end.c(9): Found resource "https://petstore.octoperf.com/images/cats_icon.gif" in HTML "https://petstore.octoperf.com/actions/Catalog.action"  	[MsgId: MMSG-26659]
vuser_end.c(9): Found resource "https://petstore.octoperf.com/images/reptiles_icon.gif" in HTML "https://petstore.octoperf.com/actions/Catalog.action"  	[MsgId: MMSG-26659]
vuser_end.c(9): Found resource "https://petstore.octoperf.com/images/birds_icon.gif" in HTML "https://petstore.octoperf.com/actions/Catalog.action"  	[MsgId: MMSG-26659]
vuser_end.c(9): Found resource "https://petstore.octoperf.com/images/splash.gif" in HTML "https://petstore.octoperf.com/actions/Catalog.action"  	[MsgId: MMSG-26659]
vuser_end.c(9): Found resource "https://petstore.octoperf.com/css/jpetstore.css" in HTML "https://petstore.octoperf.com/actions/Catalog.action"  	[MsgId: MMSG-26659]
vuser_end.c(9): Found resource "https://petstore.octoperf.com/images/logo-topbar.svg" in HTML "https://petstore.octoperf.com/actions/Catalog.action"  	[MsgId: MMSG-26659]
vuser_end.c(9): Found resource "https://petstore.octoperf.com/images/cart.gif" in HTML "https://petstore.octoperf.com/actions/Catalog.action"  	[MsgId: MMSG-26659]
vuser_end.c(9): Found resource "https://petstore.octoperf.com/images/separator.gif" in HTML "https://petstore.octoperf.com/actions/Catalog.action"  	[MsgId: MMSG-26659]
vuser_end.c(9): Found resource "https://petstore.octoperf.com/images/sm_fish.gif" in HTML "https://petstore.octoperf.com/actions/Catalog.action"  	[MsgId: MMSG-26659]
vuser_end.c(9): Found resource "https://petstore.octoperf.com/images/sm_dogs.gif" in HTML "https://petstore.octoperf.com/actions/Catalog.action"  	[MsgId: MMSG-26659]
vuser_end.c(9): Found resource "https://petstore.octoperf.com/images/sm_reptiles.gif" in HTML "https://petstore.octoperf.com/actions/Catalog.action"  	[MsgId: MMSG-26659]
vuser_end.c(9): Found resource "https://petstore.octoperf.com/images/sm_cats.gif" in HTML "https://petstore.octoperf.com/actions/Catalog.action"  	[MsgId: MMSG-26659]
vuser_end.c(9): Found resource "https://petstore.octoperf.com/images/sm_birds.gif" in HTML "https://petstore.octoperf.com/actions/Catalog.action"  	[MsgId: MMSG-26659]
vuser_end.c(9): Found resource "https://petstore.octoperf.com/images/fish_icon.gif" in HTML "https://petstore.octoperf.com/actions/Catalog.action"  	[MsgId: MMSG-26659]
vuser_end.c(9): Found resource "https://petstore.octoperf.com/images/dogs_icon.gif" in HTML "https://petstore.octoperf.com/actions/Catalog.action"  	[MsgId: MMSG-26659]
vuser_end.c(9): Found resource "https://petstore.octoperf.com/images/cats_icon.gif" in HTML "https://petstore.octoperf.com/actions/Catalog.action"  	[MsgId: MMSG-26659]
vuser_end.c(9): Found resource "https://petstore.octoperf.com/images/reptiles_icon.gif" in HTML "https://petstore.octoperf.com/actions/Catalog.action"  	[MsgId: MMSG-26659]
vuser_end.c(9): Found resource "https://petstore.octoperf.com/images/birds_icon.gif" in HTML "https://petstore.octoperf.com/actions/Catalog.action"  	[MsgId: MMSG-26659]
vuser_end.c(9): Found resource "https://petstore.octoperf.com/images/splash.gif" in HTML "https://petstore.octoperf.com/actions/Catalog.action"  	[MsgId: MMSG-26659]
vuser_end.c(9): Registered web_reg_find successful for "Text=Sign In" (count=1)  	[MsgId: MMSG-26364]
vuser_end.c(9): web_url("Account.action_2") was successful, 68770 body bytes, 4836 header bytes  	[MsgId: MMSG-26386]
vuser_end.c(18): Notify: Transaction "PetStore_SignOut_T01" ended with a "Pass" status (Duration: 1.3376 Wasted Time: 0.0002).	[MsgId: MMSG-16871]
vuser_end.c(20): Script Exection done sucessfully	[MsgId: MMSG-17999]
vuser_end.c(21): web_cache_cleanup started  	[MsgId: MMSG-26355]
vuser_end.c(21): web_cache_cleanup was successful  	[MsgId: MMSG-26392]
vuser_end.c(22): web_cleanup_cookies started  	[MsgId: MMSG-26355]
vuser_end.c(22): web_cleanup_cookies was successful  	[MsgId: MMSG-26392]
Ending action vuser_end.	[MsgId: MMSG-15918]
Vuser Terminated.	[MsgId: MMSG-15963]
Vuser 2 (thread 2608), ended OK."	[MsgId: MMSG-10695]
vuser_end.c(9): Registered web_reg_find successful for "Text=Sign In" (count=1)  	[MsgId: MMSG-26364]
vuser_end.c(9): web_url("Account.action_2") was successful, 68770 body bytes, 4836 header bytes  	[MsgId: MMSG-26386]
vuser_end.c(18): Notify: Transaction "PetStore_SignOut_T01" ended with a "Pass" status (Duration: 1.3455 Wasted Time: 0.0002).	[MsgId: MMSG-16871]
vuser_end.c(20): Script Exection done sucessfully	[MsgId: MMSG-17999]
vuser_end.c(21): web_cache_cleanup started  	[MsgId: MMSG-26355]
vuser_end.c(21): web_cache_cleanup was successful  	[MsgId: MMSG-26392]
vuser_end.c(22): web_cleanup_cookies started  	[MsgId: MMSG-26355]
vuser_end.c(22): web_cleanup_cookies was successful  	[MsgId: MMSG-26392]
Ending action vuser_end.	[MsgId: MMSG-15918]
Vuser Terminated.	[MsgId: MMSG-15963]
Vuser 0 (thread 3984), ended OK."	[MsgId: MMSG-10695]
vuser_end.c(9): Registered web_reg_find successful for "Text=Sign In" (count=1)  	[MsgId: MMSG-26364]
vuser_end.c(9): web_url("Account.action_2") was successful, 68770 body bytes, 4836 header bytes  	[MsgId: MMSG-26386]
vuser_end.c(18): Notify: Transaction "PetStore_SignOut_T01" ended with a "Pass" status (Duration: 1.6783 Wasted Time: 0.0002).	[MsgId: MMSG-16871]
vuser_end.c(20): Script Exection done sucessfully	[MsgId: MMSG-17999]
vuser_end.c(21): web_cache_cleanup started  	[MsgId: MMSG-26355]
vuser_end.c(21): web_cache_cleanup was successful  	[MsgId: MMSG-26392]
vuser_end.c(22): web_cleanup_cookies started  	[MsgId: MMSG-26355]
vuser_end.c(22): web_cleanup_cookies was successful  	[MsgId: MMSG-26392]
Ending action vuser_end.	[MsgId: MMSG-15918]
Vuser Terminated.	[MsgId: MMSG-15963]
Vuser 5 (thread 1724), ended OK."	[MsgId: MMSG-10695]
vuser_end.c(9): Registered web_reg_find successful for "Text=Sign In" (count=1)  	[MsgId: MMSG-26364]
vuser_end.c(9): web_url("Account.action_2") was successful, 68770 body bytes, 4836 header bytes  	[MsgId: MMSG-26386]
vuser_end.c(18): Notify: Transaction "PetStore_SignOut_T01" ended with a "Pass" status (Duration: 2.1911 Wasted Time: 0.0002).	[MsgId: MMSG-16871]
vuser_end.c(20): Script Exection done sucessfully	[MsgId: MMSG-17999]
vuser_end.c(21): web_cache_cleanup started  	[MsgId: MMSG-26355]
vuser_end.c(21): web_cache_cleanup was successful  	[MsgId: MMSG-26392]
vuser_end.c(22): web_cleanup_cookies started  	[MsgId: MMSG-26355]
vuser_end.c(22): web_cleanup_cookies was successful  	[MsgId: MMSG-26392]
Ending action vuser_end.	[MsgId: MMSG-15918]
Vuser Terminated.	[MsgId: MMSG-15963]
Vuser 8 (thread 352), ended OK."	[MsgId: MMSG-10695]
vuser_end.c(9): Registered web_reg_find successful for "Text=Sign In" (count=1)  	[MsgId: MMSG-26364]
vuser_end.c(9): web_url("Account.action_2") was successful, 68770 body bytes, 4836 header bytes  	[MsgId: MMSG-26386]
vuser_end.c(18): Notify: Transaction "PetStore_SignOut_T01" ended with a "Pass" status (Duration: 2.3101 Wasted Time: 0.0002).	[MsgId: MMSG-16871]
vuser_end.c(20): Script Exection done sucessfully	[MsgId: MMSG-17999]
vuser_end.c(21): web_cache_cleanup started  	[MsgId: MMSG-26355]
vuser_end.c(21): web_cache_cleanup was successful  	[MsgId: MMSG-26392]
vuser_end.c(22): web_cleanup_cookies started  	[MsgId: MMSG-26355]
vuser_end.c(22): web_cleanup_cookies was successful  	[MsgId: MMSG-26392]
Ending action vuser_end.	[MsgId: MMSG-15918]
Vuser Terminated.	[MsgId: MMSG-15963]
Vuser 9 (thread 3376), ended OK."	[MsgId: MMSG-10695]
vuser_end.c(9): Registered web_reg_find successful for "Text=Sign In" (count=1)  	[MsgId: MMSG-26364]
vuser_end.c(9): web_url("Account.action_2") was successful, 68770 body bytes, 4836 header bytes  	[MsgId: MMSG-26386]
vuser_end.c(18): Notify: Transaction "PetStore_SignOut_T01" ended with a "Pass" status (Duration: 2.4856 Wasted Time: 0.0002).	[MsgId: MMSG-16871]
vuser_end.c(20): Script Exection done sucessfully	[MsgId: MMSG-17999]
vuser_end.c(21): web_cache_cleanup started  	[MsgId: MMSG-26355]
vuser_end.c(21): web_cache_cleanup was successful  	[MsgId: MMSG-26392]
vuser_end.c(22): web_cleanup_cookies started  	[MsgId: MMSG-26355]
vuser_end.c(22): web_cleanup_cookies was successful  	[MsgId: MMSG-26392]
Ending action vuser_end.	[MsgId: MMSG-15918]
Vuser Terminated.	[MsgId: MMSG-15963]
Vuser 1 (thread 6792), ended OK."	[MsgId: MMSG-10695]
vuser_end.c(9): Registered web_reg_find successful for "Text=Sign In" (count=1)  	[MsgId: MMSG-26364]
vuser_end.c(9): web_url("Account.action_2") was successful, 68770 body bytes, 4836 header bytes  	[MsgId: MMSG-26386]
vuser_end.c(18): Notify: Transaction "PetStore_SignOut_T01" ended with a "Pass" status (Duration: 2.5305 Wasted Time: 0.0002).	[MsgId: MMSG-16871]
vuser_end.c(20): Script Exection done sucessfully	[MsgId: MMSG-17999]
vuser_end.c(21): web_cache_cleanup started  	[MsgId: MMSG-26355]
vuser_end.c(21): web_cache_cleanup was successful  	[MsgId: MMSG-26392]
vuser_end.c(22): web_cleanup_cookies started  	[MsgId: MMSG-26355]
vuser_end.c(22): web_cleanup_cookies was successful  	[MsgId: MMSG-26392]
Ending action vuser_end.	[MsgId: MMSG-15918]
Vuser Terminated.	[MsgId: MMSG-15963]
Vuser 7 (thread 2820), ended OK."	[MsgId: MMSG-10695]
vuser_end.c(9): Registered web_reg_find successful for "Text=Sign In" (count=1)  	[MsgId: MMSG-26364]
vuser_end.c(9): web_url("Account.action_2") was successful, 68770 body bytes, 4836 header bytes  	[MsgId: MMSG-26386]
vuser_end.c(18): Notify: Transaction "PetStore_SignOut_T01" ended with a "Pass" status (Duration: 2.6714 Wasted Time: 0.0002).	[MsgId: MMSG-16871]
vuser_end.c(20): Script Exection done sucessfully	[MsgId: MMSG-17999]
vuser_end.c(21): web_cache_cleanup started  	[MsgId: MMSG-26355]
vuser_end.c(21): web_cache_cleanup was successful  	[MsgId: MMSG-26392]
vuser_end.c(22): web_cleanup_cookies started  	[MsgId: MMSG-26355]
vuser_end.c(22): web_cleanup_cookies was successful  	[MsgId: MMSG-26392]
Ending action vuser_end.	[MsgId: MMSG-15918]
Vuser Terminated.	[MsgId: MMSG-15963]
vuser_end.c(9): Registered web_reg_find successful for "Text=Sign In" (count=1)  	[MsgId: MMSG-26364]
vuser_end.c(9): web_url("Account.action_2") was successful, 68770 body bytes, 4836 header bytes  	[MsgId: MMSG-26386]
vuser_end.c(18): Notify: Transaction "PetStore_SignOut_T01" ended with a "Pass" status (Duration: 2.9826 Wasted Time: 0.0002).	[MsgId: MMSG-16871]
vuser_end.c(20): Script Exection done sucessfully	[MsgId: MMSG-17999]
vuser_end.c(21): web_cache_cleanup started  	[MsgId: MMSG-26355]
vuser_end.c(21): web_cache_cleanup was successful  	[MsgId: MMSG-26392]
vuser_end.c(22): web_cleanup_cookies started  	[MsgId: MMSG-26355]
vuser_end.c(22): web_cleanup_cookies was successful  	[MsgId: MMSG-26392]
Ending action vuser_end.	[MsgId: MMSG-15918]
Vuser Terminated.	[MsgId: MMSG-15963]
Vuser 6 (thread 4520), ended OK."	[MsgId: MMSG-10695]
Vuser 4 (thread 1552), ended OK."	[MsgId: MMSG-10695]
vuser_end.c(9): Registered web_reg_find successful for "Text=Sign In" (count=1)  	[MsgId: MMSG-26364]
vuser_end.c(9): web_url("Account.action_2") was successful, 68770 body bytes, 4836 header bytes  	[MsgId: MMSG-26386]
vuser_end.c(18): Notify: Transaction "PetStore_SignOut_T01" ended with a "Pass" status (Duration: 3.1535 Wasted Time: 0.0002).	[MsgId: MMSG-16871]
vuser_end.c(20): Script Exection done sucessfully	[MsgId: MMSG-17999]
vuser_end.c(21): web_cache_cleanup started  	[MsgId: MMSG-26355]
vuser_end.c(21): web_cache_cleanup was successful  	[MsgId: MMSG-26392]
vuser_end.c(22): web_cleanup_cookies started  	[MsgId: MMSG-26355]
vuser_end.c(22): web_cleanup_cookies was successful  	[MsgId: MMSG-26392]
Ending action vuser_end.	[MsgId: MMSG-15918]
Vuser Terminated.	[MsgId: MMSG-15963]
Vuser 3 (thread 1084), ended OK."	[MsgId: MMSG-10695]
