CheckOutThProduct.c(7): Resource "https://petstore.octoperf.com/images/sm_fish.gif" is in the cache already and will not be downloaded again  	[MsgId: MMSG-26655]
CheckOutThProduct.c(7): Resource "https://petstore.octoperf.com/images/sm_dogs.gif" is in the cache already and will not be downloaded again  	[MsgId: MMSG-26655]
CheckOutThProduct.c(7): Resource "https://petstore.octoperf.com/images/sm_reptiles.gif" is in the cache already and will not be downloaded again  	[MsgId: MMSG-26655]
CheckOutThProduct.c(7): Resource "https://petstore.octoperf.com/images/sm_cats.gif" is in the cache already and will not be downloaded again  	[MsgId: MMSG-26655]
CheckOutThProduct.c(7): Resource "https://petstore.octoperf.com/images/sm_birds.gif" is in the cache already and will not be downloaded again  	[MsgId: MMSG-26655]
CheckOutThProduct.c(7): Resource "https://petstore.octoperf.com/images/banner_fish.gif" is in the cache already and will not be downloaded again  	[MsgId: MMSG-26655]
CheckOutThProduct.c(7): Registered web_reg_find successful for "Text=Shopping Cart" (count=1)  	[MsgId: MMSG-26364]
CheckOutThProduct.c(7): web_url("Cart.action_4") was successful, 4632 body bytes, 225 header bytes  	[MsgId: MMSG-26386]
CheckOutThProduct.c(15): Notify: Transaction "PetStore_ClickOnViewCart_T01" ended with a "Pass" status (Duration: 0.1288 Wasted Time: 0.0000).	[MsgId: MMSG-16871]
CheckOutThProduct.c(17): lr_think_time: 4.12 seconds (recorded think time was 5.00 seconds).	[MsgId: MMSG-15947]
Registration.c(34): Resource "https://petstore.octoperf.com/css/jpetstore.css" is in the cache already and will not be downloaded again  	[MsgId: MMSG-26655]
Registration.c(34): Resource "https://petstore.octoperf.com/images/logo-topbar.svg" is in the cache already and will not be downloaded again  	[MsgId: MMSG-26655]
Registration.c(34): Resource "https://petstore.octoperf.com/images/cart.gif" is in the cache already and will not be downloaded again  	[MsgId: MMSG-26655]
Registration.c(34): Resource "https://petstore.octoperf.com/images/separator.gif" is in the cache already and will not be downloaded again  	[MsgId: MMSG-26655]
Registration.c(34): Resource "https://petstore.octoperf.com/images/sm_fish.gif" is in the cache already and will not be downloaded again  	[MsgId: MMSG-26655]
Registration.c(34): Resource "https://petstore.octoperf.com/images/sm_dogs.gif" is in the cache already and will not be downloaded again  	[MsgId: MMSG-26655]
Registration.c(34): Resource "https://petstore.octoperf.com/images/sm_reptiles.gif" is in the cache already and will not be downloaded again  	[MsgId: MMSG-26655]
Registration.c(34): Resource "https://petstore.octoperf.com/images/sm_cats.gif" is in the cache already and will not be downloaded again  	[MsgId: MMSG-26655]
Registration.c(34): Resource "https://petstore.octoperf.com/images/sm_birds.gif" is in the cache already and will not be downloaded again  	[MsgId: MMSG-26655]
Registration.c(34): Registered web_reg_find successful for "Text=Please enter your username and password" (count=1)  	[MsgId: MMSG-26364]
Registration.c(34): web_link("Sign In") was successful, 3858 body bytes, 225 header bytes  	[MsgId: MMSG-26386]
Registration.c(39): Notify: Transaction "PetStore_ClickOnSignIn_T02" ended with a "Pass" status (Duration: 0.1290 Wasted Time: 0.0000).	[MsgId: MMSG-16871]
Registration.c(41): lr_think_time: 4.52 seconds (recorded think time was 5.00 seconds).	[MsgId: MMSG-15947]
Login.c(26): Notify: Saving Parameter "ProductName_count = 6".	[MsgId: MMSG-13798]
Login.c(26): Registered web_reg_find successful for "Text=My Account" (count=1)  	[MsgId: MMSG-26364]
Login.c(26): web_submit_form("Account.action") was successful, 11416 body bytes, 727 header bytes  	[MsgId: MMSG-26386]
Login.c(34): Notify: Transaction "PetStore_Login_T01" ended with a "Pass" status (Duration: 0.5052 Wasted Time: 0.0004).	[MsgId: MMSG-16871]
Ending action Login.	[MsgId: MMSG-15918]
Starting action CheckOutThProduct.	[MsgId: MMSG-15919]
AddToCard.c(8): Notify: Transaction "PetStore_AddAproduct_T01" started.	[MsgId: MMSG-16999]
AddToCard.c(11): Notify: Parameter Substitution: parameter "ProductName_count" =  "6"	[MsgId: MMSG-13992]
AddToCard.c(12): Notify: Parameter Substitution: parameter "ProductName_3" =  "DOGS"	[MsgId: MMSG-13992]
AddToCard.c(14): Notify: Saving Parameter "RandCategory = DOGS".	[MsgId: MMSG-13798]
AddToCard.c(15): Notify: Parameter Substitution: parameter "RandCategory" =  "DOGS"	[MsgId: MMSG-13992]
AddToCard.c(15): Random category selected in Action2 = DOGS	[MsgId: MMSG-17999]
AddToCard.c(17): web_reg_find started  	[MsgId: MMSG-26355]
AddToCard.c(17): Notify: Parameter Substitution: parameter "RandCategory" =  "DOGS"	[MsgId: MMSG-13992]
AddToCard.c(17): Registering web_reg_find was successful  	[MsgId: MMSG-26390]
AddToCard.c(20): web_reg_save_param_regexp started  	[MsgId: MMSG-26355]
AddToCard.c(20): Registering web_reg_save_param_regexp was successful  	[MsgId: MMSG-26390]
AddToCard.c(27): web_url("Catalog.action_2") started  	[MsgId: MMSG-26355]
AddToCard.c(27): Notify: Parameter Substitution: parameter "RandCategory" =  "DOGS"	[MsgId: MMSG-13992]
AddToCard.c(27): Resource "https://petstore.octoperf.com/css/jpetstore.css" is in the cache already and will not be downloaded again  	[MsgId: MMSG-26655]
AddToCard.c(27): Resource "https://petstore.octoperf.com/images/logo-topbar.svg" is in the cache already and will not be downloaded again  	[MsgId: MMSG-26655]
AddToCard.c(27): Resource "https://petstore.octoperf.com/images/cart.gif" is in the cache already and will not be downloaded again  	[MsgId: MMSG-26655]
AddToCard.c(27): Resource "https://petstore.octoperf.com/images/separator.gif" is in the cache already and will not be downloaded again  	[MsgId: MMSG-26655]
AddToCard.c(27): Resource "https://petstore.octoperf.com/images/sm_fish.gif" is in the cache already and will not be downloaded again  	[MsgId: MMSG-26655]
AddToCard.c(27): Resource "https://petstore.octoperf.com/images/sm_dogs.gif" is in the cache already and will not be downloaded again  	[MsgId: MMSG-26655]
AddToCard.c(27): Resource "https://petstore.octoperf.com/images/sm_reptiles.gif" is in the cache already and will not be downloaded again  	[MsgId: MMSG-26655]
AddToCard.c(27): Resource "https://petstore.octoperf.com/images/sm_cats.gif" is in the cache already and will not be downloaded again  	[MsgId: MMSG-26655]
AddToCard.c(27): Resource "https://petstore.octoperf.com/images/sm_birds.gif" is in the cache already and will not be downloaded again  	[MsgId: MMSG-26655]
AddToCard.c(27): Resource "https://petstore.octoperf.com/images/banner_fish.gif" is in the cache already and will not be downloaded again  	[MsgId: MMSG-26655]
AddToCard.c(27): Notify: Saving Parameter "productId_1 = K9-BD-01".	[MsgId: MMSG-13798]
AddToCard.c(27): Notify: Saving Parameter "productId_2 = K9-PO-02".	[MsgId: MMSG-13798]
AddToCard.c(27): Notify: Saving Parameter "productId_3 = K9-DL-01".	[MsgId: MMSG-13798]
AddToCard.c(27): Notify: Saving Parameter "productId_4 = K9-RT-01".	[MsgId: MMSG-13798]
AddToCard.c(27): Notify: Saving Parameter "productId_5 = K9-RT-02".	[MsgId: MMSG-13798]
AddToCard.c(27): Notify: Saving Parameter "productId_6 = K9-CW-01".	[MsgId: MMSG-13798]
AddToCard.c(27): Notify: Saving Parameter "productId_count = 6".	[MsgId: MMSG-13798]
AddToCard.c(27): Registered web_reg_find successful for "Text=DOGS" (count=1)  	[MsgId: MMSG-26364]
AddToCard.c(27): web_url("Catalog.action_2") was successful, 4171 body bytes, 225 header bytes  	[MsgId: MMSG-26386]
AddToCard.c(36): Notify: Transaction "PetStore_AddAproduct_T01" ended with a "Pass" status (Duration: 0.2911 Wasted Time: 0.0003).	[MsgId: MMSG-16871]
AddToCard.c(38): lr_think_time: 4.20 seconds (recorded think time was 5.00 seconds).	[MsgId: MMSG-15947]
AddToCard.c(88): Notify: Transaction "PetStore_AddToCard_T04" started.	[MsgId: MMSG-16999]
AddToCard.c(90): web_reg_find started  	[MsgId: MMSG-26355]
AddToCard.c(90): Registering web_reg_find was successful  	[MsgId: MMSG-26390]
AddToCard.c(94): web_link("Add to Cart") started  	[MsgId: MMSG-26355]
AddToCard.c(94): Linking to "https://petstore.octoperf.com/actions/Cart.action?addItemToCart=&workingItemId=EST-11", Target Frame=""  	[MsgId: MMSG-27994]
AddToCard.c(67): Notify: Transaction "PetStore_SelectItemId_T03" started.	[MsgId: MMSG-16999]
AddToCard.c(71): Notify: Parameter Substitution: parameter "itemId_count" =  "2"	[MsgId: MMSG-13992]
AddToCard.c(72): Notify: Parameter Substitution: parameter "itemId_1" =  "EST-9"	[MsgId: MMSG-13992]
AddToCard.c(74): Notify: Saving Parameter "RanditemId = EST-9".	[MsgId: MMSG-13798]
AddToCard.c(75): Notify: Parameter Substitution: parameter "RanditemId" =  "EST-9"	[MsgId: MMSG-13992]
AddToCard.c(75): Random category selected in Action2 = EST-9	[MsgId: MMSG-17999]
AddToCard.c(77): web_reg_find started  	[MsgId: MMSG-26355]
AddToCard.c(77): Notify: Parameter Substitution: parameter "RanditemId" =  "EST-9"	[MsgId: MMSG-13992]
AddToCard.c(77): Registering web_reg_find was successful  	[MsgId: MMSG-26390]
AddToCard.c(79): web_link("{RanditemId}") started  	[MsgId: MMSG-26355]
AddToCard.c(79): Notify: Parameter Substitution: parameter "RanditemId" =  "EST-9"	[MsgId: MMSG-13992]
AddToCard.c(79): Linking to "https://petstore.octoperf.com/actions/Catalog.action?viewItem=&itemId=EST-9", Target Frame=""  	[MsgId: MMSG-27994]
AddToCard.c(94): Resource "https://petstore.octoperf.com/css/jpetstore.css" is in the cache already and will not be downloaded again  	[MsgId: MMSG-26655]
AddToCard.c(94): Resource "https://petstore.octoperf.com/images/logo-topbar.svg" is in the cache already and will not be downloaded again  	[MsgId: MMSG-26655]
AddToCard.c(94): Resource "https://petstore.octoperf.com/images/cart.gif" is in the cache already and will not be downloaded again  	[MsgId: MMSG-26655]
AddToCard.c(94): Resource "https://petstore.octoperf.com/images/separator.gif" is in the cache already and will not be downloaded again  	[MsgId: MMSG-26655]
AddToCard.c(94): Resource "https://petstore.octoperf.com/images/sm_fish.gif" is in the cache already and will not be downloaded again  	[MsgId: MMSG-26655]
AddToCard.c(94): Resource "https://petstore.octoperf.com/images/sm_dogs.gif" is in the cache already and will not be downloaded again  	[MsgId: MMSG-26655]
AddToCard.c(94): Resource "https://petstore.octoperf.com/images/sm_reptiles.gif" is in the cache already and will not be downloaded again  	[MsgId: MMSG-26655]
AddToCard.c(94): Resource "https://petstore.octoperf.com/images/sm_cats.gif" is in the cache already and will not be downloaded again  	[MsgId: MMSG-26655]
AddToCard.c(94): Resource "https://petstore.octoperf.com/images/sm_birds.gif" is in the cache already and will not be downloaded again  	[MsgId: MMSG-26655]
AddToCard.c(94): Resource "https://petstore.octoperf.com/images/banner_fish.gif" is in the cache already and will not be downloaded again  	[MsgId: MMSG-26655]
AddToCard.c(94): Registered web_reg_find successful for "Text=Shopping Cart" (count=1)  	[MsgId: MMSG-26364]
AddToCard.c(94): web_link("Add to Cart") was successful, 4637 body bytes, 225 header bytes  	[MsgId: MMSG-26386]
AddToCard.c(99): Notify: Transaction "PetStore_AddToCard_T04" ended with a "Pass" status (Duration: 0.1291 Wasted Time: 0.0000).	[MsgId: MMSG-16871]
CheckOutThProduct.c(4): Notify: Transaction "PetStore_ClickOnViewCart_T01" started.	[MsgId: MMSG-16999]
CheckOutThProduct.c(5): web_reg_find started  	[MsgId: MMSG-26355]
CheckOutThProduct.c(5): Registering web_reg_find was successful  	[MsgId: MMSG-26390]
CheckOutThProduct.c(7): web_url("Cart.action_4") started  	[MsgId: MMSG-26355]
AddToCard.c(79): Resource "https://petstore.octoperf.com/css/jpetstore.css" is in the cache already and will not be downloaded again  	[MsgId: MMSG-26655]
AddToCard.c(79): Resource "https://petstore.octoperf.com/images/logo-topbar.svg" is in the cache already and will not be downloaded again  	[MsgId: MMSG-26655]
AddToCard.c(79): Resource "https://petstore.octoperf.com/images/cart.gif" is in the cache already and will not be downloaded again  	[MsgId: MMSG-26655]
AddToCard.c(79): Resource "https://petstore.octoperf.com/images/separator.gif" is in the cache already and will not be downloaded again  	[MsgId: MMSG-26655]
AddToCard.c(79): Resource "https://petstore.octoperf.com/images/sm_fish.gif" is in the cache already and will not be downloaded again  	[MsgId: MMSG-26655]
AddToCard.c(79): Resource "https://petstore.octoperf.com/images/sm_dogs.gif" is in the cache already and will not be downloaded again  	[MsgId: MMSG-26655]
AddToCard.c(79): Resource "https://petstore.octoperf.com/images/sm_reptiles.gif" is in the cache already and will not be downloaded again  	[MsgId: MMSG-26655]
AddToCard.c(79): Resource "https://petstore.octoperf.com/images/sm_cats.gif" is in the cache already and will not be downloaded again  	[MsgId: MMSG-26655]
AddToCard.c(79): Resource "https://petstore.octoperf.com/images/sm_birds.gif" is in the cache already and will not be downloaded again  	[MsgId: MMSG-26655]
AddToCard.c(79): Found resource "https://petstore.octoperf.com/images/dog5.gif" in HTML "https://petstore.octoperf.com/actions/Catalog.action?viewItem=&itemId=EST-9"  	[MsgId: MMSG-26659]
AddToCard.c(79): Resource "https://petstore.octoperf.com/images/banner_fish.gif" is in the cache already and will not be downloaded again  	[MsgId: MMSG-26655]
CheckOutThProduct.c(7): Resource "https://petstore.octoperf.com/css/jpetstore.css" is in the cache already and will not be downloaded again  	[MsgId: MMSG-26655]
CheckOutThProduct.c(7): Resource "https://petstore.octoperf.com/images/logo-topbar.svg" is in the cache already and will not be downloaded again  	[MsgId: MMSG-26655]
CheckOutThProduct.c(7): Resource "https://petstore.octoperf.com/images/cart.gif" is in the cache already and will not be downloaded again  	[MsgId: MMSG-26655]
CheckOutThProduct.c(7): Resource "https://petstore.octoperf.com/images/separator.gif" is in the cache already and will not be downloaded again  	[MsgId: MMSG-26655]
CheckOutThProduct.c(7): Resource "https://petstore.octoperf.com/images/sm_fish.gif" is in the cache already and will not be downloaded again  	[MsgId: MMSG-26655]
CheckOutThProduct.c(7): Resource "https://petstore.octoperf.com/images/sm_dogs.gif" is in the cache already and will not be downloaded again  	[MsgId: MMSG-26655]
CheckOutThProduct.c(7): Resource "https://petstore.octoperf.com/images/sm_reptiles.gif" is in the cache already and will not be downloaded again  	[MsgId: MMSG-26655]
CheckOutThProduct.c(7): Resource "https://petstore.octoperf.com/images/sm_cats.gif" is in the cache already and will not be downloaded again  	[MsgId: MMSG-26655]
CheckOutThProduct.c(7): Resource "https://petstore.octoperf.com/images/sm_birds.gif" is in the cache already and will not be downloaded again  	[MsgId: MMSG-26655]
CheckOutThProduct.c(7): Resource "https://petstore.octoperf.com/images/banner_fish.gif" is in the cache already and will not be downloaded again  	[MsgId: MMSG-26655]
CheckOutThProduct.c(7): Registered web_reg_find successful for "Text=Shopping Cart" (count=1)  	[MsgId: MMSG-26364]
CheckOutThProduct.c(7): web_url("Cart.action_4") was successful, 4637 body bytes, 225 header bytes  	[MsgId: MMSG-26386]
CheckOutThProduct.c(15): Notify: Transaction "PetStore_ClickOnViewCart_T01" ended with a "Pass" status (Duration: 0.1281 Wasted Time: 0.0000).	[MsgId: MMSG-16871]
CheckOutThProduct.c(17): lr_think_time: 3.39 seconds (recorded think time was 5.00 seconds).	[MsgId: MMSG-15947]
AddToCard.c(79): Registered web_reg_find successful for "Text=EST-9" (count=2)  	[MsgId: MMSG-26364]
AddToCard.c(79): web_link("{RanditemId}") was successful, 16483 body bytes, 511 header bytes  	[MsgId: MMSG-26386]
AddToCard.c(84): Notify: Transaction "PetStore_SelectItemId_T03" ended with a "Pass" status (Duration: 0.3768 Wasted Time: 0.0000).	[MsgId: MMSG-16871]
AddToCard.c(86): lr_think_time: 3.90 seconds (recorded think time was 5.00 seconds).	[MsgId: MMSG-15947]
CheckOutThProduct.c(31): Notify: Transaction "PetStore_ClickOnContinue_T03" started.	[MsgId: MMSG-16999]
CheckOutThProduct.c(33): web_reg_find started  	[MsgId: MMSG-26355]
CheckOutThProduct.c(33): Registering web_reg_find was successful  	[MsgId: MMSG-26390]
CheckOutThProduct.c(36): web_submit_form("Order.action") started  	[MsgId: MMSG-26355]
CheckOutThProduct.c(36): Submitting form to "https://petstore.octoperf.com/actions/Order.action", Target Frame=""  	[MsgId: MMSG-27978]
CheckOutThProduct.c(36): Resource "https://petstore.octoperf.com/css/jpetstore.css" is in the cache already and will not be downloaded again  	[MsgId: MMSG-26655]
CheckOutThProduct.c(36): Resource "https://petstore.octoperf.com/images/logo-topbar.svg" is in the cache already and will not be downloaded again  	[MsgId: MMSG-26655]
CheckOutThProduct.c(36): Resource "https://petstore.octoperf.com/images/cart.gif" is in the cache already and will not be downloaded again  	[MsgId: MMSG-26655]
CheckOutThProduct.c(36): Resource "https://petstore.octoperf.com/images/separator.gif" is in the cache already and will not be downloaded again  	[MsgId: MMSG-26655]
CheckOutThProduct.c(36): Resource "https://petstore.octoperf.com/images/sm_fish.gif" is in the cache already and will not be downloaded again  	[MsgId: MMSG-26655]
CheckOutThProduct.c(36): Resource "https://petstore.octoperf.com/images/sm_dogs.gif" is in the cache already and will not be downloaded again  	[MsgId: MMSG-26655]
CheckOutThProduct.c(36): Resource "https://petstore.octoperf.com/images/sm_reptiles.gif" is in the cache already and will not be downloaded again  	[MsgId: MMSG-26655]
CheckOutThProduct.c(36): Resource "https://petstore.octoperf.com/images/sm_cats.gif" is in the cache already and will not be downloaded again  	[MsgId: MMSG-26655]
CheckOutThProduct.c(36): Resource "https://petstore.octoperf.com/images/sm_birds.gif" is in the cache already and will not be downloaded again  	[MsgId: MMSG-26655]
CheckOutThProduct.c(36): Resource "https://petstore.octoperf.com/images/banner_fish.gif" is in the cache already and will not be downloaded again  	[MsgId: MMSG-26655]
CheckOutThProduct.c(36): Registered web_reg_find successful for "Text=Confirm" (count=1)  	[MsgId: MMSG-26364]
CheckOutThProduct.c(36): web_submit_form("Order.action") was successful, 4526 body bytes, 225 header bytes  	[MsgId: MMSG-26386]
CheckOutThProduct.c(54): Notify: Transaction "PetStore_ClickOnContinue_T03" ended with a "Pass" status (Duration: 0.2560 Wasted Time: 0.0000).	[MsgId: MMSG-16871]
CheckOutThProduct.c(56): lr_think_time: 4.35 seconds (recorded think time was 5.00 seconds).	[MsgId: MMSG-15947]
Registration.c(137): Notify: Transaction "PetStore_SignOut_T05" started.	[MsgId: MMSG-16999]
Registration.c(139): web_reg_find started  	[MsgId: MMSG-26355]
Registration.c(139): Registering web_reg_find was successful  	[MsgId: MMSG-26390]
Registration.c(142): web_url("Account.action_2") started  	[MsgId: MMSG-26355]
Registration.c(142): Redirecting "https://petstore.octoperf.com/actions/Account.action?signoff=" (redirection depth is 0)  	[MsgId: MMSG-26694]
Registration.c(142): To location "https://petstore.octoperf.com/actions/Catalog.action"  	[MsgId: MMSG-26693]
Registration.c(142): Resource "https://petstore.octoperf.com/css/jpetstore.css" is in the cache already and will not be downloaded again  	[MsgId: MMSG-26655]
Registration.c(142): Resource "https://petstore.octoperf.com/images/logo-topbar.svg" is in the cache already and will not be downloaded again  	[MsgId: MMSG-26655]
Registration.c(142): Resource "https://petstore.octoperf.com/images/cart.gif" is in the cache already and will not be downloaded again  	[MsgId: MMSG-26655]
Registration.c(142): Resource "https://petstore.octoperf.com/images/separator.gif" is in the cache already and will not be downloaded again  	[MsgId: MMSG-26655]
Registration.c(142): Resource "https://petstore.octoperf.com/images/sm_fish.gif" is in the cache already and will not be downloaded again  	[MsgId: MMSG-26655]
Registration.c(142): Resource "https://petstore.octoperf.com/images/sm_dogs.gif" is in the cache already and will not be downloaded again  	[MsgId: MMSG-26655]
Registration.c(142): Resource "https://petstore.octoperf.com/images/sm_reptiles.gif" is in the cache already and will not be downloaded again  	[MsgId: MMSG-26655]
Registration.c(142): Resource "https://petstore.octoperf.com/images/sm_cats.gif" is in the cache already and will not be downloaded again  	[MsgId: MMSG-26655]
Registration.c(142): Resource "https://petstore.octoperf.com/images/sm_birds.gif" is in the cache already and will not be downloaded again  	[MsgId: MMSG-26655]
Registration.c(142): Resource "https://petstore.octoperf.com/images/fish_icon.gif" is in the cache already and will not be downloaded again  	[MsgId: MMSG-26655]
Registration.c(142): Resource "https://petstore.octoperf.com/images/dogs_icon.gif" is in the cache already and will not be downloaded again  	[MsgId: MMSG-26655]
Registration.c(142): Resource "https://petstore.octoperf.com/images/cats_icon.gif" is in the cache already and will not be downloaded again  	[MsgId: MMSG-26655]
Registration.c(142): Resource "https://petstore.octoperf.com/images/reptiles_icon.gif" is in the cache already and will not be downloaded again  	[MsgId: MMSG-26655]
Registration.c(142): Resource "https://petstore.octoperf.com/images/birds_icon.gif" is in the cache already and will not be downloaded again  	[MsgId: MMSG-26655]
Registration.c(142): Resource "https://petstore.octoperf.com/images/splash.gif" is in the cache already and will not be downloaded again  	[MsgId: MMSG-26655]
Registration.c(142): Registered web_reg_find successful for "Text=Sign In" (count=1)  	[MsgId: MMSG-26364]
Registration.c(142): web_url("Account.action_2") was successful, 4736 body bytes, 518 header bytes  	[MsgId: MMSG-26386]
Registration.c(151): Notify: Transaction "PetStore_SignOut_T05" ended with a "Pass" status (Duration: 0.2496 Wasted Time: 0.0000).	[MsgId: MMSG-16871]
Login.c(4): Notify: Transaction "PetStore_ClickOnSignIn_T01" started.	[MsgId: MMSG-16999]
Login.c(6): web_reg_find started  	[MsgId: MMSG-26355]
Login.c(6): Registering web_reg_find was successful  	[MsgId: MMSG-26390]
Login.c(9): web_link("Sign In") started  	[MsgId: MMSG-26355]
Login.c(9): Linking to "https://petstore.octoperf.com/actions/Account.action?signonForm=", Target Frame=""  	[MsgId: MMSG-27994]
Login.c(9): Resource "https://petstore.octoperf.com/css/jpetstore.css" is in the cache already and will not be downloaded again  	[MsgId: MMSG-26655]
Login.c(9): Resource "https://petstore.octoperf.com/images/logo-topbar.svg" is in the cache already and will not be downloaded again  	[MsgId: MMSG-26655]
Login.c(9): Resource "https://petstore.octoperf.com/images/cart.gif" is in the cache already and will not be downloaded again  	[MsgId: MMSG-26655]
Login.c(9): Resource "https://petstore.octoperf.com/images/separator.gif" is in the cache already and will not be downloaded again  	[MsgId: MMSG-26655]
Login.c(9): Resource "https://petstore.octoperf.com/images/sm_fish.gif" is in the cache already and will not be downloaded again  	[MsgId: MMSG-26655]
Login.c(9): Resource "https://petstore.octoperf.com/images/sm_dogs.gif" is in the cache already and will not be downloaded again  	[MsgId: MMSG-26655]
Login.c(9): Resource "https://petstore.octoperf.com/images/sm_reptiles.gif" is in the cache already and will not be downloaded again  	[MsgId: MMSG-26655]
Login.c(9): Resource "https://petstore.octoperf.com/images/sm_cats.gif" is in the cache already and will not be downloaded again  	[MsgId: MMSG-26655]
Login.c(9): Resource "https://petstore.octoperf.com/images/sm_birds.gif" is in the cache already and will not be downloaded again  	[MsgId: MMSG-26655]
Login.c(9): Registered web_reg_find successful for "Text=Please enter your username and password" (count=1)  	[MsgId: MMSG-26364]
Login.c(9): web_link("Sign In") was successful, 3858 body bytes, 225 header bytes  	[MsgId: MMSG-26386]
Login.c(13): Notify: Transaction "PetStore_ClickOnSignIn_T01" ended with a "Pass" status (Duration: 0.1256 Wasted Time: 0.0000).	[MsgId: MMSG-16871]
Login.c(15): lr_think_time: 3.09 seconds (recorded think time was 5.00 seconds).	[MsgId: MMSG-15947]
CheckOutThProduct.c(58): Notify: Transaction "PetStore_ClickOnConform_T04" started.	[MsgId: MMSG-16999]
CheckOutThProduct.c(59): web_reg_find started  	[MsgId: MMSG-26355]
CheckOutThProduct.c(59): Registering web_reg_find was successful  	[MsgId: MMSG-26390]
CheckOutThProduct.c(62): web_link("Confirm") started  	[MsgId: MMSG-26355]
CheckOutThProduct.c(62): Linking to "https://petstore.octoperf.com/actions/Order.action?newOrder=&confirmed=true", Target Frame=""  	[MsgId: MMSG-27994]
CheckOutThProduct.c(62): Resource "https://petstore.octoperf.com/css/jpetstore.css" is in the cache already and will not be downloaded again  	[MsgId: MMSG-26655]
CheckOutThProduct.c(62): Resource "https://petstore.octoperf.com/images/logo-topbar.svg" is in the cache already and will not be downloaded again  	[MsgId: MMSG-26655]
CheckOutThProduct.c(62): Resource "https://petstore.octoperf.com/images/cart.gif" is in the cache already and will not be downloaded again  	[MsgId: MMSG-26655]
CheckOutThProduct.c(62): Resource "https://petstore.octoperf.com/images/separator.gif" is in the cache already and will not be downloaded again  	[MsgId: MMSG-26655]
CheckOutThProduct.c(62): Resource "https://petstore.octoperf.com/images/sm_fish.gif" is in the cache already and will not be downloaded again  	[MsgId: MMSG-26655]
CheckOutThProduct.c(62): Resource "https://petstore.octoperf.com/images/sm_dogs.gif" is in the cache already and will not be downloaded again  	[MsgId: MMSG-26655]
CheckOutThProduct.c(62): Resource "https://petstore.octoperf.com/images/sm_reptiles.gif" is in the cache already and will not be downloaded again  	[MsgId: MMSG-26655]
CheckOutThProduct.c(62): Resource "https://petstore.octoperf.com/images/sm_cats.gif" is in the cache already and will not be downloaded again  	[MsgId: MMSG-26655]
CheckOutThProduct.c(62): Resource "https://petstore.octoperf.com/images/sm_birds.gif" is in the cache already and will not be downloaded again  	[MsgId: MMSG-26655]
CheckOutThProduct.c(62): Resource "https://petstore.octoperf.com/images/banner_fish.gif" is in the cache already and will not be downloaded again  	[MsgId: MMSG-26655]
CheckOutThProduct.c(62): Registered web_reg_find successful for "Text=Thank you, your order has been submitted" (count=1)  	[MsgId: MMSG-26364]
CheckOutThProduct.c(62): web_link("Confirm") was successful, 5222 body bytes, 225 header bytes  	[MsgId: MMSG-26386]
CheckOutThProduct.c(66): Notify: Transaction "PetStore_ClickOnConform_T04" ended with a "Pass" status (Duration: 0.1334 Wasted Time: 0.0000).	[MsgId: MMSG-16871]
Ending action CheckOutThProduct.	[MsgId: MMSG-15918]
Ending iteration 34.	[MsgId: MMSG-15965]
Waiting 8.8090 seconds for iteration pacing.	[MsgId: MMSG-15996]
Registration.c(29): Notify: Transaction "PetStore_ClickOnSignIn_T02" started.	[MsgId: MMSG-16999]
Registration.c(31): web_reg_find started  	[MsgId: MMSG-26355]
Registration.c(31): Registering web_reg_find was successful  	[MsgId: MMSG-26390]
Registration.c(34): web_link("Sign In") started  	[MsgId: MMSG-26355]
Registration.c(34): Linking to "https://petstore.octoperf.com/actions/Account.action;jsessionid=FFEF4A81A97E18BB155D2AEF97356134?signonForm=", Target Frame=""  	[MsgId: MMSG-27994]
Registration.c(34): Resource "https://petstore.octoperf.com/css/jpetstore.css" is in the cache already and will not be downloaded again  	[MsgId: MMSG-26655]
Registration.c(34): Resource "https://petstore.octoperf.com/images/logo-topbar.svg" is in the cache already and will not be downloaded again  	[MsgId: MMSG-26655]
Registration.c(34): Resource "https://petstore.octoperf.com/images/cart.gif" is in the cache already and will not be downloaded again  	[MsgId: MMSG-26655]
Registration.c(34): Resource "https://petstore.octoperf.com/images/separator.gif" is in the cache already and will not be downloaded again  	[MsgId: MMSG-26655]
Registration.c(34): Resource "https://petstore.octoperf.com/images/sm_fish.gif" is in the cache already and will not be downloaded again  	[MsgId: MMSG-26655]
Registration.c(34): Resource "https://petstore.octoperf.com/images/sm_dogs.gif" is in the cache already and will not be downloaded again  	[MsgId: MMSG-26655]
Registration.c(34): Resource "https://petstore.octoperf.com/images/sm_reptiles.gif" is in the cache already and will not be downloaded again  	[MsgId: MMSG-26655]
Registration.c(34): Resource "https://petstore.octoperf.com/images/sm_cats.gif" is in the cache already and will not be downloaded again  	[MsgId: MMSG-26655]
Registration.c(34): Resource "https://petstore.octoperf.com/images/sm_birds.gif" is in the cache already and will not be downloaded again  	[MsgId: MMSG-26655]
Registration.c(34): Registered web_reg_find successful for "Text=Please enter your username and password" (count=1)  	[MsgId: MMSG-26364]
Registration.c(34): web_link("Sign In") was successful, 3858 body bytes, 225 header bytes  	[MsgId: MMSG-26386]
Registration.c(39): Notify: Transaction "PetStore_ClickOnSignIn_T02" ended with a "Pass" status (Duration: 0.1274 Wasted Time: 0.0000).	[MsgId: MMSG-16871]
Registration.c(41): lr_think_time: 3.69 seconds (recorded think time was 5.00 seconds).	[MsgId: MMSG-15947]
Registration.c(137): Notify: Transaction "PetStore_SignOut_T05" started.	[MsgId: MMSG-16999]
Registration.c(139): web_reg_find started  	[MsgId: MMSG-26355]
Registration.c(139): Registering web_reg_find was successful  	[MsgId: MMSG-26390]
Registration.c(142): web_url("Account.action_2") started  	[MsgId: MMSG-26355]
Registration.c(142): Redirecting "https://petstore.octoperf.com/actions/Account.action?signoff=" (redirection depth is 0)  	[MsgId: MMSG-26694]
Registration.c(142): To location "https://petstore.octoperf.com/actions/Catalog.action"  	[MsgId: MMSG-26693]
Registration.c(142): Resource "https://petstore.octoperf.com/css/jpetstore.css" is in the cache already and will not be downloaded again  	[MsgId: MMSG-26655]
Registration.c(142): Resource "https://petstore.octoperf.com/images/logo-topbar.svg" is in the cache already and will not be downloaded again  	[MsgId: MMSG-26655]
Registration.c(142): Resource "https://petstore.octoperf.com/images/cart.gif" is in the cache already and will not be downloaded again  	[MsgId: MMSG-26655]
Registration.c(142): Resource "https://petstore.octoperf.com/images/separator.gif" is in the cache already and will not be downloaded again  	[MsgId: MMSG-26655]
Registration.c(142): Resource "https://petstore.octoperf.com/images/sm_fish.gif" is in the cache already and will not be downloaded again  	[MsgId: MMSG-26655]
Registration.c(142): Resource "https://petstore.octoperf.com/images/sm_dogs.gif" is in the cache already and will not be downloaded again  	[MsgId: MMSG-26655]
Registration.c(142): Resource "https://petstore.octoperf.com/images/sm_reptiles.gif" is in the cache already and will not be downloaded again  	[MsgId: MMSG-26655]
Registration.c(142): Resource "https://petstore.octoperf.com/images/sm_cats.gif" is in the cache already and will not be downloaded again  	[MsgId: MMSG-26655]
Registration.c(142): Resource "https://petstore.octoperf.com/images/sm_birds.gif" is in the cache already and will not be downloaded again  	[MsgId: MMSG-26655]
Registration.c(142): Resource "https://petstore.octoperf.com/images/fish_icon.gif" is in the cache already and will not be downloaded again  	[MsgId: MMSG-26655]
Registration.c(142): Resource "https://petstore.octoperf.com/images/dogs_icon.gif" is in the cache already and will not be downloaded again  	[MsgId: MMSG-26655]
Registration.c(142): Resource "https://petstore.octoperf.com/images/cats_icon.gif" is in the cache already and will not be downloaded again  	[MsgId: MMSG-26655]
Registration.c(142): Resource "https://petstore.octoperf.com/images/reptiles_icon.gif" is in the cache already and will not be downloaded again  	[MsgId: MMSG-26655]
Registration.c(142): Resource "https://petstore.octoperf.com/images/birds_icon.gif" is in the cache already and will not be downloaded again  	[MsgId: MMSG-26655]
Registration.c(142): Resource "https://petstore.octoperf.com/images/splash.gif" is in the cache already and will not be downloaded again  	[MsgId: MMSG-26655]
Registration.c(142): Registered web_reg_find successful for "Text=Sign In" (count=1)  	[MsgId: MMSG-26364]
Registration.c(142): web_url("Account.action_2") was successful, 4736 body bytes, 518 header bytes  	[MsgId: MMSG-26386]
Registration.c(151): Notify: Transaction "PetStore_SignOut_T05" ended with a "Pass" status (Duration: 0.2534 Wasted Time: 0.0000).	[MsgId: MMSG-16871]
Login.c(4): Notify: Transaction "PetStore_ClickOnSignIn_T01" started.	[MsgId: MMSG-16999]
Login.c(6): web_reg_find started  	[MsgId: MMSG-26355]
Login.c(6): Registering web_reg_find was successful  	[MsgId: MMSG-26390]
Login.c(9): web_link("Sign In") started  	[MsgId: MMSG-26355]
Login.c(9): Linking to "https://petstore.octoperf.com/actions/Account.action?signonForm=", Target Frame=""  	[MsgId: MMSG-27994]
Login.c(9): Resource "https://petstore.octoperf.com/css/jpetstore.css" is in the cache already and will not be downloaded again  	[MsgId: MMSG-26655]
Login.c(9): Resource "https://petstore.octoperf.com/images/logo-topbar.svg" is in the cache already and will not be downloaded again  	[MsgId: MMSG-26655]
Login.c(9): Resource "https://petstore.octoperf.com/images/cart.gif" is in the cache already and will not be downloaded again  	[MsgId: MMSG-26655]
Login.c(9): Resource "https://petstore.octoperf.com/images/separator.gif" is in the cache already and will not be downloaded again  	[MsgId: MMSG-26655]
Login.c(9): Resource "https://petstore.octoperf.com/images/sm_fish.gif" is in the cache already and will not be downloaded again  	[MsgId: MMSG-26655]
Login.c(9): Resource "https://petstore.octoperf.com/images/sm_dogs.gif" is in the cache already and will not be downloaded again  	[MsgId: MMSG-26655]
Login.c(9): Resource "https://petstore.octoperf.com/images/sm_reptiles.gif" is in the cache already and will not be downloaded again  	[MsgId: MMSG-26655]
Login.c(9): Resource "https://petstore.octoperf.com/images/sm_cats.gif" is in the cache already and will not be downloaded again  	[MsgId: MMSG-26655]
Login.c(9): Resource "https://petstore.octoperf.com/images/sm_birds.gif" is in the cache already and will not be downloaded again  	[MsgId: MMSG-26655]
Login.c(9): Registered web_reg_find successful for "Text=Please enter your username and password" (count=1)  	[MsgId: MMSG-26364]
Login.c(9): web_link("Sign In") was successful, 3856 body bytes, 225 header bytes  	[MsgId: MMSG-26386]
Login.c(13): Notify: Transaction "PetStore_ClickOnSignIn_T01" ended with a "Pass" status (Duration: 0.1271 Wasted Time: 0.0000).	[MsgId: MMSG-16871]
Login.c(15): lr_think_time: 3.44 seconds (recorded think time was 5.00 seconds).	[MsgId: MMSG-15947]
CheckOutThProduct.c(19): Notify: Transaction "PetStore_ClickOnProccedToCheckOut_T02" started.	[MsgId: MMSG-16999]
CheckOutThProduct.c(20): web_reg_find started  	[MsgId: MMSG-26355]
CheckOutThProduct.c(20): Registering web_reg_find was successful  	[MsgId: MMSG-26390]
CheckOutThProduct.c(23): web_link("Proceed to Checkout") started  	[MsgId: MMSG-26355]
CheckOutThProduct.c(23): Linking to "https://petstore.octoperf.com/actions/Order.action?newOrderForm=", Target Frame=""  	[MsgId: MMSG-27994]
CheckOutThProduct.c(23): Resource "https://petstore.octoperf.com/css/jpetstore.css" is in the cache already and will not be downloaded again  	[MsgId: MMSG-26655]
CheckOutThProduct.c(23): Resource "https://petstore.octoperf.com/images/logo-topbar.svg" is in the cache already and will not be downloaded again  	[MsgId: MMSG-26655]
CheckOutThProduct.c(23): Resource "https://petstore.octoperf.com/images/cart.gif" is in the cache already and will not be downloaded again  	[MsgId: MMSG-26655]
CheckOutThProduct.c(23): Resource "https://petstore.octoperf.com/images/separator.gif" is in the cache already and will not be downloaded again  	[MsgId: MMSG-26655]
CheckOutThProduct.c(23): Resource "https://petstore.octoperf.com/images/sm_fish.gif" is in the cache already and will not be downloaded again  	[MsgId: MMSG-26655]
CheckOutThProduct.c(23): Resource "https://petstore.octoperf.com/images/sm_dogs.gif" is in the cache already and will not be downloaded again  	[MsgId: MMSG-26655]
CheckOutThProduct.c(23): Resource "https://petstore.octoperf.com/images/sm_reptiles.gif" is in the cache already and will not be downloaded again  	[MsgId: MMSG-26655]
CheckOutThProduct.c(23): Resource "https://petstore.octoperf.com/images/sm_cats.gif" is in the cache already and will not be downloaded again  	[MsgId: MMSG-26655]
CheckOutThProduct.c(23): Resource "https://petstore.octoperf.com/images/sm_birds.gif" is in the cache already and will not be downloaded again  	[MsgId: MMSG-26655]
CheckOutThProduct.c(23): Resource "https://petstore.octoperf.com/images/banner_fish.gif" is in the cache already and will not be downloaded again  	[MsgId: MMSG-26655]
CheckOutThProduct.c(23): Registered web_reg_find successful for "Text=Payment Details" (count=1)  	[MsgId: MMSG-26364]
CheckOutThProduct.c(23): web_link("Proceed to Checkout") was successful, 5376 body bytes, 225 header bytes  	[MsgId: MMSG-26386]
CheckOutThProduct.c(27): Notify: Transaction "PetStore_ClickOnProccedToCheckOut_T02" ended with a "Pass" status (Duration: 0.1279 Wasted Time: 0.0000).	[MsgId: MMSG-16871]
CheckOutThProduct.c(29): lr_think_time: 3.13 seconds (recorded think time was 5.00 seconds).	[MsgId: MMSG-15947]
Registration.c(43): Notify: Transaction "PetStore_ClickOnRegistration_T03" started.	[MsgId: MMSG-16999]
Registration.c(45): web_reg_find started  	[MsgId: MMSG-26355]
Registration.c(45): Registering web_reg_find was successful  	[MsgId: MMSG-26390]
Registration.c(48): web_link("Register Now!") started  	[MsgId: MMSG-26355]
Registration.c(48): Linking to "https://petstore.octoperf.com/actions/Account.action?newAccountForm=", Target Frame=""  	[MsgId: MMSG-27994]
AddToCard.c(40): Notify: Transaction "PetStore_SelectProductId_T02" started.	[MsgId: MMSG-16999]
AddToCard.c(43): Notify: Parameter Substitution: parameter "productId_count" =  "6"	[MsgId: MMSG-13992]
AddToCard.c(44): Notify: Parameter Substitution: parameter "productId_5" =  "K9-RT-02"	[MsgId: MMSG-13992]
AddToCard.c(46): Notify: Saving Parameter "RandproductId = K9-RT-02".	[MsgId: MMSG-13798]
AddToCard.c(47): Notify: Parameter Substitution: parameter "RandproductId" =  "K9-RT-02"	[MsgId: MMSG-13992]
AddToCard.c(47): Random category selected in Action2 = K9-RT-02	[MsgId: MMSG-17999]
AddToCard.c(49): web_reg_find started  	[MsgId: MMSG-26355]
AddToCard.c(49): Notify: Parameter Substitution: parameter "RandproductId" =  "K9-RT-02"	[MsgId: MMSG-13992]
AddToCard.c(49): Registering web_reg_find was successful  	[MsgId: MMSG-26390]
AddToCard.c(51): web_reg_save_param_regexp started  	[MsgId: MMSG-26355]
AddToCard.c(51): Registering web_reg_save_param_regexp was successful  	[MsgId: MMSG-26390]
AddToCard.c(58): web_link("{RandproductId}") started  	[MsgId: MMSG-26355]
AddToCard.c(58): Notify: Parameter Substitution: parameter "RandproductId" =  "K9-RT-02"	[MsgId: MMSG-13992]
AddToCard.c(58): Linking to "https://petstore.octoperf.com/actions/Catalog.action?viewProduct=&productId=K9-RT-02", Target Frame=""  	[MsgId: MMSG-27994]
Registration.c(48): Resource "https://petstore.octoperf.com/css/jpetstore.css" is in the cache already and will not be downloaded again  	[MsgId: MMSG-26655]
Registration.c(48): Resource "https://petstore.octoperf.com/images/logo-topbar.svg" is in the cache already and will not be downloaded again  	[MsgId: MMSG-26655]
Registration.c(48): Resource "https://petstore.octoperf.com/images/cart.gif" is in the cache already and will not be downloaded again  	[MsgId: MMSG-26655]
Registration.c(48): Resource "https://petstore.octoperf.com/images/separator.gif" is in the cache already and will not be downloaded again  	[MsgId: MMSG-26655]
Registration.c(48): Resource "https://petstore.octoperf.com/images/sm_fish.gif" is in the cache already and will not be downloaded again  	[MsgId: MMSG-26655]
Registration.c(48): Resource "https://petstore.octoperf.com/images/sm_dogs.gif" is in the cache already and will not be downloaded again  	[MsgId: MMSG-26655]
Registration.c(48): Resource "https://petstore.octoperf.com/images/sm_reptiles.gif" is in the cache already and will not be downloaded again  	[MsgId: MMSG-26655]
Registration.c(48): Resource "https://petstore.octoperf.com/images/sm_cats.gif" is in the cache already and will not be downloaded again  	[MsgId: MMSG-26655]
Registration.c(48): Resource "https://petstore.octoperf.com/images/sm_birds.gif" is in the cache already and will not be downloaded again  	[MsgId: MMSG-26655]
Registration.c(48): Registered web_reg_find successful for "Text=User Information" (count=1)  	[MsgId: MMSG-26364]
Registration.c(48): web_link("Register Now!") was successful, 5823 body bytes, 225 header bytes  	[MsgId: MMSG-26386]
Registration.c(53): Notify: Transaction "PetStore_ClickOnRegistration_T03" ended with a "Pass" status (Duration: 0.1286 Wasted Time: 0.0000).	[MsgId: MMSG-16871]
Registration.c(55): lr_think_time: 3.41 seconds (recorded think time was 5.00 seconds).	[MsgId: MMSG-15947]
AddToCard.c(58): Resource "https://petstore.octoperf.com/css/jpetstore.css" is in the cache already and will not be downloaded again  	[MsgId: MMSG-26655]
AddToCard.c(58): Resource "https://petstore.octoperf.com/images/logo-topbar.svg" is in the cache already and will not be downloaded again  	[MsgId: MMSG-26655]
AddToCard.c(58): Resource "https://petstore.octoperf.com/images/cart.gif" is in the cache already and will not be downloaded again  	[MsgId: MMSG-26655]
AddToCard.c(58): Resource "https://petstore.octoperf.com/images/separator.gif" is in the cache already and will not be downloaded again  	[MsgId: MMSG-26655]
AddToCard.c(58): Resource "https://petstore.octoperf.com/images/sm_fish.gif" is in the cache already and will not be downloaded again  	[MsgId: MMSG-26655]
AddToCard.c(58): Resource "https://petstore.octoperf.com/images/sm_dogs.gif" is in the cache already and will not be downloaded again  	[MsgId: MMSG-26655]
AddToCard.c(58): Resource "https://petstore.octoperf.com/images/sm_reptiles.gif" is in the cache already and will not be downloaded again  	[MsgId: MMSG-26655]
AddToCard.c(58): Resource "https://petstore.octoperf.com/images/sm_cats.gif" is in the cache already and will not be downloaded again  	[MsgId: MMSG-26655]
AddToCard.c(58): Resource "https://petstore.octoperf.com/images/sm_birds.gif" is in the cache already and will not be downloaded again  	[MsgId: MMSG-26655]
AddToCard.c(58): Resource "https://petstore.octoperf.com/images/banner_fish.gif" is in the cache already and will not be downloaded again  	[MsgId: MMSG-26655]
AddToCard.c(58): Notify: Saving Parameter "itemId_1 = EST-22".	[MsgId: MMSG-13798]
AddToCard.c(58): Notify: Saving Parameter "itemId_2 = EST-23".	[MsgId: MMSG-13798]
AddToCard.c(58): Notify: Saving Parameter "itemId_3 = EST-24".	[MsgId: MMSG-13798]
AddToCard.c(58): Notify: Saving Parameter "itemId_4 = EST-25".	[MsgId: MMSG-13798]
AddToCard.c(58): Notify: Saving Parameter "itemId_count = 4".	[MsgId: MMSG-13798]
AddToCard.c(58): Registered web_reg_find successful for "Text=K9-RT-02" (count=4)  	[MsgId: MMSG-26364]
AddToCard.c(58): web_link("{RandproductId}") was successful, 4722 body bytes, 225 header bytes  	[MsgId: MMSG-26386]
AddToCard.c(63): Notify: Transaction "PetStore_SelectProductId_T02" ended with a "Pass" status (Duration: 0.1295 Wasted Time: 0.0002).	[MsgId: MMSG-16871]
AddToCard.c(65): lr_think_time: 3.56 seconds (recorded think time was 5.00 seconds).	[MsgId: MMSG-15947]
CheckOutThProduct.c(19): Notify: Transaction "PetStore_ClickOnProccedToCheckOut_T02" started.	[MsgId: MMSG-16999]
CheckOutThProduct.c(20): web_reg_find started  	[MsgId: MMSG-26355]
CheckOutThProduct.c(20): Registering web_reg_find was successful  	[MsgId: MMSG-26390]
CheckOutThProduct.c(23): web_link("Proceed to Checkout") started  	[MsgId: MMSG-26355]
CheckOutThProduct.c(23): Linking to "https://petstore.octoperf.com/actions/Order.action?newOrderForm=", Target Frame=""  	[MsgId: MMSG-27994]
CheckOutThProduct.c(23): Resource "https://petstore.octoperf.com/css/jpetstore.css" is in the cache already and will not be downloaded again  	[MsgId: MMSG-26655]
CheckOutThProduct.c(23): Resource "https://petstore.octoperf.com/images/logo-topbar.svg" is in the cache already and will not be downloaded again  	[MsgId: MMSG-26655]
CheckOutThProduct.c(23): Resource "https://petstore.octoperf.com/images/cart.gif" is in the cache already and will not be downloaded again  	[MsgId: MMSG-26655]
CheckOutThProduct.c(23): Resource "https://petstore.octoperf.com/images/separator.gif" is in the cache already and will not be downloaded again  	[MsgId: MMSG-26655]
CheckOutThProduct.c(23): Resource "https://petstore.octoperf.com/images/sm_fish.gif" is in the cache already and will not be downloaded again  	[MsgId: MMSG-26655]
CheckOutThProduct.c(23): Resource "https://petstore.octoperf.com/images/sm_dogs.gif" is in the cache already and will not be downloaded again  	[MsgId: MMSG-26655]
CheckOutThProduct.c(23): Resource "https://petstore.octoperf.com/images/sm_reptiles.gif" is in the cache already and will not be downloaded again  	[MsgId: MMSG-26655]
CheckOutThProduct.c(23): Resource "https://petstore.octoperf.com/images/sm_cats.gif" is in the cache already and will not be downloaded again  	[MsgId: MMSG-26655]
CheckOutThProduct.c(23): Resource "https://petstore.octoperf.com/images/sm_birds.gif" is in the cache already and will not be downloaded again  	[MsgId: MMSG-26655]
CheckOutThProduct.c(23): Resource "https://petstore.octoperf.com/images/banner_fish.gif" is in the cache already and will not be downloaded again  	[MsgId: MMSG-26655]
CheckOutThProduct.c(23): Registered web_reg_find successful for "Text=Payment Details" (count=1)  	[MsgId: MMSG-26364]
CheckOutThProduct.c(23): web_link("Proceed to Checkout") was successful, 5376 body bytes, 225 header bytes  	[MsgId: MMSG-26386]
CheckOutThProduct.c(27): Notify: Transaction "PetStore_ClickOnProccedToCheckOut_T02" ended with a "Pass" status (Duration: 0.1273 Wasted Time: 0.0000).	[MsgId: MMSG-16871]
CheckOutThProduct.c(29): lr_think_time: 3.28 seconds (recorded think time was 5.00 seconds).	[MsgId: MMSG-15947]
AddToCard.c(88): Notify: Transaction "PetStore_AddToCard_T04" started.	[MsgId: MMSG-16999]
AddToCard.c(90): web_reg_find started  	[MsgId: MMSG-26355]
AddToCard.c(90): Registering web_reg_find was successful  	[MsgId: MMSG-26390]
AddToCard.c(94): web_link("Add to Cart") started  	[MsgId: MMSG-26355]
AddToCard.c(94): Linking to "https://petstore.octoperf.com/actions/Cart.action?addItemToCart=&workingItemId=EST-9", Target Frame=""  	[MsgId: MMSG-27994]
AddToCard.c(94): Resource "https://petstore.octoperf.com/css/jpetstore.css" is in the cache already and will not be downloaded again  	[MsgId: MMSG-26655]
AddToCard.c(94): Resource "https://petstore.octoperf.com/images/logo-topbar.svg" is in the cache already and will not be downloaded again  	[MsgId: MMSG-26655]
AddToCard.c(94): Resource "https://petstore.octoperf.com/images/cart.gif" is in the cache already and will not be downloaded again  	[MsgId: MMSG-26655]
AddToCard.c(94): Resource "https://petstore.octoperf.com/images/separator.gif" is in the cache already and will not be downloaded again  	[MsgId: MMSG-26655]
AddToCard.c(94): Resource "https://petstore.octoperf.com/images/sm_fish.gif" is in the cache already and will not be downloaded again  	[MsgId: MMSG-26655]
AddToCard.c(94): Resource "https://petstore.octoperf.com/images/sm_dogs.gif" is in the cache already and will not be downloaded again  	[MsgId: MMSG-26655]
AddToCard.c(94): Resource "https://petstore.octoperf.com/images/sm_reptiles.gif" is in the cache already and will not be downloaded again  	[MsgId: MMSG-26655]
AddToCard.c(94): Resource "https://petstore.octoperf.com/images/sm_cats.gif" is in the cache already and will not be downloaded again  	[MsgId: MMSG-26655]
AddToCard.c(94): Resource "https://petstore.octoperf.com/images/sm_birds.gif" is in the cache already and will not be downloaded again  	[MsgId: MMSG-26655]
AddToCard.c(94): Resource "https://petstore.octoperf.com/images/banner_fish.gif" is in the cache already and will not be downloaded again  	[MsgId: MMSG-26655]
AddToCard.c(94): Registered web_reg_find successful for "Text=Shopping Cart" (count=1)  	[MsgId: MMSG-26364]
AddToCard.c(94): web_link("Add to Cart") was successful, 4641 body bytes, 225 header bytes  	[MsgId: MMSG-26386]
AddToCard.c(99): Notify: Transaction "PetStore_AddToCard_T04" ended with a "Pass" status (Duration: 0.1322 Wasted Time: 0.0000).	[MsgId: MMSG-16871]
CheckOutThProduct.c(4): Notify: Transaction "PetStore_ClickOnViewCart_T01" started.	[MsgId: MMSG-16999]
CheckOutThProduct.c(5): web_reg_find started  	[MsgId: MMSG-26355]
CheckOutThProduct.c(5): Registering web_reg_find was successful  	[MsgId: MMSG-26390]
CheckOutThProduct.c(7): web_url("Cart.action_4") started  	[MsgId: MMSG-26355]
CheckOutThProduct.c(7): Resource "https://petstore.octoperf.com/css/jpetstore.css" is in the cache already and will not be downloaded again  	[MsgId: MMSG-26655]
CheckOutThProduct.c(7): Resource "https://petstore.octoperf.com/images/logo-topbar.svg" is in the cache already and will not be downloaded again  	[MsgId: MMSG-26655]
CheckOutThProduct.c(7): Resource "https://petstore.octoperf.com/images/cart.gif" is in the cache already and will not be downloaded again  	[MsgId: MMSG-26655]
CheckOutThProduct.c(7): Resource "https://petstore.octoperf.com/images/separator.gif" is in the cache already and will not be downloaded again  	[MsgId: MMSG-26655]
CheckOutThProduct.c(7): Resource "https://petstore.octoperf.com/images/sm_fish.gif" is in the cache already and will not be downloaded again  	[MsgId: MMSG-26655]
CheckOutThProduct.c(7): Resource "https://petstore.octoperf.com/images/sm_dogs.gif" is in the cache already and will not be downloaded again  	[MsgId: MMSG-26655]
CheckOutThProduct.c(7): Resource "https://petstore.octoperf.com/images/sm_reptiles.gif" is in the cache already and will not be downloaded again  	[MsgId: MMSG-26655]
CheckOutThProduct.c(7): Resource "https://petstore.octoperf.com/images/sm_cats.gif" is in the cache already and will not be downloaded again  	[MsgId: MMSG-26655]
CheckOutThProduct.c(7): Resource "https://petstore.octoperf.com/images/sm_birds.gif" is in the cache already and will not be downloaded again  	[MsgId: MMSG-26655]
CheckOutThProduct.c(7): Resource "https://petstore.octoperf.com/images/banner_fish.gif" is in the cache already and will not be downloaded again  	[MsgId: MMSG-26655]
CheckOutThProduct.c(7): Registered web_reg_find successful for "Text=Shopping Cart" (count=1)  	[MsgId: MMSG-26364]
CheckOutThProduct.c(7): web_url("Cart.action_4") was successful, 4641 body bytes, 225 header bytes  	[MsgId: MMSG-26386]
CheckOutThProduct.c(15): Notify: Transaction "PetStore_ClickOnViewCart_T01" ended with a "Pass" status (Duration: 0.1269 Wasted Time: 0.0000).	[MsgId: MMSG-16871]
CheckOutThProduct.c(17): lr_think_time: 2.73 seconds (recorded think time was 5.00 seconds).	[MsgId: MMSG-15947]
Login.c(17): Notify: Transaction "PetStore_Login_T01" started.	[MsgId: MMSG-16999]
Login.c(18): web_reg_find started  	[MsgId: MMSG-26355]
Login.c(18): Registering web_reg_find was successful  	[MsgId: MMSG-26390]
Login.c(20): web_reg_save_param_regexp started  	[MsgId: MMSG-26355]
Login.c(20): Registering web_reg_save_param_regexp was successful  	[MsgId: MMSG-26390]
Login.c(26): web_submit_form("Account.action") started  	[MsgId: MMSG-26355]
Login.c(26): Notify: Parameter Substitution: parameter "randomUsername" =  "CBUY"	[MsgId: MMSG-13992]
Login.c(26): Notify: Parameter Substitution: parameter "randompass" =  "fend"	[MsgId: MMSG-13992]
Login.c(26): Submitting form to "https://petstore.octoperf.com/actions/Account.action", Target Frame=""  	[MsgId: MMSG-27978]
Login.c(26): Redirecting "https://petstore.octoperf.com/actions/Account.action" (redirection depth is 0)  	[MsgId: MMSG-26694]
Login.c(26): To location "https://petstore.octoperf.com/actions/Catalog.action"  	[MsgId: MMSG-26693]
Login.c(26): Resource "https://petstore.octoperf.com/css/jpetstore.css" is in the cache already and will not be downloaded again  	[MsgId: MMSG-26655]
Login.c(26): Resource "https://petstore.octoperf.com/images/logo-topbar.svg" is in the cache already and will not be downloaded again  	[MsgId: MMSG-26655]
Login.c(26): Resource "https://petstore.octoperf.com/images/cart.gif" is in the cache already and will not be downloaded again  	[MsgId: MMSG-26655]
Login.c(26): Resource "https://petstore.octoperf.com/images/separator.gif" is in the cache already and will not be downloaded again  	[MsgId: MMSG-26655]
Login.c(26): Resource "https://petstore.octoperf.com/images/sm_fish.gif" is in the cache already and will not be downloaded again  	[MsgId: MMSG-26655]
Login.c(26): Resource "https://petstore.octoperf.com/images/sm_dogs.gif" is in the cache already and will not be downloaded again  	[MsgId: MMSG-26655]
Login.c(26): Resource "https://petstore.octoperf.com/images/sm_reptiles.gif" is in the cache already and will not be downloaded again  	[MsgId: MMSG-26655]
Login.c(26): Resource "https://petstore.octoperf.com/images/sm_cats.gif" is in the cache already and will not be downloaded again  	[MsgId: MMSG-26655]
Login.c(26): Resource "https://petstore.octoperf.com/images/sm_birds.gif" is in the cache already and will not be downloaded again  	[MsgId: MMSG-26655]
Login.c(26): Resource "https://petstore.octoperf.com/images/fish_icon.gif" is in the cache already and will not be downloaded again  	[MsgId: MMSG-26655]
Login.c(26): Resource "https://petstore.octoperf.com/images/dogs_icon.gif" is in the cache already and will not be downloaded again  	[MsgId: MMSG-26655]
Login.c(26): Resource "https://petstore.octoperf.com/images/cats_icon.gif" is in the cache already and will not be downloaded again  	[MsgId: MMSG-26655]
Login.c(26): Resource "https://petstore.octoperf.com/images/reptiles_icon.gif" is in the cache already and will not be downloaded again  	[MsgId: MMSG-26655]
Login.c(26): Resource "https://petstore.octoperf.com/images/birds_icon.gif" is in the cache already and will not be downloaded again  	[MsgId: MMSG-26655]
Login.c(26): Resource "https://petstore.octoperf.com/images/splash.gif" is in the cache already and will not be downloaded again  	[MsgId: MMSG-26655]
Login.c(26): Found resource "https://petstore.octoperf.com/images/banner_fish.gif" in HTML "https://petstore.octoperf.com/actions/Catalog.action"  	[MsgId: MMSG-26659]
Login.c(26): Notify: Saving Parameter "ProductName_1 = BIRDS".	[MsgId: MMSG-13798]
Login.c(26): Notify: Saving Parameter "ProductName_2 = FISH".	[MsgId: MMSG-13798]
Login.c(26): Notify: Saving Parameter "ProductName_3 = DOGS".	[MsgId: MMSG-13798]
Login.c(26): Notify: Saving Parameter "ProductName_4 = REPTILES".	[MsgId: MMSG-13798]
Login.c(26): Notify: Saving Parameter "ProductName_5 = CATS".	[MsgId: MMSG-13798]
Login.c(26): Notify: Saving Parameter "ProductName_6 = BIRDS".	[MsgId: MMSG-13798]
Login.c(26): Notify: Saving Parameter "ProductName_count = 6".	[MsgId: MMSG-13798]
Login.c(26): Registered web_reg_find successful for "Text=My Account" (count=1)  	[MsgId: MMSG-26364]
Login.c(26): web_submit_form("Account.action") was successful, 11416 body bytes, 727 header bytes  	[MsgId: MMSG-26386]
Login.c(34): Notify: Transaction "PetStore_Login_T01" ended with a "Pass" status (Duration: 0.5663 Wasted Time: 0.0005).	[MsgId: MMSG-16871]
Ending action Login.	[MsgId: MMSG-15918]
Starting action CheckOutThProduct.	[MsgId: MMSG-15919]
AddToCard.c(8): Notify: Transaction "PetStore_AddAproduct_T01" started.	[MsgId: MMSG-16999]
AddToCard.c(11): Notify: Parameter Substitution: parameter "ProductName_count" =  "6"	[MsgId: MMSG-13992]
AddToCard.c(12): Notify: Parameter Substitution: parameter "ProductName_6" =  "BIRDS"	[MsgId: MMSG-13992]
AddToCard.c(14): Notify: Saving Parameter "RandCategory = BIRDS".	[MsgId: MMSG-13798]
AddToCard.c(15): Notify: Parameter Substitution: parameter "RandCategory" =  "BIRDS"	[MsgId: MMSG-13992]
AddToCard.c(15): Random category selected in Action2 = BIRDS	[MsgId: MMSG-17999]
AddToCard.c(17): web_reg_find started  	[MsgId: MMSG-26355]
AddToCard.c(17): Notify: Parameter Substitution: parameter "RandCategory" =  "BIRDS"	[MsgId: MMSG-13992]
AddToCard.c(17): Registering web_reg_find was successful  	[MsgId: MMSG-26390]
AddToCard.c(20): web_reg_save_param_regexp started  	[MsgId: MMSG-26355]
AddToCard.c(20): Registering web_reg_save_param_regexp was successful  	[MsgId: MMSG-26390]
AddToCard.c(27): web_url("Catalog.action_2") started  	[MsgId: MMSG-26355]
AddToCard.c(27): Notify: Parameter Substitution: parameter "RandCategory" =  "BIRDS"	[MsgId: MMSG-13992]
CheckOutThProduct.c(58): Notify: Transaction "PetStore_ClickOnConform_T04" started.	[MsgId: MMSG-16999]
CheckOutThProduct.c(59): web_reg_find started  	[MsgId: MMSG-26355]
CheckOutThProduct.c(59): Registering web_reg_find was successful  	[MsgId: MMSG-26390]
CheckOutThProduct.c(62): web_link("Confirm") started  	[MsgId: MMSG-26355]
CheckOutThProduct.c(62): Linking to "https://petstore.octoperf.com/actions/Order.action?newOrder=&confirmed=true", Target Frame=""  	[MsgId: MMSG-27994]
CheckOutThProduct.c(62): Resource "https://petstore.octoperf.com/css/jpetstore.css" is in the cache already and will not be downloaded again  	[MsgId: MMSG-26655]
CheckOutThProduct.c(62): Resource "https://petstore.octoperf.com/images/logo-topbar.svg" is in the cache already and will not be downloaded again  	[MsgId: MMSG-26655]
CheckOutThProduct.c(62): Resource "https://petstore.octoperf.com/images/cart.gif" is in the cache already and will not be downloaded again  	[MsgId: MMSG-26655]
CheckOutThProduct.c(62): Resource "https://petstore.octoperf.com/images/separator.gif" is in the cache already and will not be downloaded again  	[MsgId: MMSG-26655]
CheckOutThProduct.c(62): Resource "https://petstore.octoperf.com/images/sm_fish.gif" is in the cache already and will not be downloaded again  	[MsgId: MMSG-26655]
CheckOutThProduct.c(62): Resource "https://petstore.octoperf.com/images/sm_dogs.gif" is in the cache already and will not be downloaded again  	[MsgId: MMSG-26655]
CheckOutThProduct.c(62): Resource "https://petstore.octoperf.com/images/sm_reptiles.gif" is in the cache already and will not be downloaded again  	[MsgId: MMSG-26655]
CheckOutThProduct.c(62): Resource "https://petstore.octoperf.com/images/sm_cats.gif" is in the cache already and will not be downloaded again  	[MsgId: MMSG-26655]
CheckOutThProduct.c(62): Resource "https://petstore.octoperf.com/images/sm_birds.gif" is in the cache already and will not be downloaded again  	[MsgId: MMSG-26655]
CheckOutThProduct.c(62): Resource "https://petstore.octoperf.com/images/banner_fish.gif" is in the cache already and will not be downloaded again  	[MsgId: MMSG-26655]
CheckOutThProduct.c(62): Registered web_reg_find successful for "Text=Thank you, your order has been submitted" (count=1)  	[MsgId: MMSG-26364]
CheckOutThProduct.c(62): web_link("Confirm") was successful, 5235 body bytes, 225 header bytes  	[MsgId: MMSG-26386]
CheckOutThProduct.c(66): Notify: Transaction "PetStore_ClickOnConform_T04" ended with a "Pass" status (Duration: 0.1341 Wasted Time: 0.0000).	[MsgId: MMSG-16871]
Ending action CheckOutThProduct.	[MsgId: MMSG-15918]
Ending iteration 34.	[MsgId: MMSG-15965]
Waiting 9.7200 seconds for iteration pacing.	[MsgId: MMSG-15996]
AddToCard.c(27): Resource "https://petstore.octoperf.com/css/jpetstore.css" is in the cache already and will not be downloaded again  	[MsgId: MMSG-26655]
AddToCard.c(27): Resource "https://petstore.octoperf.com/images/logo-topbar.svg" is in the cache already and will not be downloaded again  	[MsgId: MMSG-26655]
AddToCard.c(27): Resource "https://petstore.octoperf.com/images/cart.gif" is in the cache already and will not be downloaded again  	[MsgId: MMSG-26655]
AddToCard.c(27): Resource "https://petstore.octoperf.com/images/separator.gif" is in the cache already and will not be downloaded again  	[MsgId: MMSG-26655]
AddToCard.c(27): Resource "https://petstore.octoperf.com/images/sm_fish.gif" is in the cache already and will not be downloaded again  	[MsgId: MMSG-26655]
AddToCard.c(27): Resource "https://petstore.octoperf.com/images/sm_dogs.gif" is in the cache already and will not be downloaded again  	[MsgId: MMSG-26655]
AddToCard.c(27): Resource "https://petstore.octoperf.com/images/sm_reptiles.gif" is in the cache already and will not be downloaded again  	[MsgId: MMSG-26655]
AddToCard.c(27): Resource "https://petstore.octoperf.com/images/sm_cats.gif" is in the cache already and will not be downloaded again  	[MsgId: MMSG-26655]
AddToCard.c(27): Resource "https://petstore.octoperf.com/images/sm_birds.gif" is in the cache already and will not be downloaded again  	[MsgId: MMSG-26655]
AddToCard.c(27): Resource "https://petstore.octoperf.com/images/banner_fish.gif" is in the cache already and will not be downloaded again  	[MsgId: MMSG-26655]
AddToCard.c(27): Notify: Saving Parameter "productId_1 = AV-CB-01".	[MsgId: MMSG-13798]
AddToCard.c(27): Notify: Saving Parameter "productId_2 = AV-SB-02".	[MsgId: MMSG-13798]
AddToCard.c(27): Notify: Saving Parameter "productId_count = 2".	[MsgId: MMSG-13798]
AddToCard.c(27): Registered web_reg_find successful for "Text=BIRDS" (count=1)  	[MsgId: MMSG-26364]
AddToCard.c(27): web_url("Catalog.action_2") was successful, 3625 body bytes, 225 header bytes  	[MsgId: MMSG-26386]
AddToCard.c(36): Notify: Transaction "PetStore_AddAproduct_T01" ended with a "Pass" status (Duration: 0.2881 Wasted Time: 0.0002).	[MsgId: MMSG-16871]
AddToCard.c(38): lr_think_time: 4.36 seconds (recorded think time was 5.00 seconds).	[MsgId: MMSG-15947]
Registration.c(43): Notify: Transaction "PetStore_ClickOnRegistration_T03" started.	[MsgId: MMSG-16999]
Registration.c(45): web_reg_find started  	[MsgId: MMSG-26355]
Registration.c(45): Registering web_reg_find was successful  	[MsgId: MMSG-26390]
Registration.c(48): web_link("Register Now!") started  	[MsgId: MMSG-26355]
Registration.c(48): Linking to "https://petstore.octoperf.com/actions/Account.action?newAccountForm=", Target Frame=""  	[MsgId: MMSG-27994]
Registration.c(48): Resource "https://petstore.octoperf.com/css/jpetstore.css" is in the cache already and will not be downloaded again  	[MsgId: MMSG-26655]
Registration.c(48): Resource "https://petstore.octoperf.com/images/logo-topbar.svg" is in the cache already and will not be downloaded again  	[MsgId: MMSG-26655]
Registration.c(48): Resource "https://petstore.octoperf.com/images/cart.gif" is in the cache already and will not be downloaded again  	[MsgId: MMSG-26655]
Registration.c(48): Resource "https://petstore.octoperf.com/images/separator.gif" is in the cache already and will not be downloaded again  	[MsgId: MMSG-26655]
Registration.c(48): Resource "https://petstore.octoperf.com/images/sm_fish.gif" is in the cache already and will not be downloaded again  	[MsgId: MMSG-26655]
Registration.c(48): Resource "https://petstore.octoperf.com/images/sm_dogs.gif" is in the cache already and will not be downloaded again  	[MsgId: MMSG-26655]
Registration.c(48): Resource "https://petstore.octoperf.com/images/sm_reptiles.gif" is in the cache already and will not be downloaded again  	[MsgId: MMSG-26655]
Registration.c(48): Resource "https://petstore.octoperf.com/images/sm_cats.gif" is in the cache already and will not be downloaded again  	[MsgId: MMSG-26655]
Registration.c(48): Resource "https://petstore.octoperf.com/images/sm_birds.gif" is in the cache already and will not be downloaded again  	[MsgId: MMSG-26655]
Registration.c(48): Registered web_reg_find successful for "Text=User Information" (count=1)  	[MsgId: MMSG-26364]
Registration.c(48): web_link("Register Now!") was successful, 5819 body bytes, 225 header bytes  	[MsgId: MMSG-26386]
Registration.c(53): Notify: Transaction "PetStore_ClickOnRegistration_T03" ended with a "Pass" status (Duration: 0.1280 Wasted Time: 0.0000).	[MsgId: MMSG-16871]
Registration.c(55): lr_think_time: 4.23 seconds (recorded think time was 5.00 seconds).	[MsgId: MMSG-15947]
CheckOutThProduct.c(31): Notify: Transaction "PetStore_ClickOnContinue_T03" started.	[MsgId: MMSG-16999]
CheckOutThProduct.c(33): web_reg_find started  	[MsgId: MMSG-26355]
CheckOutThProduct.c(33): Registering web_reg_find was successful  	[MsgId: MMSG-26390]
CheckOutThProduct.c(36): web_submit_form("Order.action") started  	[MsgId: MMSG-26355]
CheckOutThProduct.c(36): Submitting form to "https://petstore.octoperf.com/actions/Order.action", Target Frame=""  	[MsgId: MMSG-27978]
Login.c(17): Notify: Transaction "PetStore_Login_T01" started.	[MsgId: MMSG-16999]
Login.c(18): web_reg_find started  	[MsgId: MMSG-26355]
Login.c(18): Registering web_reg_find was successful  	[MsgId: MMSG-26390]
Login.c(20): web_reg_save_param_regexp started  	[MsgId: MMSG-26355]
Login.c(20): Registering web_reg_save_param_regexp was successful  	[MsgId: MMSG-26390]
Login.c(26): web_submit_form("Account.action") started  	[MsgId: MMSG-26355]
Login.c(26): Notify: Parameter Substitution: parameter "randomUsername" =  "TTZV"	[MsgId: MMSG-13992]
Login.c(26): Notify: Parameter Substitution: parameter "randompass" =  "uacd"	[MsgId: MMSG-13992]
Login.c(26): Submitting form to "https://petstore.octoperf.com/actions/Account.action", Target Frame=""  	[MsgId: MMSG-27978]
CheckOutThProduct.c(36): Resource "https://petstore.octoperf.com/css/jpetstore.css" is in the cache already and will not be downloaded again  	[MsgId: MMSG-26655]
CheckOutThProduct.c(36): Resource "https://petstore.octoperf.com/images/logo-topbar.svg" is in the cache already and will not be downloaded again  	[MsgId: MMSG-26655]
CheckOutThProduct.c(36): Resource "https://petstore.octoperf.com/images/cart.gif" is in the cache already and will not be downloaded again  	[MsgId: MMSG-26655]
CheckOutThProduct.c(36): Resource "https://petstore.octoperf.com/images/separator.gif" is in the cache already and will not be downloaded again  	[MsgId: MMSG-26655]
CheckOutThProduct.c(36): Resource "https://petstore.octoperf.com/images/sm_fish.gif" is in the cache already and will not be downloaded again  	[MsgId: MMSG-26655]
CheckOutThProduct.c(36): Resource "https://petstore.octoperf.com/images/sm_dogs.gif" is in the cache already and will not be downloaded again  	[MsgId: MMSG-26655]
CheckOutThProduct.c(36): Resource "https://petstore.octoperf.com/images/sm_reptiles.gif" is in the cache already and will not be downloaded again  	[MsgId: MMSG-26655]
CheckOutThProduct.c(36): Resource "https://petstore.octoperf.com/images/sm_cats.gif" is in the cache already and will not be downloaded again  	[MsgId: MMSG-26655]
CheckOutThProduct.c(36): Resource "https://petstore.octoperf.com/images/sm_birds.gif" is in the cache already and will not be downloaded again  	[MsgId: MMSG-26655]
CheckOutThProduct.c(36): Resource "https://petstore.octoperf.com/images/banner_fish.gif" is in the cache already and will not be downloaded again  	[MsgId: MMSG-26655]
CheckOutThProduct.c(36): Registered web_reg_find successful for "Text=Confirm" (count=1)  	[MsgId: MMSG-26364]
CheckOutThProduct.c(36): web_submit_form("Order.action") was successful, 4526 body bytes, 225 header bytes  	[MsgId: MMSG-26386]
CheckOutThProduct.c(54): Notify: Transaction "PetStore_ClickOnContinue_T03" ended with a "Pass" status (Duration: 0.2504 Wasted Time: 0.0000).	[MsgId: MMSG-16871]
CheckOutThProduct.c(56): lr_think_time: 4.20 seconds (recorded think time was 5.00 seconds).	[MsgId: MMSG-15947]
Login.c(26): Redirecting "https://petstore.octoperf.com/actions/Account.action" (redirection depth is 0)  	[MsgId: MMSG-26694]
Login.c(26): To location "https://petstore.octoperf.com/actions/Catalog.action"  	[MsgId: MMSG-26693]
Login.c(26): Resource "https://petstore.octoperf.com/css/jpetstore.css" is in the cache already and will not be downloaded again  	[MsgId: MMSG-26655]
Login.c(26): Resource "https://petstore.octoperf.com/images/logo-topbar.svg" is in the cache already and will not be downloaded again  	[MsgId: MMSG-26655]
Login.c(26): Resource "https://petstore.octoperf.com/images/cart.gif" is in the cache already and will not be downloaded again  	[MsgId: MMSG-26655]
Login.c(26): Resource "https://petstore.octoperf.com/images/separator.gif" is in the cache already and will not be downloaded again  	[MsgId: MMSG-26655]
Login.c(26): Resource "https://petstore.octoperf.com/images/sm_fish.gif" is in the cache already and will not be downloaded again  	[MsgId: MMSG-26655]
Login.c(26): Resource "https://petstore.octoperf.com/images/sm_dogs.gif" is in the cache already and will not be downloaded again  	[MsgId: MMSG-26655]
Login.c(26): Resource "https://petstore.octoperf.com/images/sm_reptiles.gif" is in the cache already and will not be downloaded again  	[MsgId: MMSG-26655]
Login.c(26): Resource "https://petstore.octoperf.com/images/sm_cats.gif" is in the cache already and will not be downloaded again  	[MsgId: MMSG-26655]
Login.c(26): Resource "https://petstore.octoperf.com/images/sm_birds.gif" is in the cache already and will not be downloaded again  	[MsgId: MMSG-26655]
Login.c(26): Resource "https://petstore.octoperf.com/images/fish_icon.gif" is in the cache already and will not be downloaded again  	[MsgId: MMSG-26655]
Login.c(26): Resource "https://petstore.octoperf.com/images/dogs_icon.gif" is in the cache already and will not be downloaded again  	[MsgId: MMSG-26655]
Login.c(26): Resource "https://petstore.octoperf.com/images/cats_icon.gif" is in the cache already and will not be downloaded again  	[MsgId: MMSG-26655]
Login.c(26): Resource "https://petstore.octoperf.com/images/reptiles_icon.gif" is in the cache already and will not be downloaded again  	[MsgId: MMSG-26655]
Login.c(26): Resource "https://petstore.octoperf.com/images/birds_icon.gif" is in the cache already and will not be downloaded again  	[MsgId: MMSG-26655]
Login.c(26): Resource "https://petstore.octoperf.com/images/splash.gif" is in the cache already and will not be downloaded again  	[MsgId: MMSG-26655]
Login.c(26): Found resource "https://petstore.octoperf.com/images/banner_fish.gif" in HTML "https://petstore.octoperf.com/actions/Catalog.action"  	[MsgId: MMSG-26659]
Login.c(26): Notify: Saving Parameter "ProductName_1 = BIRDS".	[MsgId: MMSG-13798]
Login.c(26): Notify: Saving Parameter "ProductName_2 = FISH".	[MsgId: MMSG-13798]
Login.c(26): Notify: Saving Parameter "ProductName_3 = DOGS".	[MsgId: MMSG-13798]
Login.c(26): Notify: Saving Parameter "ProductName_4 = REPTILES".	[MsgId: MMSG-13798]
Login.c(26): Notify: Saving Parameter "ProductName_5 = CATS".	[MsgId: MMSG-13798]
Login.c(26): Notify: Saving Parameter "ProductName_6 = BIRDS".	[MsgId: MMSG-13798]
Login.c(26): Notify: Saving Parameter "ProductName_count = 6".	[MsgId: MMSG-13798]
Login.c(26): Registered web_reg_find successful for "Text=My Account" (count=1)  	[MsgId: MMSG-26364]
Login.c(26): web_submit_form("Account.action") was successful, 11416 body bytes, 727 header bytes  	[MsgId: MMSG-26386]
Login.c(34): Notify: Transaction "PetStore_Login_T01" ended with a "Pass" status (Duration: 0.5048 Wasted Time: 0.0004).	[MsgId: MMSG-16871]
Ending action Login.	[MsgId: MMSG-15918]
Starting action CheckOutThProduct.	[MsgId: MMSG-15919]
AddToCard.c(8): Notify: Transaction "PetStore_AddAproduct_T01" started.	[MsgId: MMSG-16999]
AddToCard.c(11): Notify: Parameter Substitution: parameter "ProductName_count" =  "6"	[MsgId: MMSG-13992]
AddToCard.c(12): Notify: Parameter Substitution: parameter "ProductName_1" =  "BIRDS"	[MsgId: MMSG-13992]
AddToCard.c(14): Notify: Saving Parameter "RandCategory = BIRDS".	[MsgId: MMSG-13798]
AddToCard.c(15): Notify: Parameter Substitution: parameter "RandCategory" =  "BIRDS"	[MsgId: MMSG-13992]
AddToCard.c(15): Random category selected in Action2 = BIRDS	[MsgId: MMSG-17999]
AddToCard.c(17): web_reg_find started  	[MsgId: MMSG-26355]
AddToCard.c(17): Notify: Parameter Substitution: parameter "RandCategory" =  "BIRDS"	[MsgId: MMSG-13992]
AddToCard.c(17): Registering web_reg_find was successful  	[MsgId: MMSG-26390]
AddToCard.c(20): web_reg_save_param_regexp started  	[MsgId: MMSG-26355]
AddToCard.c(20): Registering web_reg_save_param_regexp was successful  	[MsgId: MMSG-26390]
AddToCard.c(27): web_url("Catalog.action_2") started  	[MsgId: MMSG-26355]
AddToCard.c(27): Notify: Parameter Substitution: parameter "RandCategory" =  "BIRDS"	[MsgId: MMSG-13992]
Registration.c(57): Notify: Transaction "PetStore_SubmitRegistration_T04" started.	[MsgId: MMSG-16999]
Registration.c(59): web_reg_find started  	[MsgId: MMSG-26355]
Registration.c(59): Registering web_reg_find was successful  	[MsgId: MMSG-26390]
Registration.c(66): Notify: Saving Parameter "randomUsername = CIPR".	[MsgId: MMSG-13798]
Registration.c(72): Notify: Saving Parameter "randompass = iwjc".	[MsgId: MMSG-13798]
Registration.c(86): Notify: Saving Parameter "randomFirstName = wempv".	[MsgId: MMSG-13798]
Registration.c(87): Notify: Saving Parameter "randomLastName = zgduw".	[MsgId: MMSG-13798]
Registration.c(99): Notify: Saving Parameter "RandomPhone = 9370952722".	[MsgId: MMSG-13798]
Registration.c(108): Notify: Saving Parameter "RandomZip = 266049".	[MsgId: MMSG-13798]
Registration.c(111): web_submit_form("Account.action") started  	[MsgId: MMSG-26355]
Registration.c(111): Notify: Parameter Substitution: parameter "randomUsername" =  "CIPR"	[MsgId: MMSG-13992]
Registration.c(111): Notify: Parameter Substitution: parameter "randompass" =  "iwjc"	[MsgId: MMSG-13992]
Registration.c(111): Notify: Parameter Substitution: parameter "randompass" =  "iwjc"	[MsgId: MMSG-13992]
Registration.c(111): Notify: Parameter Substitution: parameter "randomFirstName" =  "wempv"	[MsgId: MMSG-13992]
Registration.c(111): Notify: Parameter Substitution: parameter "randomLastName" =  "zgduw"	[MsgId: MMSG-13992]
Registration.c(111): Notify: Parameter Substitution: parameter "randomFirstName" =  "wempv"	[MsgId: MMSG-13992]
Registration.c(111): Notify: Parameter Substitution: parameter "randomLastName" =  "zgduw"	[MsgId: MMSG-13992]
Registration.c(111): Notify: Parameter Substitution: parameter "RandomPhone" =  "9370952722"	[MsgId: MMSG-13992]
Registration.c(111): Notify: Parameter Substitution: parameter "RandomZip" =  "266049"	[MsgId: MMSG-13992]
Registration.c(111): Submitting form to "https://petstore.octoperf.com/actions/Account.action", Target Frame=""  	[MsgId: MMSG-27978]
CheckOutThProduct.c(31): Notify: Transaction "PetStore_ClickOnContinue_T03" started.	[MsgId: MMSG-16999]
CheckOutThProduct.c(33): web_reg_find started  	[MsgId: MMSG-26355]
CheckOutThProduct.c(33): Registering web_reg_find was successful  	[MsgId: MMSG-26390]
CheckOutThProduct.c(36): web_submit_form("Order.action") started  	[MsgId: MMSG-26355]
CheckOutThProduct.c(36): Submitting form to "https://petstore.octoperf.com/actions/Order.action", Target Frame=""  	[MsgId: MMSG-27978]
AddToCard.c(27): Resource "https://petstore.octoperf.com/css/jpetstore.css" is in the cache already and will not be downloaded again  	[MsgId: MMSG-26655]
AddToCard.c(27): Resource "https://petstore.octoperf.com/images/logo-topbar.svg" is in the cache already and will not be downloaded again  	[MsgId: MMSG-26655]
AddToCard.c(27): Resource "https://petstore.octoperf.com/images/cart.gif" is in the cache already and will not be downloaded again  	[MsgId: MMSG-26655]
AddToCard.c(27): Resource "https://petstore.octoperf.com/images/separator.gif" is in the cache already and will not be downloaded again  	[MsgId: MMSG-26655]
AddToCard.c(27): Resource "https://petstore.octoperf.com/images/sm_fish.gif" is in the cache already and will not be downloaded again  	[MsgId: MMSG-26655]
AddToCard.c(27): Resource "https://petstore.octoperf.com/images/sm_dogs.gif" is in the cache already and will not be downloaded again  	[MsgId: MMSG-26655]
AddToCard.c(27): Resource "https://petstore.octoperf.com/images/sm_reptiles.gif" is in the cache already and will not be downloaded again  	[MsgId: MMSG-26655]
AddToCard.c(27): Resource "https://petstore.octoperf.com/images/sm_cats.gif" is in the cache already and will not be downloaded again  	[MsgId: MMSG-26655]
AddToCard.c(27): Resource "https://petstore.octoperf.com/images/sm_birds.gif" is in the cache already and will not be downloaded again  	[MsgId: MMSG-26655]
AddToCard.c(27): Resource "https://petstore.octoperf.com/images/banner_fish.gif" is in the cache already and will not be downloaded again  	[MsgId: MMSG-26655]
AddToCard.c(27): Notify: Saving Parameter "productId_1 = AV-CB-01".	[MsgId: MMSG-13798]
AddToCard.c(27): Notify: Saving Parameter "productId_2 = AV-SB-02".	[MsgId: MMSG-13798]
AddToCard.c(27): Notify: Saving Parameter "productId_count = 2".	[MsgId: MMSG-13798]
AddToCard.c(27): Registered web_reg_find successful for "Text=BIRDS" (count=1)  	[MsgId: MMSG-26364]
AddToCard.c(27): web_url("Catalog.action_2") was successful, 3625 body bytes, 225 header bytes  	[MsgId: MMSG-26386]
AddToCard.c(36): Notify: Transaction "PetStore_AddAproduct_T01" ended with a "Pass" status (Duration: 0.2903 Wasted Time: 0.0002).	[MsgId: MMSG-16871]
AddToCard.c(38): lr_think_time: 4.98 seconds (recorded think time was 5.00 seconds).	[MsgId: MMSG-15947]
AddToCard.c(67): Notify: Transaction "PetStore_SelectItemId_T03" started.	[MsgId: MMSG-16999]
AddToCard.c(71): Notify: Parameter Substitution: parameter "itemId_count" =  "4"	[MsgId: MMSG-13992]
AddToCard.c(72): Notify: Parameter Substitution: parameter "itemId_2" =  "EST-23"	[MsgId: MMSG-13992]
AddToCard.c(74): Notify: Saving Parameter "RanditemId = EST-23".	[MsgId: MMSG-13798]
AddToCard.c(75): Notify: Parameter Substitution: parameter "RanditemId" =  "EST-23"	[MsgId: MMSG-13992]
AddToCard.c(75): Random category selected in Action2 = EST-23	[MsgId: MMSG-17999]
AddToCard.c(77): web_reg_find started  	[MsgId: MMSG-26355]
AddToCard.c(77): Notify: Parameter Substitution: parameter "RanditemId" =  "EST-23"	[MsgId: MMSG-13992]
AddToCard.c(77): Registering web_reg_find was successful  	[MsgId: MMSG-26390]
AddToCard.c(79): web_link("{RanditemId}") started  	[MsgId: MMSG-26355]
AddToCard.c(79): Notify: Parameter Substitution: parameter "RanditemId" =  "EST-23"	[MsgId: MMSG-13992]
AddToCard.c(79): Linking to "https://petstore.octoperf.com/actions/Catalog.action?viewItem=&itemId=EST-23", Target Frame=""  	[MsgId: MMSG-27994]
Registration.c(111): Redirecting "https://petstore.octoperf.com/actions/Account.action" (redirection depth is 0)  	[MsgId: MMSG-26694]
Registration.c(111): To location "https://petstore.octoperf.com/actions/Catalog.action"  	[MsgId: MMSG-26693]
AddToCard.c(79): Resource "https://petstore.octoperf.com/css/jpetstore.css" is in the cache already and will not be downloaded again  	[MsgId: MMSG-26655]
AddToCard.c(79): Resource "https://petstore.octoperf.com/images/logo-topbar.svg" is in the cache already and will not be downloaded again  	[MsgId: MMSG-26655]
AddToCard.c(79): Resource "https://petstore.octoperf.com/images/cart.gif" is in the cache already and will not be downloaded again  	[MsgId: MMSG-26655]
AddToCard.c(79): Resource "https://petstore.octoperf.com/images/separator.gif" is in the cache already and will not be downloaded again  	[MsgId: MMSG-26655]
AddToCard.c(79): Resource "https://petstore.octoperf.com/images/sm_fish.gif" is in the cache already and will not be downloaded again  	[MsgId: MMSG-26655]
AddToCard.c(79): Resource "https://petstore.octoperf.com/images/sm_dogs.gif" is in the cache already and will not be downloaded again  	[MsgId: MMSG-26655]
AddToCard.c(79): Resource "https://petstore.octoperf.com/images/sm_reptiles.gif" is in the cache already and will not be downloaded again  	[MsgId: MMSG-26655]
AddToCard.c(79): Resource "https://petstore.octoperf.com/images/sm_cats.gif" is in the cache already and will not be downloaded again  	[MsgId: MMSG-26655]
AddToCard.c(79): Resource "https://petstore.octoperf.com/images/sm_birds.gif" is in the cache already and will not be downloaded again  	[MsgId: MMSG-26655]
AddToCard.c(79): Found resource "https://petstore.octoperf.com/images/dog5.gif" in HTML "https://petstore.octoperf.com/actions/Catalog.action?viewItem=&itemId=EST-23"  	[MsgId: MMSG-26659]
AddToCard.c(79): Resource "https://petstore.octoperf.com/images/banner_fish.gif" is in the cache already and will not be downloaded again  	[MsgId: MMSG-26655]
Registration.c(111): Resource "https://petstore.octoperf.com/css/jpetstore.css" is in the cache already and will not be downloaded again  	[MsgId: MMSG-26655]
Registration.c(111): Resource "https://petstore.octoperf.com/images/logo-topbar.svg" is in the cache already and will not be downloaded again  	[MsgId: MMSG-26655]
Registration.c(111): Resource "https://petstore.octoperf.com/images/cart.gif" is in the cache already and will not be downloaded again  	[MsgId: MMSG-26655]
Registration.c(111): Resource "https://petstore.octoperf.com/images/separator.gif" is in the cache already and will not be downloaded again  	[MsgId: MMSG-26655]
Registration.c(111): Resource "https://petstore.octoperf.com/images/sm_fish.gif" is in the cache already and will not be downloaded again  	[MsgId: MMSG-26655]
Registration.c(111): Resource "https://petstore.octoperf.com/images/sm_dogs.gif" is in the cache already and will not be downloaded again  	[MsgId: MMSG-26655]
Registration.c(111): Resource "https://petstore.octoperf.com/images/sm_reptiles.gif" is in the cache already and will not be downloaded again  	[MsgId: MMSG-26655]
Registration.c(111): Resource "https://petstore.octoperf.com/images/sm_cats.gif" is in the cache already and will not be downloaded again  	[MsgId: MMSG-26655]
Registration.c(111): Resource "https://petstore.octoperf.com/images/sm_birds.gif" is in the cache already and will not be downloaded again  	[MsgId: MMSG-26655]
Registration.c(111): Resource "https://petstore.octoperf.com/images/fish_icon.gif" is in the cache already and will not be downloaded again  	[MsgId: MMSG-26655]
Registration.c(111): Resource "https://petstore.octoperf.com/images/dogs_icon.gif" is in the cache already and will not be downloaded again  	[MsgId: MMSG-26655]
Registration.c(111): Resource "https://petstore.octoperf.com/images/cats_icon.gif" is in the cache already and will not be downloaded again  	[MsgId: MMSG-26655]
Registration.c(111): Resource "https://petstore.octoperf.com/images/reptiles_icon.gif" is in the cache already and will not be downloaded again  	[MsgId: MMSG-26655]
Registration.c(111): Resource "https://petstore.octoperf.com/images/birds_icon.gif" is in the cache already and will not be downloaded again  	[MsgId: MMSG-26655]
Registration.c(111): Resource "https://petstore.octoperf.com/images/splash.gif" is in the cache already and will not be downloaded again  	[MsgId: MMSG-26655]
Registration.c(111): Registered web_reg_find successful for "Text=Elevate you load-testing" (count=1)  	[MsgId: MMSG-26364]
Registration.c(111): web_submit_form("Account.action") was successful, 4736 body bytes, 443 header bytes  	[MsgId: MMSG-26386]
Registration.c(133): Notify: Transaction "PetStore_SubmitRegistration_T04" ended with a "Pass" status (Duration: 0.3824 Wasted Time: 0.0000).	[MsgId: MMSG-16871]
Registration.c(135): lr_think_time: 3.35 seconds (recorded think time was 5.00 seconds).	[MsgId: MMSG-15947]
CheckOutThProduct.c(36): Resource "https://petstore.octoperf.com/css/jpetstore.css" is in the cache already and will not be downloaded again  	[MsgId: MMSG-26655]
CheckOutThProduct.c(36): Resource "https://petstore.octoperf.com/images/logo-topbar.svg" is in the cache already and will not be downloaded again  	[MsgId: MMSG-26655]
CheckOutThProduct.c(36): Resource "https://petstore.octoperf.com/images/cart.gif" is in the cache already and will not be downloaded again  	[MsgId: MMSG-26655]
CheckOutThProduct.c(36): Resource "https://petstore.octoperf.com/images/separator.gif" is in the cache already and will not be downloaded again  	[MsgId: MMSG-26655]
CheckOutThProduct.c(36): Resource "https://petstore.octoperf.com/images/sm_fish.gif" is in the cache already and will not be downloaded again  	[MsgId: MMSG-26655]
CheckOutThProduct.c(36): Resource "https://petstore.octoperf.com/images/sm_dogs.gif" is in the cache already and will not be downloaded again  	[MsgId: MMSG-26655]
CheckOutThProduct.c(36): Resource "https://petstore.octoperf.com/images/sm_reptiles.gif" is in the cache already and will not be downloaded again  	[MsgId: MMSG-26655]
CheckOutThProduct.c(36): Resource "https://petstore.octoperf.com/images/sm_cats.gif" is in the cache already and will not be downloaded again  	[MsgId: MMSG-26655]
CheckOutThProduct.c(36): Resource "https://petstore.octoperf.com/images/sm_birds.gif" is in the cache already and will not be downloaded again  	[MsgId: MMSG-26655]
CheckOutThProduct.c(36): Resource "https://petstore.octoperf.com/images/banner_fish.gif" is in the cache already and will not be downloaded again  	[MsgId: MMSG-26655]
CheckOutThProduct.c(36): Registered web_reg_find successful for "Text=Confirm" (count=1)  	[MsgId: MMSG-26364]
CheckOutThProduct.c(36): web_submit_form("Order.action") was successful, 4526 body bytes, 225 header bytes  	[MsgId: MMSG-26386]
CheckOutThProduct.c(54): Notify: Transaction "PetStore_ClickOnContinue_T03" ended with a "Pass" status (Duration: 0.2509 Wasted Time: 0.0000).	[MsgId: MMSG-16871]
CheckOutThProduct.c(56): lr_think_time: 4.01 seconds (recorded think time was 5.00 seconds).	[MsgId: MMSG-15947]
CheckOutThProduct.c(19): Notify: Transaction "PetStore_ClickOnProccedToCheckOut_T02" started.	[MsgId: MMSG-16999]
CheckOutThProduct.c(20): web_reg_find started  	[MsgId: MMSG-26355]
CheckOutThProduct.c(20): Registering web_reg_find was successful  	[MsgId: MMSG-26390]
CheckOutThProduct.c(23): web_link("Proceed to Checkout") started  	[MsgId: MMSG-26355]
CheckOutThProduct.c(23): Linking to "https://petstore.octoperf.com/actions/Order.action?newOrderForm=", Target Frame=""  	[MsgId: MMSG-27994]
AddToCard.c(79): Registered web_reg_find successful for "Text=EST-23" (count=2)  	[MsgId: MMSG-26364]
AddToCard.c(79): web_link("{RanditemId}") was successful, 16486 body bytes, 511 header bytes  	[MsgId: MMSG-26386]
AddToCard.c(84): Notify: Transaction "PetStore_SelectItemId_T03" ended with a "Pass" status (Duration: 0.3794 Wasted Time: 0.0000).	[MsgId: MMSG-16871]
AddToCard.c(86): lr_think_time: 4.93 seconds (recorded think time was 5.00 seconds).	[MsgId: MMSG-15947]
CheckOutThProduct.c(23): Resource "https://petstore.octoperf.com/css/jpetstore.css" is in the cache already and will not be downloaded again  	[MsgId: MMSG-26655]
CheckOutThProduct.c(23): Resource "https://petstore.octoperf.com/images/logo-topbar.svg" is in the cache already and will not be downloaded again  	[MsgId: MMSG-26655]
CheckOutThProduct.c(23): Resource "https://petstore.octoperf.com/images/cart.gif" is in the cache already and will not be downloaded again  	[MsgId: MMSG-26655]
CheckOutThProduct.c(23): Resource "https://petstore.octoperf.com/images/separator.gif" is in the cache already and will not be downloaded again  	[MsgId: MMSG-26655]
CheckOutThProduct.c(23): Resource "https://petstore.octoperf.com/images/sm_fish.gif" is in the cache already and will not be downloaded again  	[MsgId: MMSG-26655]
CheckOutThProduct.c(23): Resource "https://petstore.octoperf.com/images/sm_dogs.gif" is in the cache already and will not be downloaded again  	[MsgId: MMSG-26655]
CheckOutThProduct.c(23): Resource "https://petstore.octoperf.com/images/sm_reptiles.gif" is in the cache already and will not be downloaded again  	[MsgId: MMSG-26655]
CheckOutThProduct.c(23): Resource "https://petstore.octoperf.com/images/sm_cats.gif" is in the cache already and will not be downloaded again  	[MsgId: MMSG-26655]
CheckOutThProduct.c(23): Resource "https://petstore.octoperf.com/images/sm_birds.gif" is in the cache already and will not be downloaded again  	[MsgId: MMSG-26655]
CheckOutThProduct.c(23): Resource "https://petstore.octoperf.com/images/banner_fish.gif" is in the cache already and will not be downloaded again  	[MsgId: MMSG-26655]
CheckOutThProduct.c(23): Registered web_reg_find successful for "Text=Payment Details" (count=1)  	[MsgId: MMSG-26364]
CheckOutThProduct.c(23): web_link("Proceed to Checkout") was successful, 5376 body bytes, 225 header bytes  	[MsgId: MMSG-26386]
CheckOutThProduct.c(27): Notify: Transaction "PetStore_ClickOnProccedToCheckOut_T02" ended with a "Pass" status (Duration: 0.1283 Wasted Time: 0.0000).	[MsgId: MMSG-16871]
CheckOutThProduct.c(29): lr_think_time: 4.32 seconds (recorded think time was 5.00 seconds).	[MsgId: MMSG-15947]
AddToCard.c(40): Notify: Transaction "PetStore_SelectProductId_T02" started.	[MsgId: MMSG-16999]
AddToCard.c(43): Notify: Parameter Substitution: parameter "productId_count" =  "2"	[MsgId: MMSG-13992]
AddToCard.c(44): Notify: Parameter Substitution: parameter "productId_1" =  "AV-CB-01"	[MsgId: MMSG-13992]
AddToCard.c(46): Notify: Saving Parameter "RandproductId = AV-CB-01".	[MsgId: MMSG-13798]
AddToCard.c(47): Notify: Parameter Substitution: parameter "RandproductId" =  "AV-CB-01"	[MsgId: MMSG-13992]
AddToCard.c(47): Random category selected in Action2 = AV-CB-01	[MsgId: MMSG-17999]
AddToCard.c(49): web_reg_find started  	[MsgId: MMSG-26355]
AddToCard.c(49): Notify: Parameter Substitution: parameter "RandproductId" =  "AV-CB-01"	[MsgId: MMSG-13992]
AddToCard.c(49): Registering web_reg_find was successful  	[MsgId: MMSG-26390]
AddToCard.c(51): web_reg_save_param_regexp started  	[MsgId: MMSG-26355]
AddToCard.c(51): Registering web_reg_save_param_regexp was successful  	[MsgId: MMSG-26390]
AddToCard.c(58): web_link("{RandproductId}") started  	[MsgId: MMSG-26355]
AddToCard.c(58): Notify: Parameter Substitution: parameter "RandproductId" =  "AV-CB-01"	[MsgId: MMSG-13992]
AddToCard.c(58): Linking to "https://petstore.octoperf.com/actions/Catalog.action?viewProduct=&productId=AV-CB-01", Target Frame=""  	[MsgId: MMSG-27994]
AddToCard.c(58): Resource "https://petstore.octoperf.com/css/jpetstore.css" is in the cache already and will not be downloaded again  	[MsgId: MMSG-26655]
AddToCard.c(58): Resource "https://petstore.octoperf.com/images/logo-topbar.svg" is in the cache already and will not be downloaded again  	[MsgId: MMSG-26655]
AddToCard.c(58): Resource "https://petstore.octoperf.com/images/cart.gif" is in the cache already and will not be downloaded again  	[MsgId: MMSG-26655]
AddToCard.c(58): Resource "https://petstore.octoperf.com/images/separator.gif" is in the cache already and will not be downloaded again  	[MsgId: MMSG-26655]
AddToCard.c(58): Resource "https://petstore.octoperf.com/images/sm_fish.gif" is in the cache already and will not be downloaded again  	[MsgId: MMSG-26655]
AddToCard.c(58): Resource "https://petstore.octoperf.com/images/sm_dogs.gif" is in the cache already and will not be downloaded again  	[MsgId: MMSG-26655]
AddToCard.c(58): Resource "https://petstore.octoperf.com/images/sm_reptiles.gif" is in the cache already and will not be downloaded again  	[MsgId: MMSG-26655]
AddToCard.c(58): Resource "https://petstore.octoperf.com/images/sm_cats.gif" is in the cache already and will not be downloaded again  	[MsgId: MMSG-26655]
AddToCard.c(58): Resource "https://petstore.octoperf.com/images/sm_birds.gif" is in the cache already and will not be downloaded again  	[MsgId: MMSG-26655]
AddToCard.c(58): Resource "https://petstore.octoperf.com/images/banner_fish.gif" is in the cache already and will not be downloaded again  	[MsgId: MMSG-26655]
AddToCard.c(58): Notify: Saving Parameter "itemId_1 = EST-18".	[MsgId: MMSG-13798]
AddToCard.c(58): Notify: Saving Parameter "itemId_count = 1".	[MsgId: MMSG-13798]
AddToCard.c(58): Registered web_reg_find successful for "Text=AV-CB-01" (count=1)  	[MsgId: MMSG-26364]
AddToCard.c(58): web_link("{RandproductId}") was successful, 3795 body bytes, 225 header bytes  	[MsgId: MMSG-26386]
AddToCard.c(63): Notify: Transaction "PetStore_SelectProductId_T02" ended with a "Pass" status (Duration: 0.1282 Wasted Time: 0.0002).	[MsgId: MMSG-16871]
AddToCard.c(65): lr_think_time: 2.98 seconds (recorded think time was 5.00 seconds).	[MsgId: MMSG-15947]
Registration.c(57): Notify: Transaction "PetStore_SubmitRegistration_T04" started.	[MsgId: MMSG-16999]
Registration.c(59): web_reg_find started  	[MsgId: MMSG-26355]
Registration.c(59): Registering web_reg_find was successful  	[MsgId: MMSG-26390]
Registration.c(66): Notify: Saving Parameter "randomUsername = UZWJ".	[MsgId: MMSG-13798]
Registration.c(72): Notify: Saving Parameter "randompass = vscy".	[MsgId: MMSG-13798]
Registration.c(86): Notify: Saving Parameter "randomFirstName = ergzn".	[MsgId: MMSG-13798]
Registration.c(87): Notify: Saving Parameter "randomLastName = nffab".	[MsgId: MMSG-13798]
Registration.c(99): Notify: Saving Parameter "RandomPhone = :016811744".	[MsgId: MMSG-13798]
Registration.c(108): Notify: Saving Parameter "RandomZip = 180324".	[MsgId: MMSG-13798]
Registration.c(111): web_submit_form("Account.action") started  	[MsgId: MMSG-26355]
Registration.c(111): Notify: Parameter Substitution: parameter "randomUsername" =  "UZWJ"	[MsgId: MMSG-13992]
Registration.c(111): Notify: Parameter Substitution: parameter "randompass" =  "vscy"	[MsgId: MMSG-13992]
Registration.c(111): Notify: Parameter Substitution: parameter "randompass" =  "vscy"	[MsgId: MMSG-13992]
Registration.c(111): Notify: Parameter Substitution: parameter "randomFirstName" =  "ergzn"	[MsgId: MMSG-13992]
Registration.c(111): Notify: Parameter Substitution: parameter "randomLastName" =  "nffab"	[MsgId: MMSG-13992]
Registration.c(111): Notify: Parameter Substitution: parameter "randomFirstName" =  "ergzn"	[MsgId: MMSG-13992]
Registration.c(111): Notify: Parameter Substitution: parameter "randomLastName" =  "nffab"	[MsgId: MMSG-13992]
Registration.c(111): Notify: Parameter Substitution: parameter "RandomPhone" =  ":016811744"	[MsgId: MMSG-13992]
Registration.c(111): Notify: Parameter Substitution: parameter "RandomZip" =  "180324"	[MsgId: MMSG-13992]
Registration.c(111): Submitting form to "https://petstore.octoperf.com/actions/Account.action", Target Frame=""  	[MsgId: MMSG-27978]
Registration.c(111): Redirecting "https://petstore.octoperf.com/actions/Account.action" (redirection depth is 0)  	[MsgId: MMSG-26694]
Registration.c(111): To location "https://petstore.octoperf.com/actions/Catalog.action"  	[MsgId: MMSG-26693]
CheckOutThProduct.c(58): Notify: Transaction "PetStore_ClickOnConform_T04" started.	[MsgId: MMSG-16999]
CheckOutThProduct.c(59): web_reg_find started  	[MsgId: MMSG-26355]
CheckOutThProduct.c(59): Registering web_reg_find was successful  	[MsgId: MMSG-26390]
CheckOutThProduct.c(62): web_link("Confirm") started  	[MsgId: MMSG-26355]
CheckOutThProduct.c(62): Linking to "https://petstore.octoperf.com/actions/Order.action?newOrder=&confirmed=true", Target Frame=""  	[MsgId: MMSG-27994]
Registration.c(137): Notify: Transaction "PetStore_SignOut_T05" started.	[MsgId: MMSG-16999]
Registration.c(139): web_reg_find started  	[MsgId: MMSG-26355]
Registration.c(139): Registering web_reg_find was successful  	[MsgId: MMSG-26390]
Registration.c(142): web_url("Account.action_2") started  	[MsgId: MMSG-26355]
Registration.c(111): Resource "https://petstore.octoperf.com/css/jpetstore.css" is in the cache already and will not be downloaded again  	[MsgId: MMSG-26655]
Registration.c(111): Resource "https://petstore.octoperf.com/images/logo-topbar.svg" is in the cache already and will not be downloaded again  	[MsgId: MMSG-26655]
Registration.c(111): Resource "https://petstore.octoperf.com/images/cart.gif" is in the cache already and will not be downloaded again  	[MsgId: MMSG-26655]
Registration.c(111): Resource "https://petstore.octoperf.com/images/separator.gif" is in the cache already and will not be downloaded again  	[MsgId: MMSG-26655]
Registration.c(111): Resource "https://petstore.octoperf.com/images/sm_fish.gif" is in the cache already and will not be downloaded again  	[MsgId: MMSG-26655]
Registration.c(111): Resource "https://petstore.octoperf.com/images/sm_dogs.gif" is in the cache already and will not be downloaded again  	[MsgId: MMSG-26655]
Registration.c(111): Resource "https://petstore.octoperf.com/images/sm_reptiles.gif" is in the cache already and will not be downloaded again  	[MsgId: MMSG-26655]
Registration.c(111): Resource "https://petstore.octoperf.com/images/sm_cats.gif" is in the cache already and will not be downloaded again  	[MsgId: MMSG-26655]
Registration.c(111): Resource "https://petstore.octoperf.com/images/sm_birds.gif" is in the cache already and will not be downloaded again  	[MsgId: MMSG-26655]
Registration.c(111): Resource "https://petstore.octoperf.com/images/fish_icon.gif" is in the cache already and will not be downloaded again  	[MsgId: MMSG-26655]
Registration.c(111): Resource "https://petstore.octoperf.com/images/dogs_icon.gif" is in the cache already and will not be downloaded again  	[MsgId: MMSG-26655]
Registration.c(111): Resource "https://petstore.octoperf.com/images/cats_icon.gif" is in the cache already and will not be downloaded again  	[MsgId: MMSG-26655]
Registration.c(111): Resource "https://petstore.octoperf.com/images/reptiles_icon.gif" is in the cache already and will not be downloaded again  	[MsgId: MMSG-26655]
Registration.c(111): Resource "https://petstore.octoperf.com/images/birds_icon.gif" is in the cache already and will not be downloaded again  	[MsgId: MMSG-26655]
Registration.c(111): Resource "https://petstore.octoperf.com/images/splash.gif" is in the cache already and will not be downloaded again  	[MsgId: MMSG-26655]
Registration.c(111): Registered web_reg_find successful for "Text=Elevate you load-testing" (count=1)  	[MsgId: MMSG-26364]
Registration.c(111): web_submit_form("Account.action") was successful, 4736 body bytes, 443 header bytes  	[MsgId: MMSG-26386]
Registration.c(133): Notify: Transaction "PetStore_SubmitRegistration_T04" ended with a "Pass" status (Duration: 0.3815 Wasted Time: 0.0000).	[MsgId: MMSG-16871]
Registration.c(135): lr_think_time: 3.31 seconds (recorded think time was 5.00 seconds).	[MsgId: MMSG-15947]
CheckOutThProduct.c(62): Resource "https://petstore.octoperf.com/css/jpetstore.css" is in the cache already and will not be downloaded again  	[MsgId: MMSG-26655]
CheckOutThProduct.c(62): Resource "https://petstore.octoperf.com/images/logo-topbar.svg" is in the cache already and will not be downloaded again  	[MsgId: MMSG-26655]
CheckOutThProduct.c(62): Resource "https://petstore.octoperf.com/images/cart.gif" is in the cache already and will not be downloaded again  	[MsgId: MMSG-26655]
CheckOutThProduct.c(62): Resource "https://petstore.octoperf.com/images/separator.gif" is in the cache already and will not be downloaded again  	[MsgId: MMSG-26655]
CheckOutThProduct.c(62): Resource "https://petstore.octoperf.com/images/sm_fish.gif" is in the cache already and will not be downloaded again  	[MsgId: MMSG-26655]
CheckOutThProduct.c(62): Resource "https://petstore.octoperf.com/images/sm_dogs.gif" is in the cache already and will not be downloaded again  	[MsgId: MMSG-26655]
CheckOutThProduct.c(62): Resource "https://petstore.octoperf.com/images/sm_reptiles.gif" is in the cache already and will not be downloaded again  	[MsgId: MMSG-26655]
CheckOutThProduct.c(62): Resource "https://petstore.octoperf.com/images/sm_cats.gif" is in the cache already and will not be downloaded again  	[MsgId: MMSG-26655]
CheckOutThProduct.c(62): Resource "https://petstore.octoperf.com/images/sm_birds.gif" is in the cache already and will not be downloaded again  	[MsgId: MMSG-26655]
CheckOutThProduct.c(62): Resource "https://petstore.octoperf.com/images/banner_fish.gif" is in the cache already and will not be downloaded again  	[MsgId: MMSG-26655]
CheckOutThProduct.c(62): Registered web_reg_find successful for "Text=Thank you, your order has been submitted" (count=1)  	[MsgId: MMSG-26364]
CheckOutThProduct.c(62): web_link("Confirm") was successful, 5224 body bytes, 225 header bytes  	[MsgId: MMSG-26386]
CheckOutThProduct.c(66): Notify: Transaction "PetStore_ClickOnConform_T04" ended with a "Pass" status (Duration: 0.1299 Wasted Time: 0.0000).	[MsgId: MMSG-16871]
Ending action CheckOutThProduct.	[MsgId: MMSG-15918]
Ending iteration 44.	[MsgId: MMSG-15965]
Waiting 9.8170 seconds for iteration pacing.	[MsgId: MMSG-15996]
Registration.c(142): Redirecting "https://petstore.octoperf.com/actions/Account.action?signoff=" (redirection depth is 0)  	[MsgId: MMSG-26694]
Registration.c(142): To location "https://petstore.octoperf.com/actions/Catalog.action"  	[MsgId: MMSG-26693]
Starting iteration 35.	[MsgId: MMSG-15968]
Notify: Next row for parameter UserName = 1 [table  = UserName].	[MsgId: MMSG-13876]
Notify: Getting new value for parameter 'UserName': table = 'UserCredentilas1.dat' column = '0' row = '1'.	[MsgId: MMSG-13877]
Notify: Next row for parameter PetStoreEndtoEndFlow_UserName = 1 [table  = PetStoreEndtoEndFlow_UserName].	[MsgId: MMSG-13876]
Notify: Getting new value for parameter 'PetStoreEndtoEndFlow_UserName': table = 'UserCredentilas3.dat' column = '0' row = '1'.	[MsgId: MMSG-13877]
Notify: Next row for parameter PetStoreEndtoEndFlow_pass = 1 [table  = PetStoreEndtoEndFlow_pass].	[MsgId: MMSG-13876]
Notify: Getting new value for parameter 'PetStoreEndtoEndFlow_pass': table = 'UserCredentilas4.dat' column = '0' row = '1'.	[MsgId: MMSG-13877]
Notify: Next row for parameter pass = 1 [table  = pass].	[MsgId: MMSG-13876]
Notify: Getting new value for parameter 'pass': table = 'UserCredentilas2.dat' column = '0' row = '1'.	[MsgId: MMSG-13877]
Starting action Login.	[MsgId: MMSG-15919]
Registration.c(13): Notify: Transaction "PetStore_EnterToPetStore_T01" started.	[MsgId: MMSG-16999]
Registration.c(14): web_reg_find started  	[MsgId: MMSG-26355]
Registration.c(14): Registering web_reg_find was successful  	[MsgId: MMSG-26390]
Registration.c(17): web_url("Catalog.action") started  	[MsgId: MMSG-26355]
Registration.c(142): Resource "https://petstore.octoperf.com/css/jpetstore.css" is in the cache already and will not be downloaded again  	[MsgId: MMSG-26655]
Registration.c(142): Resource "https://petstore.octoperf.com/images/logo-topbar.svg" is in the cache already and will not be downloaded again  	[MsgId: MMSG-26655]
Registration.c(142): Resource "https://petstore.octoperf.com/images/cart.gif" is in the cache already and will not be downloaded again  	[MsgId: MMSG-26655]
Registration.c(142): Resource "https://petstore.octoperf.com/images/separator.gif" is in the cache already and will not be downloaded again  	[MsgId: MMSG-26655]
Registration.c(142): Resource "https://petstore.octoperf.com/images/sm_fish.gif" is in the cache already and will not be downloaded again  	[MsgId: MMSG-26655]
Registration.c(142): Resource "https://petstore.octoperf.com/images/sm_dogs.gif" is in the cache already and will not be downloaded again  	[MsgId: MMSG-26655]
Registration.c(142): Resource "https://petstore.octoperf.com/images/sm_reptiles.gif" is in the cache already and will not be downloaded again  	[MsgId: MMSG-26655]
Registration.c(142): Resource "https://petstore.octoperf.com/images/sm_cats.gif" is in the cache already and will not be downloaded again  	[MsgId: MMSG-26655]
Registration.c(142): Resource "https://petstore.octoperf.com/images/sm_birds.gif" is in the cache already and will not be downloaded again  	[MsgId: MMSG-26655]
Registration.c(142): Resource "https://petstore.octoperf.com/images/fish_icon.gif" is in the cache already and will not be downloaded again  	[MsgId: MMSG-26655]
Registration.c(142): Resource "https://petstore.octoperf.com/images/dogs_icon.gif" is in the cache already and will not be downloaded again  	[MsgId: MMSG-26655]
Registration.c(142): Resource "https://petstore.octoperf.com/images/cats_icon.gif" is in the cache already and will not be downloaded again  	[MsgId: MMSG-26655]
Registration.c(142): Resource "https://petstore.octoperf.com/images/reptiles_icon.gif" is in the cache already and will not be downloaded again  	[MsgId: MMSG-26655]
Registration.c(142): Resource "https://petstore.octoperf.com/images/birds_icon.gif" is in the cache already and will not be downloaded again  	[MsgId: MMSG-26655]
Registration.c(142): Resource "https://petstore.octoperf.com/images/splash.gif" is in the cache already and will not be downloaded again  	[MsgId: MMSG-26655]
Registration.c(142): Registered web_reg_find successful for "Text=Sign In" (count=1)  	[MsgId: MMSG-26364]
Registration.c(142): web_url("Account.action_2") was successful, 4736 body bytes, 518 header bytes  	[MsgId: MMSG-26386]
Registration.c(151): Notify: Transaction "PetStore_SignOut_T05" ended with a "Pass" status (Duration: 0.2555 Wasted Time: 0.0000).	[MsgId: MMSG-16871]
Login.c(4): Notify: Transaction "PetStore_ClickOnSignIn_T01" started.	[MsgId: MMSG-16999]
Login.c(6): web_reg_find started  	[MsgId: MMSG-26355]
Login.c(6): Registering web_reg_find was successful  	[MsgId: MMSG-26390]
Login.c(9): web_link("Sign In") started  	[MsgId: MMSG-26355]
Login.c(9): Linking to "https://petstore.octoperf.com/actions/Account.action?signonForm=", Target Frame=""  	[MsgId: MMSG-27994]
Login.c(9): Resource "https://petstore.octoperf.com/css/jpetstore.css" is in the cache already and will not be downloaded again  	[MsgId: MMSG-26655]
Login.c(9): Resource "https://petstore.octoperf.com/images/logo-topbar.svg" is in the cache already and will not be downloaded again  	[MsgId: MMSG-26655]
Login.c(9): Resource "https://petstore.octoperf.com/images/cart.gif" is in the cache already and will not be downloaded again  	[MsgId: MMSG-26655]
Login.c(9): Resource "https://petstore.octoperf.com/images/separator.gif" is in the cache already and will not be downloaded again  	[MsgId: MMSG-26655]
Login.c(9): Resource "https://petstore.octoperf.com/images/sm_fish.gif" is in the cache already and will not be downloaded again  	[MsgId: MMSG-26655]
Login.c(9): Resource "https://petstore.octoperf.com/images/sm_dogs.gif" is in the cache already and will not be downloaded again  	[MsgId: MMSG-26655]
Login.c(9): Resource "https://petstore.octoperf.com/images/sm_reptiles.gif" is in the cache already and will not be downloaded again  	[MsgId: MMSG-26655]
Login.c(9): Resource "https://petstore.octoperf.com/images/sm_cats.gif" is in the cache already and will not be downloaded again  	[MsgId: MMSG-26655]
Login.c(9): Resource "https://petstore.octoperf.com/images/sm_birds.gif" is in the cache already and will not be downloaded again  	[MsgId: MMSG-26655]
Login.c(9): Registered web_reg_find successful for "Text=Please enter your username and password" (count=1)  	[MsgId: MMSG-26364]
Login.c(9): web_link("Sign In") was successful, 3858 body bytes, 225 header bytes  	[MsgId: MMSG-26386]
Login.c(13): Notify: Transaction "PetStore_ClickOnSignIn_T01" ended with a "Pass" status (Duration: 0.1271 Wasted Time: 0.0000).	[MsgId: MMSG-16871]
Login.c(15): lr_think_time: 4.90 seconds (recorded think time was 5.00 seconds).	[MsgId: MMSG-15947]
CheckOutThProduct.c(58): Notify: Transaction "PetStore_ClickOnConform_T04" started.	[MsgId: MMSG-16999]
CheckOutThProduct.c(59): web_reg_find started  	[MsgId: MMSG-26355]
CheckOutThProduct.c(59): Registering web_reg_find was successful  	[MsgId: MMSG-26390]
CheckOutThProduct.c(62): web_link("Confirm") started  	[MsgId: MMSG-26355]
CheckOutThProduct.c(62): Linking to "https://petstore.octoperf.com/actions/Order.action?newOrder=&confirmed=true", Target Frame=""  	[MsgId: MMSG-27994]
CheckOutThProduct.c(62): Resource "https://petstore.octoperf.com/css/jpetstore.css" is in the cache already and will not be downloaded again  	[MsgId: MMSG-26655]
CheckOutThProduct.c(62): Resource "https://petstore.octoperf.com/images/logo-topbar.svg" is in the cache already and will not be downloaded again  	[MsgId: MMSG-26655]
CheckOutThProduct.c(62): Resource "https://petstore.octoperf.com/images/cart.gif" is in the cache already and will not be downloaded again  	[MsgId: MMSG-26655]
CheckOutThProduct.c(62): Resource "https://petstore.octoperf.com/images/separator.gif" is in the cache already and will not be downloaded again  	[MsgId: MMSG-26655]
CheckOutThProduct.c(62): Resource "https://petstore.octoperf.com/images/sm_fish.gif" is in the cache already and will not be downloaded again  	[MsgId: MMSG-26655]
CheckOutThProduct.c(62): Resource "https://petstore.octoperf.com/images/sm_dogs.gif" is in the cache already and will not be downloaded again  	[MsgId: MMSG-26655]
CheckOutThProduct.c(62): Resource "https://petstore.octoperf.com/images/sm_reptiles.gif" is in the cache already and will not be downloaded again  	[MsgId: MMSG-26655]
CheckOutThProduct.c(62): Resource "https://petstore.octoperf.com/images/sm_cats.gif" is in the cache already and will not be downloaded again  	[MsgId: MMSG-26655]
CheckOutThProduct.c(62): Resource "https://petstore.octoperf.com/images/sm_birds.gif" is in the cache already and will not be downloaded again  	[MsgId: MMSG-26655]
CheckOutThProduct.c(62): Resource "https://petstore.octoperf.com/images/banner_fish.gif" is in the cache already and will not be downloaded again  	[MsgId: MMSG-26655]
CheckOutThProduct.c(62): Registered web_reg_find successful for "Text=Thank you, your order has been submitted" (count=1)  	[MsgId: MMSG-26364]
CheckOutThProduct.c(62): web_link("Confirm") was successful, 5229 body bytes, 225 header bytes  	[MsgId: MMSG-26386]
CheckOutThProduct.c(66): Notify: Transaction "PetStore_ClickOnConform_T04" ended with a "Pass" status (Duration: 0.1306 Wasted Time: 0.0000).	[MsgId: MMSG-16871]
Ending action CheckOutThProduct.	[MsgId: MMSG-15918]
Ending iteration 35.	[MsgId: MMSG-15965]
Waiting 8.9960 seconds for iteration pacing.	[MsgId: MMSG-15996]
Registration.c(17): Found resource "https://petstore.octoperf.com/css/jpetstore.css" in HTML "https://petstore.octoperf.com/actions/Catalog.action"  	[MsgId: MMSG-26659]
Registration.c(17): Found resource "https://petstore.octoperf.com/images/logo-topbar.svg" in HTML "https://petstore.octoperf.com/actions/Catalog.action"  	[MsgId: MMSG-26659]
Registration.c(17): Found resource "https://petstore.octoperf.com/images/cart.gif" in HTML "https://petstore.octoperf.com/actions/Catalog.action"  	[MsgId: MMSG-26659]
Registration.c(17): Found resource "https://petstore.octoperf.com/images/separator.gif" in HTML "https://petstore.octoperf.com/actions/Catalog.action"  	[MsgId: MMSG-26659]
Registration.c(17): Found resource "https://petstore.octoperf.com/images/sm_fish.gif" in HTML "https://petstore.octoperf.com/actions/Catalog.action"  	[MsgId: MMSG-26659]
Registration.c(17): Found resource "https://petstore.octoperf.com/images/sm_dogs.gif" in HTML "https://petstore.octoperf.com/actions/Catalog.action"  	[MsgId: MMSG-26659]
Registration.c(17): Found resource "https://petstore.octoperf.com/images/sm_reptiles.gif" in HTML "https://petstore.octoperf.com/actions/Catalog.action"  	[MsgId: MMSG-26659]
Registration.c(17): Found resource "https://petstore.octoperf.com/images/sm_cats.gif" in HTML "https://petstore.octoperf.com/actions/Catalog.action"  	[MsgId: MMSG-26659]
Registration.c(17): Found resource "https://petstore.octoperf.com/images/sm_birds.gif" in HTML "https://petstore.octoperf.com/actions/Catalog.action"  	[MsgId: MMSG-26659]
Registration.c(17): Found resource "https://petstore.octoperf.com/images/fish_icon.gif" in HTML "https://petstore.octoperf.com/actions/Catalog.action"  	[MsgId: MMSG-26659]
Registration.c(17): Found resource "https://petstore.octoperf.com/images/dogs_icon.gif" in HTML "https://petstore.octoperf.com/actions/Catalog.action"  	[MsgId: MMSG-26659]
Registration.c(17): Found resource "https://petstore.octoperf.com/images/cats_icon.gif" in HTML "https://petstore.octoperf.com/actions/Catalog.action"  	[MsgId: MMSG-26659]
Registration.c(17): Found resource "https://petstore.octoperf.com/images/reptiles_icon.gif" in HTML "https://petstore.octoperf.com/actions/Catalog.action"  	[MsgId: MMSG-26659]
Registration.c(17): Found resource "https://petstore.octoperf.com/images/birds_icon.gif" in HTML "https://petstore.octoperf.com/actions/Catalog.action"  	[MsgId: MMSG-26659]
Registration.c(17): Found resource "https://petstore.octoperf.com/images/splash.gif" in HTML "https://petstore.octoperf.com/actions/Catalog.action"  	[MsgId: MMSG-26659]
CheckOutThProduct.c(31): Notify: Transaction "PetStore_ClickOnContinue_T03" started.	[MsgId: MMSG-16999]
CheckOutThProduct.c(33): web_reg_find started  	[MsgId: MMSG-26355]
CheckOutThProduct.c(33): Registering web_reg_find was successful  	[MsgId: MMSG-26390]
CheckOutThProduct.c(36): web_submit_form("Order.action") started  	[MsgId: MMSG-26355]
CheckOutThProduct.c(36): Submitting form to "https://petstore.octoperf.com/actions/Order.action", Target Frame=""  	[MsgId: MMSG-27978]
CheckOutThProduct.c(36): Resource "https://petstore.octoperf.com/css/jpetstore.css" is in the cache already and will not be downloaded again  	[MsgId: MMSG-26655]
CheckOutThProduct.c(36): Resource "https://petstore.octoperf.com/images/logo-topbar.svg" is in the cache already and will not be downloaded again  	[MsgId: MMSG-26655]
CheckOutThProduct.c(36): Resource "https://petstore.octoperf.com/images/cart.gif" is in the cache already and will not be downloaded again  	[MsgId: MMSG-26655]
CheckOutThProduct.c(36): Resource "https://petstore.octoperf.com/images/separator.gif" is in the cache already and will not be downloaded again  	[MsgId: MMSG-26655]
CheckOutThProduct.c(36): Resource "https://petstore.octoperf.com/images/sm_fish.gif" is in the cache already and will not be downloaded again  	[MsgId: MMSG-26655]
CheckOutThProduct.c(36): Resource "https://petstore.octoperf.com/images/sm_dogs.gif" is in the cache already and will not be downloaded again  	[MsgId: MMSG-26655]
CheckOutThProduct.c(36): Resource "https://petstore.octoperf.com/images/sm_reptiles.gif" is in the cache already and will not be downloaded again  	[MsgId: MMSG-26655]
CheckOutThProduct.c(36): Resource "https://petstore.octoperf.com/images/sm_cats.gif" is in the cache already and will not be downloaded again  	[MsgId: MMSG-26655]
CheckOutThProduct.c(36): Resource "https://petstore.octoperf.com/images/sm_birds.gif" is in the cache already and will not be downloaded again  	[MsgId: MMSG-26655]
CheckOutThProduct.c(36): Resource "https://petstore.octoperf.com/images/banner_fish.gif" is in the cache already and will not be downloaded again  	[MsgId: MMSG-26655]
CheckOutThProduct.c(36): Registered web_reg_find successful for "Text=Confirm" (count=1)  	[MsgId: MMSG-26364]
CheckOutThProduct.c(36): web_submit_form("Order.action") was successful, 4526 body bytes, 225 header bytes  	[MsgId: MMSG-26386]
CheckOutThProduct.c(54): Notify: Transaction "PetStore_ClickOnContinue_T03" ended with a "Pass" status (Duration: 0.2521 Wasted Time: 0.0000).	[MsgId: MMSG-16871]
CheckOutThProduct.c(56): lr_think_time: 3.66 seconds (recorded think time was 5.00 seconds).	[MsgId: MMSG-15947]
Registration.c(17): Registered web_reg_find successful for "Text=OctoPerf" (count=1)  	[MsgId: MMSG-26364]
Registration.c(17): web_url("Catalog.action") was successful, 69386 body bytes, 4543 header bytes  	[MsgId: MMSG-26386]
Registration.c(25): Notify: Transaction "PetStore_EnterToPetStore_T01" ended with a "Pass" status (Duration: 1.1932 Wasted Time: 0.0002).	[MsgId: MMSG-16871]
Registration.c(27): lr_think_time: 3.19 seconds (recorded think time was 5.00 seconds).	[MsgId: MMSG-15947]
AddToCard.c(40): Notify: Transaction "PetStore_SelectProductId_T02" started.	[MsgId: MMSG-16999]
AddToCard.c(43): Notify: Parameter Substitution: parameter "productId_count" =  "2"	[MsgId: MMSG-13992]
AddToCard.c(44): Notify: Parameter Substitution: parameter "productId_1" =  "AV-CB-01"	[MsgId: MMSG-13992]
AddToCard.c(46): Notify: Saving Parameter "RandproductId = AV-CB-01".	[MsgId: MMSG-13798]
AddToCard.c(47): Notify: Parameter Substitution: parameter "RandproductId" =  "AV-CB-01"	[MsgId: MMSG-13992]
AddToCard.c(47): Random category selected in Action2 = AV-CB-01	[MsgId: MMSG-17999]
AddToCard.c(49): web_reg_find started  	[MsgId: MMSG-26355]
AddToCard.c(49): Notify: Parameter Substitution: parameter "RandproductId" =  "AV-CB-01"	[MsgId: MMSG-13992]
AddToCard.c(49): Registering web_reg_find was successful  	[MsgId: MMSG-26390]
AddToCard.c(51): web_reg_save_param_regexp started  	[MsgId: MMSG-26355]
AddToCard.c(51): Registering web_reg_save_param_regexp was successful  	[MsgId: MMSG-26390]
AddToCard.c(58): web_link("{RandproductId}") started  	[MsgId: MMSG-26355]
AddToCard.c(58): Notify: Parameter Substitution: parameter "RandproductId" =  "AV-CB-01"	[MsgId: MMSG-13992]
AddToCard.c(58): Linking to "https://petstore.octoperf.com/actions/Catalog.action?viewProduct=&productId=AV-CB-01", Target Frame=""  	[MsgId: MMSG-27994]
AddToCard.c(58): Resource "https://petstore.octoperf.com/css/jpetstore.css" is in the cache already and will not be downloaded again  	[MsgId: MMSG-26655]
AddToCard.c(58): Resource "https://petstore.octoperf.com/images/logo-topbar.svg" is in the cache already and will not be downloaded again  	[MsgId: MMSG-26655]
AddToCard.c(58): Resource "https://petstore.octoperf.com/images/cart.gif" is in the cache already and will not be downloaded again  	[MsgId: MMSG-26655]
AddToCard.c(58): Resource "https://petstore.octoperf.com/images/separator.gif" is in the cache already and will not be downloaded again  	[MsgId: MMSG-26655]
AddToCard.c(58): Resource "https://petstore.octoperf.com/images/sm_fish.gif" is in the cache already and will not be downloaded again  	[MsgId: MMSG-26655]
AddToCard.c(58): Resource "https://petstore.octoperf.com/images/sm_dogs.gif" is in the cache already and will not be downloaded again  	[MsgId: MMSG-26655]
AddToCard.c(58): Resource "https://petstore.octoperf.com/images/sm_reptiles.gif" is in the cache already and will not be downloaded again  	[MsgId: MMSG-26655]
AddToCard.c(58): Resource "https://petstore.octoperf.com/images/sm_cats.gif" is in the cache already and will not be downloaded again  	[MsgId: MMSG-26655]
AddToCard.c(58): Resource "https://petstore.octoperf.com/images/sm_birds.gif" is in the cache already and will not be downloaded again  	[MsgId: MMSG-26655]
AddToCard.c(58): Resource "https://petstore.octoperf.com/images/banner_fish.gif" is in the cache already and will not be downloaded again  	[MsgId: MMSG-26655]
AddToCard.c(58): Notify: Saving Parameter "itemId_1 = EST-18".	[MsgId: MMSG-13798]
AddToCard.c(58): Notify: Saving Parameter "itemId_count = 1".	[MsgId: MMSG-13798]
AddToCard.c(58): Registered web_reg_find successful for "Text=AV-CB-01" (count=1)  	[MsgId: MMSG-26364]
AddToCard.c(58): web_link("{RandproductId}") was successful, 3795 body bytes, 225 header bytes  	[MsgId: MMSG-26386]
AddToCard.c(63): Notify: Transaction "PetStore_SelectProductId_T02" ended with a "Pass" status (Duration: 0.1316 Wasted Time: 0.0002).	[MsgId: MMSG-16871]
AddToCard.c(65): lr_think_time: 3.66 seconds (recorded think time was 5.00 seconds).	[MsgId: MMSG-15947]
AddToCard.c(88): Notify: Transaction "PetStore_AddToCard_T04" started.	[MsgId: MMSG-16999]
AddToCard.c(90): web_reg_find started  	[MsgId: MMSG-26355]
AddToCard.c(90): Registering web_reg_find was successful  	[MsgId: MMSG-26390]
AddToCard.c(94): web_link("Add to Cart") started  	[MsgId: MMSG-26355]
AddToCard.c(94): Linking to "https://petstore.octoperf.com/actions/Cart.action?addItemToCart=&workingItemId=EST-23", Target Frame=""  	[MsgId: MMSG-27994]
AddToCard.c(94): Resource "https://petstore.octoperf.com/css/jpetstore.css" is in the cache already and will not be downloaded again  	[MsgId: MMSG-26655]
AddToCard.c(94): Resource "https://petstore.octoperf.com/images/logo-topbar.svg" is in the cache already and will not be downloaded again  	[MsgId: MMSG-26655]
AddToCard.c(94): Resource "https://petstore.octoperf.com/images/cart.gif" is in the cache already and will not be downloaded again  	[MsgId: MMSG-26655]
AddToCard.c(94): Resource "https://petstore.octoperf.com/images/separator.gif" is in the cache already and will not be downloaded again  	[MsgId: MMSG-26655]
AddToCard.c(94): Resource "https://petstore.octoperf.com/images/sm_fish.gif" is in the cache already and will not be downloaded again  	[MsgId: MMSG-26655]
AddToCard.c(94): Resource "https://petstore.octoperf.com/images/sm_dogs.gif" is in the cache already and will not be downloaded again  	[MsgId: MMSG-26655]
AddToCard.c(94): Resource "https://petstore.octoperf.com/images/sm_reptiles.gif" is in the cache already and will not be downloaded again  	[MsgId: MMSG-26655]
AddToCard.c(94): Resource "https://petstore.octoperf.com/images/sm_cats.gif" is in the cache already and will not be downloaded again  	[MsgId: MMSG-26655]
AddToCard.c(94): Resource "https://petstore.octoperf.com/images/sm_birds.gif" is in the cache already and will not be downloaded again  	[MsgId: MMSG-26655]
AddToCard.c(94): Resource "https://petstore.octoperf.com/images/banner_fish.gif" is in the cache already and will not be downloaded again  	[MsgId: MMSG-26655]
AddToCard.c(94): Registered web_reg_find successful for "Text=Shopping Cart" (count=1)  	[MsgId: MMSG-26364]
AddToCard.c(94): web_link("Add to Cart") was successful, 4650 body bytes, 225 header bytes  	[MsgId: MMSG-26386]
AddToCard.c(99): Notify: Transaction "PetStore_AddToCard_T04" ended with a "Pass" status (Duration: 0.1303 Wasted Time: 0.0000).	[MsgId: MMSG-16871]
CheckOutThProduct.c(4): Notify: Transaction "PetStore_ClickOnViewCart_T01" started.	[MsgId: MMSG-16999]
CheckOutThProduct.c(5): web_reg_find started  	[MsgId: MMSG-26355]
CheckOutThProduct.c(5): Registering web_reg_find was successful  	[MsgId: MMSG-26390]
CheckOutThProduct.c(7): web_url("Cart.action_4") started  	[MsgId: MMSG-26355]
CheckOutThProduct.c(7): Resource "https://petstore.octoperf.com/css/jpetstore.css" is in the cache already and will not be downloaded again  	[MsgId: MMSG-26655]
CheckOutThProduct.c(7): Resource "https://petstore.octoperf.com/images/logo-topbar.svg" is in the cache already and will not be downloaded again  	[MsgId: MMSG-26655]
CheckOutThProduct.c(7): Resource "https://petstore.octoperf.com/images/cart.gif" is in the cache already and will not be downloaded again  	[MsgId: MMSG-26655]
CheckOutThProduct.c(7): Resource "https://petstore.octoperf.com/images/separator.gif" is in the cache already and will not be downloaded again  	[MsgId: MMSG-26655]
CheckOutThProduct.c(7): Resource "https://petstore.octoperf.com/images/sm_fish.gif" is in the cache already and will not be downloaded again  	[MsgId: MMSG-26655]
CheckOutThProduct.c(7): Resource "https://petstore.octoperf.com/images/sm_dogs.gif" is in the cache already and will not be downloaded again  	[MsgId: MMSG-26655]
CheckOutThProduct.c(7): Resource "https://petstore.octoperf.com/images/sm_reptiles.gif" is in the cache already and will not be downloaded again  	[MsgId: MMSG-26655]
CheckOutThProduct.c(7): Resource "https://petstore.octoperf.com/images/sm_cats.gif" is in the cache already and will not be downloaded again  	[MsgId: MMSG-26655]
CheckOutThProduct.c(7): Resource "https://petstore.octoperf.com/images/sm_birds.gif" is in the cache already and will not be downloaded again  	[MsgId: MMSG-26655]
CheckOutThProduct.c(7): Resource "https://petstore.octoperf.com/images/banner_fish.gif" is in the cache already and will not be downloaded again  	[MsgId: MMSG-26655]
CheckOutThProduct.c(7): Registered web_reg_find successful for "Text=Shopping Cart" (count=1)  	[MsgId: MMSG-26364]
CheckOutThProduct.c(7): web_url("Cart.action_4") was successful, 4650 body bytes, 225 header bytes  	[MsgId: MMSG-26386]
CheckOutThProduct.c(15): Notify: Transaction "PetStore_ClickOnViewCart_T01" ended with a "Pass" status (Duration: 0.1287 Wasted Time: 0.0000).	[MsgId: MMSG-16871]
CheckOutThProduct.c(17): lr_think_time: 4.63 seconds (recorded think time was 5.00 seconds).	[MsgId: MMSG-15947]
AddToCard.c(67): Notify: Transaction "PetStore_SelectItemId_T03" started.	[MsgId: MMSG-16999]
AddToCard.c(71): Notify: Parameter Substitution: parameter "itemId_count" =  "1"	[MsgId: MMSG-13992]
AddToCard.c(72): Notify: Parameter Substitution: parameter "itemId_1" =  "EST-18"	[MsgId: MMSG-13992]
AddToCard.c(74): Notify: Saving Parameter "RanditemId = EST-18".	[MsgId: MMSG-13798]
AddToCard.c(75): Notify: Parameter Substitution: parameter "RanditemId" =  "EST-18"	[MsgId: MMSG-13992]
AddToCard.c(75): Random category selected in Action2 = EST-18	[MsgId: MMSG-17999]
AddToCard.c(77): web_reg_find started  	[MsgId: MMSG-26355]
AddToCard.c(77): Notify: Parameter Substitution: parameter "RanditemId" =  "EST-18"	[MsgId: MMSG-13992]
AddToCard.c(77): Registering web_reg_find was successful  	[MsgId: MMSG-26390]
AddToCard.c(79): web_link("{RanditemId}") started  	[MsgId: MMSG-26355]
AddToCard.c(79): Notify: Parameter Substitution: parameter "RanditemId" =  "EST-18"	[MsgId: MMSG-13992]
AddToCard.c(79): Linking to "https://petstore.octoperf.com/actions/Catalog.action?viewItem=&itemId=EST-18", Target Frame=""  	[MsgId: MMSG-27994]
AddToCard.c(79): Resource "https://petstore.octoperf.com/css/jpetstore.css" is in the cache already and will not be downloaded again  	[MsgId: MMSG-26655]
AddToCard.c(79): Resource "https://petstore.octoperf.com/images/logo-topbar.svg" is in the cache already and will not be downloaded again  	[MsgId: MMSG-26655]
AddToCard.c(79): Resource "https://petstore.octoperf.com/images/cart.gif" is in the cache already and will not be downloaded again  	[MsgId: MMSG-26655]
AddToCard.c(79): Resource "https://petstore.octoperf.com/images/separator.gif" is in the cache already and will not be downloaded again  	[MsgId: MMSG-26655]
AddToCard.c(79): Resource "https://petstore.octoperf.com/images/sm_fish.gif" is in the cache already and will not be downloaded again  	[MsgId: MMSG-26655]
AddToCard.c(79): Resource "https://petstore.octoperf.com/images/sm_dogs.gif" is in the cache already and will not be downloaded again  	[MsgId: MMSG-26655]
AddToCard.c(79): Resource "https://petstore.octoperf.com/images/sm_reptiles.gif" is in the cache already and will not be downloaded again  	[MsgId: MMSG-26655]
AddToCard.c(79): Resource "https://petstore.octoperf.com/images/sm_cats.gif" is in the cache already and will not be downloaded again  	[MsgId: MMSG-26655]
AddToCard.c(79): Resource "https://petstore.octoperf.com/images/sm_birds.gif" is in the cache already and will not be downloaded again  	[MsgId: MMSG-26655]
AddToCard.c(79): Found resource "https://petstore.octoperf.com/images/bird2.gif" in HTML "https://petstore.octoperf.com/actions/Catalog.action?viewItem=&itemId=EST-18"  	[MsgId: MMSG-26659]
AddToCard.c(79): Resource "https://petstore.octoperf.com/images/banner_fish.gif" is in the cache already and will not be downloaded again  	[MsgId: MMSG-26655]
AddToCard.c(79): Registered web_reg_find successful for "Text=EST-18" (count=2)  	[MsgId: MMSG-26364]
AddToCard.c(79): web_link("{RanditemId}") was successful, 15165 body bytes, 511 header bytes  	[MsgId: MMSG-26386]
AddToCard.c(84): Notify: Transaction "PetStore_SelectItemId_T03" ended with a "Pass" status (Duration: 0.2519 Wasted Time: 0.0000).	[MsgId: MMSG-16871]
AddToCard.c(86): lr_think_time: 4.07 seconds (recorded think time was 5.00 seconds).	[MsgId: MMSG-15947]
Registration.c(137): Notify: Transaction "PetStore_SignOut_T05" started.	[MsgId: MMSG-16999]
Registration.c(139): web_reg_find started  	[MsgId: MMSG-26355]
Registration.c(139): Registering web_reg_find was successful  	[MsgId: MMSG-26390]
Registration.c(142): web_url("Account.action_2") started  	[MsgId: MMSG-26355]
Registration.c(142): Redirecting "https://petstore.octoperf.com/actions/Account.action?signoff=" (redirection depth is 0)  	[MsgId: MMSG-26694]
Registration.c(142): To location "https://petstore.octoperf.com/actions/Catalog.action"  	[MsgId: MMSG-26693]
Registration.c(142): Resource "https://petstore.octoperf.com/css/jpetstore.css" is in the cache already and will not be downloaded again  	[MsgId: MMSG-26655]
Registration.c(142): Resource "https://petstore.octoperf.com/images/logo-topbar.svg" is in the cache already and will not be downloaded again  	[MsgId: MMSG-26655]
Registration.c(142): Resource "https://petstore.octoperf.com/images/cart.gif" is in the cache already and will not be downloaded again  	[MsgId: MMSG-26655]
Registration.c(142): Resource "https://petstore.octoperf.com/images/separator.gif" is in the cache already and will not be downloaded again  	[MsgId: MMSG-26655]
Registration.c(142): Resource "https://petstore.octoperf.com/images/sm_fish.gif" is in the cache already and will not be downloaded again  	[MsgId: MMSG-26655]
Registration.c(142): Resource "https://petstore.octoperf.com/images/sm_dogs.gif" is in the cache already and will not be downloaded again  	[MsgId: MMSG-26655]
Registration.c(142): Resource "https://petstore.octoperf.com/images/sm_reptiles.gif" is in the cache already and will not be downloaded again  	[MsgId: MMSG-26655]
Registration.c(142): Resource "https://petstore.octoperf.com/images/sm_cats.gif" is in the cache already and will not be downloaded again  	[MsgId: MMSG-26655]
Registration.c(142): Resource "https://petstore.octoperf.com/images/sm_birds.gif" is in the cache already and will not be downloaded again  	[MsgId: MMSG-26655]
Registration.c(142): Resource "https://petstore.octoperf.com/images/fish_icon.gif" is in the cache already and will not be downloaded again  	[MsgId: MMSG-26655]
Registration.c(142): Resource "https://petstore.octoperf.com/images/dogs_icon.gif" is in the cache already and will not be downloaded again  	[MsgId: MMSG-26655]
Registration.c(142): Resource "https://petstore.octoperf.com/images/cats_icon.gif" is in the cache already and will not be downloaded again  	[MsgId: MMSG-26655]
Registration.c(142): Resource "https://petstore.octoperf.com/images/reptiles_icon.gif" is in the cache already and will not be downloaded again  	[MsgId: MMSG-26655]
Registration.c(142): Resource "https://petstore.octoperf.com/images/birds_icon.gif" is in the cache already and will not be downloaded again  	[MsgId: MMSG-26655]
Registration.c(142): Resource "https://petstore.octoperf.com/images/splash.gif" is in the cache already and will not be downloaded again  	[MsgId: MMSG-26655]
Registration.c(142): Registered web_reg_find successful for "Text=Sign In" (count=1)  	[MsgId: MMSG-26364]
Registration.c(142): web_url("Account.action_2") was successful, 4736 body bytes, 518 header bytes  	[MsgId: MMSG-26386]
Registration.c(151): Notify: Transaction "PetStore_SignOut_T05" ended with a "Pass" status (Duration: 0.2532 Wasted Time: 0.0000).	[MsgId: MMSG-16871]
Login.c(4): Notify: Transaction "PetStore_ClickOnSignIn_T01" started.	[MsgId: MMSG-16999]
Login.c(6): web_reg_find started  	[MsgId: MMSG-26355]
Login.c(6): Registering web_reg_find was successful  	[MsgId: MMSG-26390]
Login.c(9): web_link("Sign In") started  	[MsgId: MMSG-26355]
Login.c(9): Linking to "https://petstore.octoperf.com/actions/Account.action?signonForm=", Target Frame=""  	[MsgId: MMSG-27994]
Login.c(9): Resource "https://petstore.octoperf.com/css/jpetstore.css" is in the cache already and will not be downloaded again  	[MsgId: MMSG-26655]
Login.c(9): Resource "https://petstore.octoperf.com/images/logo-topbar.svg" is in the cache already and will not be downloaded again  	[MsgId: MMSG-26655]
Login.c(9): Resource "https://petstore.octoperf.com/images/cart.gif" is in the cache already and will not be downloaded again  	[MsgId: MMSG-26655]
Login.c(9): Resource "https://petstore.octoperf.com/images/separator.gif" is in the cache already and will not be downloaded again  	[MsgId: MMSG-26655]
Login.c(9): Resource "https://petstore.octoperf.com/images/sm_fish.gif" is in the cache already and will not be downloaded again  	[MsgId: MMSG-26655]
Login.c(9): Resource "https://petstore.octoperf.com/images/sm_dogs.gif" is in the cache already and will not be downloaded again  	[MsgId: MMSG-26655]
Login.c(9): Resource "https://petstore.octoperf.com/images/sm_reptiles.gif" is in the cache already and will not be downloaded again  	[MsgId: MMSG-26655]
Login.c(9): Resource "https://petstore.octoperf.com/images/sm_cats.gif" is in the cache already and will not be downloaded again  	[MsgId: MMSG-26655]
Login.c(9): Resource "https://petstore.octoperf.com/images/sm_birds.gif" is in the cache already and will not be downloaded again  	[MsgId: MMSG-26655]
Login.c(9): Registered web_reg_find successful for "Text=Please enter your username and password" (count=1)  	[MsgId: MMSG-26364]
Login.c(9): web_link("Sign In") was successful, 3856 body bytes, 225 header bytes  	[MsgId: MMSG-26386]
Login.c(13): Notify: Transaction "PetStore_ClickOnSignIn_T01" ended with a "Pass" status (Duration: 0.1274 Wasted Time: 0.0000).	[MsgId: MMSG-16871]
Login.c(15): lr_think_time: 2.64 seconds (recorded think time was 5.00 seconds).	[MsgId: MMSG-15947]
Registration.c(29): Notify: Transaction "PetStore_ClickOnSignIn_T02" started.	[MsgId: MMSG-16999]
Registration.c(31): web_reg_find started  	[MsgId: MMSG-26355]
Registration.c(31): Registering web_reg_find was successful  	[MsgId: MMSG-26390]
Registration.c(34): web_link("Sign In") started  	[MsgId: MMSG-26355]
Registration.c(34): Linking to "https://petstore.octoperf.com/actions/Account.action;jsessionid=D4B21DBCC2B79D98F4810EEA07AD1D3F?signonForm=", Target Frame=""  	[MsgId: MMSG-27994]
Registration.c(34): Resource "https://petstore.octoperf.com/css/jpetstore.css" is in the cache already and will not be downloaded again  	[MsgId: MMSG-26655]
Registration.c(34): Resource "https://petstore.octoperf.com/images/logo-topbar.svg" is in the cache already and will not be downloaded again  	[MsgId: MMSG-26655]
Registration.c(34): Resource "https://petstore.octoperf.com/images/cart.gif" is in the cache already and will not be downloaded again  	[MsgId: MMSG-26655]
Registration.c(34): Resource "https://petstore.octoperf.com/images/separator.gif" is in the cache already and will not be downloaded again  	[MsgId: MMSG-26655]
Registration.c(34): Resource "https://petstore.octoperf.com/images/sm_fish.gif" is in the cache already and will not be downloaded again  	[MsgId: MMSG-26655]
Registration.c(34): Resource "https://petstore.octoperf.com/images/sm_dogs.gif" is in the cache already and will not be downloaded again  	[MsgId: MMSG-26655]
Registration.c(34): Resource "https://petstore.octoperf.com/images/sm_reptiles.gif" is in the cache already and will not be downloaded again  	[MsgId: MMSG-26655]
Registration.c(34): Resource "https://petstore.octoperf.com/images/sm_cats.gif" is in the cache already and will not be downloaded again  	[MsgId: MMSG-26655]
Registration.c(34): Resource "https://petstore.octoperf.com/images/sm_birds.gif" is in the cache already and will not be downloaded again  	[MsgId: MMSG-26655]
Registration.c(34): Registered web_reg_find successful for "Text=Please enter your username and password" (count=1)  	[MsgId: MMSG-26364]
Registration.c(34): web_link("Sign In") was successful, 3860 body bytes, 225 header bytes  	[MsgId: MMSG-26386]
Registration.c(39): Notify: Transaction "PetStore_ClickOnSignIn_T02" ended with a "Pass" status (Duration: 0.1321 Wasted Time: 0.0000).	[MsgId: MMSG-16871]
Registration.c(41): lr_think_time: 3.66 seconds (recorded think time was 5.00 seconds).	[MsgId: MMSG-15947]
Starting iteration 35.	[MsgId: MMSG-15968]
Notify: Next row for parameter UserName = 1 [table  = UserName].	[MsgId: MMSG-13876]
Notify: Getting new value for parameter 'UserName': table = 'UserCredentilas1.dat' column = '0' row = '1'.	[MsgId: MMSG-13877]
Notify: Next row for parameter PetStoreEndtoEndFlow_UserName = 1 [table  = PetStoreEndtoEndFlow_UserName].	[MsgId: MMSG-13876]
Notify: Getting new value for parameter 'PetStoreEndtoEndFlow_UserName': table = 'UserCredentilas3.dat' column = '0' row = '1'.	[MsgId: MMSG-13877]
Notify: Next row for parameter PetStoreEndtoEndFlow_pass = 1 [table  = PetStoreEndtoEndFlow_pass].	[MsgId: MMSG-13876]
Notify: Getting new value for parameter 'PetStoreEndtoEndFlow_pass': table = 'UserCredentilas4.dat' column = '0' row = '1'.	[MsgId: MMSG-13877]
Notify: Next row for parameter pass = 1 [table  = pass].	[MsgId: MMSG-13876]
Notify: Getting new value for parameter 'pass': table = 'UserCredentilas2.dat' column = '0' row = '1'.	[MsgId: MMSG-13877]
Starting action Login.	[MsgId: MMSG-15919]
Registration.c(13): Notify: Transaction "PetStore_EnterToPetStore_T01" started.	[MsgId: MMSG-16999]
Registration.c(14): web_reg_find started  	[MsgId: MMSG-26355]
Registration.c(14): Registering web_reg_find was successful  	[MsgId: MMSG-26390]
Registration.c(17): web_url("Catalog.action") started  	[MsgId: MMSG-26355]
CheckOutThProduct.c(58): Notify: Transaction "PetStore_ClickOnConform_T04" started.	[MsgId: MMSG-16999]
CheckOutThProduct.c(59): web_reg_find started  	[MsgId: MMSG-26355]
CheckOutThProduct.c(59): Registering web_reg_find was successful  	[MsgId: MMSG-26390]
CheckOutThProduct.c(62): web_link("Confirm") started  	[MsgId: MMSG-26355]
CheckOutThProduct.c(62): Linking to "https://petstore.octoperf.com/actions/Order.action?newOrder=&confirmed=true", Target Frame=""  	[MsgId: MMSG-27994]
CheckOutThProduct.c(62): Resource "https://petstore.octoperf.com/css/jpetstore.css" is in the cache already and will not be downloaded again  	[MsgId: MMSG-26655]
CheckOutThProduct.c(62): Resource "https://petstore.octoperf.com/images/logo-topbar.svg" is in the cache already and will not be downloaded again  	[MsgId: MMSG-26655]
CheckOutThProduct.c(62): Resource "https://petstore.octoperf.com/images/cart.gif" is in the cache already and will not be downloaded again  	[MsgId: MMSG-26655]
CheckOutThProduct.c(62): Resource "https://petstore.octoperf.com/images/separator.gif" is in the cache already and will not be downloaded again  	[MsgId: MMSG-26655]
CheckOutThProduct.c(62): Resource "https://petstore.octoperf.com/images/sm_fish.gif" is in the cache already and will not be downloaded again  	[MsgId: MMSG-26655]
CheckOutThProduct.c(62): Resource "https://petstore.octoperf.com/images/sm_dogs.gif" is in the cache already and will not be downloaded again  	[MsgId: MMSG-26655]
CheckOutThProduct.c(62): Resource "https://petstore.octoperf.com/images/sm_reptiles.gif" is in the cache already and will not be downloaded again  	[MsgId: MMSG-26655]
CheckOutThProduct.c(62): Resource "https://petstore.octoperf.com/images/sm_cats.gif" is in the cache already and will not be downloaded again  	[MsgId: MMSG-26655]
CheckOutThProduct.c(62): Resource "https://petstore.octoperf.com/images/sm_birds.gif" is in the cache already and will not be downloaded again  	[MsgId: MMSG-26655]
CheckOutThProduct.c(62): Resource "https://petstore.octoperf.com/images/banner_fish.gif" is in the cache already and will not be downloaded again  	[MsgId: MMSG-26655]
CheckOutThProduct.c(62): Registered web_reg_find successful for "Text=Thank you, your order has been submitted" (count=1)  	[MsgId: MMSG-26364]
CheckOutThProduct.c(62): web_link("Confirm") was successful, 5235 body bytes, 225 header bytes  	[MsgId: MMSG-26386]
CheckOutThProduct.c(66): Notify: Transaction "PetStore_ClickOnConform_T04" ended with a "Pass" status (Duration: 0.1324 Wasted Time: 0.0000).	[MsgId: MMSG-16871]
Ending action CheckOutThProduct.	[MsgId: MMSG-15918]
Ending iteration 34.	[MsgId: MMSG-15965]
Waiting 7.4880 seconds for iteration pacing.	[MsgId: MMSG-15996]
AddToCard.c(67): Notify: Transaction "PetStore_SelectItemId_T03" started.	[MsgId: MMSG-16999]
AddToCard.c(71): Notify: Parameter Substitution: parameter "itemId_count" =  "1"	[MsgId: MMSG-13992]
AddToCard.c(72): Notify: Parameter Substitution: parameter "itemId_1" =  "EST-18"	[MsgId: MMSG-13992]
AddToCard.c(74): Notify: Saving Parameter "RanditemId = EST-18".	[MsgId: MMSG-13798]
AddToCard.c(75): Notify: Parameter Substitution: parameter "RanditemId" =  "EST-18"	[MsgId: MMSG-13992]
AddToCard.c(75): Random category selected in Action2 = EST-18	[MsgId: MMSG-17999]
AddToCard.c(77): web_reg_find started  	[MsgId: MMSG-26355]
AddToCard.c(77): Notify: Parameter Substitution: parameter "RanditemId" =  "EST-18"	[MsgId: MMSG-13992]
AddToCard.c(77): Registering web_reg_find was successful  	[MsgId: MMSG-26390]
AddToCard.c(79): web_link("{RanditemId}") started  	[MsgId: MMSG-26355]
AddToCard.c(79): Notify: Parameter Substitution: parameter "RanditemId" =  "EST-18"	[MsgId: MMSG-13992]
AddToCard.c(79): Linking to "https://petstore.octoperf.com/actions/Catalog.action?viewItem=&itemId=EST-18", Target Frame=""  	[MsgId: MMSG-27994]
Login.c(17): Notify: Transaction "PetStore_Login_T01" started.	[MsgId: MMSG-16999]
Login.c(18): web_reg_find started  	[MsgId: MMSG-26355]
Login.c(18): Registering web_reg_find was successful  	[MsgId: MMSG-26390]
Login.c(20): web_reg_save_param_regexp started  	[MsgId: MMSG-26355]
Login.c(20): Registering web_reg_save_param_regexp was successful  	[MsgId: MMSG-26390]
Login.c(26): web_submit_form("Account.action") started  	[MsgId: MMSG-26355]
Login.c(26): Notify: Parameter Substitution: parameter "randomUsername" =  "CIPR"	[MsgId: MMSG-13992]
Login.c(26): Notify: Parameter Substitution: parameter "randompass" =  "iwjc"	[MsgId: MMSG-13992]
Login.c(26): Submitting form to "https://petstore.octoperf.com/actions/Account.action", Target Frame=""  	[MsgId: MMSG-27978]
AddToCard.c(79): Resource "https://petstore.octoperf.com/css/jpetstore.css" is in the cache already and will not be downloaded again  	[MsgId: MMSG-26655]
AddToCard.c(79): Resource "https://petstore.octoperf.com/images/logo-topbar.svg" is in the cache already and will not be downloaded again  	[MsgId: MMSG-26655]
AddToCard.c(79): Resource "https://petstore.octoperf.com/images/cart.gif" is in the cache already and will not be downloaded again  	[MsgId: MMSG-26655]
AddToCard.c(79): Resource "https://petstore.octoperf.com/images/separator.gif" is in the cache already and will not be downloaded again  	[MsgId: MMSG-26655]
AddToCard.c(79): Resource "https://petstore.octoperf.com/images/sm_fish.gif" is in the cache already and will not be downloaded again  	[MsgId: MMSG-26655]
AddToCard.c(79): Resource "https://petstore.octoperf.com/images/sm_dogs.gif" is in the cache already and will not be downloaded again  	[MsgId: MMSG-26655]
AddToCard.c(79): Resource "https://petstore.octoperf.com/images/sm_reptiles.gif" is in the cache already and will not be downloaded again  	[MsgId: MMSG-26655]
AddToCard.c(79): Resource "https://petstore.octoperf.com/images/sm_cats.gif" is in the cache already and will not be downloaded again  	[MsgId: MMSG-26655]
AddToCard.c(79): Resource "https://petstore.octoperf.com/images/sm_birds.gif" is in the cache already and will not be downloaded again  	[MsgId: MMSG-26655]
AddToCard.c(79): Found resource "https://petstore.octoperf.com/images/bird2.gif" in HTML "https://petstore.octoperf.com/actions/Catalog.action?viewItem=&itemId=EST-18"  	[MsgId: MMSG-26659]
AddToCard.c(79): Resource "https://petstore.octoperf.com/images/banner_fish.gif" is in the cache already and will not be downloaded again  	[MsgId: MMSG-26655]
Registration.c(17): Found resource "https://petstore.octoperf.com/css/jpetstore.css" in HTML "https://petstore.octoperf.com/actions/Catalog.action"  	[MsgId: MMSG-26659]
Registration.c(17): Found resource "https://petstore.octoperf.com/images/logo-topbar.svg" in HTML "https://petstore.octoperf.com/actions/Catalog.action"  	[MsgId: MMSG-26659]
Registration.c(17): Found resource "https://petstore.octoperf.com/images/cart.gif" in HTML "https://petstore.octoperf.com/actions/Catalog.action"  	[MsgId: MMSG-26659]
Registration.c(17): Found resource "https://petstore.octoperf.com/images/separator.gif" in HTML "https://petstore.octoperf.com/actions/Catalog.action"  	[MsgId: MMSG-26659]
Registration.c(17): Found resource "https://petstore.octoperf.com/images/sm_fish.gif" in HTML "https://petstore.octoperf.com/actions/Catalog.action"  	[MsgId: MMSG-26659]
Registration.c(17): Found resource "https://petstore.octoperf.com/images/sm_dogs.gif" in HTML "https://petstore.octoperf.com/actions/Catalog.action"  	[MsgId: MMSG-26659]
Registration.c(17): Found resource "https://petstore.octoperf.com/images/sm_reptiles.gif" in HTML "https://petstore.octoperf.com/actions/Catalog.action"  	[MsgId: MMSG-26659]
Registration.c(17): Found resource "https://petstore.octoperf.com/images/sm_cats.gif" in HTML "https://petstore.octoperf.com/actions/Catalog.action"  	[MsgId: MMSG-26659]
Registration.c(17): Found resource "https://petstore.octoperf.com/images/sm_birds.gif" in HTML "https://petstore.octoperf.com/actions/Catalog.action"  	[MsgId: MMSG-26659]
Registration.c(17): Found resource "https://petstore.octoperf.com/images/fish_icon.gif" in HTML "https://petstore.octoperf.com/actions/Catalog.action"  	[MsgId: MMSG-26659]
Registration.c(17): Found resource "https://petstore.octoperf.com/images/dogs_icon.gif" in HTML "https://petstore.octoperf.com/actions/Catalog.action"  	[MsgId: MMSG-26659]
Registration.c(17): Found resource "https://petstore.octoperf.com/images/cats_icon.gif" in HTML "https://petstore.octoperf.com/actions/Catalog.action"  	[MsgId: MMSG-26659]
Registration.c(17): Found resource "https://petstore.octoperf.com/images/reptiles_icon.gif" in HTML "https://petstore.octoperf.com/actions/Catalog.action"  	[MsgId: MMSG-26659]
Registration.c(17): Found resource "https://petstore.octoperf.com/images/birds_icon.gif" in HTML "https://petstore.octoperf.com/actions/Catalog.action"  	[MsgId: MMSG-26659]
Registration.c(17): Found resource "https://petstore.octoperf.com/images/splash.gif" in HTML "https://petstore.octoperf.com/actions/Catalog.action"  	[MsgId: MMSG-26659]
AddToCard.c(79): Registered web_reg_find successful for "Text=EST-18" (count=2)  	[MsgId: MMSG-26364]
AddToCard.c(79): web_link("{RanditemId}") was successful, 15165 body bytes, 511 header bytes  	[MsgId: MMSG-26386]
AddToCard.c(84): Notify: Transaction "PetStore_SelectItemId_T03" ended with a "Pass" status (Duration: 0.2552 Wasted Time: 0.0000).	[MsgId: MMSG-16871]
AddToCard.c(86): lr_think_time: 3.12 seconds (recorded think time was 5.00 seconds).	[MsgId: MMSG-15947]
Login.c(26): Redirecting "https://petstore.octoperf.com/actions/Account.action" (redirection depth is 0)  	[MsgId: MMSG-26694]
Login.c(26): To location "https://petstore.octoperf.com/actions/Catalog.action"  	[MsgId: MMSG-26693]
Login.c(26): Resource "https://petstore.octoperf.com/css/jpetstore.css" is in the cache already and will not be downloaded again  	[MsgId: MMSG-26655]
Login.c(26): Resource "https://petstore.octoperf.com/images/logo-topbar.svg" is in the cache already and will not be downloaded again  	[MsgId: MMSG-26655]
Login.c(26): Resource "https://petstore.octoperf.com/images/cart.gif" is in the cache already and will not be downloaded again  	[MsgId: MMSG-26655]
Login.c(26): Resource "https://petstore.octoperf.com/images/separator.gif" is in the cache already and will not be downloaded again  	[MsgId: MMSG-26655]
Login.c(26): Resource "https://petstore.octoperf.com/images/sm_fish.gif" is in the cache already and will not be downloaded again  	[MsgId: MMSG-26655]
Login.c(26): Resource "https://petstore.octoperf.com/images/sm_dogs.gif" is in the cache already and will not be downloaded again  	[MsgId: MMSG-26655]
Login.c(26): Resource "https://petstore.octoperf.com/images/sm_reptiles.gif" is in the cache already and will not be downloaded again  	[MsgId: MMSG-26655]
Login.c(26): Resource "https://petstore.octoperf.com/images/sm_cats.gif" is in the cache already and will not be downloaded again  	[MsgId: MMSG-26655]
Login.c(26): Resource "https://petstore.octoperf.com/images/sm_birds.gif" is in the cache already and will not be downloaded again  	[MsgId: MMSG-26655]
Login.c(26): Resource "https://petstore.octoperf.com/images/fish_icon.gif" is in the cache already and will not be downloaded again  	[MsgId: MMSG-26655]
Login.c(26): Resource "https://petstore.octoperf.com/images/dogs_icon.gif" is in the cache already and will not be downloaded again  	[MsgId: MMSG-26655]
Login.c(26): Resource "https://petstore.octoperf.com/images/cats_icon.gif" is in the cache already and will not be downloaded again  	[MsgId: MMSG-26655]
Login.c(26): Resource "https://petstore.octoperf.com/images/reptiles_icon.gif" is in the cache already and will not be downloaded again  	[MsgId: MMSG-26655]
Login.c(26): Resource "https://petstore.octoperf.com/images/birds_icon.gif" is in the cache already and will not be downloaded again  	[MsgId: MMSG-26655]
Login.c(26): Resource "https://petstore.octoperf.com/images/splash.gif" is in the cache already and will not be downloaded again  	[MsgId: MMSG-26655]
Login.c(26): Found resource "https://petstore.octoperf.com/images/banner_fish.gif" in HTML "https://petstore.octoperf.com/actions/Catalog.action"  	[MsgId: MMSG-26659]
Login.c(26): Notify: Saving Parameter "ProductName_1 = BIRDS".	[MsgId: MMSG-13798]
Login.c(26): Notify: Saving Parameter "ProductName_2 = FISH".	[MsgId: MMSG-13798]
Login.c(26): Notify: Saving Parameter "ProductName_3 = DOGS".	[MsgId: MMSG-13798]
Login.c(26): Notify: Saving Parameter "ProductName_4 = REPTILES".	[MsgId: MMSG-13798]
Login.c(26): Notify: Saving Parameter "ProductName_5 = CATS".	[MsgId: MMSG-13798]
Login.c(26): Notify: Saving Parameter "ProductName_6 = BIRDS".	[MsgId: MMSG-13798]
Login.c(26): Notify: Saving Parameter "ProductName_count = 6".	[MsgId: MMSG-13798]
Login.c(26): Registered web_reg_find successful for "Text=My Account" (count=1)  	[MsgId: MMSG-26364]
Login.c(26): web_submit_form("Account.action") was successful, 11416 body bytes, 727 header bytes  	[MsgId: MMSG-26386]
Login.c(34): Notify: Transaction "PetStore_Login_T01" ended with a "Pass" status (Duration: 0.5097 Wasted Time: 0.0005).	[MsgId: MMSG-16871]
Ending action Login.	[MsgId: MMSG-15918]
Starting action CheckOutThProduct.	[MsgId: MMSG-15919]
AddToCard.c(8): Notify: Transaction "PetStore_AddAproduct_T01" started.	[MsgId: MMSG-16999]
AddToCard.c(11): Notify: Parameter Substitution: parameter "ProductName_count" =  "6"	[MsgId: MMSG-13992]
AddToCard.c(12): Notify: Parameter Substitution: parameter "ProductName_4" =  "REPTILES"	[MsgId: MMSG-13992]
AddToCard.c(14): Notify: Saving Parameter "RandCategory = REPTILES".	[MsgId: MMSG-13798]
AddToCard.c(15): Notify: Parameter Substitution: parameter "RandCategory" =  "REPTILES"	[MsgId: MMSG-13992]
AddToCard.c(15): Random category selected in Action2 = REPTILES	[MsgId: MMSG-17999]
AddToCard.c(17): web_reg_find started  	[MsgId: MMSG-26355]
AddToCard.c(17): Notify: Parameter Substitution: parameter "RandCategory" =  "REPTILES"	[MsgId: MMSG-13992]
AddToCard.c(17): Registering web_reg_find was successful  	[MsgId: MMSG-26390]
AddToCard.c(20): web_reg_save_param_regexp started  	[MsgId: MMSG-26355]
AddToCard.c(20): Registering web_reg_save_param_regexp was successful  	[MsgId: MMSG-26390]
AddToCard.c(27): web_url("Catalog.action_2") started  	[MsgId: MMSG-26355]
AddToCard.c(27): Notify: Parameter Substitution: parameter "RandCategory" =  "REPTILES"	[MsgId: MMSG-13992]
Registration.c(17): Registered web_reg_find successful for "Text=OctoPerf" (count=1)  	[MsgId: MMSG-26364]
Registration.c(17): web_url("Catalog.action") was successful, 69386 body bytes, 4543 header bytes  	[MsgId: MMSG-26386]
Registration.c(25): Notify: Transaction "PetStore_EnterToPetStore_T01" ended with a "Pass" status (Duration: 1.1898 Wasted Time: 0.0002).	[MsgId: MMSG-16871]
Registration.c(27): lr_think_time: 4.75 seconds (recorded think time was 5.00 seconds).	[MsgId: MMSG-15947]
AddToCard.c(27): Resource "https://petstore.octoperf.com/css/jpetstore.css" is in the cache already and will not be downloaded again  	[MsgId: MMSG-26655]
AddToCard.c(27): Resource "https://petstore.octoperf.com/images/logo-topbar.svg" is in the cache already and will not be downloaded again  	[MsgId: MMSG-26655]
AddToCard.c(27): Resource "https://petstore.octoperf.com/images/cart.gif" is in the cache already and will not be downloaded again  	[MsgId: MMSG-26655]
AddToCard.c(27): Resource "https://petstore.octoperf.com/images/separator.gif" is in the cache already and will not be downloaded again  	[MsgId: MMSG-26655]
AddToCard.c(27): Resource "https://petstore.octoperf.com/images/sm_fish.gif" is in the cache already and will not be downloaded again  	[MsgId: MMSG-26655]
AddToCard.c(27): Resource "https://petstore.octoperf.com/images/sm_dogs.gif" is in the cache already and will not be downloaded again  	[MsgId: MMSG-26655]
AddToCard.c(27): Resource "https://petstore.octoperf.com/images/sm_reptiles.gif" is in the cache already and will not be downloaded again  	[MsgId: MMSG-26655]
AddToCard.c(27): Resource "https://petstore.octoperf.com/images/sm_cats.gif" is in the cache already and will not be downloaded again  	[MsgId: MMSG-26655]
AddToCard.c(27): Resource "https://petstore.octoperf.com/images/sm_birds.gif" is in the cache already and will not be downloaded again  	[MsgId: MMSG-26655]
AddToCard.c(27): Resource "https://petstore.octoperf.com/images/banner_fish.gif" is in the cache already and will not be downloaded again  	[MsgId: MMSG-26655]
AddToCard.c(27): Notify: Saving Parameter "productId_1 = RP-SN-01".	[MsgId: MMSG-13798]
AddToCard.c(27): Notify: Saving Parameter "productId_2 = RP-LI-02".	[MsgId: MMSG-13798]
AddToCard.c(27): Notify: Saving Parameter "productId_count = 2".	[MsgId: MMSG-13798]
AddToCard.c(27): Registered web_reg_find successful for "Text=REPTILES" (count=1)  	[MsgId: MMSG-26364]
AddToCard.c(27): web_url("Catalog.action_2") was successful, 3627 body bytes, 225 header bytes  	[MsgId: MMSG-26386]
AddToCard.c(36): Notify: Transaction "PetStore_AddAproduct_T01" ended with a "Pass" status (Duration: 0.2934 Wasted Time: 0.0002).	[MsgId: MMSG-16871]
AddToCard.c(38): lr_think_time: 3.59 seconds (recorded think time was 5.00 seconds).	[MsgId: MMSG-15947]
Login.c(17): Notify: Transaction "PetStore_Login_T01" started.	[MsgId: MMSG-16999]
Login.c(18): web_reg_find started  	[MsgId: MMSG-26355]
Login.c(18): Registering web_reg_find was successful  	[MsgId: MMSG-26390]
Login.c(20): web_reg_save_param_regexp started  	[MsgId: MMSG-26355]
Login.c(20): Registering web_reg_save_param_regexp was successful  	[MsgId: MMSG-26390]
Login.c(26): web_submit_form("Account.action") started  	[MsgId: MMSG-26355]
Login.c(26): Notify: Parameter Substitution: parameter "randomUsername" =  "UZWJ"	[MsgId: MMSG-13992]
Login.c(26): Notify: Parameter Substitution: parameter "randompass" =  "vscy"	[MsgId: MMSG-13992]
Login.c(26): Submitting form to "https://petstore.octoperf.com/actions/Account.action", Target Frame=""  	[MsgId: MMSG-27978]
Login.c(26): Redirecting "https://petstore.octoperf.com/actions/Account.action" (redirection depth is 0)  	[MsgId: MMSG-26694]
Login.c(26): To location "https://petstore.octoperf.com/actions/Catalog.action"  	[MsgId: MMSG-26693]
CheckOutThProduct.c(19): Notify: Transaction "PetStore_ClickOnProccedToCheckOut_T02" started.	[MsgId: MMSG-16999]
CheckOutThProduct.c(20): web_reg_find started  	[MsgId: MMSG-26355]
CheckOutThProduct.c(20): Registering web_reg_find was successful  	[MsgId: MMSG-26390]
CheckOutThProduct.c(23): web_link("Proceed to Checkout") started  	[MsgId: MMSG-26355]
CheckOutThProduct.c(23): Linking to "https://petstore.octoperf.com/actions/Order.action?newOrderForm=", Target Frame=""  	[MsgId: MMSG-27994]
Login.c(26): Resource "https://petstore.octoperf.com/css/jpetstore.css" is in the cache already and will not be downloaded again  	[MsgId: MMSG-26655]
Login.c(26): Resource "https://petstore.octoperf.com/images/logo-topbar.svg" is in the cache already and will not be downloaded again  	[MsgId: MMSG-26655]
Login.c(26): Resource "https://petstore.octoperf.com/images/cart.gif" is in the cache already and will not be downloaded again  	[MsgId: MMSG-26655]
Login.c(26): Resource "https://petstore.octoperf.com/images/separator.gif" is in the cache already and will not be downloaded again  	[MsgId: MMSG-26655]
Login.c(26): Resource "https://petstore.octoperf.com/images/sm_fish.gif" is in the cache already and will not be downloaded again  	[MsgId: MMSG-26655]
Login.c(26): Resource "https://petstore.octoperf.com/images/sm_dogs.gif" is in the cache already and will not be downloaded again  	[MsgId: MMSG-26655]
Login.c(26): Resource "https://petstore.octoperf.com/images/sm_reptiles.gif" is in the cache already and will not be downloaded again  	[MsgId: MMSG-26655]
Login.c(26): Resource "https://petstore.octoperf.com/images/sm_cats.gif" is in the cache already and will not be downloaded again  	[MsgId: MMSG-26655]
Login.c(26): Resource "https://petstore.octoperf.com/images/sm_birds.gif" is in the cache already and will not be downloaded again  	[MsgId: MMSG-26655]
Login.c(26): Resource "https://petstore.octoperf.com/images/fish_icon.gif" is in the cache already and will not be downloaded again  	[MsgId: MMSG-26655]
Login.c(26): Resource "https://petstore.octoperf.com/images/dogs_icon.gif" is in the cache already and will not be downloaded again  	[MsgId: MMSG-26655]
Login.c(26): Resource "https://petstore.octoperf.com/images/cats_icon.gif" is in the cache already and will not be downloaded again  	[MsgId: MMSG-26655]
Login.c(26): Resource "https://petstore.octoperf.com/images/reptiles_icon.gif" is in the cache already and will not be downloaded again  	[MsgId: MMSG-26655]
Login.c(26): Resource "https://petstore.octoperf.com/images/birds_icon.gif" is in the cache already and will not be downloaded again  	[MsgId: MMSG-26655]
Login.c(26): Resource "https://petstore.octoperf.com/images/splash.gif" is in the cache already and will not be downloaded again  	[MsgId: MMSG-26655]
Login.c(26): Found resource "https://petstore.octoperf.com/images/banner_fish.gif" in HTML "https://petstore.octoperf.com/actions/Catalog.action"  	[MsgId: MMSG-26659]
Login.c(26): Notify: Saving Parameter "ProductName_1 = BIRDS".	[MsgId: MMSG-13798]
Login.c(26): Notify: Saving Parameter "ProductName_2 = FISH".	[MsgId: MMSG-13798]
Login.c(26): Notify: Saving Parameter "ProductName_3 = DOGS".	[MsgId: MMSG-13798]
Login.c(26): Notify: Saving Parameter "ProductName_4 = REPTILES".	[MsgId: MMSG-13798]
Login.c(26): Notify: Saving Parameter "ProductName_5 = CATS".	[MsgId: MMSG-13798]
Login.c(26): Notify: Saving Parameter "ProductName_6 = BIRDS".	[MsgId: MMSG-13798]
CheckOutThProduct.c(23): Resource "https://petstore.octoperf.com/css/jpetstore.css" is in the cache already and will not be downloaded again  	[MsgId: MMSG-26655]
CheckOutThProduct.c(23): Resource "https://petstore.octoperf.com/images/logo-topbar.svg" is in the cache already and will not be downloaded again  	[MsgId: MMSG-26655]
CheckOutThProduct.c(23): Resource "https://petstore.octoperf.com/images/cart.gif" is in the cache already and will not be downloaded again  	[MsgId: MMSG-26655]
CheckOutThProduct.c(23): Resource "https://petstore.octoperf.com/images/separator.gif" is in the cache already and will not be downloaded again  	[MsgId: MMSG-26655]
CheckOutThProduct.c(23): Resource "https://petstore.octoperf.com/images/sm_fish.gif" is in the cache already and will not be downloaded again  	[MsgId: MMSG-26655]
CheckOutThProduct.c(23): Resource "https://petstore.octoperf.com/images/sm_dogs.gif" is in the cache already and will not be downloaded again  	[MsgId: MMSG-26655]
CheckOutThProduct.c(23): Resource "https://petstore.octoperf.com/images/sm_reptiles.gif" is in the cache already and will not be downloaded again  	[MsgId: MMSG-26655]
CheckOutThProduct.c(23): Resource "https://petstore.octoperf.com/images/sm_cats.gif" is in the cache already and will not be downloaded again  	[MsgId: MMSG-26655]
CheckOutThProduct.c(23): Resource "https://petstore.octoperf.com/images/sm_birds.gif" is in the cache already and will not be downloaded again  	[MsgId: MMSG-26655]
CheckOutThProduct.c(23): Resource "https://petstore.octoperf.com/images/banner_fish.gif" is in the cache already and will not be downloaded again  	[MsgId: MMSG-26655]
CheckOutThProduct.c(23): Registered web_reg_find successful for "Text=Payment Details" (count=1)  	[MsgId: MMSG-26364]
CheckOutThProduct.c(23): web_link("Proceed to Checkout") was successful, 5376 body bytes, 225 header bytes  	[MsgId: MMSG-26386]
CheckOutThProduct.c(27): Notify: Transaction "PetStore_ClickOnProccedToCheckOut_T02" ended with a "Pass" status (Duration: 0.1308 Wasted Time: 0.0000).	[MsgId: MMSG-16871]
CheckOutThProduct.c(29): lr_think_time: 4.06 seconds (recorded think time was 5.00 seconds).	[MsgId: MMSG-15947]
AddToCard.c(88): Notify: Transaction "PetStore_AddToCard_T04" started.	[MsgId: MMSG-16999]
AddToCard.c(90): web_reg_find started  	[MsgId: MMSG-26355]
AddToCard.c(90): Registering web_reg_find was successful  	[MsgId: MMSG-26390]
AddToCard.c(94): web_link("Add to Cart") started  	[MsgId: MMSG-26355]
AddToCard.c(94): Linking to "https://petstore.octoperf.com/actions/Cart.action?addItemToCart=&workingItemId=EST-18", Target Frame=""  	[MsgId: MMSG-27994]
Login.c(26): Notify: Saving Parameter "ProductName_count = 6".	[MsgId: MMSG-13798]
Login.c(26): Registered web_reg_find successful for "Text=My Account" (count=1)  	[MsgId: MMSG-26364]
Login.c(26): web_submit_form("Account.action") was successful, 11416 body bytes, 727 header bytes  	[MsgId: MMSG-26386]
Login.c(34): Notify: Transaction "PetStore_Login_T01" ended with a "Pass" status (Duration: 0.5236 Wasted Time: 0.0005).	[MsgId: MMSG-16871]
Ending action Login.	[MsgId: MMSG-15918]
Starting action CheckOutThProduct.	[MsgId: MMSG-15919]
AddToCard.c(8): Notify: Transaction "PetStore_AddAproduct_T01" started.	[MsgId: MMSG-16999]
AddToCard.c(11): Notify: Parameter Substitution: parameter "ProductName_count" =  "6"	[MsgId: MMSG-13992]
AddToCard.c(12): Notify: Parameter Substitution: parameter "ProductName_6" =  "BIRDS"	[MsgId: MMSG-13992]
AddToCard.c(14): Notify: Saving Parameter "RandCategory = BIRDS".	[MsgId: MMSG-13798]
AddToCard.c(15): Notify: Parameter Substitution: parameter "RandCategory" =  "BIRDS"	[MsgId: MMSG-13992]
AddToCard.c(15): Random category selected in Action2 = BIRDS	[MsgId: MMSG-17999]
AddToCard.c(17): web_reg_find started  	[MsgId: MMSG-26355]
AddToCard.c(17): Notify: Parameter Substitution: parameter "RandCategory" =  "BIRDS"	[MsgId: MMSG-13992]
AddToCard.c(17): Registering web_reg_find was successful  	[MsgId: MMSG-26390]
AddToCard.c(20): web_reg_save_param_regexp started  	[MsgId: MMSG-26355]
AddToCard.c(20): Registering web_reg_save_param_regexp was successful  	[MsgId: MMSG-26390]
AddToCard.c(27): web_url("Catalog.action_2") started  	[MsgId: MMSG-26355]
AddToCard.c(27): Notify: Parameter Substitution: parameter "RandCategory" =  "BIRDS"	[MsgId: MMSG-13992]
AddToCard.c(94): Resource "https://petstore.octoperf.com/css/jpetstore.css" is in the cache already and will not be downloaded again  	[MsgId: MMSG-26655]
AddToCard.c(94): Resource "https://petstore.octoperf.com/images/logo-topbar.svg" is in the cache already and will not be downloaded again  	[MsgId: MMSG-26655]
AddToCard.c(94): Resource "https://petstore.octoperf.com/images/cart.gif" is in the cache already and will not be downloaded again  	[MsgId: MMSG-26655]
AddToCard.c(94): Resource "https://petstore.octoperf.com/images/separator.gif" is in the cache already and will not be downloaded again  	[MsgId: MMSG-26655]
AddToCard.c(94): Resource "https://petstore.octoperf.com/images/sm_fish.gif" is in the cache already and will not be downloaded again  	[MsgId: MMSG-26655]
AddToCard.c(94): Resource "https://petstore.octoperf.com/images/sm_dogs.gif" is in the cache already and will not be downloaded again  	[MsgId: MMSG-26655]
AddToCard.c(94): Resource "https://petstore.octoperf.com/images/sm_reptiles.gif" is in the cache already and will not be downloaded again  	[MsgId: MMSG-26655]
AddToCard.c(94): Resource "https://petstore.octoperf.com/images/sm_cats.gif" is in the cache already and will not be downloaded again  	[MsgId: MMSG-26655]
AddToCard.c(94): Resource "https://petstore.octoperf.com/images/sm_birds.gif" is in the cache already and will not be downloaded again  	[MsgId: MMSG-26655]
AddToCard.c(94): Resource "https://petstore.octoperf.com/images/banner_fish.gif" is in the cache already and will not be downloaded again  	[MsgId: MMSG-26655]
AddToCard.c(94): Registered web_reg_find successful for "Text=Shopping Cart" (count=1)  	[MsgId: MMSG-26364]
AddToCard.c(94): web_link("Add to Cart") was successful, 4643 body bytes, 225 header bytes  	[MsgId: MMSG-26386]
AddToCard.c(99): Notify: Transaction "PetStore_AddToCard_T04" ended with a "Pass" status (Duration: 0.1275 Wasted Time: 0.0000).	[MsgId: MMSG-16871]
CheckOutThProduct.c(4): Notify: Transaction "PetStore_ClickOnViewCart_T01" started.	[MsgId: MMSG-16999]
CheckOutThProduct.c(5): web_reg_find started  	[MsgId: MMSG-26355]
CheckOutThProduct.c(5): Registering web_reg_find was successful  	[MsgId: MMSG-26390]
CheckOutThProduct.c(7): web_url("Cart.action_4") started  	[MsgId: MMSG-26355]
CheckOutThProduct.c(7): Resource "https://petstore.octoperf.com/css/jpetstore.css" is in the cache already and will not be downloaded again  	[MsgId: MMSG-26655]
CheckOutThProduct.c(7): Resource "https://petstore.octoperf.com/images/logo-topbar.svg" is in the cache already and will not be downloaded again  	[MsgId: MMSG-26655]
CheckOutThProduct.c(7): Resource "https://petstore.octoperf.com/images/cart.gif" is in the cache already and will not be downloaded again  	[MsgId: MMSG-26655]
CheckOutThProduct.c(7): Resource "https://petstore.octoperf.com/images/separator.gif" is in the cache already and will not be downloaded again  	[MsgId: MMSG-26655]
CheckOutThProduct.c(7): Resource "https://petstore.octoperf.com/images/sm_fish.gif" is in the cache already and will not be downloaded again  	[MsgId: MMSG-26655]
CheckOutThProduct.c(7): Resource "https://petstore.octoperf.com/images/sm_dogs.gif" is in the cache already and will not be downloaded again  	[MsgId: MMSG-26655]
CheckOutThProduct.c(7): Resource "https://petstore.octoperf.com/images/sm_reptiles.gif" is in the cache already and will not be downloaded again  	[MsgId: MMSG-26655]
CheckOutThProduct.c(7): Resource "https://petstore.octoperf.com/images/sm_cats.gif" is in the cache already and will not be downloaded again  	[MsgId: MMSG-26655]
CheckOutThProduct.c(7): Resource "https://petstore.octoperf.com/images/sm_birds.gif" is in the cache already and will not be downloaded again  	[MsgId: MMSG-26655]
CheckOutThProduct.c(7): Resource "https://petstore.octoperf.com/images/banner_fish.gif" is in the cache already and will not be downloaded again  	[MsgId: MMSG-26655]
CheckOutThProduct.c(7): Registered web_reg_find successful for "Text=Shopping Cart" (count=1)  	[MsgId: MMSG-26364]
CheckOutThProduct.c(7): web_url("Cart.action_4") was successful, 4643 body bytes, 225 header bytes  	[MsgId: MMSG-26386]
CheckOutThProduct.c(15): Notify: Transaction "PetStore_ClickOnViewCart_T01" ended with a "Pass" status (Duration: 0.1274 Wasted Time: 0.0000).	[MsgId: MMSG-16871]
CheckOutThProduct.c(17): lr_think_time: 4.01 seconds (recorded think time was 5.00 seconds).	[MsgId: MMSG-15947]
AddToCard.c(27): Resource "https://petstore.octoperf.com/css/jpetstore.css" is in the cache already and will not be downloaded again  	[MsgId: MMSG-26655]
AddToCard.c(27): Resource "https://petstore.octoperf.com/images/logo-topbar.svg" is in the cache already and will not be downloaded again  	[MsgId: MMSG-26655]
AddToCard.c(27): Resource "https://petstore.octoperf.com/images/cart.gif" is in the cache already and will not be downloaded again  	[MsgId: MMSG-26655]
AddToCard.c(27): Resource "https://petstore.octoperf.com/images/separator.gif" is in the cache already and will not be downloaded again  	[MsgId: MMSG-26655]
AddToCard.c(27): Resource "https://petstore.octoperf.com/images/sm_fish.gif" is in the cache already and will not be downloaded again  	[MsgId: MMSG-26655]
AddToCard.c(27): Resource "https://petstore.octoperf.com/images/sm_dogs.gif" is in the cache already and will not be downloaded again  	[MsgId: MMSG-26655]
AddToCard.c(27): Resource "https://petstore.octoperf.com/images/sm_reptiles.gif" is in the cache already and will not be downloaded again  	[MsgId: MMSG-26655]
AddToCard.c(27): Resource "https://petstore.octoperf.com/images/sm_cats.gif" is in the cache already and will not be downloaded again  	[MsgId: MMSG-26655]
AddToCard.c(27): Resource "https://petstore.octoperf.com/images/sm_birds.gif" is in the cache already and will not be downloaded again  	[MsgId: MMSG-26655]
AddToCard.c(27): Resource "https://petstore.octoperf.com/images/banner_fish.gif" is in the cache already and will not be downloaded again  	[MsgId: MMSG-26655]
AddToCard.c(27): Notify: Saving Parameter "productId_1 = AV-CB-01".	[MsgId: MMSG-13798]
AddToCard.c(27): Notify: Saving Parameter "productId_2 = AV-SB-02".	[MsgId: MMSG-13798]
AddToCard.c(27): Notify: Saving Parameter "productId_count = 2".	[MsgId: MMSG-13798]
AddToCard.c(27): Registered web_reg_find successful for "Text=BIRDS" (count=1)  	[MsgId: MMSG-26364]
AddToCard.c(27): web_url("Catalog.action_2") was successful, 3625 body bytes, 225 header bytes  	[MsgId: MMSG-26386]
AddToCard.c(36): Notify: Transaction "PetStore_AddAproduct_T01" ended with a "Pass" status (Duration: 0.2910 Wasted Time: 0.0004).	[MsgId: MMSG-16871]
AddToCard.c(38): lr_think_time: 3.52 seconds (recorded think time was 5.00 seconds).	[MsgId: MMSG-15947]
Registration.c(43): Notify: Transaction "PetStore_ClickOnRegistration_T03" started.	[MsgId: MMSG-16999]
Registration.c(45): web_reg_find started  	[MsgId: MMSG-26355]
Registration.c(45): Registering web_reg_find was successful  	[MsgId: MMSG-26390]
Registration.c(48): web_link("Register Now!") started  	[MsgId: MMSG-26355]
Registration.c(48): Linking to "https://petstore.octoperf.com/actions/Account.action?newAccountForm=", Target Frame=""  	[MsgId: MMSG-27994]
Registration.c(48): Resource "https://petstore.octoperf.com/css/jpetstore.css" is in the cache already and will not be downloaded again  	[MsgId: MMSG-26655]
Registration.c(48): Resource "https://petstore.octoperf.com/images/logo-topbar.svg" is in the cache already and will not be downloaded again  	[MsgId: MMSG-26655]
Registration.c(48): Resource "https://petstore.octoperf.com/images/cart.gif" is in the cache already and will not be downloaded again  	[MsgId: MMSG-26655]
Registration.c(48): Resource "https://petstore.octoperf.com/images/separator.gif" is in the cache already and will not be downloaded again  	[MsgId: MMSG-26655]
Registration.c(48): Resource "https://petstore.octoperf.com/images/sm_fish.gif" is in the cache already and will not be downloaded again  	[MsgId: MMSG-26655]
Registration.c(48): Resource "https://petstore.octoperf.com/images/sm_dogs.gif" is in the cache already and will not be downloaded again  	[MsgId: MMSG-26655]
Registration.c(48): Resource "https://petstore.octoperf.com/images/sm_reptiles.gif" is in the cache already and will not be downloaded again  	[MsgId: MMSG-26655]
Registration.c(48): Resource "https://petstore.octoperf.com/images/sm_cats.gif" is in the cache already and will not be downloaded again  	[MsgId: MMSG-26655]
Registration.c(48): Resource "https://petstore.octoperf.com/images/sm_birds.gif" is in the cache already and will not be downloaded again  	[MsgId: MMSG-26655]
Registration.c(48): Registered web_reg_find successful for "Text=User Information" (count=1)  	[MsgId: MMSG-26364]
Registration.c(48): web_link("Register Now!") was successful, 5821 body bytes, 225 header bytes  	[MsgId: MMSG-26386]
Registration.c(53): Notify: Transaction "PetStore_ClickOnRegistration_T03" ended with a "Pass" status (Duration: 0.1308 Wasted Time: 0.0000).	[MsgId: MMSG-16871]
Registration.c(55): lr_think_time: 3.20 seconds (recorded think time was 5.00 seconds).	[MsgId: MMSG-15947]
AddToCard.c(88): Notify: Transaction "PetStore_AddToCard_T04" started.	[MsgId: MMSG-16999]
AddToCard.c(90): web_reg_find started  	[MsgId: MMSG-26355]
AddToCard.c(90): Registering web_reg_find was successful  	[MsgId: MMSG-26390]
AddToCard.c(94): web_link("Add to Cart") started  	[MsgId: MMSG-26355]
AddToCard.c(94): Linking to "https://petstore.octoperf.com/actions/Cart.action?addItemToCart=&workingItemId=EST-18", Target Frame=""  	[MsgId: MMSG-27994]
AddToCard.c(94): Resource "https://petstore.octoperf.com/css/jpetstore.css" is in the cache already and will not be downloaded again  	[MsgId: MMSG-26655]
AddToCard.c(94): Resource "https://petstore.octoperf.com/images/logo-topbar.svg" is in the cache already and will not be downloaded again  	[MsgId: MMSG-26655]
AddToCard.c(94): Resource "https://petstore.octoperf.com/images/cart.gif" is in the cache already and will not be downloaded again  	[MsgId: MMSG-26655]
AddToCard.c(94): Resource "https://petstore.octoperf.com/images/separator.gif" is in the cache already and will not be downloaded again  	[MsgId: MMSG-26655]
AddToCard.c(94): Resource "https://petstore.octoperf.com/images/sm_fish.gif" is in the cache already and will not be downloaded again  	[MsgId: MMSG-26655]
AddToCard.c(94): Resource "https://petstore.octoperf.com/images/sm_dogs.gif" is in the cache already and will not be downloaded again  	[MsgId: MMSG-26655]
AddToCard.c(94): Resource "https://petstore.octoperf.com/images/sm_reptiles.gif" is in the cache already and will not be downloaded again  	[MsgId: MMSG-26655]
AddToCard.c(94): Resource "https://petstore.octoperf.com/images/sm_cats.gif" is in the cache already and will not be downloaded again  	[MsgId: MMSG-26655]
AddToCard.c(94): Resource "https://petstore.octoperf.com/images/sm_birds.gif" is in the cache already and will not be downloaded again  	[MsgId: MMSG-26655]
AddToCard.c(94): Resource "https://petstore.octoperf.com/images/banner_fish.gif" is in the cache already and will not be downloaded again  	[MsgId: MMSG-26655]
AddToCard.c(94): Registered web_reg_find successful for "Text=Shopping Cart" (count=1)  	[MsgId: MMSG-26364]
AddToCard.c(94): web_link("Add to Cart") was successful, 4643 body bytes, 225 header bytes  	[MsgId: MMSG-26386]
AddToCard.c(99): Notify: Transaction "PetStore_AddToCard_T04" ended with a "Pass" status (Duration: 0.1289 Wasted Time: 0.0000).	[MsgId: MMSG-16871]
CheckOutThProduct.c(4): Notify: Transaction "PetStore_ClickOnViewCart_T01" started.	[MsgId: MMSG-16999]
CheckOutThProduct.c(5): web_reg_find started  	[MsgId: MMSG-26355]
CheckOutThProduct.c(5): Registering web_reg_find was successful  	[MsgId: MMSG-26390]
CheckOutThProduct.c(7): web_url("Cart.action_4") started  	[MsgId: MMSG-26355]
CheckOutThProduct.c(7): Resource "https://petstore.octoperf.com/css/jpetstore.css" is in the cache already and will not be downloaded again  	[MsgId: MMSG-26655]
CheckOutThProduct.c(7): Resource "https://petstore.octoperf.com/images/logo-topbar.svg" is in the cache already and will not be downloaded again  	[MsgId: MMSG-26655]
CheckOutThProduct.c(7): Resource "https://petstore.octoperf.com/images/cart.gif" is in the cache already and will not be downloaded again  	[MsgId: MMSG-26655]
CheckOutThProduct.c(7): Resource "https://petstore.octoperf.com/images/separator.gif" is in the cache already and will not be downloaded again  	[MsgId: MMSG-26655]
CheckOutThProduct.c(7): Resource "https://petstore.octoperf.com/images/sm_fish.gif" is in the cache already and will not be downloaded again  	[MsgId: MMSG-26655]
CheckOutThProduct.c(7): Resource "https://petstore.octoperf.com/images/sm_dogs.gif" is in the cache already and will not be downloaded again  	[MsgId: MMSG-26655]
CheckOutThProduct.c(7): Resource "https://petstore.octoperf.com/images/sm_reptiles.gif" is in the cache already and will not be downloaded again  	[MsgId: MMSG-26655]
CheckOutThProduct.c(7): Resource "https://petstore.octoperf.com/images/sm_cats.gif" is in the cache already and will not be downloaded again  	[MsgId: MMSG-26655]
CheckOutThProduct.c(7): Resource "https://petstore.octoperf.com/images/sm_birds.gif" is in the cache already and will not be downloaded again  	[MsgId: MMSG-26655]
CheckOutThProduct.c(7): Resource "https://petstore.octoperf.com/images/banner_fish.gif" is in the cache already and will not be downloaded again  	[MsgId: MMSG-26655]
CheckOutThProduct.c(7): Registered web_reg_find successful for "Text=Shopping Cart" (count=1)  	[MsgId: MMSG-26364]
CheckOutThProduct.c(7): web_url("Cart.action_4") was successful, 4643 body bytes, 225 header bytes  	[MsgId: MMSG-26386]
CheckOutThProduct.c(15): Notify: Transaction "PetStore_ClickOnViewCart_T01" ended with a "Pass" status (Duration: 0.1292 Wasted Time: 0.0000).	[MsgId: MMSG-16871]
CheckOutThProduct.c(17): lr_think_time: 2.79 seconds (recorded think time was 5.00 seconds).	[MsgId: MMSG-15947]
AddToCard.c(40): Notify: Transaction "PetStore_SelectProductId_T02" started.	[MsgId: MMSG-16999]
AddToCard.c(43): Notify: Parameter Substitution: parameter "productId_count" =  "2"	[MsgId: MMSG-13992]
AddToCard.c(44): Notify: Parameter Substitution: parameter "productId_1" =  "RP-SN-01"	[MsgId: MMSG-13992]
AddToCard.c(46): Notify: Saving Parameter "RandproductId = RP-SN-01".	[MsgId: MMSG-13798]
AddToCard.c(47): Notify: Parameter Substitution: parameter "RandproductId" =  "RP-SN-01"	[MsgId: MMSG-13992]
AddToCard.c(47): Random category selected in Action2 = RP-SN-01	[MsgId: MMSG-17999]
AddToCard.c(49): web_reg_find started  	[MsgId: MMSG-26355]
AddToCard.c(49): Notify: Parameter Substitution: parameter "RandproductId" =  "RP-SN-01"	[MsgId: MMSG-13992]
AddToCard.c(49): Registering web_reg_find was successful  	[MsgId: MMSG-26390]
AddToCard.c(51): web_reg_save_param_regexp started  	[MsgId: MMSG-26355]
AddToCard.c(51): Registering web_reg_save_param_regexp was successful  	[MsgId: MMSG-26390]
AddToCard.c(58): web_link("{RandproductId}") started  	[MsgId: MMSG-26355]
AddToCard.c(58): Notify: Parameter Substitution: parameter "RandproductId" =  "RP-SN-01"	[MsgId: MMSG-13992]
AddToCard.c(58): Linking to "https://petstore.octoperf.com/actions/Catalog.action?viewProduct=&productId=RP-SN-01", Target Frame=""  	[MsgId: MMSG-27994]
AddToCard.c(58): Resource "https://petstore.octoperf.com/css/jpetstore.css" is in the cache already and will not be downloaded again  	[MsgId: MMSG-26655]
AddToCard.c(58): Resource "https://petstore.octoperf.com/images/logo-topbar.svg" is in the cache already and will not be downloaded again  	[MsgId: MMSG-26655]
AddToCard.c(58): Resource "https://petstore.octoperf.com/images/cart.gif" is in the cache already and will not be downloaded again  	[MsgId: MMSG-26655]
AddToCard.c(58): Resource "https://petstore.octoperf.com/images/separator.gif" is in the cache already and will not be downloaded again  	[MsgId: MMSG-26655]
AddToCard.c(58): Resource "https://petstore.octoperf.com/images/sm_fish.gif" is in the cache already and will not be downloaded again  	[MsgId: MMSG-26655]
AddToCard.c(58): Resource "https://petstore.octoperf.com/images/sm_dogs.gif" is in the cache already and will not be downloaded again  	[MsgId: MMSG-26655]
AddToCard.c(58): Resource "https://petstore.octoperf.com/images/sm_reptiles.gif" is in the cache already and will not be downloaded again  	[MsgId: MMSG-26655]
AddToCard.c(58): Resource "https://petstore.octoperf.com/images/sm_cats.gif" is in the cache already and will not be downloaded again  	[MsgId: MMSG-26655]
AddToCard.c(58): Resource "https://petstore.octoperf.com/images/sm_birds.gif" is in the cache already and will not be downloaded again  	[MsgId: MMSG-26655]
AddToCard.c(58): Resource "https://petstore.octoperf.com/images/banner_fish.gif" is in the cache already and will not be downloaded again  	[MsgId: MMSG-26655]
AddToCard.c(58): Notify: Saving Parameter "itemId_1 = EST-11".	[MsgId: MMSG-13798]
AddToCard.c(58): Notify: Saving Parameter "itemId_2 = EST-12".	[MsgId: MMSG-13798]
AddToCard.c(58): Notify: Saving Parameter "itemId_count = 2".	[MsgId: MMSG-13798]
AddToCard.c(58): Registered web_reg_find successful for "Text=RP-SN-01" (count=2)  	[MsgId: MMSG-26364]
AddToCard.c(58): web_link("{RandproductId}") was successful, 4092 body bytes, 225 header bytes  	[MsgId: MMSG-26386]
AddToCard.c(63): Notify: Transaction "PetStore_SelectProductId_T02" ended with a "Pass" status (Duration: 0.1300 Wasted Time: 0.0002).	[MsgId: MMSG-16871]
AddToCard.c(65): lr_think_time: 3.13 seconds (recorded think time was 5.00 seconds).	[MsgId: MMSG-15947]
Starting iteration 36.	[MsgId: MMSG-15968]
Notify: Next row for parameter UserName = 1 [table  = UserName].	[MsgId: MMSG-13876]
Notify: Getting new value for parameter 'UserName': table = 'UserCredentilas1.dat' column = '0' row = '1'.	[MsgId: MMSG-13877]
Notify: Next row for parameter PetStoreEndtoEndFlow_UserName = 1 [table  = PetStoreEndtoEndFlow_UserName].	[MsgId: MMSG-13876]
Notify: Getting new value for parameter 'PetStoreEndtoEndFlow_UserName': table = 'UserCredentilas3.dat' column = '0' row = '1'.	[MsgId: MMSG-13877]
Notify: Next row for parameter PetStoreEndtoEndFlow_pass = 1 [table  = PetStoreEndtoEndFlow_pass].	[MsgId: MMSG-13876]
Notify: Getting new value for parameter 'PetStoreEndtoEndFlow_pass': table = 'UserCredentilas4.dat' column = '0' row = '1'.	[MsgId: MMSG-13877]
Notify: Next row for parameter pass = 1 [table  = pass].	[MsgId: MMSG-13876]
Notify: Getting new value for parameter 'pass': table = 'UserCredentilas2.dat' column = '0' row = '1'.	[MsgId: MMSG-13877]
Starting action Login.	[MsgId: MMSG-15919]
Registration.c(13): Notify: Transaction "PetStore_EnterToPetStore_T01" started.	[MsgId: MMSG-16999]
Registration.c(14): web_reg_find started  	[MsgId: MMSG-26355]
Registration.c(14): Registering web_reg_find was successful  	[MsgId: MMSG-26390]
Registration.c(17): web_url("Catalog.action") started  	[MsgId: MMSG-26355]
Starting iteration 45.	[MsgId: MMSG-15968]
Notify: Next row for parameter UserName = 1 [table  = UserName].	[MsgId: MMSG-13876]
Notify: Getting new value for parameter 'UserName': table = 'UserCredentilas1.dat' column = '0' row = '1'.	[MsgId: MMSG-13877]
Notify: Next row for parameter PetStoreEndtoEndFlow_UserName = 1 [table  = PetStoreEndtoEndFlow_UserName].	[MsgId: MMSG-13876]
Notify: Getting new value for parameter 'PetStoreEndtoEndFlow_UserName': table = 'UserCredentilas3.dat' column = '0' row = '1'.	[MsgId: MMSG-13877]
Notify: Next row for parameter PetStoreEndtoEndFlow_pass = 1 [table  = PetStoreEndtoEndFlow_pass].	[MsgId: MMSG-13876]
Notify: Getting new value for parameter 'PetStoreEndtoEndFlow_pass': table = 'UserCredentilas4.dat' column = '0' row = '1'.	[MsgId: MMSG-13877]
Notify: Next row for parameter pass = 1 [table  = pass].	[MsgId: MMSG-13876]
Notify: Getting new value for parameter 'pass': table = 'UserCredentilas2.dat' column = '0' row = '1'.	[MsgId: MMSG-13877]
Starting action Login.	[MsgId: MMSG-15919]
Registration.c(13): Notify: Transaction "PetStore_EnterToPetStore_T01" started.	[MsgId: MMSG-16999]
Registration.c(14): web_reg_find started  	[MsgId: MMSG-26355]
Registration.c(14): Registering web_reg_find was successful  	[MsgId: MMSG-26390]
Registration.c(17): web_url("Catalog.action") started  	[MsgId: MMSG-26355]
Registration.c(17): Found resource "https://petstore.octoperf.com/css/jpetstore.css" in HTML "https://petstore.octoperf.com/actions/Catalog.action"  	[MsgId: MMSG-26659]
Registration.c(17): Found resource "https://petstore.octoperf.com/images/logo-topbar.svg" in HTML "https://petstore.octoperf.com/actions/Catalog.action"  	[MsgId: MMSG-26659]
Registration.c(17): Found resource "https://petstore.octoperf.com/images/cart.gif" in HTML "https://petstore.octoperf.com/actions/Catalog.action"  	[MsgId: MMSG-26659]
Registration.c(17): Found resource "https://petstore.octoperf.com/images/separator.gif" in HTML "https://petstore.octoperf.com/actions/Catalog.action"  	[MsgId: MMSG-26659]
Registration.c(17): Found resource "https://petstore.octoperf.com/images/sm_fish.gif" in HTML "https://petstore.octoperf.com/actions/Catalog.action"  	[MsgId: MMSG-26659]
Registration.c(17): Found resource "https://petstore.octoperf.com/images/sm_dogs.gif" in HTML "https://petstore.octoperf.com/actions/Catalog.action"  	[MsgId: MMSG-26659]
Registration.c(17): Found resource "https://petstore.octoperf.com/images/sm_reptiles.gif" in HTML "https://petstore.octoperf.com/actions/Catalog.action"  	[MsgId: MMSG-26659]
Registration.c(17): Found resource "https://petstore.octoperf.com/images/sm_cats.gif" in HTML "https://petstore.octoperf.com/actions/Catalog.action"  	[MsgId: MMSG-26659]
Registration.c(17): Found resource "https://petstore.octoperf.com/images/sm_birds.gif" in HTML "https://petstore.octoperf.com/actions/Catalog.action"  	[MsgId: MMSG-26659]
Registration.c(17): Found resource "https://petstore.octoperf.com/images/fish_icon.gif" in HTML "https://petstore.octoperf.com/actions/Catalog.action"  	[MsgId: MMSG-26659]
Registration.c(17): Found resource "https://petstore.octoperf.com/images/dogs_icon.gif" in HTML "https://petstore.octoperf.com/actions/Catalog.action"  	[MsgId: MMSG-26659]
Registration.c(17): Found resource "https://petstore.octoperf.com/images/cats_icon.gif" in HTML "https://petstore.octoperf.com/actions/Catalog.action"  	[MsgId: MMSG-26659]
Registration.c(17): Found resource "https://petstore.octoperf.com/images/reptiles_icon.gif" in HTML "https://petstore.octoperf.com/actions/Catalog.action"  	[MsgId: MMSG-26659]
Registration.c(17): Found resource "https://petstore.octoperf.com/images/birds_icon.gif" in HTML "https://petstore.octoperf.com/actions/Catalog.action"  	[MsgId: MMSG-26659]
Registration.c(17): Found resource "https://petstore.octoperf.com/images/splash.gif" in HTML "https://petstore.octoperf.com/actions/Catalog.action"  	[MsgId: MMSG-26659]
Registration.c(17): Found resource "https://petstore.octoperf.com/css/jpetstore.css" in HTML "https://petstore.octoperf.com/actions/Catalog.action"  	[MsgId: MMSG-26659]
Registration.c(17): Found resource "https://petstore.octoperf.com/images/logo-topbar.svg" in HTML "https://petstore.octoperf.com/actions/Catalog.action"  	[MsgId: MMSG-26659]
Registration.c(17): Found resource "https://petstore.octoperf.com/images/cart.gif" in HTML "https://petstore.octoperf.com/actions/Catalog.action"  	[MsgId: MMSG-26659]
Registration.c(17): Found resource "https://petstore.octoperf.com/images/separator.gif" in HTML "https://petstore.octoperf.com/actions/Catalog.action"  	[MsgId: MMSG-26659]
Registration.c(17): Found resource "https://petstore.octoperf.com/images/sm_fish.gif" in HTML "https://petstore.octoperf.com/actions/Catalog.action"  	[MsgId: MMSG-26659]
Registration.c(17): Found resource "https://petstore.octoperf.com/images/sm_dogs.gif" in HTML "https://petstore.octoperf.com/actions/Catalog.action"  	[MsgId: MMSG-26659]
Registration.c(17): Found resource "https://petstore.octoperf.com/images/sm_reptiles.gif" in HTML "https://petstore.octoperf.com/actions/Catalog.action"  	[MsgId: MMSG-26659]
Registration.c(17): Found resource "https://petstore.octoperf.com/images/sm_cats.gif" in HTML "https://petstore.octoperf.com/actions/Catalog.action"  	[MsgId: MMSG-26659]
Registration.c(17): Found resource "https://petstore.octoperf.com/images/sm_birds.gif" in HTML "https://petstore.octoperf.com/actions/Catalog.action"  	[MsgId: MMSG-26659]
Registration.c(17): Found resource "https://petstore.octoperf.com/images/fish_icon.gif" in HTML "https://petstore.octoperf.com/actions/Catalog.action"  	[MsgId: MMSG-26659]
Registration.c(17): Found resource "https://petstore.octoperf.com/images/dogs_icon.gif" in HTML "https://petstore.octoperf.com/actions/Catalog.action"  	[MsgId: MMSG-26659]
Registration.c(17): Found resource "https://petstore.octoperf.com/images/cats_icon.gif" in HTML "https://petstore.octoperf.com/actions/Catalog.action"  	[MsgId: MMSG-26659]
Registration.c(17): Found resource "https://petstore.octoperf.com/images/reptiles_icon.gif" in HTML "https://petstore.octoperf.com/actions/Catalog.action"  	[MsgId: MMSG-26659]
Registration.c(17): Found resource "https://petstore.octoperf.com/images/birds_icon.gif" in HTML "https://petstore.octoperf.com/actions/Catalog.action"  	[MsgId: MMSG-26659]
Registration.c(17): Found resource "https://petstore.octoperf.com/images/splash.gif" in HTML "https://petstore.octoperf.com/actions/Catalog.action"  	[MsgId: MMSG-26659]
Registration.c(29): Notify: Transaction "PetStore_ClickOnSignIn_T02" started.	[MsgId: MMSG-16999]
Registration.c(31): web_reg_find started  	[MsgId: MMSG-26355]
Registration.c(31): Registering web_reg_find was successful  	[MsgId: MMSG-26390]
Registration.c(34): web_link("Sign In") started  	[MsgId: MMSG-26355]
Registration.c(34): Linking to "https://petstore.octoperf.com/actions/Account.action;jsessionid=D016981E23C89BDF2BB31A053B801D60?signonForm=", Target Frame=""  	[MsgId: MMSG-27994]
AddToCard.c(40): Notify: Transaction "PetStore_SelectProductId_T02" started.	[MsgId: MMSG-16999]
AddToCard.c(43): Notify: Parameter Substitution: parameter "productId_count" =  "2"	[MsgId: MMSG-13992]
AddToCard.c(44): Notify: Parameter Substitution: parameter "productId_1" =  "AV-CB-01"	[MsgId: MMSG-13992]
AddToCard.c(46): Notify: Saving Parameter "RandproductId = AV-CB-01".	[MsgId: MMSG-13798]
AddToCard.c(47): Notify: Parameter Substitution: parameter "RandproductId" =  "AV-CB-01"	[MsgId: MMSG-13992]
AddToCard.c(47): Random category selected in Action2 = AV-CB-01	[MsgId: MMSG-17999]
AddToCard.c(49): web_reg_find started  	[MsgId: MMSG-26355]
AddToCard.c(49): Notify: Parameter Substitution: parameter "RandproductId" =  "AV-CB-01"	[MsgId: MMSG-13992]
AddToCard.c(49): Registering web_reg_find was successful  	[MsgId: MMSG-26390]
AddToCard.c(51): web_reg_save_param_regexp started  	[MsgId: MMSG-26355]
AddToCard.c(51): Registering web_reg_save_param_regexp was successful  	[MsgId: MMSG-26390]
AddToCard.c(58): web_link("{RandproductId}") started  	[MsgId: MMSG-26355]
AddToCard.c(58): Notify: Parameter Substitution: parameter "RandproductId" =  "AV-CB-01"	[MsgId: MMSG-13992]
AddToCard.c(58): Linking to "https://petstore.octoperf.com/actions/Catalog.action?viewProduct=&productId=AV-CB-01", Target Frame=""  	[MsgId: MMSG-27994]
Registration.c(34): Resource "https://petstore.octoperf.com/css/jpetstore.css" is in the cache already and will not be downloaded again  	[MsgId: MMSG-26655]
Registration.c(34): Resource "https://petstore.octoperf.com/images/logo-topbar.svg" is in the cache already and will not be downloaded again  	[MsgId: MMSG-26655]
Registration.c(34): Resource "https://petstore.octoperf.com/images/cart.gif" is in the cache already and will not be downloaded again  	[MsgId: MMSG-26655]
Registration.c(34): Resource "https://petstore.octoperf.com/images/separator.gif" is in the cache already and will not be downloaded again  	[MsgId: MMSG-26655]
Registration.c(34): Resource "https://petstore.octoperf.com/images/sm_fish.gif" is in the cache already and will not be downloaded again  	[MsgId: MMSG-26655]
Registration.c(34): Resource "https://petstore.octoperf.com/images/sm_dogs.gif" is in the cache already and will not be downloaded again  	[MsgId: MMSG-26655]
Registration.c(34): Resource "https://petstore.octoperf.com/images/sm_reptiles.gif" is in the cache already and will not be downloaded again  	[MsgId: MMSG-26655]
Registration.c(34): Resource "https://petstore.octoperf.com/images/sm_cats.gif" is in the cache already and will not be downloaded again  	[MsgId: MMSG-26655]
Registration.c(34): Resource "https://petstore.octoperf.com/images/sm_birds.gif" is in the cache already and will not be downloaded again  	[MsgId: MMSG-26655]
Registration.c(34): Registered web_reg_find successful for "Text=Please enter your username and password" (count=1)  	[MsgId: MMSG-26364]
Registration.c(34): web_link("Sign In") was successful, 3858 body bytes, 225 header bytes  	[MsgId: MMSG-26386]
Registration.c(39): Notify: Transaction "PetStore_ClickOnSignIn_T02" ended with a "Pass" status (Duration: 0.1284 Wasted Time: 0.0000).	[MsgId: MMSG-16871]
Registration.c(41): lr_think_time: 2.55 seconds (recorded think time was 5.00 seconds).	[MsgId: MMSG-15947]
CheckOutThProduct.c(31): Notify: Transaction "PetStore_ClickOnContinue_T03" started.	[MsgId: MMSG-16999]
CheckOutThProduct.c(33): web_reg_find started  	[MsgId: MMSG-26355]
CheckOutThProduct.c(33): Registering web_reg_find was successful  	[MsgId: MMSG-26390]
CheckOutThProduct.c(36): web_submit_form("Order.action") started  	[MsgId: MMSG-26355]
CheckOutThProduct.c(36): Submitting form to "https://petstore.octoperf.com/actions/Order.action", Target Frame=""  	[MsgId: MMSG-27978]
AddToCard.c(58): Resource "https://petstore.octoperf.com/css/jpetstore.css" is in the cache already and will not be downloaded again  	[MsgId: MMSG-26655]
AddToCard.c(58): Resource "https://petstore.octoperf.com/images/logo-topbar.svg" is in the cache already and will not be downloaded again  	[MsgId: MMSG-26655]
AddToCard.c(58): Resource "https://petstore.octoperf.com/images/cart.gif" is in the cache already and will not be downloaded again  	[MsgId: MMSG-26655]
AddToCard.c(58): Resource "https://petstore.octoperf.com/images/separator.gif" is in the cache already and will not be downloaded again  	[MsgId: MMSG-26655]
AddToCard.c(58): Resource "https://petstore.octoperf.com/images/sm_fish.gif" is in the cache already and will not be downloaded again  	[MsgId: MMSG-26655]
AddToCard.c(58): Resource "https://petstore.octoperf.com/images/sm_dogs.gif" is in the cache already and will not be downloaded again  	[MsgId: MMSG-26655]
AddToCard.c(58): Resource "https://petstore.octoperf.com/images/sm_reptiles.gif" is in the cache already and will not be downloaded again  	[MsgId: MMSG-26655]
AddToCard.c(58): Resource "https://petstore.octoperf.com/images/sm_cats.gif" is in the cache already and will not be downloaded again  	[MsgId: MMSG-26655]
AddToCard.c(58): Resource "https://petstore.octoperf.com/images/sm_birds.gif" is in the cache already and will not be downloaded again  	[MsgId: MMSG-26655]
AddToCard.c(58): Resource "https://petstore.octoperf.com/images/banner_fish.gif" is in the cache already and will not be downloaded again  	[MsgId: MMSG-26655]
AddToCard.c(58): Notify: Saving Parameter "itemId_1 = EST-18".	[MsgId: MMSG-13798]
AddToCard.c(58): Notify: Saving Parameter "itemId_count = 1".	[MsgId: MMSG-13798]
AddToCard.c(58): Registered web_reg_find successful for "Text=AV-CB-01" (count=1)  	[MsgId: MMSG-26364]
AddToCard.c(58): web_link("{RandproductId}") was successful, 3795 body bytes, 225 header bytes  	[MsgId: MMSG-26386]
AddToCard.c(63): Notify: Transaction "PetStore_SelectProductId_T02" ended with a "Pass" status (Duration: 0.1301 Wasted Time: 0.0003).	[MsgId: MMSG-16871]
AddToCard.c(65): lr_think_time: 4.53 seconds (recorded think time was 5.00 seconds).	[MsgId: MMSG-15947]
Registration.c(17): Registered web_reg_find successful for "Text=OctoPerf" (count=1)  	[MsgId: MMSG-26364]
Registration.c(17): web_url("Catalog.action") was successful, 69386 body bytes, 4543 header bytes  	[MsgId: MMSG-26386]
Registration.c(25): Notify: Transaction "PetStore_EnterToPetStore_T01" ended with a "Pass" status (Duration: 1.1978 Wasted Time: 0.0001).	[MsgId: MMSG-16871]
Registration.c(27): lr_think_time: 4.43 seconds (recorded think time was 5.00 seconds).	[MsgId: MMSG-15947]
Registration.c(17): Registered web_reg_find successful for "Text=OctoPerf" (count=1)  	[MsgId: MMSG-26364]
Registration.c(17): web_url("Catalog.action") was successful, 69386 body bytes, 4543 header bytes  	[MsgId: MMSG-26386]
Registration.c(25): Notify: Transaction "PetStore_EnterToPetStore_T01" ended with a "Pass" status (Duration: 1.1663 Wasted Time: 0.0002).	[MsgId: MMSG-16871]
Registration.c(27): lr_think_time: 2.71 seconds (recorded think time was 5.00 seconds).	[MsgId: MMSG-15947]
CheckOutThProduct.c(36): Resource "https://petstore.octoperf.com/css/jpetstore.css" is in the cache already and will not be downloaded again  	[MsgId: MMSG-26655]
CheckOutThProduct.c(36): Resource "https://petstore.octoperf.com/images/logo-topbar.svg" is in the cache already and will not be downloaded again  	[MsgId: MMSG-26655]
CheckOutThProduct.c(36): Resource "https://petstore.octoperf.com/images/cart.gif" is in the cache already and will not be downloaded again  	[MsgId: MMSG-26655]
CheckOutThProduct.c(36): Resource "https://petstore.octoperf.com/images/separator.gif" is in the cache already and will not be downloaded again  	[MsgId: MMSG-26655]
CheckOutThProduct.c(36): Resource "https://petstore.octoperf.com/images/sm_fish.gif" is in the cache already and will not be downloaded again  	[MsgId: MMSG-26655]
CheckOutThProduct.c(36): Resource "https://petstore.octoperf.com/images/sm_dogs.gif" is in the cache already and will not be downloaded again  	[MsgId: MMSG-26655]
CheckOutThProduct.c(36): Resource "https://petstore.octoperf.com/images/sm_reptiles.gif" is in the cache already and will not be downloaded again  	[MsgId: MMSG-26655]
CheckOutThProduct.c(36): Resource "https://petstore.octoperf.com/images/sm_cats.gif" is in the cache already and will not be downloaded again  	[MsgId: MMSG-26655]
CheckOutThProduct.c(36): Resource "https://petstore.octoperf.com/images/sm_birds.gif" is in the cache already and will not be downloaded again  	[MsgId: MMSG-26655]
CheckOutThProduct.c(19): Notify: Transaction "PetStore_ClickOnProccedToCheckOut_T02" started.	[MsgId: MMSG-16999]
CheckOutThProduct.c(36): Resource "https://petstore.octoperf.com/images/banner_fish.gif" is in the cache already and will not be downloaded again  	[MsgId: MMSG-26655]
CheckOutThProduct.c(20): web_reg_find started  	[MsgId: MMSG-26355]
CheckOutThProduct.c(20): Registering web_reg_find was successful  	[MsgId: MMSG-26390]
CheckOutThProduct.c(23): web_link("Proceed to Checkout") started  	[MsgId: MMSG-26355]
CheckOutThProduct.c(36): Registered web_reg_find successful for "Text=Confirm" (count=1)  	[MsgId: MMSG-26364]
CheckOutThProduct.c(23): Linking to "https://petstore.octoperf.com/actions/Order.action?newOrderForm=", Target Frame=""  	[MsgId: MMSG-27994]
CheckOutThProduct.c(36): web_submit_form("Order.action") was successful, 4526 body bytes, 225 header bytes  	[MsgId: MMSG-26386]
CheckOutThProduct.c(54): Notify: Transaction "PetStore_ClickOnContinue_T03" ended with a "Pass" status (Duration: 0.2538 Wasted Time: 0.0000).	[MsgId: MMSG-16871]
CheckOutThProduct.c(56): lr_think_time: 3.40 seconds (recorded think time was 5.00 seconds).	[MsgId: MMSG-15947]
CheckOutThProduct.c(23): Resource "https://petstore.octoperf.com/css/jpetstore.css" is in the cache already and will not be downloaded again  	[MsgId: MMSG-26655]
CheckOutThProduct.c(23): Resource "https://petstore.octoperf.com/images/logo-topbar.svg" is in the cache already and will not be downloaded again  	[MsgId: MMSG-26655]
CheckOutThProduct.c(23): Resource "https://petstore.octoperf.com/images/cart.gif" is in the cache already and will not be downloaded again  	[MsgId: MMSG-26655]
CheckOutThProduct.c(23): Resource "https://petstore.octoperf.com/images/separator.gif" is in the cache already and will not be downloaded again  	[MsgId: MMSG-26655]
CheckOutThProduct.c(23): Resource "https://petstore.octoperf.com/images/sm_fish.gif" is in the cache already and will not be downloaded again  	[MsgId: MMSG-26655]
CheckOutThProduct.c(23): Resource "https://petstore.octoperf.com/images/sm_dogs.gif" is in the cache already and will not be downloaded again  	[MsgId: MMSG-26655]
CheckOutThProduct.c(23): Resource "https://petstore.octoperf.com/images/sm_reptiles.gif" is in the cache already and will not be downloaded again  	[MsgId: MMSG-26655]
CheckOutThProduct.c(23): Resource "https://petstore.octoperf.com/images/sm_cats.gif" is in the cache already and will not be downloaded again  	[MsgId: MMSG-26655]
CheckOutThProduct.c(23): Resource "https://petstore.octoperf.com/images/sm_birds.gif" is in the cache already and will not be downloaded again  	[MsgId: MMSG-26655]
CheckOutThProduct.c(23): Resource "https://petstore.octoperf.com/images/banner_fish.gif" is in the cache already and will not be downloaded again  	[MsgId: MMSG-26655]
CheckOutThProduct.c(23): Registered web_reg_find successful for "Text=Payment Details" (count=1)  	[MsgId: MMSG-26364]
CheckOutThProduct.c(23): web_link("Proceed to Checkout") was successful, 5376 body bytes, 225 header bytes  	[MsgId: MMSG-26386]
CheckOutThProduct.c(27): Notify: Transaction "PetStore_ClickOnProccedToCheckOut_T02" ended with a "Pass" status (Duration: 0.1283 Wasted Time: 0.0000).	[MsgId: MMSG-16871]
CheckOutThProduct.c(29): lr_think_time: 3.97 seconds (recorded think time was 5.00 seconds).	[MsgId: MMSG-15947]
CheckOutThProduct.c(19): Notify: Transaction "PetStore_ClickOnProccedToCheckOut_T02" started.	[MsgId: MMSG-16999]
CheckOutThProduct.c(20): web_reg_find started  	[MsgId: MMSG-26355]
CheckOutThProduct.c(20): Registering web_reg_find was successful  	[MsgId: MMSG-26390]
CheckOutThProduct.c(23): web_link("Proceed to Checkout") started  	[MsgId: MMSG-26355]
CheckOutThProduct.c(23): Linking to "https://petstore.octoperf.com/actions/Order.action?newOrderForm=", Target Frame=""  	[MsgId: MMSG-27994]
Registration.c(57): Notify: Transaction "PetStore_SubmitRegistration_T04" started.	[MsgId: MMSG-16999]
Registration.c(59): web_reg_find started  	[MsgId: MMSG-26355]
Registration.c(59): Registering web_reg_find was successful  	[MsgId: MMSG-26390]
Registration.c(66): Notify: Saving Parameter "randomUsername = XVIV".	[MsgId: MMSG-13798]
Registration.c(72): Notify: Saving Parameter "randompass = djeo".	[MsgId: MMSG-13798]
Registration.c(86): Notify: Saving Parameter "randomFirstName = wcrsd".	[MsgId: MMSG-13798]
Registration.c(87): Notify: Saving Parameter "randomLastName = bmwmj".	[MsgId: MMSG-13798]
Registration.c(99): Notify: Saving Parameter "RandomPhone = :648776088".	[MsgId: MMSG-13798]
Registration.c(108): Notify: Saving Parameter "RandomZip = 165652".	[MsgId: MMSG-13798]
Registration.c(111): web_submit_form("Account.action") started  	[MsgId: MMSG-26355]
Registration.c(111): Notify: Parameter Substitution: parameter "randomUsername" =  "XVIV"	[MsgId: MMSG-13992]
Registration.c(111): Notify: Parameter Substitution: parameter "randompass" =  "djeo"	[MsgId: MMSG-13992]
Registration.c(111): Notify: Parameter Substitution: parameter "randompass" =  "djeo"	[MsgId: MMSG-13992]
Registration.c(111): Notify: Parameter Substitution: parameter "randomFirstName" =  "wcrsd"	[MsgId: MMSG-13992]
Registration.c(111): Notify: Parameter Substitution: parameter "randomLastName" =  "bmwmj"	[MsgId: MMSG-13992]
Registration.c(111): Notify: Parameter Substitution: parameter "randomFirstName" =  "wcrsd"	[MsgId: MMSG-13992]
Registration.c(111): Notify: Parameter Substitution: parameter "randomLastName" =  "bmwmj"	[MsgId: MMSG-13992]
Registration.c(111): Notify: Parameter Substitution: parameter "RandomPhone" =  ":648776088"	[MsgId: MMSG-13992]
Registration.c(111): Notify: Parameter Substitution: parameter "RandomZip" =  "165652"	[MsgId: MMSG-13992]
Registration.c(111): Submitting form to "https://petstore.octoperf.com/actions/Account.action", Target Frame=""  	[MsgId: MMSG-27978]
CheckOutThProduct.c(23): Resource "https://petstore.octoperf.com/css/jpetstore.css" is in the cache already and will not be downloaded again  	[MsgId: MMSG-26655]
CheckOutThProduct.c(23): Resource "https://petstore.octoperf.com/images/logo-topbar.svg" is in the cache already and will not be downloaded again  	[MsgId: MMSG-26655]
CheckOutThProduct.c(23): Resource "https://petstore.octoperf.com/images/cart.gif" is in the cache already and will not be downloaded again  	[MsgId: MMSG-26655]
CheckOutThProduct.c(23): Resource "https://petstore.octoperf.com/images/separator.gif" is in the cache already and will not be downloaded again  	[MsgId: MMSG-26655]
CheckOutThProduct.c(23): Resource "https://petstore.octoperf.com/images/sm_fish.gif" is in the cache already and will not be downloaded again  	[MsgId: MMSG-26655]
CheckOutThProduct.c(23): Resource "https://petstore.octoperf.com/images/sm_dogs.gif" is in the cache already and will not be downloaded again  	[MsgId: MMSG-26655]
CheckOutThProduct.c(23): Resource "https://petstore.octoperf.com/images/sm_reptiles.gif" is in the cache already and will not be downloaded again  	[MsgId: MMSG-26655]
CheckOutThProduct.c(23): Resource "https://petstore.octoperf.com/images/sm_cats.gif" is in the cache already and will not be downloaded again  	[MsgId: MMSG-26655]
CheckOutThProduct.c(23): Resource "https://petstore.octoperf.com/images/sm_birds.gif" is in the cache already and will not be downloaded again  	[MsgId: MMSG-26655]
CheckOutThProduct.c(23): Resource "https://petstore.octoperf.com/images/banner_fish.gif" is in the cache already and will not be downloaded again  	[MsgId: MMSG-26655]
CheckOutThProduct.c(23): Registered web_reg_find successful for "Text=Payment Details" (count=1)  	[MsgId: MMSG-26364]
CheckOutThProduct.c(23): web_link("Proceed to Checkout") was successful, 5376 body bytes, 225 header bytes  	[MsgId: MMSG-26386]
CheckOutThProduct.c(27): Notify: Transaction "PetStore_ClickOnProccedToCheckOut_T02" ended with a "Pass" status (Duration: 0.1292 Wasted Time: 0.0000).	[MsgId: MMSG-16871]
CheckOutThProduct.c(29): lr_think_time: 3.63 seconds (recorded think time was 5.00 seconds).	[MsgId: MMSG-15947]
Registration.c(111): Redirecting "https://petstore.octoperf.com/actions/Account.action" (redirection depth is 0)  	[MsgId: MMSG-26694]
Registration.c(111): To location "https://petstore.octoperf.com/actions/Catalog.action"  	[MsgId: MMSG-26693]
Registration.c(111): Resource "https://petstore.octoperf.com/css/jpetstore.css" is in the cache already and will not be downloaded again  	[MsgId: MMSG-26655]
Registration.c(111): Resource "https://petstore.octoperf.com/images/logo-topbar.svg" is in the cache already and will not be downloaded again  	[MsgId: MMSG-26655]
Registration.c(111): Resource "https://petstore.octoperf.com/images/cart.gif" is in the cache already and will not be downloaded again  	[MsgId: MMSG-26655]
Registration.c(111): Resource "https://petstore.octoperf.com/images/separator.gif" is in the cache already and will not be downloaded again  	[MsgId: MMSG-26655]
Registration.c(111): Resource "https://petstore.octoperf.com/images/sm_fish.gif" is in the cache already and will not be downloaded again  	[MsgId: MMSG-26655]
Registration.c(111): Resource "https://petstore.octoperf.com/images/sm_dogs.gif" is in the cache already and will not be downloaded again  	[MsgId: MMSG-26655]
Registration.c(111): Resource "https://petstore.octoperf.com/images/sm_reptiles.gif" is in the cache already and will not be downloaded again  	[MsgId: MMSG-26655]
Registration.c(111): Resource "https://petstore.octoperf.com/images/sm_cats.gif" is in the cache already and will not be downloaded again  	[MsgId: MMSG-26655]
Registration.c(111): Resource "https://petstore.octoperf.com/images/sm_birds.gif" is in the cache already and will not be downloaded again  	[MsgId: MMSG-26655]
Registration.c(111): Resource "https://petstore.octoperf.com/images/fish_icon.gif" is in the cache already and will not be downloaded again  	[MsgId: MMSG-26655]
Registration.c(111): Resource "https://petstore.octoperf.com/images/dogs_icon.gif" is in the cache already and will not be downloaded again  	[MsgId: MMSG-26655]
Registration.c(111): Resource "https://petstore.octoperf.com/images/cats_icon.gif" is in the cache already and will not be downloaded again  	[MsgId: MMSG-26655]
Registration.c(111): Resource "https://petstore.octoperf.com/images/reptiles_icon.gif" is in the cache already and will not be downloaded again  	[MsgId: MMSG-26655]
Registration.c(111): Resource "https://petstore.octoperf.com/images/birds_icon.gif" is in the cache already and will not be downloaded again  	[MsgId: MMSG-26655]
Registration.c(111): Resource "https://petstore.octoperf.com/images/splash.gif" is in the cache already and will not be downloaded again  	[MsgId: MMSG-26655]
Registration.c(111): Registered web_reg_find successful for "Text=Elevate you load-testing" (count=1)  	[MsgId: MMSG-26364]
Registration.c(111): web_submit_form("Account.action") was successful, 4736 body bytes, 443 header bytes  	[MsgId: MMSG-26386]
Registration.c(133): Notify: Transaction "PetStore_SubmitRegistration_T04" ended with a "Pass" status (Duration: 0.3866 Wasted Time: 0.0000).	[MsgId: MMSG-16871]
Registration.c(135): lr_think_time: 3.90 seconds (recorded think time was 5.00 seconds).	[MsgId: MMSG-15947]
Starting iteration 35.	[MsgId: MMSG-15968]
Notify: Next row for parameter UserName = 1 [table  = UserName].	[MsgId: MMSG-13876]
Notify: Getting new value for parameter 'UserName': table = 'UserCredentilas1.dat' column = '0' row = '1'.	[MsgId: MMSG-13877]
Notify: Next row for parameter PetStoreEndtoEndFlow_UserName = 1 [table  = PetStoreEndtoEndFlow_UserName].	[MsgId: MMSG-13876]
Notify: Getting new value for parameter 'PetStoreEndtoEndFlow_UserName': table = 'UserCredentilas3.dat' column = '0' row = '1'.	[MsgId: MMSG-13877]
Notify: Next row for parameter PetStoreEndtoEndFlow_pass = 1 [table  = PetStoreEndtoEndFlow_pass].	[MsgId: MMSG-13876]
Notify: Getting new value for parameter 'PetStoreEndtoEndFlow_pass': table = 'UserCredentilas4.dat' column = '0' row = '1'.	[MsgId: MMSG-13877]
Notify: Next row for parameter pass = 1 [table  = pass].	[MsgId: MMSG-13876]
Notify: Getting new value for parameter 'pass': table = 'UserCredentilas2.dat' column = '0' row = '1'.	[MsgId: MMSG-13877]
Starting action Login.	[MsgId: MMSG-15919]
Registration.c(13): Notify: Transaction "PetStore_EnterToPetStore_T01" started.	[MsgId: MMSG-16999]
Registration.c(14): web_reg_find started  	[MsgId: MMSG-26355]
Registration.c(14): Registering web_reg_find was successful  	[MsgId: MMSG-26390]
Registration.c(17): web_url("Catalog.action") started  	[MsgId: MMSG-26355]
AddToCard.c(67): Notify: Transaction "PetStore_SelectItemId_T03" started.	[MsgId: MMSG-16999]
AddToCard.c(71): Notify: Parameter Substitution: parameter "itemId_count" =  "2"	[MsgId: MMSG-13992]
AddToCard.c(72): Notify: Parameter Substitution: parameter "itemId_2" =  "EST-12"	[MsgId: MMSG-13992]
AddToCard.c(74): Notify: Saving Parameter "RanditemId = EST-12".	[MsgId: MMSG-13798]
AddToCard.c(75): Notify: Parameter Substitution: parameter "RanditemId" =  "EST-12"	[MsgId: MMSG-13992]
AddToCard.c(75): Random category selected in Action2 = EST-12	[MsgId: MMSG-17999]
AddToCard.c(77): web_reg_find started  	[MsgId: MMSG-26355]
AddToCard.c(77): Notify: Parameter Substitution: parameter "RanditemId" =  "EST-12"	[MsgId: MMSG-13992]
AddToCard.c(77): Registering web_reg_find was successful  	[MsgId: MMSG-26390]
AddToCard.c(79): web_link("{RanditemId}") started  	[MsgId: MMSG-26355]
AddToCard.c(79): Notify: Parameter Substitution: parameter "RanditemId" =  "EST-12"	[MsgId: MMSG-13992]
AddToCard.c(79): Linking to "https://petstore.octoperf.com/actions/Catalog.action?viewItem=&itemId=EST-12", Target Frame=""  	[MsgId: MMSG-27994]
AddToCard.c(79): Resource "https://petstore.octoperf.com/css/jpetstore.css" is in the cache already and will not be downloaded again  	[MsgId: MMSG-26655]
AddToCard.c(79): Resource "https://petstore.octoperf.com/images/logo-topbar.svg" is in the cache already and will not be downloaded again  	[MsgId: MMSG-26655]
AddToCard.c(79): Resource "https://petstore.octoperf.com/images/cart.gif" is in the cache already and will not be downloaded again  	[MsgId: MMSG-26655]
AddToCard.c(79): Resource "https://petstore.octoperf.com/images/separator.gif" is in the cache already and will not be downloaded again  	[MsgId: MMSG-26655]
AddToCard.c(79): Resource "https://petstore.octoperf.com/images/sm_fish.gif" is in the cache already and will not be downloaded again  	[MsgId: MMSG-26655]
AddToCard.c(79): Resource "https://petstore.octoperf.com/images/sm_dogs.gif" is in the cache already and will not be downloaded again  	[MsgId: MMSG-26655]
AddToCard.c(79): Resource "https://petstore.octoperf.com/images/sm_reptiles.gif" is in the cache already and will not be downloaded again  	[MsgId: MMSG-26655]
AddToCard.c(79): Resource "https://petstore.octoperf.com/images/sm_cats.gif" is in the cache already and will not be downloaded again  	[MsgId: MMSG-26655]
AddToCard.c(79): Resource "https://petstore.octoperf.com/images/sm_birds.gif" is in the cache already and will not be downloaded again  	[MsgId: MMSG-26655]
AddToCard.c(79): Found resource "https://petstore.octoperf.com/images/snake1.gif" in HTML "https://petstore.octoperf.com/actions/Catalog.action?viewItem=&itemId=EST-12"  	[MsgId: MMSG-26659]
AddToCard.c(79): Resource "https://petstore.octoperf.com/images/banner_fish.gif" is in the cache already and will not be downloaded again  	[MsgId: MMSG-26655]
AddToCard.c(79): Registered web_reg_find successful for "Text=EST-12" (count=2)  	[MsgId: MMSG-26364]
AddToCard.c(79): web_link("{RanditemId}") was successful, 16844 body bytes, 511 header bytes  	[MsgId: MMSG-26386]
AddToCard.c(84): Notify: Transaction "PetStore_SelectItemId_T03" ended with a "Pass" status (Duration: 0.3831 Wasted Time: 0.0000).	[MsgId: MMSG-16871]
AddToCard.c(86): lr_think_time: 2.96 seconds (recorded think time was 5.00 seconds).	[MsgId: MMSG-15947]
Registration.c(43): Notify: Transaction "PetStore_ClickOnRegistration_T03" started.	[MsgId: MMSG-16999]
Registration.c(45): web_reg_find started  	[MsgId: MMSG-26355]
Registration.c(45): Registering web_reg_find was successful  	[MsgId: MMSG-26390]
Registration.c(48): web_link("Register Now!") started  	[MsgId: MMSG-26355]
Registration.c(48): Linking to "https://petstore.octoperf.com/actions/Account.action?newAccountForm=", Target Frame=""  	[MsgId: MMSG-27994]
Registration.c(17): Found resource "https://petstore.octoperf.com/css/jpetstore.css" in HTML "https://petstore.octoperf.com/actions/Catalog.action"  	[MsgId: MMSG-26659]
Registration.c(17): Found resource "https://petstore.octoperf.com/images/logo-topbar.svg" in HTML "https://petstore.octoperf.com/actions/Catalog.action"  	[MsgId: MMSG-26659]
Registration.c(17): Found resource "https://petstore.octoperf.com/images/cart.gif" in HTML "https://petstore.octoperf.com/actions/Catalog.action"  	[MsgId: MMSG-26659]
Registration.c(17): Found resource "https://petstore.octoperf.com/images/separator.gif" in HTML "https://petstore.octoperf.com/actions/Catalog.action"  	[MsgId: MMSG-26659]
Registration.c(17): Found resource "https://petstore.octoperf.com/images/sm_fish.gif" in HTML "https://petstore.octoperf.com/actions/Catalog.action"  	[MsgId: MMSG-26659]
Registration.c(17): Found resource "https://petstore.octoperf.com/images/sm_dogs.gif" in HTML "https://petstore.octoperf.com/actions/Catalog.action"  	[MsgId: MMSG-26659]
Registration.c(17): Found resource "https://petstore.octoperf.com/images/sm_reptiles.gif" in HTML "https://petstore.octoperf.com/actions/Catalog.action"  	[MsgId: MMSG-26659]
Registration.c(17): Found resource "https://petstore.octoperf.com/images/sm_cats.gif" in HTML "https://petstore.octoperf.com/actions/Catalog.action"  	[MsgId: MMSG-26659]
Registration.c(17): Found resource "https://petstore.octoperf.com/images/sm_birds.gif" in HTML "https://petstore.octoperf.com/actions/Catalog.action"  	[MsgId: MMSG-26659]
Registration.c(17): Found resource "https://petstore.octoperf.com/images/fish_icon.gif" in HTML "https://petstore.octoperf.com/actions/Catalog.action"  	[MsgId: MMSG-26659]
Registration.c(17): Found resource "https://petstore.octoperf.com/images/dogs_icon.gif" in HTML "https://petstore.octoperf.com/actions/Catalog.action"  	[MsgId: MMSG-26659]
Registration.c(17): Found resource "https://petstore.octoperf.com/images/cats_icon.gif" in HTML "https://petstore.octoperf.com/actions/Catalog.action"  	[MsgId: MMSG-26659]
Registration.c(17): Found resource "https://petstore.octoperf.com/images/reptiles_icon.gif" in HTML "https://petstore.octoperf.com/actions/Catalog.action"  	[MsgId: MMSG-26659]
Registration.c(17): Found resource "https://petstore.octoperf.com/images/birds_icon.gif" in HTML "https://petstore.octoperf.com/actions/Catalog.action"  	[MsgId: MMSG-26659]
Registration.c(17): Found resource "https://petstore.octoperf.com/images/splash.gif" in HTML "https://petstore.octoperf.com/actions/Catalog.action"  	[MsgId: MMSG-26659]
Registration.c(48): Resource "https://petstore.octoperf.com/css/jpetstore.css" is in the cache already and will not be downloaded again  	[MsgId: MMSG-26655]
Registration.c(48): Resource "https://petstore.octoperf.com/images/logo-topbar.svg" is in the cache already and will not be downloaded again  	[MsgId: MMSG-26655]
Registration.c(48): Resource "https://petstore.octoperf.com/images/cart.gif" is in the cache already and will not be downloaded again  	[MsgId: MMSG-26655]
Registration.c(48): Resource "https://petstore.octoperf.com/images/separator.gif" is in the cache already and will not be downloaded again  	[MsgId: MMSG-26655]
Registration.c(48): Resource "https://petstore.octoperf.com/images/sm_fish.gif" is in the cache already and will not be downloaded again  	[MsgId: MMSG-26655]
Registration.c(48): Resource "https://petstore.octoperf.com/images/sm_dogs.gif" is in the cache already and will not be downloaded again  	[MsgId: MMSG-26655]
Registration.c(48): Resource "https://petstore.octoperf.com/images/sm_reptiles.gif" is in the cache already and will not be downloaded again  	[MsgId: MMSG-26655]
Registration.c(48): Resource "https://petstore.octoperf.com/images/sm_cats.gif" is in the cache already and will not be downloaded again  	[MsgId: MMSG-26655]
Registration.c(48): Resource "https://petstore.octoperf.com/images/sm_birds.gif" is in the cache already and will not be downloaded again  	[MsgId: MMSG-26655]
Registration.c(48): Registered web_reg_find successful for "Text=User Information" (count=1)  	[MsgId: MMSG-26364]
Registration.c(48): web_link("Register Now!") was successful, 5819 body bytes, 225 header bytes  	[MsgId: MMSG-26386]
Registration.c(53): Notify: Transaction "PetStore_ClickOnRegistration_T03" ended with a "Pass" status (Duration: 0.1311 Wasted Time: 0.0000).	[MsgId: MMSG-16871]
Registration.c(55): lr_think_time: 3.23 seconds (recorded think time was 5.00 seconds).	[MsgId: MMSG-15947]
Registration.c(29): Notify: Transaction "PetStore_ClickOnSignIn_T02" started.	[MsgId: MMSG-16999]
Registration.c(31): web_reg_find started  	[MsgId: MMSG-26355]
Registration.c(31): Registering web_reg_find was successful  	[MsgId: MMSG-26390]
Registration.c(34): web_link("Sign In") started  	[MsgId: MMSG-26355]
Registration.c(34): Linking to "https://petstore.octoperf.com/actions/Account.action;jsessionid=C4E953456ADCE542BA411361533805E0?signonForm=", Target Frame=""  	[MsgId: MMSG-27994]
Registration.c(17): Registered web_reg_find successful for "Text=OctoPerf" (count=1)  	[MsgId: MMSG-26364]
Registration.c(17): web_url("Catalog.action") was successful, 69386 body bytes, 4543 header bytes  	[MsgId: MMSG-26386]
Registration.c(25): Notify: Transaction "PetStore_EnterToPetStore_T01" ended with a "Pass" status (Duration: 1.1761 Wasted Time: 0.0001).	[MsgId: MMSG-16871]
Registration.c(27): lr_think_time: 3.16 seconds (recorded think time was 5.00 seconds).	[MsgId: MMSG-15947]
Registration.c(34): Resource "https://petstore.octoperf.com/css/jpetstore.css" is in the cache already and will not be downloaded again  	[MsgId: MMSG-26655]
Registration.c(34): Resource "https://petstore.octoperf.com/images/logo-topbar.svg" is in the cache already and will not be downloaded again  	[MsgId: MMSG-26655]
Registration.c(34): Resource "https://petstore.octoperf.com/images/cart.gif" is in the cache already and will not be downloaded again  	[MsgId: MMSG-26655]
Registration.c(34): Resource "https://petstore.octoperf.com/images/separator.gif" is in the cache already and will not be downloaded again  	[MsgId: MMSG-26655]
Registration.c(34): Resource "https://petstore.octoperf.com/images/sm_fish.gif" is in the cache already and will not be downloaded again  	[MsgId: MMSG-26655]
Registration.c(34): Resource "https://petstore.octoperf.com/images/sm_dogs.gif" is in the cache already and will not be downloaded again  	[MsgId: MMSG-26655]
Registration.c(34): Resource "https://petstore.octoperf.com/images/sm_reptiles.gif" is in the cache already and will not be downloaded again  	[MsgId: MMSG-26655]
Registration.c(34): Resource "https://petstore.octoperf.com/images/sm_cats.gif" is in the cache already and will not be downloaded again  	[MsgId: MMSG-26655]
Registration.c(34): Resource "https://petstore.octoperf.com/images/sm_birds.gif" is in the cache already and will not be downloaded again  	[MsgId: MMSG-26655]
Registration.c(34): Registered web_reg_find successful for "Text=Please enter your username and password" (count=1)  	[MsgId: MMSG-26364]
Registration.c(34): web_link("Sign In") was successful, 3850 body bytes, 225 header bytes  	[MsgId: MMSG-26386]
Registration.c(39): Notify: Transaction "PetStore_ClickOnSignIn_T02" ended with a "Pass" status (Duration: 0.1283 Wasted Time: 0.0000).	[MsgId: MMSG-16871]
Registration.c(41): lr_think_time: 4.71 seconds (recorded think time was 5.00 seconds).	[MsgId: MMSG-15947]
CheckOutThProduct.c(58): Notify: Transaction "PetStore_ClickOnConform_T04" started.	[MsgId: MMSG-16999]
CheckOutThProduct.c(59): web_reg_find started  	[MsgId: MMSG-26355]
CheckOutThProduct.c(59): Registering web_reg_find was successful  	[MsgId: MMSG-26390]
CheckOutThProduct.c(62): web_link("Confirm") started  	[MsgId: MMSG-26355]
CheckOutThProduct.c(62): Linking to "https://petstore.octoperf.com/actions/Order.action?newOrder=&confirmed=true", Target Frame=""  	[MsgId: MMSG-27994]
CheckOutThProduct.c(62): Resource "https://petstore.octoperf.com/css/jpetstore.css" is in the cache already and will not be downloaded again  	[MsgId: MMSG-26655]
CheckOutThProduct.c(62): Resource "https://petstore.octoperf.com/images/logo-topbar.svg" is in the cache already and will not be downloaded again  	[MsgId: MMSG-26655]
CheckOutThProduct.c(62): Resource "https://petstore.octoperf.com/images/cart.gif" is in the cache already and will not be downloaded again  	[MsgId: MMSG-26655]
CheckOutThProduct.c(62): Resource "https://petstore.octoperf.com/images/separator.gif" is in the cache already and will not be downloaded again  	[MsgId: MMSG-26655]
CheckOutThProduct.c(62): Resource "https://petstore.octoperf.com/images/sm_fish.gif" is in the cache already and will not be downloaded again  	[MsgId: MMSG-26655]
CheckOutThProduct.c(62): Resource "https://petstore.octoperf.com/images/sm_dogs.gif" is in the cache already and will not be downloaded again  	[MsgId: MMSG-26655]
CheckOutThProduct.c(62): Resource "https://petstore.octoperf.com/images/sm_reptiles.gif" is in the cache already and will not be downloaded again  	[MsgId: MMSG-26655]
CheckOutThProduct.c(62): Resource "https://petstore.octoperf.com/images/sm_cats.gif" is in the cache already and will not be downloaded again  	[MsgId: MMSG-26655]
CheckOutThProduct.c(62): Resource "https://petstore.octoperf.com/images/sm_birds.gif" is in the cache already and will not be downloaded again  	[MsgId: MMSG-26655]
CheckOutThProduct.c(62): Resource "https://petstore.octoperf.com/images/banner_fish.gif" is in the cache already and will not be downloaded again  	[MsgId: MMSG-26655]
CheckOutThProduct.c(62): Registered web_reg_find successful for "Text=Thank you, your order has been submitted" (count=1)  	[MsgId: MMSG-26364]
CheckOutThProduct.c(62): web_link("Confirm") was successful, 5242 body bytes, 225 header bytes  	[MsgId: MMSG-26386]
CheckOutThProduct.c(66): Notify: Transaction "PetStore_ClickOnConform_T04" ended with a "Pass" status (Duration: 0.1340 Wasted Time: 0.0000).	[MsgId: MMSG-16871]
Ending action CheckOutThProduct.	[MsgId: MMSG-15918]
Action was aborted.	[MsgId: MMSG-10694]
Ending Vuser...	[MsgId: MMSG-15966]
Starting action vuser_end.	[MsgId: MMSG-15919]
vuser_end.c(4): Notify: Transaction "PetStore_SignOut_T01" started.	[MsgId: MMSG-16999]
vuser_end.c(6): web_reg_find started  	[MsgId: MMSG-26355]
vuser_end.c(6): Registering web_reg_find was successful  	[MsgId: MMSG-26390]
vuser_end.c(9): web_url("Account.action_2") started  	[MsgId: MMSG-26355]
vuser_end.c(9): Redirecting "https://petstore.octoperf.com/actions/Account.action?signoff=" (redirection depth is 0)  	[MsgId: MMSG-26694]
vuser_end.c(9): To location "https://petstore.octoperf.com/actions/Catalog.action"  	[MsgId: MMSG-26693]
vuser_end.c(9): Resource "https://petstore.octoperf.com/css/jpetstore.css" is in the cache already and will not be downloaded again  	[MsgId: MMSG-26655]
vuser_end.c(9): Resource "https://petstore.octoperf.com/images/logo-topbar.svg" is in the cache already and will not be downloaded again  	[MsgId: MMSG-26655]
vuser_end.c(9): Resource "https://petstore.octoperf.com/images/cart.gif" is in the cache already and will not be downloaded again  	[MsgId: MMSG-26655]
vuser_end.c(9): Resource "https://petstore.octoperf.com/images/separator.gif" is in the cache already and will not be downloaded again  	[MsgId: MMSG-26655]
vuser_end.c(9): Resource "https://petstore.octoperf.com/images/sm_fish.gif" is in the cache already and will not be downloaded again  	[MsgId: MMSG-26655]
vuser_end.c(9): Resource "https://petstore.octoperf.com/images/sm_dogs.gif" is in the cache already and will not be downloaded again  	[MsgId: MMSG-26655]
vuser_end.c(9): Resource "https://petstore.octoperf.com/images/sm_reptiles.gif" is in the cache already and will not be downloaded again  	[MsgId: MMSG-26655]
vuser_end.c(9): Resource "https://petstore.octoperf.com/images/sm_cats.gif" is in the cache already and will not be downloaded again  	[MsgId: MMSG-26655]
vuser_end.c(9): Resource "https://petstore.octoperf.com/images/sm_birds.gif" is in the cache already and will not be downloaded again  	[MsgId: MMSG-26655]
vuser_end.c(9): Resource "https://petstore.octoperf.com/images/fish_icon.gif" is in the cache already and will not be downloaded again  	[MsgId: MMSG-26655]
vuser_end.c(9): Resource "https://petstore.octoperf.com/images/dogs_icon.gif" is in the cache already and will not be downloaded again  	[MsgId: MMSG-26655]
vuser_end.c(9): Resource "https://petstore.octoperf.com/images/cats_icon.gif" is in the cache already and will not be downloaded again  	[MsgId: MMSG-26655]
vuser_end.c(9): Resource "https://petstore.octoperf.com/images/reptiles_icon.gif" is in the cache already and will not be downloaded again  	[MsgId: MMSG-26655]
vuser_end.c(9): Resource "https://petstore.octoperf.com/images/birds_icon.gif" is in the cache already and will not be downloaded again  	[MsgId: MMSG-26655]
vuser_end.c(9): Resource "https://petstore.octoperf.com/images/splash.gif" is in the cache already and will not be downloaded again  	[MsgId: MMSG-26655]
vuser_end.c(9): Registered web_reg_find successful for "Text=Sign In" (count=1)  	[MsgId: MMSG-26364]
vuser_end.c(9): web_url("Account.action_2") was successful, 4736 body bytes, 518 header bytes  	[MsgId: MMSG-26386]
vuser_end.c(18): Notify: Transaction "PetStore_SignOut_T01" ended with a "Pass" status (Duration: 0.2528 Wasted Time: 0.0000).	[MsgId: MMSG-16871]
vuser_end.c(20): Script Exection done sucessfully	[MsgId: MMSG-17999]
vuser_end.c(21): web_cache_cleanup started  	[MsgId: MMSG-26355]
vuser_end.c(21): web_cache_cleanup was successful  	[MsgId: MMSG-26392]
vuser_end.c(22): web_cleanup_cookies started  	[MsgId: MMSG-26355]
vuser_end.c(22): web_cleanup_cookies was successful  	[MsgId: MMSG-26392]
Ending action vuser_end.	[MsgId: MMSG-15918]
Vuser Terminated.	[MsgId: MMSG-15963]
Vuser 0 (thread 5876), ended OK."	[MsgId: MMSG-10695]
CheckOutThProduct.c(31): Notify: Transaction "PetStore_ClickOnContinue_T03" started.	[MsgId: MMSG-16999]
CheckOutThProduct.c(33): web_reg_find started  	[MsgId: MMSG-26355]
CheckOutThProduct.c(33): Registering web_reg_find was successful  	[MsgId: MMSG-26390]
CheckOutThProduct.c(36): web_submit_form("Order.action") started  	[MsgId: MMSG-26355]
CheckOutThProduct.c(36): Submitting form to "https://petstore.octoperf.com/actions/Order.action", Target Frame=""  	[MsgId: MMSG-27978]
AddToCard.c(67): Notify: Transaction "PetStore_SelectItemId_T03" started.	[MsgId: MMSG-16999]
CheckOutThProduct.c(31): Notify: Transaction "PetStore_ClickOnContinue_T03" started.	[MsgId: MMSG-16999]
AddToCard.c(71): Notify: Parameter Substitution: parameter "itemId_count" =  "1"	[MsgId: MMSG-13992]
AddToCard.c(72): Notify: Parameter Substitution: parameter "itemId_1" =  "EST-18"	[MsgId: MMSG-13992]
CheckOutThProduct.c(33): web_reg_find started  	[MsgId: MMSG-26355]
AddToCard.c(74): Notify: Saving Parameter "RanditemId = EST-18".	[MsgId: MMSG-13798]
AddToCard.c(75): Notify: Parameter Substitution: parameter "RanditemId" =  "EST-18"	[MsgId: MMSG-13992]
CheckOutThProduct.c(33): Registering web_reg_find was successful  	[MsgId: MMSG-26390]
AddToCard.c(75): Random category selected in Action2 = EST-18	[MsgId: MMSG-17999]
CheckOutThProduct.c(36): web_submit_form("Order.action") started  	[MsgId: MMSG-26355]
CheckOutThProduct.c(36): Submitting form to "https://petstore.octoperf.com/actions/Order.action", Target Frame=""  	[MsgId: MMSG-27978]
AddToCard.c(77): web_reg_find started  	[MsgId: MMSG-26355]
AddToCard.c(77): Notify: Parameter Substitution: parameter "RanditemId" =  "EST-18"	[MsgId: MMSG-13992]
AddToCard.c(77): Registering web_reg_find was successful  	[MsgId: MMSG-26390]
AddToCard.c(79): web_link("{RanditemId}") started  	[MsgId: MMSG-26355]
AddToCard.c(79): Notify: Parameter Substitution: parameter "RanditemId" =  "EST-18"	[MsgId: MMSG-13992]
AddToCard.c(79): Linking to "https://petstore.octoperf.com/actions/Catalog.action?viewItem=&itemId=EST-18", Target Frame=""  	[MsgId: MMSG-27994]
Registration.c(29): Notify: Transaction "PetStore_ClickOnSignIn_T02" started.	[MsgId: MMSG-16999]
Registration.c(31): web_reg_find started  	[MsgId: MMSG-26355]
Registration.c(31): Registering web_reg_find was successful  	[MsgId: MMSG-26390]
Registration.c(34): web_link("Sign In") started  	[MsgId: MMSG-26355]
Registration.c(34): Linking to "https://petstore.octoperf.com/actions/Account.action;jsessionid=3F6FF1C9C591E7249E799B05447A56BA?signonForm=", Target Frame=""  	[MsgId: MMSG-27994]
CheckOutThProduct.c(36): Resource "https://petstore.octoperf.com/css/jpetstore.css" is in the cache already and will not be downloaded again  	[MsgId: MMSG-26655]
CheckOutThProduct.c(36): Resource "https://petstore.octoperf.com/images/logo-topbar.svg" is in the cache already and will not be downloaded again  	[MsgId: MMSG-26655]
CheckOutThProduct.c(36): Resource "https://petstore.octoperf.com/images/cart.gif" is in the cache already and will not be downloaded again  	[MsgId: MMSG-26655]
CheckOutThProduct.c(36): Resource "https://petstore.octoperf.com/images/separator.gif" is in the cache already and will not be downloaded again  	[MsgId: MMSG-26655]
CheckOutThProduct.c(36): Resource "https://petstore.octoperf.com/images/sm_fish.gif" is in the cache already and will not be downloaded again  	[MsgId: MMSG-26655]
CheckOutThProduct.c(36): Resource "https://petstore.octoperf.com/images/sm_dogs.gif" is in the cache already and will not be downloaded again  	[MsgId: MMSG-26655]
CheckOutThProduct.c(36): Resource "https://petstore.octoperf.com/images/sm_reptiles.gif" is in the cache already and will not be downloaded again  	[MsgId: MMSG-26655]
CheckOutThProduct.c(36): Resource "https://petstore.octoperf.com/images/sm_cats.gif" is in the cache already and will not be downloaded again  	[MsgId: MMSG-26655]
CheckOutThProduct.c(36): Resource "https://petstore.octoperf.com/images/sm_birds.gif" is in the cache already and will not be downloaded again  	[MsgId: MMSG-26655]
CheckOutThProduct.c(36): Resource "https://petstore.octoperf.com/images/banner_fish.gif" is in the cache already and will not be downloaded again  	[MsgId: MMSG-26655]
CheckOutThProduct.c(36): Registered web_reg_find successful for "Text=Confirm" (count=1)  	[MsgId: MMSG-26364]
CheckOutThProduct.c(36): web_submit_form("Order.action") was successful, 4526 body bytes, 225 header bytes  	[MsgId: MMSG-26386]
CheckOutThProduct.c(54): Notify: Transaction "PetStore_ClickOnContinue_T03" ended with a "Pass" status (Duration: 0.2505 Wasted Time: 0.0000).	[MsgId: MMSG-16871]
CheckOutThProduct.c(56): lr_think_time: 3.75 seconds (recorded think time was 5.00 seconds).	[MsgId: MMSG-15947]
AddToCard.c(79): Resource "https://petstore.octoperf.com/css/jpetstore.css" is in the cache already and will not be downloaded again  	[MsgId: MMSG-26655]
AddToCard.c(79): Resource "https://petstore.octoperf.com/images/logo-topbar.svg" is in the cache already and will not be downloaded again  	[MsgId: MMSG-26655]
AddToCard.c(79): Resource "https://petstore.octoperf.com/images/cart.gif" is in the cache already and will not be downloaded again  	[MsgId: MMSG-26655]
AddToCard.c(79): Resource "https://petstore.octoperf.com/images/separator.gif" is in the cache already and will not be downloaded again  	[MsgId: MMSG-26655]
AddToCard.c(79): Resource "https://petstore.octoperf.com/images/sm_fish.gif" is in the cache already and will not be downloaded again  	[MsgId: MMSG-26655]
AddToCard.c(79): Resource "https://petstore.octoperf.com/images/sm_dogs.gif" is in the cache already and will not be downloaded again  	[MsgId: MMSG-26655]
AddToCard.c(79): Resource "https://petstore.octoperf.com/images/sm_reptiles.gif" is in the cache already and will not be downloaded again  	[MsgId: MMSG-26655]
AddToCard.c(79): Resource "https://petstore.octoperf.com/images/sm_cats.gif" is in the cache already and will not be downloaded again  	[MsgId: MMSG-26655]
AddToCard.c(79): Resource "https://petstore.octoperf.com/images/sm_birds.gif" is in the cache already and will not be downloaded again  	[MsgId: MMSG-26655]
AddToCard.c(79): Found resource "https://petstore.octoperf.com/images/bird2.gif" in HTML "https://petstore.octoperf.com/actions/Catalog.action?viewItem=&itemId=EST-18"  	[MsgId: MMSG-26659]
AddToCard.c(79): Resource "https://petstore.octoperf.com/images/banner_fish.gif" is in the cache already and will not be downloaded again  	[MsgId: MMSG-26655]
Registration.c(34): Resource "https://petstore.octoperf.com/css/jpetstore.css" is in the cache already and will not be downloaded again  	[MsgId: MMSG-26655]
Registration.c(34): Resource "https://petstore.octoperf.com/images/logo-topbar.svg" is in the cache already and will not be downloaded again  	[MsgId: MMSG-26655]
Registration.c(34): Resource "https://petstore.octoperf.com/images/cart.gif" is in the cache already and will not be downloaded again  	[MsgId: MMSG-26655]
Registration.c(34): Resource "https://petstore.octoperf.com/images/separator.gif" is in the cache already and will not be downloaded again  	[MsgId: MMSG-26655]
Registration.c(34): Resource "https://petstore.octoperf.com/images/sm_fish.gif" is in the cache already and will not be downloaded again  	[MsgId: MMSG-26655]
Registration.c(34): Resource "https://petstore.octoperf.com/images/sm_dogs.gif" is in the cache already and will not be downloaded again  	[MsgId: MMSG-26655]
Registration.c(34): Resource "https://petstore.octoperf.com/images/sm_reptiles.gif" is in the cache already and will not be downloaded again  	[MsgId: MMSG-26655]
Registration.c(34): Resource "https://petstore.octoperf.com/images/sm_cats.gif" is in the cache already and will not be downloaded again  	[MsgId: MMSG-26655]
Registration.c(34): Resource "https://petstore.octoperf.com/images/sm_birds.gif" is in the cache already and will not be downloaded again  	[MsgId: MMSG-26655]
Registration.c(34): Registered web_reg_find successful for "Text=Please enter your username and password" (count=1)  	[MsgId: MMSG-26364]
Registration.c(34): web_link("Sign In") was successful, 3860 body bytes, 225 header bytes  	[MsgId: MMSG-26386]
Registration.c(39): Notify: Transaction "PetStore_ClickOnSignIn_T02" ended with a "Pass" status (Duration: 0.1261 Wasted Time: 0.0000).	[MsgId: MMSG-16871]
Registration.c(41): lr_think_time: 2.98 seconds (recorded think time was 5.00 seconds).	[MsgId: MMSG-15947]
CheckOutThProduct.c(36): Resource "https://petstore.octoperf.com/css/jpetstore.css" is in the cache already and will not be downloaded again  	[MsgId: MMSG-26655]
CheckOutThProduct.c(36): Resource "https://petstore.octoperf.com/images/logo-topbar.svg" is in the cache already and will not be downloaded again  	[MsgId: MMSG-26655]
CheckOutThProduct.c(36): Resource "https://petstore.octoperf.com/images/cart.gif" is in the cache already and will not be downloaded again  	[MsgId: MMSG-26655]
CheckOutThProduct.c(36): Resource "https://petstore.octoperf.com/images/separator.gif" is in the cache already and will not be downloaded again  	[MsgId: MMSG-26655]
CheckOutThProduct.c(36): Resource "https://petstore.octoperf.com/images/sm_fish.gif" is in the cache already and will not be downloaded again  	[MsgId: MMSG-26655]
CheckOutThProduct.c(36): Resource "https://petstore.octoperf.com/images/sm_dogs.gif" is in the cache already and will not be downloaded again  	[MsgId: MMSG-26655]
CheckOutThProduct.c(36): Resource "https://petstore.octoperf.com/images/sm_reptiles.gif" is in the cache already and will not be downloaded again  	[MsgId: MMSG-26655]
CheckOutThProduct.c(36): Resource "https://petstore.octoperf.com/images/sm_cats.gif" is in the cache already and will not be downloaded again  	[MsgId: MMSG-26655]
CheckOutThProduct.c(36): Resource "https://petstore.octoperf.com/images/sm_birds.gif" is in the cache already and will not be downloaded again  	[MsgId: MMSG-26655]
CheckOutThProduct.c(36): Resource "https://petstore.octoperf.com/images/banner_fish.gif" is in the cache already and will not be downloaded again  	[MsgId: MMSG-26655]
CheckOutThProduct.c(36): Registered web_reg_find successful for "Text=Confirm" (count=1)  	[MsgId: MMSG-26364]
CheckOutThProduct.c(36): web_submit_form("Order.action") was successful, 4526 body bytes, 225 header bytes  	[MsgId: MMSG-26386]
CheckOutThProduct.c(54): Notify: Transaction "PetStore_ClickOnContinue_T03" ended with a "Pass" status (Duration: 0.2528 Wasted Time: 0.0000).	[MsgId: MMSG-16871]
CheckOutThProduct.c(56): lr_think_time: 2.89 seconds (recorded think time was 5.00 seconds).	[MsgId: MMSG-15947]
AddToCard.c(79): Registered web_reg_find successful for "Text=EST-18" (count=2)  	[MsgId: MMSG-26364]
AddToCard.c(79): web_link("{RanditemId}") was successful, 15165 body bytes, 511 header bytes  	[MsgId: MMSG-26386]
AddToCard.c(84): Notify: Transaction "PetStore_SelectItemId_T03" ended with a "Pass" status (Duration: 0.2552 Wasted Time: 0.0000).	[MsgId: MMSG-16871]
AddToCard.c(86): lr_think_time: 3.07 seconds (recorded think time was 5.00 seconds).	[MsgId: MMSG-15947]
Registration.c(137): Notify: Transaction "PetStore_SignOut_T05" started.	[MsgId: MMSG-16999]
Registration.c(139): web_reg_find started  	[MsgId: MMSG-26355]
Registration.c(139): Registering web_reg_find was successful  	[MsgId: MMSG-26390]
Registration.c(142): web_url("Account.action_2") started  	[MsgId: MMSG-26355]
Registration.c(142): Redirecting "https://petstore.octoperf.com/actions/Account.action?signoff=" (redirection depth is 0)  	[MsgId: MMSG-26694]
Registration.c(142): To location "https://petstore.octoperf.com/actions/Catalog.action"  	[MsgId: MMSG-26693]
AddToCard.c(88): Notify: Transaction "PetStore_AddToCard_T04" started.	[MsgId: MMSG-16999]
AddToCard.c(90): web_reg_find started  	[MsgId: MMSG-26355]
AddToCard.c(90): Registering web_reg_find was successful  	[MsgId: MMSG-26390]
AddToCard.c(94): web_link("Add to Cart") started  	[MsgId: MMSG-26355]
AddToCard.c(94): Linking to "https://petstore.octoperf.com/actions/Cart.action?addItemToCart=&workingItemId=EST-12", Target Frame=""  	[MsgId: MMSG-27994]
Registration.c(142): Resource "https://petstore.octoperf.com/css/jpetstore.css" is in the cache already and will not be downloaded again  	[MsgId: MMSG-26655]
Registration.c(142): Resource "https://petstore.octoperf.com/images/logo-topbar.svg" is in the cache already and will not be downloaded again  	[MsgId: MMSG-26655]
Registration.c(142): Resource "https://petstore.octoperf.com/images/cart.gif" is in the cache already and will not be downloaded again  	[MsgId: MMSG-26655]
Registration.c(142): Resource "https://petstore.octoperf.com/images/separator.gif" is in the cache already and will not be downloaded again  	[MsgId: MMSG-26655]
Registration.c(142): Resource "https://petstore.octoperf.com/images/sm_fish.gif" is in the cache already and will not be downloaded again  	[MsgId: MMSG-26655]
Registration.c(142): Resource "https://petstore.octoperf.com/images/sm_dogs.gif" is in the cache already and will not be downloaded again  	[MsgId: MMSG-26655]
Registration.c(142): Resource "https://petstore.octoperf.com/images/sm_reptiles.gif" is in the cache already and will not be downloaded again  	[MsgId: MMSG-26655]
Registration.c(142): Resource "https://petstore.octoperf.com/images/sm_cats.gif" is in the cache already and will not be downloaded again  	[MsgId: MMSG-26655]
Registration.c(142): Resource "https://petstore.octoperf.com/images/sm_birds.gif" is in the cache already and will not be downloaded again  	[MsgId: MMSG-26655]
Registration.c(142): Resource "https://petstore.octoperf.com/images/fish_icon.gif" is in the cache already and will not be downloaded again  	[MsgId: MMSG-26655]
Registration.c(142): Resource "https://petstore.octoperf.com/images/dogs_icon.gif" is in the cache already and will not be downloaded again  	[MsgId: MMSG-26655]
Registration.c(142): Resource "https://petstore.octoperf.com/images/cats_icon.gif" is in the cache already and will not be downloaded again  	[MsgId: MMSG-26655]
Registration.c(142): Resource "https://petstore.octoperf.com/images/reptiles_icon.gif" is in the cache already and will not be downloaded again  	[MsgId: MMSG-26655]
Registration.c(142): Resource "https://petstore.octoperf.com/images/birds_icon.gif" is in the cache already and will not be downloaded again  	[MsgId: MMSG-26655]
Registration.c(142): Resource "https://petstore.octoperf.com/images/splash.gif" is in the cache already and will not be downloaded again  	[MsgId: MMSG-26655]
Registration.c(142): Registered web_reg_find successful for "Text=Sign In" (count=1)  	[MsgId: MMSG-26364]
Registration.c(142): web_url("Account.action_2") was successful, 4736 body bytes, 518 header bytes  	[MsgId: MMSG-26386]
Registration.c(151): Notify: Transaction "PetStore_SignOut_T05" ended with a "Pass" status (Duration: 0.2562 Wasted Time: 0.0000).	[MsgId: MMSG-16871]
Login.c(4): Notify: Transaction "PetStore_ClickOnSignIn_T01" started.	[MsgId: MMSG-16999]
Login.c(6): web_reg_find started  	[MsgId: MMSG-26355]
Login.c(6): Registering web_reg_find was successful  	[MsgId: MMSG-26390]
Login.c(9): web_link("Sign In") started  	[MsgId: MMSG-26355]
Login.c(9): Linking to "https://petstore.octoperf.com/actions/Account.action?signonForm=", Target Frame=""  	[MsgId: MMSG-27994]
AddToCard.c(94): Resource "https://petstore.octoperf.com/css/jpetstore.css" is in the cache already and will not be downloaded again  	[MsgId: MMSG-26655]
AddToCard.c(94): Resource "https://petstore.octoperf.com/images/logo-topbar.svg" is in the cache already and will not be downloaded again  	[MsgId: MMSG-26655]
AddToCard.c(94): Resource "https://petstore.octoperf.com/images/cart.gif" is in the cache already and will not be downloaded again  	[MsgId: MMSG-26655]
AddToCard.c(94): Resource "https://petstore.octoperf.com/images/separator.gif" is in the cache already and will not be downloaded again  	[MsgId: MMSG-26655]
AddToCard.c(94): Resource "https://petstore.octoperf.com/images/sm_fish.gif" is in the cache already and will not be downloaded again  	[MsgId: MMSG-26655]
AddToCard.c(94): Resource "https://petstore.octoperf.com/images/sm_dogs.gif" is in the cache already and will not be downloaded again  	[MsgId: MMSG-26655]
AddToCard.c(94): Resource "https://petstore.octoperf.com/images/sm_reptiles.gif" is in the cache already and will not be downloaded again  	[MsgId: MMSG-26655]
AddToCard.c(94): Resource "https://petstore.octoperf.com/images/sm_cats.gif" is in the cache already and will not be downloaded again  	[MsgId: MMSG-26655]
AddToCard.c(94): Resource "https://petstore.octoperf.com/images/sm_birds.gif" is in the cache already and will not be downloaded again  	[MsgId: MMSG-26655]
AddToCard.c(94): Resource "https://petstore.octoperf.com/images/banner_fish.gif" is in the cache already and will not be downloaded again  	[MsgId: MMSG-26655]
AddToCard.c(94): Registered web_reg_find successful for "Text=Shopping Cart" (count=1)  	[MsgId: MMSG-26364]
AddToCard.c(94): web_link("Add to Cart") was successful, 4638 body bytes, 225 header bytes  	[MsgId: MMSG-26386]
AddToCard.c(99): Notify: Transaction "PetStore_AddToCard_T04" ended with a "Pass" status (Duration: 0.1305 Wasted Time: 0.0000).	[MsgId: MMSG-16871]
CheckOutThProduct.c(4): Notify: Transaction "PetStore_ClickOnViewCart_T01" started.	[MsgId: MMSG-16999]
CheckOutThProduct.c(5): web_reg_find started  	[MsgId: MMSG-26355]
CheckOutThProduct.c(5): Registering web_reg_find was successful  	[MsgId: MMSG-26390]
CheckOutThProduct.c(7): web_url("Cart.action_4") started  	[MsgId: MMSG-26355]
Login.c(9): Resource "https://petstore.octoperf.com/css/jpetstore.css" is in the cache already and will not be downloaded again  	[MsgId: MMSG-26655]
Login.c(9): Resource "https://petstore.octoperf.com/images/logo-topbar.svg" is in the cache already and will not be downloaded again  	[MsgId: MMSG-26655]
Login.c(9): Resource "https://petstore.octoperf.com/images/cart.gif" is in the cache already and will not be downloaded again  	[MsgId: MMSG-26655]
Login.c(9): Resource "https://petstore.octoperf.com/images/separator.gif" is in the cache already and will not be downloaded again  	[MsgId: MMSG-26655]
Login.c(9): Resource "https://petstore.octoperf.com/images/sm_fish.gif" is in the cache already and will not be downloaded again  	[MsgId: MMSG-26655]
Login.c(9): Resource "https://petstore.octoperf.com/images/sm_dogs.gif" is in the cache already and will not be downloaded again  	[MsgId: MMSG-26655]
Login.c(9): Resource "https://petstore.octoperf.com/images/sm_reptiles.gif" is in the cache already and will not be downloaded again  	[MsgId: MMSG-26655]
Login.c(9): Resource "https://petstore.octoperf.com/images/sm_cats.gif" is in the cache already and will not be downloaded again  	[MsgId: MMSG-26655]
Login.c(9): Resource "https://petstore.octoperf.com/images/sm_birds.gif" is in the cache already and will not be downloaded again  	[MsgId: MMSG-26655]
Login.c(9): Registered web_reg_find successful for "Text=Please enter your username and password" (count=1)  	[MsgId: MMSG-26364]
Login.c(9): web_link("Sign In") was successful, 3860 body bytes, 225 header bytes  	[MsgId: MMSG-26386]
Login.c(13): Notify: Transaction "PetStore_ClickOnSignIn_T01" ended with a "Pass" status (Duration: 0.1295 Wasted Time: 0.0000).	[MsgId: MMSG-16871]
Login.c(15): lr_think_time: 3.90 seconds (recorded think time was 5.00 seconds).	[MsgId: MMSG-15947]
CheckOutThProduct.c(7): Resource "https://petstore.octoperf.com/css/jpetstore.css" is in the cache already and will not be downloaded again  	[MsgId: MMSG-26655]
CheckOutThProduct.c(7): Resource "https://petstore.octoperf.com/images/logo-topbar.svg" is in the cache already and will not be downloaded again  	[MsgId: MMSG-26655]
CheckOutThProduct.c(7): Resource "https://petstore.octoperf.com/images/cart.gif" is in the cache already and will not be downloaded again  	[MsgId: MMSG-26655]
CheckOutThProduct.c(7): Resource "https://petstore.octoperf.com/images/separator.gif" is in the cache already and will not be downloaded again  	[MsgId: MMSG-26655]
CheckOutThProduct.c(7): Resource "https://petstore.octoperf.com/images/sm_fish.gif" is in the cache already and will not be downloaded again  	[MsgId: MMSG-26655]
CheckOutThProduct.c(7): Resource "https://petstore.octoperf.com/images/sm_dogs.gif" is in the cache already and will not be downloaded again  	[MsgId: MMSG-26655]
CheckOutThProduct.c(7): Resource "https://petstore.octoperf.com/images/sm_reptiles.gif" is in the cache already and will not be downloaded again  	[MsgId: MMSG-26655]
CheckOutThProduct.c(7): Resource "https://petstore.octoperf.com/images/sm_cats.gif" is in the cache already and will not be downloaded again  	[MsgId: MMSG-26655]
CheckOutThProduct.c(7): Resource "https://petstore.octoperf.com/images/sm_birds.gif" is in the cache already and will not be downloaded again  	[MsgId: MMSG-26655]
CheckOutThProduct.c(7): Resource "https://petstore.octoperf.com/images/banner_fish.gif" is in the cache already and will not be downloaded again  	[MsgId: MMSG-26655]
CheckOutThProduct.c(7): Registered web_reg_find successful for "Text=Shopping Cart" (count=1)  	[MsgId: MMSG-26364]
CheckOutThProduct.c(7): web_url("Cart.action_4") was successful, 4638 body bytes, 225 header bytes  	[MsgId: MMSG-26386]
CheckOutThProduct.c(15): Notify: Transaction "PetStore_ClickOnViewCart_T01" ended with a "Pass" status (Duration: 0.1294 Wasted Time: 0.0000).	[MsgId: MMSG-16871]
CheckOutThProduct.c(17): lr_think_time: 3.83 seconds (recorded think time was 5.00 seconds).	[MsgId: MMSG-15947]
Registration.c(57): Notify: Transaction "PetStore_SubmitRegistration_T04" started.	[MsgId: MMSG-16999]
Registration.c(59): web_reg_find started  	[MsgId: MMSG-26355]
Registration.c(59): Registering web_reg_find was successful  	[MsgId: MMSG-26390]
Registration.c(66): Notify: Saving Parameter "randomUsername = AVRP".	[MsgId: MMSG-13798]
Registration.c(72): Notify: Saving Parameter "randompass = otib".	[MsgId: MMSG-13798]
Registration.c(86): Notify: Saving Parameter "randomFirstName = mgwnq".	[MsgId: MMSG-13798]
Registration.c(87): Notify: Saving Parameter "randomLastName = axnps".	[MsgId: MMSG-13798]
Registration.c(99): Notify: Saving Parameter "RandomPhone = 9514967311".	[MsgId: MMSG-13798]
Registration.c(108): Notify: Saving Parameter "RandomZip = 107125".	[MsgId: MMSG-13798]
Registration.c(111): web_submit_form("Account.action") started  	[MsgId: MMSG-26355]
Registration.c(111): Notify: Parameter Substitution: parameter "randomUsername" =  "AVRP"	[MsgId: MMSG-13992]
Registration.c(111): Notify: Parameter Substitution: parameter "randompass" =  "otib"	[MsgId: MMSG-13992]
Registration.c(111): Notify: Parameter Substitution: parameter "randompass" =  "otib"	[MsgId: MMSG-13992]
Registration.c(111): Notify: Parameter Substitution: parameter "randomFirstName" =  "mgwnq"	[MsgId: MMSG-13992]
Registration.c(111): Notify: Parameter Substitution: parameter "randomLastName" =  "axnps"	[MsgId: MMSG-13992]
Registration.c(111): Notify: Parameter Substitution: parameter "randomFirstName" =  "mgwnq"	[MsgId: MMSG-13992]
Registration.c(111): Notify: Parameter Substitution: parameter "randomLastName" =  "axnps"	[MsgId: MMSG-13992]
Registration.c(111): Notify: Parameter Substitution: parameter "RandomPhone" =  "9514967311"	[MsgId: MMSG-13992]
Registration.c(111): Notify: Parameter Substitution: parameter "RandomZip" =  "107125"	[MsgId: MMSG-13992]
Registration.c(111): Submitting form to "https://petstore.octoperf.com/actions/Account.action", Target Frame=""  	[MsgId: MMSG-27978]
Registration.c(111): Redirecting "https://petstore.octoperf.com/actions/Account.action" (redirection depth is 0)  	[MsgId: MMSG-26694]
Registration.c(111): To location "https://petstore.octoperf.com/actions/Catalog.action"  	[MsgId: MMSG-26693]
Registration.c(29): Notify: Transaction "PetStore_ClickOnSignIn_T02" started.	[MsgId: MMSG-16999]
Registration.c(31): web_reg_find started  	[MsgId: MMSG-26355]
Registration.c(31): Registering web_reg_find was successful  	[MsgId: MMSG-26390]
Registration.c(34): web_link("Sign In") started  	[MsgId: MMSG-26355]
Registration.c(34): Linking to "https://petstore.octoperf.com/actions/Account.action;jsessionid=9422B66B95B39839FCD96579788B4800?signonForm=", Target Frame=""  	[MsgId: MMSG-27994]
Registration.c(111): Resource "https://petstore.octoperf.com/css/jpetstore.css" is in the cache already and will not be downloaded again  	[MsgId: MMSG-26655]
Registration.c(111): Resource "https://petstore.octoperf.com/images/logo-topbar.svg" is in the cache already and will not be downloaded again  	[MsgId: MMSG-26655]
Registration.c(111): Resource "https://petstore.octoperf.com/images/cart.gif" is in the cache already and will not be downloaded again  	[MsgId: MMSG-26655]
Registration.c(111): Resource "https://petstore.octoperf.com/images/separator.gif" is in the cache already and will not be downloaded again  	[MsgId: MMSG-26655]
Registration.c(111): Resource "https://petstore.octoperf.com/images/sm_fish.gif" is in the cache already and will not be downloaded again  	[MsgId: MMSG-26655]
Registration.c(111): Resource "https://petstore.octoperf.com/images/sm_dogs.gif" is in the cache already and will not be downloaded again  	[MsgId: MMSG-26655]
Registration.c(111): Resource "https://petstore.octoperf.com/images/sm_reptiles.gif" is in the cache already and will not be downloaded again  	[MsgId: MMSG-26655]
Registration.c(111): Resource "https://petstore.octoperf.com/images/sm_cats.gif" is in the cache already and will not be downloaded again  	[MsgId: MMSG-26655]
Registration.c(111): Resource "https://petstore.octoperf.com/images/sm_birds.gif" is in the cache already and will not be downloaded again  	[MsgId: MMSG-26655]
Registration.c(111): Resource "https://petstore.octoperf.com/images/fish_icon.gif" is in the cache already and will not be downloaded again  	[MsgId: MMSG-26655]
Registration.c(111): Resource "https://petstore.octoperf.com/images/dogs_icon.gif" is in the cache already and will not be downloaded again  	[MsgId: MMSG-26655]
Registration.c(111): Resource "https://petstore.octoperf.com/images/cats_icon.gif" is in the cache already and will not be downloaded again  	[MsgId: MMSG-26655]
Registration.c(111): Resource "https://petstore.octoperf.com/images/reptiles_icon.gif" is in the cache already and will not be downloaded again  	[MsgId: MMSG-26655]
Registration.c(111): Resource "https://petstore.octoperf.com/images/birds_icon.gif" is in the cache already and will not be downloaded again  	[MsgId: MMSG-26655]
Registration.c(111): Resource "https://petstore.octoperf.com/images/splash.gif" is in the cache already and will not be downloaded again  	[MsgId: MMSG-26655]
Registration.c(111): Registered web_reg_find successful for "Text=Elevate you load-testing" (count=1)  	[MsgId: MMSG-26364]
Registration.c(111): web_submit_form("Account.action") was successful, 4736 body bytes, 443 header bytes  	[MsgId: MMSG-26386]
Registration.c(133): Notify: Transaction "PetStore_SubmitRegistration_T04" ended with a "Pass" status (Duration: 0.3844 Wasted Time: 0.0000).	[MsgId: MMSG-16871]
Registration.c(135): lr_think_time: 4.46 seconds (recorded think time was 5.00 seconds).	[MsgId: MMSG-15947]
Registration.c(34): Resource "https://petstore.octoperf.com/css/jpetstore.css" is in the cache already and will not be downloaded again  	[MsgId: MMSG-26655]
Registration.c(34): Resource "https://petstore.octoperf.com/images/logo-topbar.svg" is in the cache already and will not be downloaded again  	[MsgId: MMSG-26655]
Registration.c(34): Resource "https://petstore.octoperf.com/images/cart.gif" is in the cache already and will not be downloaded again  	[MsgId: MMSG-26655]
Registration.c(34): Resource "https://petstore.octoperf.com/images/separator.gif" is in the cache already and will not be downloaded again  	[MsgId: MMSG-26655]
Registration.c(34): Resource "https://petstore.octoperf.com/images/sm_fish.gif" is in the cache already and will not be downloaded again  	[MsgId: MMSG-26655]
Registration.c(34): Resource "https://petstore.octoperf.com/images/sm_dogs.gif" is in the cache already and will not be downloaded again  	[MsgId: MMSG-26655]
Registration.c(34): Resource "https://petstore.octoperf.com/images/sm_reptiles.gif" is in the cache already and will not be downloaded again  	[MsgId: MMSG-26655]
Registration.c(34): Resource "https://petstore.octoperf.com/images/sm_cats.gif" is in the cache already and will not be downloaded again  	[MsgId: MMSG-26655]
Registration.c(34): Resource "https://petstore.octoperf.com/images/sm_birds.gif" is in the cache already and will not be downloaded again  	[MsgId: MMSG-26655]
Registration.c(34): Registered web_reg_find successful for "Text=Please enter your username and password" (count=1)  	[MsgId: MMSG-26364]
Registration.c(34): web_link("Sign In") was successful, 3854 body bytes, 225 header bytes  	[MsgId: MMSG-26386]
Registration.c(39): Notify: Transaction "PetStore_ClickOnSignIn_T02" ended with a "Pass" status (Duration: 0.1270 Wasted Time: 0.0000).	[MsgId: MMSG-16871]
Registration.c(41): lr_think_time: 3.60 seconds (recorded think time was 5.00 seconds).	[MsgId: MMSG-15947]
Registration.c(43): Notify: Transaction "PetStore_ClickOnRegistration_T03" started.	[MsgId: MMSG-16999]
Registration.c(45): web_reg_find started  	[MsgId: MMSG-26355]
Registration.c(45): Registering web_reg_find was successful  	[MsgId: MMSG-26390]
Registration.c(48): web_link("Register Now!") started  	[MsgId: MMSG-26355]
Registration.c(48): Linking to "https://petstore.octoperf.com/actions/Account.action?newAccountForm=", Target Frame=""  	[MsgId: MMSG-27994]
CheckOutThProduct.c(58): Notify: Transaction "PetStore_ClickOnConform_T04" started.	[MsgId: MMSG-16999]
CheckOutThProduct.c(59): web_reg_find started  	[MsgId: MMSG-26355]
CheckOutThProduct.c(59): Registering web_reg_find was successful  	[MsgId: MMSG-26390]
CheckOutThProduct.c(62): web_link("Confirm") started  	[MsgId: MMSG-26355]
CheckOutThProduct.c(62): Linking to "https://petstore.octoperf.com/actions/Order.action?newOrder=&confirmed=true", Target Frame=""  	[MsgId: MMSG-27994]
Registration.c(43): Notify: Transaction "PetStore_ClickOnRegistration_T03" started.	[MsgId: MMSG-16999]
Registration.c(45): web_reg_find started  	[MsgId: MMSG-26355]
Registration.c(45): Registering web_reg_find was successful  	[MsgId: MMSG-26390]
Registration.c(48): web_link("Register Now!") started  	[MsgId: MMSG-26355]
Registration.c(48): Linking to "https://petstore.octoperf.com/actions/Account.action?newAccountForm=", Target Frame=""  	[MsgId: MMSG-27994]
Registration.c(48): Resource "https://petstore.octoperf.com/css/jpetstore.css" is in the cache already and will not be downloaded again  	[MsgId: MMSG-26655]
Registration.c(48): Resource "https://petstore.octoperf.com/images/logo-topbar.svg" is in the cache already and will not be downloaded again  	[MsgId: MMSG-26655]
Registration.c(48): Resource "https://petstore.octoperf.com/images/cart.gif" is in the cache already and will not be downloaded again  	[MsgId: MMSG-26655]
Registration.c(48): Resource "https://petstore.octoperf.com/images/separator.gif" is in the cache already and will not be downloaded again  	[MsgId: MMSG-26655]
Registration.c(48): Resource "https://petstore.octoperf.com/images/sm_fish.gif" is in the cache already and will not be downloaded again  	[MsgId: MMSG-26655]
Registration.c(48): Resource "https://petstore.octoperf.com/images/sm_dogs.gif" is in the cache already and will not be downloaded again  	[MsgId: MMSG-26655]
Registration.c(48): Resource "https://petstore.octoperf.com/images/sm_reptiles.gif" is in the cache already and will not be downloaded again  	[MsgId: MMSG-26655]
Registration.c(48): Resource "https://petstore.octoperf.com/images/sm_cats.gif" is in the cache already and will not be downloaded again  	[MsgId: MMSG-26655]
Registration.c(48): Resource "https://petstore.octoperf.com/images/sm_birds.gif" is in the cache already and will not be downloaded again  	[MsgId: MMSG-26655]
Registration.c(48): Registered web_reg_find successful for "Text=User Information" (count=1)  	[MsgId: MMSG-26364]
Registration.c(48): web_link("Register Now!") was successful, 5821 body bytes, 225 header bytes  	[MsgId: MMSG-26386]
Registration.c(53): Notify: Transaction "PetStore_ClickOnRegistration_T03" ended with a "Pass" status (Duration: 0.1281 Wasted Time: 0.0000).	[MsgId: MMSG-16871]
Registration.c(55): lr_think_time: 2.63 seconds (recorded think time was 5.00 seconds).	[MsgId: MMSG-15947]
CheckOutThProduct.c(62): Resource "https://petstore.octoperf.com/css/jpetstore.css" is in the cache already and will not be downloaded again  	[MsgId: MMSG-26655]
CheckOutThProduct.c(62): Resource "https://petstore.octoperf.com/images/logo-topbar.svg" is in the cache already and will not be downloaded again  	[MsgId: MMSG-26655]
CheckOutThProduct.c(62): Resource "https://petstore.octoperf.com/images/cart.gif" is in the cache already and will not be downloaded again  	[MsgId: MMSG-26655]
CheckOutThProduct.c(62): Resource "https://petstore.octoperf.com/images/separator.gif" is in the cache already and will not be downloaded again  	[MsgId: MMSG-26655]
CheckOutThProduct.c(62): Resource "https://petstore.octoperf.com/images/sm_fish.gif" is in the cache already and will not be downloaded again  	[MsgId: MMSG-26655]
CheckOutThProduct.c(62): Resource "https://petstore.octoperf.com/images/sm_dogs.gif" is in the cache already and will not be downloaded again  	[MsgId: MMSG-26655]
CheckOutThProduct.c(62): Resource "https://petstore.octoperf.com/images/sm_reptiles.gif" is in the cache already and will not be downloaded again  	[MsgId: MMSG-26655]
CheckOutThProduct.c(62): Resource "https://petstore.octoperf.com/images/sm_cats.gif" is in the cache already and will not be downloaded again  	[MsgId: MMSG-26655]
CheckOutThProduct.c(62): Resource "https://petstore.octoperf.com/images/sm_birds.gif" is in the cache already and will not be downloaded again  	[MsgId: MMSG-26655]
CheckOutThProduct.c(62): Resource "https://petstore.octoperf.com/images/banner_fish.gif" is in the cache already and will not be downloaded again  	[MsgId: MMSG-26655]
CheckOutThProduct.c(62): Registered web_reg_find successful for "Text=Thank you, your order has been submitted" (count=1)  	[MsgId: MMSG-26364]
CheckOutThProduct.c(62): web_link("Confirm") was successful, 5235 body bytes, 225 header bytes  	[MsgId: MMSG-26386]
CheckOutThProduct.c(66): Notify: Transaction "PetStore_ClickOnConform_T04" ended with a "Pass" status (Duration: 0.1314 Wasted Time: 0.0000).	[MsgId: MMSG-16871]
Ending action CheckOutThProduct.	[MsgId: MMSG-15918]
Ending iteration 36.	[MsgId: MMSG-15965]
Waiting 6.1850 seconds for iteration pacing.	[MsgId: MMSG-15996]
AddToCard.c(88): Notify: Transaction "PetStore_AddToCard_T04" started.	[MsgId: MMSG-16999]
AddToCard.c(90): web_reg_find started  	[MsgId: MMSG-26355]
AddToCard.c(90): Registering web_reg_find was successful  	[MsgId: MMSG-26390]
AddToCard.c(94): web_link("Add to Cart") started  	[MsgId: MMSG-26355]
AddToCard.c(94): Linking to "https://petstore.octoperf.com/actions/Cart.action?addItemToCart=&workingItemId=EST-18", Target Frame=""  	[MsgId: MMSG-27994]
Registration.c(48): Resource "https://petstore.octoperf.com/css/jpetstore.css" is in the cache already and will not be downloaded again  	[MsgId: MMSG-26655]
Registration.c(48): Resource "https://petstore.octoperf.com/images/logo-topbar.svg" is in the cache already and will not be downloaded again  	[MsgId: MMSG-26655]
Registration.c(48): Resource "https://petstore.octoperf.com/images/cart.gif" is in the cache already and will not be downloaded again  	[MsgId: MMSG-26655]
Registration.c(48): Resource "https://petstore.octoperf.com/images/separator.gif" is in the cache already and will not be downloaded again  	[MsgId: MMSG-26655]
Registration.c(48): Resource "https://petstore.octoperf.com/images/sm_fish.gif" is in the cache already and will not be downloaded again  	[MsgId: MMSG-26655]
Registration.c(48): Resource "https://petstore.octoperf.com/images/sm_dogs.gif" is in the cache already and will not be downloaded again  	[MsgId: MMSG-26655]
Registration.c(48): Resource "https://petstore.octoperf.com/images/sm_reptiles.gif" is in the cache already and will not be downloaded again  	[MsgId: MMSG-26655]
Registration.c(48): Resource "https://petstore.octoperf.com/images/sm_cats.gif" is in the cache already and will not be downloaded again  	[MsgId: MMSG-26655]
Registration.c(48): Resource "https://petstore.octoperf.com/images/sm_birds.gif" is in the cache already and will not be downloaded again  	[MsgId: MMSG-26655]
Registration.c(48): Registered web_reg_find successful for "Text=User Information" (count=1)  	[MsgId: MMSG-26364]
Registration.c(48): web_link("Register Now!") was successful, 5821 body bytes, 225 header bytes  	[MsgId: MMSG-26386]
Registration.c(53): Notify: Transaction "PetStore_ClickOnRegistration_T03" ended with a "Pass" status (Duration: 0.1273 Wasted Time: 0.0000).	[MsgId: MMSG-16871]
Registration.c(55): lr_think_time: 3.22 seconds (recorded think time was 5.00 seconds).	[MsgId: MMSG-15947]
AddToCard.c(94): Resource "https://petstore.octoperf.com/css/jpetstore.css" is in the cache already and will not be downloaded again  	[MsgId: MMSG-26655]
AddToCard.c(94): Resource "https://petstore.octoperf.com/images/logo-topbar.svg" is in the cache already and will not be downloaded again  	[MsgId: MMSG-26655]
AddToCard.c(94): Resource "https://petstore.octoperf.com/images/cart.gif" is in the cache already and will not be downloaded again  	[MsgId: MMSG-26655]
AddToCard.c(94): Resource "https://petstore.octoperf.com/images/separator.gif" is in the cache already and will not be downloaded again  	[MsgId: MMSG-26655]
AddToCard.c(94): Resource "https://petstore.octoperf.com/images/sm_fish.gif" is in the cache already and will not be downloaded again  	[MsgId: MMSG-26655]
AddToCard.c(94): Resource "https://petstore.octoperf.com/images/sm_dogs.gif" is in the cache already and will not be downloaded again  	[MsgId: MMSG-26655]
AddToCard.c(94): Resource "https://petstore.octoperf.com/images/sm_reptiles.gif" is in the cache already and will not be downloaded again  	[MsgId: MMSG-26655]
AddToCard.c(94): Resource "https://petstore.octoperf.com/images/sm_cats.gif" is in the cache already and will not be downloaded again  	[MsgId: MMSG-26655]
AddToCard.c(94): Resource "https://petstore.octoperf.com/images/sm_birds.gif" is in the cache already and will not be downloaded again  	[MsgId: MMSG-26655]
AddToCard.c(94): Resource "https://petstore.octoperf.com/images/banner_fish.gif" is in the cache already and will not be downloaded again  	[MsgId: MMSG-26655]
AddToCard.c(94): Registered web_reg_find successful for "Text=Shopping Cart" (count=1)  	[MsgId: MMSG-26364]
AddToCard.c(94): web_link("Add to Cart") was successful, 4643 body bytes, 225 header bytes  	[MsgId: MMSG-26386]
AddToCard.c(99): Notify: Transaction "PetStore_AddToCard_T04" ended with a "Pass" status (Duration: 0.1305 Wasted Time: 0.0000).	[MsgId: MMSG-16871]
CheckOutThProduct.c(4): Notify: Transaction "PetStore_ClickOnViewCart_T01" started.	[MsgId: MMSG-16999]
CheckOutThProduct.c(5): web_reg_find started  	[MsgId: MMSG-26355]
CheckOutThProduct.c(5): Registering web_reg_find was successful  	[MsgId: MMSG-26390]
CheckOutThProduct.c(7): web_url("Cart.action_4") started  	[MsgId: MMSG-26355]
CheckOutThProduct.c(7): Resource "https://petstore.octoperf.com/css/jpetstore.css" is in the cache already and will not be downloaded again  	[MsgId: MMSG-26655]
CheckOutThProduct.c(7): Resource "https://petstore.octoperf.com/images/logo-topbar.svg" is in the cache already and will not be downloaded again  	[MsgId: MMSG-26655]
CheckOutThProduct.c(7): Resource "https://petstore.octoperf.com/images/cart.gif" is in the cache already and will not be downloaded again  	[MsgId: MMSG-26655]
CheckOutThProduct.c(7): Resource "https://petstore.octoperf.com/images/separator.gif" is in the cache already and will not be downloaded again  	[MsgId: MMSG-26655]
CheckOutThProduct.c(7): Resource "https://petstore.octoperf.com/images/sm_fish.gif" is in the cache already and will not be downloaded again  	[MsgId: MMSG-26655]
CheckOutThProduct.c(7): Resource "https://petstore.octoperf.com/images/sm_dogs.gif" is in the cache already and will not be downloaded again  	[MsgId: MMSG-26655]
CheckOutThProduct.c(7): Resource "https://petstore.octoperf.com/images/sm_reptiles.gif" is in the cache already and will not be downloaded again  	[MsgId: MMSG-26655]
CheckOutThProduct.c(7): Resource "https://petstore.octoperf.com/images/sm_cats.gif" is in the cache already and will not be downloaded again  	[MsgId: MMSG-26655]
CheckOutThProduct.c(7): Resource "https://petstore.octoperf.com/images/sm_birds.gif" is in the cache already and will not be downloaded again  	[MsgId: MMSG-26655]
CheckOutThProduct.c(7): Resource "https://petstore.octoperf.com/images/banner_fish.gif" is in the cache already and will not be downloaded again  	[MsgId: MMSG-26655]
CheckOutThProduct.c(7): Registered web_reg_find successful for "Text=Shopping Cart" (count=1)  	[MsgId: MMSG-26364]
CheckOutThProduct.c(7): web_url("Cart.action_4") was successful, 4643 body bytes, 225 header bytes  	[MsgId: MMSG-26386]
CheckOutThProduct.c(15): Notify: Transaction "PetStore_ClickOnViewCart_T01" ended with a "Pass" status (Duration: 0.1286 Wasted Time: 0.0000).	[MsgId: MMSG-16871]
CheckOutThProduct.c(17): lr_think_time: 3.43 seconds (recorded think time was 5.00 seconds).	[MsgId: MMSG-15947]
CheckOutThProduct.c(58): Notify: Transaction "PetStore_ClickOnConform_T04" started.	[MsgId: MMSG-16999]
CheckOutThProduct.c(59): web_reg_find started  	[MsgId: MMSG-26355]
CheckOutThProduct.c(59): Registering web_reg_find was successful  	[MsgId: MMSG-26390]
CheckOutThProduct.c(62): web_link("Confirm") started  	[MsgId: MMSG-26355]
CheckOutThProduct.c(62): Linking to "https://petstore.octoperf.com/actions/Order.action?newOrder=&confirmed=true", Target Frame=""  	[MsgId: MMSG-27994]
CheckOutThProduct.c(62): Resource "https://petstore.octoperf.com/css/jpetstore.css" is in the cache already and will not be downloaded again  	[MsgId: MMSG-26655]
CheckOutThProduct.c(62): Resource "https://petstore.octoperf.com/images/logo-topbar.svg" is in the cache already and will not be downloaded again  	[MsgId: MMSG-26655]
CheckOutThProduct.c(62): Resource "https://petstore.octoperf.com/images/cart.gif" is in the cache already and will not be downloaded again  	[MsgId: MMSG-26655]
CheckOutThProduct.c(62): Resource "https://petstore.octoperf.com/images/separator.gif" is in the cache already and will not be downloaded again  	[MsgId: MMSG-26655]
CheckOutThProduct.c(62): Resource "https://petstore.octoperf.com/images/sm_fish.gif" is in the cache already and will not be downloaded again  	[MsgId: MMSG-26655]
CheckOutThProduct.c(62): Resource "https://petstore.octoperf.com/images/sm_dogs.gif" is in the cache already and will not be downloaded again  	[MsgId: MMSG-26655]
CheckOutThProduct.c(62): Resource "https://petstore.octoperf.com/images/sm_reptiles.gif" is in the cache already and will not be downloaded again  	[MsgId: MMSG-26655]
CheckOutThProduct.c(62): Resource "https://petstore.octoperf.com/images/sm_cats.gif" is in the cache already and will not be downloaded again  	[MsgId: MMSG-26655]
CheckOutThProduct.c(62): Resource "https://petstore.octoperf.com/images/sm_birds.gif" is in the cache already and will not be downloaded again  	[MsgId: MMSG-26655]
CheckOutThProduct.c(62): Resource "https://petstore.octoperf.com/images/banner_fish.gif" is in the cache already and will not be downloaded again  	[MsgId: MMSG-26655]
CheckOutThProduct.c(62): Registered web_reg_find successful for "Text=Thank you, your order has been submitted" (count=1)  	[MsgId: MMSG-26364]
CheckOutThProduct.c(62): web_link("Confirm") was successful, 5235 body bytes, 225 header bytes  	[MsgId: MMSG-26386]
CheckOutThProduct.c(66): Notify: Transaction "PetStore_ClickOnConform_T04" ended with a "Pass" status (Duration: 0.1283 Wasted Time: 0.0000).	[MsgId: MMSG-16871]
Ending action CheckOutThProduct.	[MsgId: MMSG-15918]
Ending iteration 34.	[MsgId: MMSG-15965]
Waiting 6.9830 seconds for iteration pacing.	[MsgId: MMSG-15996]
Login.c(17): Notify: Transaction "PetStore_Login_T01" started.	[MsgId: MMSG-16999]
Login.c(18): web_reg_find started  	[MsgId: MMSG-26355]
Login.c(18): Registering web_reg_find was successful  	[MsgId: MMSG-26390]
Login.c(20): web_reg_save_param_regexp started  	[MsgId: MMSG-26355]
Login.c(20): Registering web_reg_save_param_regexp was successful  	[MsgId: MMSG-26390]
Login.c(26): web_submit_form("Account.action") started  	[MsgId: MMSG-26355]
Login.c(26): Notify: Parameter Substitution: parameter "randomUsername" =  "XVIV"	[MsgId: MMSG-13992]
Login.c(26): Notify: Parameter Substitution: parameter "randompass" =  "djeo"	[MsgId: MMSG-13992]
Login.c(26): Submitting form to "https://petstore.octoperf.com/actions/Account.action", Target Frame=""  	[MsgId: MMSG-27978]
CheckOutThProduct.c(19): Notify: Transaction "PetStore_ClickOnProccedToCheckOut_T02" started.	[MsgId: MMSG-16999]
CheckOutThProduct.c(20): web_reg_find started  	[MsgId: MMSG-26355]
CheckOutThProduct.c(20): Registering web_reg_find was successful  	[MsgId: MMSG-26390]
CheckOutThProduct.c(23): web_link("Proceed to Checkout") started  	[MsgId: MMSG-26355]
CheckOutThProduct.c(23): Linking to "https://petstore.octoperf.com/actions/Order.action?newOrderForm=", Target Frame=""  	[MsgId: MMSG-27994]
CheckOutThProduct.c(23): Resource "https://petstore.octoperf.com/css/jpetstore.css" is in the cache already and will not be downloaded again  	[MsgId: MMSG-26655]
CheckOutThProduct.c(23): Resource "https://petstore.octoperf.com/images/logo-topbar.svg" is in the cache already and will not be downloaded again  	[MsgId: MMSG-26655]
CheckOutThProduct.c(23): Resource "https://petstore.octoperf.com/images/cart.gif" is in the cache already and will not be downloaded again  	[MsgId: MMSG-26655]
CheckOutThProduct.c(23): Resource "https://petstore.octoperf.com/images/separator.gif" is in the cache already and will not be downloaded again  	[MsgId: MMSG-26655]
CheckOutThProduct.c(23): Resource "https://petstore.octoperf.com/images/sm_fish.gif" is in the cache already and will not be downloaded again  	[MsgId: MMSG-26655]
CheckOutThProduct.c(23): Resource "https://petstore.octoperf.com/images/sm_dogs.gif" is in the cache already and will not be downloaded again  	[MsgId: MMSG-26655]
CheckOutThProduct.c(23): Resource "https://petstore.octoperf.com/images/sm_reptiles.gif" is in the cache already and will not be downloaded again  	[MsgId: MMSG-26655]
CheckOutThProduct.c(23): Resource "https://petstore.octoperf.com/images/sm_cats.gif" is in the cache already and will not be downloaded again  	[MsgId: MMSG-26655]
CheckOutThProduct.c(23): Resource "https://petstore.octoperf.com/images/sm_birds.gif" is in the cache already and will not be downloaded again  	[MsgId: MMSG-26655]
CheckOutThProduct.c(23): Resource "https://petstore.octoperf.com/images/banner_fish.gif" is in the cache already and will not be downloaded again  	[MsgId: MMSG-26655]
CheckOutThProduct.c(23): Registered web_reg_find successful for "Text=Payment Details" (count=1)  	[MsgId: MMSG-26364]
CheckOutThProduct.c(23): web_link("Proceed to Checkout") was successful, 5376 body bytes, 225 header bytes  	[MsgId: MMSG-26386]
CheckOutThProduct.c(27): Notify: Transaction "PetStore_ClickOnProccedToCheckOut_T02" ended with a "Pass" status (Duration: 0.1283 Wasted Time: 0.0000).	[MsgId: MMSG-16871]
CheckOutThProduct.c(29): lr_think_time: 3.21 seconds (recorded think time was 5.00 seconds).	[MsgId: MMSG-15947]
Login.c(26): Redirecting "https://petstore.octoperf.com/actions/Account.action" (redirection depth is 0)  	[MsgId: MMSG-26694]
Login.c(26): To location "https://petstore.octoperf.com/actions/Catalog.action"  	[MsgId: MMSG-26693]
Login.c(26): Resource "https://petstore.octoperf.com/css/jpetstore.css" is in the cache already and will not be downloaded again  	[MsgId: MMSG-26655]
Login.c(26): Resource "https://petstore.octoperf.com/images/logo-topbar.svg" is in the cache already and will not be downloaded again  	[MsgId: MMSG-26655]
Login.c(26): Resource "https://petstore.octoperf.com/images/cart.gif" is in the cache already and will not be downloaded again  	[MsgId: MMSG-26655]
Login.c(26): Resource "https://petstore.octoperf.com/images/separator.gif" is in the cache already and will not be downloaded again  	[MsgId: MMSG-26655]
Login.c(26): Resource "https://petstore.octoperf.com/images/sm_fish.gif" is in the cache already and will not be downloaded again  	[MsgId: MMSG-26655]
Login.c(26): Resource "https://petstore.octoperf.com/images/sm_dogs.gif" is in the cache already and will not be downloaded again  	[MsgId: MMSG-26655]
Login.c(26): Resource "https://petstore.octoperf.com/images/sm_reptiles.gif" is in the cache already and will not be downloaded again  	[MsgId: MMSG-26655]
Login.c(26): Resource "https://petstore.octoperf.com/images/sm_cats.gif" is in the cache already and will not be downloaded again  	[MsgId: MMSG-26655]
Login.c(26): Resource "https://petstore.octoperf.com/images/sm_birds.gif" is in the cache already and will not be downloaded again  	[MsgId: MMSG-26655]
Login.c(26): Resource "https://petstore.octoperf.com/images/fish_icon.gif" is in the cache already and will not be downloaded again  	[MsgId: MMSG-26655]
Login.c(26): Resource "https://petstore.octoperf.com/images/dogs_icon.gif" is in the cache already and will not be downloaded again  	[MsgId: MMSG-26655]
Login.c(26): Resource "https://petstore.octoperf.com/images/cats_icon.gif" is in the cache already and will not be downloaded again  	[MsgId: MMSG-26655]
Login.c(26): Resource "https://petstore.octoperf.com/images/reptiles_icon.gif" is in the cache already and will not be downloaded again  	[MsgId: MMSG-26655]
Login.c(26): Resource "https://petstore.octoperf.com/images/birds_icon.gif" is in the cache already and will not be downloaded again  	[MsgId: MMSG-26655]
Login.c(26): Resource "https://petstore.octoperf.com/images/splash.gif" is in the cache already and will not be downloaded again  	[MsgId: MMSG-26655]
Login.c(26): Found resource "https://petstore.octoperf.com/images/banner_fish.gif" in HTML "https://petstore.octoperf.com/actions/Catalog.action"  	[MsgId: MMSG-26659]
Login.c(26): Notify: Saving Parameter "ProductName_1 = BIRDS".	[MsgId: MMSG-13798]
Login.c(26): Notify: Saving Parameter "ProductName_2 = FISH".	[MsgId: MMSG-13798]
Login.c(26): Notify: Saving Parameter "ProductName_3 = DOGS".	[MsgId: MMSG-13798]
Login.c(26): Notify: Saving Parameter "ProductName_4 = REPTILES".	[MsgId: MMSG-13798]
Login.c(26): Notify: Saving Parameter "ProductName_5 = CATS".	[MsgId: MMSG-13798]
Login.c(26): Notify: Saving Parameter "ProductName_6 = BIRDS".	[MsgId: MMSG-13798]
Registration.c(43): Notify: Transaction "PetStore_ClickOnRegistration_T03" started.	[MsgId: MMSG-16999]
Registration.c(45): web_reg_find started  	[MsgId: MMSG-26355]
Registration.c(45): Registering web_reg_find was successful  	[MsgId: MMSG-26390]
Registration.c(48): web_link("Register Now!") started  	[MsgId: MMSG-26355]
Registration.c(48): Linking to "https://petstore.octoperf.com/actions/Account.action?newAccountForm=", Target Frame=""  	[MsgId: MMSG-27994]
Login.c(26): Notify: Saving Parameter "ProductName_count = 6".	[MsgId: MMSG-13798]
Login.c(26): Registered web_reg_find successful for "Text=My Account" (count=1)  	[MsgId: MMSG-26364]
Login.c(26): web_submit_form("Account.action") was successful, 11416 body bytes, 727 header bytes  	[MsgId: MMSG-26386]
Login.c(34): Notify: Transaction "PetStore_Login_T01" ended with a "Pass" status (Duration: 0.5116 Wasted Time: 0.0004).	[MsgId: MMSG-16871]
Ending action Login.	[MsgId: MMSG-15918]
Starting action CheckOutThProduct.	[MsgId: MMSG-15919]
AddToCard.c(8): Notify: Transaction "PetStore_AddAproduct_T01" started.	[MsgId: MMSG-16999]
AddToCard.c(11): Notify: Parameter Substitution: parameter "ProductName_count" =  "6"	[MsgId: MMSG-13992]
AddToCard.c(12): Notify: Parameter Substitution: parameter "ProductName_3" =  "DOGS"	[MsgId: MMSG-13992]
AddToCard.c(14): Notify: Saving Parameter "RandCategory = DOGS".	[MsgId: MMSG-13798]
AddToCard.c(15): Notify: Parameter Substitution: parameter "RandCategory" =  "DOGS"	[MsgId: MMSG-13992]
AddToCard.c(15): Random category selected in Action2 = DOGS	[MsgId: MMSG-17999]
AddToCard.c(17): web_reg_find started  	[MsgId: MMSG-26355]
AddToCard.c(17): Notify: Parameter Substitution: parameter "RandCategory" =  "DOGS"	[MsgId: MMSG-13992]
AddToCard.c(17): Registering web_reg_find was successful  	[MsgId: MMSG-26390]
AddToCard.c(20): web_reg_save_param_regexp started  	[MsgId: MMSG-26355]
AddToCard.c(20): Registering web_reg_save_param_regexp was successful  	[MsgId: MMSG-26390]
AddToCard.c(27): web_url("Catalog.action_2") started  	[MsgId: MMSG-26355]
AddToCard.c(27): Notify: Parameter Substitution: parameter "RandCategory" =  "DOGS"	[MsgId: MMSG-13992]
Registration.c(48): Resource "https://petstore.octoperf.com/css/jpetstore.css" is in the cache already and will not be downloaded again  	[MsgId: MMSG-26655]
Registration.c(48): Resource "https://petstore.octoperf.com/images/logo-topbar.svg" is in the cache already and will not be downloaded again  	[MsgId: MMSG-26655]
Registration.c(48): Resource "https://petstore.octoperf.com/images/cart.gif" is in the cache already and will not be downloaded again  	[MsgId: MMSG-26655]
Registration.c(48): Resource "https://petstore.octoperf.com/images/separator.gif" is in the cache already and will not be downloaded again  	[MsgId: MMSG-26655]
Registration.c(48): Resource "https://petstore.octoperf.com/images/sm_fish.gif" is in the cache already and will not be downloaded again  	[MsgId: MMSG-26655]
Registration.c(48): Resource "https://petstore.octoperf.com/images/sm_dogs.gif" is in the cache already and will not be downloaded again  	[MsgId: MMSG-26655]
Registration.c(48): Resource "https://petstore.octoperf.com/images/sm_reptiles.gif" is in the cache already and will not be downloaded again  	[MsgId: MMSG-26655]
Registration.c(48): Resource "https://petstore.octoperf.com/images/sm_cats.gif" is in the cache already and will not be downloaded again  	[MsgId: MMSG-26655]
Registration.c(48): Resource "https://petstore.octoperf.com/images/sm_birds.gif" is in the cache already and will not be downloaded again  	[MsgId: MMSG-26655]
Registration.c(48): Registered web_reg_find successful for "Text=User Information" (count=1)  	[MsgId: MMSG-26364]
Registration.c(48): web_link("Register Now!") was successful, 5821 body bytes, 225 header bytes  	[MsgId: MMSG-26386]
Registration.c(53): Notify: Transaction "PetStore_ClickOnRegistration_T03" ended with a "Pass" status (Duration: 0.1276 Wasted Time: 0.0000).	[MsgId: MMSG-16871]
Registration.c(55): lr_think_time: 2.85 seconds (recorded think time was 5.00 seconds).	[MsgId: MMSG-15947]
AddToCard.c(27): Resource "https://petstore.octoperf.com/css/jpetstore.css" is in the cache already and will not be downloaded again  	[MsgId: MMSG-26655]
AddToCard.c(27): Resource "https://petstore.octoperf.com/images/logo-topbar.svg" is in the cache already and will not be downloaded again  	[MsgId: MMSG-26655]
AddToCard.c(27): Resource "https://petstore.octoperf.com/images/cart.gif" is in the cache already and will not be downloaded again  	[MsgId: MMSG-26655]
AddToCard.c(27): Resource "https://petstore.octoperf.com/images/separator.gif" is in the cache already and will not be downloaded again  	[MsgId: MMSG-26655]
AddToCard.c(27): Resource "https://petstore.octoperf.com/images/sm_fish.gif" is in the cache already and will not be downloaded again  	[MsgId: MMSG-26655]
AddToCard.c(27): Resource "https://petstore.octoperf.com/images/sm_dogs.gif" is in the cache already and will not be downloaded again  	[MsgId: MMSG-26655]
AddToCard.c(27): Resource "https://petstore.octoperf.com/images/sm_reptiles.gif" is in the cache already and will not be downloaded again  	[MsgId: MMSG-26655]
AddToCard.c(27): Resource "https://petstore.octoperf.com/images/sm_cats.gif" is in the cache already and will not be downloaded again  	[MsgId: MMSG-26655]
AddToCard.c(27): Resource "https://petstore.octoperf.com/images/sm_birds.gif" is in the cache already and will not be downloaded again  	[MsgId: MMSG-26655]
AddToCard.c(27): Resource "https://petstore.octoperf.com/images/banner_fish.gif" is in the cache already and will not be downloaded again  	[MsgId: MMSG-26655]
AddToCard.c(27): Notify: Saving Parameter "productId_1 = K9-BD-01".	[MsgId: MMSG-13798]
AddToCard.c(27): Notify: Saving Parameter "productId_2 = K9-PO-02".	[MsgId: MMSG-13798]
AddToCard.c(27): Notify: Saving Parameter "productId_3 = K9-DL-01".	[MsgId: MMSG-13798]
AddToCard.c(27): Notify: Saving Parameter "productId_4 = K9-RT-01".	[MsgId: MMSG-13798]
AddToCard.c(27): Notify: Saving Parameter "productId_5 = K9-RT-02".	[MsgId: MMSG-13798]
AddToCard.c(27): Notify: Saving Parameter "productId_6 = K9-CW-01".	[MsgId: MMSG-13798]
AddToCard.c(27): Notify: Saving Parameter "productId_count = 6".	[MsgId: MMSG-13798]
AddToCard.c(27): Registered web_reg_find successful for "Text=DOGS" (count=1)  	[MsgId: MMSG-26364]
AddToCard.c(27): web_url("Catalog.action_2") was successful, 4171 body bytes, 225 header bytes  	[MsgId: MMSG-26386]
AddToCard.c(36): Notify: Transaction "PetStore_AddAproduct_T01" ended with a "Pass" status (Duration: 0.2964 Wasted Time: 0.0003).	[MsgId: MMSG-16871]
AddToCard.c(38): lr_think_time: 3.69 seconds (recorded think time was 5.00 seconds).	[MsgId: MMSG-15947]
Registration.c(57): Notify: Transaction "PetStore_SubmitRegistration_T04" started.	[MsgId: MMSG-16999]
Registration.c(59): web_reg_find started  	[MsgId: MMSG-26355]
Registration.c(59): Registering web_reg_find was successful  	[MsgId: MMSG-26390]
Registration.c(66): Notify: Saving Parameter "randomUsername = VPSV".	[MsgId: MMSG-13798]
Registration.c(72): Notify: Saving Parameter "randompass = ccnr".	[MsgId: MMSG-13798]
Registration.c(86): Notify: Saving Parameter "randomFirstName = devqs".	[MsgId: MMSG-13798]
Registration.c(87): Notify: Saving Parameter "randomLastName = glits".	[MsgId: MMSG-13798]
Registration.c(99): Notify: Saving Parameter "RandomPhone = 9429391000".	[MsgId: MMSG-13798]
Registration.c(108): Notify: Saving Parameter "RandomZip = 513461".	[MsgId: MMSG-13798]
Registration.c(111): web_submit_form("Account.action") started  	[MsgId: MMSG-26355]
Registration.c(111): Notify: Parameter Substitution: parameter "randomUsername" =  "VPSV"	[MsgId: MMSG-13992]
Registration.c(111): Notify: Parameter Substitution: parameter "randompass" =  "ccnr"	[MsgId: MMSG-13992]
Registration.c(111): Notify: Parameter Substitution: parameter "randompass" =  "ccnr"	[MsgId: MMSG-13992]
Registration.c(111): Notify: Parameter Substitution: parameter "randomFirstName" =  "devqs"	[MsgId: MMSG-13992]
Registration.c(111): Notify: Parameter Substitution: parameter "randomLastName" =  "glits"	[MsgId: MMSG-13992]
Registration.c(111): Notify: Parameter Substitution: parameter "randomFirstName" =  "devqs"	[MsgId: MMSG-13992]
Registration.c(111): Notify: Parameter Substitution: parameter "randomLastName" =  "glits"	[MsgId: MMSG-13992]
Registration.c(111): Notify: Parameter Substitution: parameter "RandomPhone" =  "9429391000"	[MsgId: MMSG-13992]
Registration.c(111): Notify: Parameter Substitution: parameter "RandomZip" =  "513461"	[MsgId: MMSG-13992]
Registration.c(111): Submitting form to "https://petstore.octoperf.com/actions/Account.action", Target Frame=""  	[MsgId: MMSG-27978]
Registration.c(137): Notify: Transaction "PetStore_SignOut_T05" started.	[MsgId: MMSG-16999]
Registration.c(139): web_reg_find started  	[MsgId: MMSG-26355]
Registration.c(139): Registering web_reg_find was successful  	[MsgId: MMSG-26390]
Registration.c(142): web_url("Account.action_2") started  	[MsgId: MMSG-26355]
Registration.c(111): Redirecting "https://petstore.octoperf.com/actions/Account.action" (redirection depth is 0)  	[MsgId: MMSG-26694]
Registration.c(111): To location "https://petstore.octoperf.com/actions/Catalog.action"  	[MsgId: MMSG-26693]
Registration.c(142): Redirecting "https://petstore.octoperf.com/actions/Account.action?signoff=" (redirection depth is 0)  	[MsgId: MMSG-26694]
Registration.c(142): To location "https://petstore.octoperf.com/actions/Catalog.action"  	[MsgId: MMSG-26693]
Registration.c(111): Resource "https://petstore.octoperf.com/css/jpetstore.css" is in the cache already and will not be downloaded again  	[MsgId: MMSG-26655]
Registration.c(111): Resource "https://petstore.octoperf.com/images/logo-topbar.svg" is in the cache already and will not be downloaded again  	[MsgId: MMSG-26655]
Registration.c(111): Resource "https://petstore.octoperf.com/images/cart.gif" is in the cache already and will not be downloaded again  	[MsgId: MMSG-26655]
Registration.c(111): Resource "https://petstore.octoperf.com/images/separator.gif" is in the cache already and will not be downloaded again  	[MsgId: MMSG-26655]
Registration.c(111): Resource "https://petstore.octoperf.com/images/sm_fish.gif" is in the cache already and will not be downloaded again  	[MsgId: MMSG-26655]
Registration.c(111): Resource "https://petstore.octoperf.com/images/sm_dogs.gif" is in the cache already and will not be downloaded again  	[MsgId: MMSG-26655]
Registration.c(111): Resource "https://petstore.octoperf.com/images/sm_reptiles.gif" is in the cache already and will not be downloaded again  	[MsgId: MMSG-26655]
Registration.c(111): Resource "https://petstore.octoperf.com/images/sm_cats.gif" is in the cache already and will not be downloaded again  	[MsgId: MMSG-26655]
Registration.c(111): Resource "https://petstore.octoperf.com/images/sm_birds.gif" is in the cache already and will not be downloaded again  	[MsgId: MMSG-26655]
Registration.c(111): Resource "https://petstore.octoperf.com/images/fish_icon.gif" is in the cache already and will not be downloaded again  	[MsgId: MMSG-26655]
Registration.c(111): Resource "https://petstore.octoperf.com/images/dogs_icon.gif" is in the cache already and will not be downloaded again  	[MsgId: MMSG-26655]
Registration.c(111): Resource "https://petstore.octoperf.com/images/cats_icon.gif" is in the cache already and will not be downloaded again  	[MsgId: MMSG-26655]
Registration.c(111): Resource "https://petstore.octoperf.com/images/reptiles_icon.gif" is in the cache already and will not be downloaded again  	[MsgId: MMSG-26655]
Registration.c(111): Resource "https://petstore.octoperf.com/images/birds_icon.gif" is in the cache already and will not be downloaded again  	[MsgId: MMSG-26655]
Registration.c(111): Resource "https://petstore.octoperf.com/images/splash.gif" is in the cache already and will not be downloaded again  	[MsgId: MMSG-26655]
Registration.c(111): Registered web_reg_find successful for "Text=Elevate you load-testing" (count=1)  	[MsgId: MMSG-26364]
Registration.c(111): web_submit_form("Account.action") was successful, 4736 body bytes, 443 header bytes  	[MsgId: MMSG-26386]
Registration.c(133): Notify: Transaction "PetStore_SubmitRegistration_T04" ended with a "Pass" status (Duration: 0.3783 Wasted Time: 0.0000).	[MsgId: MMSG-16871]
Registration.c(135): lr_think_time: 3.35 seconds (recorded think time was 5.00 seconds).	[MsgId: MMSG-15947]
Registration.c(142): Resource "https://petstore.octoperf.com/css/jpetstore.css" is in the cache already and will not be downloaded again  	[MsgId: MMSG-26655]
Registration.c(142): Resource "https://petstore.octoperf.com/images/logo-topbar.svg" is in the cache already and will not be downloaded again  	[MsgId: MMSG-26655]
Registration.c(142): Resource "https://petstore.octoperf.com/images/cart.gif" is in the cache already and will not be downloaded again  	[MsgId: MMSG-26655]
Registration.c(142): Resource "https://petstore.octoperf.com/images/separator.gif" is in the cache already and will not be downloaded again  	[MsgId: MMSG-26655]
Registration.c(142): Resource "https://petstore.octoperf.com/images/sm_fish.gif" is in the cache already and will not be downloaded again  	[MsgId: MMSG-26655]
Registration.c(142): Resource "https://petstore.octoperf.com/images/sm_dogs.gif" is in the cache already and will not be downloaded again  	[MsgId: MMSG-26655]
Registration.c(142): Resource "https://petstore.octoperf.com/images/sm_reptiles.gif" is in the cache already and will not be downloaded again  	[MsgId: MMSG-26655]
Registration.c(142): Resource "https://petstore.octoperf.com/images/sm_cats.gif" is in the cache already and will not be downloaded again  	[MsgId: MMSG-26655]
Registration.c(142): Resource "https://petstore.octoperf.com/images/sm_birds.gif" is in the cache already and will not be downloaded again  	[MsgId: MMSG-26655]
Registration.c(142): Resource "https://petstore.octoperf.com/images/fish_icon.gif" is in the cache already and will not be downloaded again  	[MsgId: MMSG-26655]
Registration.c(142): Resource "https://petstore.octoperf.com/images/dogs_icon.gif" is in the cache already and will not be downloaded again  	[MsgId: MMSG-26655]
Registration.c(142): Resource "https://petstore.octoperf.com/images/cats_icon.gif" is in the cache already and will not be downloaded again  	[MsgId: MMSG-26655]
Registration.c(142): Resource "https://petstore.octoperf.com/images/reptiles_icon.gif" is in the cache already and will not be downloaded again  	[MsgId: MMSG-26655]
Registration.c(142): Resource "https://petstore.octoperf.com/images/birds_icon.gif" is in the cache already and will not be downloaded again  	[MsgId: MMSG-26655]
Registration.c(142): Resource "https://petstore.octoperf.com/images/splash.gif" is in the cache already and will not be downloaded again  	[MsgId: MMSG-26655]
Registration.c(142): Registered web_reg_find successful for "Text=Sign In" (count=1)  	[MsgId: MMSG-26364]
Registration.c(142): web_url("Account.action_2") was successful, 4736 body bytes, 518 header bytes  	[MsgId: MMSG-26386]
Registration.c(151): Notify: Transaction "PetStore_SignOut_T05" ended with a "Pass" status (Duration: 0.2582 Wasted Time: 0.0000).	[MsgId: MMSG-16871]
Login.c(4): Notify: Transaction "PetStore_ClickOnSignIn_T01" started.	[MsgId: MMSG-16999]
Login.c(6): web_reg_find started  	[MsgId: MMSG-26355]
Login.c(6): Registering web_reg_find was successful  	[MsgId: MMSG-26390]
Login.c(9): web_link("Sign In") started  	[MsgId: MMSG-26355]
Login.c(9): Linking to "https://petstore.octoperf.com/actions/Account.action?signonForm=", Target Frame=""  	[MsgId: MMSG-27994]
Login.c(9): Resource "https://petstore.octoperf.com/css/jpetstore.css" is in the cache already and will not be downloaded again  	[MsgId: MMSG-26655]
Login.c(9): Resource "https://petstore.octoperf.com/images/logo-topbar.svg" is in the cache already and will not be downloaded again  	[MsgId: MMSG-26655]
Login.c(9): Resource "https://petstore.octoperf.com/images/cart.gif" is in the cache already and will not be downloaded again  	[MsgId: MMSG-26655]
Login.c(9): Resource "https://petstore.octoperf.com/images/separator.gif" is in the cache already and will not be downloaded again  	[MsgId: MMSG-26655]
Login.c(9): Resource "https://petstore.octoperf.com/images/sm_fish.gif" is in the cache already and will not be downloaded again  	[MsgId: MMSG-26655]
Login.c(9): Resource "https://petstore.octoperf.com/images/sm_dogs.gif" is in the cache already and will not be downloaded again  	[MsgId: MMSG-26655]
Login.c(9): Resource "https://petstore.octoperf.com/images/sm_reptiles.gif" is in the cache already and will not be downloaded again  	[MsgId: MMSG-26655]
Login.c(9): Resource "https://petstore.octoperf.com/images/sm_cats.gif" is in the cache already and will not be downloaded again  	[MsgId: MMSG-26655]
Login.c(9): Resource "https://petstore.octoperf.com/images/sm_birds.gif" is in the cache already and will not be downloaded again  	[MsgId: MMSG-26655]
Login.c(9): Registered web_reg_find successful for "Text=Please enter your username and password" (count=1)  	[MsgId: MMSG-26364]
Login.c(9): web_link("Sign In") was successful, 3860 body bytes, 225 header bytes  	[MsgId: MMSG-26386]
Login.c(13): Notify: Transaction "PetStore_ClickOnSignIn_T01" ended with a "Pass" status (Duration: 0.1289 Wasted Time: 0.0000).	[MsgId: MMSG-16871]
Login.c(15): lr_think_time: 2.70 seconds (recorded think time was 5.00 seconds).	[MsgId: MMSG-15947]
Registration.c(57): Notify: Transaction "PetStore_SubmitRegistration_T04" started.	[MsgId: MMSG-16999]
Registration.c(59): web_reg_find started  	[MsgId: MMSG-26355]
Registration.c(59): Registering web_reg_find was successful  	[MsgId: MMSG-26390]
Registration.c(66): Notify: Saving Parameter "randomUsername = CJBN".	[MsgId: MMSG-13798]
Registration.c(72): Notify: Saving Parameter "randompass = mbpr".	[MsgId: MMSG-13798]
Registration.c(86): Notify: Saving Parameter "randomFirstName = hpeon".	[MsgId: MMSG-13798]
Registration.c(87): Notify: Saving Parameter "randomLastName = viogm".	[MsgId: MMSG-13798]
Registration.c(99): Notify: Saving Parameter "RandomPhone = :557855576".	[MsgId: MMSG-13798]
Registration.c(108): Notify: Saving Parameter "RandomZip = 179139".	[MsgId: MMSG-13798]
Registration.c(111): web_submit_form("Account.action") started  	[MsgId: MMSG-26355]
Registration.c(111): Notify: Parameter Substitution: parameter "randomUsername" =  "CJBN"	[MsgId: MMSG-13992]
Registration.c(111): Notify: Parameter Substitution: parameter "randompass" =  "mbpr"	[MsgId: MMSG-13992]
Registration.c(111): Notify: Parameter Substitution: parameter "randompass" =  "mbpr"	[MsgId: MMSG-13992]
Registration.c(111): Notify: Parameter Substitution: parameter "randomFirstName" =  "hpeon"	[MsgId: MMSG-13992]
Registration.c(111): Notify: Parameter Substitution: parameter "randomLastName" =  "viogm"	[MsgId: MMSG-13992]
Registration.c(111): Notify: Parameter Substitution: parameter "randomFirstName" =  "hpeon"	[MsgId: MMSG-13992]
Registration.c(111): Notify: Parameter Substitution: parameter "randomLastName" =  "viogm"	[MsgId: MMSG-13992]
Registration.c(111): Notify: Parameter Substitution: parameter "RandomPhone" =  ":557855576"	[MsgId: MMSG-13992]
Registration.c(111): Notify: Parameter Substitution: parameter "RandomZip" =  "179139"	[MsgId: MMSG-13992]
Registration.c(111): Submitting form to "https://petstore.octoperf.com/actions/Account.action", Target Frame=""  	[MsgId: MMSG-27978]
Registration.c(111): Redirecting "https://petstore.octoperf.com/actions/Account.action" (redirection depth is 0)  	[MsgId: MMSG-26694]
Registration.c(111): To location "https://petstore.octoperf.com/actions/Catalog.action"  	[MsgId: MMSG-26693]
Registration.c(111): Resource "https://petstore.octoperf.com/css/jpetstore.css" is in the cache already and will not be downloaded again  	[MsgId: MMSG-26655]
Registration.c(111): Resource "https://petstore.octoperf.com/images/logo-topbar.svg" is in the cache already and will not be downloaded again  	[MsgId: MMSG-26655]
Registration.c(111): Resource "https://petstore.octoperf.com/images/cart.gif" is in the cache already and will not be downloaded again  	[MsgId: MMSG-26655]
Registration.c(111): Resource "https://petstore.octoperf.com/images/separator.gif" is in the cache already and will not be downloaded again  	[MsgId: MMSG-26655]
Registration.c(111): Resource "https://petstore.octoperf.com/images/sm_fish.gif" is in the cache already and will not be downloaded again  	[MsgId: MMSG-26655]
Registration.c(111): Resource "https://petstore.octoperf.com/images/sm_dogs.gif" is in the cache already and will not be downloaded again  	[MsgId: MMSG-26655]
Registration.c(111): Resource "https://petstore.octoperf.com/images/sm_reptiles.gif" is in the cache already and will not be downloaded again  	[MsgId: MMSG-26655]
Registration.c(111): Resource "https://petstore.octoperf.com/images/sm_cats.gif" is in the cache already and will not be downloaded again  	[MsgId: MMSG-26655]
Registration.c(111): Resource "https://petstore.octoperf.com/images/sm_birds.gif" is in the cache already and will not be downloaded again  	[MsgId: MMSG-26655]
Registration.c(111): Resource "https://petstore.octoperf.com/images/fish_icon.gif" is in the cache already and will not be downloaded again  	[MsgId: MMSG-26655]
Registration.c(111): Resource "https://petstore.octoperf.com/images/dogs_icon.gif" is in the cache already and will not be downloaded again  	[MsgId: MMSG-26655]
Registration.c(111): Resource "https://petstore.octoperf.com/images/cats_icon.gif" is in the cache already and will not be downloaded again  	[MsgId: MMSG-26655]
Registration.c(111): Resource "https://petstore.octoperf.com/images/reptiles_icon.gif" is in the cache already and will not be downloaded again  	[MsgId: MMSG-26655]
Registration.c(111): Resource "https://petstore.octoperf.com/images/birds_icon.gif" is in the cache already and will not be downloaded again  	[MsgId: MMSG-26655]
Registration.c(111): Resource "https://petstore.octoperf.com/images/splash.gif" is in the cache already and will not be downloaded again  	[MsgId: MMSG-26655]
Registration.c(111): Registered web_reg_find successful for "Text=Elevate you load-testing" (count=1)  	[MsgId: MMSG-26364]
Registration.c(111): web_submit_form("Account.action") was successful, 4736 body bytes, 443 header bytes  	[MsgId: MMSG-26386]
Registration.c(133): Notify: Transaction "PetStore_SubmitRegistration_T04" ended with a "Pass" status (Duration: 0.3825 Wasted Time: 0.0000).	[MsgId: MMSG-16871]
Registration.c(135): lr_think_time: 3.36 seconds (recorded think time was 5.00 seconds).	[MsgId: MMSG-15947]
CheckOutThProduct.c(19): Notify: Transaction "PetStore_ClickOnProccedToCheckOut_T02" started.	[MsgId: MMSG-16999]
CheckOutThProduct.c(20): web_reg_find started  	[MsgId: MMSG-26355]
CheckOutThProduct.c(20): Registering web_reg_find was successful  	[MsgId: MMSG-26390]
CheckOutThProduct.c(23): web_link("Proceed to Checkout") started  	[MsgId: MMSG-26355]
CheckOutThProduct.c(23): Linking to "https://petstore.octoperf.com/actions/Order.action?newOrderForm=", Target Frame=""  	[MsgId: MMSG-27994]
CheckOutThProduct.c(23): Resource "https://petstore.octoperf.com/css/jpetstore.css" is in the cache already and will not be downloaded again  	[MsgId: MMSG-26655]
CheckOutThProduct.c(23): Resource "https://petstore.octoperf.com/images/logo-topbar.svg" is in the cache already and will not be downloaded again  	[MsgId: MMSG-26655]
CheckOutThProduct.c(23): Resource "https://petstore.octoperf.com/images/cart.gif" is in the cache already and will not be downloaded again  	[MsgId: MMSG-26655]
CheckOutThProduct.c(23): Resource "https://petstore.octoperf.com/images/separator.gif" is in the cache already and will not be downloaded again  	[MsgId: MMSG-26655]
CheckOutThProduct.c(23): Resource "https://petstore.octoperf.com/images/sm_fish.gif" is in the cache already and will not be downloaded again  	[MsgId: MMSG-26655]
CheckOutThProduct.c(23): Resource "https://petstore.octoperf.com/images/sm_dogs.gif" is in the cache already and will not be downloaded again  	[MsgId: MMSG-26655]
CheckOutThProduct.c(23): Resource "https://petstore.octoperf.com/images/sm_reptiles.gif" is in the cache already and will not be downloaded again  	[MsgId: MMSG-26655]
CheckOutThProduct.c(23): Resource "https://petstore.octoperf.com/images/sm_cats.gif" is in the cache already and will not be downloaded again  	[MsgId: MMSG-26655]
CheckOutThProduct.c(23): Resource "https://petstore.octoperf.com/images/sm_birds.gif" is in the cache already and will not be downloaded again  	[MsgId: MMSG-26655]
CheckOutThProduct.c(23): Resource "https://petstore.octoperf.com/images/banner_fish.gif" is in the cache already and will not be downloaded again  	[MsgId: MMSG-26655]
CheckOutThProduct.c(23): Registered web_reg_find successful for "Text=Payment Details" (count=1)  	[MsgId: MMSG-26364]
CheckOutThProduct.c(23): web_link("Proceed to Checkout") was successful, 5376 body bytes, 225 header bytes  	[MsgId: MMSG-26386]
CheckOutThProduct.c(27): Notify: Transaction "PetStore_ClickOnProccedToCheckOut_T02" ended with a "Pass" status (Duration: 0.1279 Wasted Time: 0.0000).	[MsgId: MMSG-16871]
CheckOutThProduct.c(29): lr_think_time: 3.07 seconds (recorded think time was 5.00 seconds).	[MsgId: MMSG-15947]
CheckOutThProduct.c(31): Notify: Transaction "PetStore_ClickOnContinue_T03" started.	[MsgId: MMSG-16999]
CheckOutThProduct.c(33): web_reg_find started  	[MsgId: MMSG-26355]
CheckOutThProduct.c(33): Registering web_reg_find was successful  	[MsgId: MMSG-26390]
CheckOutThProduct.c(36): web_submit_form("Order.action") started  	[MsgId: MMSG-26355]
CheckOutThProduct.c(36): Submitting form to "https://petstore.octoperf.com/actions/Order.action", Target Frame=""  	[MsgId: MMSG-27978]
Registration.c(57): Notify: Transaction "PetStore_SubmitRegistration_T04" started.	[MsgId: MMSG-16999]
Registration.c(59): web_reg_find started  	[MsgId: MMSG-26355]
Registration.c(59): Registering web_reg_find was successful  	[MsgId: MMSG-26390]
Registration.c(66): Notify: Saving Parameter "randomUsername = ADXO".	[MsgId: MMSG-13798]
Registration.c(72): Notify: Saving Parameter "randompass = totn".	[MsgId: MMSG-13798]
Registration.c(86): Notify: Saving Parameter "randomFirstName = yifmp".	[MsgId: MMSG-13798]
Registration.c(87): Notify: Saving Parameter "randomLastName = smtrs".	[MsgId: MMSG-13798]
Registration.c(99): Notify: Saving Parameter "RandomPhone = :556285216".	[MsgId: MMSG-13798]
Registration.c(108): Notify: Saving Parameter "RandomZip = 322473".	[MsgId: MMSG-13798]
Registration.c(111): web_submit_form("Account.action") started  	[MsgId: MMSG-26355]
Registration.c(111): Notify: Parameter Substitution: parameter "randomUsername" =  "ADXO"	[MsgId: MMSG-13992]
Registration.c(111): Notify: Parameter Substitution: parameter "randompass" =  "totn"	[MsgId: MMSG-13992]
Registration.c(111): Notify: Parameter Substitution: parameter "randompass" =  "totn"	[MsgId: MMSG-13992]
Registration.c(111): Notify: Parameter Substitution: parameter "randomFirstName" =  "yifmp"	[MsgId: MMSG-13992]
Registration.c(111): Notify: Parameter Substitution: parameter "randomLastName" =  "smtrs"	[MsgId: MMSG-13992]
Registration.c(111): Notify: Parameter Substitution: parameter "randomFirstName" =  "yifmp"	[MsgId: MMSG-13992]
Registration.c(111): Notify: Parameter Substitution: parameter "randomLastName" =  "smtrs"	[MsgId: MMSG-13992]
Registration.c(111): Notify: Parameter Substitution: parameter "RandomPhone" =  ":556285216"	[MsgId: MMSG-13992]
Registration.c(111): Notify: Parameter Substitution: parameter "RandomZip" =  "322473"	[MsgId: MMSG-13992]
Registration.c(111): Submitting form to "https://petstore.octoperf.com/actions/Account.action", Target Frame=""  	[MsgId: MMSG-27978]
CheckOutThProduct.c(36): Resource "https://petstore.octoperf.com/css/jpetstore.css" is in the cache already and will not be downloaded again  	[MsgId: MMSG-26655]
CheckOutThProduct.c(36): Resource "https://petstore.octoperf.com/images/logo-topbar.svg" is in the cache already and will not be downloaded again  	[MsgId: MMSG-26655]
CheckOutThProduct.c(36): Resource "https://petstore.octoperf.com/images/cart.gif" is in the cache already and will not be downloaded again  	[MsgId: MMSG-26655]
CheckOutThProduct.c(36): Resource "https://petstore.octoperf.com/images/separator.gif" is in the cache already and will not be downloaded again  	[MsgId: MMSG-26655]
CheckOutThProduct.c(36): Resource "https://petstore.octoperf.com/images/sm_fish.gif" is in the cache already and will not be downloaded again  	[MsgId: MMSG-26655]
CheckOutThProduct.c(36): Resource "https://petstore.octoperf.com/images/sm_dogs.gif" is in the cache already and will not be downloaded again  	[MsgId: MMSG-26655]
CheckOutThProduct.c(36): Resource "https://petstore.octoperf.com/images/sm_reptiles.gif" is in the cache already and will not be downloaded again  	[MsgId: MMSG-26655]
CheckOutThProduct.c(36): Resource "https://petstore.octoperf.com/images/sm_cats.gif" is in the cache already and will not be downloaded again  	[MsgId: MMSG-26655]
CheckOutThProduct.c(36): Resource "https://petstore.octoperf.com/images/sm_birds.gif" is in the cache already and will not be downloaded again  	[MsgId: MMSG-26655]
CheckOutThProduct.c(36): Resource "https://petstore.octoperf.com/images/banner_fish.gif" is in the cache already and will not be downloaded again  	[MsgId: MMSG-26655]
CheckOutThProduct.c(36): Registered web_reg_find successful for "Text=Confirm" (count=1)  	[MsgId: MMSG-26364]
CheckOutThProduct.c(36): web_submit_form("Order.action") was successful, 4526 body bytes, 225 header bytes  	[MsgId: MMSG-26386]
CheckOutThProduct.c(54): Notify: Transaction "PetStore_ClickOnContinue_T03" ended with a "Pass" status (Duration: 0.2553 Wasted Time: 0.0000).	[MsgId: MMSG-16871]
CheckOutThProduct.c(56): lr_think_time: 3.06 seconds (recorded think time was 5.00 seconds).	[MsgId: MMSG-15947]
Registration.c(111): Redirecting "https://petstore.octoperf.com/actions/Account.action" (redirection depth is 0)  	[MsgId: MMSG-26694]
Registration.c(111): To location "https://petstore.octoperf.com/actions/Catalog.action"  	[MsgId: MMSG-26693]
Registration.c(111): Resource "https://petstore.octoperf.com/css/jpetstore.css" is in the cache already and will not be downloaded again  	[MsgId: MMSG-26655]
Registration.c(111): Resource "https://petstore.octoperf.com/images/logo-topbar.svg" is in the cache already and will not be downloaded again  	[MsgId: MMSG-26655]
Registration.c(111): Resource "https://petstore.octoperf.com/images/cart.gif" is in the cache already and will not be downloaded again  	[MsgId: MMSG-26655]
Registration.c(111): Resource "https://petstore.octoperf.com/images/separator.gif" is in the cache already and will not be downloaded again  	[MsgId: MMSG-26655]
Registration.c(111): Resource "https://petstore.octoperf.com/images/sm_fish.gif" is in the cache already and will not be downloaded again  	[MsgId: MMSG-26655]
Registration.c(111): Resource "https://petstore.octoperf.com/images/sm_dogs.gif" is in the cache already and will not be downloaded again  	[MsgId: MMSG-26655]
Registration.c(111): Resource "https://petstore.octoperf.com/images/sm_reptiles.gif" is in the cache already and will not be downloaded again  	[MsgId: MMSG-26655]
Registration.c(111): Resource "https://petstore.octoperf.com/images/sm_cats.gif" is in the cache already and will not be downloaded again  	[MsgId: MMSG-26655]
Registration.c(111): Resource "https://petstore.octoperf.com/images/sm_birds.gif" is in the cache already and will not be downloaded again  	[MsgId: MMSG-26655]
Registration.c(111): Resource "https://petstore.octoperf.com/images/fish_icon.gif" is in the cache already and will not be downloaded again  	[MsgId: MMSG-26655]
Registration.c(111): Resource "https://petstore.octoperf.com/images/dogs_icon.gif" is in the cache already and will not be downloaded again  	[MsgId: MMSG-26655]
Registration.c(111): Resource "https://petstore.octoperf.com/images/cats_icon.gif" is in the cache already and will not be downloaded again  	[MsgId: MMSG-26655]
Registration.c(111): Resource "https://petstore.octoperf.com/images/reptiles_icon.gif" is in the cache already and will not be downloaded again  	[MsgId: MMSG-26655]
Registration.c(111): Resource "https://petstore.octoperf.com/images/birds_icon.gif" is in the cache already and will not be downloaded again  	[MsgId: MMSG-26655]
Registration.c(111): Resource "https://petstore.octoperf.com/images/splash.gif" is in the cache already and will not be downloaded again  	[MsgId: MMSG-26655]
Registration.c(111): Registered web_reg_find successful for "Text=Elevate you load-testing" (count=1)  	[MsgId: MMSG-26364]
Registration.c(111): web_submit_form("Account.action") was successful, 4736 body bytes, 443 header bytes  	[MsgId: MMSG-26386]
Registration.c(133): Notify: Transaction "PetStore_SubmitRegistration_T04" ended with a "Pass" status (Duration: 0.3792 Wasted Time: 0.0000).	[MsgId: MMSG-16871]
Registration.c(135): lr_think_time: 4.10 seconds (recorded think time was 5.00 seconds).	[MsgId: MMSG-15947]
Login.c(17): Notify: Transaction "PetStore_Login_T01" started.	[MsgId: MMSG-16999]
Login.c(18): web_reg_find started  	[MsgId: MMSG-26355]
Login.c(18): Registering web_reg_find was successful  	[MsgId: MMSG-26390]
Login.c(20): web_reg_save_param_regexp started  	[MsgId: MMSG-26355]
Login.c(20): Registering web_reg_save_param_regexp was successful  	[MsgId: MMSG-26390]
Login.c(26): web_submit_form("Account.action") started  	[MsgId: MMSG-26355]
Login.c(26): Notify: Parameter Substitution: parameter "randomUsername" =  "AVRP"	[MsgId: MMSG-13992]
Login.c(26): Notify: Parameter Substitution: parameter "randompass" =  "otib"	[MsgId: MMSG-13992]
Login.c(26): Submitting form to "https://petstore.octoperf.com/actions/Account.action", Target Frame=""  	[MsgId: MMSG-27978]
AddToCard.c(40): Notify: Transaction "PetStore_SelectProductId_T02" started.	[MsgId: MMSG-16999]
AddToCard.c(43): Notify: Parameter Substitution: parameter "productId_count" =  "6"	[MsgId: MMSG-13992]
AddToCard.c(44): Notify: Parameter Substitution: parameter "productId_2" =  "K9-PO-02"	[MsgId: MMSG-13992]
AddToCard.c(46): Notify: Saving Parameter "RandproductId = K9-PO-02".	[MsgId: MMSG-13798]
AddToCard.c(47): Notify: Parameter Substitution: parameter "RandproductId" =  "K9-PO-02"	[MsgId: MMSG-13992]
AddToCard.c(47): Random category selected in Action2 = K9-PO-02	[MsgId: MMSG-17999]
AddToCard.c(49): web_reg_find started  	[MsgId: MMSG-26355]
AddToCard.c(49): Notify: Parameter Substitution: parameter "RandproductId" =  "K9-PO-02"	[MsgId: MMSG-13992]
AddToCard.c(49): Registering web_reg_find was successful  	[MsgId: MMSG-26390]
AddToCard.c(51): web_reg_save_param_regexp started  	[MsgId: MMSG-26355]
AddToCard.c(51): Registering web_reg_save_param_regexp was successful  	[MsgId: MMSG-26390]
AddToCard.c(58): web_link("{RandproductId}") started  	[MsgId: MMSG-26355]
AddToCard.c(58): Notify: Parameter Substitution: parameter "RandproductId" =  "K9-PO-02"	[MsgId: MMSG-13992]
AddToCard.c(58): Linking to "https://petstore.octoperf.com/actions/Catalog.action?viewProduct=&productId=K9-PO-02", Target Frame=""  	[MsgId: MMSG-27994]
Starting iteration 37.	[MsgId: MMSG-15968]
Notify: Next row for parameter UserName = 1 [table  = UserName].	[MsgId: MMSG-13876]
Notify: Getting new value for parameter 'UserName': table = 'UserCredentilas1.dat' column = '0' row = '1'.	[MsgId: MMSG-13877]
Notify: Next row for parameter PetStoreEndtoEndFlow_UserName = 1 [table  = PetStoreEndtoEndFlow_UserName].	[MsgId: MMSG-13876]
Notify: Getting new value for parameter 'PetStoreEndtoEndFlow_UserName': table = 'UserCredentilas3.dat' column = '0' row = '1'.	[MsgId: MMSG-13877]
Notify: Next row for parameter PetStoreEndtoEndFlow_pass = 1 [table  = PetStoreEndtoEndFlow_pass].	[MsgId: MMSG-13876]
Notify: Getting new value for parameter 'PetStoreEndtoEndFlow_pass': table = 'UserCredentilas4.dat' column = '0' row = '1'.	[MsgId: MMSG-13877]
Notify: Next row for parameter pass = 1 [table  = pass].	[MsgId: MMSG-13876]
Notify: Getting new value for parameter 'pass': table = 'UserCredentilas2.dat' column = '0' row = '1'.	[MsgId: MMSG-13877]
Starting action Login.	[MsgId: MMSG-15919]
Registration.c(13): Notify: Transaction "PetStore_EnterToPetStore_T01" started.	[MsgId: MMSG-16999]
Registration.c(14): web_reg_find started  	[MsgId: MMSG-26355]
Registration.c(14): Registering web_reg_find was successful  	[MsgId: MMSG-26390]
Registration.c(17): web_url("Catalog.action") started  	[MsgId: MMSG-26355]
Login.c(26): Redirecting "https://petstore.octoperf.com/actions/Account.action" (redirection depth is 0)  	[MsgId: MMSG-26694]
Login.c(26): To location "https://petstore.octoperf.com/actions/Catalog.action"  	[MsgId: MMSG-26693]
AddToCard.c(58): Resource "https://petstore.octoperf.com/css/jpetstore.css" is in the cache already and will not be downloaded again  	[MsgId: MMSG-26655]
AddToCard.c(58): Resource "https://petstore.octoperf.com/images/logo-topbar.svg" is in the cache already and will not be downloaded again  	[MsgId: MMSG-26655]
AddToCard.c(58): Resource "https://petstore.octoperf.com/images/cart.gif" is in the cache already and will not be downloaded again  	[MsgId: MMSG-26655]
AddToCard.c(58): Resource "https://petstore.octoperf.com/images/separator.gif" is in the cache already and will not be downloaded again  	[MsgId: MMSG-26655]
AddToCard.c(58): Resource "https://petstore.octoperf.com/images/sm_fish.gif" is in the cache already and will not be downloaded again  	[MsgId: MMSG-26655]
AddToCard.c(58): Resource "https://petstore.octoperf.com/images/sm_dogs.gif" is in the cache already and will not be downloaded again  	[MsgId: MMSG-26655]
AddToCard.c(58): Resource "https://petstore.octoperf.com/images/sm_reptiles.gif" is in the cache already and will not be downloaded again  	[MsgId: MMSG-26655]
AddToCard.c(58): Resource "https://petstore.octoperf.com/images/sm_cats.gif" is in the cache already and will not be downloaded again  	[MsgId: MMSG-26655]
AddToCard.c(58): Resource "https://petstore.octoperf.com/images/sm_birds.gif" is in the cache already and will not be downloaded again  	[MsgId: MMSG-26655]
AddToCard.c(58): Resource "https://petstore.octoperf.com/images/banner_fish.gif" is in the cache already and will not be downloaded again  	[MsgId: MMSG-26655]
AddToCard.c(58): Notify: Saving Parameter "itemId_1 = EST-8".	[MsgId: MMSG-13798]
AddToCard.c(58): Notify: Saving Parameter "itemId_count = 1".	[MsgId: MMSG-13798]
AddToCard.c(58): Registered web_reg_find successful for "Text=K9-PO-02" (count=1)  	[MsgId: MMSG-26364]
AddToCard.c(58): web_link("{RandproductId}") was successful, 3775 body bytes, 225 header bytes  	[MsgId: MMSG-26386]
AddToCard.c(63): Notify: Transaction "PetStore_SelectProductId_T02" ended with a "Pass" status (Duration: 0.1302 Wasted Time: 0.0002).	[MsgId: MMSG-16871]
AddToCard.c(65): lr_think_time: 3.75 seconds (recorded think time was 5.00 seconds).	[MsgId: MMSG-15947]
Login.c(26): Resource "https://petstore.octoperf.com/css/jpetstore.css" is in the cache already and will not be downloaded again  	[MsgId: MMSG-26655]
Login.c(26): Resource "https://petstore.octoperf.com/images/logo-topbar.svg" is in the cache already and will not be downloaded again  	[MsgId: MMSG-26655]
Login.c(26): Resource "https://petstore.octoperf.com/images/cart.gif" is in the cache already and will not be downloaded again  	[MsgId: MMSG-26655]
Login.c(26): Resource "https://petstore.octoperf.com/images/separator.gif" is in the cache already and will not be downloaded again  	[MsgId: MMSG-26655]
Login.c(26): Resource "https://petstore.octoperf.com/images/sm_fish.gif" is in the cache already and will not be downloaded again  	[MsgId: MMSG-26655]
Login.c(26): Resource "https://petstore.octoperf.com/images/sm_dogs.gif" is in the cache already and will not be downloaded again  	[MsgId: MMSG-26655]
Login.c(26): Resource "https://petstore.octoperf.com/images/sm_reptiles.gif" is in the cache already and will not be downloaded again  	[MsgId: MMSG-26655]
Login.c(26): Resource "https://petstore.octoperf.com/images/sm_cats.gif" is in the cache already and will not be downloaded again  	[MsgId: MMSG-26655]
Login.c(26): Resource "https://petstore.octoperf.com/images/sm_birds.gif" is in the cache already and will not be downloaded again  	[MsgId: MMSG-26655]
Login.c(26): Resource "https://petstore.octoperf.com/images/fish_icon.gif" is in the cache already and will not be downloaded again  	[MsgId: MMSG-26655]
Login.c(26): Resource "https://petstore.octoperf.com/images/dogs_icon.gif" is in the cache already and will not be downloaded again  	[MsgId: MMSG-26655]
Login.c(26): Resource "https://petstore.octoperf.com/images/cats_icon.gif" is in the cache already and will not be downloaded again  	[MsgId: MMSG-26655]
Login.c(26): Resource "https://petstore.octoperf.com/images/reptiles_icon.gif" is in the cache already and will not be downloaded again  	[MsgId: MMSG-26655]
Login.c(26): Resource "https://petstore.octoperf.com/images/birds_icon.gif" is in the cache already and will not be downloaded again  	[MsgId: MMSG-26655]
Login.c(26): Resource "https://petstore.octoperf.com/images/splash.gif" is in the cache already and will not be downloaded again  	[MsgId: MMSG-26655]
Login.c(26): Found resource "https://petstore.octoperf.com/images/banner_fish.gif" in HTML "https://petstore.octoperf.com/actions/Catalog.action"  	[MsgId: MMSG-26659]
Login.c(26): Notify: Saving Parameter "ProductName_1 = BIRDS".	[MsgId: MMSG-13798]
Login.c(26): Notify: Saving Parameter "ProductName_2 = FISH".	[MsgId: MMSG-13798]
Login.c(26): Notify: Saving Parameter "ProductName_3 = DOGS".	[MsgId: MMSG-13798]
Login.c(26): Notify: Saving Parameter "ProductName_4 = REPTILES".	[MsgId: MMSG-13798]
Login.c(26): Notify: Saving Parameter "ProductName_5 = CATS".	[MsgId: MMSG-13798]
Login.c(26): Notify: Saving Parameter "ProductName_6 = BIRDS".	[MsgId: MMSG-13798]
Registration.c(137): Notify: Transaction "PetStore_SignOut_T05" started.	[MsgId: MMSG-16999]
Registration.c(139): web_reg_find started  	[MsgId: MMSG-26355]
Registration.c(139): Registering web_reg_find was successful  	[MsgId: MMSG-26390]
Registration.c(142): web_url("Account.action_2") started  	[MsgId: MMSG-26355]
Login.c(26): Notify: Saving Parameter "ProductName_count = 6".	[MsgId: MMSG-13798]
Login.c(26): Registered web_reg_find successful for "Text=My Account" (count=1)  	[MsgId: MMSG-26364]
Login.c(26): web_submit_form("Account.action") was successful, 11416 body bytes, 727 header bytes  	[MsgId: MMSG-26386]
Login.c(34): Notify: Transaction "PetStore_Login_T01" ended with a "Pass" status (Duration: 0.5110 Wasted Time: 0.0004).	[MsgId: MMSG-16871]
Ending action Login.	[MsgId: MMSG-15918]
Starting action CheckOutThProduct.	[MsgId: MMSG-15919]
AddToCard.c(8): Notify: Transaction "PetStore_AddAproduct_T01" started.	[MsgId: MMSG-16999]
AddToCard.c(11): Notify: Parameter Substitution: parameter "ProductName_count" =  "6"	[MsgId: MMSG-13992]
AddToCard.c(12): Notify: Parameter Substitution: parameter "ProductName_2" =  "FISH"	[MsgId: MMSG-13992]
AddToCard.c(14): Notify: Saving Parameter "RandCategory = FISH".	[MsgId: MMSG-13798]
AddToCard.c(15): Notify: Parameter Substitution: parameter "RandCategory" =  "FISH"	[MsgId: MMSG-13992]
AddToCard.c(15): Random category selected in Action2 = FISH	[MsgId: MMSG-17999]
AddToCard.c(17): web_reg_find started  	[MsgId: MMSG-26355]
AddToCard.c(17): Notify: Parameter Substitution: parameter "RandCategory" =  "FISH"	[MsgId: MMSG-13992]
AddToCard.c(17): Registering web_reg_find was successful  	[MsgId: MMSG-26390]
AddToCard.c(20): web_reg_save_param_regexp started  	[MsgId: MMSG-26355]
AddToCard.c(20): Registering web_reg_save_param_regexp was successful  	[MsgId: MMSG-26390]
AddToCard.c(27): web_url("Catalog.action_2") started  	[MsgId: MMSG-26355]
AddToCard.c(27): Notify: Parameter Substitution: parameter "RandCategory" =  "FISH"	[MsgId: MMSG-13992]
Registration.c(142): Redirecting "https://petstore.octoperf.com/actions/Account.action?signoff=" (redirection depth is 0)  	[MsgId: MMSG-26694]
Registration.c(142): To location "https://petstore.octoperf.com/actions/Catalog.action"  	[MsgId: MMSG-26693]
Registration.c(142): Resource "https://petstore.octoperf.com/css/jpetstore.css" is in the cache already and will not be downloaded again  	[MsgId: MMSG-26655]
Registration.c(142): Resource "https://petstore.octoperf.com/images/logo-topbar.svg" is in the cache already and will not be downloaded again  	[MsgId: MMSG-26655]
Registration.c(142): Resource "https://petstore.octoperf.com/images/cart.gif" is in the cache already and will not be downloaded again  	[MsgId: MMSG-26655]
Registration.c(142): Resource "https://petstore.octoperf.com/images/separator.gif" is in the cache already and will not be downloaded again  	[MsgId: MMSG-26655]
Registration.c(142): Resource "https://petstore.octoperf.com/images/sm_fish.gif" is in the cache already and will not be downloaded again  	[MsgId: MMSG-26655]
Registration.c(142): Resource "https://petstore.octoperf.com/images/sm_dogs.gif" is in the cache already and will not be downloaded again  	[MsgId: MMSG-26655]
Registration.c(142): Resource "https://petstore.octoperf.com/images/sm_reptiles.gif" is in the cache already and will not be downloaded again  	[MsgId: MMSG-26655]
Registration.c(142): Resource "https://petstore.octoperf.com/images/sm_cats.gif" is in the cache already and will not be downloaded again  	[MsgId: MMSG-26655]
Registration.c(142): Resource "https://petstore.octoperf.com/images/sm_birds.gif" is in the cache already and will not be downloaded again  	[MsgId: MMSG-26655]
Registration.c(142): Resource "https://petstore.octoperf.com/images/fish_icon.gif" is in the cache already and will not be downloaded again  	[MsgId: MMSG-26655]
Registration.c(142): Resource "https://petstore.octoperf.com/images/dogs_icon.gif" is in the cache already and will not be downloaded again  	[MsgId: MMSG-26655]
Registration.c(142): Resource "https://petstore.octoperf.com/images/cats_icon.gif" is in the cache already and will not be downloaded again  	[MsgId: MMSG-26655]
Registration.c(142): Resource "https://petstore.octoperf.com/images/reptiles_icon.gif" is in the cache already and will not be downloaded again  	[MsgId: MMSG-26655]
Registration.c(142): Resource "https://petstore.octoperf.com/images/birds_icon.gif" is in the cache already and will not be downloaded again  	[MsgId: MMSG-26655]
Registration.c(142): Resource "https://petstore.octoperf.com/images/splash.gif" is in the cache already and will not be downloaded again  	[MsgId: MMSG-26655]
Registration.c(142): Registered web_reg_find successful for "Text=Sign In" (count=1)  	[MsgId: MMSG-26364]
Registration.c(142): web_url("Account.action_2") was successful, 4736 body bytes, 518 header bytes  	[MsgId: MMSG-26386]
Registration.c(151): Notify: Transaction "PetStore_SignOut_T05" ended with a "Pass" status (Duration: 0.2520 Wasted Time: 0.0000).	[MsgId: MMSG-16871]
Login.c(4): Notify: Transaction "PetStore_ClickOnSignIn_T01" started.	[MsgId: MMSG-16999]
Login.c(6): web_reg_find started  	[MsgId: MMSG-26355]
Login.c(6): Registering web_reg_find was successful  	[MsgId: MMSG-26390]
Login.c(9): web_link("Sign In") started  	[MsgId: MMSG-26355]
Login.c(9): Linking to "https://petstore.octoperf.com/actions/Account.action?signonForm=", Target Frame=""  	[MsgId: MMSG-27994]
Login.c(9): Resource "https://petstore.octoperf.com/css/jpetstore.css" is in the cache already and will not be downloaded again  	[MsgId: MMSG-26655]
Login.c(9): Resource "https://petstore.octoperf.com/images/logo-topbar.svg" is in the cache already and will not be downloaded again  	[MsgId: MMSG-26655]
Login.c(9): Resource "https://petstore.octoperf.com/images/cart.gif" is in the cache already and will not be downloaded again  	[MsgId: MMSG-26655]
Login.c(9): Resource "https://petstore.octoperf.com/images/separator.gif" is in the cache already and will not be downloaded again  	[MsgId: MMSG-26655]
Login.c(9): Resource "https://petstore.octoperf.com/images/sm_fish.gif" is in the cache already and will not be downloaded again  	[MsgId: MMSG-26655]
Login.c(9): Resource "https://petstore.octoperf.com/images/sm_dogs.gif" is in the cache already and will not be downloaded again  	[MsgId: MMSG-26655]
Login.c(9): Resource "https://petstore.octoperf.com/images/sm_reptiles.gif" is in the cache already and will not be downloaded again  	[MsgId: MMSG-26655]
Login.c(9): Resource "https://petstore.octoperf.com/images/sm_cats.gif" is in the cache already and will not be downloaded again  	[MsgId: MMSG-26655]
Login.c(9): Resource "https://petstore.octoperf.com/images/sm_birds.gif" is in the cache already and will not be downloaded again  	[MsgId: MMSG-26655]
Login.c(9): Registered web_reg_find successful for "Text=Please enter your username and password" (count=1)  	[MsgId: MMSG-26364]
Login.c(9): web_link("Sign In") was successful, 3858 body bytes, 225 header bytes  	[MsgId: MMSG-26386]
Login.c(13): Notify: Transaction "PetStore_ClickOnSignIn_T01" ended with a "Pass" status (Duration: 0.1262 Wasted Time: 0.0000).	[MsgId: MMSG-16871]
Login.c(15): lr_think_time: 4.83 seconds (recorded think time was 5.00 seconds).	[MsgId: MMSG-15947]
AddToCard.c(27): Resource "https://petstore.octoperf.com/css/jpetstore.css" is in the cache already and will not be downloaded again  	[MsgId: MMSG-26655]
AddToCard.c(27): Resource "https://petstore.octoperf.com/images/logo-topbar.svg" is in the cache already and will not be downloaded again  	[MsgId: MMSG-26655]
AddToCard.c(27): Resource "https://petstore.octoperf.com/images/cart.gif" is in the cache already and will not be downloaded again  	[MsgId: MMSG-26655]
AddToCard.c(27): Resource "https://petstore.octoperf.com/images/separator.gif" is in the cache already and will not be downloaded again  	[MsgId: MMSG-26655]
AddToCard.c(27): Resource "https://petstore.octoperf.com/images/sm_fish.gif" is in the cache already and will not be downloaded again  	[MsgId: MMSG-26655]
AddToCard.c(27): Resource "https://petstore.octoperf.com/images/sm_dogs.gif" is in the cache already and will not be downloaded again  	[MsgId: MMSG-26655]
AddToCard.c(27): Resource "https://petstore.octoperf.com/images/sm_reptiles.gif" is in the cache already and will not be downloaded again  	[MsgId: MMSG-26655]
AddToCard.c(27): Resource "https://petstore.octoperf.com/images/sm_cats.gif" is in the cache already and will not be downloaded again  	[MsgId: MMSG-26655]
AddToCard.c(27): Resource "https://petstore.octoperf.com/images/sm_birds.gif" is in the cache already and will not be downloaded again  	[MsgId: MMSG-26655]
AddToCard.c(27): Resource "https://petstore.octoperf.com/images/banner_fish.gif" is in the cache already and will not be downloaded again  	[MsgId: MMSG-26655]
AddToCard.c(27): Notify: Saving Parameter "productId_1 = FI-SW-01".	[MsgId: MMSG-13798]
AddToCard.c(27): Notify: Saving Parameter "productId_2 = FI-SW-02".	[MsgId: MMSG-13798]
AddToCard.c(27): Notify: Saving Parameter "productId_3 = FI-FW-01".	[MsgId: MMSG-13798]
AddToCard.c(27): Notify: Saving Parameter "productId_4 = FI-FW-02".	[MsgId: MMSG-13798]
AddToCard.c(27): Notify: Saving Parameter "productId_count = 4".	[MsgId: MMSG-13798]
AddToCard.c(27): Registered web_reg_find successful for "Text=FISH" (count=1)  	[MsgId: MMSG-26364]
AddToCard.c(27): web_url("Catalog.action_2") was successful, 3887 body bytes, 225 header bytes  	[MsgId: MMSG-26386]
AddToCard.c(36): Notify: Transaction "PetStore_AddAproduct_T01" ended with a "Pass" status (Duration: 0.2952 Wasted Time: 0.0003).	[MsgId: MMSG-16871]
AddToCard.c(38): lr_think_time: 3.99 seconds (recorded think time was 5.00 seconds).	[MsgId: MMSG-15947]
Registration.c(17): Found resource "https://petstore.octoperf.com/css/jpetstore.css" in HTML "https://petstore.octoperf.com/actions/Catalog.action"  	[MsgId: MMSG-26659]
Registration.c(17): Found resource "https://petstore.octoperf.com/images/logo-topbar.svg" in HTML "https://petstore.octoperf.com/actions/Catalog.action"  	[MsgId: MMSG-26659]
Registration.c(17): Found resource "https://petstore.octoperf.com/images/cart.gif" in HTML "https://petstore.octoperf.com/actions/Catalog.action"  	[MsgId: MMSG-26659]
Registration.c(17): Found resource "https://petstore.octoperf.com/images/separator.gif" in HTML "https://petstore.octoperf.com/actions/Catalog.action"  	[MsgId: MMSG-26659]
Registration.c(17): Found resource "https://petstore.octoperf.com/images/sm_fish.gif" in HTML "https://petstore.octoperf.com/actions/Catalog.action"  	[MsgId: MMSG-26659]
Registration.c(17): Found resource "https://petstore.octoperf.com/images/sm_dogs.gif" in HTML "https://petstore.octoperf.com/actions/Catalog.action"  	[MsgId: MMSG-26659]
Registration.c(17): Found resource "https://petstore.octoperf.com/images/sm_reptiles.gif" in HTML "https://petstore.octoperf.com/actions/Catalog.action"  	[MsgId: MMSG-26659]
Registration.c(17): Found resource "https://petstore.octoperf.com/images/sm_cats.gif" in HTML "https://petstore.octoperf.com/actions/Catalog.action"  	[MsgId: MMSG-26659]
Registration.c(17): Found resource "https://petstore.octoperf.com/images/sm_birds.gif" in HTML "https://petstore.octoperf.com/actions/Catalog.action"  	[MsgId: MMSG-26659]
Registration.c(17): Found resource "https://petstore.octoperf.com/images/fish_icon.gif" in HTML "https://petstore.octoperf.com/actions/Catalog.action"  	[MsgId: MMSG-26659]
Registration.c(17): Found resource "https://petstore.octoperf.com/images/dogs_icon.gif" in HTML "https://petstore.octoperf.com/actions/Catalog.action"  	[MsgId: MMSG-26659]
Registration.c(17): Found resource "https://petstore.octoperf.com/images/cats_icon.gif" in HTML "https://petstore.octoperf.com/actions/Catalog.action"  	[MsgId: MMSG-26659]
Registration.c(17): Found resource "https://petstore.octoperf.com/images/reptiles_icon.gif" in HTML "https://petstore.octoperf.com/actions/Catalog.action"  	[MsgId: MMSG-26659]
Registration.c(17): Found resource "https://petstore.octoperf.com/images/birds_icon.gif" in HTML "https://petstore.octoperf.com/actions/Catalog.action"  	[MsgId: MMSG-26659]
Registration.c(17): Found resource "https://petstore.octoperf.com/images/splash.gif" in HTML "https://petstore.octoperf.com/actions/Catalog.action"  	[MsgId: MMSG-26659]
CheckOutThProduct.c(31): Notify: Transaction "PetStore_ClickOnContinue_T03" started.	[MsgId: MMSG-16999]
CheckOutThProduct.c(33): web_reg_find started  	[MsgId: MMSG-26355]
CheckOutThProduct.c(33): Registering web_reg_find was successful  	[MsgId: MMSG-26390]
CheckOutThProduct.c(36): web_submit_form("Order.action") started  	[MsgId: MMSG-26355]
CheckOutThProduct.c(36): Submitting form to "https://petstore.octoperf.com/actions/Order.action", Target Frame=""  	[MsgId: MMSG-27978]
Registration.c(137): Notify: Transaction "PetStore_SignOut_T05" started.	[MsgId: MMSG-16999]
Registration.c(139): web_reg_find started  	[MsgId: MMSG-26355]
Registration.c(139): Registering web_reg_find was successful  	[MsgId: MMSG-26390]
Registration.c(142): web_url("Account.action_2") started  	[MsgId: MMSG-26355]
Registration.c(142): Redirecting "https://petstore.octoperf.com/actions/Account.action?signoff=" (redirection depth is 0)  	[MsgId: MMSG-26694]
Registration.c(142): To location "https://petstore.octoperf.com/actions/Catalog.action"  	[MsgId: MMSG-26693]
CheckOutThProduct.c(36): Resource "https://petstore.octoperf.com/css/jpetstore.css" is in the cache already and will not be downloaded again  	[MsgId: MMSG-26655]
CheckOutThProduct.c(36): Resource "https://petstore.octoperf.com/images/logo-topbar.svg" is in the cache already and will not be downloaded again  	[MsgId: MMSG-26655]
CheckOutThProduct.c(36): Resource "https://petstore.octoperf.com/images/cart.gif" is in the cache already and will not be downloaded again  	[MsgId: MMSG-26655]
CheckOutThProduct.c(36): Resource "https://petstore.octoperf.com/images/separator.gif" is in the cache already and will not be downloaded again  	[MsgId: MMSG-26655]
CheckOutThProduct.c(36): Resource "https://petstore.octoperf.com/images/sm_fish.gif" is in the cache already and will not be downloaded again  	[MsgId: MMSG-26655]
CheckOutThProduct.c(36): Resource "https://petstore.octoperf.com/images/sm_dogs.gif" is in the cache already and will not be downloaded again  	[MsgId: MMSG-26655]
CheckOutThProduct.c(36): Resource "https://petstore.octoperf.com/images/sm_reptiles.gif" is in the cache already and will not be downloaded again  	[MsgId: MMSG-26655]
CheckOutThProduct.c(36): Resource "https://petstore.octoperf.com/images/sm_cats.gif" is in the cache already and will not be downloaded again  	[MsgId: MMSG-26655]
CheckOutThProduct.c(36): Resource "https://petstore.octoperf.com/images/sm_birds.gif" is in the cache already and will not be downloaded again  	[MsgId: MMSG-26655]
CheckOutThProduct.c(36): Resource "https://petstore.octoperf.com/images/banner_fish.gif" is in the cache already and will not be downloaded again  	[MsgId: MMSG-26655]
CheckOutThProduct.c(36): Registered web_reg_find successful for "Text=Confirm" (count=1)  	[MsgId: MMSG-26364]
CheckOutThProduct.c(36): web_submit_form("Order.action") was successful, 4526 body bytes, 225 header bytes  	[MsgId: MMSG-26386]
CheckOutThProduct.c(54): Notify: Transaction "PetStore_ClickOnContinue_T03" ended with a "Pass" status (Duration: 0.2523 Wasted Time: 0.0000).	[MsgId: MMSG-16871]
CheckOutThProduct.c(56): lr_think_time: 4.39 seconds (recorded think time was 5.00 seconds).	[MsgId: MMSG-15947]
Registration.c(142): Resource "https://petstore.octoperf.com/css/jpetstore.css" is in the cache already and will not be downloaded again  	[MsgId: MMSG-26655]
Registration.c(142): Resource "https://petstore.octoperf.com/images/logo-topbar.svg" is in the cache already and will not be downloaded again  	[MsgId: MMSG-26655]
Registration.c(142): Resource "https://petstore.octoperf.com/images/cart.gif" is in the cache already and will not be downloaded again  	[MsgId: MMSG-26655]
Registration.c(142): Resource "https://petstore.octoperf.com/images/separator.gif" is in the cache already and will not be downloaded again  	[MsgId: MMSG-26655]
Registration.c(142): Resource "https://petstore.octoperf.com/images/sm_fish.gif" is in the cache already and will not be downloaded again  	[MsgId: MMSG-26655]
Registration.c(142): Resource "https://petstore.octoperf.com/images/sm_dogs.gif" is in the cache already and will not be downloaded again  	[MsgId: MMSG-26655]
Registration.c(142): Resource "https://petstore.octoperf.com/images/sm_reptiles.gif" is in the cache already and will not be downloaded again  	[MsgId: MMSG-26655]
Registration.c(142): Resource "https://petstore.octoperf.com/images/sm_cats.gif" is in the cache already and will not be downloaded again  	[MsgId: MMSG-26655]
Registration.c(142): Resource "https://petstore.octoperf.com/images/sm_birds.gif" is in the cache already and will not be downloaded again  	[MsgId: MMSG-26655]
Registration.c(142): Resource "https://petstore.octoperf.com/images/fish_icon.gif" is in the cache already and will not be downloaded again  	[MsgId: MMSG-26655]
Registration.c(142): Resource "https://petstore.octoperf.com/images/dogs_icon.gif" is in the cache already and will not be downloaded again  	[MsgId: MMSG-26655]
Registration.c(142): Resource "https://petstore.octoperf.com/images/cats_icon.gif" is in the cache already and will not be downloaded again  	[MsgId: MMSG-26655]
Registration.c(142): Resource "https://petstore.octoperf.com/images/reptiles_icon.gif" is in the cache already and will not be downloaded again  	[MsgId: MMSG-26655]
Registration.c(142): Resource "https://petstore.octoperf.com/images/birds_icon.gif" is in the cache already and will not be downloaded again  	[MsgId: MMSG-26655]
Registration.c(142): Resource "https://petstore.octoperf.com/images/splash.gif" is in the cache already and will not be downloaded again  	[MsgId: MMSG-26655]
Registration.c(142): Registered web_reg_find successful for "Text=Sign In" (count=1)  	[MsgId: MMSG-26364]
Registration.c(142): web_url("Account.action_2") was successful, 4736 body bytes, 518 header bytes  	[MsgId: MMSG-26386]
Registration.c(151): Notify: Transaction "PetStore_SignOut_T05" ended with a "Pass" status (Duration: 0.2506 Wasted Time: 0.0000).	[MsgId: MMSG-16871]
Login.c(4): Notify: Transaction "PetStore_ClickOnSignIn_T01" started.	[MsgId: MMSG-16999]
Login.c(6): web_reg_find started  	[MsgId: MMSG-26355]
Login.c(6): Registering web_reg_find was successful  	[MsgId: MMSG-26390]
Login.c(9): web_link("Sign In") started  	[MsgId: MMSG-26355]
Login.c(9): Linking to "https://petstore.octoperf.com/actions/Account.action?signonForm=", Target Frame=""  	[MsgId: MMSG-27994]
Registration.c(17): Registered web_reg_find successful for "Text=OctoPerf" (count=1)  	[MsgId: MMSG-26364]
Registration.c(17): web_url("Catalog.action") was successful, 69386 body bytes, 4543 header bytes  	[MsgId: MMSG-26386]
Registration.c(25): Notify: Transaction "PetStore_EnterToPetStore_T01" ended with a "Pass" status (Duration: 1.1738 Wasted Time: 0.0002).	[MsgId: MMSG-16871]
Registration.c(27): lr_think_time: 4.14 seconds (recorded think time was 5.00 seconds).	[MsgId: MMSG-15947]
Login.c(9): Resource "https://petstore.octoperf.com/css/jpetstore.css" is in the cache already and will not be downloaded again  	[MsgId: MMSG-26655]
Login.c(9): Resource "https://petstore.octoperf.com/images/logo-topbar.svg" is in the cache already and will not be downloaded again  	[MsgId: MMSG-26655]
Login.c(9): Resource "https://petstore.octoperf.com/images/cart.gif" is in the cache already and will not be downloaded again  	[MsgId: MMSG-26655]
Login.c(9): Resource "https://petstore.octoperf.com/images/separator.gif" is in the cache already and will not be downloaded again  	[MsgId: MMSG-26655]
Login.c(9): Resource "https://petstore.octoperf.com/images/sm_fish.gif" is in the cache already and will not be downloaded again  	[MsgId: MMSG-26655]
Login.c(9): Resource "https://petstore.octoperf.com/images/sm_dogs.gif" is in the cache already and will not be downloaded again  	[MsgId: MMSG-26655]
Login.c(9): Resource "https://petstore.octoperf.com/images/sm_reptiles.gif" is in the cache already and will not be downloaded again  	[MsgId: MMSG-26655]
Login.c(9): Resource "https://petstore.octoperf.com/images/sm_cats.gif" is in the cache already and will not be downloaded again  	[MsgId: MMSG-26655]
Login.c(9): Resource "https://petstore.octoperf.com/images/sm_birds.gif" is in the cache already and will not be downloaded again  	[MsgId: MMSG-26655]
Login.c(9): Registered web_reg_find successful for "Text=Please enter your username and password" (count=1)  	[MsgId: MMSG-26364]
Login.c(9): web_link("Sign In") was successful, 3860 body bytes, 225 header bytes  	[MsgId: MMSG-26386]
Login.c(13): Notify: Transaction "PetStore_ClickOnSignIn_T01" ended with a "Pass" status (Duration: 0.1256 Wasted Time: 0.0000).	[MsgId: MMSG-16871]
Login.c(15): lr_think_time: 3.90 seconds (recorded think time was 5.00 seconds).	[MsgId: MMSG-15947]
Starting iteration 35.	[MsgId: MMSG-15968]
Notify: Next row for parameter UserName = 1 [table  = UserName].	[MsgId: MMSG-13876]
Notify: Getting new value for parameter 'UserName': table = 'UserCredentilas1.dat' column = '0' row = '1'.	[MsgId: MMSG-13877]
Notify: Next row for parameter PetStoreEndtoEndFlow_UserName = 1 [table  = PetStoreEndtoEndFlow_UserName].	[MsgId: MMSG-13876]
Notify: Getting new value for parameter 'PetStoreEndtoEndFlow_UserName': table = 'UserCredentilas3.dat' column = '0' row = '1'.	[MsgId: MMSG-13877]
Notify: Next row for parameter PetStoreEndtoEndFlow_pass = 1 [table  = PetStoreEndtoEndFlow_pass].	[MsgId: MMSG-13876]
Notify: Getting new value for parameter 'PetStoreEndtoEndFlow_pass': table = 'UserCredentilas4.dat' column = '0' row = '1'.	[MsgId: MMSG-13877]
Notify: Next row for parameter pass = 1 [table  = pass].	[MsgId: MMSG-13876]
Notify: Getting new value for parameter 'pass': table = 'UserCredentilas2.dat' column = '0' row = '1'.	[MsgId: MMSG-13877]
Starting action Login.	[MsgId: MMSG-15919]
Registration.c(13): Notify: Transaction "PetStore_EnterToPetStore_T01" started.	[MsgId: MMSG-16999]
Registration.c(14): web_reg_find started  	[MsgId: MMSG-26355]
Registration.c(14): Registering web_reg_find was successful  	[MsgId: MMSG-26390]
Registration.c(17): web_url("Catalog.action") started  	[MsgId: MMSG-26355]
Registration.c(17): Found resource "https://petstore.octoperf.com/css/jpetstore.css" in HTML "https://petstore.octoperf.com/actions/Catalog.action"  	[MsgId: MMSG-26659]
Registration.c(17): Found resource "https://petstore.octoperf.com/images/logo-topbar.svg" in HTML "https://petstore.octoperf.com/actions/Catalog.action"  	[MsgId: MMSG-26659]
Registration.c(17): Found resource "https://petstore.octoperf.com/images/cart.gif" in HTML "https://petstore.octoperf.com/actions/Catalog.action"  	[MsgId: MMSG-26659]
Registration.c(17): Found resource "https://petstore.octoperf.com/images/separator.gif" in HTML "https://petstore.octoperf.com/actions/Catalog.action"  	[MsgId: MMSG-26659]
Registration.c(17): Found resource "https://petstore.octoperf.com/images/sm_fish.gif" in HTML "https://petstore.octoperf.com/actions/Catalog.action"  	[MsgId: MMSG-26659]
Registration.c(17): Found resource "https://petstore.octoperf.com/images/sm_dogs.gif" in HTML "https://petstore.octoperf.com/actions/Catalog.action"  	[MsgId: MMSG-26659]
Registration.c(17): Found resource "https://petstore.octoperf.com/images/sm_reptiles.gif" in HTML "https://petstore.octoperf.com/actions/Catalog.action"  	[MsgId: MMSG-26659]
Registration.c(17): Found resource "https://petstore.octoperf.com/images/sm_cats.gif" in HTML "https://petstore.octoperf.com/actions/Catalog.action"  	[MsgId: MMSG-26659]
Registration.c(17): Found resource "https://petstore.octoperf.com/images/sm_birds.gif" in HTML "https://petstore.octoperf.com/actions/Catalog.action"  	[MsgId: MMSG-26659]
Registration.c(17): Found resource "https://petstore.octoperf.com/images/fish_icon.gif" in HTML "https://petstore.octoperf.com/actions/Catalog.action"  	[MsgId: MMSG-26659]
Registration.c(17): Found resource "https://petstore.octoperf.com/images/dogs_icon.gif" in HTML "https://petstore.octoperf.com/actions/Catalog.action"  	[MsgId: MMSG-26659]
Registration.c(17): Found resource "https://petstore.octoperf.com/images/cats_icon.gif" in HTML "https://petstore.octoperf.com/actions/Catalog.action"  	[MsgId: MMSG-26659]
Registration.c(17): Found resource "https://petstore.octoperf.com/images/reptiles_icon.gif" in HTML "https://petstore.octoperf.com/actions/Catalog.action"  	[MsgId: MMSG-26659]
Registration.c(17): Found resource "https://petstore.octoperf.com/images/birds_icon.gif" in HTML "https://petstore.octoperf.com/actions/Catalog.action"  	[MsgId: MMSG-26659]
Registration.c(17): Found resource "https://petstore.octoperf.com/images/splash.gif" in HTML "https://petstore.octoperf.com/actions/Catalog.action"  	[MsgId: MMSG-26659]
CheckOutThProduct.c(58): Notify: Transaction "PetStore_ClickOnConform_T04" started.	[MsgId: MMSG-16999]
CheckOutThProduct.c(59): web_reg_find started  	[MsgId: MMSG-26355]
CheckOutThProduct.c(59): Registering web_reg_find was successful  	[MsgId: MMSG-26390]
CheckOutThProduct.c(62): web_link("Confirm") started  	[MsgId: MMSG-26355]
CheckOutThProduct.c(62): Linking to "https://petstore.octoperf.com/actions/Order.action?newOrder=&confirmed=true", Target Frame=""  	[MsgId: MMSG-27994]
CheckOutThProduct.c(62): Resource "https://petstore.octoperf.com/css/jpetstore.css" is in the cache already and will not be downloaded again  	[MsgId: MMSG-26655]
CheckOutThProduct.c(62): Resource "https://petstore.octoperf.com/images/logo-topbar.svg" is in the cache already and will not be downloaded again  	[MsgId: MMSG-26655]
CheckOutThProduct.c(62): Resource "https://petstore.octoperf.com/images/cart.gif" is in the cache already and will not be downloaded again  	[MsgId: MMSG-26655]
CheckOutThProduct.c(62): Resource "https://petstore.octoperf.com/images/separator.gif" is in the cache already and will not be downloaded again  	[MsgId: MMSG-26655]
CheckOutThProduct.c(62): Resource "https://petstore.octoperf.com/images/sm_fish.gif" is in the cache already and will not be downloaded again  	[MsgId: MMSG-26655]
CheckOutThProduct.c(62): Resource "https://petstore.octoperf.com/images/sm_dogs.gif" is in the cache already and will not be downloaded again  	[MsgId: MMSG-26655]
CheckOutThProduct.c(62): Resource "https://petstore.octoperf.com/images/sm_reptiles.gif" is in the cache already and will not be downloaded again  	[MsgId: MMSG-26655]
CheckOutThProduct.c(62): Resource "https://petstore.octoperf.com/images/sm_cats.gif" is in the cache already and will not be downloaded again  	[MsgId: MMSG-26655]
CheckOutThProduct.c(62): Resource "https://petstore.octoperf.com/images/sm_birds.gif" is in the cache already and will not be downloaded again  	[MsgId: MMSG-26655]
CheckOutThProduct.c(62): Resource "https://petstore.octoperf.com/images/banner_fish.gif" is in the cache already and will not be downloaded again  	[MsgId: MMSG-26655]
CheckOutThProduct.c(62): Registered web_reg_find successful for "Text=Thank you, your order has been submitted" (count=1)  	[MsgId: MMSG-26364]
CheckOutThProduct.c(62): web_link("Confirm") was successful, 5230 body bytes, 225 header bytes  	[MsgId: MMSG-26386]
CheckOutThProduct.c(66): Notify: Transaction "PetStore_ClickOnConform_T04" ended with a "Pass" status (Duration: 0.1334 Wasted Time: 0.0000).	[MsgId: MMSG-16871]
Ending action CheckOutThProduct.	[MsgId: MMSG-15918]
Action was aborted.	[MsgId: MMSG-10694]
Ending Vuser...	[MsgId: MMSG-15966]
Starting action vuser_end.	[MsgId: MMSG-15919]
vuser_end.c(4): Notify: Transaction "PetStore_SignOut_T01" started.	[MsgId: MMSG-16999]
vuser_end.c(6): web_reg_find started  	[MsgId: MMSG-26355]
vuser_end.c(6): Registering web_reg_find was successful  	[MsgId: MMSG-26390]
vuser_end.c(9): web_url("Account.action_2") started  	[MsgId: MMSG-26355]
vuser_end.c(9): Redirecting "https://petstore.octoperf.com/actions/Account.action?signoff=" (redirection depth is 0)  	[MsgId: MMSG-26694]
vuser_end.c(9): To location "https://petstore.octoperf.com/actions/Catalog.action"  	[MsgId: MMSG-26693]
vuser_end.c(9): Resource "https://petstore.octoperf.com/css/jpetstore.css" is in the cache already and will not be downloaded again  	[MsgId: MMSG-26655]
vuser_end.c(9): Resource "https://petstore.octoperf.com/images/logo-topbar.svg" is in the cache already and will not be downloaded again  	[MsgId: MMSG-26655]
vuser_end.c(9): Resource "https://petstore.octoperf.com/images/cart.gif" is in the cache already and will not be downloaded again  	[MsgId: MMSG-26655]
vuser_end.c(9): Resource "https://petstore.octoperf.com/images/separator.gif" is in the cache already and will not be downloaded again  	[MsgId: MMSG-26655]
vuser_end.c(9): Resource "https://petstore.octoperf.com/images/sm_fish.gif" is in the cache already and will not be downloaded again  	[MsgId: MMSG-26655]
vuser_end.c(9): Resource "https://petstore.octoperf.com/images/sm_dogs.gif" is in the cache already and will not be downloaded again  	[MsgId: MMSG-26655]
vuser_end.c(9): Resource "https://petstore.octoperf.com/images/sm_reptiles.gif" is in the cache already and will not be downloaded again  	[MsgId: MMSG-26655]
vuser_end.c(9): Resource "https://petstore.octoperf.com/images/sm_cats.gif" is in the cache already and will not be downloaded again  	[MsgId: MMSG-26655]
vuser_end.c(9): Resource "https://petstore.octoperf.com/images/sm_birds.gif" is in the cache already and will not be downloaded again  	[MsgId: MMSG-26655]
vuser_end.c(9): Resource "https://petstore.octoperf.com/images/fish_icon.gif" is in the cache already and will not be downloaded again  	[MsgId: MMSG-26655]
vuser_end.c(9): Resource "https://petstore.octoperf.com/images/dogs_icon.gif" is in the cache already and will not be downloaded again  	[MsgId: MMSG-26655]
vuser_end.c(9): Resource "https://petstore.octoperf.com/images/cats_icon.gif" is in the cache already and will not be downloaded again  	[MsgId: MMSG-26655]
vuser_end.c(9): Resource "https://petstore.octoperf.com/images/reptiles_icon.gif" is in the cache already and will not be downloaded again  	[MsgId: MMSG-26655]
vuser_end.c(9): Resource "https://petstore.octoperf.com/images/birds_icon.gif" is in the cache already and will not be downloaded again  	[MsgId: MMSG-26655]
vuser_end.c(9): Resource "https://petstore.octoperf.com/images/splash.gif" is in the cache already and will not be downloaded again  	[MsgId: MMSG-26655]
vuser_end.c(9): Registered web_reg_find successful for "Text=Sign In" (count=1)  	[MsgId: MMSG-26364]
vuser_end.c(9): web_url("Account.action_2") was successful, 4736 body bytes, 518 header bytes  	[MsgId: MMSG-26386]
vuser_end.c(18): Notify: Transaction "PetStore_SignOut_T01" ended with a "Pass" status (Duration: 0.2553 Wasted Time: 0.0000).	[MsgId: MMSG-16871]
vuser_end.c(20): Script Exection done sucessfully	[MsgId: MMSG-17999]
vuser_end.c(21): web_cache_cleanup started  	[MsgId: MMSG-26355]
vuser_end.c(21): web_cache_cleanup was successful  	[MsgId: MMSG-26392]
vuser_end.c(22): web_cleanup_cookies started  	[MsgId: MMSG-26355]
vuser_end.c(22): web_cleanup_cookies was successful  	[MsgId: MMSG-26392]
Ending action vuser_end.	[MsgId: MMSG-15918]
Vuser Terminated.	[MsgId: MMSG-15963]
Vuser 1 (thread 4592), ended OK."	[MsgId: MMSG-10695]
Registration.c(17): Registered web_reg_find successful for "Text=OctoPerf" (count=1)  	[MsgId: MMSG-26364]
Registration.c(17): web_url("Catalog.action") was successful, 69386 body bytes, 4543 header bytes  	[MsgId: MMSG-26386]
Registration.c(25): Notify: Transaction "PetStore_EnterToPetStore_T01" ended with a "Pass" status (Duration: 1.1920 Wasted Time: 0.0001).	[MsgId: MMSG-16871]
Registration.c(27): lr_think_time: 3.02 seconds (recorded think time was 5.00 seconds).	[MsgId: MMSG-15947]
Registration.c(137): Notify: Transaction "PetStore_SignOut_T05" started.	[MsgId: MMSG-16999]
Registration.c(139): web_reg_find started  	[MsgId: MMSG-26355]
Registration.c(139): Registering web_reg_find was successful  	[MsgId: MMSG-26390]
Registration.c(142): web_url("Account.action_2") started  	[MsgId: MMSG-26355]
Registration.c(142): Redirecting "https://petstore.octoperf.com/actions/Account.action?signoff=" (redirection depth is 0)  	[MsgId: MMSG-26694]
Registration.c(142): To location "https://petstore.octoperf.com/actions/Catalog.action"  	[MsgId: MMSG-26693]
Registration.c(142): Resource "https://petstore.octoperf.com/css/jpetstore.css" is in the cache already and will not be downloaded again  	[MsgId: MMSG-26655]
Registration.c(142): Resource "https://petstore.octoperf.com/images/logo-topbar.svg" is in the cache already and will not be downloaded again  	[MsgId: MMSG-26655]
Registration.c(142): Resource "https://petstore.octoperf.com/images/cart.gif" is in the cache already and will not be downloaded again  	[MsgId: MMSG-26655]
Registration.c(142): Resource "https://petstore.octoperf.com/images/separator.gif" is in the cache already and will not be downloaded again  	[MsgId: MMSG-26655]
Registration.c(142): Resource "https://petstore.octoperf.com/images/sm_fish.gif" is in the cache already and will not be downloaded again  	[MsgId: MMSG-26655]
Registration.c(142): Resource "https://petstore.octoperf.com/images/sm_dogs.gif" is in the cache already and will not be downloaded again  	[MsgId: MMSG-26655]
Registration.c(142): Resource "https://petstore.octoperf.com/images/sm_reptiles.gif" is in the cache already and will not be downloaded again  	[MsgId: MMSG-26655]
Registration.c(142): Resource "https://petstore.octoperf.com/images/sm_cats.gif" is in the cache already and will not be downloaded again  	[MsgId: MMSG-26655]
Registration.c(142): Resource "https://petstore.octoperf.com/images/sm_birds.gif" is in the cache already and will not be downloaded again  	[MsgId: MMSG-26655]
Registration.c(142): Resource "https://petstore.octoperf.com/images/fish_icon.gif" is in the cache already and will not be downloaded again  	[MsgId: MMSG-26655]
Registration.c(142): Resource "https://petstore.octoperf.com/images/dogs_icon.gif" is in the cache already and will not be downloaded again  	[MsgId: MMSG-26655]
Registration.c(142): Resource "https://petstore.octoperf.com/images/cats_icon.gif" is in the cache already and will not be downloaded again  	[MsgId: MMSG-26655]
Registration.c(142): Resource "https://petstore.octoperf.com/images/reptiles_icon.gif" is in the cache already and will not be downloaded again  	[MsgId: MMSG-26655]
Registration.c(142): Resource "https://petstore.octoperf.com/images/birds_icon.gif" is in the cache already and will not be downloaded again  	[MsgId: MMSG-26655]
Registration.c(142): Resource "https://petstore.octoperf.com/images/splash.gif" is in the cache already and will not be downloaded again  	[MsgId: MMSG-26655]
Registration.c(142): Registered web_reg_find successful for "Text=Sign In" (count=1)  	[MsgId: MMSG-26364]
Registration.c(142): web_url("Account.action_2") was successful, 4736 body bytes, 518 header bytes  	[MsgId: MMSG-26386]
Registration.c(151): Notify: Transaction "PetStore_SignOut_T05" ended with a "Pass" status (Duration: 0.2554 Wasted Time: 0.0000).	[MsgId: MMSG-16871]
Login.c(4): Notify: Transaction "PetStore_ClickOnSignIn_T01" started.	[MsgId: MMSG-16999]
Login.c(6): web_reg_find started  	[MsgId: MMSG-26355]
Login.c(6): Registering web_reg_find was successful  	[MsgId: MMSG-26390]
Login.c(9): web_link("Sign In") started  	[MsgId: MMSG-26355]
Login.c(9): Linking to "https://petstore.octoperf.com/actions/Account.action?signonForm=", Target Frame=""  	[MsgId: MMSG-27994]
Login.c(9): Resource "https://petstore.octoperf.com/css/jpetstore.css" is in the cache already and will not be downloaded again  	[MsgId: MMSG-26655]
Login.c(9): Resource "https://petstore.octoperf.com/images/logo-topbar.svg" is in the cache already and will not be downloaded again  	[MsgId: MMSG-26655]
Login.c(9): Resource "https://petstore.octoperf.com/images/cart.gif" is in the cache already and will not be downloaded again  	[MsgId: MMSG-26655]
Login.c(9): Resource "https://petstore.octoperf.com/images/separator.gif" is in the cache already and will not be downloaded again  	[MsgId: MMSG-26655]
Login.c(9): Resource "https://petstore.octoperf.com/images/sm_fish.gif" is in the cache already and will not be downloaded again  	[MsgId: MMSG-26655]
Login.c(9): Resource "https://petstore.octoperf.com/images/sm_dogs.gif" is in the cache already and will not be downloaded again  	[MsgId: MMSG-26655]
Login.c(9): Resource "https://petstore.octoperf.com/images/sm_reptiles.gif" is in the cache already and will not be downloaded again  	[MsgId: MMSG-26655]
Login.c(9): Resource "https://petstore.octoperf.com/images/sm_cats.gif" is in the cache already and will not be downloaded again  	[MsgId: MMSG-26655]
Login.c(9): Resource "https://petstore.octoperf.com/images/sm_birds.gif" is in the cache already and will not be downloaded again  	[MsgId: MMSG-26655]
Login.c(9): Registered web_reg_find successful for "Text=Please enter your username and password" (count=1)  	[MsgId: MMSG-26364]
Login.c(9): web_link("Sign In") was successful, 3860 body bytes, 225 header bytes  	[MsgId: MMSG-26386]
Login.c(13): Notify: Transaction "PetStore_ClickOnSignIn_T01" ended with a "Pass" status (Duration: 0.1273 Wasted Time: 0.0000).	[MsgId: MMSG-16871]
Login.c(15): lr_think_time: 3.46 seconds (recorded think time was 5.00 seconds).	[MsgId: MMSG-15947]
AddToCard.c(67): Notify: Transaction "PetStore_SelectItemId_T03" started.	[MsgId: MMSG-16999]
AddToCard.c(71): Notify: Parameter Substitution: parameter "itemId_count" =  "1"	[MsgId: MMSG-13992]
AddToCard.c(72): Notify: Parameter Substitution: parameter "itemId_1" =  "EST-8"	[MsgId: MMSG-13992]
AddToCard.c(74): Notify: Saving Parameter "RanditemId = EST-8".	[MsgId: MMSG-13798]
AddToCard.c(75): Notify: Parameter Substitution: parameter "RanditemId" =  "EST-8"	[MsgId: MMSG-13992]
AddToCard.c(75): Random category selected in Action2 = EST-8	[MsgId: MMSG-17999]
AddToCard.c(77): web_reg_find started  	[MsgId: MMSG-26355]
AddToCard.c(77): Notify: Parameter Substitution: parameter "RanditemId" =  "EST-8"	[MsgId: MMSG-13992]
AddToCard.c(77): Registering web_reg_find was successful  	[MsgId: MMSG-26390]
AddToCard.c(79): web_link("{RanditemId}") started  	[MsgId: MMSG-26355]
AddToCard.c(79): Notify: Parameter Substitution: parameter "RanditemId" =  "EST-8"	[MsgId: MMSG-13992]
AddToCard.c(79): Linking to "https://petstore.octoperf.com/actions/Catalog.action?viewItem=&itemId=EST-8", Target Frame=""  	[MsgId: MMSG-27994]
AddToCard.c(79): Resource "https://petstore.octoperf.com/css/jpetstore.css" is in the cache already and will not be downloaded again  	[MsgId: MMSG-26655]
AddToCard.c(79): Resource "https://petstore.octoperf.com/images/logo-topbar.svg" is in the cache already and will not be downloaded again  	[MsgId: MMSG-26655]
AddToCard.c(79): Resource "https://petstore.octoperf.com/images/cart.gif" is in the cache already and will not be downloaded again  	[MsgId: MMSG-26655]
AddToCard.c(79): Resource "https://petstore.octoperf.com/images/separator.gif" is in the cache already and will not be downloaded again  	[MsgId: MMSG-26655]
AddToCard.c(79): Resource "https://petstore.octoperf.com/images/sm_fish.gif" is in the cache already and will not be downloaded again  	[MsgId: MMSG-26655]
AddToCard.c(79): Resource "https://petstore.octoperf.com/images/sm_dogs.gif" is in the cache already and will not be downloaded again  	[MsgId: MMSG-26655]
AddToCard.c(79): Resource "https://petstore.octoperf.com/images/sm_reptiles.gif" is in the cache already and will not be downloaded again  	[MsgId: MMSG-26655]
AddToCard.c(79): Resource "https://petstore.octoperf.com/images/sm_cats.gif" is in the cache already and will not be downloaded again  	[MsgId: MMSG-26655]
AddToCard.c(79): Resource "https://petstore.octoperf.com/images/sm_birds.gif" is in the cache already and will not be downloaded again  	[MsgId: MMSG-26655]
AddToCard.c(79): Found resource "https://petstore.octoperf.com/images/dog6.gif" in HTML "https://petstore.octoperf.com/actions/Catalog.action?viewItem=&itemId=EST-8"  	[MsgId: MMSG-26659]
AddToCard.c(79): Resource "https://petstore.octoperf.com/images/banner_fish.gif" is in the cache already and will not be downloaded again  	[MsgId: MMSG-26655]
AddToCard.c(79): Registered web_reg_find successful for "Text=EST-8" (count=2)  	[MsgId: MMSG-26364]
AddToCard.c(79): web_link("{RanditemId}") was successful, 16438 body bytes, 511 header bytes  	[MsgId: MMSG-26386]
AddToCard.c(84): Notify: Transaction "PetStore_SelectItemId_T03" ended with a "Pass" status (Duration: 0.3834 Wasted Time: 0.0000).	[MsgId: MMSG-16871]
AddToCard.c(86): lr_think_time: 4.41 seconds (recorded think time was 5.00 seconds).	[MsgId: MMSG-15947]
AddToCard.c(40): Notify: Transaction "PetStore_SelectProductId_T02" started.	[MsgId: MMSG-16999]
AddToCard.c(43): Notify: Parameter Substitution: parameter "productId_count" =  "4"	[MsgId: MMSG-13992]
AddToCard.c(44): Notify: Parameter Substitution: parameter "productId_4" =  "FI-FW-02"	[MsgId: MMSG-13992]
AddToCard.c(46): Notify: Saving Parameter "RandproductId = FI-FW-02".	[MsgId: MMSG-13798]
AddToCard.c(47): Notify: Parameter Substitution: parameter "RandproductId" =  "FI-FW-02"	[MsgId: MMSG-13992]
AddToCard.c(47): Random category selected in Action2 = FI-FW-02	[MsgId: MMSG-17999]
AddToCard.c(49): web_reg_find started  	[MsgId: MMSG-26355]
AddToCard.c(49): Notify: Parameter Substitution: parameter "RandproductId" =  "FI-FW-02"	[MsgId: MMSG-13992]
AddToCard.c(49): Registering web_reg_find was successful  	[MsgId: MMSG-26390]
AddToCard.c(51): web_reg_save_param_regexp started  	[MsgId: MMSG-26355]
AddToCard.c(51): Registering web_reg_save_param_regexp was successful  	[MsgId: MMSG-26390]
AddToCard.c(58): web_link("{RandproductId}") started  	[MsgId: MMSG-26355]
AddToCard.c(58): Notify: Parameter Substitution: parameter "RandproductId" =  "FI-FW-02"	[MsgId: MMSG-13992]
AddToCard.c(58): Linking to "https://petstore.octoperf.com/actions/Catalog.action?viewProduct=&productId=FI-FW-02", Target Frame=""  	[MsgId: MMSG-27994]
AddToCard.c(58): Resource "https://petstore.octoperf.com/css/jpetstore.css" is in the cache already and will not be downloaded again  	[MsgId: MMSG-26655]
AddToCard.c(58): Resource "https://petstore.octoperf.com/images/logo-topbar.svg" is in the cache already and will not be downloaded again  	[MsgId: MMSG-26655]
AddToCard.c(58): Resource "https://petstore.octoperf.com/images/cart.gif" is in the cache already and will not be downloaded again  	[MsgId: MMSG-26655]
AddToCard.c(58): Resource "https://petstore.octoperf.com/images/separator.gif" is in the cache already and will not be downloaded again  	[MsgId: MMSG-26655]
AddToCard.c(58): Resource "https://petstore.octoperf.com/images/sm_fish.gif" is in the cache already and will not be downloaded again  	[MsgId: MMSG-26655]
AddToCard.c(58): Resource "https://petstore.octoperf.com/images/sm_dogs.gif" is in the cache already and will not be downloaded again  	[MsgId: MMSG-26655]
AddToCard.c(58): Resource "https://petstore.octoperf.com/images/sm_reptiles.gif" is in the cache already and will not be downloaded again  	[MsgId: MMSG-26655]
AddToCard.c(58): Resource "https://petstore.octoperf.com/images/sm_cats.gif" is in the cache already and will not be downloaded again  	[MsgId: MMSG-26655]
AddToCard.c(58): Resource "https://petstore.octoperf.com/images/sm_birds.gif" is in the cache already and will not be downloaded again  	[MsgId: MMSG-26655]
AddToCard.c(58): Resource "https://petstore.octoperf.com/images/banner_fish.gif" is in the cache already and will not be downloaded again  	[MsgId: MMSG-26655]
AddToCard.c(58): Notify: Saving Parameter "itemId_1 = EST-20".	[MsgId: MMSG-13798]
AddToCard.c(58): Notify: Saving Parameter "itemId_2 = EST-21".	[MsgId: MMSG-13798]
AddToCard.c(58): Notify: Saving Parameter "itemId_count = 2".	[MsgId: MMSG-13798]
AddToCard.c(58): Registered web_reg_find successful for "Text=FI-FW-02" (count=2)  	[MsgId: MMSG-26364]
AddToCard.c(58): web_link("{RandproductId}") was successful, 4076 body bytes, 225 header bytes  	[MsgId: MMSG-26386]
AddToCard.c(63): Notify: Transaction "PetStore_SelectProductId_T02" ended with a "Pass" status (Duration: 0.1316 Wasted Time: 0.0002).	[MsgId: MMSG-16871]
AddToCard.c(65): lr_think_time: 3.54 seconds (recorded think time was 5.00 seconds).	[MsgId: MMSG-15947]
Login.c(17): Notify: Transaction "PetStore_Login_T01" started.	[MsgId: MMSG-16999]
Login.c(18): web_reg_find started  	[MsgId: MMSG-26355]
Login.c(18): Registering web_reg_find was successful  	[MsgId: MMSG-26390]
Login.c(20): web_reg_save_param_regexp started  	[MsgId: MMSG-26355]
Login.c(20): Registering web_reg_save_param_regexp was successful  	[MsgId: MMSG-26390]
Login.c(26): web_submit_form("Account.action") started  	[MsgId: MMSG-26355]
Login.c(26): Notify: Parameter Substitution: parameter "randomUsername" =  "CJBN"	[MsgId: MMSG-13992]
Login.c(26): Notify: Parameter Substitution: parameter "randompass" =  "mbpr"	[MsgId: MMSG-13992]
Login.c(26): Submitting form to "https://petstore.octoperf.com/actions/Account.action", Target Frame=""  	[MsgId: MMSG-27978]
Registration.c(29): Notify: Transaction "PetStore_ClickOnSignIn_T02" started.	[MsgId: MMSG-16999]
Registration.c(31): web_reg_find started  	[MsgId: MMSG-26355]
Registration.c(31): Registering web_reg_find was successful  	[MsgId: MMSG-26390]
Registration.c(34): web_link("Sign In") started  	[MsgId: MMSG-26355]
Registration.c(34): Linking to "https://petstore.octoperf.com/actions/Account.action;jsessionid=1FE5084B92516534264C91BDC54E33CB?signonForm=", Target Frame=""  	[MsgId: MMSG-27994]
Login.c(17): Notify: Transaction "PetStore_Login_T01" started.	[MsgId: MMSG-16999]
Login.c(18): web_reg_find started  	[MsgId: MMSG-26355]
Login.c(18): Registering web_reg_find was successful  	[MsgId: MMSG-26390]
Login.c(20): web_reg_save_param_regexp started  	[MsgId: MMSG-26355]
Login.c(20): Registering web_reg_save_param_regexp was successful  	[MsgId: MMSG-26390]
Login.c(26): web_submit_form("Account.action") started  	[MsgId: MMSG-26355]
Login.c(26): Notify: Parameter Substitution: parameter "randomUsername" =  "VPSV"	[MsgId: MMSG-13992]
Login.c(26): Notify: Parameter Substitution: parameter "randompass" =  "ccnr"	[MsgId: MMSG-13992]
Login.c(26): Submitting form to "https://petstore.octoperf.com/actions/Account.action", Target Frame=""  	[MsgId: MMSG-27978]
Login.c(26): Redirecting "https://petstore.octoperf.com/actions/Account.action" (redirection depth is 0)  	[MsgId: MMSG-26694]
Login.c(26): To location "https://petstore.octoperf.com/actions/Catalog.action"  	[MsgId: MMSG-26693]
CheckOutThProduct.c(58): Notify: Transaction "PetStore_ClickOnConform_T04" started.	[MsgId: MMSG-16999]
CheckOutThProduct.c(59): web_reg_find started  	[MsgId: MMSG-26355]
CheckOutThProduct.c(59): Registering web_reg_find was successful  	[MsgId: MMSG-26390]
CheckOutThProduct.c(62): web_link("Confirm") started  	[MsgId: MMSG-26355]
CheckOutThProduct.c(62): Linking to "https://petstore.octoperf.com/actions/Order.action?newOrder=&confirmed=true", Target Frame=""  	[MsgId: MMSG-27994]
Registration.c(34): Resource "https://petstore.octoperf.com/css/jpetstore.css" is in the cache already and will not be downloaded again  	[MsgId: MMSG-26655]
Registration.c(34): Resource "https://petstore.octoperf.com/images/logo-topbar.svg" is in the cache already and will not be downloaded again  	[MsgId: MMSG-26655]
Registration.c(34): Resource "https://petstore.octoperf.com/images/cart.gif" is in the cache already and will not be downloaded again  	[MsgId: MMSG-26655]
Registration.c(34): Resource "https://petstore.octoperf.com/images/separator.gif" is in the cache already and will not be downloaded again  	[MsgId: MMSG-26655]
Registration.c(34): Resource "https://petstore.octoperf.com/images/sm_fish.gif" is in the cache already and will not be downloaded again  	[MsgId: MMSG-26655]
Registration.c(34): Resource "https://petstore.octoperf.com/images/sm_dogs.gif" is in the cache already and will not be downloaded again  	[MsgId: MMSG-26655]
Registration.c(34): Resource "https://petstore.octoperf.com/images/sm_reptiles.gif" is in the cache already and will not be downloaded again  	[MsgId: MMSG-26655]
Registration.c(34): Resource "https://petstore.octoperf.com/images/sm_cats.gif" is in the cache already and will not be downloaded again  	[MsgId: MMSG-26655]
Registration.c(34): Resource "https://petstore.octoperf.com/images/sm_birds.gif" is in the cache already and will not be downloaded again  	[MsgId: MMSG-26655]
Registration.c(34): Registered web_reg_find successful for "Text=Please enter your username and password" (count=1)  	[MsgId: MMSG-26364]
Registration.c(34): web_link("Sign In") was successful, 3858 body bytes, 225 header bytes  	[MsgId: MMSG-26386]
Registration.c(39): Notify: Transaction "PetStore_ClickOnSignIn_T02" ended with a "Pass" status (Duration: 0.1242 Wasted Time: 0.0000).	[MsgId: MMSG-16871]
Registration.c(41): lr_think_time: 4.09 seconds (recorded think time was 5.00 seconds).	[MsgId: MMSG-15947]
Login.c(26): Resource "https://petstore.octoperf.com/css/jpetstore.css" is in the cache already and will not be downloaded again  	[MsgId: MMSG-26655]
Login.c(26): Resource "https://petstore.octoperf.com/images/logo-topbar.svg" is in the cache already and will not be downloaded again  	[MsgId: MMSG-26655]
Login.c(26): Resource "https://petstore.octoperf.com/images/cart.gif" is in the cache already and will not be downloaded again  	[MsgId: MMSG-26655]
Login.c(26): Resource "https://petstore.octoperf.com/images/separator.gif" is in the cache already and will not be downloaded again  	[MsgId: MMSG-26655]
Login.c(26): Resource "https://petstore.octoperf.com/images/sm_fish.gif" is in the cache already and will not be downloaded again  	[MsgId: MMSG-26655]
Login.c(26): Resource "https://petstore.octoperf.com/images/sm_dogs.gif" is in the cache already and will not be downloaded again  	[MsgId: MMSG-26655]
Login.c(26): Resource "https://petstore.octoperf.com/images/sm_reptiles.gif" is in the cache already and will not be downloaded again  	[MsgId: MMSG-26655]
Login.c(26): Resource "https://petstore.octoperf.com/images/sm_cats.gif" is in the cache already and will not be downloaded again  	[MsgId: MMSG-26655]
Login.c(26): Resource "https://petstore.octoperf.com/images/sm_birds.gif" is in the cache already and will not be downloaded again  	[MsgId: MMSG-26655]
Login.c(26): Resource "https://petstore.octoperf.com/images/fish_icon.gif" is in the cache already and will not be downloaded again  	[MsgId: MMSG-26655]
Login.c(26): Resource "https://petstore.octoperf.com/images/dogs_icon.gif" is in the cache already and will not be downloaded again  	[MsgId: MMSG-26655]
Login.c(26): Resource "https://petstore.octoperf.com/images/cats_icon.gif" is in the cache already and will not be downloaded again  	[MsgId: MMSG-26655]
Login.c(26): Resource "https://petstore.octoperf.com/images/reptiles_icon.gif" is in the cache already and will not be downloaded again  	[MsgId: MMSG-26655]
Login.c(26): Resource "https://petstore.octoperf.com/images/birds_icon.gif" is in the cache already and will not be downloaded again  	[MsgId: MMSG-26655]
Login.c(26): Resource "https://petstore.octoperf.com/images/splash.gif" is in the cache already and will not be downloaded again  	[MsgId: MMSG-26655]
Login.c(26): Found resource "https://petstore.octoperf.com/images/banner_fish.gif" in HTML "https://petstore.octoperf.com/actions/Catalog.action"  	[MsgId: MMSG-26659]
Login.c(26): Notify: Saving Parameter "ProductName_1 = BIRDS".	[MsgId: MMSG-13798]
Login.c(26): Notify: Saving Parameter "ProductName_2 = FISH".	[MsgId: MMSG-13798]
Login.c(26): Notify: Saving Parameter "ProductName_3 = DOGS".	[MsgId: MMSG-13798]
Login.c(26): Notify: Saving Parameter "ProductName_4 = REPTILES".	[MsgId: MMSG-13798]
Login.c(26): Notify: Saving Parameter "ProductName_5 = CATS".	[MsgId: MMSG-13798]
Login.c(26): Notify: Saving Parameter "ProductName_6 = BIRDS".	[MsgId: MMSG-13798]
CheckOutThProduct.c(62): Resource "https://petstore.octoperf.com/css/jpetstore.css" is in the cache already and will not be downloaded again  	[MsgId: MMSG-26655]
CheckOutThProduct.c(62): Resource "https://petstore.octoperf.com/images/logo-topbar.svg" is in the cache already and will not be downloaded again  	[MsgId: MMSG-26655]
CheckOutThProduct.c(62): Resource "https://petstore.octoperf.com/images/cart.gif" is in the cache already and will not be downloaded again  	[MsgId: MMSG-26655]
CheckOutThProduct.c(62): Resource "https://petstore.octoperf.com/images/separator.gif" is in the cache already and will not be downloaded again  	[MsgId: MMSG-26655]
CheckOutThProduct.c(62): Resource "https://petstore.octoperf.com/images/sm_fish.gif" is in the cache already and will not be downloaded again  	[MsgId: MMSG-26655]
CheckOutThProduct.c(62): Resource "https://petstore.octoperf.com/images/sm_dogs.gif" is in the cache already and will not be downloaded again  	[MsgId: MMSG-26655]
CheckOutThProduct.c(62): Resource "https://petstore.octoperf.com/images/sm_reptiles.gif" is in the cache already and will not be downloaded again  	[MsgId: MMSG-26655]
CheckOutThProduct.c(62): Resource "https://petstore.octoperf.com/images/sm_cats.gif" is in the cache already and will not be downloaded again  	[MsgId: MMSG-26655]
CheckOutThProduct.c(62): Resource "https://petstore.octoperf.com/images/sm_birds.gif" is in the cache already and will not be downloaded again  	[MsgId: MMSG-26655]
CheckOutThProduct.c(62): Resource "https://petstore.octoperf.com/images/banner_fish.gif" is in the cache already and will not be downloaded again  	[MsgId: MMSG-26655]
CheckOutThProduct.c(62): Registered web_reg_find successful for "Text=Thank you, your order has been submitted" (count=1)  	[MsgId: MMSG-26364]
CheckOutThProduct.c(62): web_link("Confirm") was successful, 5235 body bytes, 225 header bytes  	[MsgId: MMSG-26386]
CheckOutThProduct.c(66): Notify: Transaction "PetStore_ClickOnConform_T04" ended with a "Pass" status (Duration: 0.1312 Wasted Time: 0.0000).	[MsgId: MMSG-16871]
Ending action CheckOutThProduct.	[MsgId: MMSG-15918]
Ending iteration 35.	[MsgId: MMSG-15965]
Waiting 6.3600 seconds for iteration pacing.	[MsgId: MMSG-15996]
Login.c(26): Redirecting "https://petstore.octoperf.com/actions/Account.action" (redirection depth is 0)  	[MsgId: MMSG-26694]
Login.c(26): To location "https://petstore.octoperf.com/actions/Catalog.action"  	[MsgId: MMSG-26693]
Login.c(26): Notify: Saving Parameter "ProductName_count = 6".	[MsgId: MMSG-13798]
Login.c(26): Registered web_reg_find successful for "Text=My Account" (count=1)  	[MsgId: MMSG-26364]
Login.c(26): web_submit_form("Account.action") was successful, 11416 body bytes, 727 header bytes  	[MsgId: MMSG-26386]
Login.c(34): Notify: Transaction "PetStore_Login_T01" ended with a "Pass" status (Duration: 0.5055 Wasted Time: 0.0004).	[MsgId: MMSG-16871]
Ending action Login.	[MsgId: MMSG-15918]
Starting action CheckOutThProduct.	[MsgId: MMSG-15919]
AddToCard.c(8): Notify: Transaction "PetStore_AddAproduct_T01" started.	[MsgId: MMSG-16999]
AddToCard.c(11): Notify: Parameter Substitution: parameter "ProductName_count" =  "6"	[MsgId: MMSG-13992]
AddToCard.c(12): Notify: Parameter Substitution: parameter "ProductName_6" =  "BIRDS"	[MsgId: MMSG-13992]
AddToCard.c(14): Notify: Saving Parameter "RandCategory = BIRDS".	[MsgId: MMSG-13798]
AddToCard.c(15): Notify: Parameter Substitution: parameter "RandCategory" =  "BIRDS"	[MsgId: MMSG-13992]
AddToCard.c(15): Random category selected in Action2 = BIRDS	[MsgId: MMSG-17999]
AddToCard.c(17): web_reg_find started  	[MsgId: MMSG-26355]
AddToCard.c(17): Notify: Parameter Substitution: parameter "RandCategory" =  "BIRDS"	[MsgId: MMSG-13992]
AddToCard.c(17): Registering web_reg_find was successful  	[MsgId: MMSG-26390]
AddToCard.c(20): web_reg_save_param_regexp started  	[MsgId: MMSG-26355]
AddToCard.c(20): Registering web_reg_save_param_regexp was successful  	[MsgId: MMSG-26390]
AddToCard.c(27): web_url("Catalog.action_2") started  	[MsgId: MMSG-26355]
AddToCard.c(27): Notify: Parameter Substitution: parameter "RandCategory" =  "BIRDS"	[MsgId: MMSG-13992]
Registration.c(29): Notify: Transaction "PetStore_ClickOnSignIn_T02" started.	[MsgId: MMSG-16999]
Registration.c(31): web_reg_find started  	[MsgId: MMSG-26355]
Registration.c(31): Registering web_reg_find was successful  	[MsgId: MMSG-26390]
Registration.c(34): web_link("Sign In") started  	[MsgId: MMSG-26355]
Registration.c(34): Linking to "https://petstore.octoperf.com/actions/Account.action;jsessionid=3248897F19EA93CE0FE8E76A47D1BE32?signonForm=", Target Frame=""  	[MsgId: MMSG-27994]
Login.c(26): Resource "https://petstore.octoperf.com/css/jpetstore.css" is in the cache already and will not be downloaded again  	[MsgId: MMSG-26655]
Login.c(26): Resource "https://petstore.octoperf.com/images/logo-topbar.svg" is in the cache already and will not be downloaded again  	[MsgId: MMSG-26655]
Login.c(26): Resource "https://petstore.octoperf.com/images/cart.gif" is in the cache already and will not be downloaded again  	[MsgId: MMSG-26655]
Login.c(26): Resource "https://petstore.octoperf.com/images/separator.gif" is in the cache already and will not be downloaded again  	[MsgId: MMSG-26655]
Login.c(26): Resource "https://petstore.octoperf.com/images/sm_fish.gif" is in the cache already and will not be downloaded again  	[MsgId: MMSG-26655]
Login.c(26): Resource "https://petstore.octoperf.com/images/sm_dogs.gif" is in the cache already and will not be downloaded again  	[MsgId: MMSG-26655]
Login.c(26): Resource "https://petstore.octoperf.com/images/sm_reptiles.gif" is in the cache already and will not be downloaded again  	[MsgId: MMSG-26655]
Login.c(26): Resource "https://petstore.octoperf.com/images/sm_cats.gif" is in the cache already and will not be downloaded again  	[MsgId: MMSG-26655]
Login.c(26): Resource "https://petstore.octoperf.com/images/sm_birds.gif" is in the cache already and will not be downloaded again  	[MsgId: MMSG-26655]
Login.c(26): Resource "https://petstore.octoperf.com/images/fish_icon.gif" is in the cache already and will not be downloaded again  	[MsgId: MMSG-26655]
Login.c(26): Resource "https://petstore.octoperf.com/images/dogs_icon.gif" is in the cache already and will not be downloaded again  	[MsgId: MMSG-26655]
Login.c(26): Resource "https://petstore.octoperf.com/images/cats_icon.gif" is in the cache already and will not be downloaded again  	[MsgId: MMSG-26655]
Login.c(26): Resource "https://petstore.octoperf.com/images/reptiles_icon.gif" is in the cache already and will not be downloaded again  	[MsgId: MMSG-26655]
Login.c(26): Resource "https://petstore.octoperf.com/images/birds_icon.gif" is in the cache already and will not be downloaded again  	[MsgId: MMSG-26655]
Login.c(26): Resource "https://petstore.octoperf.com/images/splash.gif" is in the cache already and will not be downloaded again  	[MsgId: MMSG-26655]
Login.c(26): Found resource "https://petstore.octoperf.com/images/banner_fish.gif" in HTML "https://petstore.octoperf.com/actions/Catalog.action"  	[MsgId: MMSG-26659]
Login.c(26): Notify: Saving Parameter "ProductName_1 = BIRDS".	[MsgId: MMSG-13798]
Login.c(26): Notify: Saving Parameter "ProductName_2 = FISH".	[MsgId: MMSG-13798]
Login.c(26): Notify: Saving Parameter "ProductName_3 = DOGS".	[MsgId: MMSG-13798]
Login.c(26): Notify: Saving Parameter "ProductName_4 = REPTILES".	[MsgId: MMSG-13798]
Login.c(26): Notify: Saving Parameter "ProductName_5 = CATS".	[MsgId: MMSG-13798]
Login.c(26): Notify: Saving Parameter "ProductName_6 = BIRDS".	[MsgId: MMSG-13798]
Registration.c(34): Resource "https://petstore.octoperf.com/css/jpetstore.css" is in the cache already and will not be downloaded again  	[MsgId: MMSG-26655]
Registration.c(34): Resource "https://petstore.octoperf.com/images/logo-topbar.svg" is in the cache already and will not be downloaded again  	[MsgId: MMSG-26655]
Registration.c(34): Resource "https://petstore.octoperf.com/images/cart.gif" is in the cache already and will not be downloaded again  	[MsgId: MMSG-26655]
Registration.c(34): Resource "https://petstore.octoperf.com/images/separator.gif" is in the cache already and will not be downloaded again  	[MsgId: MMSG-26655]
Registration.c(34): Resource "https://petstore.octoperf.com/images/sm_fish.gif" is in the cache already and will not be downloaded again  	[MsgId: MMSG-26655]
Registration.c(34): Resource "https://petstore.octoperf.com/images/sm_dogs.gif" is in the cache already and will not be downloaded again  	[MsgId: MMSG-26655]
Registration.c(34): Resource "https://petstore.octoperf.com/images/sm_reptiles.gif" is in the cache already and will not be downloaded again  	[MsgId: MMSG-26655]
Registration.c(34): Resource "https://petstore.octoperf.com/images/sm_cats.gif" is in the cache already and will not be downloaded again  	[MsgId: MMSG-26655]
Registration.c(34): Resource "https://petstore.octoperf.com/images/sm_birds.gif" is in the cache already and will not be downloaded again  	[MsgId: MMSG-26655]
Registration.c(34): Registered web_reg_find successful for "Text=Please enter your username and password" (count=1)  	[MsgId: MMSG-26364]
Registration.c(34): web_link("Sign In") was successful, 3858 body bytes, 225 header bytes  	[MsgId: MMSG-26386]
Registration.c(39): Notify: Transaction "PetStore_ClickOnSignIn_T02" ended with a "Pass" status (Duration: 0.1281 Wasted Time: 0.0000).	[MsgId: MMSG-16871]
Registration.c(41): lr_think_time: 3.15 seconds (recorded think time was 5.00 seconds).	[MsgId: MMSG-15947]
Login.c(26): Notify: Saving Parameter "ProductName_count = 6".	[MsgId: MMSG-13798]
Login.c(26): Registered web_reg_find successful for "Text=My Account" (count=1)  	[MsgId: MMSG-26364]
Login.c(26): web_submit_form("Account.action") was successful, 11416 body bytes, 727 header bytes  	[MsgId: MMSG-26386]
Login.c(34): Notify: Transaction "PetStore_Login_T01" ended with a "Pass" status (Duration: 0.5010 Wasted Time: 0.0005).	[MsgId: MMSG-16871]
Ending action Login.	[MsgId: MMSG-15918]
Starting action CheckOutThProduct.	[MsgId: MMSG-15919]
AddToCard.c(8): Notify: Transaction "PetStore_AddAproduct_T01" started.	[MsgId: MMSG-16999]
AddToCard.c(11): Notify: Parameter Substitution: parameter "ProductName_count" =  "6"	[MsgId: MMSG-13992]
AddToCard.c(12): Notify: Parameter Substitution: parameter "ProductName_6" =  "BIRDS"	[MsgId: MMSG-13992]
AddToCard.c(14): Notify: Saving Parameter "RandCategory = BIRDS".	[MsgId: MMSG-13798]
AddToCard.c(15): Notify: Parameter Substitution: parameter "RandCategory" =  "BIRDS"	[MsgId: MMSG-13992]
AddToCard.c(15): Random category selected in Action2 = BIRDS	[MsgId: MMSG-17999]
AddToCard.c(17): web_reg_find started  	[MsgId: MMSG-26355]
AddToCard.c(17): Notify: Parameter Substitution: parameter "RandCategory" =  "BIRDS"	[MsgId: MMSG-13992]
AddToCard.c(17): Registering web_reg_find was successful  	[MsgId: MMSG-26390]
AddToCard.c(20): web_reg_save_param_regexp started  	[MsgId: MMSG-26355]
AddToCard.c(20): Registering web_reg_save_param_regexp was successful  	[MsgId: MMSG-26390]
AddToCard.c(27): web_url("Catalog.action_2") started  	[MsgId: MMSG-26355]
AddToCard.c(27): Notify: Parameter Substitution: parameter "RandCategory" =  "BIRDS"	[MsgId: MMSG-13992]
AddToCard.c(27): Resource "https://petstore.octoperf.com/css/jpetstore.css" is in the cache already and will not be downloaded again  	[MsgId: MMSG-26655]
AddToCard.c(27): Resource "https://petstore.octoperf.com/images/logo-topbar.svg" is in the cache already and will not be downloaded again  	[MsgId: MMSG-26655]
AddToCard.c(27): Resource "https://petstore.octoperf.com/images/cart.gif" is in the cache already and will not be downloaded again  	[MsgId: MMSG-26655]
AddToCard.c(27): Resource "https://petstore.octoperf.com/images/separator.gif" is in the cache already and will not be downloaded again  	[MsgId: MMSG-26655]
AddToCard.c(27): Resource "https://petstore.octoperf.com/images/sm_fish.gif" is in the cache already and will not be downloaded again  	[MsgId: MMSG-26655]
AddToCard.c(27): Resource "https://petstore.octoperf.com/images/sm_dogs.gif" is in the cache already and will not be downloaded again  	[MsgId: MMSG-26655]
AddToCard.c(27): Resource "https://petstore.octoperf.com/images/sm_reptiles.gif" is in the cache already and will not be downloaded again  	[MsgId: MMSG-26655]
AddToCard.c(27): Resource "https://petstore.octoperf.com/images/sm_cats.gif" is in the cache already and will not be downloaded again  	[MsgId: MMSG-26655]
AddToCard.c(27): Resource "https://petstore.octoperf.com/images/sm_birds.gif" is in the cache already and will not be downloaded again  	[MsgId: MMSG-26655]
AddToCard.c(27): Resource "https://petstore.octoperf.com/images/banner_fish.gif" is in the cache already and will not be downloaded again  	[MsgId: MMSG-26655]
AddToCard.c(27): Notify: Saving Parameter "productId_1 = AV-CB-01".	[MsgId: MMSG-13798]
AddToCard.c(27): Notify: Saving Parameter "productId_2 = AV-SB-02".	[MsgId: MMSG-13798]
AddToCard.c(27): Notify: Saving Parameter "productId_count = 2".	[MsgId: MMSG-13798]
AddToCard.c(27): Registered web_reg_find successful for "Text=BIRDS" (count=1)  	[MsgId: MMSG-26364]
AddToCard.c(27): web_url("Catalog.action_2") was successful, 3625 body bytes, 225 header bytes  	[MsgId: MMSG-26386]
AddToCard.c(36): Notify: Transaction "PetStore_AddAproduct_T01" ended with a "Pass" status (Duration: 0.2885 Wasted Time: 0.0002).	[MsgId: MMSG-16871]
AddToCard.c(38): lr_think_time: 4.69 seconds (recorded think time was 5.00 seconds).	[MsgId: MMSG-15947]
AddToCard.c(27): Resource "https://petstore.octoperf.com/css/jpetstore.css" is in the cache already and will not be downloaded again  	[MsgId: MMSG-26655]
AddToCard.c(27): Resource "https://petstore.octoperf.com/images/logo-topbar.svg" is in the cache already and will not be downloaded again  	[MsgId: MMSG-26655]
AddToCard.c(27): Resource "https://petstore.octoperf.com/images/cart.gif" is in the cache already and will not be downloaded again  	[MsgId: MMSG-26655]
AddToCard.c(27): Resource "https://petstore.octoperf.com/images/separator.gif" is in the cache already and will not be downloaded again  	[MsgId: MMSG-26655]
AddToCard.c(27): Resource "https://petstore.octoperf.com/images/sm_fish.gif" is in the cache already and will not be downloaded again  	[MsgId: MMSG-26655]
AddToCard.c(27): Resource "https://petstore.octoperf.com/images/sm_dogs.gif" is in the cache already and will not be downloaded again  	[MsgId: MMSG-26655]
AddToCard.c(27): Resource "https://petstore.octoperf.com/images/sm_reptiles.gif" is in the cache already and will not be downloaded again  	[MsgId: MMSG-26655]
AddToCard.c(27): Resource "https://petstore.octoperf.com/images/sm_cats.gif" is in the cache already and will not be downloaded again  	[MsgId: MMSG-26655]
AddToCard.c(27): Resource "https://petstore.octoperf.com/images/sm_birds.gif" is in the cache already and will not be downloaded again  	[MsgId: MMSG-26655]
AddToCard.c(27): Resource "https://petstore.octoperf.com/images/banner_fish.gif" is in the cache already and will not be downloaded again  	[MsgId: MMSG-26655]
AddToCard.c(27): Notify: Saving Parameter "productId_1 = AV-CB-01".	[MsgId: MMSG-13798]
AddToCard.c(27): Notify: Saving Parameter "productId_2 = AV-SB-02".	[MsgId: MMSG-13798]
AddToCard.c(27): Notify: Saving Parameter "productId_count = 2".	[MsgId: MMSG-13798]
AddToCard.c(27): Registered web_reg_find successful for "Text=BIRDS" (count=1)  	[MsgId: MMSG-26364]
AddToCard.c(27): web_url("Catalog.action_2") was successful, 3625 body bytes, 225 header bytes  	[MsgId: MMSG-26386]
AddToCard.c(36): Notify: Transaction "PetStore_AddAproduct_T01" ended with a "Pass" status (Duration: 0.2886 Wasted Time: 0.0003).	[MsgId: MMSG-16871]
AddToCard.c(38): lr_think_time: 3.11 seconds (recorded think time was 5.00 seconds).	[MsgId: MMSG-15947]
Login.c(17): Notify: Transaction "PetStore_Login_T01" started.	[MsgId: MMSG-16999]
Login.c(18): web_reg_find started  	[MsgId: MMSG-26355]
Login.c(18): Registering web_reg_find was successful  	[MsgId: MMSG-26390]
Login.c(20): web_reg_save_param_regexp started  	[MsgId: MMSG-26355]
Login.c(20): Registering web_reg_save_param_regexp was successful  	[MsgId: MMSG-26390]
Login.c(26): web_submit_form("Account.action") started  	[MsgId: MMSG-26355]
Login.c(26): Notify: Parameter Substitution: parameter "randomUsername" =  "ADXO"	[MsgId: MMSG-13992]
Login.c(26): Notify: Parameter Substitution: parameter "randompass" =  "totn"	[MsgId: MMSG-13992]
Login.c(26): Submitting form to "https://petstore.octoperf.com/actions/Account.action", Target Frame=""  	[MsgId: MMSG-27978]
Login.c(26): Redirecting "https://petstore.octoperf.com/actions/Account.action" (redirection depth is 0)  	[MsgId: MMSG-26694]
Login.c(26): To location "https://petstore.octoperf.com/actions/Catalog.action"  	[MsgId: MMSG-26693]
Login.c(26): Resource "https://petstore.octoperf.com/css/jpetstore.css" is in the cache already and will not be downloaded again  	[MsgId: MMSG-26655]
Login.c(26): Resource "https://petstore.octoperf.com/images/logo-topbar.svg" is in the cache already and will not be downloaded again  	[MsgId: MMSG-26655]
Login.c(26): Resource "https://petstore.octoperf.com/images/cart.gif" is in the cache already and will not be downloaded again  	[MsgId: MMSG-26655]
Login.c(26): Resource "https://petstore.octoperf.com/images/separator.gif" is in the cache already and will not be downloaded again  	[MsgId: MMSG-26655]
Login.c(26): Resource "https://petstore.octoperf.com/images/sm_fish.gif" is in the cache already and will not be downloaded again  	[MsgId: MMSG-26655]
Login.c(26): Resource "https://petstore.octoperf.com/images/sm_dogs.gif" is in the cache already and will not be downloaded again  	[MsgId: MMSG-26655]
Login.c(26): Resource "https://petstore.octoperf.com/images/sm_reptiles.gif" is in the cache already and will not be downloaded again  	[MsgId: MMSG-26655]
Login.c(26): Resource "https://petstore.octoperf.com/images/sm_cats.gif" is in the cache already and will not be downloaded again  	[MsgId: MMSG-26655]
Login.c(26): Resource "https://petstore.octoperf.com/images/sm_birds.gif" is in the cache already and will not be downloaded again  	[MsgId: MMSG-26655]
Login.c(26): Resource "https://petstore.octoperf.com/images/fish_icon.gif" is in the cache already and will not be downloaded again  	[MsgId: MMSG-26655]
Login.c(26): Resource "https://petstore.octoperf.com/images/dogs_icon.gif" is in the cache already and will not be downloaded again  	[MsgId: MMSG-26655]
Login.c(26): Resource "https://petstore.octoperf.com/images/cats_icon.gif" is in the cache already and will not be downloaded again  	[MsgId: MMSG-26655]
Login.c(26): Resource "https://petstore.octoperf.com/images/reptiles_icon.gif" is in the cache already and will not be downloaded again  	[MsgId: MMSG-26655]
Login.c(26): Resource "https://petstore.octoperf.com/images/birds_icon.gif" is in the cache already and will not be downloaded again  	[MsgId: MMSG-26655]
Login.c(26): Resource "https://petstore.octoperf.com/images/splash.gif" is in the cache already and will not be downloaded again  	[MsgId: MMSG-26655]
Login.c(26): Found resource "https://petstore.octoperf.com/images/banner_fish.gif" in HTML "https://petstore.octoperf.com/actions/Catalog.action"  	[MsgId: MMSG-26659]
Login.c(26): Notify: Saving Parameter "ProductName_1 = BIRDS".	[MsgId: MMSG-13798]
Login.c(26): Notify: Saving Parameter "ProductName_2 = FISH".	[MsgId: MMSG-13798]
Login.c(26): Notify: Saving Parameter "ProductName_3 = DOGS".	[MsgId: MMSG-13798]
Login.c(26): Notify: Saving Parameter "ProductName_4 = REPTILES".	[MsgId: MMSG-13798]
Login.c(26): Notify: Saving Parameter "ProductName_5 = CATS".	[MsgId: MMSG-13798]
Login.c(26): Notify: Saving Parameter "ProductName_6 = BIRDS".	[MsgId: MMSG-13798]
Login.c(26): Notify: Saving Parameter "ProductName_count = 6".	[MsgId: MMSG-13798]
Login.c(26): Registered web_reg_find successful for "Text=My Account" (count=1)  	[MsgId: MMSG-26364]
Login.c(26): web_submit_form("Account.action") was successful, 11416 body bytes, 727 header bytes  	[MsgId: MMSG-26386]
Login.c(34): Notify: Transaction "PetStore_Login_T01" ended with a "Pass" status (Duration: 0.5042 Wasted Time: 0.0004).	[MsgId: MMSG-16871]
Ending action Login.	[MsgId: MMSG-15918]
Starting action CheckOutThProduct.	[MsgId: MMSG-15919]
AddToCard.c(8): Notify: Transaction "PetStore_AddAproduct_T01" started.	[MsgId: MMSG-16999]
AddToCard.c(11): Notify: Parameter Substitution: parameter "ProductName_count" =  "6"	[MsgId: MMSG-13992]
AddToCard.c(12): Notify: Parameter Substitution: parameter "ProductName_3" =  "DOGS"	[MsgId: MMSG-13992]
AddToCard.c(14): Notify: Saving Parameter "RandCategory = DOGS".	[MsgId: MMSG-13798]
AddToCard.c(15): Notify: Parameter Substitution: parameter "RandCategory" =  "DOGS"	[MsgId: MMSG-13992]
AddToCard.c(15): Random category selected in Action2 = DOGS	[MsgId: MMSG-17999]
AddToCard.c(17): web_reg_find started  	[MsgId: MMSG-26355]
AddToCard.c(17): Notify: Parameter Substitution: parameter "RandCategory" =  "DOGS"	[MsgId: MMSG-13992]
AddToCard.c(17): Registering web_reg_find was successful  	[MsgId: MMSG-26390]
AddToCard.c(20): web_reg_save_param_regexp started  	[MsgId: MMSG-26355]
AddToCard.c(20): Registering web_reg_save_param_regexp was successful  	[MsgId: MMSG-26390]
AddToCard.c(27): web_url("Catalog.action_2") started  	[MsgId: MMSG-26355]
AddToCard.c(27): Notify: Parameter Substitution: parameter "RandCategory" =  "DOGS"	[MsgId: MMSG-13992]
AddToCard.c(27): Resource "https://petstore.octoperf.com/css/jpetstore.css" is in the cache already and will not be downloaded again  	[MsgId: MMSG-26655]
AddToCard.c(27): Resource "https://petstore.octoperf.com/images/logo-topbar.svg" is in the cache already and will not be downloaded again  	[MsgId: MMSG-26655]
AddToCard.c(27): Resource "https://petstore.octoperf.com/images/cart.gif" is in the cache already and will not be downloaded again  	[MsgId: MMSG-26655]
AddToCard.c(27): Resource "https://petstore.octoperf.com/images/separator.gif" is in the cache already and will not be downloaded again  	[MsgId: MMSG-26655]
AddToCard.c(27): Resource "https://petstore.octoperf.com/images/sm_fish.gif" is in the cache already and will not be downloaded again  	[MsgId: MMSG-26655]
AddToCard.c(27): Resource "https://petstore.octoperf.com/images/sm_dogs.gif" is in the cache already and will not be downloaded again  	[MsgId: MMSG-26655]
AddToCard.c(27): Resource "https://petstore.octoperf.com/images/sm_reptiles.gif" is in the cache already and will not be downloaded again  	[MsgId: MMSG-26655]
AddToCard.c(27): Resource "https://petstore.octoperf.com/images/sm_cats.gif" is in the cache already and will not be downloaded again  	[MsgId: MMSG-26655]
AddToCard.c(27): Resource "https://petstore.octoperf.com/images/sm_birds.gif" is in the cache already and will not be downloaded again  	[MsgId: MMSG-26655]
AddToCard.c(27): Resource "https://petstore.octoperf.com/images/banner_fish.gif" is in the cache already and will not be downloaded again  	[MsgId: MMSG-26655]
AddToCard.c(27): Notify: Saving Parameter "productId_1 = K9-BD-01".	[MsgId: MMSG-13798]
AddToCard.c(27): Notify: Saving Parameter "productId_2 = K9-PO-02".	[MsgId: MMSG-13798]
AddToCard.c(27): Notify: Saving Parameter "productId_3 = K9-DL-01".	[MsgId: MMSG-13798]
AddToCard.c(27): Notify: Saving Parameter "productId_4 = K9-RT-01".	[MsgId: MMSG-13798]
AddToCard.c(27): Notify: Saving Parameter "productId_5 = K9-RT-02".	[MsgId: MMSG-13798]
AddToCard.c(27): Notify: Saving Parameter "productId_6 = K9-CW-01".	[MsgId: MMSG-13798]
AddToCard.c(27): Notify: Saving Parameter "productId_count = 6".	[MsgId: MMSG-13798]
AddToCard.c(27): Registered web_reg_find successful for "Text=DOGS" (count=1)  	[MsgId: MMSG-26364]
AddToCard.c(27): web_url("Catalog.action_2") was successful, 4171 body bytes, 225 header bytes  	[MsgId: MMSG-26386]
AddToCard.c(36): Notify: Transaction "PetStore_AddAproduct_T01" ended with a "Pass" status (Duration: 0.2924 Wasted Time: 0.0003).	[MsgId: MMSG-16871]
AddToCard.c(38): lr_think_time: 2.95 seconds (recorded think time was 5.00 seconds).	[MsgId: MMSG-15947]
AddToCard.c(67): Notify: Transaction "PetStore_SelectItemId_T03" started.	[MsgId: MMSG-16999]
AddToCard.c(71): Notify: Parameter Substitution: parameter "itemId_count" =  "2"	[MsgId: MMSG-13992]
AddToCard.c(72): Notify: Parameter Substitution: parameter "itemId_2" =  "EST-21"	[MsgId: MMSG-13992]
AddToCard.c(74): Notify: Saving Parameter "RanditemId = EST-21".	[MsgId: MMSG-13798]
AddToCard.c(75): Notify: Parameter Substitution: parameter "RanditemId" =  "EST-21"	[MsgId: MMSG-13992]
AddToCard.c(75): Random category selected in Action2 = EST-21	[MsgId: MMSG-17999]
AddToCard.c(77): web_reg_find started  	[MsgId: MMSG-26355]
AddToCard.c(77): Notify: Parameter Substitution: parameter "RanditemId" =  "EST-21"	[MsgId: MMSG-13992]
AddToCard.c(77): Registering web_reg_find was successful  	[MsgId: MMSG-26390]
AddToCard.c(79): web_link("{RanditemId}") started  	[MsgId: MMSG-26355]
AddToCard.c(79): Notify: Parameter Substitution: parameter "RanditemId" =  "EST-21"	[MsgId: MMSG-13992]
AddToCard.c(79): Linking to "https://petstore.octoperf.com/actions/Catalog.action?viewItem=&itemId=EST-21", Target Frame=""  	[MsgId: MMSG-27994]
AddToCard.c(79): Resource "https://petstore.octoperf.com/css/jpetstore.css" is in the cache already and will not be downloaded again  	[MsgId: MMSG-26655]
AddToCard.c(79): Resource "https://petstore.octoperf.com/images/logo-topbar.svg" is in the cache already and will not be downloaded again  	[MsgId: MMSG-26655]
AddToCard.c(79): Resource "https://petstore.octoperf.com/images/cart.gif" is in the cache already and will not be downloaded again  	[MsgId: MMSG-26655]
AddToCard.c(79): Resource "https://petstore.octoperf.com/images/separator.gif" is in the cache already and will not be downloaded again  	[MsgId: MMSG-26655]
AddToCard.c(79): Resource "https://petstore.octoperf.com/images/sm_fish.gif" is in the cache already and will not be downloaded again  	[MsgId: MMSG-26655]
AddToCard.c(79): Resource "https://petstore.octoperf.com/images/sm_dogs.gif" is in the cache already and will not be downloaded again  	[MsgId: MMSG-26655]
AddToCard.c(79): Resource "https://petstore.octoperf.com/images/sm_reptiles.gif" is in the cache already and will not be downloaded again  	[MsgId: MMSG-26655]
AddToCard.c(79): Resource "https://petstore.octoperf.com/images/sm_cats.gif" is in the cache already and will not be downloaded again  	[MsgId: MMSG-26655]
AddToCard.c(79): Resource "https://petstore.octoperf.com/images/sm_birds.gif" is in the cache already and will not be downloaded again  	[MsgId: MMSG-26655]
AddToCard.c(79): Found resource "https://petstore.octoperf.com/images/fish2.gif" in HTML "https://petstore.octoperf.com/actions/Catalog.action?viewItem=&itemId=EST-21"  	[MsgId: MMSG-26659]
AddToCard.c(79): Resource "https://petstore.octoperf.com/images/banner_fish.gif" is in the cache already and will not be downloaded again  	[MsgId: MMSG-26655]
AddToCard.c(88): Notify: Transaction "PetStore_AddToCard_T04" started.	[MsgId: MMSG-16999]
AddToCard.c(90): web_reg_find started  	[MsgId: MMSG-26355]
AddToCard.c(90): Registering web_reg_find was successful  	[MsgId: MMSG-26390]
AddToCard.c(94): web_link("Add to Cart") started  	[MsgId: MMSG-26355]
AddToCard.c(94): Linking to "https://petstore.octoperf.com/actions/Cart.action?addItemToCart=&workingItemId=EST-8", Target Frame=""  	[MsgId: MMSG-27994]
AddToCard.c(79): Registered web_reg_find successful for "Text=EST-21" (count=2)  	[MsgId: MMSG-26364]
AddToCard.c(79): web_link("{RanditemId}") was successful, 17080 body bytes, 511 header bytes  	[MsgId: MMSG-26386]
AddToCard.c(84): Notify: Transaction "PetStore_SelectItemId_T03" ended with a "Pass" status (Duration: 0.3831 Wasted Time: 0.0000).	[MsgId: MMSG-16871]
AddToCard.c(86): lr_think_time: 2.61 seconds (recorded think time was 5.00 seconds).	[MsgId: MMSG-15947]
AddToCard.c(94): Resource "https://petstore.octoperf.com/css/jpetstore.css" is in the cache already and will not be downloaded again  	[MsgId: MMSG-26655]
AddToCard.c(94): Resource "https://petstore.octoperf.com/images/logo-topbar.svg" is in the cache already and will not be downloaded again  	[MsgId: MMSG-26655]
AddToCard.c(94): Resource "https://petstore.octoperf.com/images/cart.gif" is in the cache already and will not be downloaded again  	[MsgId: MMSG-26655]
AddToCard.c(94): Resource "https://petstore.octoperf.com/images/separator.gif" is in the cache already and will not be downloaded again  	[MsgId: MMSG-26655]
AddToCard.c(94): Resource "https://petstore.octoperf.com/images/sm_fish.gif" is in the cache already and will not be downloaded again  	[MsgId: MMSG-26655]
AddToCard.c(94): Resource "https://petstore.octoperf.com/images/sm_dogs.gif" is in the cache already and will not be downloaded again  	[MsgId: MMSG-26655]
AddToCard.c(94): Resource "https://petstore.octoperf.com/images/sm_reptiles.gif" is in the cache already and will not be downloaded again  	[MsgId: MMSG-26655]
AddToCard.c(94): Resource "https://petstore.octoperf.com/images/sm_cats.gif" is in the cache already and will not be downloaded again  	[MsgId: MMSG-26655]
AddToCard.c(94): Resource "https://petstore.octoperf.com/images/sm_birds.gif" is in the cache already and will not be downloaded again  	[MsgId: MMSG-26655]
AddToCard.c(94): Resource "https://petstore.octoperf.com/images/banner_fish.gif" is in the cache already and will not be downloaded again  	[MsgId: MMSG-26655]
AddToCard.c(94): Registered web_reg_find successful for "Text=Shopping Cart" (count=1)  	[MsgId: MMSG-26364]
AddToCard.c(94): web_link("Add to Cart") was successful, 4629 body bytes, 225 header bytes  	[MsgId: MMSG-26386]
AddToCard.c(99): Notify: Transaction "PetStore_AddToCard_T04" ended with a "Pass" status (Duration: 0.1327 Wasted Time: 0.0000).	[MsgId: MMSG-16871]
CheckOutThProduct.c(4): Notify: Transaction "PetStore_ClickOnViewCart_T01" started.	[MsgId: MMSG-16999]
CheckOutThProduct.c(5): web_reg_find started  	[MsgId: MMSG-26355]
CheckOutThProduct.c(5): Registering web_reg_find was successful  	[MsgId: MMSG-26390]
CheckOutThProduct.c(7): web_url("Cart.action_4") started  	[MsgId: MMSG-26355]
CheckOutThProduct.c(7): Resource "https://petstore.octoperf.com/css/jpetstore.css" is in the cache already and will not be downloaded again  	[MsgId: MMSG-26655]
CheckOutThProduct.c(7): Resource "https://petstore.octoperf.com/images/logo-topbar.svg" is in the cache already and will not be downloaded again  	[MsgId: MMSG-26655]
CheckOutThProduct.c(7): Resource "https://petstore.octoperf.com/images/cart.gif" is in the cache already and will not be downloaded again  	[MsgId: MMSG-26655]
CheckOutThProduct.c(7): Resource "https://petstore.octoperf.com/images/separator.gif" is in the cache already and will not be downloaded again  	[MsgId: MMSG-26655]
CheckOutThProduct.c(7): Resource "https://petstore.octoperf.com/images/sm_fish.gif" is in the cache already and will not be downloaded again  	[MsgId: MMSG-26655]
CheckOutThProduct.c(7): Resource "https://petstore.octoperf.com/images/sm_dogs.gif" is in the cache already and will not be downloaded again  	[MsgId: MMSG-26655]
CheckOutThProduct.c(7): Resource "https://petstore.octoperf.com/images/sm_reptiles.gif" is in the cache already and will not be downloaded again  	[MsgId: MMSG-26655]
CheckOutThProduct.c(7): Resource "https://petstore.octoperf.com/images/sm_cats.gif" is in the cache already and will not be downloaded again  	[MsgId: MMSG-26655]
CheckOutThProduct.c(7): Resource "https://petstore.octoperf.com/images/sm_birds.gif" is in the cache already and will not be downloaded again  	[MsgId: MMSG-26655]
CheckOutThProduct.c(7): Resource "https://petstore.octoperf.com/images/banner_fish.gif" is in the cache already and will not be downloaded again  	[MsgId: MMSG-26655]
CheckOutThProduct.c(7): Registered web_reg_find successful for "Text=Shopping Cart" (count=1)  	[MsgId: MMSG-26364]
CheckOutThProduct.c(7): web_url("Cart.action_4") was successful, 4629 body bytes, 225 header bytes  	[MsgId: MMSG-26386]
CheckOutThProduct.c(15): Notify: Transaction "PetStore_ClickOnViewCart_T01" ended with a "Pass" status (Duration: 0.1330 Wasted Time: 0.0000).	[MsgId: MMSG-16871]
CheckOutThProduct.c(17): lr_think_time: 3.10 seconds (recorded think time was 5.00 seconds).	[MsgId: MMSG-15947]
Registration.c(43): Notify: Transaction "PetStore_ClickOnRegistration_T03" started.	[MsgId: MMSG-16999]
Registration.c(45): web_reg_find started  	[MsgId: MMSG-26355]
Registration.c(45): Registering web_reg_find was successful  	[MsgId: MMSG-26390]
Registration.c(48): web_link("Register Now!") started  	[MsgId: MMSG-26355]
Registration.c(48): Linking to "https://petstore.octoperf.com/actions/Account.action?newAccountForm=", Target Frame=""  	[MsgId: MMSG-27994]
Registration.c(48): Resource "https://petstore.octoperf.com/css/jpetstore.css" is in the cache already and will not be downloaded again  	[MsgId: MMSG-26655]
Registration.c(48): Resource "https://petstore.octoperf.com/images/logo-topbar.svg" is in the cache already and will not be downloaded again  	[MsgId: MMSG-26655]
Registration.c(48): Resource "https://petstore.octoperf.com/images/cart.gif" is in the cache already and will not be downloaded again  	[MsgId: MMSG-26655]
Registration.c(48): Resource "https://petstore.octoperf.com/images/separator.gif" is in the cache already and will not be downloaded again  	[MsgId: MMSG-26655]
Registration.c(48): Resource "https://petstore.octoperf.com/images/sm_fish.gif" is in the cache already and will not be downloaded again  	[MsgId: MMSG-26655]
Registration.c(48): Resource "https://petstore.octoperf.com/images/sm_dogs.gif" is in the cache already and will not be downloaded again  	[MsgId: MMSG-26655]
Registration.c(48): Resource "https://petstore.octoperf.com/images/sm_reptiles.gif" is in the cache already and will not be downloaded again  	[MsgId: MMSG-26655]
Registration.c(48): Resource "https://petstore.octoperf.com/images/sm_cats.gif" is in the cache already and will not be downloaded again  	[MsgId: MMSG-26655]
Registration.c(48): Resource "https://petstore.octoperf.com/images/sm_birds.gif" is in the cache already and will not be downloaded again  	[MsgId: MMSG-26655]
Registration.c(48): Registered web_reg_find successful for "Text=User Information" (count=1)  	[MsgId: MMSG-26364]
Registration.c(48): web_link("Register Now!") was successful, 5821 body bytes, 225 header bytes  	[MsgId: MMSG-26386]
Registration.c(53): Notify: Transaction "PetStore_ClickOnRegistration_T03" ended with a "Pass" status (Duration: 0.1291 Wasted Time: 0.0000).	[MsgId: MMSG-16871]
Registration.c(55): lr_think_time: 2.89 seconds (recorded think time was 5.00 seconds).	[MsgId: MMSG-15947]
AddToCard.c(40): Notify: Transaction "PetStore_SelectProductId_T02" started.	[MsgId: MMSG-16999]
AddToCard.c(43): Notify: Parameter Substitution: parameter "productId_count" =  "2"	[MsgId: MMSG-13992]
AddToCard.c(44): Notify: Parameter Substitution: parameter "productId_1" =  "AV-CB-01"	[MsgId: MMSG-13992]
AddToCard.c(46): Notify: Saving Parameter "RandproductId = AV-CB-01".	[MsgId: MMSG-13798]
AddToCard.c(47): Notify: Parameter Substitution: parameter "RandproductId" =  "AV-CB-01"	[MsgId: MMSG-13992]
AddToCard.c(47): Random category selected in Action2 = AV-CB-01	[MsgId: MMSG-17999]
AddToCard.c(49): web_reg_find started  	[MsgId: MMSG-26355]
AddToCard.c(49): Notify: Parameter Substitution: parameter "RandproductId" =  "AV-CB-01"	[MsgId: MMSG-13992]
AddToCard.c(49): Registering web_reg_find was successful  	[MsgId: MMSG-26390]
AddToCard.c(51): web_reg_save_param_regexp started  	[MsgId: MMSG-26355]
AddToCard.c(51): Registering web_reg_save_param_regexp was successful  	[MsgId: MMSG-26390]
AddToCard.c(58): web_link("{RandproductId}") started  	[MsgId: MMSG-26355]
AddToCard.c(58): Notify: Parameter Substitution: parameter "RandproductId" =  "AV-CB-01"	[MsgId: MMSG-13992]
AddToCard.c(58): Linking to "https://petstore.octoperf.com/actions/Catalog.action?viewProduct=&productId=AV-CB-01", Target Frame=""  	[MsgId: MMSG-27994]
AddToCard.c(58): Resource "https://petstore.octoperf.com/css/jpetstore.css" is in the cache already and will not be downloaded again  	[MsgId: MMSG-26655]
AddToCard.c(58): Resource "https://petstore.octoperf.com/images/logo-topbar.svg" is in the cache already and will not be downloaded again  	[MsgId: MMSG-26655]
AddToCard.c(58): Resource "https://petstore.octoperf.com/images/cart.gif" is in the cache already and will not be downloaded again  	[MsgId: MMSG-26655]
AddToCard.c(58): Resource "https://petstore.octoperf.com/images/separator.gif" is in the cache already and will not be downloaded again  	[MsgId: MMSG-26655]
AddToCard.c(58): Resource "https://petstore.octoperf.com/images/sm_fish.gif" is in the cache already and will not be downloaded again  	[MsgId: MMSG-26655]
AddToCard.c(58): Resource "https://petstore.octoperf.com/images/sm_dogs.gif" is in the cache already and will not be downloaded again  	[MsgId: MMSG-26655]
AddToCard.c(58): Resource "https://petstore.octoperf.com/images/sm_reptiles.gif" is in the cache already and will not be downloaded again  	[MsgId: MMSG-26655]
AddToCard.c(58): Resource "https://petstore.octoperf.com/images/sm_cats.gif" is in the cache already and will not be downloaded again  	[MsgId: MMSG-26655]
AddToCard.c(58): Resource "https://petstore.octoperf.com/images/sm_birds.gif" is in the cache already and will not be downloaded again  	[MsgId: MMSG-26655]
AddToCard.c(58): Resource "https://petstore.octoperf.com/images/banner_fish.gif" is in the cache already and will not be downloaded again  	[MsgId: MMSG-26655]
AddToCard.c(58): Notify: Saving Parameter "itemId_1 = EST-18".	[MsgId: MMSG-13798]
AddToCard.c(58): Notify: Saving Parameter "itemId_count = 1".	[MsgId: MMSG-13798]
AddToCard.c(58): Registered web_reg_find successful for "Text=AV-CB-01" (count=1)  	[MsgId: MMSG-26364]
AddToCard.c(58): web_link("{RandproductId}") was successful, 3795 body bytes, 225 header bytes  	[MsgId: MMSG-26386]
AddToCard.c(63): Notify: Transaction "PetStore_SelectProductId_T02" ended with a "Pass" status (Duration: 0.1274 Wasted Time: 0.0002).	[MsgId: MMSG-16871]
AddToCard.c(65): lr_think_time: 3.13 seconds (recorded think time was 5.00 seconds).	[MsgId: MMSG-15947]
Registration.c(43): Notify: Transaction "PetStore_ClickOnRegistration_T03" started.	[MsgId: MMSG-16999]
Registration.c(45): web_reg_find started  	[MsgId: MMSG-26355]
Registration.c(45): Registering web_reg_find was successful  	[MsgId: MMSG-26390]
Registration.c(48): web_link("Register Now!") started  	[MsgId: MMSG-26355]
Registration.c(48): Linking to "https://petstore.octoperf.com/actions/Account.action?newAccountForm=", Target Frame=""  	[MsgId: MMSG-27994]
Registration.c(48): Resource "https://petstore.octoperf.com/css/jpetstore.css" is in the cache already and will not be downloaded again  	[MsgId: MMSG-26655]
Registration.c(48): Resource "https://petstore.octoperf.com/images/logo-topbar.svg" is in the cache already and will not be downloaded again  	[MsgId: MMSG-26655]
Registration.c(48): Resource "https://petstore.octoperf.com/images/cart.gif" is in the cache already and will not be downloaded again  	[MsgId: MMSG-26655]
Registration.c(48): Resource "https://petstore.octoperf.com/images/separator.gif" is in the cache already and will not be downloaded again  	[MsgId: MMSG-26655]
Registration.c(48): Resource "https://petstore.octoperf.com/images/sm_fish.gif" is in the cache already and will not be downloaded again  	[MsgId: MMSG-26655]
Registration.c(48): Resource "https://petstore.octoperf.com/images/sm_dogs.gif" is in the cache already and will not be downloaded again  	[MsgId: MMSG-26655]
Registration.c(48): Resource "https://petstore.octoperf.com/images/sm_reptiles.gif" is in the cache already and will not be downloaded again  	[MsgId: MMSG-26655]
Registration.c(48): Resource "https://petstore.octoperf.com/images/sm_cats.gif" is in the cache already and will not be downloaded again  	[MsgId: MMSG-26655]
Registration.c(48): Resource "https://petstore.octoperf.com/images/sm_birds.gif" is in the cache already and will not be downloaded again  	[MsgId: MMSG-26655]
Registration.c(48): Registered web_reg_find successful for "Text=User Information" (count=1)  	[MsgId: MMSG-26364]
Registration.c(48): web_link("Register Now!") was successful, 5821 body bytes, 225 header bytes  	[MsgId: MMSG-26386]
Registration.c(53): Notify: Transaction "PetStore_ClickOnRegistration_T03" ended with a "Pass" status (Duration: 0.1258 Wasted Time: 0.0000).	[MsgId: MMSG-16871]
Registration.c(55): lr_think_time: 4.65 seconds (recorded think time was 5.00 seconds).	[MsgId: MMSG-15947]
AddToCard.c(40): Notify: Transaction "PetStore_SelectProductId_T02" started.	[MsgId: MMSG-16999]
AddToCard.c(43): Notify: Parameter Substitution: parameter "productId_count" =  "2"	[MsgId: MMSG-13992]
AddToCard.c(44): Notify: Parameter Substitution: parameter "productId_2" =  "AV-SB-02"	[MsgId: MMSG-13992]
AddToCard.c(46): Notify: Saving Parameter "RandproductId = AV-SB-02".	[MsgId: MMSG-13798]
AddToCard.c(47): Notify: Parameter Substitution: parameter "RandproductId" =  "AV-SB-02"	[MsgId: MMSG-13992]
AddToCard.c(47): Random category selected in Action2 = AV-SB-02	[MsgId: MMSG-17999]
AddToCard.c(49): web_reg_find started  	[MsgId: MMSG-26355]
AddToCard.c(49): Notify: Parameter Substitution: parameter "RandproductId" =  "AV-SB-02"	[MsgId: MMSG-13992]
AddToCard.c(49): Registering web_reg_find was successful  	[MsgId: MMSG-26390]
AddToCard.c(51): web_reg_save_param_regexp started  	[MsgId: MMSG-26355]
AddToCard.c(51): Registering web_reg_save_param_regexp was successful  	[MsgId: MMSG-26390]
AddToCard.c(58): web_link("{RandproductId}") started  	[MsgId: MMSG-26355]
AddToCard.c(58): Notify: Parameter Substitution: parameter "RandproductId" =  "AV-SB-02"	[MsgId: MMSG-13992]
AddToCard.c(58): Linking to "https://petstore.octoperf.com/actions/Catalog.action?viewProduct=&productId=AV-SB-02", Target Frame=""  	[MsgId: MMSG-27994]
AddToCard.c(58): Resource "https://petstore.octoperf.com/css/jpetstore.css" is in the cache already and will not be downloaded again  	[MsgId: MMSG-26655]
AddToCard.c(58): Resource "https://petstore.octoperf.com/images/logo-topbar.svg" is in the cache already and will not be downloaded again  	[MsgId: MMSG-26655]
AddToCard.c(58): Resource "https://petstore.octoperf.com/images/cart.gif" is in the cache already and will not be downloaded again  	[MsgId: MMSG-26655]
AddToCard.c(58): Resource "https://petstore.octoperf.com/images/separator.gif" is in the cache already and will not be downloaded again  	[MsgId: MMSG-26655]
AddToCard.c(58): Resource "https://petstore.octoperf.com/images/sm_fish.gif" is in the cache already and will not be downloaded again  	[MsgId: MMSG-26655]
AddToCard.c(58): Resource "https://petstore.octoperf.com/images/sm_dogs.gif" is in the cache already and will not be downloaded again  	[MsgId: MMSG-26655]
AddToCard.c(58): Resource "https://petstore.octoperf.com/images/sm_reptiles.gif" is in the cache already and will not be downloaded again  	[MsgId: MMSG-26655]
AddToCard.c(58): Resource "https://petstore.octoperf.com/images/sm_cats.gif" is in the cache already and will not be downloaded again  	[MsgId: MMSG-26655]
AddToCard.c(58): Resource "https://petstore.octoperf.com/images/sm_birds.gif" is in the cache already and will not be downloaded again  	[MsgId: MMSG-26655]
AddToCard.c(58): Resource "https://petstore.octoperf.com/images/banner_fish.gif" is in the cache already and will not be downloaded again  	[MsgId: MMSG-26655]
AddToCard.c(58): Notify: Saving Parameter "itemId_1 = EST-19".	[MsgId: MMSG-13798]
AddToCard.c(58): Notify: Saving Parameter "itemId_count = 1".	[MsgId: MMSG-13798]
AddToCard.c(58): Registered web_reg_find successful for "Text=AV-SB-02" (count=1)  	[MsgId: MMSG-26364]
AddToCard.c(58): web_link("{RandproductId}") was successful, 3778 body bytes, 225 header bytes  	[MsgId: MMSG-26386]
AddToCard.c(63): Notify: Transaction "PetStore_SelectProductId_T02" ended with a "Pass" status (Duration: 0.1296 Wasted Time: 0.0003).	[MsgId: MMSG-16871]
AddToCard.c(65): lr_think_time: 4.05 seconds (recorded think time was 5.00 seconds).	[MsgId: MMSG-15947]
AddToCard.c(40): Notify: Transaction "PetStore_SelectProductId_T02" started.	[MsgId: MMSG-16999]
AddToCard.c(43): Notify: Parameter Substitution: parameter "productId_count" =  "6"	[MsgId: MMSG-13992]
AddToCard.c(44): Notify: Parameter Substitution: parameter "productId_3" =  "K9-DL-01"	[MsgId: MMSG-13992]
AddToCard.c(46): Notify: Saving Parameter "RandproductId = K9-DL-01".	[MsgId: MMSG-13798]
AddToCard.c(47): Notify: Parameter Substitution: parameter "RandproductId" =  "K9-DL-01"	[MsgId: MMSG-13992]
AddToCard.c(47): Random category selected in Action2 = K9-DL-01	[MsgId: MMSG-17999]
AddToCard.c(49): web_reg_find started  	[MsgId: MMSG-26355]
AddToCard.c(49): Notify: Parameter Substitution: parameter "RandproductId" =  "K9-DL-01"	[MsgId: MMSG-13992]
AddToCard.c(49): Registering web_reg_find was successful  	[MsgId: MMSG-26390]
AddToCard.c(51): web_reg_save_param_regexp started  	[MsgId: MMSG-26355]
AddToCard.c(51): Registering web_reg_save_param_regexp was successful  	[MsgId: MMSG-26390]
AddToCard.c(58): web_link("{RandproductId}") started  	[MsgId: MMSG-26355]
AddToCard.c(58): Notify: Parameter Substitution: parameter "RandproductId" =  "K9-DL-01"	[MsgId: MMSG-13992]
AddToCard.c(58): Linking to "https://petstore.octoperf.com/actions/Catalog.action?viewProduct=&productId=K9-DL-01", Target Frame=""  	[MsgId: MMSG-27994]
AddToCard.c(58): Resource "https://petstore.octoperf.com/css/jpetstore.css" is in the cache already and will not be downloaded again  	[MsgId: MMSG-26655]
AddToCard.c(58): Resource "https://petstore.octoperf.com/images/logo-topbar.svg" is in the cache already and will not be downloaded again  	[MsgId: MMSG-26655]
AddToCard.c(58): Resource "https://petstore.octoperf.com/images/cart.gif" is in the cache already and will not be downloaded again  	[MsgId: MMSG-26655]
AddToCard.c(58): Resource "https://petstore.octoperf.com/images/separator.gif" is in the cache already and will not be downloaded again  	[MsgId: MMSG-26655]
AddToCard.c(58): Resource "https://petstore.octoperf.com/images/sm_fish.gif" is in the cache already and will not be downloaded again  	[MsgId: MMSG-26655]
AddToCard.c(58): Resource "https://petstore.octoperf.com/images/sm_dogs.gif" is in the cache already and will not be downloaded again  	[MsgId: MMSG-26655]
AddToCard.c(58): Resource "https://petstore.octoperf.com/images/sm_reptiles.gif" is in the cache already and will not be downloaded again  	[MsgId: MMSG-26655]
AddToCard.c(58): Resource "https://petstore.octoperf.com/images/sm_cats.gif" is in the cache already and will not be downloaded again  	[MsgId: MMSG-26655]
AddToCard.c(58): Resource "https://petstore.octoperf.com/images/sm_birds.gif" is in the cache already and will not be downloaded again  	[MsgId: MMSG-26655]
AddToCard.c(58): Resource "https://petstore.octoperf.com/images/banner_fish.gif" is in the cache already and will not be downloaded again  	[MsgId: MMSG-26655]
AddToCard.c(58): Notify: Saving Parameter "itemId_1 = EST-9".	[MsgId: MMSG-13798]
AddToCard.c(58): Notify: Saving Parameter "itemId_2 = EST-10".	[MsgId: MMSG-13798]
AddToCard.c(58): Notify: Saving Parameter "itemId_count = 2".	[MsgId: MMSG-13798]
AddToCard.c(58): Registered web_reg_find successful for "Text=K9-DL-01" (count=2)  	[MsgId: MMSG-26364]
AddToCard.c(58): web_link("{RandproductId}") was successful, 4095 body bytes, 225 header bytes  	[MsgId: MMSG-26386]
AddToCard.c(63): Notify: Transaction "PetStore_SelectProductId_T02" ended with a "Pass" status (Duration: 0.1292 Wasted Time: 0.0002).	[MsgId: MMSG-16871]
AddToCard.c(65): lr_think_time: 3.50 seconds (recorded think time was 5.00 seconds).	[MsgId: MMSG-15947]
AddToCard.c(88): Notify: Transaction "PetStore_AddToCard_T04" started.	[MsgId: MMSG-16999]
AddToCard.c(90): web_reg_find started  	[MsgId: MMSG-26355]
AddToCard.c(90): Registering web_reg_find was successful  	[MsgId: MMSG-26390]
AddToCard.c(94): web_link("Add to Cart") started  	[MsgId: MMSG-26355]
AddToCard.c(94): Linking to "https://petstore.octoperf.com/actions/Cart.action?addItemToCart=&workingItemId=EST-21", Target Frame=""  	[MsgId: MMSG-27994]
AddToCard.c(94): Resource "https://petstore.octoperf.com/css/jpetstore.css" is in the cache already and will not be downloaded again  	[MsgId: MMSG-26655]
AddToCard.c(94): Resource "https://petstore.octoperf.com/images/logo-topbar.svg" is in the cache already and will not be downloaded again  	[MsgId: MMSG-26655]
AddToCard.c(94): Resource "https://petstore.octoperf.com/images/cart.gif" is in the cache already and will not be downloaded again  	[MsgId: MMSG-26655]
AddToCard.c(94): Resource "https://petstore.octoperf.com/images/separator.gif" is in the cache already and will not be downloaded again  	[MsgId: MMSG-26655]
AddToCard.c(94): Resource "https://petstore.octoperf.com/images/sm_fish.gif" is in the cache already and will not be downloaded again  	[MsgId: MMSG-26655]
AddToCard.c(94): Resource "https://petstore.octoperf.com/images/sm_dogs.gif" is in the cache already and will not be downloaded again  	[MsgId: MMSG-26655]
AddToCard.c(94): Resource "https://petstore.octoperf.com/images/sm_reptiles.gif" is in the cache already and will not be downloaded again  	[MsgId: MMSG-26655]
AddToCard.c(94): Resource "https://petstore.octoperf.com/images/sm_cats.gif" is in the cache already and will not be downloaded again  	[MsgId: MMSG-26655]
AddToCard.c(94): Resource "https://petstore.octoperf.com/images/sm_birds.gif" is in the cache already and will not be downloaded again  	[MsgId: MMSG-26655]
AddToCard.c(94): Resource "https://petstore.octoperf.com/images/banner_fish.gif" is in the cache already and will not be downloaded again  	[MsgId: MMSG-26655]
AddToCard.c(94): Registered web_reg_find successful for "Text=Shopping Cart" (count=1)  	[MsgId: MMSG-26364]
AddToCard.c(94): web_link("Add to Cart") was successful, 4634 body bytes, 225 header bytes  	[MsgId: MMSG-26386]
AddToCard.c(99): Notify: Transaction "PetStore_AddToCard_T04" ended with a "Pass" status (Duration: 0.1287 Wasted Time: 0.0000).	[MsgId: MMSG-16871]
CheckOutThProduct.c(4): Notify: Transaction "PetStore_ClickOnViewCart_T01" started.	[MsgId: MMSG-16999]
CheckOutThProduct.c(5): web_reg_find started  	[MsgId: MMSG-26355]
CheckOutThProduct.c(5): Registering web_reg_find was successful  	[MsgId: MMSG-26390]
CheckOutThProduct.c(7): web_url("Cart.action_4") started  	[MsgId: MMSG-26355]
CheckOutThProduct.c(7): Resource "https://petstore.octoperf.com/css/jpetstore.css" is in the cache already and will not be downloaded again  	[MsgId: MMSG-26655]
CheckOutThProduct.c(7): Resource "https://petstore.octoperf.com/images/logo-topbar.svg" is in the cache already and will not be downloaded again  	[MsgId: MMSG-26655]
CheckOutThProduct.c(7): Resource "https://petstore.octoperf.com/images/cart.gif" is in the cache already and will not be downloaded again  	[MsgId: MMSG-26655]
CheckOutThProduct.c(7): Resource "https://petstore.octoperf.com/images/separator.gif" is in the cache already and will not be downloaded again  	[MsgId: MMSG-26655]
CheckOutThProduct.c(7): Resource "https://petstore.octoperf.com/images/sm_fish.gif" is in the cache already and will not be downloaded again  	[MsgId: MMSG-26655]
CheckOutThProduct.c(7): Resource "https://petstore.octoperf.com/images/sm_dogs.gif" is in the cache already and will not be downloaded again  	[MsgId: MMSG-26655]
CheckOutThProduct.c(7): Resource "https://petstore.octoperf.com/images/sm_reptiles.gif" is in the cache already and will not be downloaded again  	[MsgId: MMSG-26655]
CheckOutThProduct.c(7): Resource "https://petstore.octoperf.com/images/sm_cats.gif" is in the cache already and will not be downloaded again  	[MsgId: MMSG-26655]
CheckOutThProduct.c(7): Resource "https://petstore.octoperf.com/images/sm_birds.gif" is in the cache already and will not be downloaded again  	[MsgId: MMSG-26655]
CheckOutThProduct.c(7): Resource "https://petstore.octoperf.com/images/banner_fish.gif" is in the cache already and will not be downloaded again  	[MsgId: MMSG-26655]
CheckOutThProduct.c(7): Registered web_reg_find successful for "Text=Shopping Cart" (count=1)  	[MsgId: MMSG-26364]
CheckOutThProduct.c(7): web_url("Cart.action_4") was successful, 4634 body bytes, 225 header bytes  	[MsgId: MMSG-26386]
CheckOutThProduct.c(15): Notify: Transaction "PetStore_ClickOnViewCart_T01" ended with a "Pass" status (Duration: 0.1298 Wasted Time: 0.0000).	[MsgId: MMSG-16871]
CheckOutThProduct.c(17): lr_think_time: 4.92 seconds (recorded think time was 5.00 seconds).	[MsgId: MMSG-15947]
Starting iteration 36.	[MsgId: MMSG-15968]
Notify: Next row for parameter UserName = 1 [table  = UserName].	[MsgId: MMSG-13876]
Notify: Getting new value for parameter 'UserName': table = 'UserCredentilas1.dat' column = '0' row = '1'.	[MsgId: MMSG-13877]
Notify: Next row for parameter PetStoreEndtoEndFlow_UserName = 1 [table  = PetStoreEndtoEndFlow_UserName].	[MsgId: MMSG-13876]
Notify: Getting new value for parameter 'PetStoreEndtoEndFlow_UserName': table = 'UserCredentilas3.dat' column = '0' row = '1'.	[MsgId: MMSG-13877]
Notify: Next row for parameter PetStoreEndtoEndFlow_pass = 1 [table  = PetStoreEndtoEndFlow_pass].	[MsgId: MMSG-13876]
Notify: Getting new value for parameter 'PetStoreEndtoEndFlow_pass': table = 'UserCredentilas4.dat' column = '0' row = '1'.	[MsgId: MMSG-13877]
Notify: Next row for parameter pass = 1 [table  = pass].	[MsgId: MMSG-13876]
Notify: Getting new value for parameter 'pass': table = 'UserCredentilas2.dat' column = '0' row = '1'.	[MsgId: MMSG-13877]
Starting action Login.	[MsgId: MMSG-15919]
Registration.c(13): Notify: Transaction "PetStore_EnterToPetStore_T01" started.	[MsgId: MMSG-16999]
Registration.c(14): web_reg_find started  	[MsgId: MMSG-26355]
Registration.c(14): Registering web_reg_find was successful  	[MsgId: MMSG-26390]
Registration.c(17): web_url("Catalog.action") started  	[MsgId: MMSG-26355]
CheckOutThProduct.c(19): Notify: Transaction "PetStore_ClickOnProccedToCheckOut_T02" started.	[MsgId: MMSG-16999]
CheckOutThProduct.c(20): web_reg_find started  	[MsgId: MMSG-26355]
CheckOutThProduct.c(20): Registering web_reg_find was successful  	[MsgId: MMSG-26390]
CheckOutThProduct.c(23): web_link("Proceed to Checkout") started  	[MsgId: MMSG-26355]
CheckOutThProduct.c(23): Linking to "https://petstore.octoperf.com/actions/Order.action?newOrderForm=", Target Frame=""  	[MsgId: MMSG-27994]
Registration.c(57): Notify: Transaction "PetStore_SubmitRegistration_T04" started.	[MsgId: MMSG-16999]
Registration.c(59): web_reg_find started  	[MsgId: MMSG-26355]
Registration.c(59): Registering web_reg_find was successful  	[MsgId: MMSG-26390]
Registration.c(66): Notify: Saving Parameter "randomUsername = CHKH".	[MsgId: MMSG-13798]
Registration.c(72): Notify: Saving Parameter "randompass = jfnk".	[MsgId: MMSG-13798]
Registration.c(86): Notify: Saving Parameter "randomFirstName = qtxge".	[MsgId: MMSG-13798]
Registration.c(87): Notify: Saving Parameter "randomLastName = gtddb".	[MsgId: MMSG-13798]
Registration.c(99): Notify: Saving Parameter "RandomPhone = 9189140542".	[MsgId: MMSG-13798]
Registration.c(108): Notify: Saving Parameter "RandomZip = 305791".	[MsgId: MMSG-13798]
Registration.c(111): web_submit_form("Account.action") started  	[MsgId: MMSG-26355]
Registration.c(111): Notify: Parameter Substitution: parameter "randomUsername" =  "CHKH"	[MsgId: MMSG-13992]
Registration.c(111): Notify: Parameter Substitution: parameter "randompass" =  "jfnk"	[MsgId: MMSG-13992]
Registration.c(111): Notify: Parameter Substitution: parameter "randompass" =  "jfnk"	[MsgId: MMSG-13992]
Registration.c(111): Notify: Parameter Substitution: parameter "randomFirstName" =  "qtxge"	[MsgId: MMSG-13992]
Registration.c(111): Notify: Parameter Substitution: parameter "randomLastName" =  "gtddb"	[MsgId: MMSG-13992]
Registration.c(111): Notify: Parameter Substitution: parameter "randomFirstName" =  "qtxge"	[MsgId: MMSG-13992]
Registration.c(111): Notify: Parameter Substitution: parameter "randomLastName" =  "gtddb"	[MsgId: MMSG-13992]
Registration.c(111): Notify: Parameter Substitution: parameter "RandomPhone" =  "9189140542"	[MsgId: MMSG-13992]
Registration.c(111): Notify: Parameter Substitution: parameter "RandomZip" =  "305791"	[MsgId: MMSG-13992]
Registration.c(111): Submitting form to "https://petstore.octoperf.com/actions/Account.action", Target Frame=""  	[MsgId: MMSG-27978]
CheckOutThProduct.c(23): Resource "https://petstore.octoperf.com/css/jpetstore.css" is in the cache already and will not be downloaded again  	[MsgId: MMSG-26655]
CheckOutThProduct.c(23): Resource "https://petstore.octoperf.com/images/logo-topbar.svg" is in the cache already and will not be downloaded again  	[MsgId: MMSG-26655]
CheckOutThProduct.c(23): Resource "https://petstore.octoperf.com/images/cart.gif" is in the cache already and will not be downloaded again  	[MsgId: MMSG-26655]
CheckOutThProduct.c(23): Resource "https://petstore.octoperf.com/images/separator.gif" is in the cache already and will not be downloaded again  	[MsgId: MMSG-26655]
CheckOutThProduct.c(23): Resource "https://petstore.octoperf.com/images/sm_fish.gif" is in the cache already and will not be downloaded again  	[MsgId: MMSG-26655]
CheckOutThProduct.c(23): Resource "https://petstore.octoperf.com/images/sm_dogs.gif" is in the cache already and will not be downloaded again  	[MsgId: MMSG-26655]
CheckOutThProduct.c(23): Resource "https://petstore.octoperf.com/images/sm_reptiles.gif" is in the cache already and will not be downloaded again  	[MsgId: MMSG-26655]
CheckOutThProduct.c(23): Resource "https://petstore.octoperf.com/images/sm_cats.gif" is in the cache already and will not be downloaded again  	[MsgId: MMSG-26655]
CheckOutThProduct.c(23): Resource "https://petstore.octoperf.com/images/sm_birds.gif" is in the cache already and will not be downloaded again  	[MsgId: MMSG-26655]
CheckOutThProduct.c(23): Resource "https://petstore.octoperf.com/images/banner_fish.gif" is in the cache already and will not be downloaded again  	[MsgId: MMSG-26655]
CheckOutThProduct.c(23): Registered web_reg_find successful for "Text=Payment Details" (count=1)  	[MsgId: MMSG-26364]
CheckOutThProduct.c(23): web_link("Proceed to Checkout") was successful, 5376 body bytes, 225 header bytes  	[MsgId: MMSG-26386]
CheckOutThProduct.c(27): Notify: Transaction "PetStore_ClickOnProccedToCheckOut_T02" ended with a "Pass" status (Duration: 0.1314 Wasted Time: 0.0000).	[MsgId: MMSG-16871]
CheckOutThProduct.c(29): lr_think_time: 3.14 seconds (recorded think time was 5.00 seconds).	[MsgId: MMSG-15947]
Registration.c(111): Redirecting "https://petstore.octoperf.com/actions/Account.action" (redirection depth is 0)  	[MsgId: MMSG-26694]
Registration.c(111): To location "https://petstore.octoperf.com/actions/Catalog.action"  	[MsgId: MMSG-26693]
Registration.c(111): Resource "https://petstore.octoperf.com/css/jpetstore.css" is in the cache already and will not be downloaded again  	[MsgId: MMSG-26655]
Registration.c(111): Resource "https://petstore.octoperf.com/images/logo-topbar.svg" is in the cache already and will not be downloaded again  	[MsgId: MMSG-26655]
Registration.c(111): Resource "https://petstore.octoperf.com/images/cart.gif" is in the cache already and will not be downloaded again  	[MsgId: MMSG-26655]
Registration.c(111): Resource "https://petstore.octoperf.com/images/separator.gif" is in the cache already and will not be downloaded again  	[MsgId: MMSG-26655]
Registration.c(111): Resource "https://petstore.octoperf.com/images/sm_fish.gif" is in the cache already and will not be downloaded again  	[MsgId: MMSG-26655]
Registration.c(111): Resource "https://petstore.octoperf.com/images/sm_dogs.gif" is in the cache already and will not be downloaded again  	[MsgId: MMSG-26655]
Registration.c(111): Resource "https://petstore.octoperf.com/images/sm_reptiles.gif" is in the cache already and will not be downloaded again  	[MsgId: MMSG-26655]
Registration.c(111): Resource "https://petstore.octoperf.com/images/sm_cats.gif" is in the cache already and will not be downloaded again  	[MsgId: MMSG-26655]
Registration.c(111): Resource "https://petstore.octoperf.com/images/sm_birds.gif" is in the cache already and will not be downloaded again  	[MsgId: MMSG-26655]
Registration.c(111): Resource "https://petstore.octoperf.com/images/fish_icon.gif" is in the cache already and will not be downloaded again  	[MsgId: MMSG-26655]
Registration.c(111): Resource "https://petstore.octoperf.com/images/dogs_icon.gif" is in the cache already and will not be downloaded again  	[MsgId: MMSG-26655]
Registration.c(111): Resource "https://petstore.octoperf.com/images/cats_icon.gif" is in the cache already and will not be downloaded again  	[MsgId: MMSG-26655]
Registration.c(111): Resource "https://petstore.octoperf.com/images/reptiles_icon.gif" is in the cache already and will not be downloaded again  	[MsgId: MMSG-26655]
Registration.c(111): Resource "https://petstore.octoperf.com/images/birds_icon.gif" is in the cache already and will not be downloaded again  	[MsgId: MMSG-26655]
Registration.c(111): Resource "https://petstore.octoperf.com/images/splash.gif" is in the cache already and will not be downloaded again  	[MsgId: MMSG-26655]
Registration.c(111): Registered web_reg_find successful for "Text=Elevate you load-testing" (count=1)  	[MsgId: MMSG-26364]
Registration.c(111): web_submit_form("Account.action") was successful, 4736 body bytes, 443 header bytes  	[MsgId: MMSG-26386]
Registration.c(133): Notify: Transaction "PetStore_SubmitRegistration_T04" ended with a "Pass" status (Duration: 0.3867 Wasted Time: 0.0000).	[MsgId: MMSG-16871]
Registration.c(135): lr_think_time: 3.79 seconds (recorded think time was 5.00 seconds).	[MsgId: MMSG-15947]
AddToCard.c(67): Notify: Transaction "PetStore_SelectItemId_T03" started.	[MsgId: MMSG-16999]
AddToCard.c(71): Notify: Parameter Substitution: parameter "itemId_count" =  "1"	[MsgId: MMSG-13992]
AddToCard.c(72): Notify: Parameter Substitution: parameter "itemId_1" =  "EST-18"	[MsgId: MMSG-13992]
AddToCard.c(74): Notify: Saving Parameter "RanditemId = EST-18".	[MsgId: MMSG-13798]
AddToCard.c(75): Notify: Parameter Substitution: parameter "RanditemId" =  "EST-18"	[MsgId: MMSG-13992]
AddToCard.c(75): Random category selected in Action2 = EST-18	[MsgId: MMSG-17999]
AddToCard.c(77): web_reg_find started  	[MsgId: MMSG-26355]
AddToCard.c(77): Notify: Parameter Substitution: parameter "RanditemId" =  "EST-18"	[MsgId: MMSG-13992]
AddToCard.c(77): Registering web_reg_find was successful  	[MsgId: MMSG-26390]
AddToCard.c(79): web_link("{RanditemId}") started  	[MsgId: MMSG-26355]
AddToCard.c(79): Notify: Parameter Substitution: parameter "RanditemId" =  "EST-18"	[MsgId: MMSG-13992]
AddToCard.c(79): Linking to "https://petstore.octoperf.com/actions/Catalog.action?viewItem=&itemId=EST-18", Target Frame=""  	[MsgId: MMSG-27994]
Registration.c(17): Found resource "https://petstore.octoperf.com/css/jpetstore.css" in HTML "https://petstore.octoperf.com/actions/Catalog.action"  	[MsgId: MMSG-26659]
Registration.c(17): Found resource "https://petstore.octoperf.com/images/logo-topbar.svg" in HTML "https://petstore.octoperf.com/actions/Catalog.action"  	[MsgId: MMSG-26659]
Registration.c(17): Found resource "https://petstore.octoperf.com/images/cart.gif" in HTML "https://petstore.octoperf.com/actions/Catalog.action"  	[MsgId: MMSG-26659]
Registration.c(17): Found resource "https://petstore.octoperf.com/images/separator.gif" in HTML "https://petstore.octoperf.com/actions/Catalog.action"  	[MsgId: MMSG-26659]
Registration.c(17): Found resource "https://petstore.octoperf.com/images/sm_fish.gif" in HTML "https://petstore.octoperf.com/actions/Catalog.action"  	[MsgId: MMSG-26659]
Registration.c(17): Found resource "https://petstore.octoperf.com/images/sm_dogs.gif" in HTML "https://petstore.octoperf.com/actions/Catalog.action"  	[MsgId: MMSG-26659]
Registration.c(17): Found resource "https://petstore.octoperf.com/images/sm_reptiles.gif" in HTML "https://petstore.octoperf.com/actions/Catalog.action"  	[MsgId: MMSG-26659]
Registration.c(17): Found resource "https://petstore.octoperf.com/images/sm_cats.gif" in HTML "https://petstore.octoperf.com/actions/Catalog.action"  	[MsgId: MMSG-26659]
Registration.c(17): Found resource "https://petstore.octoperf.com/images/sm_birds.gif" in HTML "https://petstore.octoperf.com/actions/Catalog.action"  	[MsgId: MMSG-26659]
Registration.c(17): Found resource "https://petstore.octoperf.com/images/fish_icon.gif" in HTML "https://petstore.octoperf.com/actions/Catalog.action"  	[MsgId: MMSG-26659]
Registration.c(17): Found resource "https://petstore.octoperf.com/images/dogs_icon.gif" in HTML "https://petstore.octoperf.com/actions/Catalog.action"  	[MsgId: MMSG-26659]
Registration.c(17): Found resource "https://petstore.octoperf.com/images/cats_icon.gif" in HTML "https://petstore.octoperf.com/actions/Catalog.action"  	[MsgId: MMSG-26659]
Registration.c(17): Found resource "https://petstore.octoperf.com/images/reptiles_icon.gif" in HTML "https://petstore.octoperf.com/actions/Catalog.action"  	[MsgId: MMSG-26659]
Registration.c(17): Found resource "https://petstore.octoperf.com/images/birds_icon.gif" in HTML "https://petstore.octoperf.com/actions/Catalog.action"  	[MsgId: MMSG-26659]
Registration.c(17): Found resource "https://petstore.octoperf.com/images/splash.gif" in HTML "https://petstore.octoperf.com/actions/Catalog.action"  	[MsgId: MMSG-26659]
AddToCard.c(79): Resource "https://petstore.octoperf.com/css/jpetstore.css" is in the cache already and will not be downloaded again  	[MsgId: MMSG-26655]
AddToCard.c(79): Resource "https://petstore.octoperf.com/images/logo-topbar.svg" is in the cache already and will not be downloaded again  	[MsgId: MMSG-26655]
AddToCard.c(79): Resource "https://petstore.octoperf.com/images/cart.gif" is in the cache already and will not be downloaded again  	[MsgId: MMSG-26655]
AddToCard.c(79): Resource "https://petstore.octoperf.com/images/separator.gif" is in the cache already and will not be downloaded again  	[MsgId: MMSG-26655]
AddToCard.c(79): Resource "https://petstore.octoperf.com/images/sm_fish.gif" is in the cache already and will not be downloaded again  	[MsgId: MMSG-26655]
AddToCard.c(79): Resource "https://petstore.octoperf.com/images/sm_dogs.gif" is in the cache already and will not be downloaded again  	[MsgId: MMSG-26655]
AddToCard.c(79): Resource "https://petstore.octoperf.com/images/sm_reptiles.gif" is in the cache already and will not be downloaded again  	[MsgId: MMSG-26655]
AddToCard.c(79): Resource "https://petstore.octoperf.com/images/sm_cats.gif" is in the cache already and will not be downloaded again  	[MsgId: MMSG-26655]
AddToCard.c(79): Resource "https://petstore.octoperf.com/images/sm_birds.gif" is in the cache already and will not be downloaded again  	[MsgId: MMSG-26655]
AddToCard.c(79): Found resource "https://petstore.octoperf.com/images/bird2.gif" in HTML "https://petstore.octoperf.com/actions/Catalog.action?viewItem=&itemId=EST-18"  	[MsgId: MMSG-26659]
AddToCard.c(79): Resource "https://petstore.octoperf.com/images/banner_fish.gif" is in the cache already and will not be downloaded again  	[MsgId: MMSG-26655]
AddToCard.c(79): Registered web_reg_find successful for "Text=EST-18" (count=2)  	[MsgId: MMSG-26364]
AddToCard.c(79): web_link("{RanditemId}") was successful, 15165 body bytes, 511 header bytes  	[MsgId: MMSG-26386]
AddToCard.c(84): Notify: Transaction "PetStore_SelectItemId_T03" ended with a "Pass" status (Duration: 0.2525 Wasted Time: 0.0000).	[MsgId: MMSG-16871]
AddToCard.c(86): lr_think_time: 3.43 seconds (recorded think time was 5.00 seconds).	[MsgId: MMSG-15947]
Registration.c(17): Registered web_reg_find successful for "Text=OctoPerf" (count=1)  	[MsgId: MMSG-26364]
Registration.c(17): web_url("Catalog.action") was successful, 69386 body bytes, 4543 header bytes  	[MsgId: MMSG-26386]
Registration.c(25): Notify: Transaction "PetStore_EnterToPetStore_T01" ended with a "Pass" status (Duration: 1.1675 Wasted Time: 0.0002).	[MsgId: MMSG-16871]
Registration.c(27): lr_think_time: 3.13 seconds (recorded think time was 5.00 seconds).	[MsgId: MMSG-15947]
Registration.c(57): Notify: Transaction "PetStore_SubmitRegistration_T04" started.	[MsgId: MMSG-16999]
Registration.c(59): web_reg_find started  	[MsgId: MMSG-26355]
Registration.c(59): Registering web_reg_find was successful  	[MsgId: MMSG-26390]
Registration.c(66): Notify: Saving Parameter "randomUsername = SIRW".	[MsgId: MMSG-13798]
Registration.c(72): Notify: Saving Parameter "randompass = pgge".	[MsgId: MMSG-13798]
Registration.c(86): Notify: Saving Parameter "randomFirstName = ujsxg".	[MsgId: MMSG-13798]
Registration.c(87): Notify: Saving Parameter "randomLastName = gjqbj".	[MsgId: MMSG-13798]
Registration.c(99): Notify: Saving Parameter "RandomPhone = :745527278".	[MsgId: MMSG-13798]
Registration.c(108): Notify: Saving Parameter "RandomZip = 392854".	[MsgId: MMSG-13798]
Registration.c(111): web_submit_form("Account.action") started  	[MsgId: MMSG-26355]
Registration.c(111): Notify: Parameter Substitution: parameter "randomUsername" =  "SIRW"	[MsgId: MMSG-13992]
Registration.c(111): Notify: Parameter Substitution: parameter "randompass" =  "pgge"	[MsgId: MMSG-13992]
Registration.c(111): Notify: Parameter Substitution: parameter "randompass" =  "pgge"	[MsgId: MMSG-13992]
Registration.c(111): Notify: Parameter Substitution: parameter "randomFirstName" =  "ujsxg"	[MsgId: MMSG-13992]
Registration.c(111): Notify: Parameter Substitution: parameter "randomLastName" =  "gjqbj"	[MsgId: MMSG-13992]
Registration.c(111): Notify: Parameter Substitution: parameter "randomFirstName" =  "ujsxg"	[MsgId: MMSG-13992]
Registration.c(111): Notify: Parameter Substitution: parameter "randomLastName" =  "gjqbj"	[MsgId: MMSG-13992]
Registration.c(111): Notify: Parameter Substitution: parameter "RandomPhone" =  ":745527278"	[MsgId: MMSG-13992]
Registration.c(111): Notify: Parameter Substitution: parameter "RandomZip" =  "392854"	[MsgId: MMSG-13992]
Registration.c(111): Submitting form to "https://petstore.octoperf.com/actions/Account.action", Target Frame=""  	[MsgId: MMSG-27978]
Registration.c(111): Redirecting "https://petstore.octoperf.com/actions/Account.action" (redirection depth is 0)  	[MsgId: MMSG-26694]
Registration.c(111): To location "https://petstore.octoperf.com/actions/Catalog.action"  	[MsgId: MMSG-26693]
AddToCard.c(67): Notify: Transaction "PetStore_SelectItemId_T03" started.	[MsgId: MMSG-16999]
AddToCard.c(71): Notify: Parameter Substitution: parameter "itemId_count" =  "2"	[MsgId: MMSG-13992]
AddToCard.c(72): Notify: Parameter Substitution: parameter "itemId_1" =  "EST-9"	[MsgId: MMSG-13992]
AddToCard.c(74): Notify: Saving Parameter "RanditemId = EST-9".	[MsgId: MMSG-13798]
AddToCard.c(75): Notify: Parameter Substitution: parameter "RanditemId" =  "EST-9"	[MsgId: MMSG-13992]
AddToCard.c(75): Random category selected in Action2 = EST-9	[MsgId: MMSG-17999]
AddToCard.c(77): web_reg_find started  	[MsgId: MMSG-26355]
AddToCard.c(77): Notify: Parameter Substitution: parameter "RanditemId" =  "EST-9"	[MsgId: MMSG-13992]
AddToCard.c(77): Registering web_reg_find was successful  	[MsgId: MMSG-26390]
AddToCard.c(79): web_link("{RanditemId}") started  	[MsgId: MMSG-26355]
AddToCard.c(79): Notify: Parameter Substitution: parameter "RanditemId" =  "EST-9"	[MsgId: MMSG-13992]
AddToCard.c(79): Linking to "https://petstore.octoperf.com/actions/Catalog.action?viewItem=&itemId=EST-9", Target Frame=""  	[MsgId: MMSG-27994]
Registration.c(111): Resource "https://petstore.octoperf.com/css/jpetstore.css" is in the cache already and will not be downloaded again  	[MsgId: MMSG-26655]
Registration.c(111): Resource "https://petstore.octoperf.com/images/logo-topbar.svg" is in the cache already and will not be downloaded again  	[MsgId: MMSG-26655]
Registration.c(111): Resource "https://petstore.octoperf.com/images/cart.gif" is in the cache already and will not be downloaded again  	[MsgId: MMSG-26655]
Registration.c(111): Resource "https://petstore.octoperf.com/images/separator.gif" is in the cache already and will not be downloaded again  	[MsgId: MMSG-26655]
Registration.c(111): Resource "https://petstore.octoperf.com/images/sm_fish.gif" is in the cache already and will not be downloaded again  	[MsgId: MMSG-26655]
Registration.c(111): Resource "https://petstore.octoperf.com/images/sm_dogs.gif" is in the cache already and will not be downloaded again  	[MsgId: MMSG-26655]
Registration.c(111): Resource "https://petstore.octoperf.com/images/sm_reptiles.gif" is in the cache already and will not be downloaded again  	[MsgId: MMSG-26655]
Registration.c(111): Resource "https://petstore.octoperf.com/images/sm_cats.gif" is in the cache already and will not be downloaded again  	[MsgId: MMSG-26655]
Registration.c(111): Resource "https://petstore.octoperf.com/images/sm_birds.gif" is in the cache already and will not be downloaded again  	[MsgId: MMSG-26655]
Registration.c(111): Resource "https://petstore.octoperf.com/images/fish_icon.gif" is in the cache already and will not be downloaded again  	[MsgId: MMSG-26655]
Registration.c(111): Resource "https://petstore.octoperf.com/images/dogs_icon.gif" is in the cache already and will not be downloaded again  	[MsgId: MMSG-26655]
Registration.c(111): Resource "https://petstore.octoperf.com/images/cats_icon.gif" is in the cache already and will not be downloaded again  	[MsgId: MMSG-26655]
Registration.c(111): Resource "https://petstore.octoperf.com/images/reptiles_icon.gif" is in the cache already and will not be downloaded again  	[MsgId: MMSG-26655]
Registration.c(111): Resource "https://petstore.octoperf.com/images/birds_icon.gif" is in the cache already and will not be downloaded again  	[MsgId: MMSG-26655]
Registration.c(111): Resource "https://petstore.octoperf.com/images/splash.gif" is in the cache already and will not be downloaded again  	[MsgId: MMSG-26655]
Registration.c(111): Registered web_reg_find successful for "Text=Elevate you load-testing" (count=1)  	[MsgId: MMSG-26364]
Registration.c(111): web_submit_form("Account.action") was successful, 4736 body bytes, 443 header bytes  	[MsgId: MMSG-26386]
Registration.c(133): Notify: Transaction "PetStore_SubmitRegistration_T04" ended with a "Pass" status (Duration: 0.3744 Wasted Time: 0.0000).	[MsgId: MMSG-16871]
Registration.c(135): lr_think_time: 4.40 seconds (recorded think time was 5.00 seconds).	[MsgId: MMSG-15947]
AddToCard.c(79): Resource "https://petstore.octoperf.com/css/jpetstore.css" is in the cache already and will not be downloaded again  	[MsgId: MMSG-26655]
AddToCard.c(79): Resource "https://petstore.octoperf.com/images/logo-topbar.svg" is in the cache already and will not be downloaded again  	[MsgId: MMSG-26655]
AddToCard.c(79): Resource "https://petstore.octoperf.com/images/cart.gif" is in the cache already and will not be downloaded again  	[MsgId: MMSG-26655]
AddToCard.c(79): Resource "https://petstore.octoperf.com/images/separator.gif" is in the cache already and will not be downloaded again  	[MsgId: MMSG-26655]
AddToCard.c(79): Resource "https://petstore.octoperf.com/images/sm_fish.gif" is in the cache already and will not be downloaded again  	[MsgId: MMSG-26655]
AddToCard.c(79): Resource "https://petstore.octoperf.com/images/sm_dogs.gif" is in the cache already and will not be downloaded again  	[MsgId: MMSG-26655]
AddToCard.c(79): Resource "https://petstore.octoperf.com/images/sm_reptiles.gif" is in the cache already and will not be downloaded again  	[MsgId: MMSG-26655]
AddToCard.c(79): Resource "https://petstore.octoperf.com/images/sm_cats.gif" is in the cache already and will not be downloaded again  	[MsgId: MMSG-26655]
AddToCard.c(79): Resource "https://petstore.octoperf.com/images/sm_birds.gif" is in the cache already and will not be downloaded again  	[MsgId: MMSG-26655]
AddToCard.c(79): Found resource "https://petstore.octoperf.com/images/dog5.gif" in HTML "https://petstore.octoperf.com/actions/Catalog.action?viewItem=&itemId=EST-9"  	[MsgId: MMSG-26659]
AddToCard.c(79): Resource "https://petstore.octoperf.com/images/banner_fish.gif" is in the cache already and will not be downloaded again  	[MsgId: MMSG-26655]
AddToCard.c(67): Notify: Transaction "PetStore_SelectItemId_T03" started.	[MsgId: MMSG-16999]
AddToCard.c(71): Notify: Parameter Substitution: parameter "itemId_count" =  "1"	[MsgId: MMSG-13992]
AddToCard.c(72): Notify: Parameter Substitution: parameter "itemId_1" =  "EST-19"	[MsgId: MMSG-13992]
AddToCard.c(74): Notify: Saving Parameter "RanditemId = EST-19".	[MsgId: MMSG-13798]
AddToCard.c(75): Notify: Parameter Substitution: parameter "RanditemId" =  "EST-19"	[MsgId: MMSG-13992]
AddToCard.c(75): Random category selected in Action2 = EST-19	[MsgId: MMSG-17999]
AddToCard.c(77): web_reg_find started  	[MsgId: MMSG-26355]
AddToCard.c(77): Notify: Parameter Substitution: parameter "RanditemId" =  "EST-19"	[MsgId: MMSG-13992]
AddToCard.c(77): Registering web_reg_find was successful  	[MsgId: MMSG-26390]
AddToCard.c(79): web_link("{RanditemId}") started  	[MsgId: MMSG-26355]
AddToCard.c(79): Notify: Parameter Substitution: parameter "RanditemId" =  "EST-19"	[MsgId: MMSG-13992]
AddToCard.c(79): Linking to "https://petstore.octoperf.com/actions/Catalog.action?viewItem=&itemId=EST-19", Target Frame=""  	[MsgId: MMSG-27994]
AddToCard.c(79): Resource "https://petstore.octoperf.com/css/jpetstore.css" is in the cache already and will not be downloaded again  	[MsgId: MMSG-26655]
AddToCard.c(79): Resource "https://petstore.octoperf.com/images/logo-topbar.svg" is in the cache already and will not be downloaded again  	[MsgId: MMSG-26655]
AddToCard.c(79): Resource "https://petstore.octoperf.com/images/cart.gif" is in the cache already and will not be downloaded again  	[MsgId: MMSG-26655]
AddToCard.c(79): Resource "https://petstore.octoperf.com/images/separator.gif" is in the cache already and will not be downloaded again  	[MsgId: MMSG-26655]
AddToCard.c(79): Resource "https://petstore.octoperf.com/images/sm_fish.gif" is in the cache already and will not be downloaded again  	[MsgId: MMSG-26655]
AddToCard.c(79): Resource "https://petstore.octoperf.com/images/sm_dogs.gif" is in the cache already and will not be downloaded again  	[MsgId: MMSG-26655]
AddToCard.c(79): Resource "https://petstore.octoperf.com/images/sm_reptiles.gif" is in the cache already and will not be downloaded again  	[MsgId: MMSG-26655]
AddToCard.c(79): Resource "https://petstore.octoperf.com/images/sm_cats.gif" is in the cache already and will not be downloaded again  	[MsgId: MMSG-26655]
AddToCard.c(79): Resource "https://petstore.octoperf.com/images/sm_birds.gif" is in the cache already and will not be downloaded again  	[MsgId: MMSG-26655]
AddToCard.c(79): Found resource "https://petstore.octoperf.com/images/bird1.gif" in HTML "https://petstore.octoperf.com/actions/Catalog.action?viewItem=&itemId=EST-19"  	[MsgId: MMSG-26659]
AddToCard.c(79): Resource "https://petstore.octoperf.com/images/banner_fish.gif" is in the cache already and will not be downloaded again  	[MsgId: MMSG-26655]
AddToCard.c(79): Registered web_reg_find successful for "Text=EST-9" (count=2)  	[MsgId: MMSG-26364]
AddToCard.c(79): web_link("{RanditemId}") was successful, 16483 body bytes, 511 header bytes  	[MsgId: MMSG-26386]
AddToCard.c(84): Notify: Transaction "PetStore_SelectItemId_T03" ended with a "Pass" status (Duration: 0.3773 Wasted Time: 0.0000).	[MsgId: MMSG-16871]
AddToCard.c(86): lr_think_time: 4.65 seconds (recorded think time was 5.00 seconds).	[MsgId: MMSG-15947]
AddToCard.c(79): Registered web_reg_find successful for "Text=EST-19" (count=2)  	[MsgId: MMSG-26364]
AddToCard.c(79): web_link("{RanditemId}") was successful, 15764 body bytes, 511 header bytes  	[MsgId: MMSG-26386]
AddToCard.c(84): Notify: Transaction "PetStore_SelectItemId_T03" ended with a "Pass" status (Duration: 0.2525 Wasted Time: 0.0000).	[MsgId: MMSG-16871]
AddToCard.c(86): lr_think_time: 3.85 seconds (recorded think time was 5.00 seconds).	[MsgId: MMSG-15947]
CheckOutThProduct.c(31): Notify: Transaction "PetStore_ClickOnContinue_T03" started.	[MsgId: MMSG-16999]
CheckOutThProduct.c(33): web_reg_find started  	[MsgId: MMSG-26355]
CheckOutThProduct.c(33): Registering web_reg_find was successful  	[MsgId: MMSG-26390]
CheckOutThProduct.c(36): web_submit_form("Order.action") started  	[MsgId: MMSG-26355]
CheckOutThProduct.c(36): Submitting form to "https://petstore.octoperf.com/actions/Order.action", Target Frame=""  	[MsgId: MMSG-27978]
CheckOutThProduct.c(36): Resource "https://petstore.octoperf.com/css/jpetstore.css" is in the cache already and will not be downloaded again  	[MsgId: MMSG-26655]
CheckOutThProduct.c(36): Resource "https://petstore.octoperf.com/images/logo-topbar.svg" is in the cache already and will not be downloaded again  	[MsgId: MMSG-26655]
CheckOutThProduct.c(36): Resource "https://petstore.octoperf.com/images/cart.gif" is in the cache already and will not be downloaded again  	[MsgId: MMSG-26655]
CheckOutThProduct.c(36): Resource "https://petstore.octoperf.com/images/separator.gif" is in the cache already and will not be downloaded again  	[MsgId: MMSG-26655]
CheckOutThProduct.c(36): Resource "https://petstore.octoperf.com/images/sm_fish.gif" is in the cache already and will not be downloaded again  	[MsgId: MMSG-26655]
CheckOutThProduct.c(36): Resource "https://petstore.octoperf.com/images/sm_dogs.gif" is in the cache already and will not be downloaded again  	[MsgId: MMSG-26655]
CheckOutThProduct.c(36): Resource "https://petstore.octoperf.com/images/sm_reptiles.gif" is in the cache already and will not be downloaded again  	[MsgId: MMSG-26655]
CheckOutThProduct.c(36): Resource "https://petstore.octoperf.com/images/sm_cats.gif" is in the cache already and will not be downloaded again  	[MsgId: MMSG-26655]
CheckOutThProduct.c(36): Resource "https://petstore.octoperf.com/images/sm_birds.gif" is in the cache already and will not be downloaded again  	[MsgId: MMSG-26655]
CheckOutThProduct.c(36): Resource "https://petstore.octoperf.com/images/banner_fish.gif" is in the cache already and will not be downloaded again  	[MsgId: MMSG-26655]
CheckOutThProduct.c(36): Registered web_reg_find successful for "Text=Confirm" (count=1)  	[MsgId: MMSG-26364]
CheckOutThProduct.c(36): web_submit_form("Order.action") was successful, 4526 body bytes, 225 header bytes  	[MsgId: MMSG-26386]
CheckOutThProduct.c(54): Notify: Transaction "PetStore_ClickOnContinue_T03" ended with a "Pass" status (Duration: 0.2565 Wasted Time: 0.0000).	[MsgId: MMSG-16871]
CheckOutThProduct.c(56): lr_think_time: 2.83 seconds (recorded think time was 5.00 seconds).	[MsgId: MMSG-15947]
Registration.c(137): Notify: Transaction "PetStore_SignOut_T05" started.	[MsgId: MMSG-16999]
Registration.c(139): web_reg_find started  	[MsgId: MMSG-26355]
Registration.c(139): Registering web_reg_find was successful  	[MsgId: MMSG-26390]
Registration.c(142): web_url("Account.action_2") started  	[MsgId: MMSG-26355]
Registration.c(29): Notify: Transaction "PetStore_ClickOnSignIn_T02" started.	[MsgId: MMSG-16999]
Registration.c(31): web_reg_find started  	[MsgId: MMSG-26355]
Registration.c(31): Registering web_reg_find was successful  	[MsgId: MMSG-26390]
Registration.c(34): web_link("Sign In") started  	[MsgId: MMSG-26355]
Registration.c(34): Linking to "https://petstore.octoperf.com/actions/Account.action;jsessionid=27A4D36DDAED12E9F0D610C15F496A12?signonForm=", Target Frame=""  	[MsgId: MMSG-27994]
AddToCard.c(88): Notify: Transaction "PetStore_AddToCard_T04" started.	[MsgId: MMSG-16999]
AddToCard.c(90): web_reg_find started  	[MsgId: MMSG-26355]
AddToCard.c(90): Registering web_reg_find was successful  	[MsgId: MMSG-26390]
AddToCard.c(94): web_link("Add to Cart") started  	[MsgId: MMSG-26355]
AddToCard.c(94): Linking to "https://petstore.octoperf.com/actions/Cart.action?addItemToCart=&workingItemId=EST-18", Target Frame=""  	[MsgId: MMSG-27994]
Registration.c(142): Redirecting "https://petstore.octoperf.com/actions/Account.action?signoff=" (redirection depth is 0)  	[MsgId: MMSG-26694]
Registration.c(142): To location "https://petstore.octoperf.com/actions/Catalog.action"  	[MsgId: MMSG-26693]
Registration.c(34): Resource "https://petstore.octoperf.com/css/jpetstore.css" is in the cache already and will not be downloaded again  	[MsgId: MMSG-26655]
Registration.c(34): Resource "https://petstore.octoperf.com/images/logo-topbar.svg" is in the cache already and will not be downloaded again  	[MsgId: MMSG-26655]
Registration.c(34): Resource "https://petstore.octoperf.com/images/cart.gif" is in the cache already and will not be downloaded again  	[MsgId: MMSG-26655]
Registration.c(34): Resource "https://petstore.octoperf.com/images/separator.gif" is in the cache already and will not be downloaded again  	[MsgId: MMSG-26655]
Registration.c(34): Resource "https://petstore.octoperf.com/images/sm_fish.gif" is in the cache already and will not be downloaded again  	[MsgId: MMSG-26655]
Registration.c(34): Resource "https://petstore.octoperf.com/images/sm_dogs.gif" is in the cache already and will not be downloaded again  	[MsgId: MMSG-26655]
Registration.c(34): Resource "https://petstore.octoperf.com/images/sm_reptiles.gif" is in the cache already and will not be downloaded again  	[MsgId: MMSG-26655]
Registration.c(34): Resource "https://petstore.octoperf.com/images/sm_cats.gif" is in the cache already and will not be downloaded again  	[MsgId: MMSG-26655]
Registration.c(34): Resource "https://petstore.octoperf.com/images/sm_birds.gif" is in the cache already and will not be downloaded again  	[MsgId: MMSG-26655]
Registration.c(34): Registered web_reg_find successful for "Text=Please enter your username and password" (count=1)  	[MsgId: MMSG-26364]
Registration.c(34): web_link("Sign In") was successful, 3856 body bytes, 225 header bytes  	[MsgId: MMSG-26386]
Registration.c(39): Notify: Transaction "PetStore_ClickOnSignIn_T02" ended with a "Pass" status (Duration: 0.1268 Wasted Time: 0.0000).	[MsgId: MMSG-16871]
Registration.c(41): lr_think_time: 3.64 seconds (recorded think time was 5.00 seconds).	[MsgId: MMSG-15947]
AddToCard.c(94): Resource "https://petstore.octoperf.com/css/jpetstore.css" is in the cache already and will not be downloaded again  	[MsgId: MMSG-26655]
AddToCard.c(94): Resource "https://petstore.octoperf.com/images/logo-topbar.svg" is in the cache already and will not be downloaded again  	[MsgId: MMSG-26655]
AddToCard.c(94): Resource "https://petstore.octoperf.com/images/cart.gif" is in the cache already and will not be downloaded again  	[MsgId: MMSG-26655]
AddToCard.c(94): Resource "https://petstore.octoperf.com/images/separator.gif" is in the cache already and will not be downloaded again  	[MsgId: MMSG-26655]
AddToCard.c(94): Resource "https://petstore.octoperf.com/images/sm_fish.gif" is in the cache already and will not be downloaded again  	[MsgId: MMSG-26655]
AddToCard.c(94): Resource "https://petstore.octoperf.com/images/sm_dogs.gif" is in the cache already and will not be downloaded again  	[MsgId: MMSG-26655]
AddToCard.c(94): Resource "https://petstore.octoperf.com/images/sm_reptiles.gif" is in the cache already and will not be downloaded again  	[MsgId: MMSG-26655]
AddToCard.c(94): Resource "https://petstore.octoperf.com/images/sm_cats.gif" is in the cache already and will not be downloaded again  	[MsgId: MMSG-26655]
AddToCard.c(94): Resource "https://petstore.octoperf.com/images/sm_birds.gif" is in the cache already and will not be downloaded again  	[MsgId: MMSG-26655]
AddToCard.c(94): Resource "https://petstore.octoperf.com/images/banner_fish.gif" is in the cache already and will not be downloaded again  	[MsgId: MMSG-26655]
AddToCard.c(94): Registered web_reg_find successful for "Text=Shopping Cart" (count=1)  	[MsgId: MMSG-26364]
AddToCard.c(94): web_link("Add to Cart") was successful, 4643 body bytes, 225 header bytes  	[MsgId: MMSG-26386]
AddToCard.c(99): Notify: Transaction "PetStore_AddToCard_T04" ended with a "Pass" status (Duration: 0.1274 Wasted Time: 0.0000).	[MsgId: MMSG-16871]
CheckOutThProduct.c(4): Notify: Transaction "PetStore_ClickOnViewCart_T01" started.	[MsgId: MMSG-16999]
CheckOutThProduct.c(5): web_reg_find started  	[MsgId: MMSG-26355]
CheckOutThProduct.c(5): Registering web_reg_find was successful  	[MsgId: MMSG-26390]
CheckOutThProduct.c(7): web_url("Cart.action_4") started  	[MsgId: MMSG-26355]
CheckOutThProduct.c(19): Notify: Transaction "PetStore_ClickOnProccedToCheckOut_T02" started.	[MsgId: MMSG-16999]
CheckOutThProduct.c(20): web_reg_find started  	[MsgId: MMSG-26355]
CheckOutThProduct.c(20): Registering web_reg_find was successful  	[MsgId: MMSG-26390]
CheckOutThProduct.c(23): web_link("Proceed to Checkout") started  	[MsgId: MMSG-26355]
CheckOutThProduct.c(23): Linking to "https://petstore.octoperf.com/actions/Order.action?newOrderForm=", Target Frame=""  	[MsgId: MMSG-27994]
Registration.c(142): Resource "https://petstore.octoperf.com/css/jpetstore.css" is in the cache already and will not be downloaded again  	[MsgId: MMSG-26655]
Registration.c(142): Resource "https://petstore.octoperf.com/images/logo-topbar.svg" is in the cache already and will not be downloaded again  	[MsgId: MMSG-26655]
Registration.c(142): Resource "https://petstore.octoperf.com/images/cart.gif" is in the cache already and will not be downloaded again  	[MsgId: MMSG-26655]
Registration.c(142): Resource "https://petstore.octoperf.com/images/separator.gif" is in the cache already and will not be downloaded again  	[MsgId: MMSG-26655]
Registration.c(142): Resource "https://petstore.octoperf.com/images/sm_fish.gif" is in the cache already and will not be downloaded again  	[MsgId: MMSG-26655]
Registration.c(142): Resource "https://petstore.octoperf.com/images/sm_dogs.gif" is in the cache already and will not be downloaded again  	[MsgId: MMSG-26655]
Registration.c(142): Resource "https://petstore.octoperf.com/images/sm_reptiles.gif" is in the cache already and will not be downloaded again  	[MsgId: MMSG-26655]
Registration.c(142): Resource "https://petstore.octoperf.com/images/sm_cats.gif" is in the cache already and will not be downloaded again  	[MsgId: MMSG-26655]
Registration.c(142): Resource "https://petstore.octoperf.com/images/sm_birds.gif" is in the cache already and will not be downloaded again  	[MsgId: MMSG-26655]
Registration.c(142): Resource "https://petstore.octoperf.com/images/fish_icon.gif" is in the cache already and will not be downloaded again  	[MsgId: MMSG-26655]
Registration.c(142): Resource "https://petstore.octoperf.com/images/dogs_icon.gif" is in the cache already and will not be downloaded again  	[MsgId: MMSG-26655]
Registration.c(142): Resource "https://petstore.octoperf.com/images/cats_icon.gif" is in the cache already and will not be downloaded again  	[MsgId: MMSG-26655]
Registration.c(142): Resource "https://petstore.octoperf.com/images/reptiles_icon.gif" is in the cache already and will not be downloaded again  	[MsgId: MMSG-26655]
Registration.c(142): Resource "https://petstore.octoperf.com/images/birds_icon.gif" is in the cache already and will not be downloaded again  	[MsgId: MMSG-26655]
Registration.c(142): Resource "https://petstore.octoperf.com/images/splash.gif" is in the cache already and will not be downloaded again  	[MsgId: MMSG-26655]
Registration.c(142): Registered web_reg_find successful for "Text=Sign In" (count=1)  	[MsgId: MMSG-26364]
Registration.c(142): web_url("Account.action_2") was successful, 4736 body bytes, 518 header bytes  	[MsgId: MMSG-26386]
Registration.c(151): Notify: Transaction "PetStore_SignOut_T05" ended with a "Pass" status (Duration: 0.2555 Wasted Time: 0.0000).	[MsgId: MMSG-16871]
Login.c(4): Notify: Transaction "PetStore_ClickOnSignIn_T01" started.	[MsgId: MMSG-16999]
Login.c(6): web_reg_find started  	[MsgId: MMSG-26355]
Login.c(6): Registering web_reg_find was successful  	[MsgId: MMSG-26390]
Login.c(9): web_link("Sign In") started  	[MsgId: MMSG-26355]
Login.c(9): Linking to "https://petstore.octoperf.com/actions/Account.action?signonForm=", Target Frame=""  	[MsgId: MMSG-27994]
CheckOutThProduct.c(7): Resource "https://petstore.octoperf.com/css/jpetstore.css" is in the cache already and will not be downloaded again  	[MsgId: MMSG-26655]
CheckOutThProduct.c(7): Resource "https://petstore.octoperf.com/images/logo-topbar.svg" is in the cache already and will not be downloaded again  	[MsgId: MMSG-26655]
CheckOutThProduct.c(7): Resource "https://petstore.octoperf.com/images/cart.gif" is in the cache already and will not be downloaded again  	[MsgId: MMSG-26655]
CheckOutThProduct.c(7): Resource "https://petstore.octoperf.com/images/separator.gif" is in the cache already and will not be downloaded again  	[MsgId: MMSG-26655]
CheckOutThProduct.c(7): Resource "https://petstore.octoperf.com/images/sm_fish.gif" is in the cache already and will not be downloaded again  	[MsgId: MMSG-26655]
CheckOutThProduct.c(7): Resource "https://petstore.octoperf.com/images/sm_dogs.gif" is in the cache already and will not be downloaded again  	[MsgId: MMSG-26655]
CheckOutThProduct.c(7): Resource "https://petstore.octoperf.com/images/sm_reptiles.gif" is in the cache already and will not be downloaded again  	[MsgId: MMSG-26655]
CheckOutThProduct.c(7): Resource "https://petstore.octoperf.com/images/sm_cats.gif" is in the cache already and will not be downloaded again  	[MsgId: MMSG-26655]
CheckOutThProduct.c(7): Resource "https://petstore.octoperf.com/images/sm_birds.gif" is in the cache already and will not be downloaded again  	[MsgId: MMSG-26655]
CheckOutThProduct.c(7): Resource "https://petstore.octoperf.com/images/banner_fish.gif" is in the cache already and will not be downloaded again  	[MsgId: MMSG-26655]
CheckOutThProduct.c(7): Registered web_reg_find successful for "Text=Shopping Cart" (count=1)  	[MsgId: MMSG-26364]
CheckOutThProduct.c(7): web_url("Cart.action_4") was successful, 4643 body bytes, 225 header bytes  	[MsgId: MMSG-26386]
CheckOutThProduct.c(15): Notify: Transaction "PetStore_ClickOnViewCart_T01" ended with a "Pass" status (Duration: 0.1271 Wasted Time: 0.0000).	[MsgId: MMSG-16871]
CheckOutThProduct.c(17): lr_think_time: 3.73 seconds (recorded think time was 5.00 seconds).	[MsgId: MMSG-15947]
CheckOutThProduct.c(23): Resource "https://petstore.octoperf.com/css/jpetstore.css" is in the cache already and will not be downloaded again  	[MsgId: MMSG-26655]
CheckOutThProduct.c(23): Resource "https://petstore.octoperf.com/images/logo-topbar.svg" is in the cache already and will not be downloaded again  	[MsgId: MMSG-26655]
CheckOutThProduct.c(23): Resource "https://petstore.octoperf.com/images/cart.gif" is in the cache already and will not be downloaded again  	[MsgId: MMSG-26655]
CheckOutThProduct.c(23): Resource "https://petstore.octoperf.com/images/separator.gif" is in the cache already and will not be downloaded again  	[MsgId: MMSG-26655]
CheckOutThProduct.c(23): Resource "https://petstore.octoperf.com/images/sm_fish.gif" is in the cache already and will not be downloaded again  	[MsgId: MMSG-26655]
CheckOutThProduct.c(23): Resource "https://petstore.octoperf.com/images/sm_dogs.gif" is in the cache already and will not be downloaded again  	[MsgId: MMSG-26655]
CheckOutThProduct.c(23): Resource "https://petstore.octoperf.com/images/sm_reptiles.gif" is in the cache already and will not be downloaded again  	[MsgId: MMSG-26655]
CheckOutThProduct.c(23): Resource "https://petstore.octoperf.com/images/sm_cats.gif" is in the cache already and will not be downloaded again  	[MsgId: MMSG-26655]
CheckOutThProduct.c(23): Resource "https://petstore.octoperf.com/images/sm_birds.gif" is in the cache already and will not be downloaded again  	[MsgId: MMSG-26655]
CheckOutThProduct.c(23): Resource "https://petstore.octoperf.com/images/banner_fish.gif" is in the cache already and will not be downloaded again  	[MsgId: MMSG-26655]
CheckOutThProduct.c(23): Registered web_reg_find successful for "Text=Payment Details" (count=1)  	[MsgId: MMSG-26364]
CheckOutThProduct.c(23): web_link("Proceed to Checkout") was successful, 5376 body bytes, 225 header bytes  	[MsgId: MMSG-26386]
CheckOutThProduct.c(27): Notify: Transaction "PetStore_ClickOnProccedToCheckOut_T02" ended with a "Pass" status (Duration: 0.1315 Wasted Time: 0.0000).	[MsgId: MMSG-16871]
CheckOutThProduct.c(29): lr_think_time: 3.97 seconds (recorded think time was 5.00 seconds).	[MsgId: MMSG-15947]
Login.c(9): Resource "https://petstore.octoperf.com/css/jpetstore.css" is in the cache already and will not be downloaded again  	[MsgId: MMSG-26655]
Login.c(9): Resource "https://petstore.octoperf.com/images/logo-topbar.svg" is in the cache already and will not be downloaded again  	[MsgId: MMSG-26655]
Login.c(9): Resource "https://petstore.octoperf.com/images/cart.gif" is in the cache already and will not be downloaded again  	[MsgId: MMSG-26655]
Login.c(9): Resource "https://petstore.octoperf.com/images/separator.gif" is in the cache already and will not be downloaded again  	[MsgId: MMSG-26655]
Login.c(9): Resource "https://petstore.octoperf.com/images/sm_fish.gif" is in the cache already and will not be downloaded again  	[MsgId: MMSG-26655]
Login.c(9): Resource "https://petstore.octoperf.com/images/sm_dogs.gif" is in the cache already and will not be downloaded again  	[MsgId: MMSG-26655]
Login.c(9): Resource "https://petstore.octoperf.com/images/sm_reptiles.gif" is in the cache already and will not be downloaded again  	[MsgId: MMSG-26655]
Login.c(9): Resource "https://petstore.octoperf.com/images/sm_cats.gif" is in the cache already and will not be downloaded again  	[MsgId: MMSG-26655]
Login.c(9): Resource "https://petstore.octoperf.com/images/sm_birds.gif" is in the cache already and will not be downloaded again  	[MsgId: MMSG-26655]
Login.c(9): Registered web_reg_find successful for "Text=Please enter your username and password" (count=1)  	[MsgId: MMSG-26364]
Login.c(9): web_link("Sign In") was successful, 3860 body bytes, 225 header bytes  	[MsgId: MMSG-26386]
Login.c(13): Notify: Transaction "PetStore_ClickOnSignIn_T01" ended with a "Pass" status (Duration: 0.1288 Wasted Time: 0.0000).	[MsgId: MMSG-16871]
Login.c(15): lr_think_time: 3.14 seconds (recorded think time was 5.00 seconds).	[MsgId: MMSG-15947]
CheckOutThProduct.c(58): Notify: Transaction "PetStore_ClickOnConform_T04" started.	[MsgId: MMSG-16999]
CheckOutThProduct.c(59): web_reg_find started  	[MsgId: MMSG-26355]
CheckOutThProduct.c(59): Registering web_reg_find was successful  	[MsgId: MMSG-26390]
CheckOutThProduct.c(62): web_link("Confirm") started  	[MsgId: MMSG-26355]
CheckOutThProduct.c(62): Linking to "https://petstore.octoperf.com/actions/Order.action?newOrder=&confirmed=true", Target Frame=""  	[MsgId: MMSG-27994]
CheckOutThProduct.c(62): Resource "https://petstore.octoperf.com/css/jpetstore.css" is in the cache already and will not be downloaded again  	[MsgId: MMSG-26655]
CheckOutThProduct.c(62): Resource "https://petstore.octoperf.com/images/logo-topbar.svg" is in the cache already and will not be downloaded again  	[MsgId: MMSG-26655]
CheckOutThProduct.c(62): Resource "https://petstore.octoperf.com/images/cart.gif" is in the cache already and will not be downloaded again  	[MsgId: MMSG-26655]
CheckOutThProduct.c(62): Resource "https://petstore.octoperf.com/images/separator.gif" is in the cache already and will not be downloaded again  	[MsgId: MMSG-26655]
CheckOutThProduct.c(62): Resource "https://petstore.octoperf.com/images/sm_fish.gif" is in the cache already and will not be downloaded again  	[MsgId: MMSG-26655]
CheckOutThProduct.c(62): Resource "https://petstore.octoperf.com/images/sm_dogs.gif" is in the cache already and will not be downloaded again  	[MsgId: MMSG-26655]
CheckOutThProduct.c(62): Resource "https://petstore.octoperf.com/images/sm_reptiles.gif" is in the cache already and will not be downloaded again  	[MsgId: MMSG-26655]
CheckOutThProduct.c(62): Resource "https://petstore.octoperf.com/images/sm_cats.gif" is in the cache already and will not be downloaded again  	[MsgId: MMSG-26655]
CheckOutThProduct.c(62): Resource "https://petstore.octoperf.com/images/sm_birds.gif" is in the cache already and will not be downloaded again  	[MsgId: MMSG-26655]
CheckOutThProduct.c(62): Resource "https://petstore.octoperf.com/images/banner_fish.gif" is in the cache already and will not be downloaded again  	[MsgId: MMSG-26655]
CheckOutThProduct.c(62): Registered web_reg_find successful for "Text=Thank you, your order has been submitted" (count=1)  	[MsgId: MMSG-26364]
CheckOutThProduct.c(62): web_link("Confirm") was successful, 5223 body bytes, 225 header bytes  	[MsgId: MMSG-26386]
CheckOutThProduct.c(66): Notify: Transaction "PetStore_ClickOnConform_T04" ended with a "Pass" status (Duration: 0.1330 Wasted Time: 0.0000).	[MsgId: MMSG-16871]
Ending action CheckOutThProduct.	[MsgId: MMSG-15918]
Action was aborted.	[MsgId: MMSG-10694]
Ending Vuser...	[MsgId: MMSG-15966]
Starting action vuser_end.	[MsgId: MMSG-15919]
vuser_end.c(4): Notify: Transaction "PetStore_SignOut_T01" started.	[MsgId: MMSG-16999]
vuser_end.c(6): web_reg_find started  	[MsgId: MMSG-26355]
vuser_end.c(6): Registering web_reg_find was successful  	[MsgId: MMSG-26390]
vuser_end.c(9): web_url("Account.action_2") started  	[MsgId: MMSG-26355]
vuser_end.c(9): Redirecting "https://petstore.octoperf.com/actions/Account.action?signoff=" (redirection depth is 0)  	[MsgId: MMSG-26694]
vuser_end.c(9): To location "https://petstore.octoperf.com/actions/Catalog.action"  	[MsgId: MMSG-26693]
vuser_end.c(9): Resource "https://petstore.octoperf.com/css/jpetstore.css" is in the cache already and will not be downloaded again  	[MsgId: MMSG-26655]
vuser_end.c(9): Resource "https://petstore.octoperf.com/images/logo-topbar.svg" is in the cache already and will not be downloaded again  	[MsgId: MMSG-26655]
vuser_end.c(9): Resource "https://petstore.octoperf.com/images/cart.gif" is in the cache already and will not be downloaded again  	[MsgId: MMSG-26655]
vuser_end.c(9): Resource "https://petstore.octoperf.com/images/separator.gif" is in the cache already and will not be downloaded again  	[MsgId: MMSG-26655]
vuser_end.c(9): Resource "https://petstore.octoperf.com/images/sm_fish.gif" is in the cache already and will not be downloaded again  	[MsgId: MMSG-26655]
vuser_end.c(9): Resource "https://petstore.octoperf.com/images/sm_dogs.gif" is in the cache already and will not be downloaded again  	[MsgId: MMSG-26655]
vuser_end.c(9): Resource "https://petstore.octoperf.com/images/sm_reptiles.gif" is in the cache already and will not be downloaded again  	[MsgId: MMSG-26655]
vuser_end.c(9): Resource "https://petstore.octoperf.com/images/sm_cats.gif" is in the cache already and will not be downloaded again  	[MsgId: MMSG-26655]
vuser_end.c(9): Resource "https://petstore.octoperf.com/images/sm_birds.gif" is in the cache already and will not be downloaded again  	[MsgId: MMSG-26655]
vuser_end.c(9): Resource "https://petstore.octoperf.com/images/fish_icon.gif" is in the cache already and will not be downloaded again  	[MsgId: MMSG-26655]
vuser_end.c(9): Resource "https://petstore.octoperf.com/images/dogs_icon.gif" is in the cache already and will not be downloaded again  	[MsgId: MMSG-26655]
vuser_end.c(9): Resource "https://petstore.octoperf.com/images/cats_icon.gif" is in the cache already and will not be downloaded again  	[MsgId: MMSG-26655]
vuser_end.c(9): Resource "https://petstore.octoperf.com/images/reptiles_icon.gif" is in the cache already and will not be downloaded again  	[MsgId: MMSG-26655]
vuser_end.c(9): Resource "https://petstore.octoperf.com/images/birds_icon.gif" is in the cache already and will not be downloaded again  	[MsgId: MMSG-26655]
vuser_end.c(9): Resource "https://petstore.octoperf.com/images/splash.gif" is in the cache already and will not be downloaded again  	[MsgId: MMSG-26655]
vuser_end.c(9): Registered web_reg_find successful for "Text=Sign In" (count=1)  	[MsgId: MMSG-26364]
vuser_end.c(9): web_url("Account.action_2") was successful, 4736 body bytes, 518 header bytes  	[MsgId: MMSG-26386]
vuser_end.c(18): Notify: Transaction "PetStore_SignOut_T01" ended with a "Pass" status (Duration: 0.2567 Wasted Time: 0.0000).	[MsgId: MMSG-16871]
vuser_end.c(20): Script Exection done sucessfully	[MsgId: MMSG-17999]
vuser_end.c(21): web_cache_cleanup started  	[MsgId: MMSG-26355]
vuser_end.c(21): web_cache_cleanup was successful  	[MsgId: MMSG-26392]
vuser_end.c(22): web_cleanup_cookies started  	[MsgId: MMSG-26355]
vuser_end.c(22): web_cleanup_cookies was successful  	[MsgId: MMSG-26392]
Ending action vuser_end.	[MsgId: MMSG-15918]
Vuser Terminated.	[MsgId: MMSG-15963]
Vuser 5 (thread 5036), ended OK."	[MsgId: MMSG-10695]
AddToCard.c(88): Notify: Transaction "PetStore_AddToCard_T04" started.	[MsgId: MMSG-16999]
AddToCard.c(90): web_reg_find started  	[MsgId: MMSG-26355]
AddToCard.c(90): Registering web_reg_find was successful  	[MsgId: MMSG-26390]
AddToCard.c(94): web_link("Add to Cart") started  	[MsgId: MMSG-26355]
AddToCard.c(94): Linking to "https://petstore.octoperf.com/actions/Cart.action?addItemToCart=&workingItemId=EST-19", Target Frame=""  	[MsgId: MMSG-27994]
AddToCard.c(94): Resource "https://petstore.octoperf.com/css/jpetstore.css" is in the cache already and will not be downloaded again  	[MsgId: MMSG-26655]
AddToCard.c(94): Resource "https://petstore.octoperf.com/images/logo-topbar.svg" is in the cache already and will not be downloaded again  	[MsgId: MMSG-26655]
AddToCard.c(94): Resource "https://petstore.octoperf.com/images/cart.gif" is in the cache already and will not be downloaded again  	[MsgId: MMSG-26655]
AddToCard.c(94): Resource "https://petstore.octoperf.com/images/separator.gif" is in the cache already and will not be downloaded again  	[MsgId: MMSG-26655]
AddToCard.c(94): Resource "https://petstore.octoperf.com/images/sm_fish.gif" is in the cache already and will not be downloaded again  	[MsgId: MMSG-26655]
AddToCard.c(94): Resource "https://petstore.octoperf.com/images/sm_dogs.gif" is in the cache already and will not be downloaded again  	[MsgId: MMSG-26655]
AddToCard.c(94): Resource "https://petstore.octoperf.com/images/sm_reptiles.gif" is in the cache already and will not be downloaded again  	[MsgId: MMSG-26655]
AddToCard.c(94): Resource "https://petstore.octoperf.com/images/sm_cats.gif" is in the cache already and will not be downloaded again  	[MsgId: MMSG-26655]
AddToCard.c(94): Resource "https://petstore.octoperf.com/images/sm_birds.gif" is in the cache already and will not be downloaded again  	[MsgId: MMSG-26655]
AddToCard.c(94): Resource "https://petstore.octoperf.com/images/banner_fish.gif" is in the cache already and will not be downloaded again  	[MsgId: MMSG-26655]
AddToCard.c(94): Registered web_reg_find successful for "Text=Shopping Cart" (count=1)  	[MsgId: MMSG-26364]
AddToCard.c(94): web_link("Add to Cart") was successful, 4632 body bytes, 225 header bytes  	[MsgId: MMSG-26386]
AddToCard.c(99): Notify: Transaction "PetStore_AddToCard_T04" ended with a "Pass" status (Duration: 0.1282 Wasted Time: 0.0000).	[MsgId: MMSG-16871]
CheckOutThProduct.c(4): Notify: Transaction "PetStore_ClickOnViewCart_T01" started.	[MsgId: MMSG-16999]
CheckOutThProduct.c(5): web_reg_find started  	[MsgId: MMSG-26355]
CheckOutThProduct.c(5): Registering web_reg_find was successful  	[MsgId: MMSG-26390]
CheckOutThProduct.c(7): web_url("Cart.action_4") started  	[MsgId: MMSG-26355]
Registration.c(137): Notify: Transaction "PetStore_SignOut_T05" started.	[MsgId: MMSG-16999]
Registration.c(139): web_reg_find started  	[MsgId: MMSG-26355]
Registration.c(139): Registering web_reg_find was successful  	[MsgId: MMSG-26390]
Registration.c(142): web_url("Account.action_2") started  	[MsgId: MMSG-26355]
CheckOutThProduct.c(7): Resource "https://petstore.octoperf.com/css/jpetstore.css" is in the cache already and will not be downloaded again  	[MsgId: MMSG-26655]
CheckOutThProduct.c(7): Resource "https://petstore.octoperf.com/images/logo-topbar.svg" is in the cache already and will not be downloaded again  	[MsgId: MMSG-26655]
CheckOutThProduct.c(7): Resource "https://petstore.octoperf.com/images/cart.gif" is in the cache already and will not be downloaded again  	[MsgId: MMSG-26655]
CheckOutThProduct.c(7): Resource "https://petstore.octoperf.com/images/separator.gif" is in the cache already and will not be downloaded again  	[MsgId: MMSG-26655]
CheckOutThProduct.c(7): Resource "https://petstore.octoperf.com/images/sm_fish.gif" is in the cache already and will not be downloaded again  	[MsgId: MMSG-26655]
CheckOutThProduct.c(7): Resource "https://petstore.octoperf.com/images/sm_dogs.gif" is in the cache already and will not be downloaded again  	[MsgId: MMSG-26655]
CheckOutThProduct.c(7): Resource "https://petstore.octoperf.com/images/sm_reptiles.gif" is in the cache already and will not be downloaded again  	[MsgId: MMSG-26655]
CheckOutThProduct.c(7): Resource "https://petstore.octoperf.com/images/sm_cats.gif" is in the cache already and will not be downloaded again  	[MsgId: MMSG-26655]
CheckOutThProduct.c(7): Resource "https://petstore.octoperf.com/images/sm_birds.gif" is in the cache already and will not be downloaded again  	[MsgId: MMSG-26655]
CheckOutThProduct.c(7): Resource "https://petstore.octoperf.com/images/banner_fish.gif" is in the cache already and will not be downloaded again  	[MsgId: MMSG-26655]
CheckOutThProduct.c(7): Registered web_reg_find successful for "Text=Shopping Cart" (count=1)  	[MsgId: MMSG-26364]
CheckOutThProduct.c(7): web_url("Cart.action_4") was successful, 4632 body bytes, 225 header bytes  	[MsgId: MMSG-26386]
CheckOutThProduct.c(15): Notify: Transaction "PetStore_ClickOnViewCart_T01" ended with a "Pass" status (Duration: 0.1271 Wasted Time: 0.0000).	[MsgId: MMSG-16871]
CheckOutThProduct.c(17): lr_think_time: 4.07 seconds (recorded think time was 5.00 seconds).	[MsgId: MMSG-15947]
Registration.c(142): Redirecting "https://petstore.octoperf.com/actions/Account.action?signoff=" (redirection depth is 0)  	[MsgId: MMSG-26694]
Registration.c(142): To location "https://petstore.octoperf.com/actions/Catalog.action"  	[MsgId: MMSG-26693]
Registration.c(142): Resource "https://petstore.octoperf.com/css/jpetstore.css" is in the cache already and will not be downloaded again  	[MsgId: MMSG-26655]
Registration.c(142): Resource "https://petstore.octoperf.com/images/logo-topbar.svg" is in the cache already and will not be downloaded again  	[MsgId: MMSG-26655]
Registration.c(142): Resource "https://petstore.octoperf.com/images/cart.gif" is in the cache already and will not be downloaded again  	[MsgId: MMSG-26655]
Registration.c(142): Resource "https://petstore.octoperf.com/images/separator.gif" is in the cache already and will not be downloaded again  	[MsgId: MMSG-26655]
Registration.c(142): Resource "https://petstore.octoperf.com/images/sm_fish.gif" is in the cache already and will not be downloaded again  	[MsgId: MMSG-26655]
Registration.c(142): Resource "https://petstore.octoperf.com/images/sm_dogs.gif" is in the cache already and will not be downloaded again  	[MsgId: MMSG-26655]
Registration.c(142): Resource "https://petstore.octoperf.com/images/sm_reptiles.gif" is in the cache already and will not be downloaded again  	[MsgId: MMSG-26655]
Registration.c(142): Resource "https://petstore.octoperf.com/images/sm_cats.gif" is in the cache already and will not be downloaded again  	[MsgId: MMSG-26655]
Registration.c(142): Resource "https://petstore.octoperf.com/images/sm_birds.gif" is in the cache already and will not be downloaded again  	[MsgId: MMSG-26655]
Registration.c(142): Resource "https://petstore.octoperf.com/images/fish_icon.gif" is in the cache already and will not be downloaded again  	[MsgId: MMSG-26655]
Registration.c(142): Resource "https://petstore.octoperf.com/images/dogs_icon.gif" is in the cache already and will not be downloaded again  	[MsgId: MMSG-26655]
Registration.c(142): Resource "https://petstore.octoperf.com/images/cats_icon.gif" is in the cache already and will not be downloaded again  	[MsgId: MMSG-26655]
Registration.c(142): Resource "https://petstore.octoperf.com/images/reptiles_icon.gif" is in the cache already and will not be downloaded again  	[MsgId: MMSG-26655]
Registration.c(142): Resource "https://petstore.octoperf.com/images/birds_icon.gif" is in the cache already and will not be downloaded again  	[MsgId: MMSG-26655]
Registration.c(142): Resource "https://petstore.octoperf.com/images/splash.gif" is in the cache already and will not be downloaded again  	[MsgId: MMSG-26655]
Registration.c(142): Registered web_reg_find successful for "Text=Sign In" (count=1)  	[MsgId: MMSG-26364]
Registration.c(142): web_url("Account.action_2") was successful, 4736 body bytes, 518 header bytes  	[MsgId: MMSG-26386]
Registration.c(151): Notify: Transaction "PetStore_SignOut_T05" ended with a "Pass" status (Duration: 0.2493 Wasted Time: 0.0000).	[MsgId: MMSG-16871]
Login.c(4): Notify: Transaction "PetStore_ClickOnSignIn_T01" started.	[MsgId: MMSG-16999]
Login.c(6): web_reg_find started  	[MsgId: MMSG-26355]
Login.c(6): Registering web_reg_find was successful  	[MsgId: MMSG-26390]
Login.c(9): web_link("Sign In") started  	[MsgId: MMSG-26355]
Login.c(9): Linking to "https://petstore.octoperf.com/actions/Account.action?signonForm=", Target Frame=""  	[MsgId: MMSG-27994]
Login.c(9): Resource "https://petstore.octoperf.com/css/jpetstore.css" is in the cache already and will not be downloaded again  	[MsgId: MMSG-26655]
Login.c(9): Resource "https://petstore.octoperf.com/images/logo-topbar.svg" is in the cache already and will not be downloaded again  	[MsgId: MMSG-26655]
Login.c(9): Resource "https://petstore.octoperf.com/images/cart.gif" is in the cache already and will not be downloaded again  	[MsgId: MMSG-26655]
Login.c(9): Resource "https://petstore.octoperf.com/images/separator.gif" is in the cache already and will not be downloaded again  	[MsgId: MMSG-26655]
Login.c(9): Resource "https://petstore.octoperf.com/images/sm_fish.gif" is in the cache already and will not be downloaded again  	[MsgId: MMSG-26655]
Login.c(9): Resource "https://petstore.octoperf.com/images/sm_dogs.gif" is in the cache already and will not be downloaded again  	[MsgId: MMSG-26655]
Login.c(9): Resource "https://petstore.octoperf.com/images/sm_reptiles.gif" is in the cache already and will not be downloaded again  	[MsgId: MMSG-26655]
Login.c(9): Resource "https://petstore.octoperf.com/images/sm_cats.gif" is in the cache already and will not be downloaded again  	[MsgId: MMSG-26655]
Login.c(9): Resource "https://petstore.octoperf.com/images/sm_birds.gif" is in the cache already and will not be downloaded again  	[MsgId: MMSG-26655]
Login.c(9): Registered web_reg_find successful for "Text=Please enter your username and password" (count=1)  	[MsgId: MMSG-26364]
Login.c(9): web_link("Sign In") was successful, 3856 body bytes, 225 header bytes  	[MsgId: MMSG-26386]
Login.c(13): Notify: Transaction "PetStore_ClickOnSignIn_T01" ended with a "Pass" status (Duration: 0.1248 Wasted Time: 0.0000).	[MsgId: MMSG-16871]
Login.c(15): lr_think_time: 4.34 seconds (recorded think time was 5.00 seconds).	[MsgId: MMSG-15947]
AddToCard.c(88): Notify: Transaction "PetStore_AddToCard_T04" started.	[MsgId: MMSG-16999]
AddToCard.c(90): web_reg_find started  	[MsgId: MMSG-26355]
AddToCard.c(90): Registering web_reg_find was successful  	[MsgId: MMSG-26390]
AddToCard.c(94): web_link("Add to Cart") started  	[MsgId: MMSG-26355]
AddToCard.c(94): Linking to "https://petstore.octoperf.com/actions/Cart.action?addItemToCart=&workingItemId=EST-9", Target Frame=""  	[MsgId: MMSG-27994]
Login.c(17): Notify: Transaction "PetStore_Login_T01" started.	[MsgId: MMSG-16999]
Login.c(18): web_reg_find started  	[MsgId: MMSG-26355]
Login.c(18): Registering web_reg_find was successful  	[MsgId: MMSG-26390]
Login.c(20): web_reg_save_param_regexp started  	[MsgId: MMSG-26355]
Login.c(20): Registering web_reg_save_param_regexp was successful  	[MsgId: MMSG-26390]
Login.c(26): web_submit_form("Account.action") started  	[MsgId: MMSG-26355]
Login.c(26): Notify: Parameter Substitution: parameter "randomUsername" =  "CHKH"	[MsgId: MMSG-13992]
Login.c(26): Notify: Parameter Substitution: parameter "randompass" =  "jfnk"	[MsgId: MMSG-13992]
Login.c(26): Submitting form to "https://petstore.octoperf.com/actions/Account.action", Target Frame=""  	[MsgId: MMSG-27978]
AddToCard.c(94): Resource "https://petstore.octoperf.com/css/jpetstore.css" is in the cache already and will not be downloaded again  	[MsgId: MMSG-26655]
AddToCard.c(94): Resource "https://petstore.octoperf.com/images/logo-topbar.svg" is in the cache already and will not be downloaded again  	[MsgId: MMSG-26655]
AddToCard.c(94): Resource "https://petstore.octoperf.com/images/cart.gif" is in the cache already and will not be downloaded again  	[MsgId: MMSG-26655]
AddToCard.c(94): Resource "https://petstore.octoperf.com/images/separator.gif" is in the cache already and will not be downloaded again  	[MsgId: MMSG-26655]
AddToCard.c(94): Resource "https://petstore.octoperf.com/images/sm_fish.gif" is in the cache already and will not be downloaded again  	[MsgId: MMSG-26655]
AddToCard.c(94): Resource "https://petstore.octoperf.com/images/sm_dogs.gif" is in the cache already and will not be downloaded again  	[MsgId: MMSG-26655]
AddToCard.c(94): Resource "https://petstore.octoperf.com/images/sm_reptiles.gif" is in the cache already and will not be downloaded again  	[MsgId: MMSG-26655]
AddToCard.c(94): Resource "https://petstore.octoperf.com/images/sm_cats.gif" is in the cache already and will not be downloaded again  	[MsgId: MMSG-26655]
AddToCard.c(94): Resource "https://petstore.octoperf.com/images/sm_birds.gif" is in the cache already and will not be downloaded again  	[MsgId: MMSG-26655]
AddToCard.c(94): Resource "https://petstore.octoperf.com/images/banner_fish.gif" is in the cache already and will not be downloaded again  	[MsgId: MMSG-26655]
AddToCard.c(94): Registered web_reg_find successful for "Text=Shopping Cart" (count=1)  	[MsgId: MMSG-26364]
AddToCard.c(94): web_link("Add to Cart") was successful, 4641 body bytes, 225 header bytes  	[MsgId: MMSG-26386]
AddToCard.c(99): Notify: Transaction "PetStore_AddToCard_T04" ended with a "Pass" status (Duration: 0.1295 Wasted Time: 0.0000).	[MsgId: MMSG-16871]
CheckOutThProduct.c(4): Notify: Transaction "PetStore_ClickOnViewCart_T01" started.	[MsgId: MMSG-16999]
CheckOutThProduct.c(5): web_reg_find started  	[MsgId: MMSG-26355]
CheckOutThProduct.c(5): Registering web_reg_find was successful  	[MsgId: MMSG-26390]
CheckOutThProduct.c(7): web_url("Cart.action_4") started  	[MsgId: MMSG-26355]
CheckOutThProduct.c(7): Resource "https://petstore.octoperf.com/css/jpetstore.css" is in the cache already and will not be downloaded again  	[MsgId: MMSG-26655]
CheckOutThProduct.c(7): Resource "https://petstore.octoperf.com/images/logo-topbar.svg" is in the cache already and will not be downloaded again  	[MsgId: MMSG-26655]
CheckOutThProduct.c(7): Resource "https://petstore.octoperf.com/images/cart.gif" is in the cache already and will not be downloaded again  	[MsgId: MMSG-26655]
CheckOutThProduct.c(7): Resource "https://petstore.octoperf.com/images/separator.gif" is in the cache already and will not be downloaded again  	[MsgId: MMSG-26655]
CheckOutThProduct.c(7): Resource "https://petstore.octoperf.com/images/sm_fish.gif" is in the cache already and will not be downloaded again  	[MsgId: MMSG-26655]
CheckOutThProduct.c(7): Resource "https://petstore.octoperf.com/images/sm_dogs.gif" is in the cache already and will not be downloaded again  	[MsgId: MMSG-26655]
CheckOutThProduct.c(7): Resource "https://petstore.octoperf.com/images/sm_reptiles.gif" is in the cache already and will not be downloaded again  	[MsgId: MMSG-26655]
CheckOutThProduct.c(7): Resource "https://petstore.octoperf.com/images/sm_cats.gif" is in the cache already and will not be downloaded again  	[MsgId: MMSG-26655]
CheckOutThProduct.c(7): Resource "https://petstore.octoperf.com/images/sm_birds.gif" is in the cache already and will not be downloaded again  	[MsgId: MMSG-26655]
CheckOutThProduct.c(7): Resource "https://petstore.octoperf.com/images/banner_fish.gif" is in the cache already and will not be downloaded again  	[MsgId: MMSG-26655]
CheckOutThProduct.c(7): Registered web_reg_find successful for "Text=Shopping Cart" (count=1)  	[MsgId: MMSG-26364]
CheckOutThProduct.c(7): web_url("Cart.action_4") was successful, 4641 body bytes, 225 header bytes  	[MsgId: MMSG-26386]
CheckOutThProduct.c(15): Notify: Transaction "PetStore_ClickOnViewCart_T01" ended with a "Pass" status (Duration: 0.1282 Wasted Time: 0.0000).	[MsgId: MMSG-16871]
CheckOutThProduct.c(17): lr_think_time: 3.52 seconds (recorded think time was 5.00 seconds).	[MsgId: MMSG-15947]
Login.c(26): Redirecting "https://petstore.octoperf.com/actions/Account.action" (redirection depth is 0)  	[MsgId: MMSG-26694]
Login.c(26): To location "https://petstore.octoperf.com/actions/Catalog.action"  	[MsgId: MMSG-26693]
Registration.c(43): Notify: Transaction "PetStore_ClickOnRegistration_T03" started.	[MsgId: MMSG-16999]
Registration.c(45): web_reg_find started  	[MsgId: MMSG-26355]
Registration.c(45): Registering web_reg_find was successful  	[MsgId: MMSG-26390]
Registration.c(48): web_link("Register Now!") started  	[MsgId: MMSG-26355]
Registration.c(48): Linking to "https://petstore.octoperf.com/actions/Account.action?newAccountForm=", Target Frame=""  	[MsgId: MMSG-27994]
Login.c(26): Resource "https://petstore.octoperf.com/css/jpetstore.css" is in the cache already and will not be downloaded again  	[MsgId: MMSG-26655]
Login.c(26): Resource "https://petstore.octoperf.com/images/logo-topbar.svg" is in the cache already and will not be downloaded again  	[MsgId: MMSG-26655]
Login.c(26): Resource "https://petstore.octoperf.com/images/cart.gif" is in the cache already and will not be downloaded again  	[MsgId: MMSG-26655]
Login.c(26): Resource "https://petstore.octoperf.com/images/separator.gif" is in the cache already and will not be downloaded again  	[MsgId: MMSG-26655]
Login.c(26): Resource "https://petstore.octoperf.com/images/sm_fish.gif" is in the cache already and will not be downloaded again  	[MsgId: MMSG-26655]
Login.c(26): Resource "https://petstore.octoperf.com/images/sm_dogs.gif" is in the cache already and will not be downloaded again  	[MsgId: MMSG-26655]
Login.c(26): Resource "https://petstore.octoperf.com/images/sm_reptiles.gif" is in the cache already and will not be downloaded again  	[MsgId: MMSG-26655]
Login.c(26): Resource "https://petstore.octoperf.com/images/sm_cats.gif" is in the cache already and will not be downloaded again  	[MsgId: MMSG-26655]
Login.c(26): Resource "https://petstore.octoperf.com/images/sm_birds.gif" is in the cache already and will not be downloaded again  	[MsgId: MMSG-26655]
Login.c(26): Resource "https://petstore.octoperf.com/images/fish_icon.gif" is in the cache already and will not be downloaded again  	[MsgId: MMSG-26655]
Login.c(26): Resource "https://petstore.octoperf.com/images/dogs_icon.gif" is in the cache already and will not be downloaded again  	[MsgId: MMSG-26655]
Login.c(26): Resource "https://petstore.octoperf.com/images/cats_icon.gif" is in the cache already and will not be downloaded again  	[MsgId: MMSG-26655]
Login.c(26): Resource "https://petstore.octoperf.com/images/reptiles_icon.gif" is in the cache already and will not be downloaded again  	[MsgId: MMSG-26655]
Login.c(26): Resource "https://petstore.octoperf.com/images/birds_icon.gif" is in the cache already and will not be downloaded again  	[MsgId: MMSG-26655]
Login.c(26): Resource "https://petstore.octoperf.com/images/splash.gif" is in the cache already and will not be downloaded again  	[MsgId: MMSG-26655]
Login.c(26): Found resource "https://petstore.octoperf.com/images/banner_fish.gif" in HTML "https://petstore.octoperf.com/actions/Catalog.action"  	[MsgId: MMSG-26659]
Login.c(26): Notify: Saving Parameter "ProductName_1 = BIRDS".	[MsgId: MMSG-13798]
Login.c(26): Notify: Saving Parameter "ProductName_2 = FISH".	[MsgId: MMSG-13798]
Login.c(26): Notify: Saving Parameter "ProductName_3 = DOGS".	[MsgId: MMSG-13798]
Login.c(26): Notify: Saving Parameter "ProductName_4 = REPTILES".	[MsgId: MMSG-13798]
Login.c(26): Notify: Saving Parameter "ProductName_5 = CATS".	[MsgId: MMSG-13798]
Login.c(26): Notify: Saving Parameter "ProductName_6 = BIRDS".	[MsgId: MMSG-13798]
Registration.c(48): Resource "https://petstore.octoperf.com/css/jpetstore.css" is in the cache already and will not be downloaded again  	[MsgId: MMSG-26655]
Registration.c(48): Resource "https://petstore.octoperf.com/images/logo-topbar.svg" is in the cache already and will not be downloaded again  	[MsgId: MMSG-26655]
Registration.c(48): Resource "https://petstore.octoperf.com/images/cart.gif" is in the cache already and will not be downloaded again  	[MsgId: MMSG-26655]
Registration.c(48): Resource "https://petstore.octoperf.com/images/separator.gif" is in the cache already and will not be downloaded again  	[MsgId: MMSG-26655]
Registration.c(48): Resource "https://petstore.octoperf.com/images/sm_fish.gif" is in the cache already and will not be downloaded again  	[MsgId: MMSG-26655]
Registration.c(48): Resource "https://petstore.octoperf.com/images/sm_dogs.gif" is in the cache already and will not be downloaded again  	[MsgId: MMSG-26655]
Registration.c(48): Resource "https://petstore.octoperf.com/images/sm_reptiles.gif" is in the cache already and will not be downloaded again  	[MsgId: MMSG-26655]
Registration.c(48): Resource "https://petstore.octoperf.com/images/sm_cats.gif" is in the cache already and will not be downloaded again  	[MsgId: MMSG-26655]
Registration.c(48): Resource "https://petstore.octoperf.com/images/sm_birds.gif" is in the cache already and will not be downloaded again  	[MsgId: MMSG-26655]
Registration.c(48): Registered web_reg_find successful for "Text=User Information" (count=1)  	[MsgId: MMSG-26364]
Registration.c(48): web_link("Register Now!") was successful, 5819 body bytes, 225 header bytes  	[MsgId: MMSG-26386]
Registration.c(53): Notify: Transaction "PetStore_ClickOnRegistration_T03" ended with a "Pass" status (Duration: 0.1310 Wasted Time: 0.0000).	[MsgId: MMSG-16871]
Registration.c(55): lr_think_time: 4.39 seconds (recorded think time was 5.00 seconds).	[MsgId: MMSG-15947]
CheckOutThProduct.c(19): Notify: Transaction "PetStore_ClickOnProccedToCheckOut_T02" started.	[MsgId: MMSG-16999]
CheckOutThProduct.c(20): web_reg_find started  	[MsgId: MMSG-26355]
Login.c(26): Notify: Saving Parameter "ProductName_count = 6".	[MsgId: MMSG-13798]
Login.c(26): Registered web_reg_find successful for "Text=My Account" (count=1)  	[MsgId: MMSG-26364]
Login.c(26): web_submit_form("Account.action") was successful, 11416 body bytes, 727 header bytes  	[MsgId: MMSG-26386]
Login.c(34): Notify: Transaction "PetStore_Login_T01" ended with a "Pass" status (Duration: 0.5337 Wasted Time: 0.0004).	[MsgId: MMSG-16871]
Ending action Login.	[MsgId: MMSG-15918]
Starting action CheckOutThProduct.	[MsgId: MMSG-15919]
AddToCard.c(8): Notify: Transaction "PetStore_AddAproduct_T01" started.	[MsgId: MMSG-16999]
AddToCard.c(11): Notify: Parameter Substitution: parameter "ProductName_count" =  "6"	[MsgId: MMSG-13992]
AddToCard.c(12): Notify: Parameter Substitution: parameter "ProductName_6" =  "BIRDS"	[MsgId: MMSG-13992]
AddToCard.c(14): Notify: Saving Parameter "RandCategory = BIRDS".	[MsgId: MMSG-13798]
AddToCard.c(15): Notify: Parameter Substitution: parameter "RandCategory" =  "BIRDS"	[MsgId: MMSG-13992]
AddToCard.c(15): Random category selected in Action2 = BIRDS	[MsgId: MMSG-17999]
AddToCard.c(17): web_reg_find started  	[MsgId: MMSG-26355]
AddToCard.c(17): Notify: Parameter Substitution: parameter "RandCategory" =  "BIRDS"	[MsgId: MMSG-13992]
AddToCard.c(17): Registering web_reg_find was successful  	[MsgId: MMSG-26390]
AddToCard.c(20): web_reg_save_param_regexp started  	[MsgId: MMSG-26355]
AddToCard.c(20): Registering web_reg_save_param_regexp was successful  	[MsgId: MMSG-26390]
AddToCard.c(27): web_url("Catalog.action_2") started  	[MsgId: MMSG-26355]
AddToCard.c(27): Notify: Parameter Substitution: parameter "RandCategory" =  "BIRDS"	[MsgId: MMSG-13992]
CheckOutThProduct.c(20): Registering web_reg_find was successful  	[MsgId: MMSG-26390]
CheckOutThProduct.c(23): web_link("Proceed to Checkout") started  	[MsgId: MMSG-26355]
CheckOutThProduct.c(23): Linking to "https://petstore.octoperf.com/actions/Order.action?newOrderForm=", Target Frame=""  	[MsgId: MMSG-27994]
CheckOutThProduct.c(23): Resource "https://petstore.octoperf.com/css/jpetstore.css" is in the cache already and will not be downloaded again  	[MsgId: MMSG-26655]
CheckOutThProduct.c(23): Resource "https://petstore.octoperf.com/images/logo-topbar.svg" is in the cache already and will not be downloaded again  	[MsgId: MMSG-26655]
CheckOutThProduct.c(23): Resource "https://petstore.octoperf.com/images/cart.gif" is in the cache already and will not be downloaded again  	[MsgId: MMSG-26655]
CheckOutThProduct.c(23): Resource "https://petstore.octoperf.com/images/separator.gif" is in the cache already and will not be downloaded again  	[MsgId: MMSG-26655]
CheckOutThProduct.c(23): Resource "https://petstore.octoperf.com/images/sm_fish.gif" is in the cache already and will not be downloaded again  	[MsgId: MMSG-26655]
CheckOutThProduct.c(23): Resource "https://petstore.octoperf.com/images/sm_dogs.gif" is in the cache already and will not be downloaded again  	[MsgId: MMSG-26655]
CheckOutThProduct.c(23): Resource "https://petstore.octoperf.com/images/sm_reptiles.gif" is in the cache already and will not be downloaded again  	[MsgId: MMSG-26655]
CheckOutThProduct.c(23): Resource "https://petstore.octoperf.com/images/sm_cats.gif" is in the cache already and will not be downloaded again  	[MsgId: MMSG-26655]
CheckOutThProduct.c(23): Resource "https://petstore.octoperf.com/images/sm_birds.gif" is in the cache already and will not be downloaded again  	[MsgId: MMSG-26655]
CheckOutThProduct.c(23): Resource "https://petstore.octoperf.com/images/banner_fish.gif" is in the cache already and will not be downloaded again  	[MsgId: MMSG-26655]
CheckOutThProduct.c(23): Registered web_reg_find successful for "Text=Payment Details" (count=1)  	[MsgId: MMSG-26364]
CheckOutThProduct.c(23): web_link("Proceed to Checkout") was successful, 5376 body bytes, 225 header bytes  	[MsgId: MMSG-26386]
CheckOutThProduct.c(27): Notify: Transaction "PetStore_ClickOnProccedToCheckOut_T02" ended with a "Pass" status (Duration: 0.1323 Wasted Time: 0.0000).	[MsgId: MMSG-16871]
CheckOutThProduct.c(29): lr_think_time: 3.40 seconds (recorded think time was 5.00 seconds).	[MsgId: MMSG-15947]
CheckOutThProduct.c(31): Notify: Transaction "PetStore_ClickOnContinue_T03" started.	[MsgId: MMSG-16999]
CheckOutThProduct.c(33): web_reg_find started  	[MsgId: MMSG-26355]
CheckOutThProduct.c(33): Registering web_reg_find was successful  	[MsgId: MMSG-26390]
CheckOutThProduct.c(36): web_submit_form("Order.action") started  	[MsgId: MMSG-26355]
CheckOutThProduct.c(36): Submitting form to "https://petstore.octoperf.com/actions/Order.action", Target Frame=""  	[MsgId: MMSG-27978]
AddToCard.c(27): Resource "https://petstore.octoperf.com/css/jpetstore.css" is in the cache already and will not be downloaded again  	[MsgId: MMSG-26655]
AddToCard.c(27): Resource "https://petstore.octoperf.com/images/logo-topbar.svg" is in the cache already and will not be downloaded again  	[MsgId: MMSG-26655]
AddToCard.c(27): Resource "https://petstore.octoperf.com/images/cart.gif" is in the cache already and will not be downloaded again  	[MsgId: MMSG-26655]
AddToCard.c(27): Resource "https://petstore.octoperf.com/images/separator.gif" is in the cache already and will not be downloaded again  	[MsgId: MMSG-26655]
AddToCard.c(27): Resource "https://petstore.octoperf.com/images/sm_fish.gif" is in the cache already and will not be downloaded again  	[MsgId: MMSG-26655]
AddToCard.c(27): Resource "https://petstore.octoperf.com/images/sm_dogs.gif" is in the cache already and will not be downloaded again  	[MsgId: MMSG-26655]
AddToCard.c(27): Resource "https://petstore.octoperf.com/images/sm_reptiles.gif" is in the cache already and will not be downloaded again  	[MsgId: MMSG-26655]
AddToCard.c(27): Resource "https://petstore.octoperf.com/images/sm_cats.gif" is in the cache already and will not be downloaded again  	[MsgId: MMSG-26655]
AddToCard.c(27): Resource "https://petstore.octoperf.com/images/sm_birds.gif" is in the cache already and will not be downloaded again  	[MsgId: MMSG-26655]
AddToCard.c(27): Resource "https://petstore.octoperf.com/images/banner_fish.gif" is in the cache already and will not be downloaded again  	[MsgId: MMSG-26655]
AddToCard.c(27): Notify: Saving Parameter "productId_1 = AV-CB-01".	[MsgId: MMSG-13798]
AddToCard.c(27): Notify: Saving Parameter "productId_2 = AV-SB-02".	[MsgId: MMSG-13798]
AddToCard.c(27): Notify: Saving Parameter "productId_count = 2".	[MsgId: MMSG-13798]
AddToCard.c(27): Registered web_reg_find successful for "Text=BIRDS" (count=1)  	[MsgId: MMSG-26364]
AddToCard.c(27): web_url("Catalog.action_2") was successful, 3625 body bytes, 225 header bytes  	[MsgId: MMSG-26386]
AddToCard.c(36): Notify: Transaction "PetStore_AddAproduct_T01" ended with a "Pass" status (Duration: 0.2944 Wasted Time: 0.0003).	[MsgId: MMSG-16871]
AddToCard.c(38): lr_think_time: 4.67 seconds (recorded think time was 5.00 seconds).	[MsgId: MMSG-15947]
CheckOutThProduct.c(36): Resource "https://petstore.octoperf.com/css/jpetstore.css" is in the cache already and will not be downloaded again  	[MsgId: MMSG-26655]
CheckOutThProduct.c(36): Resource "https://petstore.octoperf.com/images/logo-topbar.svg" is in the cache already and will not be downloaded again  	[MsgId: MMSG-26655]
CheckOutThProduct.c(36): Resource "https://petstore.octoperf.com/images/cart.gif" is in the cache already and will not be downloaded again  	[MsgId: MMSG-26655]
CheckOutThProduct.c(36): Resource "https://petstore.octoperf.com/images/separator.gif" is in the cache already and will not be downloaded again  	[MsgId: MMSG-26655]
CheckOutThProduct.c(36): Resource "https://petstore.octoperf.com/images/sm_fish.gif" is in the cache already and will not be downloaded again  	[MsgId: MMSG-26655]
CheckOutThProduct.c(36): Resource "https://petstore.octoperf.com/images/sm_dogs.gif" is in the cache already and will not be downloaded again  	[MsgId: MMSG-26655]
CheckOutThProduct.c(36): Resource "https://petstore.octoperf.com/images/sm_reptiles.gif" is in the cache already and will not be downloaded again  	[MsgId: MMSG-26655]
CheckOutThProduct.c(36): Resource "https://petstore.octoperf.com/images/sm_cats.gif" is in the cache already and will not be downloaded again  	[MsgId: MMSG-26655]
CheckOutThProduct.c(36): Resource "https://petstore.octoperf.com/images/sm_birds.gif" is in the cache already and will not be downloaded again  	[MsgId: MMSG-26655]
CheckOutThProduct.c(36): Resource "https://petstore.octoperf.com/images/banner_fish.gif" is in the cache already and will not be downloaded again  	[MsgId: MMSG-26655]
CheckOutThProduct.c(36): Registered web_reg_find successful for "Text=Confirm" (count=1)  	[MsgId: MMSG-26364]
CheckOutThProduct.c(36): web_submit_form("Order.action") was successful, 4526 body bytes, 225 header bytes  	[MsgId: MMSG-26386]
CheckOutThProduct.c(54): Notify: Transaction "PetStore_ClickOnContinue_T03" ended with a "Pass" status (Duration: 0.2568 Wasted Time: 0.0000).	[MsgId: MMSG-16871]
CheckOutThProduct.c(56): lr_think_time: 3.12 seconds (recorded think time was 5.00 seconds).	[MsgId: MMSG-15947]
CheckOutThProduct.c(19): Notify: Transaction "PetStore_ClickOnProccedToCheckOut_T02" started.	[MsgId: MMSG-16999]
CheckOutThProduct.c(20): web_reg_find started  	[MsgId: MMSG-26355]
CheckOutThProduct.c(20): Registering web_reg_find was successful  	[MsgId: MMSG-26390]
CheckOutThProduct.c(23): web_link("Proceed to Checkout") started  	[MsgId: MMSG-26355]
CheckOutThProduct.c(23): Linking to "https://petstore.octoperf.com/actions/Order.action?newOrderForm=", Target Frame=""  	[MsgId: MMSG-27994]
CheckOutThProduct.c(23): Resource "https://petstore.octoperf.com/css/jpetstore.css" is in the cache already and will not be downloaded again  	[MsgId: MMSG-26655]
CheckOutThProduct.c(23): Resource "https://petstore.octoperf.com/images/logo-topbar.svg" is in the cache already and will not be downloaded again  	[MsgId: MMSG-26655]
CheckOutThProduct.c(23): Resource "https://petstore.octoperf.com/images/cart.gif" is in the cache already and will not be downloaded again  	[MsgId: MMSG-26655]
CheckOutThProduct.c(23): Resource "https://petstore.octoperf.com/images/separator.gif" is in the cache already and will not be downloaded again  	[MsgId: MMSG-26655]
CheckOutThProduct.c(23): Resource "https://petstore.octoperf.com/images/sm_fish.gif" is in the cache already and will not be downloaded again  	[MsgId: MMSG-26655]
CheckOutThProduct.c(23): Resource "https://petstore.octoperf.com/images/sm_dogs.gif" is in the cache already and will not be downloaded again  	[MsgId: MMSG-26655]
CheckOutThProduct.c(23): Resource "https://petstore.octoperf.com/images/sm_reptiles.gif" is in the cache already and will not be downloaded again  	[MsgId: MMSG-26655]
CheckOutThProduct.c(23): Resource "https://petstore.octoperf.com/images/sm_cats.gif" is in the cache already and will not be downloaded again  	[MsgId: MMSG-26655]
CheckOutThProduct.c(23): Resource "https://petstore.octoperf.com/images/sm_birds.gif" is in the cache already and will not be downloaded again  	[MsgId: MMSG-26655]
CheckOutThProduct.c(23): Resource "https://petstore.octoperf.com/images/banner_fish.gif" is in the cache already and will not be downloaded again  	[MsgId: MMSG-26655]
CheckOutThProduct.c(23): Registered web_reg_find successful for "Text=Payment Details" (count=1)  	[MsgId: MMSG-26364]
CheckOutThProduct.c(23): web_link("Proceed to Checkout") was successful, 5376 body bytes, 225 header bytes  	[MsgId: MMSG-26386]
CheckOutThProduct.c(27): Notify: Transaction "PetStore_ClickOnProccedToCheckOut_T02" ended with a "Pass" status (Duration: 0.1281 Wasted Time: 0.0000).	[MsgId: MMSG-16871]
CheckOutThProduct.c(29): lr_think_time: 4.95 seconds (recorded think time was 5.00 seconds).	[MsgId: MMSG-15947]
CheckOutThProduct.c(19): Notify: Transaction "PetStore_ClickOnProccedToCheckOut_T02" started.	[MsgId: MMSG-16999]
CheckOutThProduct.c(20): web_reg_find started  	[MsgId: MMSG-26355]
CheckOutThProduct.c(20): Registering web_reg_find was successful  	[MsgId: MMSG-26390]
CheckOutThProduct.c(23): web_link("Proceed to Checkout") started  	[MsgId: MMSG-26355]
CheckOutThProduct.c(23): Linking to "https://petstore.octoperf.com/actions/Order.action?newOrderForm=", Target Frame=""  	[MsgId: MMSG-27994]
CheckOutThProduct.c(23): Resource "https://petstore.octoperf.com/css/jpetstore.css" is in the cache already and will not be downloaded again  	[MsgId: MMSG-26655]
CheckOutThProduct.c(23): Resource "https://petstore.octoperf.com/images/logo-topbar.svg" is in the cache already and will not be downloaded again  	[MsgId: MMSG-26655]
CheckOutThProduct.c(23): Resource "https://petstore.octoperf.com/images/cart.gif" is in the cache already and will not be downloaded again  	[MsgId: MMSG-26655]
CheckOutThProduct.c(23): Resource "https://petstore.octoperf.com/images/separator.gif" is in the cache already and will not be downloaded again  	[MsgId: MMSG-26655]
CheckOutThProduct.c(23): Resource "https://petstore.octoperf.com/images/sm_fish.gif" is in the cache already and will not be downloaded again  	[MsgId: MMSG-26655]
CheckOutThProduct.c(23): Resource "https://petstore.octoperf.com/images/sm_dogs.gif" is in the cache already and will not be downloaded again  	[MsgId: MMSG-26655]
CheckOutThProduct.c(23): Resource "https://petstore.octoperf.com/images/sm_reptiles.gif" is in the cache already and will not be downloaded again  	[MsgId: MMSG-26655]
CheckOutThProduct.c(23): Resource "https://petstore.octoperf.com/images/sm_cats.gif" is in the cache already and will not be downloaded again  	[MsgId: MMSG-26655]
CheckOutThProduct.c(23): Resource "https://petstore.octoperf.com/images/sm_birds.gif" is in the cache already and will not be downloaded again  	[MsgId: MMSG-26655]
CheckOutThProduct.c(23): Resource "https://petstore.octoperf.com/images/banner_fish.gif" is in the cache already and will not be downloaded again  	[MsgId: MMSG-26655]
CheckOutThProduct.c(23): Registered web_reg_find successful for "Text=Payment Details" (count=1)  	[MsgId: MMSG-26364]
CheckOutThProduct.c(23): web_link("Proceed to Checkout") was successful, 5376 body bytes, 225 header bytes  	[MsgId: MMSG-26386]
CheckOutThProduct.c(27): Notify: Transaction "PetStore_ClickOnProccedToCheckOut_T02" ended with a "Pass" status (Duration: 0.1276 Wasted Time: 0.0000).	[MsgId: MMSG-16871]
CheckOutThProduct.c(29): lr_think_time: 4.51 seconds (recorded think time was 5.00 seconds).	[MsgId: MMSG-15947]
CheckOutThProduct.c(31): Notify: Transaction "PetStore_ClickOnContinue_T03" started.	[MsgId: MMSG-16999]
CheckOutThProduct.c(33): web_reg_find started  	[MsgId: MMSG-26355]
CheckOutThProduct.c(33): Registering web_reg_find was successful  	[MsgId: MMSG-26390]
CheckOutThProduct.c(36): web_submit_form("Order.action") started  	[MsgId: MMSG-26355]
CheckOutThProduct.c(36): Submitting form to "https://petstore.octoperf.com/actions/Order.action", Target Frame=""  	[MsgId: MMSG-27978]
Login.c(17): Notify: Transaction "PetStore_Login_T01" started.	[MsgId: MMSG-16999]
Login.c(18): web_reg_find started  	[MsgId: MMSG-26355]
Login.c(18): Registering web_reg_find was successful  	[MsgId: MMSG-26390]
Login.c(20): web_reg_save_param_regexp started  	[MsgId: MMSG-26355]
Login.c(20): Registering web_reg_save_param_regexp was successful  	[MsgId: MMSG-26390]
Login.c(26): web_submit_form("Account.action") started  	[MsgId: MMSG-26355]
Login.c(26): Notify: Parameter Substitution: parameter "randomUsername" =  "SIRW"	[MsgId: MMSG-13992]
Login.c(26): Notify: Parameter Substitution: parameter "randompass" =  "pgge"	[MsgId: MMSG-13992]
Login.c(26): Submitting form to "https://petstore.octoperf.com/actions/Account.action", Target Frame=""  	[MsgId: MMSG-27978]
CheckOutThProduct.c(58): Notify: Transaction "PetStore_ClickOnConform_T04" started.	[MsgId: MMSG-16999]
CheckOutThProduct.c(59): web_reg_find started  	[MsgId: MMSG-26355]
CheckOutThProduct.c(59): Registering web_reg_find was successful  	[MsgId: MMSG-26390]
CheckOutThProduct.c(62): web_link("Confirm") started  	[MsgId: MMSG-26355]
CheckOutThProduct.c(62): Linking to "https://petstore.octoperf.com/actions/Order.action?newOrder=&confirmed=true", Target Frame=""  	[MsgId: MMSG-27994]
CheckOutThProduct.c(36): Resource "https://petstore.octoperf.com/css/jpetstore.css" is in the cache already and will not be downloaded again  	[MsgId: MMSG-26655]
CheckOutThProduct.c(36): Resource "https://petstore.octoperf.com/images/logo-topbar.svg" is in the cache already and will not be downloaded again  	[MsgId: MMSG-26655]
CheckOutThProduct.c(36): Resource "https://petstore.octoperf.com/images/cart.gif" is in the cache already and will not be downloaded again  	[MsgId: MMSG-26655]
CheckOutThProduct.c(36): Resource "https://petstore.octoperf.com/images/separator.gif" is in the cache already and will not be downloaded again  	[MsgId: MMSG-26655]
CheckOutThProduct.c(36): Resource "https://petstore.octoperf.com/images/sm_fish.gif" is in the cache already and will not be downloaded again  	[MsgId: MMSG-26655]
CheckOutThProduct.c(36): Resource "https://petstore.octoperf.com/images/sm_dogs.gif" is in the cache already and will not be downloaded again  	[MsgId: MMSG-26655]
CheckOutThProduct.c(36): Resource "https://petstore.octoperf.com/images/sm_reptiles.gif" is in the cache already and will not be downloaded again  	[MsgId: MMSG-26655]
CheckOutThProduct.c(36): Resource "https://petstore.octoperf.com/images/sm_cats.gif" is in the cache already and will not be downloaded again  	[MsgId: MMSG-26655]
CheckOutThProduct.c(36): Resource "https://petstore.octoperf.com/images/sm_birds.gif" is in the cache already and will not be downloaded again  	[MsgId: MMSG-26655]
CheckOutThProduct.c(36): Resource "https://petstore.octoperf.com/images/banner_fish.gif" is in the cache already and will not be downloaded again  	[MsgId: MMSG-26655]
CheckOutThProduct.c(36): Registered web_reg_find successful for "Text=Confirm" (count=1)  	[MsgId: MMSG-26364]
CheckOutThProduct.c(36): web_submit_form("Order.action") was successful, 4526 body bytes, 225 header bytes  	[MsgId: MMSG-26386]
CheckOutThProduct.c(54): Notify: Transaction "PetStore_ClickOnContinue_T03" ended with a "Pass" status (Duration: 0.2513 Wasted Time: 0.0000).	[MsgId: MMSG-16871]
CheckOutThProduct.c(56): lr_think_time: 3.83 seconds (recorded think time was 5.00 seconds).	[MsgId: MMSG-15947]
CheckOutThProduct.c(62): Resource "https://petstore.octoperf.com/css/jpetstore.css" is in the cache already and will not be downloaded again  	[MsgId: MMSG-26655]
CheckOutThProduct.c(62): Resource "https://petstore.octoperf.com/images/logo-topbar.svg" is in the cache already and will not be downloaded again  	[MsgId: MMSG-26655]
CheckOutThProduct.c(62): Resource "https://petstore.octoperf.com/images/cart.gif" is in the cache already and will not be downloaded again  	[MsgId: MMSG-26655]
CheckOutThProduct.c(62): Resource "https://petstore.octoperf.com/images/separator.gif" is in the cache already and will not be downloaded again  	[MsgId: MMSG-26655]
CheckOutThProduct.c(62): Resource "https://petstore.octoperf.com/images/sm_fish.gif" is in the cache already and will not be downloaded again  	[MsgId: MMSG-26655]
CheckOutThProduct.c(62): Resource "https://petstore.octoperf.com/images/sm_dogs.gif" is in the cache already and will not be downloaded again  	[MsgId: MMSG-26655]
CheckOutThProduct.c(62): Resource "https://petstore.octoperf.com/images/sm_reptiles.gif" is in the cache already and will not be downloaded again  	[MsgId: MMSG-26655]
CheckOutThProduct.c(62): Resource "https://petstore.octoperf.com/images/sm_cats.gif" is in the cache already and will not be downloaded again  	[MsgId: MMSG-26655]
CheckOutThProduct.c(62): Resource "https://petstore.octoperf.com/images/sm_birds.gif" is in the cache already and will not be downloaded again  	[MsgId: MMSG-26655]
CheckOutThProduct.c(62): Resource "https://petstore.octoperf.com/images/banner_fish.gif" is in the cache already and will not be downloaded again  	[MsgId: MMSG-26655]
CheckOutThProduct.c(62): Registered web_reg_find successful for "Text=Thank you, your order has been submitted" (count=1)  	[MsgId: MMSG-26364]
CheckOutThProduct.c(62): web_link("Confirm") was successful, 5226 body bytes, 225 header bytes  	[MsgId: MMSG-26386]
CheckOutThProduct.c(66): Notify: Transaction "PetStore_ClickOnConform_T04" ended with a "Pass" status (Duration: 0.1346 Wasted Time: 0.0000).	[MsgId: MMSG-16871]
Ending action CheckOutThProduct.	[MsgId: MMSG-15918]
Ending iteration 35.	[MsgId: MMSG-15965]
Waiting 7.8040 seconds for iteration pacing.	[MsgId: MMSG-15996]
Login.c(26): Redirecting "https://petstore.octoperf.com/actions/Account.action" (redirection depth is 0)  	[MsgId: MMSG-26694]
Login.c(26): To location "https://petstore.octoperf.com/actions/Catalog.action"  	[MsgId: MMSG-26693]
Login.c(26): Resource "https://petstore.octoperf.com/css/jpetstore.css" is in the cache already and will not be downloaded again  	[MsgId: MMSG-26655]
Login.c(26): Resource "https://petstore.octoperf.com/images/logo-topbar.svg" is in the cache already and will not be downloaded again  	[MsgId: MMSG-26655]
Login.c(26): Resource "https://petstore.octoperf.com/images/cart.gif" is in the cache already and will not be downloaded again  	[MsgId: MMSG-26655]
Login.c(26): Resource "https://petstore.octoperf.com/images/separator.gif" is in the cache already and will not be downloaded again  	[MsgId: MMSG-26655]
Login.c(26): Resource "https://petstore.octoperf.com/images/sm_fish.gif" is in the cache already and will not be downloaded again  	[MsgId: MMSG-26655]
Login.c(26): Resource "https://petstore.octoperf.com/images/sm_dogs.gif" is in the cache already and will not be downloaded again  	[MsgId: MMSG-26655]
Login.c(26): Resource "https://petstore.octoperf.com/images/sm_reptiles.gif" is in the cache already and will not be downloaded again  	[MsgId: MMSG-26655]
Login.c(26): Resource "https://petstore.octoperf.com/images/sm_cats.gif" is in the cache already and will not be downloaded again  	[MsgId: MMSG-26655]
Login.c(26): Resource "https://petstore.octoperf.com/images/sm_birds.gif" is in the cache already and will not be downloaded again  	[MsgId: MMSG-26655]
Login.c(26): Resource "https://petstore.octoperf.com/images/fish_icon.gif" is in the cache already and will not be downloaded again  	[MsgId: MMSG-26655]
Login.c(26): Resource "https://petstore.octoperf.com/images/dogs_icon.gif" is in the cache already and will not be downloaded again  	[MsgId: MMSG-26655]
Login.c(26): Resource "https://petstore.octoperf.com/images/cats_icon.gif" is in the cache already and will not be downloaded again  	[MsgId: MMSG-26655]
Login.c(26): Resource "https://petstore.octoperf.com/images/reptiles_icon.gif" is in the cache already and will not be downloaded again  	[MsgId: MMSG-26655]
Login.c(26): Resource "https://petstore.octoperf.com/images/birds_icon.gif" is in the cache already and will not be downloaded again  	[MsgId: MMSG-26655]
Login.c(26): Resource "https://petstore.octoperf.com/images/splash.gif" is in the cache already and will not be downloaded again  	[MsgId: MMSG-26655]
Login.c(26): Found resource "https://petstore.octoperf.com/images/banner_fish.gif" in HTML "https://petstore.octoperf.com/actions/Catalog.action"  	[MsgId: MMSG-26659]
Login.c(26): Notify: Saving Parameter "ProductName_1 = BIRDS".	[MsgId: MMSG-13798]
Login.c(26): Notify: Saving Parameter "ProductName_2 = FISH".	[MsgId: MMSG-13798]
Login.c(26): Notify: Saving Parameter "ProductName_3 = DOGS".	[MsgId: MMSG-13798]
Login.c(26): Notify: Saving Parameter "ProductName_4 = REPTILES".	[MsgId: MMSG-13798]
Login.c(26): Notify: Saving Parameter "ProductName_5 = CATS".	[MsgId: MMSG-13798]
Login.c(26): Notify: Saving Parameter "ProductName_6 = BIRDS".	[MsgId: MMSG-13798]
Login.c(26): Notify: Saving Parameter "ProductName_count = 6".	[MsgId: MMSG-13798]
Login.c(26): Registered web_reg_find successful for "Text=My Account" (count=1)  	[MsgId: MMSG-26364]
Login.c(26): web_submit_form("Account.action") was successful, 11416 body bytes, 727 header bytes  	[MsgId: MMSG-26386]
Login.c(34): Notify: Transaction "PetStore_Login_T01" ended with a "Pass" status (Duration: 0.4967 Wasted Time: 0.0003).	[MsgId: MMSG-16871]
Ending action Login.	[MsgId: MMSG-15918]
Starting action CheckOutThProduct.	[MsgId: MMSG-15919]
AddToCard.c(8): Notify: Transaction "PetStore_AddAproduct_T01" started.	[MsgId: MMSG-16999]
AddToCard.c(11): Notify: Parameter Substitution: parameter "ProductName_count" =  "6"	[MsgId: MMSG-13992]
AddToCard.c(12): Notify: Parameter Substitution: parameter "ProductName_4" =  "REPTILES"	[MsgId: MMSG-13992]
AddToCard.c(14): Notify: Saving Parameter "RandCategory = REPTILES".	[MsgId: MMSG-13798]
AddToCard.c(15): Notify: Parameter Substitution: parameter "RandCategory" =  "REPTILES"	[MsgId: MMSG-13992]
AddToCard.c(15): Random category selected in Action2 = REPTILES	[MsgId: MMSG-17999]
AddToCard.c(17): web_reg_find started  	[MsgId: MMSG-26355]
AddToCard.c(17): Notify: Parameter Substitution: parameter "RandCategory" =  "REPTILES"	[MsgId: MMSG-13992]
AddToCard.c(17): Registering web_reg_find was successful  	[MsgId: MMSG-26390]
AddToCard.c(20): web_reg_save_param_regexp started  	[MsgId: MMSG-26355]
AddToCard.c(20): Registering web_reg_save_param_regexp was successful  	[MsgId: MMSG-26390]
AddToCard.c(27): web_url("Catalog.action_2") started  	[MsgId: MMSG-26355]
AddToCard.c(27): Notify: Parameter Substitution: parameter "RandCategory" =  "REPTILES"	[MsgId: MMSG-13992]
Action was aborted.	[MsgId: MMSG-10694]
Ending Vuser...	[MsgId: MMSG-15966]
Starting action vuser_end.	[MsgId: MMSG-15919]
vuser_end.c(4): Notify: Transaction "PetStore_SignOut_T01" started.	[MsgId: MMSG-16999]
vuser_end.c(6): web_reg_find started  	[MsgId: MMSG-26355]
vuser_end.c(6): Registering web_reg_find was successful  	[MsgId: MMSG-26390]
vuser_end.c(9): web_url("Account.action_2") started  	[MsgId: MMSG-26355]
Registration.c(57): Notify: Transaction "PetStore_SubmitRegistration_T04" started.	[MsgId: MMSG-16999]
Registration.c(59): web_reg_find started  	[MsgId: MMSG-26355]
Registration.c(59): Registering web_reg_find was successful  	[MsgId: MMSG-26390]
Registration.c(66): Notify: Saving Parameter "randomUsername = JTRJ".	[MsgId: MMSG-13798]
Registration.c(72): Notify: Saving Parameter "randompass = rnbi".	[MsgId: MMSG-13798]
Registration.c(86): Notify: Saving Parameter "randomFirstName = uuyfy".	[MsgId: MMSG-13798]
Registration.c(87): Notify: Saving Parameter "randomLastName = ivvqp".	[MsgId: MMSG-13798]
Registration.c(99): Notify: Saving Parameter "RandomPhone = :268962677".	[MsgId: MMSG-13798]
Registration.c(108): Notify: Saving Parameter "RandomZip = 257003".	[MsgId: MMSG-13798]
Registration.c(111): web_submit_form("Account.action") started  	[MsgId: MMSG-26355]
Registration.c(111): Notify: Parameter Substitution: parameter "randomUsername" =  "JTRJ"	[MsgId: MMSG-13992]
Registration.c(111): Notify: Parameter Substitution: parameter "randompass" =  "rnbi"	[MsgId: MMSG-13992]
Registration.c(111): Notify: Parameter Substitution: parameter "randompass" =  "rnbi"	[MsgId: MMSG-13992]
Registration.c(111): Notify: Parameter Substitution: parameter "randomFirstName" =  "uuyfy"	[MsgId: MMSG-13992]
Registration.c(111): Notify: Parameter Substitution: parameter "randomLastName" =  "ivvqp"	[MsgId: MMSG-13992]
Registration.c(111): Notify: Parameter Substitution: parameter "randomFirstName" =  "uuyfy"	[MsgId: MMSG-13992]
Registration.c(111): Notify: Parameter Substitution: parameter "randomLastName" =  "ivvqp"	[MsgId: MMSG-13992]
Registration.c(111): Notify: Parameter Substitution: parameter "RandomPhone" =  ":268962677"	[MsgId: MMSG-13992]
Registration.c(111): Notify: Parameter Substitution: parameter "RandomZip" =  "257003"	[MsgId: MMSG-13992]
Registration.c(111): Submitting form to "https://petstore.octoperf.com/actions/Account.action", Target Frame=""  	[MsgId: MMSG-27978]
AddToCard.c(27): Resource "https://petstore.octoperf.com/css/jpetstore.css" is in the cache already and will not be downloaded again  	[MsgId: MMSG-26655]
AddToCard.c(27): Resource "https://petstore.octoperf.com/images/logo-topbar.svg" is in the cache already and will not be downloaded again  	[MsgId: MMSG-26655]
AddToCard.c(27): Resource "https://petstore.octoperf.com/images/cart.gif" is in the cache already and will not be downloaded again  	[MsgId: MMSG-26655]
AddToCard.c(27): Resource "https://petstore.octoperf.com/images/separator.gif" is in the cache already and will not be downloaded again  	[MsgId: MMSG-26655]
AddToCard.c(27): Resource "https://petstore.octoperf.com/images/sm_fish.gif" is in the cache already and will not be downloaded again  	[MsgId: MMSG-26655]
AddToCard.c(27): Resource "https://petstore.octoperf.com/images/sm_dogs.gif" is in the cache already and will not be downloaded again  	[MsgId: MMSG-26655]
AddToCard.c(27): Resource "https://petstore.octoperf.com/images/sm_reptiles.gif" is in the cache already and will not be downloaded again  	[MsgId: MMSG-26655]
AddToCard.c(27): Resource "https://petstore.octoperf.com/images/sm_cats.gif" is in the cache already and will not be downloaded again  	[MsgId: MMSG-26655]
AddToCard.c(27): Resource "https://petstore.octoperf.com/images/sm_birds.gif" is in the cache already and will not be downloaded again  	[MsgId: MMSG-26655]
AddToCard.c(27): Resource "https://petstore.octoperf.com/images/banner_fish.gif" is in the cache already and will not be downloaded again  	[MsgId: MMSG-26655]
AddToCard.c(27): Notify: Saving Parameter "productId_1 = RP-SN-01".	[MsgId: MMSG-13798]
AddToCard.c(27): Notify: Saving Parameter "productId_2 = RP-LI-02".	[MsgId: MMSG-13798]
AddToCard.c(27): Notify: Saving Parameter "productId_count = 2".	[MsgId: MMSG-13798]
AddToCard.c(27): Registered web_reg_find successful for "Text=REPTILES" (count=1)  	[MsgId: MMSG-26364]
AddToCard.c(27): web_url("Catalog.action_2") was successful, 3627 body bytes, 225 header bytes  	[MsgId: MMSG-26386]
AddToCard.c(36): Notify: Transaction "PetStore_AddAproduct_T01" ended with a "Pass" status (Duration: 0.2876 Wasted Time: 0.0004).	[MsgId: MMSG-16871]
AddToCard.c(38): lr_think_time: 3.78 seconds (recorded think time was 5.00 seconds).	[MsgId: MMSG-15947]
vuser_end.c(9): Redirecting "https://petstore.octoperf.com/actions/Account.action?signoff=" (redirection depth is 0)  	[MsgId: MMSG-26694]
vuser_end.c(9): To location "https://petstore.octoperf.com/actions/Catalog.action"  	[MsgId: MMSG-26693]
Registration.c(111): Redirecting "https://petstore.octoperf.com/actions/Account.action" (redirection depth is 0)  	[MsgId: MMSG-26694]
Registration.c(111): To location "https://petstore.octoperf.com/actions/Catalog.action"  	[MsgId: MMSG-26693]
vuser_end.c(9): Resource "https://petstore.octoperf.com/css/jpetstore.css" is in the cache already and will not be downloaded again  	[MsgId: MMSG-26655]
vuser_end.c(9): Resource "https://petstore.octoperf.com/images/logo-topbar.svg" is in the cache already and will not be downloaded again  	[MsgId: MMSG-26655]
vuser_end.c(9): Resource "https://petstore.octoperf.com/images/cart.gif" is in the cache already and will not be downloaded again  	[MsgId: MMSG-26655]
vuser_end.c(9): Resource "https://petstore.octoperf.com/images/separator.gif" is in the cache already and will not be downloaded again  	[MsgId: MMSG-26655]
vuser_end.c(9): Resource "https://petstore.octoperf.com/images/sm_fish.gif" is in the cache already and will not be downloaded again  	[MsgId: MMSG-26655]
vuser_end.c(9): Resource "https://petstore.octoperf.com/images/sm_dogs.gif" is in the cache already and will not be downloaded again  	[MsgId: MMSG-26655]
vuser_end.c(9): Resource "https://petstore.octoperf.com/images/sm_reptiles.gif" is in the cache already and will not be downloaded again  	[MsgId: MMSG-26655]
vuser_end.c(9): Resource "https://petstore.octoperf.com/images/sm_cats.gif" is in the cache already and will not be downloaded again  	[MsgId: MMSG-26655]
vuser_end.c(9): Resource "https://petstore.octoperf.com/images/sm_birds.gif" is in the cache already and will not be downloaded again  	[MsgId: MMSG-26655]
vuser_end.c(9): Resource "https://petstore.octoperf.com/images/fish_icon.gif" is in the cache already and will not be downloaded again  	[MsgId: MMSG-26655]
vuser_end.c(9): Resource "https://petstore.octoperf.com/images/dogs_icon.gif" is in the cache already and will not be downloaded again  	[MsgId: MMSG-26655]
vuser_end.c(9): Resource "https://petstore.octoperf.com/images/cats_icon.gif" is in the cache already and will not be downloaded again  	[MsgId: MMSG-26655]
vuser_end.c(9): Resource "https://petstore.octoperf.com/images/reptiles_icon.gif" is in the cache already and will not be downloaded again  	[MsgId: MMSG-26655]
vuser_end.c(9): Resource "https://petstore.octoperf.com/images/birds_icon.gif" is in the cache already and will not be downloaded again  	[MsgId: MMSG-26655]
vuser_end.c(9): Resource "https://petstore.octoperf.com/images/splash.gif" is in the cache already and will not be downloaded again  	[MsgId: MMSG-26655]
vuser_end.c(9): Registered web_reg_find successful for "Text=Sign In" (count=1)  	[MsgId: MMSG-26364]
vuser_end.c(9): web_url("Account.action_2") was successful, 4736 body bytes, 518 header bytes  	[MsgId: MMSG-26386]
vuser_end.c(18): Notify: Transaction "PetStore_SignOut_T01" ended with a "Pass" status (Duration: 0.2585 Wasted Time: 0.0000).	[MsgId: MMSG-16871]
vuser_end.c(20): Script Exection done sucessfully	[MsgId: MMSG-17999]
vuser_end.c(21): web_cache_cleanup started  	[MsgId: MMSG-26355]
vuser_end.c(21): web_cache_cleanup was successful  	[MsgId: MMSG-26392]
vuser_end.c(22): web_cleanup_cookies started  	[MsgId: MMSG-26355]
vuser_end.c(22): web_cleanup_cookies was successful  	[MsgId: MMSG-26392]
Ending action vuser_end.	[MsgId: MMSG-15918]
Vuser Terminated.	[MsgId: MMSG-15963]
Vuser 7 (thread 6556), ended OK."	[MsgId: MMSG-10695]
Registration.c(111): Resource "https://petstore.octoperf.com/css/jpetstore.css" is in the cache already and will not be downloaded again  	[MsgId: MMSG-26655]
Registration.c(111): Resource "https://petstore.octoperf.com/images/logo-topbar.svg" is in the cache already and will not be downloaded again  	[MsgId: MMSG-26655]
Registration.c(111): Resource "https://petstore.octoperf.com/images/cart.gif" is in the cache already and will not be downloaded again  	[MsgId: MMSG-26655]
Registration.c(111): Resource "https://petstore.octoperf.com/images/separator.gif" is in the cache already and will not be downloaded again  	[MsgId: MMSG-26655]
Registration.c(111): Resource "https://petstore.octoperf.com/images/sm_fish.gif" is in the cache already and will not be downloaded again  	[MsgId: MMSG-26655]
Registration.c(111): Resource "https://petstore.octoperf.com/images/sm_dogs.gif" is in the cache already and will not be downloaded again  	[MsgId: MMSG-26655]
Registration.c(111): Resource "https://petstore.octoperf.com/images/sm_reptiles.gif" is in the cache already and will not be downloaded again  	[MsgId: MMSG-26655]
Registration.c(111): Resource "https://petstore.octoperf.com/images/sm_cats.gif" is in the cache already and will not be downloaded again  	[MsgId: MMSG-26655]
Registration.c(111): Resource "https://petstore.octoperf.com/images/sm_birds.gif" is in the cache already and will not be downloaded again  	[MsgId: MMSG-26655]
Registration.c(111): Resource "https://petstore.octoperf.com/images/fish_icon.gif" is in the cache already and will not be downloaded again  	[MsgId: MMSG-26655]
Registration.c(111): Resource "https://petstore.octoperf.com/images/dogs_icon.gif" is in the cache already and will not be downloaded again  	[MsgId: MMSG-26655]
Registration.c(111): Resource "https://petstore.octoperf.com/images/cats_icon.gif" is in the cache already and will not be downloaded again  	[MsgId: MMSG-26655]
Registration.c(111): Resource "https://petstore.octoperf.com/images/reptiles_icon.gif" is in the cache already and will not be downloaded again  	[MsgId: MMSG-26655]
Registration.c(111): Resource "https://petstore.octoperf.com/images/birds_icon.gif" is in the cache already and will not be downloaded again  	[MsgId: MMSG-26655]
Registration.c(111): Resource "https://petstore.octoperf.com/images/splash.gif" is in the cache already and will not be downloaded again  	[MsgId: MMSG-26655]
Registration.c(111): Registered web_reg_find successful for "Text=Elevate you load-testing" (count=1)  	[MsgId: MMSG-26364]
Registration.c(111): web_submit_form("Account.action") was successful, 4736 body bytes, 443 header bytes  	[MsgId: MMSG-26386]
Registration.c(133): Notify: Transaction "PetStore_SubmitRegistration_T04" ended with a "Pass" status (Duration: 0.3759 Wasted Time: 0.0000).	[MsgId: MMSG-16871]
Registration.c(135): lr_think_time: 3.02 seconds (recorded think time was 5.00 seconds).	[MsgId: MMSG-15947]
AddToCard.c(40): Notify: Transaction "PetStore_SelectProductId_T02" started.	[MsgId: MMSG-16999]
AddToCard.c(43): Notify: Parameter Substitution: parameter "productId_count" =  "2"	[MsgId: MMSG-13992]
AddToCard.c(44): Notify: Parameter Substitution: parameter "productId_2" =  "AV-SB-02"	[MsgId: MMSG-13992]
AddToCard.c(46): Notify: Saving Parameter "RandproductId = AV-SB-02".	[MsgId: MMSG-13798]
AddToCard.c(47): Notify: Parameter Substitution: parameter "RandproductId" =  "AV-SB-02"	[MsgId: MMSG-13992]
AddToCard.c(47): Random category selected in Action2 = AV-SB-02	[MsgId: MMSG-17999]
AddToCard.c(49): web_reg_find started  	[MsgId: MMSG-26355]
AddToCard.c(49): Notify: Parameter Substitution: parameter "RandproductId" =  "AV-SB-02"	[MsgId: MMSG-13992]
AddToCard.c(49): Registering web_reg_find was successful  	[MsgId: MMSG-26390]
AddToCard.c(51): web_reg_save_param_regexp started  	[MsgId: MMSG-26355]
AddToCard.c(51): Registering web_reg_save_param_regexp was successful  	[MsgId: MMSG-26390]
AddToCard.c(58): web_link("{RandproductId}") started  	[MsgId: MMSG-26355]
AddToCard.c(58): Notify: Parameter Substitution: parameter "RandproductId" =  "AV-SB-02"	[MsgId: MMSG-13992]
AddToCard.c(58): Linking to "https://petstore.octoperf.com/actions/Catalog.action?viewProduct=&productId=AV-SB-02", Target Frame=""  	[MsgId: MMSG-27994]
AddToCard.c(58): Resource "https://petstore.octoperf.com/css/jpetstore.css" is in the cache already and will not be downloaded again  	[MsgId: MMSG-26655]
AddToCard.c(58): Resource "https://petstore.octoperf.com/images/logo-topbar.svg" is in the cache already and will not be downloaded again  	[MsgId: MMSG-26655]
AddToCard.c(58): Resource "https://petstore.octoperf.com/images/cart.gif" is in the cache already and will not be downloaded again  	[MsgId: MMSG-26655]
AddToCard.c(58): Resource "https://petstore.octoperf.com/images/separator.gif" is in the cache already and will not be downloaded again  	[MsgId: MMSG-26655]
AddToCard.c(58): Resource "https://petstore.octoperf.com/images/sm_fish.gif" is in the cache already and will not be downloaded again  	[MsgId: MMSG-26655]
AddToCard.c(58): Resource "https://petstore.octoperf.com/images/sm_dogs.gif" is in the cache already and will not be downloaded again  	[MsgId: MMSG-26655]
AddToCard.c(58): Resource "https://petstore.octoperf.com/images/sm_reptiles.gif" is in the cache already and will not be downloaded again  	[MsgId: MMSG-26655]
AddToCard.c(58): Resource "https://petstore.octoperf.com/images/sm_cats.gif" is in the cache already and will not be downloaded again  	[MsgId: MMSG-26655]
AddToCard.c(58): Resource "https://petstore.octoperf.com/images/sm_birds.gif" is in the cache already and will not be downloaded again  	[MsgId: MMSG-26655]
AddToCard.c(58): Resource "https://petstore.octoperf.com/images/banner_fish.gif" is in the cache already and will not be downloaded again  	[MsgId: MMSG-26655]
AddToCard.c(58): Notify: Saving Parameter "itemId_1 = EST-19".	[MsgId: MMSG-13798]
AddToCard.c(58): Notify: Saving Parameter "itemId_count = 1".	[MsgId: MMSG-13798]
AddToCard.c(58): Registered web_reg_find successful for "Text=AV-SB-02" (count=1)  	[MsgId: MMSG-26364]
AddToCard.c(58): web_link("{RandproductId}") was successful, 3778 body bytes, 225 header bytes  	[MsgId: MMSG-26386]
AddToCard.c(63): Notify: Transaction "PetStore_SelectProductId_T02" ended with a "Pass" status (Duration: 0.1325 Wasted Time: 0.0002).	[MsgId: MMSG-16871]
AddToCard.c(65): lr_think_time: 2.58 seconds (recorded think time was 5.00 seconds).	[MsgId: MMSG-15947]
CheckOutThProduct.c(58): Notify: Transaction "PetStore_ClickOnConform_T04" started.	[MsgId: MMSG-16999]
CheckOutThProduct.c(59): web_reg_find started  	[MsgId: MMSG-26355]
CheckOutThProduct.c(59): Registering web_reg_find was successful  	[MsgId: MMSG-26390]
CheckOutThProduct.c(62): web_link("Confirm") started  	[MsgId: MMSG-26355]
CheckOutThProduct.c(62): Linking to "https://petstore.octoperf.com/actions/Order.action?newOrder=&confirmed=true", Target Frame=""  	[MsgId: MMSG-27994]
AddToCard.c(67): Notify: Transaction "PetStore_SelectItemId_T03" started.	[MsgId: MMSG-16999]
AddToCard.c(71): Notify: Parameter Substitution: parameter "itemId_count" =  "1"	[MsgId: MMSG-13992]
AddToCard.c(72): Notify: Parameter Substitution: parameter "itemId_1" =  "EST-19"	[MsgId: MMSG-13992]
AddToCard.c(74): Notify: Saving Parameter "RanditemId = EST-19".	[MsgId: MMSG-13798]
AddToCard.c(75): Notify: Parameter Substitution: parameter "RanditemId" =  "EST-19"	[MsgId: MMSG-13992]
AddToCard.c(75): Random category selected in Action2 = EST-19	[MsgId: MMSG-17999]
AddToCard.c(77): web_reg_find started  	[MsgId: MMSG-26355]
AddToCard.c(77): Notify: Parameter Substitution: parameter "RanditemId" =  "EST-19"	[MsgId: MMSG-13992]
AddToCard.c(77): Registering web_reg_find was successful  	[MsgId: MMSG-26390]
AddToCard.c(79): web_link("{RanditemId}") started  	[MsgId: MMSG-26355]
AddToCard.c(79): Notify: Parameter Substitution: parameter "RanditemId" =  "EST-19"	[MsgId: MMSG-13992]
AddToCard.c(79): Linking to "https://petstore.octoperf.com/actions/Catalog.action?viewItem=&itemId=EST-19", Target Frame=""  	[MsgId: MMSG-27994]
Registration.c(137): Notify: Transaction "PetStore_SignOut_T05" started.	[MsgId: MMSG-16999]
Registration.c(139): web_reg_find started  	[MsgId: MMSG-26355]
Registration.c(139): Registering web_reg_find was successful  	[MsgId: MMSG-26390]
Registration.c(142): web_url("Account.action_2") started  	[MsgId: MMSG-26355]
CheckOutThProduct.c(62): Resource "https://petstore.octoperf.com/css/jpetstore.css" is in the cache already and will not be downloaded again  	[MsgId: MMSG-26655]
CheckOutThProduct.c(62): Resource "https://petstore.octoperf.com/images/logo-topbar.svg" is in the cache already and will not be downloaded again  	[MsgId: MMSG-26655]
CheckOutThProduct.c(62): Resource "https://petstore.octoperf.com/images/cart.gif" is in the cache already and will not be downloaded again  	[MsgId: MMSG-26655]
CheckOutThProduct.c(62): Resource "https://petstore.octoperf.com/images/separator.gif" is in the cache already and will not be downloaded again  	[MsgId: MMSG-26655]
CheckOutThProduct.c(62): Resource "https://petstore.octoperf.com/images/sm_fish.gif" is in the cache already and will not be downloaded again  	[MsgId: MMSG-26655]
CheckOutThProduct.c(62): Resource "https://petstore.octoperf.com/images/sm_dogs.gif" is in the cache already and will not be downloaded again  	[MsgId: MMSG-26655]
CheckOutThProduct.c(62): Resource "https://petstore.octoperf.com/images/sm_reptiles.gif" is in the cache already and will not be downloaded again  	[MsgId: MMSG-26655]
CheckOutThProduct.c(62): Resource "https://petstore.octoperf.com/images/sm_cats.gif" is in the cache already and will not be downloaded again  	[MsgId: MMSG-26655]
CheckOutThProduct.c(62): Resource "https://petstore.octoperf.com/images/sm_birds.gif" is in the cache already and will not be downloaded again  	[MsgId: MMSG-26655]
CheckOutThProduct.c(62): Resource "https://petstore.octoperf.com/images/banner_fish.gif" is in the cache already and will not be downloaded again  	[MsgId: MMSG-26655]
CheckOutThProduct.c(62): Registered web_reg_find successful for "Text=Thank you, your order has been submitted" (count=1)  	[MsgId: MMSG-26364]
CheckOutThProduct.c(62): web_link("Confirm") was successful, 5235 body bytes, 225 header bytes  	[MsgId: MMSG-26386]
CheckOutThProduct.c(66): Notify: Transaction "PetStore_ClickOnConform_T04" ended with a "Pass" status (Duration: 0.1289 Wasted Time: 0.0000).	[MsgId: MMSG-16871]
Ending action CheckOutThProduct.	[MsgId: MMSG-15918]
Action was aborted.	[MsgId: MMSG-10694]
Ending Vuser...	[MsgId: MMSG-15966]
Starting action vuser_end.	[MsgId: MMSG-15919]
vuser_end.c(4): Notify: Transaction "PetStore_SignOut_T01" started.	[MsgId: MMSG-16999]
vuser_end.c(6): web_reg_find started  	[MsgId: MMSG-26355]
vuser_end.c(6): Registering web_reg_find was successful  	[MsgId: MMSG-26390]
vuser_end.c(9): web_url("Account.action_2") started  	[MsgId: MMSG-26355]
CheckOutThProduct.c(31): Notify: Transaction "PetStore_ClickOnContinue_T03" started.	[MsgId: MMSG-16999]
CheckOutThProduct.c(33): web_reg_find started  	[MsgId: MMSG-26355]
CheckOutThProduct.c(33): Registering web_reg_find was successful  	[MsgId: MMSG-26390]
CheckOutThProduct.c(36): web_submit_form("Order.action") started  	[MsgId: MMSG-26355]
CheckOutThProduct.c(36): Submitting form to "https://petstore.octoperf.com/actions/Order.action", Target Frame=""  	[MsgId: MMSG-27978]
AddToCard.c(79): Resource "https://petstore.octoperf.com/css/jpetstore.css" is in the cache already and will not be downloaded again  	[MsgId: MMSG-26655]
AddToCard.c(79): Resource "https://petstore.octoperf.com/images/logo-topbar.svg" is in the cache already and will not be downloaded again  	[MsgId: MMSG-26655]
AddToCard.c(79): Resource "https://petstore.octoperf.com/images/cart.gif" is in the cache already and will not be downloaded again  	[MsgId: MMSG-26655]
AddToCard.c(79): Resource "https://petstore.octoperf.com/images/separator.gif" is in the cache already and will not be downloaded again  	[MsgId: MMSG-26655]
AddToCard.c(79): Resource "https://petstore.octoperf.com/images/sm_fish.gif" is in the cache already and will not be downloaded again  	[MsgId: MMSG-26655]
AddToCard.c(79): Resource "https://petstore.octoperf.com/images/sm_dogs.gif" is in the cache already and will not be downloaded again  	[MsgId: MMSG-26655]
AddToCard.c(79): Resource "https://petstore.octoperf.com/images/sm_reptiles.gif" is in the cache already and will not be downloaded again  	[MsgId: MMSG-26655]
AddToCard.c(79): Resource "https://petstore.octoperf.com/images/sm_cats.gif" is in the cache already and will not be downloaded again  	[MsgId: MMSG-26655]
AddToCard.c(79): Resource "https://petstore.octoperf.com/images/sm_birds.gif" is in the cache already and will not be downloaded again  	[MsgId: MMSG-26655]
AddToCard.c(79): Found resource "https://petstore.octoperf.com/images/bird1.gif" in HTML "https://petstore.octoperf.com/actions/Catalog.action?viewItem=&itemId=EST-19"  	[MsgId: MMSG-26659]
AddToCard.c(79): Resource "https://petstore.octoperf.com/images/banner_fish.gif" is in the cache already and will not be downloaded again  	[MsgId: MMSG-26655]
Registration.c(142): Redirecting "https://petstore.octoperf.com/actions/Account.action?signoff=" (redirection depth is 0)  	[MsgId: MMSG-26694]
Registration.c(142): To location "https://petstore.octoperf.com/actions/Catalog.action"  	[MsgId: MMSG-26693]
vuser_end.c(9): Redirecting "https://petstore.octoperf.com/actions/Account.action?signoff=" (redirection depth is 0)  	[MsgId: MMSG-26694]
vuser_end.c(9): To location "https://petstore.octoperf.com/actions/Catalog.action"  	[MsgId: MMSG-26693]
AddToCard.c(79): Registered web_reg_find successful for "Text=EST-19" (count=2)  	[MsgId: MMSG-26364]
AddToCard.c(79): web_link("{RanditemId}") was successful, 15764 body bytes, 511 header bytes  	[MsgId: MMSG-26386]
AddToCard.c(84): Notify: Transaction "PetStore_SelectItemId_T03" ended with a "Pass" status (Duration: 0.2568 Wasted Time: 0.0000).	[MsgId: MMSG-16871]
AddToCard.c(86): lr_think_time: 2.53 seconds (recorded think time was 5.00 seconds).	[MsgId: MMSG-15947]
Registration.c(142): Resource "https://petstore.octoperf.com/css/jpetstore.css" is in the cache already and will not be downloaded again  	[MsgId: MMSG-26655]
Registration.c(142): Resource "https://petstore.octoperf.com/images/logo-topbar.svg" is in the cache already and will not be downloaded again  	[MsgId: MMSG-26655]
Registration.c(142): Resource "https://petstore.octoperf.com/images/cart.gif" is in the cache already and will not be downloaded again  	[MsgId: MMSG-26655]
Registration.c(142): Resource "https://petstore.octoperf.com/images/separator.gif" is in the cache already and will not be downloaded again  	[MsgId: MMSG-26655]
Registration.c(142): Resource "https://petstore.octoperf.com/images/sm_fish.gif" is in the cache already and will not be downloaded again  	[MsgId: MMSG-26655]
Registration.c(142): Resource "https://petstore.octoperf.com/images/sm_dogs.gif" is in the cache already and will not be downloaded again  	[MsgId: MMSG-26655]
Registration.c(142): Resource "https://petstore.octoperf.com/images/sm_reptiles.gif" is in the cache already and will not be downloaded again  	[MsgId: MMSG-26655]
Registration.c(142): Resource "https://petstore.octoperf.com/images/sm_cats.gif" is in the cache already and will not be downloaded again  	[MsgId: MMSG-26655]
Registration.c(142): Resource "https://petstore.octoperf.com/images/sm_birds.gif" is in the cache already and will not be downloaded again  	[MsgId: MMSG-26655]
Registration.c(142): Resource "https://petstore.octoperf.com/images/fish_icon.gif" is in the cache already and will not be downloaded again  	[MsgId: MMSG-26655]
Registration.c(142): Resource "https://petstore.octoperf.com/images/dogs_icon.gif" is in the cache already and will not be downloaded again  	[MsgId: MMSG-26655]
Registration.c(142): Resource "https://petstore.octoperf.com/images/cats_icon.gif" is in the cache already and will not be downloaded again  	[MsgId: MMSG-26655]
Registration.c(142): Resource "https://petstore.octoperf.com/images/reptiles_icon.gif" is in the cache already and will not be downloaded again  	[MsgId: MMSG-26655]
Registration.c(142): Resource "https://petstore.octoperf.com/images/birds_icon.gif" is in the cache already and will not be downloaded again  	[MsgId: MMSG-26655]
Registration.c(142): Resource "https://petstore.octoperf.com/images/splash.gif" is in the cache already and will not be downloaded again  	[MsgId: MMSG-26655]
Registration.c(142): Registered web_reg_find successful for "Text=Sign In" (count=1)  	[MsgId: MMSG-26364]
Registration.c(142): web_url("Account.action_2") was successful, 4736 body bytes, 518 header bytes  	[MsgId: MMSG-26386]
Registration.c(151): Notify: Transaction "PetStore_SignOut_T05" ended with a "Pass" status (Duration: 0.2507 Wasted Time: 0.0000).	[MsgId: MMSG-16871]
Login.c(4): Notify: Transaction "PetStore_ClickOnSignIn_T01" started.	[MsgId: MMSG-16999]
Login.c(6): web_reg_find started  	[MsgId: MMSG-26355]
Login.c(6): Registering web_reg_find was successful  	[MsgId: MMSG-26390]
Login.c(9): web_link("Sign In") started  	[MsgId: MMSG-26355]
Login.c(9): Linking to "https://petstore.octoperf.com/actions/Account.action?signonForm=", Target Frame=""  	[MsgId: MMSG-27994]
vuser_end.c(9): Resource "https://petstore.octoperf.com/css/jpetstore.css" is in the cache already and will not be downloaded again  	[MsgId: MMSG-26655]
vuser_end.c(9): Resource "https://petstore.octoperf.com/images/logo-topbar.svg" is in the cache already and will not be downloaded again  	[MsgId: MMSG-26655]
vuser_end.c(9): Resource "https://petstore.octoperf.com/images/cart.gif" is in the cache already and will not be downloaded again  	[MsgId: MMSG-26655]
vuser_end.c(9): Resource "https://petstore.octoperf.com/images/separator.gif" is in the cache already and will not be downloaded again  	[MsgId: MMSG-26655]
vuser_end.c(9): Resource "https://petstore.octoperf.com/images/sm_fish.gif" is in the cache already and will not be downloaded again  	[MsgId: MMSG-26655]
vuser_end.c(9): Resource "https://petstore.octoperf.com/images/sm_dogs.gif" is in the cache already and will not be downloaded again  	[MsgId: MMSG-26655]
vuser_end.c(9): Resource "https://petstore.octoperf.com/images/sm_reptiles.gif" is in the cache already and will not be downloaded again  	[MsgId: MMSG-26655]
vuser_end.c(9): Resource "https://petstore.octoperf.com/images/sm_cats.gif" is in the cache already and will not be downloaded again  	[MsgId: MMSG-26655]
vuser_end.c(9): Resource "https://petstore.octoperf.com/images/sm_birds.gif" is in the cache already and will not be downloaded again  	[MsgId: MMSG-26655]
vuser_end.c(9): Resource "https://petstore.octoperf.com/images/fish_icon.gif" is in the cache already and will not be downloaded again  	[MsgId: MMSG-26655]
vuser_end.c(9): Resource "https://petstore.octoperf.com/images/dogs_icon.gif" is in the cache already and will not be downloaded again  	[MsgId: MMSG-26655]
vuser_end.c(9): Resource "https://petstore.octoperf.com/images/cats_icon.gif" is in the cache already and will not be downloaded again  	[MsgId: MMSG-26655]
vuser_end.c(9): Resource "https://petstore.octoperf.com/images/reptiles_icon.gif" is in the cache already and will not be downloaded again  	[MsgId: MMSG-26655]
vuser_end.c(9): Resource "https://petstore.octoperf.com/images/birds_icon.gif" is in the cache already and will not be downloaded again  	[MsgId: MMSG-26655]
vuser_end.c(9): Resource "https://petstore.octoperf.com/images/splash.gif" is in the cache already and will not be downloaded again  	[MsgId: MMSG-26655]
vuser_end.c(9): Registered web_reg_find successful for "Text=Sign In" (count=1)  	[MsgId: MMSG-26364]
vuser_end.c(9): web_url("Account.action_2") was successful, 4736 body bytes, 518 header bytes  	[MsgId: MMSG-26386]
vuser_end.c(18): Notify: Transaction "PetStore_SignOut_T01" ended with a "Pass" status (Duration: 0.2506 Wasted Time: 0.0000).	[MsgId: MMSG-16871]
vuser_end.c(20): Script Exection done sucessfully	[MsgId: MMSG-17999]
vuser_end.c(21): web_cache_cleanup started  	[MsgId: MMSG-26355]
vuser_end.c(21): web_cache_cleanup was successful  	[MsgId: MMSG-26392]
vuser_end.c(22): web_cleanup_cookies started  	[MsgId: MMSG-26355]
vuser_end.c(22): web_cleanup_cookies was successful  	[MsgId: MMSG-26392]
Ending action vuser_end.	[MsgId: MMSG-15918]
Vuser Terminated.	[MsgId: MMSG-15963]
Vuser 3 (thread 1944), ended OK."	[MsgId: MMSG-10695]
CheckOutThProduct.c(36): Resource "https://petstore.octoperf.com/css/jpetstore.css" is in the cache already and will not be downloaded again  	[MsgId: MMSG-26655]
CheckOutThProduct.c(36): Resource "https://petstore.octoperf.com/images/logo-topbar.svg" is in the cache already and will not be downloaded again  	[MsgId: MMSG-26655]
CheckOutThProduct.c(36): Resource "https://petstore.octoperf.com/images/cart.gif" is in the cache already and will not be downloaded again  	[MsgId: MMSG-26655]
CheckOutThProduct.c(36): Resource "https://petstore.octoperf.com/images/separator.gif" is in the cache already and will not be downloaded again  	[MsgId: MMSG-26655]
CheckOutThProduct.c(36): Resource "https://petstore.octoperf.com/images/sm_fish.gif" is in the cache already and will not be downloaded again  	[MsgId: MMSG-26655]
CheckOutThProduct.c(36): Resource "https://petstore.octoperf.com/images/sm_dogs.gif" is in the cache already and will not be downloaded again  	[MsgId: MMSG-26655]
CheckOutThProduct.c(36): Resource "https://petstore.octoperf.com/images/sm_reptiles.gif" is in the cache already and will not be downloaded again  	[MsgId: MMSG-26655]
CheckOutThProduct.c(36): Resource "https://petstore.octoperf.com/images/sm_cats.gif" is in the cache already and will not be downloaded again  	[MsgId: MMSG-26655]
CheckOutThProduct.c(36): Resource "https://petstore.octoperf.com/images/sm_birds.gif" is in the cache already and will not be downloaded again  	[MsgId: MMSG-26655]
CheckOutThProduct.c(36): Resource "https://petstore.octoperf.com/images/banner_fish.gif" is in the cache already and will not be downloaded again  	[MsgId: MMSG-26655]
CheckOutThProduct.c(36): Registered web_reg_find successful for "Text=Confirm" (count=1)  	[MsgId: MMSG-26364]
CheckOutThProduct.c(36): web_submit_form("Order.action") was successful, 4526 body bytes, 225 header bytes  	[MsgId: MMSG-26386]
CheckOutThProduct.c(54): Notify: Transaction "PetStore_ClickOnContinue_T03" ended with a "Pass" status (Duration: 0.2539 Wasted Time: 0.0000).	[MsgId: MMSG-16871]
CheckOutThProduct.c(56): lr_think_time: 4.02 seconds (recorded think time was 5.00 seconds).	[MsgId: MMSG-15947]
Login.c(9): Resource "https://petstore.octoperf.com/css/jpetstore.css" is in the cache already and will not be downloaded again  	[MsgId: MMSG-26655]
Login.c(9): Resource "https://petstore.octoperf.com/images/logo-topbar.svg" is in the cache already and will not be downloaded again  	[MsgId: MMSG-26655]
Login.c(9): Resource "https://petstore.octoperf.com/images/cart.gif" is in the cache already and will not be downloaded again  	[MsgId: MMSG-26655]
Login.c(9): Resource "https://petstore.octoperf.com/images/separator.gif" is in the cache already and will not be downloaded again  	[MsgId: MMSG-26655]
Login.c(9): Resource "https://petstore.octoperf.com/images/sm_fish.gif" is in the cache already and will not be downloaded again  	[MsgId: MMSG-26655]
Login.c(9): Resource "https://petstore.octoperf.com/images/sm_dogs.gif" is in the cache already and will not be downloaded again  	[MsgId: MMSG-26655]
Login.c(9): Resource "https://petstore.octoperf.com/images/sm_reptiles.gif" is in the cache already and will not be downloaded again  	[MsgId: MMSG-26655]
Login.c(9): Resource "https://petstore.octoperf.com/images/sm_cats.gif" is in the cache already and will not be downloaded again  	[MsgId: MMSG-26655]
Login.c(9): Resource "https://petstore.octoperf.com/images/sm_birds.gif" is in the cache already and will not be downloaded again  	[MsgId: MMSG-26655]
Login.c(9): Registered web_reg_find successful for "Text=Please enter your username and password" (count=1)  	[MsgId: MMSG-26364]
Login.c(9): web_link("Sign In") was successful, 3858 body bytes, 225 header bytes  	[MsgId: MMSG-26386]
Login.c(13): Notify: Transaction "PetStore_ClickOnSignIn_T01" ended with a "Pass" status (Duration: 0.1259 Wasted Time: 0.0000).	[MsgId: MMSG-16871]
Login.c(15): lr_think_time: 4.48 seconds (recorded think time was 5.00 seconds).	[MsgId: MMSG-15947]
CheckOutThProduct.c(31): Notify: Transaction "PetStore_ClickOnContinue_T03" started.	[MsgId: MMSG-16999]
CheckOutThProduct.c(33): web_reg_find started  	[MsgId: MMSG-26355]
CheckOutThProduct.c(33): Registering web_reg_find was successful  	[MsgId: MMSG-26390]
CheckOutThProduct.c(36): web_submit_form("Order.action") started  	[MsgId: MMSG-26355]
CheckOutThProduct.c(36): Submitting form to "https://petstore.octoperf.com/actions/Order.action", Target Frame=""  	[MsgId: MMSG-27978]
AddToCard.c(40): Notify: Transaction "PetStore_SelectProductId_T02" started.	[MsgId: MMSG-16999]
AddToCard.c(43): Notify: Parameter Substitution: parameter "productId_count" =  "2"	[MsgId: MMSG-13992]
AddToCard.c(44): Notify: Parameter Substitution: parameter "productId_1" =  "RP-SN-01"	[MsgId: MMSG-13992]
AddToCard.c(46): Notify: Saving Parameter "RandproductId = RP-SN-01".	[MsgId: MMSG-13798]
AddToCard.c(47): Notify: Parameter Substitution: parameter "RandproductId" =  "RP-SN-01"	[MsgId: MMSG-13992]
AddToCard.c(47): Random category selected in Action2 = RP-SN-01	[MsgId: MMSG-17999]
AddToCard.c(49): web_reg_find started  	[MsgId: MMSG-26355]
AddToCard.c(49): Notify: Parameter Substitution: parameter "RandproductId" =  "RP-SN-01"	[MsgId: MMSG-13992]
AddToCard.c(49): Registering web_reg_find was successful  	[MsgId: MMSG-26390]
AddToCard.c(51): web_reg_save_param_regexp started  	[MsgId: MMSG-26355]
AddToCard.c(51): Registering web_reg_save_param_regexp was successful  	[MsgId: MMSG-26390]
AddToCard.c(58): web_link("{RandproductId}") started  	[MsgId: MMSG-26355]
AddToCard.c(58): Notify: Parameter Substitution: parameter "RandproductId" =  "RP-SN-01"	[MsgId: MMSG-13992]
AddToCard.c(58): Linking to "https://petstore.octoperf.com/actions/Catalog.action?viewProduct=&productId=RP-SN-01", Target Frame=""  	[MsgId: MMSG-27994]
AddToCard.c(58): Resource "https://petstore.octoperf.com/css/jpetstore.css" is in the cache already and will not be downloaded again  	[MsgId: MMSG-26655]
AddToCard.c(58): Resource "https://petstore.octoperf.com/images/logo-topbar.svg" is in the cache already and will not be downloaded again  	[MsgId: MMSG-26655]
AddToCard.c(58): Resource "https://petstore.octoperf.com/images/cart.gif" is in the cache already and will not be downloaded again  	[MsgId: MMSG-26655]
AddToCard.c(58): Resource "https://petstore.octoperf.com/images/separator.gif" is in the cache already and will not be downloaded again  	[MsgId: MMSG-26655]
AddToCard.c(58): Resource "https://petstore.octoperf.com/images/sm_fish.gif" is in the cache already and will not be downloaded again  	[MsgId: MMSG-26655]
AddToCard.c(58): Resource "https://petstore.octoperf.com/images/sm_dogs.gif" is in the cache already and will not be downloaded again  	[MsgId: MMSG-26655]
AddToCard.c(58): Resource "https://petstore.octoperf.com/images/sm_reptiles.gif" is in the cache already and will not be downloaded again  	[MsgId: MMSG-26655]
AddToCard.c(58): Resource "https://petstore.octoperf.com/images/sm_cats.gif" is in the cache already and will not be downloaded again  	[MsgId: MMSG-26655]
AddToCard.c(58): Resource "https://petstore.octoperf.com/images/sm_birds.gif" is in the cache already and will not be downloaded again  	[MsgId: MMSG-26655]
AddToCard.c(58): Resource "https://petstore.octoperf.com/images/banner_fish.gif" is in the cache already and will not be downloaded again  	[MsgId: MMSG-26655]
AddToCard.c(58): Notify: Saving Parameter "itemId_1 = EST-11".	[MsgId: MMSG-13798]
AddToCard.c(58): Notify: Saving Parameter "itemId_2 = EST-12".	[MsgId: MMSG-13798]
AddToCard.c(58): Notify: Saving Parameter "itemId_count = 2".	[MsgId: MMSG-13798]
AddToCard.c(58): Registered web_reg_find successful for "Text=RP-SN-01" (count=2)  	[MsgId: MMSG-26364]
AddToCard.c(58): web_link("{RandproductId}") was successful, 4092 body bytes, 225 header bytes  	[MsgId: MMSG-26386]
AddToCard.c(63): Notify: Transaction "PetStore_SelectProductId_T02" ended with a "Pass" status (Duration: 0.1288 Wasted Time: 0.0003).	[MsgId: MMSG-16871]
AddToCard.c(65): lr_think_time: 4.37 seconds (recorded think time was 5.00 seconds).	[MsgId: MMSG-15947]
CheckOutThProduct.c(36): Resource "https://petstore.octoperf.com/css/jpetstore.css" is in the cache already and will not be downloaded again  	[MsgId: MMSG-26655]
CheckOutThProduct.c(36): Resource "https://petstore.octoperf.com/images/logo-topbar.svg" is in the cache already and will not be downloaded again  	[MsgId: MMSG-26655]
CheckOutThProduct.c(36): Resource "https://petstore.octoperf.com/images/cart.gif" is in the cache already and will not be downloaded again  	[MsgId: MMSG-26655]
CheckOutThProduct.c(36): Resource "https://petstore.octoperf.com/images/separator.gif" is in the cache already and will not be downloaded again  	[MsgId: MMSG-26655]
CheckOutThProduct.c(36): Resource "https://petstore.octoperf.com/images/sm_fish.gif" is in the cache already and will not be downloaded again  	[MsgId: MMSG-26655]
CheckOutThProduct.c(36): Resource "https://petstore.octoperf.com/images/sm_dogs.gif" is in the cache already and will not be downloaded again  	[MsgId: MMSG-26655]
CheckOutThProduct.c(36): Resource "https://petstore.octoperf.com/images/sm_reptiles.gif" is in the cache already and will not be downloaded again  	[MsgId: MMSG-26655]
CheckOutThProduct.c(36): Resource "https://petstore.octoperf.com/images/sm_cats.gif" is in the cache already and will not be downloaded again  	[MsgId: MMSG-26655]
CheckOutThProduct.c(36): Resource "https://petstore.octoperf.com/images/sm_birds.gif" is in the cache already and will not be downloaded again  	[MsgId: MMSG-26655]
CheckOutThProduct.c(36): Resource "https://petstore.octoperf.com/images/banner_fish.gif" is in the cache already and will not be downloaded again  	[MsgId: MMSG-26655]
CheckOutThProduct.c(36): Registered web_reg_find successful for "Text=Confirm" (count=1)  	[MsgId: MMSG-26364]
CheckOutThProduct.c(36): web_submit_form("Order.action") was successful, 4526 body bytes, 225 header bytes  	[MsgId: MMSG-26386]
CheckOutThProduct.c(54): Notify: Transaction "PetStore_ClickOnContinue_T03" ended with a "Pass" status (Duration: 0.2498 Wasted Time: 0.0000).	[MsgId: MMSG-16871]
CheckOutThProduct.c(56): lr_think_time: 2.83 seconds (recorded think time was 5.00 seconds).	[MsgId: MMSG-15947]
AddToCard.c(88): Notify: Transaction "PetStore_AddToCard_T04" started.	[MsgId: MMSG-16999]
AddToCard.c(90): web_reg_find started  	[MsgId: MMSG-26355]
AddToCard.c(90): Registering web_reg_find was successful  	[MsgId: MMSG-26390]
AddToCard.c(94): web_link("Add to Cart") started  	[MsgId: MMSG-26355]
AddToCard.c(94): Linking to "https://petstore.octoperf.com/actions/Cart.action?addItemToCart=&workingItemId=EST-19", Target Frame=""  	[MsgId: MMSG-27994]
AddToCard.c(94): Resource "https://petstore.octoperf.com/css/jpetstore.css" is in the cache already and will not be downloaded again  	[MsgId: MMSG-26655]
AddToCard.c(94): Resource "https://petstore.octoperf.com/images/logo-topbar.svg" is in the cache already and will not be downloaded again  	[MsgId: MMSG-26655]
AddToCard.c(94): Resource "https://petstore.octoperf.com/images/cart.gif" is in the cache already and will not be downloaded again  	[MsgId: MMSG-26655]
AddToCard.c(94): Resource "https://petstore.octoperf.com/images/separator.gif" is in the cache already and will not be downloaded again  	[MsgId: MMSG-26655]
AddToCard.c(94): Resource "https://petstore.octoperf.com/images/sm_fish.gif" is in the cache already and will not be downloaded again  	[MsgId: MMSG-26655]
AddToCard.c(94): Resource "https://petstore.octoperf.com/images/sm_dogs.gif" is in the cache already and will not be downloaded again  	[MsgId: MMSG-26655]
AddToCard.c(94): Resource "https://petstore.octoperf.com/images/sm_reptiles.gif" is in the cache already and will not be downloaded again  	[MsgId: MMSG-26655]
AddToCard.c(94): Resource "https://petstore.octoperf.com/images/sm_cats.gif" is in the cache already and will not be downloaded again  	[MsgId: MMSG-26655]
AddToCard.c(94): Resource "https://petstore.octoperf.com/images/sm_birds.gif" is in the cache already and will not be downloaded again  	[MsgId: MMSG-26655]
AddToCard.c(94): Resource "https://petstore.octoperf.com/images/banner_fish.gif" is in the cache already and will not be downloaded again  	[MsgId: MMSG-26655]
AddToCard.c(94): Registered web_reg_find successful for "Text=Shopping Cart" (count=1)  	[MsgId: MMSG-26364]
AddToCard.c(94): web_link("Add to Cart") was successful, 4632 body bytes, 225 header bytes  	[MsgId: MMSG-26386]
AddToCard.c(99): Notify: Transaction "PetStore_AddToCard_T04" ended with a "Pass" status (Duration: 0.1300 Wasted Time: 0.0000).	[MsgId: MMSG-16871]
CheckOutThProduct.c(4): Notify: Transaction "PetStore_ClickOnViewCart_T01" started.	[MsgId: MMSG-16999]
CheckOutThProduct.c(5): web_reg_find started  	[MsgId: MMSG-26355]
CheckOutThProduct.c(5): Registering web_reg_find was successful  	[MsgId: MMSG-26390]
CheckOutThProduct.c(7): web_url("Cart.action_4") started  	[MsgId: MMSG-26355]
CheckOutThProduct.c(7): Resource "https://petstore.octoperf.com/css/jpetstore.css" is in the cache already and will not be downloaded again  	[MsgId: MMSG-26655]
CheckOutThProduct.c(7): Resource "https://petstore.octoperf.com/images/logo-topbar.svg" is in the cache already and will not be downloaded again  	[MsgId: MMSG-26655]
CheckOutThProduct.c(7): Resource "https://petstore.octoperf.com/images/cart.gif" is in the cache already and will not be downloaded again  	[MsgId: MMSG-26655]
CheckOutThProduct.c(7): Resource "https://petstore.octoperf.com/images/separator.gif" is in the cache already and will not be downloaded again  	[MsgId: MMSG-26655]
CheckOutThProduct.c(7): Resource "https://petstore.octoperf.com/images/sm_fish.gif" is in the cache already and will not be downloaded again  	[MsgId: MMSG-26655]
CheckOutThProduct.c(7): Resource "https://petstore.octoperf.com/images/sm_dogs.gif" is in the cache already and will not be downloaded again  	[MsgId: MMSG-26655]
CheckOutThProduct.c(7): Resource "https://petstore.octoperf.com/images/sm_reptiles.gif" is in the cache already and will not be downloaded again  	[MsgId: MMSG-26655]
CheckOutThProduct.c(7): Resource "https://petstore.octoperf.com/images/sm_cats.gif" is in the cache already and will not be downloaded again  	[MsgId: MMSG-26655]
CheckOutThProduct.c(7): Resource "https://petstore.octoperf.com/images/sm_birds.gif" is in the cache already and will not be downloaded again  	[MsgId: MMSG-26655]
CheckOutThProduct.c(7): Resource "https://petstore.octoperf.com/images/banner_fish.gif" is in the cache already and will not be downloaded again  	[MsgId: MMSG-26655]
CheckOutThProduct.c(7): Registered web_reg_find successful for "Text=Shopping Cart" (count=1)  	[MsgId: MMSG-26364]
CheckOutThProduct.c(7): web_url("Cart.action_4") was successful, 4632 body bytes, 225 header bytes  	[MsgId: MMSG-26386]
CheckOutThProduct.c(15): Notify: Transaction "PetStore_ClickOnViewCart_T01" ended with a "Pass" status (Duration: 0.1296 Wasted Time: 0.0000).	[MsgId: MMSG-16871]
CheckOutThProduct.c(17): lr_think_time: 4.58 seconds (recorded think time was 5.00 seconds).	[MsgId: MMSG-15947]
CheckOutThProduct.c(58): Notify: Transaction "PetStore_ClickOnConform_T04" started.	[MsgId: MMSG-16999]
CheckOutThProduct.c(59): web_reg_find started  	[MsgId: MMSG-26355]
CheckOutThProduct.c(59): Registering web_reg_find was successful  	[MsgId: MMSG-26390]
CheckOutThProduct.c(62): web_link("Confirm") started  	[MsgId: MMSG-26355]
CheckOutThProduct.c(62): Linking to "https://petstore.octoperf.com/actions/Order.action?newOrder=&confirmed=true", Target Frame=""  	[MsgId: MMSG-27994]
CheckOutThProduct.c(62): Resource "https://petstore.octoperf.com/css/jpetstore.css" is in the cache already and will not be downloaded again  	[MsgId: MMSG-26655]
CheckOutThProduct.c(62): Resource "https://petstore.octoperf.com/images/logo-topbar.svg" is in the cache already and will not be downloaded again  	[MsgId: MMSG-26655]
CheckOutThProduct.c(62): Resource "https://petstore.octoperf.com/images/cart.gif" is in the cache already and will not be downloaded again  	[MsgId: MMSG-26655]
CheckOutThProduct.c(62): Resource "https://petstore.octoperf.com/images/separator.gif" is in the cache already and will not be downloaded again  	[MsgId: MMSG-26655]
CheckOutThProduct.c(62): Resource "https://petstore.octoperf.com/images/sm_fish.gif" is in the cache already and will not be downloaded again  	[MsgId: MMSG-26655]
CheckOutThProduct.c(62): Resource "https://petstore.octoperf.com/images/sm_dogs.gif" is in the cache already and will not be downloaded again  	[MsgId: MMSG-26655]
CheckOutThProduct.c(62): Resource "https://petstore.octoperf.com/images/sm_reptiles.gif" is in the cache already and will not be downloaded again  	[MsgId: MMSG-26655]
CheckOutThProduct.c(62): Resource "https://petstore.octoperf.com/images/sm_cats.gif" is in the cache already and will not be downloaded again  	[MsgId: MMSG-26655]
CheckOutThProduct.c(62): Resource "https://petstore.octoperf.com/images/sm_birds.gif" is in the cache already and will not be downloaded again  	[MsgId: MMSG-26655]
CheckOutThProduct.c(62): Resource "https://petstore.octoperf.com/images/banner_fish.gif" is in the cache already and will not be downloaded again  	[MsgId: MMSG-26655]
CheckOutThProduct.c(62): Registered web_reg_find successful for "Text=Thank you, your order has been submitted" (count=1)  	[MsgId: MMSG-26364]
CheckOutThProduct.c(62): web_link("Confirm") was successful, 5224 body bytes, 225 header bytes  	[MsgId: MMSG-26386]
CheckOutThProduct.c(66): Notify: Transaction "PetStore_ClickOnConform_T04" ended with a "Pass" status (Duration: 0.1303 Wasted Time: 0.0000).	[MsgId: MMSG-16871]
Ending action CheckOutThProduct.	[MsgId: MMSG-15918]
Action was aborted.	[MsgId: MMSG-10694]
Ending Vuser...	[MsgId: MMSG-15966]
Starting action vuser_end.	[MsgId: MMSG-15919]
vuser_end.c(4): Notify: Transaction "PetStore_SignOut_T01" started.	[MsgId: MMSG-16999]
vuser_end.c(6): web_reg_find started  	[MsgId: MMSG-26355]
vuser_end.c(6): Registering web_reg_find was successful  	[MsgId: MMSG-26390]
vuser_end.c(9): web_url("Account.action_2") started  	[MsgId: MMSG-26355]
vuser_end.c(9): Redirecting "https://petstore.octoperf.com/actions/Account.action?signoff=" (redirection depth is 0)  	[MsgId: MMSG-26694]
vuser_end.c(9): To location "https://petstore.octoperf.com/actions/Catalog.action"  	[MsgId: MMSG-26693]
vuser_end.c(9): Resource "https://petstore.octoperf.com/css/jpetstore.css" is in the cache already and will not be downloaded again  	[MsgId: MMSG-26655]
vuser_end.c(9): Resource "https://petstore.octoperf.com/images/logo-topbar.svg" is in the cache already and will not be downloaded again  	[MsgId: MMSG-26655]
vuser_end.c(9): Resource "https://petstore.octoperf.com/images/cart.gif" is in the cache already and will not be downloaded again  	[MsgId: MMSG-26655]
vuser_end.c(9): Resource "https://petstore.octoperf.com/images/separator.gif" is in the cache already and will not be downloaded again  	[MsgId: MMSG-26655]
vuser_end.c(9): Resource "https://petstore.octoperf.com/images/sm_fish.gif" is in the cache already and will not be downloaded again  	[MsgId: MMSG-26655]
vuser_end.c(9): Resource "https://petstore.octoperf.com/images/sm_dogs.gif" is in the cache already and will not be downloaded again  	[MsgId: MMSG-26655]
vuser_end.c(9): Resource "https://petstore.octoperf.com/images/sm_reptiles.gif" is in the cache already and will not be downloaded again  	[MsgId: MMSG-26655]
vuser_end.c(9): Resource "https://petstore.octoperf.com/images/sm_cats.gif" is in the cache already and will not be downloaded again  	[MsgId: MMSG-26655]
vuser_end.c(9): Resource "https://petstore.octoperf.com/images/sm_birds.gif" is in the cache already and will not be downloaded again  	[MsgId: MMSG-26655]
vuser_end.c(9): Resource "https://petstore.octoperf.com/images/fish_icon.gif" is in the cache already and will not be downloaded again  	[MsgId: MMSG-26655]
vuser_end.c(9): Resource "https://petstore.octoperf.com/images/dogs_icon.gif" is in the cache already and will not be downloaded again  	[MsgId: MMSG-26655]
vuser_end.c(9): Resource "https://petstore.octoperf.com/images/cats_icon.gif" is in the cache already and will not be downloaded again  	[MsgId: MMSG-26655]
vuser_end.c(9): Resource "https://petstore.octoperf.com/images/reptiles_icon.gif" is in the cache already and will not be downloaded again  	[MsgId: MMSG-26655]
vuser_end.c(9): Resource "https://petstore.octoperf.com/images/birds_icon.gif" is in the cache already and will not be downloaded again  	[MsgId: MMSG-26655]
vuser_end.c(9): Resource "https://petstore.octoperf.com/images/splash.gif" is in the cache already and will not be downloaded again  	[MsgId: MMSG-26655]
vuser_end.c(9): Registered web_reg_find successful for "Text=Sign In" (count=1)  	[MsgId: MMSG-26364]
vuser_end.c(9): web_url("Account.action_2") was successful, 4736 body bytes, 518 header bytes  	[MsgId: MMSG-26386]
vuser_end.c(18): Notify: Transaction "PetStore_SignOut_T01" ended with a "Pass" status (Duration: 0.2502 Wasted Time: 0.0000).	[MsgId: MMSG-16871]
vuser_end.c(20): Script Exection done sucessfully	[MsgId: MMSG-17999]
vuser_end.c(21): web_cache_cleanup started  	[MsgId: MMSG-26355]
vuser_end.c(21): web_cache_cleanup was successful  	[MsgId: MMSG-26392]
vuser_end.c(22): web_cleanup_cookies started  	[MsgId: MMSG-26355]
vuser_end.c(22): web_cleanup_cookies was successful  	[MsgId: MMSG-26392]
Ending action vuser_end.	[MsgId: MMSG-15918]
Vuser Terminated.	[MsgId: MMSG-15963]
Vuser 2 (thread 4280), ended OK."	[MsgId: MMSG-10695]
CheckOutThProduct.c(58): Notify: Transaction "PetStore_ClickOnConform_T04" started.	[MsgId: MMSG-16999]
CheckOutThProduct.c(59): web_reg_find started  	[MsgId: MMSG-26355]
CheckOutThProduct.c(59): Registering web_reg_find was successful  	[MsgId: MMSG-26390]
CheckOutThProduct.c(62): web_link("Confirm") started  	[MsgId: MMSG-26355]
CheckOutThProduct.c(62): Linking to "https://petstore.octoperf.com/actions/Order.action?newOrder=&confirmed=true", Target Frame=""  	[MsgId: MMSG-27994]
CheckOutThProduct.c(62): Resource "https://petstore.octoperf.com/css/jpetstore.css" is in the cache already and will not be downloaded again  	[MsgId: MMSG-26655]
CheckOutThProduct.c(62): Resource "https://petstore.octoperf.com/images/logo-topbar.svg" is in the cache already and will not be downloaded again  	[MsgId: MMSG-26655]
CheckOutThProduct.c(62): Resource "https://petstore.octoperf.com/images/cart.gif" is in the cache already and will not be downloaded again  	[MsgId: MMSG-26655]
CheckOutThProduct.c(62): Resource "https://petstore.octoperf.com/images/separator.gif" is in the cache already and will not be downloaded again  	[MsgId: MMSG-26655]
CheckOutThProduct.c(62): Resource "https://petstore.octoperf.com/images/sm_fish.gif" is in the cache already and will not be downloaded again  	[MsgId: MMSG-26655]
CheckOutThProduct.c(62): Resource "https://petstore.octoperf.com/images/sm_dogs.gif" is in the cache already and will not be downloaded again  	[MsgId: MMSG-26655]
CheckOutThProduct.c(62): Resource "https://petstore.octoperf.com/images/sm_reptiles.gif" is in the cache already and will not be downloaded again  	[MsgId: MMSG-26655]
CheckOutThProduct.c(62): Resource "https://petstore.octoperf.com/images/sm_cats.gif" is in the cache already and will not be downloaded again  	[MsgId: MMSG-26655]
CheckOutThProduct.c(62): Resource "https://petstore.octoperf.com/images/sm_birds.gif" is in the cache already and will not be downloaded again  	[MsgId: MMSG-26655]
CheckOutThProduct.c(62): Resource "https://petstore.octoperf.com/images/banner_fish.gif" is in the cache already and will not be downloaded again  	[MsgId: MMSG-26655]
CheckOutThProduct.c(62): Registered web_reg_find successful for "Text=Thank you, your order has been submitted" (count=1)  	[MsgId: MMSG-26364]
CheckOutThProduct.c(62): web_link("Confirm") was successful, 5235 body bytes, 225 header bytes  	[MsgId: MMSG-26386]
CheckOutThProduct.c(66): Notify: Transaction "PetStore_ClickOnConform_T04" ended with a "Pass" status (Duration: 0.1316 Wasted Time: 0.0000).	[MsgId: MMSG-16871]
Ending action CheckOutThProduct.	[MsgId: MMSG-15918]
Ending iteration 35.	[MsgId: MMSG-15965]
Waiting 5.3380 seconds for iteration pacing.	[MsgId: MMSG-15996]
Login.c(17): Notify: Transaction "PetStore_Login_T01" started.	[MsgId: MMSG-16999]
Login.c(18): web_reg_find started  	[MsgId: MMSG-26355]
Login.c(18): Registering web_reg_find was successful  	[MsgId: MMSG-26390]
Login.c(20): web_reg_save_param_regexp started  	[MsgId: MMSG-26355]
Login.c(20): Registering web_reg_save_param_regexp was successful  	[MsgId: MMSG-26390]
Login.c(26): web_submit_form("Account.action") started  	[MsgId: MMSG-26355]
Login.c(26): Notify: Parameter Substitution: parameter "randomUsername" =  "JTRJ"	[MsgId: MMSG-13992]
Login.c(26): Notify: Parameter Substitution: parameter "randompass" =  "rnbi"	[MsgId: MMSG-13992]
Login.c(26): Submitting form to "https://petstore.octoperf.com/actions/Account.action", Target Frame=""  	[MsgId: MMSG-27978]
AddToCard.c(67): Notify: Transaction "PetStore_SelectItemId_T03" started.	[MsgId: MMSG-16999]
AddToCard.c(71): Notify: Parameter Substitution: parameter "itemId_count" =  "2"	[MsgId: MMSG-13992]
AddToCard.c(72): Notify: Parameter Substitution: parameter "itemId_2" =  "EST-12"	[MsgId: MMSG-13992]
AddToCard.c(74): Notify: Saving Parameter "RanditemId = EST-12".	[MsgId: MMSG-13798]
AddToCard.c(75): Notify: Parameter Substitution: parameter "RanditemId" =  "EST-12"	[MsgId: MMSG-13992]
AddToCard.c(75): Random category selected in Action2 = EST-12	[MsgId: MMSG-17999]
AddToCard.c(77): web_reg_find started  	[MsgId: MMSG-26355]
AddToCard.c(77): Notify: Parameter Substitution: parameter "RanditemId" =  "EST-12"	[MsgId: MMSG-13992]
AddToCard.c(77): Registering web_reg_find was successful  	[MsgId: MMSG-26390]
AddToCard.c(79): web_link("{RanditemId}") started  	[MsgId: MMSG-26355]
AddToCard.c(79): Notify: Parameter Substitution: parameter "RanditemId" =  "EST-12"	[MsgId: MMSG-13992]
AddToCard.c(79): Linking to "https://petstore.octoperf.com/actions/Catalog.action?viewItem=&itemId=EST-12", Target Frame=""  	[MsgId: MMSG-27994]
AddToCard.c(79): Resource "https://petstore.octoperf.com/css/jpetstore.css" is in the cache already and will not be downloaded again  	[MsgId: MMSG-26655]
AddToCard.c(79): Resource "https://petstore.octoperf.com/images/logo-topbar.svg" is in the cache already and will not be downloaded again  	[MsgId: MMSG-26655]
AddToCard.c(79): Resource "https://petstore.octoperf.com/images/cart.gif" is in the cache already and will not be downloaded again  	[MsgId: MMSG-26655]
AddToCard.c(79): Resource "https://petstore.octoperf.com/images/separator.gif" is in the cache already and will not be downloaded again  	[MsgId: MMSG-26655]
AddToCard.c(79): Resource "https://petstore.octoperf.com/images/sm_fish.gif" is in the cache already and will not be downloaded again  	[MsgId: MMSG-26655]
AddToCard.c(79): Resource "https://petstore.octoperf.com/images/sm_dogs.gif" is in the cache already and will not be downloaded again  	[MsgId: MMSG-26655]
AddToCard.c(79): Resource "https://petstore.octoperf.com/images/sm_reptiles.gif" is in the cache already and will not be downloaded again  	[MsgId: MMSG-26655]
AddToCard.c(79): Resource "https://petstore.octoperf.com/images/sm_cats.gif" is in the cache already and will not be downloaded again  	[MsgId: MMSG-26655]
AddToCard.c(79): Resource "https://petstore.octoperf.com/images/sm_birds.gif" is in the cache already and will not be downloaded again  	[MsgId: MMSG-26655]
AddToCard.c(79): Found resource "https://petstore.octoperf.com/images/snake1.gif" in HTML "https://petstore.octoperf.com/actions/Catalog.action?viewItem=&itemId=EST-12"  	[MsgId: MMSG-26659]
AddToCard.c(79): Resource "https://petstore.octoperf.com/images/banner_fish.gif" is in the cache already and will not be downloaded again  	[MsgId: MMSG-26655]
Login.c(26): Redirecting "https://petstore.octoperf.com/actions/Account.action" (redirection depth is 0)  	[MsgId: MMSG-26694]
Login.c(26): To location "https://petstore.octoperf.com/actions/Catalog.action"  	[MsgId: MMSG-26693]
Login.c(26): Resource "https://petstore.octoperf.com/css/jpetstore.css" is in the cache already and will not be downloaded again  	[MsgId: MMSG-26655]
Login.c(26): Resource "https://petstore.octoperf.com/images/logo-topbar.svg" is in the cache already and will not be downloaded again  	[MsgId: MMSG-26655]
Login.c(26): Resource "https://petstore.octoperf.com/images/cart.gif" is in the cache already and will not be downloaded again  	[MsgId: MMSG-26655]
Login.c(26): Resource "https://petstore.octoperf.com/images/separator.gif" is in the cache already and will not be downloaded again  	[MsgId: MMSG-26655]
Login.c(26): Resource "https://petstore.octoperf.com/images/sm_fish.gif" is in the cache already and will not be downloaded again  	[MsgId: MMSG-26655]
Login.c(26): Resource "https://petstore.octoperf.com/images/sm_dogs.gif" is in the cache already and will not be downloaded again  	[MsgId: MMSG-26655]
Login.c(26): Resource "https://petstore.octoperf.com/images/sm_reptiles.gif" is in the cache already and will not be downloaded again  	[MsgId: MMSG-26655]
Login.c(26): Resource "https://petstore.octoperf.com/images/sm_cats.gif" is in the cache already and will not be downloaded again  	[MsgId: MMSG-26655]
Login.c(26): Resource "https://petstore.octoperf.com/images/sm_birds.gif" is in the cache already and will not be downloaded again  	[MsgId: MMSG-26655]
Login.c(26): Resource "https://petstore.octoperf.com/images/fish_icon.gif" is in the cache already and will not be downloaded again  	[MsgId: MMSG-26655]
Login.c(26): Resource "https://petstore.octoperf.com/images/dogs_icon.gif" is in the cache already and will not be downloaded again  	[MsgId: MMSG-26655]
Login.c(26): Resource "https://petstore.octoperf.com/images/cats_icon.gif" is in the cache already and will not be downloaded again  	[MsgId: MMSG-26655]
Login.c(26): Resource "https://petstore.octoperf.com/images/reptiles_icon.gif" is in the cache already and will not be downloaded again  	[MsgId: MMSG-26655]
Login.c(26): Resource "https://petstore.octoperf.com/images/birds_icon.gif" is in the cache already and will not be downloaded again  	[MsgId: MMSG-26655]
Login.c(26): Resource "https://petstore.octoperf.com/images/splash.gif" is in the cache already and will not be downloaded again  	[MsgId: MMSG-26655]
Login.c(26): Found resource "https://petstore.octoperf.com/images/banner_fish.gif" in HTML "https://petstore.octoperf.com/actions/Catalog.action"  	[MsgId: MMSG-26659]
Login.c(26): Notify: Saving Parameter "ProductName_1 = BIRDS".	[MsgId: MMSG-13798]
Login.c(26): Notify: Saving Parameter "ProductName_2 = FISH".	[MsgId: MMSG-13798]
Login.c(26): Notify: Saving Parameter "ProductName_3 = DOGS".	[MsgId: MMSG-13798]
Login.c(26): Notify: Saving Parameter "ProductName_4 = REPTILES".	[MsgId: MMSG-13798]
Login.c(26): Notify: Saving Parameter "ProductName_5 = CATS".	[MsgId: MMSG-13798]
Login.c(26): Notify: Saving Parameter "ProductName_6 = BIRDS".	[MsgId: MMSG-13798]
AddToCard.c(79): Registered web_reg_find successful for "Text=EST-12" (count=2)  	[MsgId: MMSG-26364]
AddToCard.c(79): web_link("{RanditemId}") was successful, 16844 body bytes, 511 header bytes  	[MsgId: MMSG-26386]
AddToCard.c(84): Notify: Transaction "PetStore_SelectItemId_T03" ended with a "Pass" status (Duration: 0.3733 Wasted Time: 0.0000).	[MsgId: MMSG-16871]
AddToCard.c(86): lr_think_time: 4.75 seconds (recorded think time was 5.00 seconds).	[MsgId: MMSG-15947]
Login.c(26): Notify: Saving Parameter "ProductName_count = 6".	[MsgId: MMSG-13798]
Login.c(26): Registered web_reg_find successful for "Text=My Account" (count=1)  	[MsgId: MMSG-26364]
Login.c(26): web_submit_form("Account.action") was successful, 11416 body bytes, 727 header bytes  	[MsgId: MMSG-26386]
Login.c(34): Notify: Transaction "PetStore_Login_T01" ended with a "Pass" status (Duration: 0.5000 Wasted Time: 0.0004).	[MsgId: MMSG-16871]
Ending action Login.	[MsgId: MMSG-15918]
Starting action CheckOutThProduct.	[MsgId: MMSG-15919]
AddToCard.c(8): Notify: Transaction "PetStore_AddAproduct_T01" started.	[MsgId: MMSG-16999]
AddToCard.c(11): Notify: Parameter Substitution: parameter "ProductName_count" =  "6"	[MsgId: MMSG-13992]
AddToCard.c(12): Notify: Parameter Substitution: parameter "ProductName_3" =  "DOGS"	[MsgId: MMSG-13992]
AddToCard.c(14): Notify: Saving Parameter "RandCategory = DOGS".	[MsgId: MMSG-13798]
AddToCard.c(15): Notify: Parameter Substitution: parameter "RandCategory" =  "DOGS"	[MsgId: MMSG-13992]
AddToCard.c(15): Random category selected in Action2 = DOGS	[MsgId: MMSG-17999]
AddToCard.c(17): web_reg_find started  	[MsgId: MMSG-26355]
AddToCard.c(17): Notify: Parameter Substitution: parameter "RandCategory" =  "DOGS"	[MsgId: MMSG-13992]
AddToCard.c(17): Registering web_reg_find was successful  	[MsgId: MMSG-26390]
AddToCard.c(20): web_reg_save_param_regexp started  	[MsgId: MMSG-26355]
AddToCard.c(20): Registering web_reg_save_param_regexp was successful  	[MsgId: MMSG-26390]
AddToCard.c(27): web_url("Catalog.action_2") started  	[MsgId: MMSG-26355]
AddToCard.c(27): Notify: Parameter Substitution: parameter "RandCategory" =  "DOGS"	[MsgId: MMSG-13992]
AddToCard.c(27): Resource "https://petstore.octoperf.com/css/jpetstore.css" is in the cache already and will not be downloaded again  	[MsgId: MMSG-26655]
AddToCard.c(27): Resource "https://petstore.octoperf.com/images/logo-topbar.svg" is in the cache already and will not be downloaded again  	[MsgId: MMSG-26655]
AddToCard.c(27): Resource "https://petstore.octoperf.com/images/cart.gif" is in the cache already and will not be downloaded again  	[MsgId: MMSG-26655]
AddToCard.c(27): Resource "https://petstore.octoperf.com/images/separator.gif" is in the cache already and will not be downloaded again  	[MsgId: MMSG-26655]
AddToCard.c(27): Resource "https://petstore.octoperf.com/images/sm_fish.gif" is in the cache already and will not be downloaded again  	[MsgId: MMSG-26655]
AddToCard.c(27): Resource "https://petstore.octoperf.com/images/sm_dogs.gif" is in the cache already and will not be downloaded again  	[MsgId: MMSG-26655]
AddToCard.c(27): Resource "https://petstore.octoperf.com/images/sm_reptiles.gif" is in the cache already and will not be downloaded again  	[MsgId: MMSG-26655]
AddToCard.c(27): Resource "https://petstore.octoperf.com/images/sm_cats.gif" is in the cache already and will not be downloaded again  	[MsgId: MMSG-26655]
AddToCard.c(27): Resource "https://petstore.octoperf.com/images/sm_birds.gif" is in the cache already and will not be downloaded again  	[MsgId: MMSG-26655]
AddToCard.c(27): Resource "https://petstore.octoperf.com/images/banner_fish.gif" is in the cache already and will not be downloaded again  	[MsgId: MMSG-26655]
AddToCard.c(27): Notify: Saving Parameter "productId_1 = K9-BD-01".	[MsgId: MMSG-13798]
AddToCard.c(27): Notify: Saving Parameter "productId_2 = K9-PO-02".	[MsgId: MMSG-13798]
AddToCard.c(27): Notify: Saving Parameter "productId_3 = K9-DL-01".	[MsgId: MMSG-13798]
AddToCard.c(27): Notify: Saving Parameter "productId_4 = K9-RT-01".	[MsgId: MMSG-13798]
AddToCard.c(27): Notify: Saving Parameter "productId_5 = K9-RT-02".	[MsgId: MMSG-13798]
AddToCard.c(27): Notify: Saving Parameter "productId_6 = K9-CW-01".	[MsgId: MMSG-13798]
AddToCard.c(27): Notify: Saving Parameter "productId_count = 6".	[MsgId: MMSG-13798]
AddToCard.c(27): Registered web_reg_find successful for "Text=DOGS" (count=1)  	[MsgId: MMSG-26364]
AddToCard.c(27): web_url("Catalog.action_2") was successful, 4171 body bytes, 225 header bytes  	[MsgId: MMSG-26386]
AddToCard.c(36): Notify: Transaction "PetStore_AddAproduct_T01" ended with a "Pass" status (Duration: 0.2901 Wasted Time: 0.0003).	[MsgId: MMSG-16871]
AddToCard.c(38): lr_think_time: 2.98 seconds (recorded think time was 5.00 seconds).	[MsgId: MMSG-15947]
Action was aborted.	[MsgId: MMSG-10694]
Ending Vuser...	[MsgId: MMSG-15966]
Starting action vuser_end.	[MsgId: MMSG-15919]
vuser_end.c(4): Notify: Transaction "PetStore_SignOut_T01" started.	[MsgId: MMSG-16999]
vuser_end.c(6): web_reg_find started  	[MsgId: MMSG-26355]
vuser_end.c(6): Registering web_reg_find was successful  	[MsgId: MMSG-26390]
vuser_end.c(9): web_url("Account.action_2") started  	[MsgId: MMSG-26355]
vuser_end.c(9): Redirecting "https://petstore.octoperf.com/actions/Account.action?signoff=" (redirection depth is 0)  	[MsgId: MMSG-26694]
vuser_end.c(9): To location "https://petstore.octoperf.com/actions/Catalog.action"  	[MsgId: MMSG-26693]
vuser_end.c(9): Resource "https://petstore.octoperf.com/css/jpetstore.css" is in the cache already and will not be downloaded again  	[MsgId: MMSG-26655]
vuser_end.c(9): Resource "https://petstore.octoperf.com/images/logo-topbar.svg" is in the cache already and will not be downloaded again  	[MsgId: MMSG-26655]
vuser_end.c(9): Resource "https://petstore.octoperf.com/images/cart.gif" is in the cache already and will not be downloaded again  	[MsgId: MMSG-26655]
vuser_end.c(9): Resource "https://petstore.octoperf.com/images/separator.gif" is in the cache already and will not be downloaded again  	[MsgId: MMSG-26655]
vuser_end.c(9): Resource "https://petstore.octoperf.com/images/sm_fish.gif" is in the cache already and will not be downloaded again  	[MsgId: MMSG-26655]
vuser_end.c(9): Resource "https://petstore.octoperf.com/images/sm_dogs.gif" is in the cache already and will not be downloaded again  	[MsgId: MMSG-26655]
vuser_end.c(9): Resource "https://petstore.octoperf.com/images/sm_reptiles.gif" is in the cache already and will not be downloaded again  	[MsgId: MMSG-26655]
vuser_end.c(9): Resource "https://petstore.octoperf.com/images/sm_cats.gif" is in the cache already and will not be downloaded again  	[MsgId: MMSG-26655]
vuser_end.c(9): Resource "https://petstore.octoperf.com/images/sm_birds.gif" is in the cache already and will not be downloaded again  	[MsgId: MMSG-26655]
vuser_end.c(9): Resource "https://petstore.octoperf.com/images/fish_icon.gif" is in the cache already and will not be downloaded again  	[MsgId: MMSG-26655]
vuser_end.c(9): Resource "https://petstore.octoperf.com/images/dogs_icon.gif" is in the cache already and will not be downloaded again  	[MsgId: MMSG-26655]
vuser_end.c(9): Resource "https://petstore.octoperf.com/images/cats_icon.gif" is in the cache already and will not be downloaded again  	[MsgId: MMSG-26655]
vuser_end.c(9): Resource "https://petstore.octoperf.com/images/reptiles_icon.gif" is in the cache already and will not be downloaded again  	[MsgId: MMSG-26655]
vuser_end.c(9): Resource "https://petstore.octoperf.com/images/birds_icon.gif" is in the cache already and will not be downloaded again  	[MsgId: MMSG-26655]
vuser_end.c(9): Resource "https://petstore.octoperf.com/images/splash.gif" is in the cache already and will not be downloaded again  	[MsgId: MMSG-26655]
vuser_end.c(9): Registered web_reg_find successful for "Text=Sign In" (count=1)  	[MsgId: MMSG-26364]
vuser_end.c(9): web_url("Account.action_2") was successful, 4736 body bytes, 518 header bytes  	[MsgId: MMSG-26386]
vuser_end.c(18): Notify: Transaction "PetStore_SignOut_T01" ended with a "Pass" status (Duration: 0.2519 Wasted Time: 0.0000).	[MsgId: MMSG-16871]
vuser_end.c(20): Script Exection done sucessfully	[MsgId: MMSG-17999]
vuser_end.c(21): web_cache_cleanup started  	[MsgId: MMSG-26355]
vuser_end.c(21): web_cache_cleanup was successful  	[MsgId: MMSG-26392]
vuser_end.c(22): web_cleanup_cookies started  	[MsgId: MMSG-26355]
vuser_end.c(22): web_cleanup_cookies was successful  	[MsgId: MMSG-26392]
Ending action vuser_end.	[MsgId: MMSG-15918]
Vuser Terminated.	[MsgId: MMSG-15963]
Vuser 9 (thread 5128), ended OK."	[MsgId: MMSG-10695]
CheckOutThProduct.c(19): Notify: Transaction "PetStore_ClickOnProccedToCheckOut_T02" started.	[MsgId: MMSG-16999]
CheckOutThProduct.c(20): web_reg_find started  	[MsgId: MMSG-26355]
CheckOutThProduct.c(20): Registering web_reg_find was successful  	[MsgId: MMSG-26390]
CheckOutThProduct.c(23): web_link("Proceed to Checkout") started  	[MsgId: MMSG-26355]
CheckOutThProduct.c(23): Linking to "https://petstore.octoperf.com/actions/Order.action?newOrderForm=", Target Frame=""  	[MsgId: MMSG-27994]
CheckOutThProduct.c(23): Resource "https://petstore.octoperf.com/css/jpetstore.css" is in the cache already and will not be downloaded again  	[MsgId: MMSG-26655]
CheckOutThProduct.c(23): Resource "https://petstore.octoperf.com/images/logo-topbar.svg" is in the cache already and will not be downloaded again  	[MsgId: MMSG-26655]
CheckOutThProduct.c(23): Resource "https://petstore.octoperf.com/images/cart.gif" is in the cache already and will not be downloaded again  	[MsgId: MMSG-26655]
CheckOutThProduct.c(23): Resource "https://petstore.octoperf.com/images/separator.gif" is in the cache already and will not be downloaded again  	[MsgId: MMSG-26655]
CheckOutThProduct.c(23): Resource "https://petstore.octoperf.com/images/sm_fish.gif" is in the cache already and will not be downloaded again  	[MsgId: MMSG-26655]
CheckOutThProduct.c(23): Resource "https://petstore.octoperf.com/images/sm_dogs.gif" is in the cache already and will not be downloaded again  	[MsgId: MMSG-26655]
CheckOutThProduct.c(23): Resource "https://petstore.octoperf.com/images/sm_reptiles.gif" is in the cache already and will not be downloaded again  	[MsgId: MMSG-26655]
CheckOutThProduct.c(23): Resource "https://petstore.octoperf.com/images/sm_cats.gif" is in the cache already and will not be downloaded again  	[MsgId: MMSG-26655]
CheckOutThProduct.c(23): Resource "https://petstore.octoperf.com/images/sm_birds.gif" is in the cache already and will not be downloaded again  	[MsgId: MMSG-26655]
CheckOutThProduct.c(23): Resource "https://petstore.octoperf.com/images/banner_fish.gif" is in the cache already and will not be downloaded again  	[MsgId: MMSG-26655]
CheckOutThProduct.c(23): Registered web_reg_find successful for "Text=Payment Details" (count=1)  	[MsgId: MMSG-26364]
CheckOutThProduct.c(23): web_link("Proceed to Checkout") was successful, 5376 body bytes, 225 header bytes  	[MsgId: MMSG-26386]
CheckOutThProduct.c(27): Notify: Transaction "PetStore_ClickOnProccedToCheckOut_T02" ended with a "Pass" status (Duration: 0.1290 Wasted Time: 0.0000).	[MsgId: MMSG-16871]
CheckOutThProduct.c(29): lr_think_time: 2.78 seconds (recorded think time was 5.00 seconds).	[MsgId: MMSG-15947]
AddToCard.c(40): Notify: Transaction "PetStore_SelectProductId_T02" started.	[MsgId: MMSG-16999]
AddToCard.c(43): Notify: Parameter Substitution: parameter "productId_count" =  "6"	[MsgId: MMSG-13992]
AddToCard.c(44): Notify: Parameter Substitution: parameter "productId_2" =  "K9-PO-02"	[MsgId: MMSG-13992]
AddToCard.c(46): Notify: Saving Parameter "RandproductId = K9-PO-02".	[MsgId: MMSG-13798]
AddToCard.c(47): Notify: Parameter Substitution: parameter "RandproductId" =  "K9-PO-02"	[MsgId: MMSG-13992]
AddToCard.c(47): Random category selected in Action2 = K9-PO-02	[MsgId: MMSG-17999]
AddToCard.c(49): web_reg_find started  	[MsgId: MMSG-26355]
AddToCard.c(49): Notify: Parameter Substitution: parameter "RandproductId" =  "K9-PO-02"	[MsgId: MMSG-13992]
AddToCard.c(49): Registering web_reg_find was successful  	[MsgId: MMSG-26390]
AddToCard.c(51): web_reg_save_param_regexp started  	[MsgId: MMSG-26355]
AddToCard.c(51): Registering web_reg_save_param_regexp was successful  	[MsgId: MMSG-26390]
AddToCard.c(58): web_link("{RandproductId}") started  	[MsgId: MMSG-26355]
AddToCard.c(58): Notify: Parameter Substitution: parameter "RandproductId" =  "K9-PO-02"	[MsgId: MMSG-13992]
AddToCard.c(58): Linking to "https://petstore.octoperf.com/actions/Catalog.action?viewProduct=&productId=K9-PO-02", Target Frame=""  	[MsgId: MMSG-27994]
AddToCard.c(58): Resource "https://petstore.octoperf.com/css/jpetstore.css" is in the cache already and will not be downloaded again  	[MsgId: MMSG-26655]
AddToCard.c(58): Resource "https://petstore.octoperf.com/images/logo-topbar.svg" is in the cache already and will not be downloaded again  	[MsgId: MMSG-26655]
AddToCard.c(58): Resource "https://petstore.octoperf.com/images/cart.gif" is in the cache already and will not be downloaded again  	[MsgId: MMSG-26655]
AddToCard.c(58): Resource "https://petstore.octoperf.com/images/separator.gif" is in the cache already and will not be downloaded again  	[MsgId: MMSG-26655]
AddToCard.c(58): Resource "https://petstore.octoperf.com/images/sm_fish.gif" is in the cache already and will not be downloaded again  	[MsgId: MMSG-26655]
AddToCard.c(58): Resource "https://petstore.octoperf.com/images/sm_dogs.gif" is in the cache already and will not be downloaded again  	[MsgId: MMSG-26655]
AddToCard.c(58): Resource "https://petstore.octoperf.com/images/sm_reptiles.gif" is in the cache already and will not be downloaded again  	[MsgId: MMSG-26655]
AddToCard.c(58): Resource "https://petstore.octoperf.com/images/sm_cats.gif" is in the cache already and will not be downloaded again  	[MsgId: MMSG-26655]
AddToCard.c(58): Resource "https://petstore.octoperf.com/images/sm_birds.gif" is in the cache already and will not be downloaded again  	[MsgId: MMSG-26655]
AddToCard.c(58): Resource "https://petstore.octoperf.com/images/banner_fish.gif" is in the cache already and will not be downloaded again  	[MsgId: MMSG-26655]
AddToCard.c(58): Notify: Saving Parameter "itemId_1 = EST-8".	[MsgId: MMSG-13798]
AddToCard.c(58): Notify: Saving Parameter "itemId_count = 1".	[MsgId: MMSG-13798]
AddToCard.c(58): Registered web_reg_find successful for "Text=K9-PO-02" (count=1)  	[MsgId: MMSG-26364]
AddToCard.c(58): web_link("{RandproductId}") was successful, 3775 body bytes, 225 header bytes  	[MsgId: MMSG-26386]
AddToCard.c(63): Notify: Transaction "PetStore_SelectProductId_T02" ended with a "Pass" status (Duration: 0.1266 Wasted Time: 0.0002).	[MsgId: MMSG-16871]
AddToCard.c(65): lr_think_time: 2.50 seconds (recorded think time was 5.00 seconds).	[MsgId: MMSG-15947]
AddToCard.c(88): Notify: Transaction "PetStore_AddToCard_T04" started.	[MsgId: MMSG-16999]
AddToCard.c(90): web_reg_find started  	[MsgId: MMSG-26355]
AddToCard.c(90): Registering web_reg_find was successful  	[MsgId: MMSG-26390]
AddToCard.c(94): web_link("Add to Cart") started  	[MsgId: MMSG-26355]
AddToCard.c(94): Linking to "https://petstore.octoperf.com/actions/Cart.action?addItemToCart=&workingItemId=EST-12", Target Frame=""  	[MsgId: MMSG-27994]
AddToCard.c(94): Resource "https://petstore.octoperf.com/css/jpetstore.css" is in the cache already and will not be downloaded again  	[MsgId: MMSG-26655]
AddToCard.c(94): Resource "https://petstore.octoperf.com/images/logo-topbar.svg" is in the cache already and will not be downloaded again  	[MsgId: MMSG-26655]
AddToCard.c(94): Resource "https://petstore.octoperf.com/images/cart.gif" is in the cache already and will not be downloaded again  	[MsgId: MMSG-26655]
AddToCard.c(94): Resource "https://petstore.octoperf.com/images/separator.gif" is in the cache already and will not be downloaded again  	[MsgId: MMSG-26655]
AddToCard.c(94): Resource "https://petstore.octoperf.com/images/sm_fish.gif" is in the cache already and will not be downloaded again  	[MsgId: MMSG-26655]
AddToCard.c(94): Resource "https://petstore.octoperf.com/images/sm_dogs.gif" is in the cache already and will not be downloaded again  	[MsgId: MMSG-26655]
AddToCard.c(94): Resource "https://petstore.octoperf.com/images/sm_reptiles.gif" is in the cache already and will not be downloaded again  	[MsgId: MMSG-26655]
AddToCard.c(94): Resource "https://petstore.octoperf.com/images/sm_cats.gif" is in the cache already and will not be downloaded again  	[MsgId: MMSG-26655]
AddToCard.c(94): Resource "https://petstore.octoperf.com/images/sm_birds.gif" is in the cache already and will not be downloaded again  	[MsgId: MMSG-26655]
AddToCard.c(94): Resource "https://petstore.octoperf.com/images/banner_fish.gif" is in the cache already and will not be downloaded again  	[MsgId: MMSG-26655]
AddToCard.c(94): Registered web_reg_find successful for "Text=Shopping Cart" (count=1)  	[MsgId: MMSG-26364]
AddToCard.c(94): web_link("Add to Cart") was successful, 4638 body bytes, 225 header bytes  	[MsgId: MMSG-26386]
AddToCard.c(99): Notify: Transaction "PetStore_AddToCard_T04" ended with a "Pass" status (Duration: 0.1277 Wasted Time: 0.0000).	[MsgId: MMSG-16871]
CheckOutThProduct.c(4): Notify: Transaction "PetStore_ClickOnViewCart_T01" started.	[MsgId: MMSG-16999]
CheckOutThProduct.c(5): web_reg_find started  	[MsgId: MMSG-26355]
CheckOutThProduct.c(5): Registering web_reg_find was successful  	[MsgId: MMSG-26390]
CheckOutThProduct.c(7): web_url("Cart.action_4") started  	[MsgId: MMSG-26355]
CheckOutThProduct.c(7): Resource "https://petstore.octoperf.com/css/jpetstore.css" is in the cache already and will not be downloaded again  	[MsgId: MMSG-26655]
CheckOutThProduct.c(7): Resource "https://petstore.octoperf.com/images/logo-topbar.svg" is in the cache already and will not be downloaded again  	[MsgId: MMSG-26655]
CheckOutThProduct.c(7): Resource "https://petstore.octoperf.com/images/cart.gif" is in the cache already and will not be downloaded again  	[MsgId: MMSG-26655]
CheckOutThProduct.c(7): Resource "https://petstore.octoperf.com/images/separator.gif" is in the cache already and will not be downloaded again  	[MsgId: MMSG-26655]
CheckOutThProduct.c(7): Resource "https://petstore.octoperf.com/images/sm_fish.gif" is in the cache already and will not be downloaded again  	[MsgId: MMSG-26655]
CheckOutThProduct.c(7): Resource "https://petstore.octoperf.com/images/sm_dogs.gif" is in the cache already and will not be downloaded again  	[MsgId: MMSG-26655]
CheckOutThProduct.c(7): Resource "https://petstore.octoperf.com/images/sm_reptiles.gif" is in the cache already and will not be downloaded again  	[MsgId: MMSG-26655]
CheckOutThProduct.c(7): Resource "https://petstore.octoperf.com/images/sm_cats.gif" is in the cache already and will not be downloaded again  	[MsgId: MMSG-26655]
CheckOutThProduct.c(7): Resource "https://petstore.octoperf.com/images/sm_birds.gif" is in the cache already and will not be downloaded again  	[MsgId: MMSG-26655]
CheckOutThProduct.c(7): Resource "https://petstore.octoperf.com/images/banner_fish.gif" is in the cache already and will not be downloaded again  	[MsgId: MMSG-26655]
CheckOutThProduct.c(7): Registered web_reg_find successful for "Text=Shopping Cart" (count=1)  	[MsgId: MMSG-26364]
CheckOutThProduct.c(7): web_url("Cart.action_4") was successful, 4638 body bytes, 225 header bytes  	[MsgId: MMSG-26386]
CheckOutThProduct.c(15): Notify: Transaction "PetStore_ClickOnViewCart_T01" ended with a "Pass" status (Duration: 0.1266 Wasted Time: 0.0000).	[MsgId: MMSG-16871]
CheckOutThProduct.c(17): lr_think_time: 4.64 seconds (recorded think time was 5.00 seconds).	[MsgId: MMSG-15947]
CheckOutThProduct.c(31): Notify: Transaction "PetStore_ClickOnContinue_T03" started.	[MsgId: MMSG-16999]
CheckOutThProduct.c(33): web_reg_find started  	[MsgId: MMSG-26355]
CheckOutThProduct.c(33): Registering web_reg_find was successful  	[MsgId: MMSG-26390]
CheckOutThProduct.c(36): web_submit_form("Order.action") started  	[MsgId: MMSG-26355]
CheckOutThProduct.c(36): Submitting form to "https://petstore.octoperf.com/actions/Order.action", Target Frame=""  	[MsgId: MMSG-27978]
CheckOutThProduct.c(36): Resource "https://petstore.octoperf.com/css/jpetstore.css" is in the cache already and will not be downloaded again  	[MsgId: MMSG-26655]
CheckOutThProduct.c(36): Resource "https://petstore.octoperf.com/images/logo-topbar.svg" is in the cache already and will not be downloaded again  	[MsgId: MMSG-26655]
CheckOutThProduct.c(36): Resource "https://petstore.octoperf.com/images/cart.gif" is in the cache already and will not be downloaded again  	[MsgId: MMSG-26655]
CheckOutThProduct.c(36): Resource "https://petstore.octoperf.com/images/separator.gif" is in the cache already and will not be downloaded again  	[MsgId: MMSG-26655]
CheckOutThProduct.c(36): Resource "https://petstore.octoperf.com/images/sm_fish.gif" is in the cache already and will not be downloaded again  	[MsgId: MMSG-26655]
CheckOutThProduct.c(36): Resource "https://petstore.octoperf.com/images/sm_dogs.gif" is in the cache already and will not be downloaded again  	[MsgId: MMSG-26655]
CheckOutThProduct.c(36): Resource "https://petstore.octoperf.com/images/sm_reptiles.gif" is in the cache already and will not be downloaded again  	[MsgId: MMSG-26655]
CheckOutThProduct.c(36): Resource "https://petstore.octoperf.com/images/sm_cats.gif" is in the cache already and will not be downloaded again  	[MsgId: MMSG-26655]
CheckOutThProduct.c(36): Resource "https://petstore.octoperf.com/images/sm_birds.gif" is in the cache already and will not be downloaded again  	[MsgId: MMSG-26655]
CheckOutThProduct.c(36): Resource "https://petstore.octoperf.com/images/banner_fish.gif" is in the cache already and will not be downloaded again  	[MsgId: MMSG-26655]
CheckOutThProduct.c(36): Registered web_reg_find successful for "Text=Confirm" (count=1)  	[MsgId: MMSG-26364]
CheckOutThProduct.c(36): web_submit_form("Order.action") was successful, 4526 body bytes, 225 header bytes  	[MsgId: MMSG-26386]
CheckOutThProduct.c(54): Notify: Transaction "PetStore_ClickOnContinue_T03" ended with a "Pass" status (Duration: 0.2572 Wasted Time: 0.0000).	[MsgId: MMSG-16871]
CheckOutThProduct.c(56): lr_think_time: 3.44 seconds (recorded think time was 5.00 seconds).	[MsgId: MMSG-15947]
AddToCard.c(67): Notify: Transaction "PetStore_SelectItemId_T03" started.	[MsgId: MMSG-16999]
AddToCard.c(71): Notify: Parameter Substitution: parameter "itemId_count" =  "1"	[MsgId: MMSG-13992]
AddToCard.c(72): Notify: Parameter Substitution: parameter "itemId_1" =  "EST-8"	[MsgId: MMSG-13992]
AddToCard.c(74): Notify: Saving Parameter "RanditemId = EST-8".	[MsgId: MMSG-13798]
AddToCard.c(75): Notify: Parameter Substitution: parameter "RanditemId" =  "EST-8"	[MsgId: MMSG-13992]
AddToCard.c(75): Random category selected in Action2 = EST-8	[MsgId: MMSG-17999]
AddToCard.c(77): web_reg_find started  	[MsgId: MMSG-26355]
AddToCard.c(77): Notify: Parameter Substitution: parameter "RanditemId" =  "EST-8"	[MsgId: MMSG-13992]
AddToCard.c(77): Registering web_reg_find was successful  	[MsgId: MMSG-26390]
AddToCard.c(79): web_link("{RanditemId}") started  	[MsgId: MMSG-26355]
AddToCard.c(79): Notify: Parameter Substitution: parameter "RanditemId" =  "EST-8"	[MsgId: MMSG-13992]
AddToCard.c(79): Linking to "https://petstore.octoperf.com/actions/Catalog.action?viewItem=&itemId=EST-8", Target Frame=""  	[MsgId: MMSG-27994]
AddToCard.c(79): Resource "https://petstore.octoperf.com/css/jpetstore.css" is in the cache already and will not be downloaded again  	[MsgId: MMSG-26655]
AddToCard.c(79): Resource "https://petstore.octoperf.com/images/logo-topbar.svg" is in the cache already and will not be downloaded again  	[MsgId: MMSG-26655]
AddToCard.c(79): Resource "https://petstore.octoperf.com/images/cart.gif" is in the cache already and will not be downloaded again  	[MsgId: MMSG-26655]
AddToCard.c(79): Resource "https://petstore.octoperf.com/images/separator.gif" is in the cache already and will not be downloaded again  	[MsgId: MMSG-26655]
AddToCard.c(79): Resource "https://petstore.octoperf.com/images/sm_fish.gif" is in the cache already and will not be downloaded again  	[MsgId: MMSG-26655]
AddToCard.c(79): Resource "https://petstore.octoperf.com/images/sm_dogs.gif" is in the cache already and will not be downloaded again  	[MsgId: MMSG-26655]
AddToCard.c(79): Resource "https://petstore.octoperf.com/images/sm_reptiles.gif" is in the cache already and will not be downloaded again  	[MsgId: MMSG-26655]
AddToCard.c(79): Resource "https://petstore.octoperf.com/images/sm_cats.gif" is in the cache already and will not be downloaded again  	[MsgId: MMSG-26655]
AddToCard.c(79): Resource "https://petstore.octoperf.com/images/sm_birds.gif" is in the cache already and will not be downloaded again  	[MsgId: MMSG-26655]
AddToCard.c(79): Found resource "https://petstore.octoperf.com/images/dog6.gif" in HTML "https://petstore.octoperf.com/actions/Catalog.action?viewItem=&itemId=EST-8"  	[MsgId: MMSG-26659]
AddToCard.c(79): Resource "https://petstore.octoperf.com/images/banner_fish.gif" is in the cache already and will not be downloaded again  	[MsgId: MMSG-26655]
AddToCard.c(79): Registered web_reg_find successful for "Text=EST-8" (count=2)  	[MsgId: MMSG-26364]
AddToCard.c(79): web_link("{RanditemId}") was successful, 16438 body bytes, 511 header bytes  	[MsgId: MMSG-26386]
AddToCard.c(84): Notify: Transaction "PetStore_SelectItemId_T03" ended with a "Pass" status (Duration: 0.3795 Wasted Time: 0.0000).	[MsgId: MMSG-16871]
AddToCard.c(86): lr_think_time: 4.41 seconds (recorded think time was 5.00 seconds).	[MsgId: MMSG-15947]
CheckOutThProduct.c(58): Notify: Transaction "PetStore_ClickOnConform_T04" started.	[MsgId: MMSG-16999]
CheckOutThProduct.c(59): web_reg_find started  	[MsgId: MMSG-26355]
CheckOutThProduct.c(59): Registering web_reg_find was successful  	[MsgId: MMSG-26390]
CheckOutThProduct.c(62): web_link("Confirm") started  	[MsgId: MMSG-26355]
CheckOutThProduct.c(62): Linking to "https://petstore.octoperf.com/actions/Order.action?newOrder=&confirmed=true", Target Frame=""  	[MsgId: MMSG-27994]
CheckOutThProduct.c(62): Resource "https://petstore.octoperf.com/css/jpetstore.css" is in the cache already and will not be downloaded again  	[MsgId: MMSG-26655]
CheckOutThProduct.c(62): Resource "https://petstore.octoperf.com/images/logo-topbar.svg" is in the cache already and will not be downloaded again  	[MsgId: MMSG-26655]
CheckOutThProduct.c(62): Resource "https://petstore.octoperf.com/images/cart.gif" is in the cache already and will not be downloaded again  	[MsgId: MMSG-26655]
CheckOutThProduct.c(62): Resource "https://petstore.octoperf.com/images/separator.gif" is in the cache already and will not be downloaded again  	[MsgId: MMSG-26655]
CheckOutThProduct.c(62): Resource "https://petstore.octoperf.com/images/sm_fish.gif" is in the cache already and will not be downloaded again  	[MsgId: MMSG-26655]
CheckOutThProduct.c(62): Resource "https://petstore.octoperf.com/images/sm_dogs.gif" is in the cache already and will not be downloaded again  	[MsgId: MMSG-26655]
CheckOutThProduct.c(62): Resource "https://petstore.octoperf.com/images/sm_reptiles.gif" is in the cache already and will not be downloaded again  	[MsgId: MMSG-26655]
CheckOutThProduct.c(62): Resource "https://petstore.octoperf.com/images/sm_cats.gif" is in the cache already and will not be downloaded again  	[MsgId: MMSG-26655]
CheckOutThProduct.c(62): Resource "https://petstore.octoperf.com/images/sm_birds.gif" is in the cache already and will not be downloaded again  	[MsgId: MMSG-26655]
CheckOutThProduct.c(62): Resource "https://petstore.octoperf.com/images/banner_fish.gif" is in the cache already and will not be downloaded again  	[MsgId: MMSG-26655]
CheckOutThProduct.c(62): Registered web_reg_find successful for "Text=Thank you, your order has been submitted" (count=1)  	[MsgId: MMSG-26364]
CheckOutThProduct.c(62): web_link("Confirm") was successful, 5224 body bytes, 225 header bytes  	[MsgId: MMSG-26386]
CheckOutThProduct.c(66): Notify: Transaction "PetStore_ClickOnConform_T04" ended with a "Pass" status (Duration: 0.1326 Wasted Time: 0.0000).	[MsgId: MMSG-16871]
Ending action CheckOutThProduct.	[MsgId: MMSG-15918]
Action was aborted.	[MsgId: MMSG-10694]
Ending Vuser...	[MsgId: MMSG-15966]
Starting action vuser_end.	[MsgId: MMSG-15919]
vuser_end.c(4): Notify: Transaction "PetStore_SignOut_T01" started.	[MsgId: MMSG-16999]
vuser_end.c(6): web_reg_find started  	[MsgId: MMSG-26355]
vuser_end.c(6): Registering web_reg_find was successful  	[MsgId: MMSG-26390]
vuser_end.c(9): web_url("Account.action_2") started  	[MsgId: MMSG-26355]
vuser_end.c(9): Redirecting "https://petstore.octoperf.com/actions/Account.action?signoff=" (redirection depth is 0)  	[MsgId: MMSG-26694]
vuser_end.c(9): To location "https://petstore.octoperf.com/actions/Catalog.action"  	[MsgId: MMSG-26693]
vuser_end.c(9): Resource "https://petstore.octoperf.com/css/jpetstore.css" is in the cache already and will not be downloaded again  	[MsgId: MMSG-26655]
vuser_end.c(9): Resource "https://petstore.octoperf.com/images/logo-topbar.svg" is in the cache already and will not be downloaded again  	[MsgId: MMSG-26655]
vuser_end.c(9): Resource "https://petstore.octoperf.com/images/cart.gif" is in the cache already and will not be downloaded again  	[MsgId: MMSG-26655]
vuser_end.c(9): Resource "https://petstore.octoperf.com/images/separator.gif" is in the cache already and will not be downloaded again  	[MsgId: MMSG-26655]
vuser_end.c(9): Resource "https://petstore.octoperf.com/images/sm_fish.gif" is in the cache already and will not be downloaded again  	[MsgId: MMSG-26655]
vuser_end.c(9): Resource "https://petstore.octoperf.com/images/sm_dogs.gif" is in the cache already and will not be downloaded again  	[MsgId: MMSG-26655]
vuser_end.c(9): Resource "https://petstore.octoperf.com/images/sm_reptiles.gif" is in the cache already and will not be downloaded again  	[MsgId: MMSG-26655]
vuser_end.c(9): Resource "https://petstore.octoperf.com/images/sm_cats.gif" is in the cache already and will not be downloaded again  	[MsgId: MMSG-26655]
vuser_end.c(9): Resource "https://petstore.octoperf.com/images/sm_birds.gif" is in the cache already and will not be downloaded again  	[MsgId: MMSG-26655]
vuser_end.c(9): Resource "https://petstore.octoperf.com/images/fish_icon.gif" is in the cache already and will not be downloaded again  	[MsgId: MMSG-26655]
vuser_end.c(9): Resource "https://petstore.octoperf.com/images/dogs_icon.gif" is in the cache already and will not be downloaded again  	[MsgId: MMSG-26655]
vuser_end.c(9): Resource "https://petstore.octoperf.com/images/cats_icon.gif" is in the cache already and will not be downloaded again  	[MsgId: MMSG-26655]
vuser_end.c(9): Resource "https://petstore.octoperf.com/images/reptiles_icon.gif" is in the cache already and will not be downloaded again  	[MsgId: MMSG-26655]
vuser_end.c(9): Resource "https://petstore.octoperf.com/images/birds_icon.gif" is in the cache already and will not be downloaded again  	[MsgId: MMSG-26655]
vuser_end.c(9): Resource "https://petstore.octoperf.com/images/splash.gif" is in the cache already and will not be downloaded again  	[MsgId: MMSG-26655]
vuser_end.c(9): Registered web_reg_find successful for "Text=Sign In" (count=1)  	[MsgId: MMSG-26364]
vuser_end.c(9): web_url("Account.action_2") was successful, 4736 body bytes, 518 header bytes  	[MsgId: MMSG-26386]
vuser_end.c(18): Notify: Transaction "PetStore_SignOut_T01" ended with a "Pass" status (Duration: 0.2558 Wasted Time: 0.0000).	[MsgId: MMSG-16871]
vuser_end.c(20): Script Exection done sucessfully	[MsgId: MMSG-17999]
vuser_end.c(21): web_cache_cleanup started  	[MsgId: MMSG-26355]
vuser_end.c(21): web_cache_cleanup was successful  	[MsgId: MMSG-26392]
vuser_end.c(22): web_cleanup_cookies started  	[MsgId: MMSG-26355]
vuser_end.c(22): web_cleanup_cookies was successful  	[MsgId: MMSG-26392]
Ending action vuser_end.	[MsgId: MMSG-15918]
Vuser Terminated.	[MsgId: MMSG-15963]
Vuser 8 (thread 1192), ended OK."	[MsgId: MMSG-10695]
CheckOutThProduct.c(19): Notify: Transaction "PetStore_ClickOnProccedToCheckOut_T02" started.	[MsgId: MMSG-16999]
CheckOutThProduct.c(20): web_reg_find started  	[MsgId: MMSG-26355]
CheckOutThProduct.c(20): Registering web_reg_find was successful  	[MsgId: MMSG-26390]
CheckOutThProduct.c(23): web_link("Proceed to Checkout") started  	[MsgId: MMSG-26355]
CheckOutThProduct.c(23): Linking to "https://petstore.octoperf.com/actions/Order.action?newOrderForm=", Target Frame=""  	[MsgId: MMSG-27994]
CheckOutThProduct.c(23): Resource "https://petstore.octoperf.com/css/jpetstore.css" is in the cache already and will not be downloaded again  	[MsgId: MMSG-26655]
CheckOutThProduct.c(23): Resource "https://petstore.octoperf.com/images/logo-topbar.svg" is in the cache already and will not be downloaded again  	[MsgId: MMSG-26655]
CheckOutThProduct.c(23): Resource "https://petstore.octoperf.com/images/cart.gif" is in the cache already and will not be downloaded again  	[MsgId: MMSG-26655]
CheckOutThProduct.c(23): Resource "https://petstore.octoperf.com/images/separator.gif" is in the cache already and will not be downloaded again  	[MsgId: MMSG-26655]
CheckOutThProduct.c(23): Resource "https://petstore.octoperf.com/images/sm_fish.gif" is in the cache already and will not be downloaded again  	[MsgId: MMSG-26655]
CheckOutThProduct.c(23): Resource "https://petstore.octoperf.com/images/sm_dogs.gif" is in the cache already and will not be downloaded again  	[MsgId: MMSG-26655]
CheckOutThProduct.c(23): Resource "https://petstore.octoperf.com/images/sm_reptiles.gif" is in the cache already and will not be downloaded again  	[MsgId: MMSG-26655]
CheckOutThProduct.c(23): Resource "https://petstore.octoperf.com/images/sm_cats.gif" is in the cache already and will not be downloaded again  	[MsgId: MMSG-26655]
CheckOutThProduct.c(23): Resource "https://petstore.octoperf.com/images/sm_birds.gif" is in the cache already and will not be downloaded again  	[MsgId: MMSG-26655]
CheckOutThProduct.c(23): Resource "https://petstore.octoperf.com/images/banner_fish.gif" is in the cache already and will not be downloaded again  	[MsgId: MMSG-26655]
CheckOutThProduct.c(23): Registered web_reg_find successful for "Text=Payment Details" (count=1)  	[MsgId: MMSG-26364]
CheckOutThProduct.c(23): web_link("Proceed to Checkout") was successful, 5376 body bytes, 225 header bytes  	[MsgId: MMSG-26386]
CheckOutThProduct.c(27): Notify: Transaction "PetStore_ClickOnProccedToCheckOut_T02" ended with a "Pass" status (Duration: 0.1272 Wasted Time: 0.0000).	[MsgId: MMSG-16871]
CheckOutThProduct.c(29): lr_think_time: 3.80 seconds (recorded think time was 5.00 seconds).	[MsgId: MMSG-15947]
AddToCard.c(88): Notify: Transaction "PetStore_AddToCard_T04" started.	[MsgId: MMSG-16999]
AddToCard.c(90): web_reg_find started  	[MsgId: MMSG-26355]
AddToCard.c(90): Registering web_reg_find was successful  	[MsgId: MMSG-26390]
AddToCard.c(94): web_link("Add to Cart") started  	[MsgId: MMSG-26355]
AddToCard.c(94): Linking to "https://petstore.octoperf.com/actions/Cart.action?addItemToCart=&workingItemId=EST-8", Target Frame=""  	[MsgId: MMSG-27994]
AddToCard.c(94): Resource "https://petstore.octoperf.com/css/jpetstore.css" is in the cache already and will not be downloaded again  	[MsgId: MMSG-26655]
AddToCard.c(94): Resource "https://petstore.octoperf.com/images/logo-topbar.svg" is in the cache already and will not be downloaded again  	[MsgId: MMSG-26655]
AddToCard.c(94): Resource "https://petstore.octoperf.com/images/cart.gif" is in the cache already and will not be downloaded again  	[MsgId: MMSG-26655]
AddToCard.c(94): Resource "https://petstore.octoperf.com/images/separator.gif" is in the cache already and will not be downloaded again  	[MsgId: MMSG-26655]
AddToCard.c(94): Resource "https://petstore.octoperf.com/images/sm_fish.gif" is in the cache already and will not be downloaded again  	[MsgId: MMSG-26655]
AddToCard.c(94): Resource "https://petstore.octoperf.com/images/sm_dogs.gif" is in the cache already and will not be downloaded again  	[MsgId: MMSG-26655]
AddToCard.c(94): Resource "https://petstore.octoperf.com/images/sm_reptiles.gif" is in the cache already and will not be downloaded again  	[MsgId: MMSG-26655]
AddToCard.c(94): Resource "https://petstore.octoperf.com/images/sm_cats.gif" is in the cache already and will not be downloaded again  	[MsgId: MMSG-26655]
AddToCard.c(94): Resource "https://petstore.octoperf.com/images/sm_birds.gif" is in the cache already and will not be downloaded again  	[MsgId: MMSG-26655]
AddToCard.c(94): Resource "https://petstore.octoperf.com/images/banner_fish.gif" is in the cache already and will not be downloaded again  	[MsgId: MMSG-26655]
AddToCard.c(94): Registered web_reg_find successful for "Text=Shopping Cart" (count=1)  	[MsgId: MMSG-26364]
AddToCard.c(94): web_link("Add to Cart") was successful, 4629 body bytes, 225 header bytes  	[MsgId: MMSG-26386]
AddToCard.c(99): Notify: Transaction "PetStore_AddToCard_T04" ended with a "Pass" status (Duration: 0.1280 Wasted Time: 0.0000).	[MsgId: MMSG-16871]
CheckOutThProduct.c(4): Notify: Transaction "PetStore_ClickOnViewCart_T01" started.	[MsgId: MMSG-16999]
CheckOutThProduct.c(5): web_reg_find started  	[MsgId: MMSG-26355]
CheckOutThProduct.c(5): Registering web_reg_find was successful  	[MsgId: MMSG-26390]
CheckOutThProduct.c(7): web_url("Cart.action_4") started  	[MsgId: MMSG-26355]
CheckOutThProduct.c(7): Resource "https://petstore.octoperf.com/css/jpetstore.css" is in the cache already and will not be downloaded again  	[MsgId: MMSG-26655]
CheckOutThProduct.c(7): Resource "https://petstore.octoperf.com/images/logo-topbar.svg" is in the cache already and will not be downloaded again  	[MsgId: MMSG-26655]
CheckOutThProduct.c(7): Resource "https://petstore.octoperf.com/images/cart.gif" is in the cache already and will not be downloaded again  	[MsgId: MMSG-26655]
CheckOutThProduct.c(7): Resource "https://petstore.octoperf.com/images/separator.gif" is in the cache already and will not be downloaded again  	[MsgId: MMSG-26655]
CheckOutThProduct.c(7): Resource "https://petstore.octoperf.com/images/sm_fish.gif" is in the cache already and will not be downloaded again  	[MsgId: MMSG-26655]
CheckOutThProduct.c(7): Resource "https://petstore.octoperf.com/images/sm_dogs.gif" is in the cache already and will not be downloaded again  	[MsgId: MMSG-26655]
CheckOutThProduct.c(7): Resource "https://petstore.octoperf.com/images/sm_reptiles.gif" is in the cache already and will not be downloaded again  	[MsgId: MMSG-26655]
CheckOutThProduct.c(7): Resource "https://petstore.octoperf.com/images/sm_cats.gif" is in the cache already and will not be downloaded again  	[MsgId: MMSG-26655]
CheckOutThProduct.c(7): Resource "https://petstore.octoperf.com/images/sm_birds.gif" is in the cache already and will not be downloaded again  	[MsgId: MMSG-26655]
CheckOutThProduct.c(7): Resource "https://petstore.octoperf.com/images/banner_fish.gif" is in the cache already and will not be downloaded again  	[MsgId: MMSG-26655]
CheckOutThProduct.c(7): Registered web_reg_find successful for "Text=Shopping Cart" (count=1)  	[MsgId: MMSG-26364]
CheckOutThProduct.c(7): web_url("Cart.action_4") was successful, 4629 body bytes, 225 header bytes  	[MsgId: MMSG-26386]
CheckOutThProduct.c(15): Notify: Transaction "PetStore_ClickOnViewCart_T01" ended with a "Pass" status (Duration: 0.1279 Wasted Time: 0.0000).	[MsgId: MMSG-16871]
CheckOutThProduct.c(17): lr_think_time: 2.94 seconds (recorded think time was 5.00 seconds).	[MsgId: MMSG-15947]
CheckOutThProduct.c(31): Notify: Transaction "PetStore_ClickOnContinue_T03" started.	[MsgId: MMSG-16999]
CheckOutThProduct.c(33): web_reg_find started  	[MsgId: MMSG-26355]
CheckOutThProduct.c(33): Registering web_reg_find was successful  	[MsgId: MMSG-26390]
CheckOutThProduct.c(36): web_submit_form("Order.action") started  	[MsgId: MMSG-26355]
CheckOutThProduct.c(36): Submitting form to "https://petstore.octoperf.com/actions/Order.action", Target Frame=""  	[MsgId: MMSG-27978]
CheckOutThProduct.c(36): Resource "https://petstore.octoperf.com/css/jpetstore.css" is in the cache already and will not be downloaded again  	[MsgId: MMSG-26655]
CheckOutThProduct.c(36): Resource "https://petstore.octoperf.com/images/logo-topbar.svg" is in the cache already and will not be downloaded again  	[MsgId: MMSG-26655]
CheckOutThProduct.c(36): Resource "https://petstore.octoperf.com/images/cart.gif" is in the cache already and will not be downloaded again  	[MsgId: MMSG-26655]
CheckOutThProduct.c(36): Resource "https://petstore.octoperf.com/images/separator.gif" is in the cache already and will not be downloaded again  	[MsgId: MMSG-26655]
CheckOutThProduct.c(36): Resource "https://petstore.octoperf.com/images/sm_fish.gif" is in the cache already and will not be downloaded again  	[MsgId: MMSG-26655]
CheckOutThProduct.c(36): Resource "https://petstore.octoperf.com/images/sm_dogs.gif" is in the cache already and will not be downloaded again  	[MsgId: MMSG-26655]
CheckOutThProduct.c(36): Resource "https://petstore.octoperf.com/images/sm_reptiles.gif" is in the cache already and will not be downloaded again  	[MsgId: MMSG-26655]
CheckOutThProduct.c(36): Resource "https://petstore.octoperf.com/images/sm_cats.gif" is in the cache already and will not be downloaded again  	[MsgId: MMSG-26655]
CheckOutThProduct.c(36): Resource "https://petstore.octoperf.com/images/sm_birds.gif" is in the cache already and will not be downloaded again  	[MsgId: MMSG-26655]
CheckOutThProduct.c(36): Resource "https://petstore.octoperf.com/images/banner_fish.gif" is in the cache already and will not be downloaded again  	[MsgId: MMSG-26655]
CheckOutThProduct.c(36): Registered web_reg_find successful for "Text=Confirm" (count=1)  	[MsgId: MMSG-26364]
CheckOutThProduct.c(36): web_submit_form("Order.action") was successful, 4526 body bytes, 225 header bytes  	[MsgId: MMSG-26386]
CheckOutThProduct.c(54): Notify: Transaction "PetStore_ClickOnContinue_T03" ended with a "Pass" status (Duration: 0.2498 Wasted Time: 0.0000).	[MsgId: MMSG-16871]
CheckOutThProduct.c(56): lr_think_time: 4.22 seconds (recorded think time was 5.00 seconds).	[MsgId: MMSG-15947]
CheckOutThProduct.c(19): Notify: Transaction "PetStore_ClickOnProccedToCheckOut_T02" started.	[MsgId: MMSG-16999]
CheckOutThProduct.c(20): web_reg_find started  	[MsgId: MMSG-26355]
CheckOutThProduct.c(20): Registering web_reg_find was successful  	[MsgId: MMSG-26390]
CheckOutThProduct.c(23): web_link("Proceed to Checkout") started  	[MsgId: MMSG-26355]
CheckOutThProduct.c(23): Linking to "https://petstore.octoperf.com/actions/Order.action?newOrderForm=", Target Frame=""  	[MsgId: MMSG-27994]
CheckOutThProduct.c(23): Resource "https://petstore.octoperf.com/css/jpetstore.css" is in the cache already and will not be downloaded again  	[MsgId: MMSG-26655]
CheckOutThProduct.c(23): Resource "https://petstore.octoperf.com/images/logo-topbar.svg" is in the cache already and will not be downloaded again  	[MsgId: MMSG-26655]
CheckOutThProduct.c(23): Resource "https://petstore.octoperf.com/images/cart.gif" is in the cache already and will not be downloaded again  	[MsgId: MMSG-26655]
CheckOutThProduct.c(23): Resource "https://petstore.octoperf.com/images/separator.gif" is in the cache already and will not be downloaded again  	[MsgId: MMSG-26655]
CheckOutThProduct.c(23): Resource "https://petstore.octoperf.com/images/sm_fish.gif" is in the cache already and will not be downloaded again  	[MsgId: MMSG-26655]
CheckOutThProduct.c(23): Resource "https://petstore.octoperf.com/images/sm_dogs.gif" is in the cache already and will not be downloaded again  	[MsgId: MMSG-26655]
CheckOutThProduct.c(23): Resource "https://petstore.octoperf.com/images/sm_reptiles.gif" is in the cache already and will not be downloaded again  	[MsgId: MMSG-26655]
CheckOutThProduct.c(23): Resource "https://petstore.octoperf.com/images/sm_cats.gif" is in the cache already and will not be downloaded again  	[MsgId: MMSG-26655]
CheckOutThProduct.c(23): Resource "https://petstore.octoperf.com/images/sm_birds.gif" is in the cache already and will not be downloaded again  	[MsgId: MMSG-26655]
CheckOutThProduct.c(23): Resource "https://petstore.octoperf.com/images/banner_fish.gif" is in the cache already and will not be downloaded again  	[MsgId: MMSG-26655]
CheckOutThProduct.c(23): Registered web_reg_find successful for "Text=Payment Details" (count=1)  	[MsgId: MMSG-26364]
CheckOutThProduct.c(23): web_link("Proceed to Checkout") was successful, 5376 body bytes, 225 header bytes  	[MsgId: MMSG-26386]
CheckOutThProduct.c(27): Notify: Transaction "PetStore_ClickOnProccedToCheckOut_T02" ended with a "Pass" status (Duration: 0.1281 Wasted Time: 0.0000).	[MsgId: MMSG-16871]
CheckOutThProduct.c(29): lr_think_time: 3.37 seconds (recorded think time was 5.00 seconds).	[MsgId: MMSG-15947]
CheckOutThProduct.c(31): Notify: Transaction "PetStore_ClickOnContinue_T03" started.	[MsgId: MMSG-16999]
CheckOutThProduct.c(33): web_reg_find started  	[MsgId: MMSG-26355]
CheckOutThProduct.c(33): Registering web_reg_find was successful  	[MsgId: MMSG-26390]
CheckOutThProduct.c(36): web_submit_form("Order.action") started  	[MsgId: MMSG-26355]
CheckOutThProduct.c(36): Submitting form to "https://petstore.octoperf.com/actions/Order.action", Target Frame=""  	[MsgId: MMSG-27978]
CheckOutThProduct.c(36): Resource "https://petstore.octoperf.com/css/jpetstore.css" is in the cache already and will not be downloaded again  	[MsgId: MMSG-26655]
CheckOutThProduct.c(36): Resource "https://petstore.octoperf.com/images/logo-topbar.svg" is in the cache already and will not be downloaded again  	[MsgId: MMSG-26655]
CheckOutThProduct.c(36): Resource "https://petstore.octoperf.com/images/cart.gif" is in the cache already and will not be downloaded again  	[MsgId: MMSG-26655]
CheckOutThProduct.c(36): Resource "https://petstore.octoperf.com/images/separator.gif" is in the cache already and will not be downloaded again  	[MsgId: MMSG-26655]
CheckOutThProduct.c(36): Resource "https://petstore.octoperf.com/images/sm_fish.gif" is in the cache already and will not be downloaded again  	[MsgId: MMSG-26655]
CheckOutThProduct.c(36): Resource "https://petstore.octoperf.com/images/sm_dogs.gif" is in the cache already and will not be downloaded again  	[MsgId: MMSG-26655]
CheckOutThProduct.c(36): Resource "https://petstore.octoperf.com/images/sm_reptiles.gif" is in the cache already and will not be downloaded again  	[MsgId: MMSG-26655]
CheckOutThProduct.c(36): Resource "https://petstore.octoperf.com/images/sm_cats.gif" is in the cache already and will not be downloaded again  	[MsgId: MMSG-26655]
CheckOutThProduct.c(36): Resource "https://petstore.octoperf.com/images/sm_birds.gif" is in the cache already and will not be downloaded again  	[MsgId: MMSG-26655]
CheckOutThProduct.c(36): Resource "https://petstore.octoperf.com/images/banner_fish.gif" is in the cache already and will not be downloaded again  	[MsgId: MMSG-26655]
CheckOutThProduct.c(36): Registered web_reg_find successful for "Text=Confirm" (count=1)  	[MsgId: MMSG-26364]
CheckOutThProduct.c(36): web_submit_form("Order.action") was successful, 4526 body bytes, 225 header bytes  	[MsgId: MMSG-26386]
CheckOutThProduct.c(54): Notify: Transaction "PetStore_ClickOnContinue_T03" ended with a "Pass" status (Duration: 0.2506 Wasted Time: 0.0000).	[MsgId: MMSG-16871]
CheckOutThProduct.c(56): lr_think_time: 3.31 seconds (recorded think time was 5.00 seconds).	[MsgId: MMSG-15947]
CheckOutThProduct.c(58): Notify: Transaction "PetStore_ClickOnConform_T04" started.	[MsgId: MMSG-16999]
CheckOutThProduct.c(59): web_reg_find started  	[MsgId: MMSG-26355]
CheckOutThProduct.c(59): Registering web_reg_find was successful  	[MsgId: MMSG-26390]
CheckOutThProduct.c(62): web_link("Confirm") started  	[MsgId: MMSG-26355]
CheckOutThProduct.c(62): Linking to "https://petstore.octoperf.com/actions/Order.action?newOrder=&confirmed=true", Target Frame=""  	[MsgId: MMSG-27994]
CheckOutThProduct.c(62): Resource "https://petstore.octoperf.com/css/jpetstore.css" is in the cache already and will not be downloaded again  	[MsgId: MMSG-26655]
CheckOutThProduct.c(62): Resource "https://petstore.octoperf.com/images/logo-topbar.svg" is in the cache already and will not be downloaded again  	[MsgId: MMSG-26655]
CheckOutThProduct.c(62): Resource "https://petstore.octoperf.com/images/cart.gif" is in the cache already and will not be downloaded again  	[MsgId: MMSG-26655]
CheckOutThProduct.c(62): Resource "https://petstore.octoperf.com/images/separator.gif" is in the cache already and will not be downloaded again  	[MsgId: MMSG-26655]
CheckOutThProduct.c(62): Resource "https://petstore.octoperf.com/images/sm_fish.gif" is in the cache already and will not be downloaded again  	[MsgId: MMSG-26655]
CheckOutThProduct.c(62): Resource "https://petstore.octoperf.com/images/sm_dogs.gif" is in the cache already and will not be downloaded again  	[MsgId: MMSG-26655]
CheckOutThProduct.c(62): Resource "https://petstore.octoperf.com/images/sm_reptiles.gif" is in the cache already and will not be downloaded again  	[MsgId: MMSG-26655]
CheckOutThProduct.c(62): Resource "https://petstore.octoperf.com/images/sm_cats.gif" is in the cache already and will not be downloaded again  	[MsgId: MMSG-26655]
CheckOutThProduct.c(62): Resource "https://petstore.octoperf.com/images/sm_birds.gif" is in the cache already and will not be downloaded again  	[MsgId: MMSG-26655]
CheckOutThProduct.c(62): Resource "https://petstore.octoperf.com/images/banner_fish.gif" is in the cache already and will not be downloaded again  	[MsgId: MMSG-26655]
CheckOutThProduct.c(62): Registered web_reg_find successful for "Text=Thank you, your order has been submitted" (count=1)  	[MsgId: MMSG-26364]
CheckOutThProduct.c(62): web_link("Confirm") was successful, 5230 body bytes, 225 header bytes  	[MsgId: MMSG-26386]
CheckOutThProduct.c(66): Notify: Transaction "PetStore_ClickOnConform_T04" ended with a "Pass" status (Duration: 0.1300 Wasted Time: 0.0000).	[MsgId: MMSG-16871]
Ending action CheckOutThProduct.	[MsgId: MMSG-15918]
Action was aborted.	[MsgId: MMSG-10694]
Ending Vuser...	[MsgId: MMSG-15966]
Starting action vuser_end.	[MsgId: MMSG-15919]
vuser_end.c(4): Notify: Transaction "PetStore_SignOut_T01" started.	[MsgId: MMSG-16999]
vuser_end.c(6): web_reg_find started  	[MsgId: MMSG-26355]
vuser_end.c(6): Registering web_reg_find was successful  	[MsgId: MMSG-26390]
vuser_end.c(9): web_url("Account.action_2") started  	[MsgId: MMSG-26355]
vuser_end.c(9): Redirecting "https://petstore.octoperf.com/actions/Account.action?signoff=" (redirection depth is 0)  	[MsgId: MMSG-26694]
vuser_end.c(9): To location "https://petstore.octoperf.com/actions/Catalog.action"  	[MsgId: MMSG-26693]
vuser_end.c(9): Resource "https://petstore.octoperf.com/css/jpetstore.css" is in the cache already and will not be downloaded again  	[MsgId: MMSG-26655]
vuser_end.c(9): Resource "https://petstore.octoperf.com/images/logo-topbar.svg" is in the cache already and will not be downloaded again  	[MsgId: MMSG-26655]
vuser_end.c(9): Resource "https://petstore.octoperf.com/images/cart.gif" is in the cache already and will not be downloaded again  	[MsgId: MMSG-26655]
vuser_end.c(9): Resource "https://petstore.octoperf.com/images/separator.gif" is in the cache already and will not be downloaded again  	[MsgId: MMSG-26655]
vuser_end.c(9): Resource "https://petstore.octoperf.com/images/sm_fish.gif" is in the cache already and will not be downloaded again  	[MsgId: MMSG-26655]
vuser_end.c(9): Resource "https://petstore.octoperf.com/images/sm_dogs.gif" is in the cache already and will not be downloaded again  	[MsgId: MMSG-26655]
vuser_end.c(9): Resource "https://petstore.octoperf.com/images/sm_reptiles.gif" is in the cache already and will not be downloaded again  	[MsgId: MMSG-26655]
vuser_end.c(9): Resource "https://petstore.octoperf.com/images/sm_cats.gif" is in the cache already and will not be downloaded again  	[MsgId: MMSG-26655]
vuser_end.c(9): Resource "https://petstore.octoperf.com/images/sm_birds.gif" is in the cache already and will not be downloaded again  	[MsgId: MMSG-26655]
vuser_end.c(9): Resource "https://petstore.octoperf.com/images/fish_icon.gif" is in the cache already and will not be downloaded again  	[MsgId: MMSG-26655]
vuser_end.c(9): Resource "https://petstore.octoperf.com/images/dogs_icon.gif" is in the cache already and will not be downloaded again  	[MsgId: MMSG-26655]
vuser_end.c(9): Resource "https://petstore.octoperf.com/images/cats_icon.gif" is in the cache already and will not be downloaded again  	[MsgId: MMSG-26655]
vuser_end.c(9): Resource "https://petstore.octoperf.com/images/reptiles_icon.gif" is in the cache already and will not be downloaded again  	[MsgId: MMSG-26655]
vuser_end.c(9): Resource "https://petstore.octoperf.com/images/birds_icon.gif" is in the cache already and will not be downloaded again  	[MsgId: MMSG-26655]
vuser_end.c(9): Resource "https://petstore.octoperf.com/images/splash.gif" is in the cache already and will not be downloaded again  	[MsgId: MMSG-26655]
vuser_end.c(9): Registered web_reg_find successful for "Text=Sign In" (count=1)  	[MsgId: MMSG-26364]
vuser_end.c(9): web_url("Account.action_2") was successful, 4736 body bytes, 518 header bytes  	[MsgId: MMSG-26386]
vuser_end.c(18): Notify: Transaction "PetStore_SignOut_T01" ended with a "Pass" status (Duration: 0.2480 Wasted Time: 0.0000).	[MsgId: MMSG-16871]
vuser_end.c(20): Script Exection done sucessfully	[MsgId: MMSG-17999]
vuser_end.c(21): web_cache_cleanup started  	[MsgId: MMSG-26355]
vuser_end.c(21): web_cache_cleanup was successful  	[MsgId: MMSG-26392]
vuser_end.c(22): web_cleanup_cookies started  	[MsgId: MMSG-26355]
vuser_end.c(22): web_cleanup_cookies was successful  	[MsgId: MMSG-26392]
Ending action vuser_end.	[MsgId: MMSG-15918]
Vuser Terminated.	[MsgId: MMSG-15963]
Vuser 4 (thread 6728), ended OK."	[MsgId: MMSG-10695]
CheckOutThProduct.c(58): Notify: Transaction "PetStore_ClickOnConform_T04" started.	[MsgId: MMSG-16999]
CheckOutThProduct.c(59): web_reg_find started  	[MsgId: MMSG-26355]
CheckOutThProduct.c(59): Registering web_reg_find was successful  	[MsgId: MMSG-26390]
CheckOutThProduct.c(62): web_link("Confirm") started  	[MsgId: MMSG-26355]
CheckOutThProduct.c(62): Linking to "https://petstore.octoperf.com/actions/Order.action?newOrder=&confirmed=true", Target Frame=""  	[MsgId: MMSG-27994]
CheckOutThProduct.c(62): Resource "https://petstore.octoperf.com/css/jpetstore.css" is in the cache already and will not be downloaded again  	[MsgId: MMSG-26655]
CheckOutThProduct.c(62): Resource "https://petstore.octoperf.com/images/logo-topbar.svg" is in the cache already and will not be downloaded again  	[MsgId: MMSG-26655]
CheckOutThProduct.c(62): Resource "https://petstore.octoperf.com/images/cart.gif" is in the cache already and will not be downloaded again  	[MsgId: MMSG-26655]
CheckOutThProduct.c(62): Resource "https://petstore.octoperf.com/images/separator.gif" is in the cache already and will not be downloaded again  	[MsgId: MMSG-26655]
CheckOutThProduct.c(62): Resource "https://petstore.octoperf.com/images/sm_fish.gif" is in the cache already and will not be downloaded again  	[MsgId: MMSG-26655]
CheckOutThProduct.c(62): Resource "https://petstore.octoperf.com/images/sm_dogs.gif" is in the cache already and will not be downloaded again  	[MsgId: MMSG-26655]
CheckOutThProduct.c(62): Resource "https://petstore.octoperf.com/images/sm_reptiles.gif" is in the cache already and will not be downloaded again  	[MsgId: MMSG-26655]
CheckOutThProduct.c(62): Resource "https://petstore.octoperf.com/images/sm_cats.gif" is in the cache already and will not be downloaded again  	[MsgId: MMSG-26655]
CheckOutThProduct.c(62): Resource "https://petstore.octoperf.com/images/sm_birds.gif" is in the cache already and will not be downloaded again  	[MsgId: MMSG-26655]
CheckOutThProduct.c(62): Resource "https://petstore.octoperf.com/images/banner_fish.gif" is in the cache already and will not be downloaded again  	[MsgId: MMSG-26655]
CheckOutThProduct.c(62): Registered web_reg_find successful for "Text=Thank you, your order has been submitted" (count=1)  	[MsgId: MMSG-26364]
CheckOutThProduct.c(62): web_link("Confirm") was successful, 5223 body bytes, 225 header bytes  	[MsgId: MMSG-26386]
CheckOutThProduct.c(66): Notify: Transaction "PetStore_ClickOnConform_T04" ended with a "Pass" status (Duration: 0.1297 Wasted Time: 0.0000).	[MsgId: MMSG-16871]
Ending action CheckOutThProduct.	[MsgId: MMSG-15918]
Action was aborted.	[MsgId: MMSG-10694]
Ending Vuser...	[MsgId: MMSG-15966]
Starting action vuser_end.	[MsgId: MMSG-15919]
vuser_end.c(4): Notify: Transaction "PetStore_SignOut_T01" started.	[MsgId: MMSG-16999]
vuser_end.c(6): web_reg_find started  	[MsgId: MMSG-26355]
vuser_end.c(6): Registering web_reg_find was successful  	[MsgId: MMSG-26390]
vuser_end.c(9): web_url("Account.action_2") started  	[MsgId: MMSG-26355]
vuser_end.c(9): Redirecting "https://petstore.octoperf.com/actions/Account.action?signoff=" (redirection depth is 0)  	[MsgId: MMSG-26694]
vuser_end.c(9): To location "https://petstore.octoperf.com/actions/Catalog.action"  	[MsgId: MMSG-26693]
vuser_end.c(9): Resource "https://petstore.octoperf.com/css/jpetstore.css" is in the cache already and will not be downloaded again  	[MsgId: MMSG-26655]
vuser_end.c(9): Resource "https://petstore.octoperf.com/images/logo-topbar.svg" is in the cache already and will not be downloaded again  	[MsgId: MMSG-26655]
vuser_end.c(9): Resource "https://petstore.octoperf.com/images/cart.gif" is in the cache already and will not be downloaded again  	[MsgId: MMSG-26655]
vuser_end.c(9): Resource "https://petstore.octoperf.com/images/separator.gif" is in the cache already and will not be downloaded again  	[MsgId: MMSG-26655]
vuser_end.c(9): Resource "https://petstore.octoperf.com/images/sm_fish.gif" is in the cache already and will not be downloaded again  	[MsgId: MMSG-26655]
vuser_end.c(9): Resource "https://petstore.octoperf.com/images/sm_dogs.gif" is in the cache already and will not be downloaded again  	[MsgId: MMSG-26655]
vuser_end.c(9): Resource "https://petstore.octoperf.com/images/sm_reptiles.gif" is in the cache already and will not be downloaded again  	[MsgId: MMSG-26655]
vuser_end.c(9): Resource "https://petstore.octoperf.com/images/sm_cats.gif" is in the cache already and will not be downloaded again  	[MsgId: MMSG-26655]
vuser_end.c(9): Resource "https://petstore.octoperf.com/images/sm_birds.gif" is in the cache already and will not be downloaded again  	[MsgId: MMSG-26655]
vuser_end.c(9): Resource "https://petstore.octoperf.com/images/fish_icon.gif" is in the cache already and will not be downloaded again  	[MsgId: MMSG-26655]
vuser_end.c(9): Resource "https://petstore.octoperf.com/images/dogs_icon.gif" is in the cache already and will not be downloaded again  	[MsgId: MMSG-26655]
vuser_end.c(9): Resource "https://petstore.octoperf.com/images/cats_icon.gif" is in the cache already and will not be downloaded again  	[MsgId: MMSG-26655]
vuser_end.c(9): Resource "https://petstore.octoperf.com/images/reptiles_icon.gif" is in the cache already and will not be downloaded again  	[MsgId: MMSG-26655]
vuser_end.c(9): Resource "https://petstore.octoperf.com/images/birds_icon.gif" is in the cache already and will not be downloaded again  	[MsgId: MMSG-26655]
vuser_end.c(9): Resource "https://petstore.octoperf.com/images/splash.gif" is in the cache already and will not be downloaded again  	[MsgId: MMSG-26655]
vuser_end.c(9): Registered web_reg_find successful for "Text=Sign In" (count=1)  	[MsgId: MMSG-26364]
vuser_end.c(9): web_url("Account.action_2") was successful, 4736 body bytes, 518 header bytes  	[MsgId: MMSG-26386]
vuser_end.c(18): Notify: Transaction "PetStore_SignOut_T01" ended with a "Pass" status (Duration: 0.2504 Wasted Time: 0.0000).	[MsgId: MMSG-16871]
vuser_end.c(20): Script Exection done sucessfully	[MsgId: MMSG-17999]
vuser_end.c(21): web_cache_cleanup started  	[MsgId: MMSG-26355]
vuser_end.c(21): web_cache_cleanup was successful  	[MsgId: MMSG-26392]
vuser_end.c(22): web_cleanup_cookies started  	[MsgId: MMSG-26355]
vuser_end.c(22): web_cleanup_cookies was successful  	[MsgId: MMSG-26392]
Ending action vuser_end.	[MsgId: MMSG-15918]
Vuser Terminated.	[MsgId: MMSG-15963]
Vuser 6 (thread 6376), ended OK."	[MsgId: MMSG-10695]
