Virtual User Script started at: 20-Oct-25 2:07:32 PM	[MsgId: MMSG-15967]
Starting action vuser_init.	[MsgId: MMSG-15919]
Web Turbo Replay of LoadRunner 2022.0.0 for Windows 2019; build 605 (Mar 08 2022 19:29:30)  	[MsgId: MMSG-26983]
Run mode: HTML  	[MsgId: MMSG-26993]
Replay user agent: Mozilla/5.0 (compatible; MSIE 10.0; Windows NT 6.1; Trident/6.0)  	[MsgId: MMSG-26988]
Runtime Settings file: "C:\Users\Administrator\AppData\Local\Temp\2\lr5tmpdirRkj.332\lrcfgK9l.344\cfgUrG.347"  	[MsgId: MMSG-27141]
vuser_init.c(3): Script Started	[MsgId: MMSG-17999]
vuser_init.c(4): web_cleanup_cookies started  	[MsgId: MMSG-26355]
Virtual User Script started at: 20-Oct-25 2:07:32 PM	[MsgId: MMSG-15967]
Virtual User Script started at: 20-Oct-25 2:07:32 PM	[MsgId: MMSG-15967]
vuser_init.c(4): web_cleanup_cookies was successful  	[MsgId: MMSG-26392]
Starting action vuser_init.	[MsgId: MMSG-15919]
vuser_init.c(5): web_cache_cleanup started  	[MsgId: MMSG-26355]
vuser_init.c(5): web_cache_cleanup was successful  	[MsgId: MMSG-26392]
Web Turbo Replay of LoadRunner 2022.0.0 for Windows 2019; build 605 (Mar 08 2022 19:29:30)  	[MsgId: MMSG-26983]
vuser_init.c(6): web_cleanup_auto_headers started  	[MsgId: MMSG-26355]
Run mode: HTML  	[MsgId: MMSG-26993]
vuser_init.c(6): web_cleanup_auto_headers was successful  	[MsgId: MMSG-26392]
Replay user agent: Mozilla/5.0 (compatible; MSIE 10.0; Windows NT 6.1; Trident/6.0)  	[MsgId: MMSG-26988]
vuser_init.c(7): web_set_sockets_option started  	[MsgId: MMSG-26355]
Runtime Settings file: "C:\Users\Administrator\AppData\Local\Temp\2\lr5tmpdirRkj.332\lrcfgK9l.344\cfgUrG.347"  	[MsgId: MMSG-27141]
vuser_init.c(7): web_set_sockets_option was successful  	[MsgId: MMSG-26392]
vuser_init.c(9): Notify: Transaction "PetStore_LaunchPetStore_T01" started.	[MsgId: MMSG-16999]
vuser_init.c(11): web_reg_find started  	[MsgId: MMSG-26355]
vuser_init.c(11): Registering web_reg_find was successful  	[MsgId: MMSG-26390]
vuser_init.c(13): web_url("petstore.octoperf.com") started  	[MsgId: MMSG-26355]
vuser_init.c(3): Script Started	[MsgId: MMSG-17999]
vuser_init.c(4): web_cleanup_cookies started  	[MsgId: MMSG-26355]
Starting action vuser_init.	[MsgId: MMSG-15919]
Web Turbo Replay of LoadRunner 2022.0.0 for Windows 2019; build 605 (Mar 08 2022 19:29:30)  	[MsgId: MMSG-26983]
Run mode: HTML  	[MsgId: MMSG-26993]
Replay user agent: Mozilla/5.0 (compatible; MSIE 10.0; Windows NT 6.1; Trident/6.0)  	[MsgId: MMSG-26988]
Runtime Settings file: "C:\Users\Administrator\AppData\Local\Temp\2\lr5tmpdirRkj.332\lrcfgK9l.344\cfgUrG.347"  	[MsgId: MMSG-27141]
vuser_init.c(4): web_cleanup_cookies was successful  	[MsgId: MMSG-26392]
vuser_init.c(5): web_cache_cleanup started  	[MsgId: MMSG-26355]
vuser_init.c(5): web_cache_cleanup was successful  	[MsgId: MMSG-26392]
vuser_init.c(6): web_cleanup_auto_headers started  	[MsgId: MMSG-26355]
vuser_init.c(6): web_cleanup_auto_headers was successful  	[MsgId: MMSG-26392]
vuser_init.c(7): web_set_sockets_option started  	[MsgId: MMSG-26355]
vuser_init.c(7): web_set_sockets_option was successful  	[MsgId: MMSG-26392]
vuser_init.c(9): Notify: Transaction "PetStore_LaunchPetStore_T01" started.	[MsgId: MMSG-16999]
vuser_init.c(11): web_reg_find started  	[MsgId: MMSG-26355]
vuser_init.c(11): Registering web_reg_find was successful  	[MsgId: MMSG-26390]
vuser_init.c(13): web_url("petstore.octoperf.com") started  	[MsgId: MMSG-26355]
vuser_init.c(3): Script Started	[MsgId: MMSG-17999]
vuser_init.c(4): web_cleanup_cookies started  	[MsgId: MMSG-26355]
vuser_init.c(4): web_cleanup_cookies was successful  	[MsgId: MMSG-26392]
vuser_init.c(5): web_cache_cleanup started  	[MsgId: MMSG-26355]
vuser_init.c(5): web_cache_cleanup was successful  	[MsgId: MMSG-26392]
vuser_init.c(6): web_cleanup_auto_headers started  	[MsgId: MMSG-26355]
vuser_init.c(6): web_cleanup_auto_headers was successful  	[MsgId: MMSG-26392]
vuser_init.c(7): web_set_sockets_option started  	[MsgId: MMSG-26355]
vuser_init.c(7): web_set_sockets_option was successful  	[MsgId: MMSG-26392]
vuser_init.c(9): Notify: Transaction "PetStore_LaunchPetStore_T01" started.	[MsgId: MMSG-16999]
vuser_init.c(11): web_reg_find started  	[MsgId: MMSG-26355]
vuser_init.c(11): Registering web_reg_find was successful  	[MsgId: MMSG-26390]
vuser_init.c(13): web_url("petstore.octoperf.com") started  	[MsgId: MMSG-26355]
vuser_init.c(13): Found resource "https://petstore.octoperf.com/css/jpetstore.css" in HTML "https://petstore.octoperf.com/"  	[MsgId: MMSG-26659]
vuser_init.c(13): Found resource "https://petstore.octoperf.com/css/jpetstore.css" in HTML "https://petstore.octoperf.com/"  	[MsgId: MMSG-26659]
Virtual User Script started at: 20-Oct-25 2:07:33 PM	[MsgId: MMSG-15967]
Starting action vuser_init.	[MsgId: MMSG-15919]
Web Turbo Replay of LoadRunner 2022.0.0 for Windows 2019; build 605 (Mar 08 2022 19:29:30)  	[MsgId: MMSG-26983]
Run mode: HTML  	[MsgId: MMSG-26993]
Replay user agent: Mozilla/5.0 (compatible; MSIE 10.0; Windows NT 6.1; Trident/6.0)  	[MsgId: MMSG-26988]
Runtime Settings file: "C:\Users\Administrator\AppData\Local\Temp\2\lr5tmpdirRkj.332\lrcfgK9l.344\cfgUrG.347"  	[MsgId: MMSG-27141]
vuser_init.c(3): Script Started	[MsgId: MMSG-17999]
vuser_init.c(4): web_cleanup_cookies started  	[MsgId: MMSG-26355]
vuser_init.c(4): web_cleanup_cookies was successful  	[MsgId: MMSG-26392]
vuser_init.c(5): web_cache_cleanup started  	[MsgId: MMSG-26355]
vuser_init.c(5): web_cache_cleanup was successful  	[MsgId: MMSG-26392]
vuser_init.c(6): web_cleanup_auto_headers started  	[MsgId: MMSG-26355]
vuser_init.c(6): web_cleanup_auto_headers was successful  	[MsgId: MMSG-26392]
vuser_init.c(7): web_set_sockets_option started  	[MsgId: MMSG-26355]
vuser_init.c(7): web_set_sockets_option was successful  	[MsgId: MMSG-26392]
vuser_init.c(9): Notify: Transaction "PetStore_LaunchPetStore_T01" started.	[MsgId: MMSG-16999]
vuser_init.c(11): web_reg_find started  	[MsgId: MMSG-26355]
vuser_init.c(11): Registering web_reg_find was successful  	[MsgId: MMSG-26390]
vuser_init.c(13): web_url("petstore.octoperf.com") started  	[MsgId: MMSG-26355]
vuser_init.c(13): Found resource "https://petstore.octoperf.com/css/jpetstore.css" in HTML "https://petstore.octoperf.com/"  	[MsgId: MMSG-26659]
vuser_init.c(13): Registered web_reg_find successful for "Text=Welcome to JPetStore 6" (count=1)  	[MsgId: MMSG-26364]
vuser_init.c(13): web_url("petstore.octoperf.com") was successful, 7129 body bytes, 567 header bytes  	[MsgId: MMSG-26386]
vuser_init.c(21): Notify: Transaction "PetStore_LaunchPetStore_T01" ended with a "Pass" status (Duration: 0.9250 Wasted Time: 0.0015).	[MsgId: MMSG-16871]
vuser_init.c(23): lr_think_time: 3.74 seconds (recorded think time was 5.00 seconds).	[MsgId: MMSG-15947]
vuser_init.c(13): Registered web_reg_find successful for "Text=Welcome to JPetStore 6" (count=1)  	[MsgId: MMSG-26364]
vuser_init.c(13): web_url("petstore.octoperf.com") was successful, 7129 body bytes, 567 header bytes  	[MsgId: MMSG-26386]
vuser_init.c(21): Notify: Transaction "PetStore_LaunchPetStore_T01" ended with a "Pass" status (Duration: 0.9473 Wasted Time: 0.0023).	[MsgId: MMSG-16871]
vuser_init.c(23): lr_think_time: 4.73 seconds (recorded think time was 5.00 seconds).	[MsgId: MMSG-15947]
vuser_init.c(13): Registered web_reg_find successful for "Text=Welcome to JPetStore 6" (count=1)  	[MsgId: MMSG-26364]
vuser_init.c(13): web_url("petstore.octoperf.com") was successful, 7129 body bytes, 567 header bytes  	[MsgId: MMSG-26386]
vuser_init.c(21): Notify: Transaction "PetStore_LaunchPetStore_T01" ended with a "Pass" status (Duration: 0.9453 Wasted Time: 0.0010).	[MsgId: MMSG-16871]
vuser_init.c(23): lr_think_time: 3.19 seconds (recorded think time was 5.00 seconds).	[MsgId: MMSG-15947]
vuser_init.c(13): Found resource "https://petstore.octoperf.com/css/jpetstore.css" in HTML "https://petstore.octoperf.com/"  	[MsgId: MMSG-26659]
vuser_init.c(13): Registered web_reg_find successful for "Text=Welcome to JPetStore 6" (count=1)  	[MsgId: MMSG-26364]
vuser_init.c(13): web_url("petstore.octoperf.com") was successful, 7129 body bytes, 567 header bytes  	[MsgId: MMSG-26386]
vuser_init.c(21): Notify: Transaction "PetStore_LaunchPetStore_T01" ended with a "Pass" status (Duration: 0.7955 Wasted Time: 0.0019).	[MsgId: MMSG-16871]
vuser_init.c(23): lr_think_time: 4.53 seconds (recorded think time was 5.00 seconds).	[MsgId: MMSG-15947]
vuser_init.c(25): Notify: Transaction "PetStore_EnterToPetStore_T02" started.	[MsgId: MMSG-16999]
vuser_init.c(26): web_reg_find started  	[MsgId: MMSG-26355]
vuser_init.c(26): Registering web_reg_find was successful  	[MsgId: MMSG-26390]
vuser_init.c(29): web_url("Catalog.action") started  	[MsgId: MMSG-26355]
vuser_init.c(29): Resource "https://petstore.octoperf.com/css/jpetstore.css" is in the cache already and will not be downloaded again  	[MsgId: MMSG-26655]
vuser_init.c(29): Found resource "https://petstore.octoperf.com/images/logo-topbar.svg" in HTML "https://petstore.octoperf.com/actions/Catalog.action"  	[MsgId: MMSG-26659]
vuser_init.c(29): Found resource "https://petstore.octoperf.com/images/cart.gif" in HTML "https://petstore.octoperf.com/actions/Catalog.action"  	[MsgId: MMSG-26659]
vuser_init.c(29): Found resource "https://petstore.octoperf.com/images/separator.gif" in HTML "https://petstore.octoperf.com/actions/Catalog.action"  	[MsgId: MMSG-26659]
vuser_init.c(29): Found resource "https://petstore.octoperf.com/images/sm_fish.gif" in HTML "https://petstore.octoperf.com/actions/Catalog.action"  	[MsgId: MMSG-26659]
vuser_init.c(29): Found resource "https://petstore.octoperf.com/images/sm_dogs.gif" in HTML "https://petstore.octoperf.com/actions/Catalog.action"  	[MsgId: MMSG-26659]
vuser_init.c(29): Found resource "https://petstore.octoperf.com/images/sm_reptiles.gif" in HTML "https://petstore.octoperf.com/actions/Catalog.action"  	[MsgId: MMSG-26659]
vuser_init.c(29): Found resource "https://petstore.octoperf.com/images/sm_cats.gif" in HTML "https://petstore.octoperf.com/actions/Catalog.action"  	[MsgId: MMSG-26659]
vuser_init.c(29): Found resource "https://petstore.octoperf.com/images/sm_birds.gif" in HTML "https://petstore.octoperf.com/actions/Catalog.action"  	[MsgId: MMSG-26659]
vuser_init.c(29): Found resource "https://petstore.octoperf.com/images/fish_icon.gif" in HTML "https://petstore.octoperf.com/actions/Catalog.action"  	[MsgId: MMSG-26659]
vuser_init.c(29): Found resource "https://petstore.octoperf.com/images/dogs_icon.gif" in HTML "https://petstore.octoperf.com/actions/Catalog.action"  	[MsgId: MMSG-26659]
vuser_init.c(29): Found resource "https://petstore.octoperf.com/images/cats_icon.gif" in HTML "https://petstore.octoperf.com/actions/Catalog.action"  	[MsgId: MMSG-26659]
vuser_init.c(29): Found resource "https://petstore.octoperf.com/images/reptiles_icon.gif" in HTML "https://petstore.octoperf.com/actions/Catalog.action"  	[MsgId: MMSG-26659]
vuser_init.c(29): Found resource "https://petstore.octoperf.com/images/birds_icon.gif" in HTML "https://petstore.octoperf.com/actions/Catalog.action"  	[MsgId: MMSG-26659]
vuser_init.c(29): Found resource "https://petstore.octoperf.com/images/splash.gif" in HTML "https://petstore.octoperf.com/actions/Catalog.action"  	[MsgId: MMSG-26659]
vuser_init.c(29): Registered web_reg_find successful for "Text=OctoPerf" (count=1)  	[MsgId: MMSG-26364]
vuser_init.c(29): web_url("Catalog.action") was successful, 63413 body bytes, 4260 header bytes  	[MsgId: MMSG-26386]
vuser_init.c(37): Notify: Transaction "PetStore_EnterToPetStore_T02" ended with a "Pass" status (Duration: 0.5036 Wasted Time: 0.0002).	[MsgId: MMSG-16871]
vuser_init.c(39): lr_think_time: 3.86 seconds (recorded think time was 5.00 seconds).	[MsgId: MMSG-15947]
vuser_init.c(25): Notify: Transaction "PetStore_EnterToPetStore_T02" started.	[MsgId: MMSG-16999]
vuser_init.c(26): web_reg_find started  	[MsgId: MMSG-26355]
vuser_init.c(26): Registering web_reg_find was successful  	[MsgId: MMSG-26390]
vuser_init.c(29): web_url("Catalog.action") started  	[MsgId: MMSG-26355]
vuser_init.c(29): Resource "https://petstore.octoperf.com/css/jpetstore.css" is in the cache already and will not be downloaded again  	[MsgId: MMSG-26655]
vuser_init.c(29): Found resource "https://petstore.octoperf.com/images/logo-topbar.svg" in HTML "https://petstore.octoperf.com/actions/Catalog.action"  	[MsgId: MMSG-26659]
vuser_init.c(29): Found resource "https://petstore.octoperf.com/images/cart.gif" in HTML "https://petstore.octoperf.com/actions/Catalog.action"  	[MsgId: MMSG-26659]
vuser_init.c(29): Found resource "https://petstore.octoperf.com/images/separator.gif" in HTML "https://petstore.octoperf.com/actions/Catalog.action"  	[MsgId: MMSG-26659]
vuser_init.c(29): Found resource "https://petstore.octoperf.com/images/sm_fish.gif" in HTML "https://petstore.octoperf.com/actions/Catalog.action"  	[MsgId: MMSG-26659]
vuser_init.c(29): Found resource "https://petstore.octoperf.com/images/sm_dogs.gif" in HTML "https://petstore.octoperf.com/actions/Catalog.action"  	[MsgId: MMSG-26659]
vuser_init.c(29): Found resource "https://petstore.octoperf.com/images/sm_reptiles.gif" in HTML "https://petstore.octoperf.com/actions/Catalog.action"  	[MsgId: MMSG-26659]
vuser_init.c(29): Found resource "https://petstore.octoperf.com/images/sm_cats.gif" in HTML "https://petstore.octoperf.com/actions/Catalog.action"  	[MsgId: MMSG-26659]
vuser_init.c(29): Found resource "https://petstore.octoperf.com/images/sm_birds.gif" in HTML "https://petstore.octoperf.com/actions/Catalog.action"  	[MsgId: MMSG-26659]
vuser_init.c(29): Found resource "https://petstore.octoperf.com/images/fish_icon.gif" in HTML "https://petstore.octoperf.com/actions/Catalog.action"  	[MsgId: MMSG-26659]
vuser_init.c(29): Found resource "https://petstore.octoperf.com/images/dogs_icon.gif" in HTML "https://petstore.octoperf.com/actions/Catalog.action"  	[MsgId: MMSG-26659]
vuser_init.c(29): Found resource "https://petstore.octoperf.com/images/cats_icon.gif" in HTML "https://petstore.octoperf.com/actions/Catalog.action"  	[MsgId: MMSG-26659]
vuser_init.c(29): Found resource "https://petstore.octoperf.com/images/reptiles_icon.gif" in HTML "https://petstore.octoperf.com/actions/Catalog.action"  	[MsgId: MMSG-26659]
vuser_init.c(29): Found resource "https://petstore.octoperf.com/images/birds_icon.gif" in HTML "https://petstore.octoperf.com/actions/Catalog.action"  	[MsgId: MMSG-26659]
vuser_init.c(29): Found resource "https://petstore.octoperf.com/images/splash.gif" in HTML "https://petstore.octoperf.com/actions/Catalog.action"  	[MsgId: MMSG-26659]
vuser_init.c(29): Registered web_reg_find successful for "Text=OctoPerf" (count=1)  	[MsgId: MMSG-26364]
vuser_init.c(29): web_url("Catalog.action") was successful, 63413 body bytes, 4260 header bytes  	[MsgId: MMSG-26386]
vuser_init.c(37): Notify: Transaction "PetStore_EnterToPetStore_T02" ended with a "Pass" status (Duration: 0.5019 Wasted Time: 0.0002).	[MsgId: MMSG-16871]
vuser_init.c(39): lr_think_time: 4.96 seconds (recorded think time was 5.00 seconds).	[MsgId: MMSG-15947]
vuser_init.c(25): Notify: Transaction "PetStore_EnterToPetStore_T02" started.	[MsgId: MMSG-16999]
vuser_init.c(26): web_reg_find started  	[MsgId: MMSG-26355]
vuser_init.c(26): Registering web_reg_find was successful  	[MsgId: MMSG-26390]
vuser_init.c(29): web_url("Catalog.action") started  	[MsgId: MMSG-26355]
vuser_init.c(29): Resource "https://petstore.octoperf.com/css/jpetstore.css" is in the cache already and will not be downloaded again  	[MsgId: MMSG-26655]
vuser_init.c(29): Found resource "https://petstore.octoperf.com/images/logo-topbar.svg" in HTML "https://petstore.octoperf.com/actions/Catalog.action"  	[MsgId: MMSG-26659]
vuser_init.c(29): Found resource "https://petstore.octoperf.com/images/cart.gif" in HTML "https://petstore.octoperf.com/actions/Catalog.action"  	[MsgId: MMSG-26659]
vuser_init.c(29): Found resource "https://petstore.octoperf.com/images/separator.gif" in HTML "https://petstore.octoperf.com/actions/Catalog.action"  	[MsgId: MMSG-26659]
vuser_init.c(29): Found resource "https://petstore.octoperf.com/images/sm_fish.gif" in HTML "https://petstore.octoperf.com/actions/Catalog.action"  	[MsgId: MMSG-26659]
vuser_init.c(29): Found resource "https://petstore.octoperf.com/images/sm_dogs.gif" in HTML "https://petstore.octoperf.com/actions/Catalog.action"  	[MsgId: MMSG-26659]
vuser_init.c(29): Found resource "https://petstore.octoperf.com/images/sm_reptiles.gif" in HTML "https://petstore.octoperf.com/actions/Catalog.action"  	[MsgId: MMSG-26659]
vuser_init.c(29): Found resource "https://petstore.octoperf.com/images/sm_cats.gif" in HTML "https://petstore.octoperf.com/actions/Catalog.action"  	[MsgId: MMSG-26659]
vuser_init.c(29): Found resource "https://petstore.octoperf.com/images/sm_birds.gif" in HTML "https://petstore.octoperf.com/actions/Catalog.action"  	[MsgId: MMSG-26659]
vuser_init.c(29): Found resource "https://petstore.octoperf.com/images/fish_icon.gif" in HTML "https://petstore.octoperf.com/actions/Catalog.action"  	[MsgId: MMSG-26659]
vuser_init.c(29): Found resource "https://petstore.octoperf.com/images/dogs_icon.gif" in HTML "https://petstore.octoperf.com/actions/Catalog.action"  	[MsgId: MMSG-26659]
vuser_init.c(29): Found resource "https://petstore.octoperf.com/images/cats_icon.gif" in HTML "https://petstore.octoperf.com/actions/Catalog.action"  	[MsgId: MMSG-26659]
vuser_init.c(29): Found resource "https://petstore.octoperf.com/images/reptiles_icon.gif" in HTML "https://petstore.octoperf.com/actions/Catalog.action"  	[MsgId: MMSG-26659]
vuser_init.c(29): Found resource "https://petstore.octoperf.com/images/birds_icon.gif" in HTML "https://petstore.octoperf.com/actions/Catalog.action"  	[MsgId: MMSG-26659]
vuser_init.c(29): Found resource "https://petstore.octoperf.com/images/splash.gif" in HTML "https://petstore.octoperf.com/actions/Catalog.action"  	[MsgId: MMSG-26659]
Virtual User Script started at: 20-Oct-25 2:07:38 PM	[MsgId: MMSG-15967]
Starting action vuser_init.	[MsgId: MMSG-15919]
Web Turbo Replay of LoadRunner 2022.0.0 for Windows 2019; build 605 (Mar 08 2022 19:29:30)  	[MsgId: MMSG-26983]
Run mode: HTML  	[MsgId: MMSG-26993]
Replay user agent: Mozilla/5.0 (compatible; MSIE 10.0; Windows NT 6.1; Trident/6.0)  	[MsgId: MMSG-26988]
Runtime Settings file: "C:\Users\Administrator\AppData\Local\Temp\2\lr5tmpdirRkj.332\lrcfgK9l.344\cfgUrG.347"  	[MsgId: MMSG-27141]
vuser_init.c(3): Script Started	[MsgId: MMSG-17999]
vuser_init.c(4): web_cleanup_cookies started  	[MsgId: MMSG-26355]
vuser_init.c(4): web_cleanup_cookies was successful  	[MsgId: MMSG-26392]
vuser_init.c(5): web_cache_cleanup started  	[MsgId: MMSG-26355]
vuser_init.c(5): web_cache_cleanup was successful  	[MsgId: MMSG-26392]
vuser_init.c(6): web_cleanup_auto_headers started  	[MsgId: MMSG-26355]
vuser_init.c(6): web_cleanup_auto_headers was successful  	[MsgId: MMSG-26392]
vuser_init.c(7): web_set_sockets_option started  	[MsgId: MMSG-26355]
vuser_init.c(7): web_set_sockets_option was successful  	[MsgId: MMSG-26392]
vuser_init.c(9): Notify: Transaction "PetStore_LaunchPetStore_T01" started.	[MsgId: MMSG-16999]
vuser_init.c(11): web_reg_find started  	[MsgId: MMSG-26355]
vuser_init.c(11): Registering web_reg_find was successful  	[MsgId: MMSG-26390]
vuser_init.c(13): web_url("petstore.octoperf.com") started  	[MsgId: MMSG-26355]
vuser_init.c(25): Notify: Transaction "PetStore_EnterToPetStore_T02" started.	[MsgId: MMSG-16999]
vuser_init.c(26): web_reg_find started  	[MsgId: MMSG-26355]
vuser_init.c(26): Registering web_reg_find was successful  	[MsgId: MMSG-26390]
vuser_init.c(29): web_url("Catalog.action") started  	[MsgId: MMSG-26355]
vuser_init.c(29): Registered web_reg_find successful for "Text=OctoPerf" (count=1)  	[MsgId: MMSG-26364]
vuser_init.c(29): web_url("Catalog.action") was successful, 63413 body bytes, 4260 header bytes  	[MsgId: MMSG-26386]
vuser_init.c(37): Notify: Transaction "PetStore_EnterToPetStore_T02" ended with a "Pass" status (Duration: 0.4962 Wasted Time: 0.0002).	[MsgId: MMSG-16871]
vuser_init.c(39): lr_think_time: 3.00 seconds (recorded think time was 5.00 seconds).	[MsgId: MMSG-15947]
vuser_init.c(29): Resource "https://petstore.octoperf.com/css/jpetstore.css" is in the cache already and will not be downloaded again  	[MsgId: MMSG-26655]
vuser_init.c(29): Found resource "https://petstore.octoperf.com/images/logo-topbar.svg" in HTML "https://petstore.octoperf.com/actions/Catalog.action"  	[MsgId: MMSG-26659]
vuser_init.c(29): Found resource "https://petstore.octoperf.com/images/cart.gif" in HTML "https://petstore.octoperf.com/actions/Catalog.action"  	[MsgId: MMSG-26659]
vuser_init.c(29): Found resource "https://petstore.octoperf.com/images/separator.gif" in HTML "https://petstore.octoperf.com/actions/Catalog.action"  	[MsgId: MMSG-26659]
vuser_init.c(29): Found resource "https://petstore.octoperf.com/images/sm_fish.gif" in HTML "https://petstore.octoperf.com/actions/Catalog.action"  	[MsgId: MMSG-26659]
vuser_init.c(29): Found resource "https://petstore.octoperf.com/images/sm_dogs.gif" in HTML "https://petstore.octoperf.com/actions/Catalog.action"  	[MsgId: MMSG-26659]
vuser_init.c(29): Found resource "https://petstore.octoperf.com/images/sm_reptiles.gif" in HTML "https://petstore.octoperf.com/actions/Catalog.action"  	[MsgId: MMSG-26659]
vuser_init.c(29): Found resource "https://petstore.octoperf.com/images/sm_cats.gif" in HTML "https://petstore.octoperf.com/actions/Catalog.action"  	[MsgId: MMSG-26659]
vuser_init.c(29): Found resource "https://petstore.octoperf.com/images/sm_birds.gif" in HTML "https://petstore.octoperf.com/actions/Catalog.action"  	[MsgId: MMSG-26659]
vuser_init.c(29): Found resource "https://petstore.octoperf.com/images/fish_icon.gif" in HTML "https://petstore.octoperf.com/actions/Catalog.action"  	[MsgId: MMSG-26659]
vuser_init.c(29): Found resource "https://petstore.octoperf.com/images/dogs_icon.gif" in HTML "https://petstore.octoperf.com/actions/Catalog.action"  	[MsgId: MMSG-26659]
vuser_init.c(29): Found resource "https://petstore.octoperf.com/images/cats_icon.gif" in HTML "https://petstore.octoperf.com/actions/Catalog.action"  	[MsgId: MMSG-26659]
vuser_init.c(29): Found resource "https://petstore.octoperf.com/images/reptiles_icon.gif" in HTML "https://petstore.octoperf.com/actions/Catalog.action"  	[MsgId: MMSG-26659]
vuser_init.c(29): Found resource "https://petstore.octoperf.com/images/birds_icon.gif" in HTML "https://petstore.octoperf.com/actions/Catalog.action"  	[MsgId: MMSG-26659]
vuser_init.c(29): Found resource "https://petstore.octoperf.com/images/splash.gif" in HTML "https://petstore.octoperf.com/actions/Catalog.action"  	[MsgId: MMSG-26659]
vuser_init.c(13): Found resource "https://petstore.octoperf.com/css/jpetstore.css" in HTML "https://petstore.octoperf.com/"  	[MsgId: MMSG-26659]
vuser_init.c(29): Registered web_reg_find successful for "Text=OctoPerf" (count=1)  	[MsgId: MMSG-26364]
vuser_init.c(29): web_url("Catalog.action") was successful, 63413 body bytes, 4260 header bytes  	[MsgId: MMSG-26386]
vuser_init.c(37): Notify: Transaction "PetStore_EnterToPetStore_T02" ended with a "Pass" status (Duration: 0.5139 Wasted Time: 0.0002).	[MsgId: MMSG-16871]
vuser_init.c(39): lr_think_time: 2.96 seconds (recorded think time was 5.00 seconds).	[MsgId: MMSG-15947]
vuser_init.c(13): Registered web_reg_find successful for "Text=Welcome to JPetStore 6" (count=1)  	[MsgId: MMSG-26364]
vuser_init.c(13): web_url("petstore.octoperf.com") was successful, 7129 body bytes, 567 header bytes  	[MsgId: MMSG-26386]
vuser_init.c(21): Notify: Transaction "PetStore_LaunchPetStore_T01" ended with a "Pass" status (Duration: 0.7921 Wasted Time: 0.0006).	[MsgId: MMSG-16871]
vuser_init.c(23): lr_think_time: 4.78 seconds (recorded think time was 5.00 seconds).	[MsgId: MMSG-15947]
vuser_init.c(41): Notify: Transaction "PetStore_ClickOnSignIn_T03" started.	[MsgId: MMSG-16999]
vuser_init.c(43): web_reg_find started  	[MsgId: MMSG-26355]
vuser_init.c(43): Registering web_reg_find was successful  	[MsgId: MMSG-26390]
vuser_init.c(46): web_link("Sign In") started  	[MsgId: MMSG-26355]
vuser_init.c(46): Linking to "https://petstore.octoperf.com/actions/Account.action;jsessionid=6108BBCB8C9B197A41FD0CC007C15068?signonForm=", Target Frame=""  	[MsgId: MMSG-27994]
vuser_init.c(46): Resource "https://petstore.octoperf.com/css/jpetstore.css" is in the cache already and will not be downloaded again  	[MsgId: MMSG-26655]
vuser_init.c(46): Resource "https://petstore.octoperf.com/images/logo-topbar.svg" is in the cache already and will not be downloaded again  	[MsgId: MMSG-26655]
vuser_init.c(46): Resource "https://petstore.octoperf.com/images/cart.gif" is in the cache already and will not be downloaded again  	[MsgId: MMSG-26655]
vuser_init.c(46): Resource "https://petstore.octoperf.com/images/separator.gif" is in the cache already and will not be downloaded again  	[MsgId: MMSG-26655]
vuser_init.c(46): Resource "https://petstore.octoperf.com/images/sm_fish.gif" is in the cache already and will not be downloaded again  	[MsgId: MMSG-26655]
vuser_init.c(46): Resource "https://petstore.octoperf.com/images/sm_dogs.gif" is in the cache already and will not be downloaded again  	[MsgId: MMSG-26655]
vuser_init.c(46): Resource "https://petstore.octoperf.com/images/sm_reptiles.gif" is in the cache already and will not be downloaded again  	[MsgId: MMSG-26655]
vuser_init.c(46): Resource "https://petstore.octoperf.com/images/sm_cats.gif" is in the cache already and will not be downloaded again  	[MsgId: MMSG-26655]
vuser_init.c(46): Resource "https://petstore.octoperf.com/images/sm_birds.gif" is in the cache already and will not be downloaded again  	[MsgId: MMSG-26655]
vuser_init.c(46): Registered web_reg_find successful for "Text=Please enter your username and password" (count=1)  	[MsgId: MMSG-26364]
vuser_init.c(46): web_link("Sign In") was successful, 3860 body bytes, 225 header bytes  	[MsgId: MMSG-26386]
vuser_init.c(51): Notify: Transaction "PetStore_ClickOnSignIn_T03" ended with a "Pass" status (Duration: 0.1262 Wasted Time: 0.0000).	[MsgId: MMSG-16871]
Ending action vuser_init.	[MsgId: MMSG-15918]
Running Vuser...	[MsgId: MMSG-15964]
vuser_init.c(41): Notify: Transaction "PetStore_ClickOnSignIn_T03" started.	[MsgId: MMSG-16999]
vuser_init.c(43): web_reg_find started  	[MsgId: MMSG-26355]
vuser_init.c(43): Registering web_reg_find was successful  	[MsgId: MMSG-26390]
vuser_init.c(46): web_link("Sign In") started  	[MsgId: MMSG-26355]
vuser_init.c(46): Linking to "https://petstore.octoperf.com/actions/Account.action;jsessionid=2F2D999010981C3B42ACFC78A7EB0E5C?signonForm=", Target Frame=""  	[MsgId: MMSG-27994]
vuser_init.c(46): Resource "https://petstore.octoperf.com/css/jpetstore.css" is in the cache already and will not be downloaded again  	[MsgId: MMSG-26655]
vuser_init.c(46): Resource "https://petstore.octoperf.com/images/logo-topbar.svg" is in the cache already and will not be downloaded again  	[MsgId: MMSG-26655]
vuser_init.c(46): Resource "https://petstore.octoperf.com/images/cart.gif" is in the cache already and will not be downloaded again  	[MsgId: MMSG-26655]
vuser_init.c(46): Resource "https://petstore.octoperf.com/images/separator.gif" is in the cache already and will not be downloaded again  	[MsgId: MMSG-26655]
vuser_init.c(46): Resource "https://petstore.octoperf.com/images/sm_fish.gif" is in the cache already and will not be downloaded again  	[MsgId: MMSG-26655]
vuser_init.c(46): Resource "https://petstore.octoperf.com/images/sm_dogs.gif" is in the cache already and will not be downloaded again  	[MsgId: MMSG-26655]
vuser_init.c(46): Resource "https://petstore.octoperf.com/images/sm_reptiles.gif" is in the cache already and will not be downloaded again  	[MsgId: MMSG-26655]
vuser_init.c(46): Resource "https://petstore.octoperf.com/images/sm_cats.gif" is in the cache already and will not be downloaded again  	[MsgId: MMSG-26655]
vuser_init.c(46): Resource "https://petstore.octoperf.com/images/sm_birds.gif" is in the cache already and will not be downloaded again  	[MsgId: MMSG-26655]
vuser_init.c(46): Registered web_reg_find successful for "Text=Please enter your username and password" (count=1)  	[MsgId: MMSG-26364]
vuser_init.c(46): web_link("Sign In") was successful, 3858 body bytes, 225 header bytes  	[MsgId: MMSG-26386]
vuser_init.c(51): Notify: Transaction "PetStore_ClickOnSignIn_T03" ended with a "Pass" status (Duration: 0.1339 Wasted Time: 0.0000).	[MsgId: MMSG-16871]
Ending action vuser_init.	[MsgId: MMSG-15918]
Running Vuser...	[MsgId: MMSG-15964]
vuser_init.c(41): Notify: Transaction "PetStore_ClickOnSignIn_T03" started.	[MsgId: MMSG-16999]
vuser_init.c(43): web_reg_find started  	[MsgId: MMSG-26355]
vuser_init.c(43): Registering web_reg_find was successful  	[MsgId: MMSG-26390]
vuser_init.c(46): web_link("Sign In") started  	[MsgId: MMSG-26355]
vuser_init.c(46): Linking to "https://petstore.octoperf.com/actions/Account.action;jsessionid=CA0B0985649DECE90250A1B6D1486230?signonForm=", Target Frame=""  	[MsgId: MMSG-27994]
vuser_init.c(46): Resource "https://petstore.octoperf.com/css/jpetstore.css" is in the cache already and will not be downloaded again  	[MsgId: MMSG-26655]
vuser_init.c(46): Resource "https://petstore.octoperf.com/images/logo-topbar.svg" is in the cache already and will not be downloaded again  	[MsgId: MMSG-26655]
vuser_init.c(46): Resource "https://petstore.octoperf.com/images/cart.gif" is in the cache already and will not be downloaded again  	[MsgId: MMSG-26655]
vuser_init.c(46): Resource "https://petstore.octoperf.com/images/separator.gif" is in the cache already and will not be downloaded again  	[MsgId: MMSG-26655]
vuser_init.c(46): Resource "https://petstore.octoperf.com/images/sm_fish.gif" is in the cache already and will not be downloaded again  	[MsgId: MMSG-26655]
vuser_init.c(46): Resource "https://petstore.octoperf.com/images/sm_dogs.gif" is in the cache already and will not be downloaded again  	[MsgId: MMSG-26655]
vuser_init.c(46): Resource "https://petstore.octoperf.com/images/sm_reptiles.gif" is in the cache already and will not be downloaded again  	[MsgId: MMSG-26655]
vuser_init.c(46): Resource "https://petstore.octoperf.com/images/sm_cats.gif" is in the cache already and will not be downloaded again  	[MsgId: MMSG-26655]
vuser_init.c(46): Resource "https://petstore.octoperf.com/images/sm_birds.gif" is in the cache already and will not be downloaded again  	[MsgId: MMSG-26655]
vuser_init.c(46): Registered web_reg_find successful for "Text=Please enter your username and password" (count=1)  	[MsgId: MMSG-26364]
vuser_init.c(46): web_link("Sign In") was successful, 3858 body bytes, 225 header bytes  	[MsgId: MMSG-26386]
vuser_init.c(51): Notify: Transaction "PetStore_ClickOnSignIn_T03" ended with a "Pass" status (Duration: 0.1268 Wasted Time: 0.0000).	[MsgId: MMSG-16871]
Ending action vuser_init.	[MsgId: MMSG-15918]
Running Vuser...	[MsgId: MMSG-15964]
vuser_init.c(41): Notify: Transaction "PetStore_ClickOnSignIn_T03" started.	[MsgId: MMSG-16999]
vuser_init.c(43): web_reg_find started  	[MsgId: MMSG-26355]
vuser_init.c(43): Registering web_reg_find was successful  	[MsgId: MMSG-26390]
vuser_init.c(46): web_link("Sign In") started  	[MsgId: MMSG-26355]
vuser_init.c(46): Linking to "https://petstore.octoperf.com/actions/Account.action;jsessionid=D0E5ABAAE8D69447F88CDA462071E221?signonForm=", Target Frame=""  	[MsgId: MMSG-27994]
vuser_init.c(46): Resource "https://petstore.octoperf.com/css/jpetstore.css" is in the cache already and will not be downloaded again  	[MsgId: MMSG-26655]
vuser_init.c(46): Resource "https://petstore.octoperf.com/images/logo-topbar.svg" is in the cache already and will not be downloaded again  	[MsgId: MMSG-26655]
vuser_init.c(46): Resource "https://petstore.octoperf.com/images/cart.gif" is in the cache already and will not be downloaded again  	[MsgId: MMSG-26655]
vuser_init.c(46): Resource "https://petstore.octoperf.com/images/separator.gif" is in the cache already and will not be downloaded again  	[MsgId: MMSG-26655]
vuser_init.c(46): Resource "https://petstore.octoperf.com/images/sm_fish.gif" is in the cache already and will not be downloaded again  	[MsgId: MMSG-26655]
vuser_init.c(46): Resource "https://petstore.octoperf.com/images/sm_dogs.gif" is in the cache already and will not be downloaded again  	[MsgId: MMSG-26655]
vuser_init.c(46): Resource "https://petstore.octoperf.com/images/sm_reptiles.gif" is in the cache already and will not be downloaded again  	[MsgId: MMSG-26655]
vuser_init.c(46): Resource "https://petstore.octoperf.com/images/sm_cats.gif" is in the cache already and will not be downloaded again  	[MsgId: MMSG-26655]
vuser_init.c(46): Resource "https://petstore.octoperf.com/images/sm_birds.gif" is in the cache already and will not be downloaded again  	[MsgId: MMSG-26655]
vuser_init.c(46): Registered web_reg_find successful for "Text=Please enter your username and password" (count=1)  	[MsgId: MMSG-26364]
vuser_init.c(46): web_link("Sign In") was successful, 3860 body bytes, 225 header bytes  	[MsgId: MMSG-26386]
vuser_init.c(51): Notify: Transaction "PetStore_ClickOnSignIn_T03" ended with a "Pass" status (Duration: 0.1250 Wasted Time: 0.0000).	[MsgId: MMSG-16871]
Ending action vuser_init.	[MsgId: MMSG-15918]
Running Vuser...	[MsgId: MMSG-15964]
Virtual User Script started at: 20-Oct-25 2:07:43 PM	[MsgId: MMSG-15967]
Starting action vuser_init.	[MsgId: MMSG-15919]
Web Turbo Replay of LoadRunner 2022.0.0 for Windows 2019; build 605 (Mar 08 2022 19:29:30)  	[MsgId: MMSG-26983]
Run mode: HTML  	[MsgId: MMSG-26993]
Replay user agent: Mozilla/5.0 (compatible; MSIE 10.0; Windows NT 6.1; Trident/6.0)  	[MsgId: MMSG-26988]
Runtime Settings file: "C:\Users\Administrator\AppData\Local\Temp\2\lr5tmpdirRkj.332\lrcfgK9l.344\cfgUrG.347"  	[MsgId: MMSG-27141]
vuser_init.c(3): Script Started	[MsgId: MMSG-17999]
vuser_init.c(4): web_cleanup_cookies started  	[MsgId: MMSG-26355]
vuser_init.c(4): web_cleanup_cookies was successful  	[MsgId: MMSG-26392]
vuser_init.c(5): web_cache_cleanup started  	[MsgId: MMSG-26355]
vuser_init.c(5): web_cache_cleanup was successful  	[MsgId: MMSG-26392]
vuser_init.c(6): web_cleanup_auto_headers started  	[MsgId: MMSG-26355]
vuser_init.c(6): web_cleanup_auto_headers was successful  	[MsgId: MMSG-26392]
vuser_init.c(7): web_set_sockets_option started  	[MsgId: MMSG-26355]
vuser_init.c(7): web_set_sockets_option was successful  	[MsgId: MMSG-26392]
vuser_init.c(9): Notify: Transaction "PetStore_LaunchPetStore_T01" started.	[MsgId: MMSG-16999]
vuser_init.c(11): web_reg_find started  	[MsgId: MMSG-26355]
vuser_init.c(11): Registering web_reg_find was successful  	[MsgId: MMSG-26390]
vuser_init.c(13): web_url("petstore.octoperf.com") started  	[MsgId: MMSG-26355]
vuser_init.c(13): Found resource "https://petstore.octoperf.com/css/jpetstore.css" in HTML "https://petstore.octoperf.com/"  	[MsgId: MMSG-26659]
vuser_init.c(25): Notify: Transaction "PetStore_EnterToPetStore_T02" started.	[MsgId: MMSG-16999]
vuser_init.c(26): web_reg_find started  	[MsgId: MMSG-26355]
vuser_init.c(26): Registering web_reg_find was successful  	[MsgId: MMSG-26390]
vuser_init.c(29): web_url("Catalog.action") started  	[MsgId: MMSG-26355]
vuser_init.c(13): Registered web_reg_find successful for "Text=Welcome to JPetStore 6" (count=1)  	[MsgId: MMSG-26364]
vuser_init.c(13): web_url("petstore.octoperf.com") was successful, 7129 body bytes, 567 header bytes  	[MsgId: MMSG-26386]
vuser_init.c(21): Notify: Transaction "PetStore_LaunchPetStore_T01" ended with a "Pass" status (Duration: 1.3635 Wasted Time: 0.0009).	[MsgId: MMSG-16871]
vuser_init.c(23): lr_think_time: 4.04 seconds (recorded think time was 5.00 seconds).	[MsgId: MMSG-15947]
vuser_init.c(29): Resource "https://petstore.octoperf.com/css/jpetstore.css" is in the cache already and will not be downloaded again  	[MsgId: MMSG-26655]
vuser_init.c(29): Found resource "https://petstore.octoperf.com/images/logo-topbar.svg" in HTML "https://petstore.octoperf.com/actions/Catalog.action"  	[MsgId: MMSG-26659]
vuser_init.c(29): Found resource "https://petstore.octoperf.com/images/cart.gif" in HTML "https://petstore.octoperf.com/actions/Catalog.action"  	[MsgId: MMSG-26659]
vuser_init.c(29): Found resource "https://petstore.octoperf.com/images/separator.gif" in HTML "https://petstore.octoperf.com/actions/Catalog.action"  	[MsgId: MMSG-26659]
vuser_init.c(29): Found resource "https://petstore.octoperf.com/images/sm_fish.gif" in HTML "https://petstore.octoperf.com/actions/Catalog.action"  	[MsgId: MMSG-26659]
vuser_init.c(29): Found resource "https://petstore.octoperf.com/images/sm_dogs.gif" in HTML "https://petstore.octoperf.com/actions/Catalog.action"  	[MsgId: MMSG-26659]
vuser_init.c(29): Found resource "https://petstore.octoperf.com/images/sm_reptiles.gif" in HTML "https://petstore.octoperf.com/actions/Catalog.action"  	[MsgId: MMSG-26659]
vuser_init.c(29): Found resource "https://petstore.octoperf.com/images/sm_cats.gif" in HTML "https://petstore.octoperf.com/actions/Catalog.action"  	[MsgId: MMSG-26659]
vuser_init.c(29): Found resource "https://petstore.octoperf.com/images/sm_birds.gif" in HTML "https://petstore.octoperf.com/actions/Catalog.action"  	[MsgId: MMSG-26659]
vuser_init.c(29): Found resource "https://petstore.octoperf.com/images/fish_icon.gif" in HTML "https://petstore.octoperf.com/actions/Catalog.action"  	[MsgId: MMSG-26659]
vuser_init.c(29): Found resource "https://petstore.octoperf.com/images/dogs_icon.gif" in HTML "https://petstore.octoperf.com/actions/Catalog.action"  	[MsgId: MMSG-26659]
vuser_init.c(29): Found resource "https://petstore.octoperf.com/images/cats_icon.gif" in HTML "https://petstore.octoperf.com/actions/Catalog.action"  	[MsgId: MMSG-26659]
vuser_init.c(29): Found resource "https://petstore.octoperf.com/images/reptiles_icon.gif" in HTML "https://petstore.octoperf.com/actions/Catalog.action"  	[MsgId: MMSG-26659]
vuser_init.c(29): Found resource "https://petstore.octoperf.com/images/birds_icon.gif" in HTML "https://petstore.octoperf.com/actions/Catalog.action"  	[MsgId: MMSG-26659]
vuser_init.c(29): Found resource "https://petstore.octoperf.com/images/splash.gif" in HTML "https://petstore.octoperf.com/actions/Catalog.action"  	[MsgId: MMSG-26659]
vuser_init.c(29): Registered web_reg_find successful for "Text=OctoPerf" (count=1)  	[MsgId: MMSG-26364]
vuser_init.c(29): web_url("Catalog.action") was successful, 63413 body bytes, 4260 header bytes  	[MsgId: MMSG-26386]
vuser_init.c(37): Notify: Transaction "PetStore_EnterToPetStore_T02" ended with a "Pass" status (Duration: 0.5272 Wasted Time: 0.0002).	[MsgId: MMSG-16871]
vuser_init.c(39): lr_think_time: 3.24 seconds (recorded think time was 5.00 seconds).	[MsgId: MMSG-15947]
Virtual User Script started at: 20-Oct-25 2:07:48 PM	[MsgId: MMSG-15967]
Starting action vuser_init.	[MsgId: MMSG-15919]
Web Turbo Replay of LoadRunner 2022.0.0 for Windows 2019; build 605 (Mar 08 2022 19:29:30)  	[MsgId: MMSG-26983]
Run mode: HTML  	[MsgId: MMSG-26993]
Replay user agent: Mozilla/5.0 (compatible; MSIE 10.0; Windows NT 6.1; Trident/6.0)  	[MsgId: MMSG-26988]
Runtime Settings file: "C:\Users\Administrator\AppData\Local\Temp\2\lr5tmpdirRkj.332\lrcfgK9l.344\cfgUrG.347"  	[MsgId: MMSG-27141]
vuser_init.c(3): Script Started	[MsgId: MMSG-17999]
vuser_init.c(4): web_cleanup_cookies started  	[MsgId: MMSG-26355]
vuser_init.c(4): web_cleanup_cookies was successful  	[MsgId: MMSG-26392]
vuser_init.c(5): web_cache_cleanup started  	[MsgId: MMSG-26355]
vuser_init.c(5): web_cache_cleanup was successful  	[MsgId: MMSG-26392]
vuser_init.c(6): web_cleanup_auto_headers started  	[MsgId: MMSG-26355]
vuser_init.c(6): web_cleanup_auto_headers was successful  	[MsgId: MMSG-26392]
vuser_init.c(7): web_set_sockets_option started  	[MsgId: MMSG-26355]
vuser_init.c(7): web_set_sockets_option was successful  	[MsgId: MMSG-26392]
vuser_init.c(9): Notify: Transaction "PetStore_LaunchPetStore_T01" started.	[MsgId: MMSG-16999]
vuser_init.c(11): web_reg_find started  	[MsgId: MMSG-26355]
vuser_init.c(11): Registering web_reg_find was successful  	[MsgId: MMSG-26390]
vuser_init.c(13): web_url("petstore.octoperf.com") started  	[MsgId: MMSG-26355]
vuser_init.c(41): Notify: Transaction "PetStore_ClickOnSignIn_T03" started.	[MsgId: MMSG-16999]
vuser_init.c(43): web_reg_find started  	[MsgId: MMSG-26355]
vuser_init.c(43): Registering web_reg_find was successful  	[MsgId: MMSG-26390]
vuser_init.c(46): web_link("Sign In") started  	[MsgId: MMSG-26355]
vuser_init.c(46): Linking to "https://petstore.octoperf.com/actions/Account.action;jsessionid=FB0D23F084A366FD636D0B44D2440F92?signonForm=", Target Frame=""  	[MsgId: MMSG-27994]
vuser_init.c(46): Resource "https://petstore.octoperf.com/css/jpetstore.css" is in the cache already and will not be downloaded again  	[MsgId: MMSG-26655]
vuser_init.c(46): Resource "https://petstore.octoperf.com/images/logo-topbar.svg" is in the cache already and will not be downloaded again  	[MsgId: MMSG-26655]
vuser_init.c(46): Resource "https://petstore.octoperf.com/images/cart.gif" is in the cache already and will not be downloaded again  	[MsgId: MMSG-26655]
vuser_init.c(46): Resource "https://petstore.octoperf.com/images/separator.gif" is in the cache already and will not be downloaded again  	[MsgId: MMSG-26655]
vuser_init.c(46): Resource "https://petstore.octoperf.com/images/sm_fish.gif" is in the cache already and will not be downloaded again  	[MsgId: MMSG-26655]
vuser_init.c(46): Resource "https://petstore.octoperf.com/images/sm_dogs.gif" is in the cache already and will not be downloaded again  	[MsgId: MMSG-26655]
vuser_init.c(46): Resource "https://petstore.octoperf.com/images/sm_reptiles.gif" is in the cache already and will not be downloaded again  	[MsgId: MMSG-26655]
vuser_init.c(46): Resource "https://petstore.octoperf.com/images/sm_cats.gif" is in the cache already and will not be downloaded again  	[MsgId: MMSG-26655]
vuser_init.c(46): Resource "https://petstore.octoperf.com/images/sm_birds.gif" is in the cache already and will not be downloaded again  	[MsgId: MMSG-26655]
vuser_init.c(46): Registered web_reg_find successful for "Text=Please enter your username and password" (count=1)  	[MsgId: MMSG-26364]
vuser_init.c(46): web_link("Sign In") was successful, 3860 body bytes, 225 header bytes  	[MsgId: MMSG-26386]
vuser_init.c(51): Notify: Transaction "PetStore_ClickOnSignIn_T03" ended with a "Pass" status (Duration: 0.1262 Wasted Time: 0.0000).	[MsgId: MMSG-16871]
Ending action vuser_init.	[MsgId: MMSG-15918]
Running Vuser...	[MsgId: MMSG-15964]
vuser_init.c(25): Notify: Transaction "PetStore_EnterToPetStore_T02" started.	[MsgId: MMSG-16999]
vuser_init.c(26): web_reg_find started  	[MsgId: MMSG-26355]
vuser_init.c(26): Registering web_reg_find was successful  	[MsgId: MMSG-26390]
vuser_init.c(29): web_url("Catalog.action") started  	[MsgId: MMSG-26355]
vuser_init.c(29): Resource "https://petstore.octoperf.com/css/jpetstore.css" is in the cache already and will not be downloaded again  	[MsgId: MMSG-26655]
vuser_init.c(29): Found resource "https://petstore.octoperf.com/images/logo-topbar.svg" in HTML "https://petstore.octoperf.com/actions/Catalog.action"  	[MsgId: MMSG-26659]
vuser_init.c(29): Found resource "https://petstore.octoperf.com/images/cart.gif" in HTML "https://petstore.octoperf.com/actions/Catalog.action"  	[MsgId: MMSG-26659]
vuser_init.c(29): Found resource "https://petstore.octoperf.com/images/separator.gif" in HTML "https://petstore.octoperf.com/actions/Catalog.action"  	[MsgId: MMSG-26659]
vuser_init.c(29): Found resource "https://petstore.octoperf.com/images/sm_fish.gif" in HTML "https://petstore.octoperf.com/actions/Catalog.action"  	[MsgId: MMSG-26659]
vuser_init.c(29): Found resource "https://petstore.octoperf.com/images/sm_dogs.gif" in HTML "https://petstore.octoperf.com/actions/Catalog.action"  	[MsgId: MMSG-26659]
vuser_init.c(29): Found resource "https://petstore.octoperf.com/images/sm_reptiles.gif" in HTML "https://petstore.octoperf.com/actions/Catalog.action"  	[MsgId: MMSG-26659]
vuser_init.c(29): Found resource "https://petstore.octoperf.com/images/sm_cats.gif" in HTML "https://petstore.octoperf.com/actions/Catalog.action"  	[MsgId: MMSG-26659]
vuser_init.c(29): Found resource "https://petstore.octoperf.com/images/sm_birds.gif" in HTML "https://petstore.octoperf.com/actions/Catalog.action"  	[MsgId: MMSG-26659]
vuser_init.c(29): Found resource "https://petstore.octoperf.com/images/fish_icon.gif" in HTML "https://petstore.octoperf.com/actions/Catalog.action"  	[MsgId: MMSG-26659]
vuser_init.c(29): Found resource "https://petstore.octoperf.com/images/dogs_icon.gif" in HTML "https://petstore.octoperf.com/actions/Catalog.action"  	[MsgId: MMSG-26659]
vuser_init.c(29): Found resource "https://petstore.octoperf.com/images/cats_icon.gif" in HTML "https://petstore.octoperf.com/actions/Catalog.action"  	[MsgId: MMSG-26659]
vuser_init.c(29): Found resource "https://petstore.octoperf.com/images/reptiles_icon.gif" in HTML "https://petstore.octoperf.com/actions/Catalog.action"  	[MsgId: MMSG-26659]
vuser_init.c(29): Found resource "https://petstore.octoperf.com/images/birds_icon.gif" in HTML "https://petstore.octoperf.com/actions/Catalog.action"  	[MsgId: MMSG-26659]
vuser_init.c(29): Found resource "https://petstore.octoperf.com/images/splash.gif" in HTML "https://petstore.octoperf.com/actions/Catalog.action"  	[MsgId: MMSG-26659]
vuser_init.c(13): Found resource "https://petstore.octoperf.com/css/jpetstore.css" in HTML "https://petstore.octoperf.com/"  	[MsgId: MMSG-26659]
vuser_init.c(13): Registered web_reg_find successful for "Text=Welcome to JPetStore 6" (count=1)  	[MsgId: MMSG-26364]
vuser_init.c(13): web_url("petstore.octoperf.com") was successful, 7129 body bytes, 567 header bytes  	[MsgId: MMSG-26386]
vuser_init.c(21): Notify: Transaction "PetStore_LaunchPetStore_T01" ended with a "Pass" status (Duration: 0.7857 Wasted Time: 0.0008).	[MsgId: MMSG-16871]
vuser_init.c(23): lr_think_time: 4.51 seconds (recorded think time was 5.00 seconds).	[MsgId: MMSG-15947]
vuser_init.c(29): Registered web_reg_find successful for "Text=OctoPerf" (count=1)  	[MsgId: MMSG-26364]
vuser_init.c(29): web_url("Catalog.action") was successful, 63413 body bytes, 4260 header bytes  	[MsgId: MMSG-26386]
vuser_init.c(37): Notify: Transaction "PetStore_EnterToPetStore_T02" ended with a "Pass" status (Duration: 0.4961 Wasted Time: 0.0001).	[MsgId: MMSG-16871]
vuser_init.c(39): lr_think_time: 4.84 seconds (recorded think time was 5.00 seconds).	[MsgId: MMSG-15947]
Virtual User Script started at: 20-Oct-25 2:07:53 PM	[MsgId: MMSG-15967]
Starting action vuser_init.	[MsgId: MMSG-15919]
Web Turbo Replay of LoadRunner 2022.0.0 for Windows 2019; build 605 (Mar 08 2022 19:29:30)  	[MsgId: MMSG-26983]
Run mode: HTML  	[MsgId: MMSG-26993]
Replay user agent: Mozilla/5.0 (compatible; MSIE 10.0; Windows NT 6.1; Trident/6.0)  	[MsgId: MMSG-26988]
Runtime Settings file: "C:\Users\Administrator\AppData\Local\Temp\2\lr5tmpdirRkj.332\lrcfgK9l.344\cfgUrG.347"  	[MsgId: MMSG-27141]
vuser_init.c(3): Script Started	[MsgId: MMSG-17999]
vuser_init.c(4): web_cleanup_cookies started  	[MsgId: MMSG-26355]
vuser_init.c(4): web_cleanup_cookies was successful  	[MsgId: MMSG-26392]
vuser_init.c(5): web_cache_cleanup started  	[MsgId: MMSG-26355]
vuser_init.c(5): web_cache_cleanup was successful  	[MsgId: MMSG-26392]
vuser_init.c(6): web_cleanup_auto_headers started  	[MsgId: MMSG-26355]
vuser_init.c(6): web_cleanup_auto_headers was successful  	[MsgId: MMSG-26392]
vuser_init.c(7): web_set_sockets_option started  	[MsgId: MMSG-26355]
vuser_init.c(7): web_set_sockets_option was successful  	[MsgId: MMSG-26392]
vuser_init.c(9): Notify: Transaction "PetStore_LaunchPetStore_T01" started.	[MsgId: MMSG-16999]
vuser_init.c(11): web_reg_find started  	[MsgId: MMSG-26355]
vuser_init.c(11): Registering web_reg_find was successful  	[MsgId: MMSG-26390]
vuser_init.c(13): web_url("petstore.octoperf.com") started  	[MsgId: MMSG-26355]
vuser_init.c(25): Notify: Transaction "PetStore_EnterToPetStore_T02" started.	[MsgId: MMSG-16999]
vuser_init.c(26): web_reg_find started  	[MsgId: MMSG-26355]
vuser_init.c(26): Registering web_reg_find was successful  	[MsgId: MMSG-26390]
vuser_init.c(29): web_url("Catalog.action") started  	[MsgId: MMSG-26355]
vuser_init.c(29): Resource "https://petstore.octoperf.com/css/jpetstore.css" is in the cache already and will not be downloaded again  	[MsgId: MMSG-26655]
vuser_init.c(29): Found resource "https://petstore.octoperf.com/images/logo-topbar.svg" in HTML "https://petstore.octoperf.com/actions/Catalog.action"  	[MsgId: MMSG-26659]
vuser_init.c(29): Found resource "https://petstore.octoperf.com/images/cart.gif" in HTML "https://petstore.octoperf.com/actions/Catalog.action"  	[MsgId: MMSG-26659]
vuser_init.c(29): Found resource "https://petstore.octoperf.com/images/separator.gif" in HTML "https://petstore.octoperf.com/actions/Catalog.action"  	[MsgId: MMSG-26659]
vuser_init.c(29): Found resource "https://petstore.octoperf.com/images/sm_fish.gif" in HTML "https://petstore.octoperf.com/actions/Catalog.action"  	[MsgId: MMSG-26659]
vuser_init.c(29): Found resource "https://petstore.octoperf.com/images/sm_dogs.gif" in HTML "https://petstore.octoperf.com/actions/Catalog.action"  	[MsgId: MMSG-26659]
vuser_init.c(29): Found resource "https://petstore.octoperf.com/images/sm_reptiles.gif" in HTML "https://petstore.octoperf.com/actions/Catalog.action"  	[MsgId: MMSG-26659]
vuser_init.c(29): Found resource "https://petstore.octoperf.com/images/sm_cats.gif" in HTML "https://petstore.octoperf.com/actions/Catalog.action"  	[MsgId: MMSG-26659]
vuser_init.c(29): Found resource "https://petstore.octoperf.com/images/sm_birds.gif" in HTML "https://petstore.octoperf.com/actions/Catalog.action"  	[MsgId: MMSG-26659]
vuser_init.c(29): Found resource "https://petstore.octoperf.com/images/fish_icon.gif" in HTML "https://petstore.octoperf.com/actions/Catalog.action"  	[MsgId: MMSG-26659]
vuser_init.c(29): Found resource "https://petstore.octoperf.com/images/dogs_icon.gif" in HTML "https://petstore.octoperf.com/actions/Catalog.action"  	[MsgId: MMSG-26659]
vuser_init.c(29): Found resource "https://petstore.octoperf.com/images/cats_icon.gif" in HTML "https://petstore.octoperf.com/actions/Catalog.action"  	[MsgId: MMSG-26659]
vuser_init.c(29): Found resource "https://petstore.octoperf.com/images/reptiles_icon.gif" in HTML "https://petstore.octoperf.com/actions/Catalog.action"  	[MsgId: MMSG-26659]
vuser_init.c(29): Found resource "https://petstore.octoperf.com/images/birds_icon.gif" in HTML "https://petstore.octoperf.com/actions/Catalog.action"  	[MsgId: MMSG-26659]
vuser_init.c(29): Found resource "https://petstore.octoperf.com/images/splash.gif" in HTML "https://petstore.octoperf.com/actions/Catalog.action"  	[MsgId: MMSG-26659]
vuser_init.c(41): Notify: Transaction "PetStore_ClickOnSignIn_T03" started.	[MsgId: MMSG-16999]
vuser_init.c(43): web_reg_find started  	[MsgId: MMSG-26355]
vuser_init.c(43): Registering web_reg_find was successful  	[MsgId: MMSG-26390]
vuser_init.c(46): web_link("Sign In") started  	[MsgId: MMSG-26355]
vuser_init.c(46): Linking to "https://petstore.octoperf.com/actions/Account.action;jsessionid=B64F205AC5658FB980273C8CA5A63C58?signonForm=", Target Frame=""  	[MsgId: MMSG-27994]
vuser_init.c(13): Found resource "https://petstore.octoperf.com/css/jpetstore.css" in HTML "https://petstore.octoperf.com/"  	[MsgId: MMSG-26659]
vuser_init.c(29): Registered web_reg_find successful for "Text=OctoPerf" (count=1)  	[MsgId: MMSG-26364]
vuser_init.c(29): web_url("Catalog.action") was successful, 63413 body bytes, 4260 header bytes  	[MsgId: MMSG-26386]
vuser_init.c(37): Notify: Transaction "PetStore_EnterToPetStore_T02" ended with a "Pass" status (Duration: 0.4957 Wasted Time: 0.0001).	[MsgId: MMSG-16871]
vuser_init.c(39): lr_think_time: 4.71 seconds (recorded think time was 5.00 seconds).	[MsgId: MMSG-15947]
vuser_init.c(46): Resource "https://petstore.octoperf.com/css/jpetstore.css" is in the cache already and will not be downloaded again  	[MsgId: MMSG-26655]
vuser_init.c(46): Resource "https://petstore.octoperf.com/images/logo-topbar.svg" is in the cache already and will not be downloaded again  	[MsgId: MMSG-26655]
vuser_init.c(46): Resource "https://petstore.octoperf.com/images/cart.gif" is in the cache already and will not be downloaded again  	[MsgId: MMSG-26655]
vuser_init.c(46): Resource "https://petstore.octoperf.com/images/separator.gif" is in the cache already and will not be downloaded again  	[MsgId: MMSG-26655]
vuser_init.c(46): Resource "https://petstore.octoperf.com/images/sm_fish.gif" is in the cache already and will not be downloaded again  	[MsgId: MMSG-26655]
vuser_init.c(46): Resource "https://petstore.octoperf.com/images/sm_dogs.gif" is in the cache already and will not be downloaded again  	[MsgId: MMSG-26655]
vuser_init.c(46): Resource "https://petstore.octoperf.com/images/sm_reptiles.gif" is in the cache already and will not be downloaded again  	[MsgId: MMSG-26655]
vuser_init.c(46): Resource "https://petstore.octoperf.com/images/sm_cats.gif" is in the cache already and will not be downloaded again  	[MsgId: MMSG-26655]
vuser_init.c(46): Resource "https://petstore.octoperf.com/images/sm_birds.gif" is in the cache already and will not be downloaded again  	[MsgId: MMSG-26655]
vuser_init.c(46): Registered web_reg_find successful for "Text=Please enter your username and password" (count=1)  	[MsgId: MMSG-26364]
vuser_init.c(46): web_link("Sign In") was successful, 3860 body bytes, 225 header bytes  	[MsgId: MMSG-26386]
vuser_init.c(51): Notify: Transaction "PetStore_ClickOnSignIn_T03" ended with a "Pass" status (Duration: 0.1249 Wasted Time: 0.0000).	[MsgId: MMSG-16871]
Ending action vuser_init.	[MsgId: MMSG-15918]
Running Vuser...	[MsgId: MMSG-15964]
vuser_init.c(13): Registered web_reg_find successful for "Text=Welcome to JPetStore 6" (count=1)  	[MsgId: MMSG-26364]
vuser_init.c(13): web_url("petstore.octoperf.com") was successful, 7129 body bytes, 567 header bytes  	[MsgId: MMSG-26386]
vuser_init.c(21): Notify: Transaction "PetStore_LaunchPetStore_T01" ended with a "Pass" status (Duration: 0.7911 Wasted Time: 0.0007).	[MsgId: MMSG-16871]
vuser_init.c(23): lr_think_time: 2.89 seconds (recorded think time was 5.00 seconds).	[MsgId: MMSG-15947]
vuser_init.c(25): Notify: Transaction "PetStore_EnterToPetStore_T02" started.	[MsgId: MMSG-16999]
vuser_init.c(26): web_reg_find started  	[MsgId: MMSG-26355]
vuser_init.c(26): Registering web_reg_find was successful  	[MsgId: MMSG-26390]
vuser_init.c(29): web_url("Catalog.action") started  	[MsgId: MMSG-26355]
vuser_init.c(29): Resource "https://petstore.octoperf.com/css/jpetstore.css" is in the cache already and will not be downloaded again  	[MsgId: MMSG-26655]
vuser_init.c(29): Found resource "https://petstore.octoperf.com/images/logo-topbar.svg" in HTML "https://petstore.octoperf.com/actions/Catalog.action"  	[MsgId: MMSG-26659]
vuser_init.c(29): Found resource "https://petstore.octoperf.com/images/cart.gif" in HTML "https://petstore.octoperf.com/actions/Catalog.action"  	[MsgId: MMSG-26659]
vuser_init.c(29): Found resource "https://petstore.octoperf.com/images/separator.gif" in HTML "https://petstore.octoperf.com/actions/Catalog.action"  	[MsgId: MMSG-26659]
vuser_init.c(29): Found resource "https://petstore.octoperf.com/images/sm_fish.gif" in HTML "https://petstore.octoperf.com/actions/Catalog.action"  	[MsgId: MMSG-26659]
vuser_init.c(29): Found resource "https://petstore.octoperf.com/images/sm_dogs.gif" in HTML "https://petstore.octoperf.com/actions/Catalog.action"  	[MsgId: MMSG-26659]
vuser_init.c(29): Found resource "https://petstore.octoperf.com/images/sm_reptiles.gif" in HTML "https://petstore.octoperf.com/actions/Catalog.action"  	[MsgId: MMSG-26659]
vuser_init.c(29): Found resource "https://petstore.octoperf.com/images/sm_cats.gif" in HTML "https://petstore.octoperf.com/actions/Catalog.action"  	[MsgId: MMSG-26659]
vuser_init.c(29): Found resource "https://petstore.octoperf.com/images/sm_birds.gif" in HTML "https://petstore.octoperf.com/actions/Catalog.action"  	[MsgId: MMSG-26659]
vuser_init.c(29): Found resource "https://petstore.octoperf.com/images/fish_icon.gif" in HTML "https://petstore.octoperf.com/actions/Catalog.action"  	[MsgId: MMSG-26659]
vuser_init.c(29): Found resource "https://petstore.octoperf.com/images/dogs_icon.gif" in HTML "https://petstore.octoperf.com/actions/Catalog.action"  	[MsgId: MMSG-26659]
vuser_init.c(29): Found resource "https://petstore.octoperf.com/images/cats_icon.gif" in HTML "https://petstore.octoperf.com/actions/Catalog.action"  	[MsgId: MMSG-26659]
vuser_init.c(29): Found resource "https://petstore.octoperf.com/images/reptiles_icon.gif" in HTML "https://petstore.octoperf.com/actions/Catalog.action"  	[MsgId: MMSG-26659]
vuser_init.c(29): Found resource "https://petstore.octoperf.com/images/birds_icon.gif" in HTML "https://petstore.octoperf.com/actions/Catalog.action"  	[MsgId: MMSG-26659]
vuser_init.c(29): Found resource "https://petstore.octoperf.com/images/splash.gif" in HTML "https://petstore.octoperf.com/actions/Catalog.action"  	[MsgId: MMSG-26659]
vuser_init.c(29): Registered web_reg_find successful for "Text=OctoPerf" (count=1)  	[MsgId: MMSG-26364]
vuser_init.c(29): web_url("Catalog.action") was successful, 63413 body bytes, 4260 header bytes  	[MsgId: MMSG-26386]
vuser_init.c(37): Notify: Transaction "PetStore_EnterToPetStore_T02" ended with a "Pass" status (Duration: 0.4981 Wasted Time: 0.0002).	[MsgId: MMSG-16871]
vuser_init.c(39): lr_think_time: 2.82 seconds (recorded think time was 5.00 seconds).	[MsgId: MMSG-15947]
Virtual User Script started at: 20-Oct-25 2:07:58 PM	[MsgId: MMSG-15967]
Starting action vuser_init.	[MsgId: MMSG-15919]
Web Turbo Replay of LoadRunner 2022.0.0 for Windows 2019; build 605 (Mar 08 2022 19:29:30)  	[MsgId: MMSG-26983]
Run mode: HTML  	[MsgId: MMSG-26993]
Replay user agent: Mozilla/5.0 (compatible; MSIE 10.0; Windows NT 6.1; Trident/6.0)  	[MsgId: MMSG-26988]
Runtime Settings file: "C:\Users\Administrator\AppData\Local\Temp\2\lr5tmpdirRkj.332\lrcfgK9l.344\cfgUrG.347"  	[MsgId: MMSG-27141]
vuser_init.c(3): Script Started	[MsgId: MMSG-17999]
vuser_init.c(4): web_cleanup_cookies started  	[MsgId: MMSG-26355]
vuser_init.c(4): web_cleanup_cookies was successful  	[MsgId: MMSG-26392]
vuser_init.c(5): web_cache_cleanup started  	[MsgId: MMSG-26355]
vuser_init.c(5): web_cache_cleanup was successful  	[MsgId: MMSG-26392]
vuser_init.c(6): web_cleanup_auto_headers started  	[MsgId: MMSG-26355]
vuser_init.c(6): web_cleanup_auto_headers was successful  	[MsgId: MMSG-26392]
vuser_init.c(7): web_set_sockets_option started  	[MsgId: MMSG-26355]
vuser_init.c(7): web_set_sockets_option was successful  	[MsgId: MMSG-26392]
vuser_init.c(9): Notify: Transaction "PetStore_LaunchPetStore_T01" started.	[MsgId: MMSG-16999]
vuser_init.c(11): web_reg_find started  	[MsgId: MMSG-26355]
vuser_init.c(11): Registering web_reg_find was successful  	[MsgId: MMSG-26390]
vuser_init.c(13): web_url("petstore.octoperf.com") started  	[MsgId: MMSG-26355]
vuser_init.c(41): Notify: Transaction "PetStore_ClickOnSignIn_T03" started.	[MsgId: MMSG-16999]
vuser_init.c(43): web_reg_find started  	[MsgId: MMSG-26355]
vuser_init.c(43): Registering web_reg_find was successful  	[MsgId: MMSG-26390]
vuser_init.c(46): web_link("Sign In") started  	[MsgId: MMSG-26355]
vuser_init.c(46): Linking to "https://petstore.octoperf.com/actions/Account.action;jsessionid=F2A4AFE6DB6A3FE2777C0428070D36DD?signonForm=", Target Frame=""  	[MsgId: MMSG-27994]
vuser_init.c(46): Resource "https://petstore.octoperf.com/css/jpetstore.css" is in the cache already and will not be downloaded again  	[MsgId: MMSG-26655]
vuser_init.c(46): Resource "https://petstore.octoperf.com/images/logo-topbar.svg" is in the cache already and will not be downloaded again  	[MsgId: MMSG-26655]
vuser_init.c(46): Resource "https://petstore.octoperf.com/images/cart.gif" is in the cache already and will not be downloaded again  	[MsgId: MMSG-26655]
vuser_init.c(46): Resource "https://petstore.octoperf.com/images/separator.gif" is in the cache already and will not be downloaded again  	[MsgId: MMSG-26655]
vuser_init.c(46): Resource "https://petstore.octoperf.com/images/sm_fish.gif" is in the cache already and will not be downloaded again  	[MsgId: MMSG-26655]
vuser_init.c(46): Resource "https://petstore.octoperf.com/images/sm_dogs.gif" is in the cache already and will not be downloaded again  	[MsgId: MMSG-26655]
vuser_init.c(46): Resource "https://petstore.octoperf.com/images/sm_reptiles.gif" is in the cache already and will not be downloaded again  	[MsgId: MMSG-26655]
vuser_init.c(46): Resource "https://petstore.octoperf.com/images/sm_cats.gif" is in the cache already and will not be downloaded again  	[MsgId: MMSG-26655]
vuser_init.c(46): Resource "https://petstore.octoperf.com/images/sm_birds.gif" is in the cache already and will not be downloaded again  	[MsgId: MMSG-26655]
vuser_init.c(46): Registered web_reg_find successful for "Text=Please enter your username and password" (count=1)  	[MsgId: MMSG-26364]
vuser_init.c(46): web_link("Sign In") was successful, 3860 body bytes, 225 header bytes  	[MsgId: MMSG-26386]
vuser_init.c(51): Notify: Transaction "PetStore_ClickOnSignIn_T03" ended with a "Pass" status (Duration: 0.1251 Wasted Time: 0.0000).	[MsgId: MMSG-16871]
Ending action vuser_init.	[MsgId: MMSG-15918]
Running Vuser...	[MsgId: MMSG-15964]
vuser_init.c(13): Found resource "https://petstore.octoperf.com/css/jpetstore.css" in HTML "https://petstore.octoperf.com/"  	[MsgId: MMSG-26659]
vuser_init.c(13): Registered web_reg_find successful for "Text=Welcome to JPetStore 6" (count=1)  	[MsgId: MMSG-26364]
vuser_init.c(13): web_url("petstore.octoperf.com") was successful, 7129 body bytes, 567 header bytes  	[MsgId: MMSG-26386]
vuser_init.c(21): Notify: Transaction "PetStore_LaunchPetStore_T01" ended with a "Pass" status (Duration: 0.7889 Wasted Time: 0.0007).	[MsgId: MMSG-16871]
vuser_init.c(23): lr_think_time: 3.53 seconds (recorded think time was 5.00 seconds).	[MsgId: MMSG-15947]
vuser_init.c(41): Notify: Transaction "PetStore_ClickOnSignIn_T03" started.	[MsgId: MMSG-16999]
vuser_init.c(43): web_reg_find started  	[MsgId: MMSG-26355]
vuser_init.c(43): Registering web_reg_find was successful  	[MsgId: MMSG-26390]
vuser_init.c(46): web_link("Sign In") started  	[MsgId: MMSG-26355]
vuser_init.c(46): Linking to "https://petstore.octoperf.com/actions/Account.action;jsessionid=BDF952A04B724FAF1158C85F256CBD67?signonForm=", Target Frame=""  	[MsgId: MMSG-27994]
vuser_init.c(46): Resource "https://petstore.octoperf.com/css/jpetstore.css" is in the cache already and will not be downloaded again  	[MsgId: MMSG-26655]
vuser_init.c(46): Resource "https://petstore.octoperf.com/images/logo-topbar.svg" is in the cache already and will not be downloaded again  	[MsgId: MMSG-26655]
vuser_init.c(46): Resource "https://petstore.octoperf.com/images/cart.gif" is in the cache already and will not be downloaded again  	[MsgId: MMSG-26655]
vuser_init.c(46): Resource "https://petstore.octoperf.com/images/separator.gif" is in the cache already and will not be downloaded again  	[MsgId: MMSG-26655]
vuser_init.c(46): Resource "https://petstore.octoperf.com/images/sm_fish.gif" is in the cache already and will not be downloaded again  	[MsgId: MMSG-26655]
vuser_init.c(46): Resource "https://petstore.octoperf.com/images/sm_dogs.gif" is in the cache already and will not be downloaded again  	[MsgId: MMSG-26655]
vuser_init.c(46): Resource "https://petstore.octoperf.com/images/sm_reptiles.gif" is in the cache already and will not be downloaded again  	[MsgId: MMSG-26655]
vuser_init.c(46): Resource "https://petstore.octoperf.com/images/sm_cats.gif" is in the cache already and will not be downloaded again  	[MsgId: MMSG-26655]
vuser_init.c(46): Resource "https://petstore.octoperf.com/images/sm_birds.gif" is in the cache already and will not be downloaded again  	[MsgId: MMSG-26655]
vuser_init.c(46): Registered web_reg_find successful for "Text=Please enter your username and password" (count=1)  	[MsgId: MMSG-26364]
vuser_init.c(46): web_link("Sign In") was successful, 3856 body bytes, 225 header bytes  	[MsgId: MMSG-26386]
vuser_init.c(51): Notify: Transaction "PetStore_ClickOnSignIn_T03" ended with a "Pass" status (Duration: 0.1253 Wasted Time: 0.0000).	[MsgId: MMSG-16871]
Ending action vuser_init.	[MsgId: MMSG-15918]
Running Vuser...	[MsgId: MMSG-15964]
vuser_init.c(25): Notify: Transaction "PetStore_EnterToPetStore_T02" started.	[MsgId: MMSG-16999]
vuser_init.c(26): web_reg_find started  	[MsgId: MMSG-26355]
vuser_init.c(26): Registering web_reg_find was successful  	[MsgId: MMSG-26390]
vuser_init.c(29): web_url("Catalog.action") started  	[MsgId: MMSG-26355]
vuser_init.c(29): Resource "https://petstore.octoperf.com/css/jpetstore.css" is in the cache already and will not be downloaded again  	[MsgId: MMSG-26655]
vuser_init.c(29): Found resource "https://petstore.octoperf.com/images/logo-topbar.svg" in HTML "https://petstore.octoperf.com/actions/Catalog.action"  	[MsgId: MMSG-26659]
vuser_init.c(29): Found resource "https://petstore.octoperf.com/images/cart.gif" in HTML "https://petstore.octoperf.com/actions/Catalog.action"  	[MsgId: MMSG-26659]
vuser_init.c(29): Found resource "https://petstore.octoperf.com/images/separator.gif" in HTML "https://petstore.octoperf.com/actions/Catalog.action"  	[MsgId: MMSG-26659]
vuser_init.c(29): Found resource "https://petstore.octoperf.com/images/sm_fish.gif" in HTML "https://petstore.octoperf.com/actions/Catalog.action"  	[MsgId: MMSG-26659]
vuser_init.c(29): Found resource "https://petstore.octoperf.com/images/sm_dogs.gif" in HTML "https://petstore.octoperf.com/actions/Catalog.action"  	[MsgId: MMSG-26659]
vuser_init.c(29): Found resource "https://petstore.octoperf.com/images/sm_reptiles.gif" in HTML "https://petstore.octoperf.com/actions/Catalog.action"  	[MsgId: MMSG-26659]
vuser_init.c(29): Found resource "https://petstore.octoperf.com/images/sm_cats.gif" in HTML "https://petstore.octoperf.com/actions/Catalog.action"  	[MsgId: MMSG-26659]
vuser_init.c(29): Found resource "https://petstore.octoperf.com/images/sm_birds.gif" in HTML "https://petstore.octoperf.com/actions/Catalog.action"  	[MsgId: MMSG-26659]
vuser_init.c(29): Found resource "https://petstore.octoperf.com/images/fish_icon.gif" in HTML "https://petstore.octoperf.com/actions/Catalog.action"  	[MsgId: MMSG-26659]
vuser_init.c(29): Found resource "https://petstore.octoperf.com/images/dogs_icon.gif" in HTML "https://petstore.octoperf.com/actions/Catalog.action"  	[MsgId: MMSG-26659]
vuser_init.c(29): Found resource "https://petstore.octoperf.com/images/cats_icon.gif" in HTML "https://petstore.octoperf.com/actions/Catalog.action"  	[MsgId: MMSG-26659]
vuser_init.c(29): Found resource "https://petstore.octoperf.com/images/reptiles_icon.gif" in HTML "https://petstore.octoperf.com/actions/Catalog.action"  	[MsgId: MMSG-26659]
vuser_init.c(29): Found resource "https://petstore.octoperf.com/images/birds_icon.gif" in HTML "https://petstore.octoperf.com/actions/Catalog.action"  	[MsgId: MMSG-26659]
vuser_init.c(29): Found resource "https://petstore.octoperf.com/images/splash.gif" in HTML "https://petstore.octoperf.com/actions/Catalog.action"  	[MsgId: MMSG-26659]
vuser_init.c(29): Registered web_reg_find successful for "Text=OctoPerf" (count=1)  	[MsgId: MMSG-26364]
vuser_init.c(29): web_url("Catalog.action") was successful, 63413 body bytes, 4260 header bytes  	[MsgId: MMSG-26386]
vuser_init.c(37): Notify: Transaction "PetStore_EnterToPetStore_T02" ended with a "Pass" status (Duration: 0.5099 Wasted Time: 0.0001).	[MsgId: MMSG-16871]
vuser_init.c(39): lr_think_time: 4.14 seconds (recorded think time was 5.00 seconds).	[MsgId: MMSG-15947]
Virtual User Script started at: 20-Oct-25 2:08:03 PM	[MsgId: MMSG-15967]
Starting action vuser_init.	[MsgId: MMSG-15919]
Web Turbo Replay of LoadRunner 2022.0.0 for Windows 2019; build 605 (Mar 08 2022 19:29:30)  	[MsgId: MMSG-26983]
Run mode: HTML  	[MsgId: MMSG-26993]
Replay user agent: Mozilla/5.0 (compatible; MSIE 10.0; Windows NT 6.1; Trident/6.0)  	[MsgId: MMSG-26988]
Runtime Settings file: "C:\Users\Administrator\AppData\Local\Temp\2\lr5tmpdirRkj.332\lrcfgK9l.344\cfgUrG.347"  	[MsgId: MMSG-27141]
vuser_init.c(3): Script Started	[MsgId: MMSG-17999]
vuser_init.c(4): web_cleanup_cookies started  	[MsgId: MMSG-26355]
vuser_init.c(4): web_cleanup_cookies was successful  	[MsgId: MMSG-26392]
vuser_init.c(5): web_cache_cleanup started  	[MsgId: MMSG-26355]
vuser_init.c(5): web_cache_cleanup was successful  	[MsgId: MMSG-26392]
vuser_init.c(6): web_cleanup_auto_headers started  	[MsgId: MMSG-26355]
vuser_init.c(6): web_cleanup_auto_headers was successful  	[MsgId: MMSG-26392]
vuser_init.c(7): web_set_sockets_option started  	[MsgId: MMSG-26355]
vuser_init.c(7): web_set_sockets_option was successful  	[MsgId: MMSG-26392]
vuser_init.c(9): Notify: Transaction "PetStore_LaunchPetStore_T01" started.	[MsgId: MMSG-16999]
vuser_init.c(11): web_reg_find started  	[MsgId: MMSG-26355]
vuser_init.c(11): Registering web_reg_find was successful  	[MsgId: MMSG-26390]
vuser_init.c(13): web_url("petstore.octoperf.com") started  	[MsgId: MMSG-26355]
vuser_init.c(13): Found resource "https://petstore.octoperf.com/css/jpetstore.css" in HTML "https://petstore.octoperf.com/"  	[MsgId: MMSG-26659]
vuser_init.c(13): Registered web_reg_find successful for "Text=Welcome to JPetStore 6" (count=1)  	[MsgId: MMSG-26364]
vuser_init.c(13): web_url("petstore.octoperf.com") was successful, 7129 body bytes, 567 header bytes  	[MsgId: MMSG-26386]
vuser_init.c(21): Notify: Transaction "PetStore_LaunchPetStore_T01" ended with a "Pass" status (Duration: 0.7921 Wasted Time: 0.0007).	[MsgId: MMSG-16871]
vuser_init.c(23): lr_think_time: 4.12 seconds (recorded think time was 5.00 seconds).	[MsgId: MMSG-15947]
vuser_init.c(41): Notify: Transaction "PetStore_ClickOnSignIn_T03" started.	[MsgId: MMSG-16999]
vuser_init.c(43): web_reg_find started  	[MsgId: MMSG-26355]
vuser_init.c(43): Registering web_reg_find was successful  	[MsgId: MMSG-26390]
vuser_init.c(46): web_link("Sign In") started  	[MsgId: MMSG-26355]
vuser_init.c(46): Linking to "https://petstore.octoperf.com/actions/Account.action;jsessionid=3F40AF3FB2F17F5504D2D093FB39E43F?signonForm=", Target Frame=""  	[MsgId: MMSG-27994]
vuser_init.c(46): Resource "https://petstore.octoperf.com/css/jpetstore.css" is in the cache already and will not be downloaded again  	[MsgId: MMSG-26655]
vuser_init.c(46): Resource "https://petstore.octoperf.com/images/logo-topbar.svg" is in the cache already and will not be downloaded again  	[MsgId: MMSG-26655]
vuser_init.c(46): Resource "https://petstore.octoperf.com/images/cart.gif" is in the cache already and will not be downloaded again  	[MsgId: MMSG-26655]
vuser_init.c(46): Resource "https://petstore.octoperf.com/images/separator.gif" is in the cache already and will not be downloaded again  	[MsgId: MMSG-26655]
vuser_init.c(46): Resource "https://petstore.octoperf.com/images/sm_fish.gif" is in the cache already and will not be downloaded again  	[MsgId: MMSG-26655]
vuser_init.c(46): Resource "https://petstore.octoperf.com/images/sm_dogs.gif" is in the cache already and will not be downloaded again  	[MsgId: MMSG-26655]
vuser_init.c(46): Resource "https://petstore.octoperf.com/images/sm_reptiles.gif" is in the cache already and will not be downloaded again  	[MsgId: MMSG-26655]
vuser_init.c(46): Resource "https://petstore.octoperf.com/images/sm_cats.gif" is in the cache already and will not be downloaded again  	[MsgId: MMSG-26655]
vuser_init.c(46): Resource "https://petstore.octoperf.com/images/sm_birds.gif" is in the cache already and will not be downloaded again  	[MsgId: MMSG-26655]
vuser_init.c(46): Registered web_reg_find successful for "Text=Please enter your username and password" (count=1)  	[MsgId: MMSG-26364]
vuser_init.c(46): web_link("Sign In") was successful, 3860 body bytes, 225 header bytes  	[MsgId: MMSG-26386]
vuser_init.c(51): Notify: Transaction "PetStore_ClickOnSignIn_T03" ended with a "Pass" status (Duration: 0.1250 Wasted Time: 0.0000).	[MsgId: MMSG-16871]
Ending action vuser_init.	[MsgId: MMSG-15918]
Running Vuser...	[MsgId: MMSG-15964]
vuser_init.c(25): Notify: Transaction "PetStore_EnterToPetStore_T02" started.	[MsgId: MMSG-16999]
vuser_init.c(26): web_reg_find started  	[MsgId: MMSG-26355]
vuser_init.c(26): Registering web_reg_find was successful  	[MsgId: MMSG-26390]
vuser_init.c(29): web_url("Catalog.action") started  	[MsgId: MMSG-26355]
vuser_init.c(29): Resource "https://petstore.octoperf.com/css/jpetstore.css" is in the cache already and will not be downloaded again  	[MsgId: MMSG-26655]
vuser_init.c(29): Found resource "https://petstore.octoperf.com/images/logo-topbar.svg" in HTML "https://petstore.octoperf.com/actions/Catalog.action"  	[MsgId: MMSG-26659]
vuser_init.c(29): Found resource "https://petstore.octoperf.com/images/cart.gif" in HTML "https://petstore.octoperf.com/actions/Catalog.action"  	[MsgId: MMSG-26659]
vuser_init.c(29): Found resource "https://petstore.octoperf.com/images/separator.gif" in HTML "https://petstore.octoperf.com/actions/Catalog.action"  	[MsgId: MMSG-26659]
vuser_init.c(29): Found resource "https://petstore.octoperf.com/images/sm_fish.gif" in HTML "https://petstore.octoperf.com/actions/Catalog.action"  	[MsgId: MMSG-26659]
vuser_init.c(29): Found resource "https://petstore.octoperf.com/images/sm_dogs.gif" in HTML "https://petstore.octoperf.com/actions/Catalog.action"  	[MsgId: MMSG-26659]
vuser_init.c(29): Found resource "https://petstore.octoperf.com/images/sm_reptiles.gif" in HTML "https://petstore.octoperf.com/actions/Catalog.action"  	[MsgId: MMSG-26659]
vuser_init.c(29): Found resource "https://petstore.octoperf.com/images/sm_cats.gif" in HTML "https://petstore.octoperf.com/actions/Catalog.action"  	[MsgId: MMSG-26659]
vuser_init.c(29): Found resource "https://petstore.octoperf.com/images/sm_birds.gif" in HTML "https://petstore.octoperf.com/actions/Catalog.action"  	[MsgId: MMSG-26659]
vuser_init.c(29): Found resource "https://petstore.octoperf.com/images/fish_icon.gif" in HTML "https://petstore.octoperf.com/actions/Catalog.action"  	[MsgId: MMSG-26659]
vuser_init.c(29): Found resource "https://petstore.octoperf.com/images/dogs_icon.gif" in HTML "https://petstore.octoperf.com/actions/Catalog.action"  	[MsgId: MMSG-26659]
vuser_init.c(29): Found resource "https://petstore.octoperf.com/images/cats_icon.gif" in HTML "https://petstore.octoperf.com/actions/Catalog.action"  	[MsgId: MMSG-26659]
vuser_init.c(29): Found resource "https://petstore.octoperf.com/images/reptiles_icon.gif" in HTML "https://petstore.octoperf.com/actions/Catalog.action"  	[MsgId: MMSG-26659]
vuser_init.c(29): Found resource "https://petstore.octoperf.com/images/birds_icon.gif" in HTML "https://petstore.octoperf.com/actions/Catalog.action"  	[MsgId: MMSG-26659]
vuser_init.c(29): Found resource "https://petstore.octoperf.com/images/splash.gif" in HTML "https://petstore.octoperf.com/actions/Catalog.action"  	[MsgId: MMSG-26659]
vuser_init.c(29): Registered web_reg_find successful for "Text=OctoPerf" (count=1)  	[MsgId: MMSG-26364]
vuser_init.c(29): web_url("Catalog.action") was successful, 63413 body bytes, 4260 header bytes  	[MsgId: MMSG-26386]
vuser_init.c(37): Notify: Transaction "PetStore_EnterToPetStore_T02" ended with a "Pass" status (Duration: 0.5005 Wasted Time: 0.0002).	[MsgId: MMSG-16871]
vuser_init.c(39): lr_think_time: 4.99 seconds (recorded think time was 5.00 seconds).	[MsgId: MMSG-15947]
vuser_init.c(41): Notify: Transaction "PetStore_ClickOnSignIn_T03" started.	[MsgId: MMSG-16999]
vuser_init.c(43): web_reg_find started  	[MsgId: MMSG-26355]
vuser_init.c(43): Registering web_reg_find was successful  	[MsgId: MMSG-26390]
vuser_init.c(46): web_link("Sign In") started  	[MsgId: MMSG-26355]
vuser_init.c(46): Linking to "https://petstore.octoperf.com/actions/Account.action;jsessionid=E907EEB17482B2865F277F710C2C6E91?signonForm=", Target Frame=""  	[MsgId: MMSG-27994]
vuser_init.c(46): Resource "https://petstore.octoperf.com/css/jpetstore.css" is in the cache already and will not be downloaded again  	[MsgId: MMSG-26655]
vuser_init.c(46): Resource "https://petstore.octoperf.com/images/logo-topbar.svg" is in the cache already and will not be downloaded again  	[MsgId: MMSG-26655]
vuser_init.c(46): Resource "https://petstore.octoperf.com/images/cart.gif" is in the cache already and will not be downloaded again  	[MsgId: MMSG-26655]
vuser_init.c(46): Resource "https://petstore.octoperf.com/images/separator.gif" is in the cache already and will not be downloaded again  	[MsgId: MMSG-26655]
vuser_init.c(46): Resource "https://petstore.octoperf.com/images/sm_fish.gif" is in the cache already and will not be downloaded again  	[MsgId: MMSG-26655]
vuser_init.c(46): Resource "https://petstore.octoperf.com/images/sm_dogs.gif" is in the cache already and will not be downloaded again  	[MsgId: MMSG-26655]
vuser_init.c(46): Resource "https://petstore.octoperf.com/images/sm_reptiles.gif" is in the cache already and will not be downloaded again  	[MsgId: MMSG-26655]
vuser_init.c(46): Resource "https://petstore.octoperf.com/images/sm_cats.gif" is in the cache already and will not be downloaded again  	[MsgId: MMSG-26655]
vuser_init.c(46): Resource "https://petstore.octoperf.com/images/sm_birds.gif" is in the cache already and will not be downloaded again  	[MsgId: MMSG-26655]
vuser_init.c(46): Registered web_reg_find successful for "Text=Please enter your username and password" (count=1)  	[MsgId: MMSG-26364]
vuser_init.c(46): web_link("Sign In") was successful, 3858 body bytes, 225 header bytes  	[MsgId: MMSG-26386]
vuser_init.c(51): Notify: Transaction "PetStore_ClickOnSignIn_T03" ended with a "Pass" status (Duration: 0.1257 Wasted Time: 0.0000).	[MsgId: MMSG-16871]
Ending action vuser_init.	[MsgId: MMSG-15918]
Running Vuser...	[MsgId: MMSG-15964]
Starting iteration 1.	[MsgId: MMSG-15968]
Warning -27077: The "vuser_init" section contains web function(s) when the "Simulate a new user on each iteration" Runtime Setting is ON.  This may produce unpredictable results with multiple iterations  	[MsgId: MWAR-27077]
Maximum number of concurrent connections per server: 6  	[MsgId: MMSG-26989]
Starting action Login.	[MsgId: MMSG-15919]
Registration.c(15): Notify: Transaction "PetStore_ClickOnRegistration_T01" started.	[MsgId: MMSG-16999]
Registration.c(17): web_reg_find started  	[MsgId: MMSG-26355]
Registration.c(17): Registering web_reg_find was successful  	[MsgId: MMSG-26390]
Registration.c(20): web_link("Register Now!") started  	[MsgId: MMSG-26355]
Registration.c(20): Linking to "https://petstore.octoperf.com/actions/Account.action?newAccountForm=", Target Frame=""  	[MsgId: MMSG-27994]
Registration.c(20): Resource "https://petstore.octoperf.com/css/jpetstore.css" is in the cache already and will not be downloaded again  	[MsgId: MMSG-26655]
Registration.c(20): Resource "https://petstore.octoperf.com/images/logo-topbar.svg" is in the cache already and will not be downloaded again  	[MsgId: MMSG-26655]
Registration.c(20): Resource "https://petstore.octoperf.com/images/cart.gif" is in the cache already and will not be downloaded again  	[MsgId: MMSG-26655]
Registration.c(20): Resource "https://petstore.octoperf.com/images/separator.gif" is in the cache already and will not be downloaded again  	[MsgId: MMSG-26655]
Registration.c(20): Resource "https://petstore.octoperf.com/images/sm_fish.gif" is in the cache already and will not be downloaded again  	[MsgId: MMSG-26655]
Registration.c(20): Resource "https://petstore.octoperf.com/images/sm_dogs.gif" is in the cache already and will not be downloaded again  	[MsgId: MMSG-26655]
Registration.c(20): Resource "https://petstore.octoperf.com/images/sm_reptiles.gif" is in the cache already and will not be downloaded again  	[MsgId: MMSG-26655]
Registration.c(20): Resource "https://petstore.octoperf.com/images/sm_cats.gif" is in the cache already and will not be downloaded again  	[MsgId: MMSG-26655]
Registration.c(20): Resource "https://petstore.octoperf.com/images/sm_birds.gif" is in the cache already and will not be downloaded again  	[MsgId: MMSG-26655]
Registration.c(20): Registered web_reg_find successful for "Text=User Information" (count=1)  	[MsgId: MMSG-26364]
Registration.c(20): web_link("Register Now!") was successful, 5819 body bytes, 225 header bytes  	[MsgId: MMSG-26386]
Registration.c(25): Notify: Transaction "PetStore_ClickOnRegistration_T01" ended with a "Pass" status (Duration: 0.1427 Wasted Time: 0.0000).	[MsgId: MMSG-16871]
Registration.c(27): lr_think_time: 4.14 seconds (recorded think time was 5.00 seconds).	[MsgId: MMSG-15947]
Starting iteration 1.	[MsgId: MMSG-15968]
Warning -27077: The "vuser_init" section contains web function(s) when the "Simulate a new user on each iteration" Runtime Setting is ON.  This may produce unpredictable results with multiple iterations  	[MsgId: MWAR-27077]
Maximum number of concurrent connections per server: 6  	[MsgId: MMSG-26989]
Starting action Login.	[MsgId: MMSG-15919]
Registration.c(15): Notify: Transaction "PetStore_ClickOnRegistration_T01" started.	[MsgId: MMSG-16999]
Registration.c(17): web_reg_find started  	[MsgId: MMSG-26355]
Registration.c(17): Registering web_reg_find was successful  	[MsgId: MMSG-26390]
Registration.c(20): web_link("Register Now!") started  	[MsgId: MMSG-26355]
Registration.c(20): Linking to "https://petstore.octoperf.com/actions/Account.action?newAccountForm=", Target Frame=""  	[MsgId: MMSG-27994]
Registration.c(20): Resource "https://petstore.octoperf.com/css/jpetstore.css" is in the cache already and will not be downloaded again  	[MsgId: MMSG-26655]
Registration.c(20): Resource "https://petstore.octoperf.com/images/logo-topbar.svg" is in the cache already and will not be downloaded again  	[MsgId: MMSG-26655]
Registration.c(20): Resource "https://petstore.octoperf.com/images/cart.gif" is in the cache already and will not be downloaded again  	[MsgId: MMSG-26655]
Registration.c(20): Resource "https://petstore.octoperf.com/images/separator.gif" is in the cache already and will not be downloaded again  	[MsgId: MMSG-26655]
Registration.c(20): Resource "https://petstore.octoperf.com/images/sm_fish.gif" is in the cache already and will not be downloaded again  	[MsgId: MMSG-26655]
Registration.c(20): Resource "https://petstore.octoperf.com/images/sm_dogs.gif" is in the cache already and will not be downloaded again  	[MsgId: MMSG-26655]
Registration.c(20): Resource "https://petstore.octoperf.com/images/sm_reptiles.gif" is in the cache already and will not be downloaded again  	[MsgId: MMSG-26655]
Registration.c(20): Resource "https://petstore.octoperf.com/images/sm_cats.gif" is in the cache already and will not be downloaded again  	[MsgId: MMSG-26655]
Registration.c(20): Resource "https://petstore.octoperf.com/images/sm_birds.gif" is in the cache already and will not be downloaded again  	[MsgId: MMSG-26655]
Registration.c(20): Registered web_reg_find successful for "Text=User Information" (count=1)  	[MsgId: MMSG-26364]
Registration.c(20): web_link("Register Now!") was successful, 5823 body bytes, 225 header bytes  	[MsgId: MMSG-26386]
Registration.c(25): Notify: Transaction "PetStore_ClickOnRegistration_T01" ended with a "Pass" status (Duration: 0.1253 Wasted Time: 0.0000).	[MsgId: MMSG-16871]
Registration.c(27): lr_think_time: 2.76 seconds (recorded think time was 5.00 seconds).	[MsgId: MMSG-15947]
Registration.c(29): Notify: Transaction "PetStore_SubmitRegistration_T02" started.	[MsgId: MMSG-16999]
Registration.c(31): web_reg_find started  	[MsgId: MMSG-26355]
Registration.c(31): Registering web_reg_find was successful  	[MsgId: MMSG-26390]
Registration.c(38): Notify: Saving Parameter "randomUsername = GAMD".	[MsgId: MMSG-13798]
Registration.c(44): Notify: Saving Parameter "randompass = zyqo".	[MsgId: MMSG-13798]
Registration.c(58): Notify: Saving Parameter "randomFirstName = dyyxn".	[MsgId: MMSG-13798]
Registration.c(59): Notify: Saving Parameter "randomLastName = olayn".	[MsgId: MMSG-13798]
Registration.c(71): Notify: Saving Parameter "RandomPhone = :055796376".	[MsgId: MMSG-13798]
Registration.c(80): Notify: Saving Parameter "RandomZip = 853716".	[MsgId: MMSG-13798]
Registration.c(83): web_submit_form("Account.action") started  	[MsgId: MMSG-26355]
Registration.c(83): Notify: Parameter Substitution: parameter "randomUsername" =  "GAMD"	[MsgId: MMSG-13992]
Registration.c(83): Notify: Parameter Substitution: parameter "randompass" =  "zyqo"	[MsgId: MMSG-13992]
Registration.c(83): Notify: Parameter Substitution: parameter "randompass" =  "zyqo"	[MsgId: MMSG-13992]
Registration.c(83): Notify: Parameter Substitution: parameter "randomFirstName" =  "dyyxn"	[MsgId: MMSG-13992]
Registration.c(83): Notify: Parameter Substitution: parameter "randomLastName" =  "olayn"	[MsgId: MMSG-13992]
Registration.c(83): Notify: Parameter Substitution: parameter "randomFirstName" =  "dyyxn"	[MsgId: MMSG-13992]
Registration.c(83): Notify: Parameter Substitution: parameter "randomLastName" =  "olayn"	[MsgId: MMSG-13992]
Registration.c(83): Notify: Parameter Substitution: parameter "RandomPhone" =  ":055796376"	[MsgId: MMSG-13992]
Registration.c(83): Notify: Parameter Substitution: parameter "RandomZip" =  "853716"	[MsgId: MMSG-13992]
Registration.c(83): Submitting form to "https://petstore.octoperf.com/actions/Account.action", Target Frame=""  	[MsgId: MMSG-27978]
Registration.c(83): Error -26612: HTTP Status-Code=500 (Internal Server Error) for "https://petstore.octoperf.com/actions/Account.action"  	[MsgId: MERR-26612]
Registration.c(83): Error -26366: "Text=Elevate you load-testing" not found for web_reg_find  	[MsgId: MERR-26366]
Registration.c(83): web_submit_form("Account.action") highest severity level was "ERROR", 15005 body bytes, 200 header bytes  	[MsgId: MMSG-26388]
Registration.c(83): Notify: Transaction "PetStore_SubmitRegistration_T02" ended with a "Fail" status (Duration: 0.3739 Wasted Time: 0.0000).	[MsgId: MMSG-16871]
Registration.c(83): Notify: Transaction "PetStore_SubmitRegistration_T02" has 2 error message(s).	[MsgId: MMSG-16818]
Registration.c(83): Notify: The 1st error message associated with transaction "PetStore_SubmitRegistration_T02" is "Error -26612: HTTP Status-Code=500 (Internal Server Error) for "https://petstore.octoperf.com/actions/Account.action""	[MsgId: MMSG-16819]
Registration.c(83): Notify: The 2nd error message associated with transaction "PetStore_SubmitRegistration_T02" is "Error -26366: "Text=Elevate you load-testing" not found for web_reg_find"	[MsgId: MMSG-16819]
Ending action Login.	[MsgId: MMSG-15918]
Ending iteration 1.	[MsgId: MMSG-15965]
Waiting 5.6930 seconds for iteration pacing.	[MsgId: MMSG-15996]
Registration.c(29): Notify: Transaction "PetStore_SubmitRegistration_T02" started.	[MsgId: MMSG-16999]
Registration.c(31): web_reg_find started  	[MsgId: MMSG-26355]
Registration.c(31): Registering web_reg_find was successful  	[MsgId: MMSG-26390]
Registration.c(38): Notify: Saving Parameter "randomUsername = GAMD".	[MsgId: MMSG-13798]
Registration.c(44): Notify: Saving Parameter "randompass = zyqo".	[MsgId: MMSG-13798]
Registration.c(58): Notify: Saving Parameter "randomFirstName = dyyxn".	[MsgId: MMSG-13798]
Registration.c(59): Notify: Saving Parameter "randomLastName = olayn".	[MsgId: MMSG-13798]
Registration.c(71): Notify: Saving Parameter "RandomPhone = :055796376".	[MsgId: MMSG-13798]
Registration.c(80): Notify: Saving Parameter "RandomZip = 853716".	[MsgId: MMSG-13798]
Registration.c(83): web_submit_form("Account.action") started  	[MsgId: MMSG-26355]
Registration.c(83): Notify: Parameter Substitution: parameter "randomUsername" =  "GAMD"	[MsgId: MMSG-13992]
Registration.c(83): Notify: Parameter Substitution: parameter "randompass" =  "zyqo"	[MsgId: MMSG-13992]
Registration.c(83): Notify: Parameter Substitution: parameter "randompass" =  "zyqo"	[MsgId: MMSG-13992]
Registration.c(83): Notify: Parameter Substitution: parameter "randomFirstName" =  "dyyxn"	[MsgId: MMSG-13992]
Registration.c(83): Notify: Parameter Substitution: parameter "randomLastName" =  "olayn"	[MsgId: MMSG-13992]
Registration.c(83): Notify: Parameter Substitution: parameter "randomFirstName" =  "dyyxn"	[MsgId: MMSG-13992]
Registration.c(83): Notify: Parameter Substitution: parameter "randomLastName" =  "olayn"	[MsgId: MMSG-13992]
Registration.c(83): Notify: Parameter Substitution: parameter "RandomPhone" =  ":055796376"	[MsgId: MMSG-13992]
Registration.c(83): Notify: Parameter Substitution: parameter "RandomZip" =  "853716"	[MsgId: MMSG-13992]
Registration.c(83): Submitting form to "https://petstore.octoperf.com/actions/Account.action", Target Frame=""  	[MsgId: MMSG-27978]
Registration.c(83): Error -26612: HTTP Status-Code=500 (Internal Server Error) for "https://petstore.octoperf.com/actions/Account.action"  	[MsgId: MERR-26612]
Registration.c(83): Error -26366: "Text=Elevate you load-testing" not found for web_reg_find  	[MsgId: MERR-26366]
Registration.c(83): web_submit_form("Account.action") highest severity level was "ERROR", 15005 body bytes, 200 header bytes  	[MsgId: MMSG-26388]
Registration.c(83): Notify: Transaction "PetStore_SubmitRegistration_T02" ended with a "Fail" status (Duration: 0.3740 Wasted Time: 0.0000).	[MsgId: MMSG-16871]
Registration.c(83): Notify: Transaction "PetStore_SubmitRegistration_T02" has 2 error message(s).	[MsgId: MMSG-16818]
Registration.c(83): Notify: The 1st error message associated with transaction "PetStore_SubmitRegistration_T02" is "Error -26612: HTTP Status-Code=500 (Internal Server Error) for "https://petstore.octoperf.com/actions/Account.action""	[MsgId: MMSG-16819]
Registration.c(83): Notify: The 2nd error message associated with transaction "PetStore_SubmitRegistration_T02" is "Error -26366: "Text=Elevate you load-testing" not found for web_reg_find"	[MsgId: MMSG-16819]
Ending action Login.	[MsgId: MMSG-15918]
Ending iteration 1.	[MsgId: MMSG-15965]
Waiting 7.2290 seconds for iteration pacing.	[MsgId: MMSG-15996]
Starting iteration 1.	[MsgId: MMSG-15968]
Warning -27077: The "vuser_init" section contains web function(s) when the "Simulate a new user on each iteration" Runtime Setting is ON.  This may produce unpredictable results with multiple iterations  	[MsgId: MWAR-27077]
Maximum number of concurrent connections per server: 6  	[MsgId: MMSG-26989]
Starting action Login.	[MsgId: MMSG-15919]
Registration.c(15): Notify: Transaction "PetStore_ClickOnRegistration_T01" started.	[MsgId: MMSG-16999]
Registration.c(17): web_reg_find started  	[MsgId: MMSG-26355]
Registration.c(17): Registering web_reg_find was successful  	[MsgId: MMSG-26390]
Registration.c(20): web_link("Register Now!") started  	[MsgId: MMSG-26355]
Registration.c(20): Linking to "https://petstore.octoperf.com/actions/Account.action?newAccountForm=", Target Frame=""  	[MsgId: MMSG-27994]
Registration.c(20): Resource "https://petstore.octoperf.com/css/jpetstore.css" is in the cache already and will not be downloaded again  	[MsgId: MMSG-26655]
Registration.c(20): Resource "https://petstore.octoperf.com/images/logo-topbar.svg" is in the cache already and will not be downloaded again  	[MsgId: MMSG-26655]
Registration.c(20): Resource "https://petstore.octoperf.com/images/cart.gif" is in the cache already and will not be downloaded again  	[MsgId: MMSG-26655]
Registration.c(20): Resource "https://petstore.octoperf.com/images/separator.gif" is in the cache already and will not be downloaded again  	[MsgId: MMSG-26655]
Registration.c(20): Resource "https://petstore.octoperf.com/images/sm_fish.gif" is in the cache already and will not be downloaded again  	[MsgId: MMSG-26655]
Registration.c(20): Resource "https://petstore.octoperf.com/images/sm_dogs.gif" is in the cache already and will not be downloaded again  	[MsgId: MMSG-26655]
Registration.c(20): Resource "https://petstore.octoperf.com/images/sm_reptiles.gif" is in the cache already and will not be downloaded again  	[MsgId: MMSG-26655]
Registration.c(20): Resource "https://petstore.octoperf.com/images/sm_cats.gif" is in the cache already and will not be downloaded again  	[MsgId: MMSG-26655]
Registration.c(20): Resource "https://petstore.octoperf.com/images/sm_birds.gif" is in the cache already and will not be downloaded again  	[MsgId: MMSG-26655]
Registration.c(20): Registered web_reg_find successful for "Text=User Information" (count=1)  	[MsgId: MMSG-26364]
Registration.c(20): web_link("Register Now!") was successful, 5819 body bytes, 225 header bytes  	[MsgId: MMSG-26386]
Registration.c(25): Notify: Transaction "PetStore_ClickOnRegistration_T01" ended with a "Pass" status (Duration: 0.1257 Wasted Time: 0.0000).	[MsgId: MMSG-16871]
Registration.c(27): lr_think_time: 3.00 seconds (recorded think time was 5.00 seconds).	[MsgId: MMSG-15947]
Starting iteration 2.	[MsgId: MMSG-15968]
Notify: Next row for parameter PetStoreEndtoEndFlow_UserName_1 = 1 [table  = PetStoreEndtoEndFlow_UserName_1].	[MsgId: MMSG-13876]
Notify: Getting new value for parameter 'PetStoreEndtoEndFlow_UserName_1': table = 'UserCredentilas5.dat' column = '0' row = '1'.	[MsgId: MMSG-13877]
Notify: Next row for parameter PetStoreEndtoEndFlow_UserName_2 = 1 [table  = PetStoreEndtoEndFlow_UserName_2].	[MsgId: MMSG-13876]
Notify: Getting new value for parameter 'PetStoreEndtoEndFlow_UserName_2': table = 'UserCredentilas7.dat' column = '0' row = '1'.	[MsgId: MMSG-13877]
Notify: Next row for parameter UserName = 1 [table  = UserName].	[MsgId: MMSG-13876]
Notify: Getting new value for parameter 'UserName': table = 'UserCredentilas.dat' column = '0' row = '1'.	[MsgId: MMSG-13877]
Notify: Next row for parameter PetStoreEndtoEndFlow_UserName = 1 [table  = PetStoreEndtoEndFlow_UserName].	[MsgId: MMSG-13876]
Notify: Getting new value for parameter 'PetStoreEndtoEndFlow_UserName': table = 'UserCredentilas2.dat' column = '0' row = '1'.	[MsgId: MMSG-13877]
Notify: Next row for parameter PetStoreEndtoEndFlow_pass_1 = 1 [table  = PetStoreEndtoEndFlow_pass_1].	[MsgId: MMSG-13876]
Notify: Getting new value for parameter 'PetStoreEndtoEndFlow_pass_1': table = 'UserCredentilas6.dat' column = '0' row = '1'.	[MsgId: MMSG-13877]
Notify: Next row for parameter PetStoreEndtoEndFlow_pass_2 = 1 [table  = PetStoreEndtoEndFlow_pass_2].	[MsgId: MMSG-13876]
Notify: Getting new value for parameter 'PetStoreEndtoEndFlow_pass_2': table = 'UserCredentilas8.dat' column = '0' row = '1'.	[MsgId: MMSG-13877]
Notify: Next row for parameter pass = 1 [table  = pass].	[MsgId: MMSG-13876]
Notify: Getting new value for parameter 'pass': table = 'UserCredentilas.dat' column = '0' row = '1'.	[MsgId: MMSG-13877]
Notify: Next row for parameter PetStoreEndtoEndFlow_pass = 1 [table  = PetStoreEndtoEndFlow_pass].	[MsgId: MMSG-13876]
Notify: Getting new value for parameter 'PetStoreEndtoEndFlow_pass': table = 'UserCredentilas4.dat' column = '0' row = '1'.	[MsgId: MMSG-13877]
Starting action Login.	[MsgId: MMSG-15919]
Registration.c(15): Notify: Transaction "PetStore_ClickOnRegistration_T01" started.	[MsgId: MMSG-16999]
Registration.c(17): web_reg_find started  	[MsgId: MMSG-26355]
Registration.c(17): Registering web_reg_find was successful  	[MsgId: MMSG-26390]
Registration.c(20): web_link("Register Now!") started  	[MsgId: MMSG-26355]
Registration.c(20): Error -27985: There is no context for HTML-based functions. A previous function may not have used "Mode=HTML" or downloaded only non-HTML page(s), or the context has been reset (e.g., due to a GUI-based function)  	[MsgId: MERR-27985]
Registration.c(20): Warning -26379: Pending web_reg_save_param/web_reg_find/web_create_html_param/web_create_html_param_ex request(s) are deleted and will be handled as "not found"  	[MsgId: MWAR-26379]
Registration.c(20): Error -26366: "Text=User Information" not found for web_reg_find  	[MsgId: MERR-26366]
Registration.c(20): Error -26374: The above "not found" error(s) may be explained by header and body byte counts being 0 and 0, respectively.  	[MsgId: MERR-26374]
Registration.c(20): web_link("Register Now!") highest severity level was "ERROR", 0 body bytes, 0 header bytes  	[MsgId: MMSG-26388]
Registration.c(20): Notify: Transaction "PetStore_ClickOnRegistration_T01" ended with a "Fail" status (Duration: 0.0014).	[MsgId: MMSG-16873]
Registration.c(20): Notify: Transaction "PetStore_ClickOnRegistration_T01" has 3 error message(s).	[MsgId: MMSG-16818]
Registration.c(20): Notify: The 1st error message associated with transaction "PetStore_ClickOnRegistration_T01" is "Error -27985: There is no context for HTML-based functions. A previous function may not have used "Mode=HTML" or downloaded only non-HTML page(s), or the context has been reset (e.g., due to a GUI-based function)"	[MsgId: MMSG-16819]
Registration.c(20): Notify: The 2nd error message associated with transaction "PetStore_ClickOnRegistration_T01" is "Error -26366: "Text=User Information" not found for web_reg_find"	[MsgId: MMSG-16819]
Registration.c(20): Notify: The 3rd error message associated with transaction "PetStore_ClickOnRegistration_T01" is "Error -26374: The above "not found" error(s) may be explained by header and body byte counts being 0 and 0, respectively."	[MsgId: MMSG-16819]
Ending action Login.	[MsgId: MMSG-15918]
Ending iteration 2.	[MsgId: MMSG-15965]
Waiting 8.0870 seconds for iteration pacing.	[MsgId: MMSG-15996]
Registration.c(29): Notify: Transaction "PetStore_SubmitRegistration_T02" started.	[MsgId: MMSG-16999]
Registration.c(31): web_reg_find started  	[MsgId: MMSG-26355]
Registration.c(31): Registering web_reg_find was successful  	[MsgId: MMSG-26390]
Registration.c(38): Notify: Saving Parameter "randomUsername = GAMD".	[MsgId: MMSG-13798]
Registration.c(44): Notify: Saving Parameter "randompass = zyqo".	[MsgId: MMSG-13798]
Registration.c(58): Notify: Saving Parameter "randomFirstName = dyyxn".	[MsgId: MMSG-13798]
Registration.c(59): Notify: Saving Parameter "randomLastName = olayn".	[MsgId: MMSG-13798]
Registration.c(71): Notify: Saving Parameter "RandomPhone = :055796376".	[MsgId: MMSG-13798]
Registration.c(80): Notify: Saving Parameter "RandomZip = 853716".	[MsgId: MMSG-13798]
Registration.c(83): web_submit_form("Account.action") started  	[MsgId: MMSG-26355]
Registration.c(83): Notify: Parameter Substitution: parameter "randomUsername" =  "GAMD"	[MsgId: MMSG-13992]
Registration.c(83): Notify: Parameter Substitution: parameter "randompass" =  "zyqo"	[MsgId: MMSG-13992]
Registration.c(83): Notify: Parameter Substitution: parameter "randompass" =  "zyqo"	[MsgId: MMSG-13992]
Registration.c(83): Notify: Parameter Substitution: parameter "randomFirstName" =  "dyyxn"	[MsgId: MMSG-13992]
Registration.c(83): Notify: Parameter Substitution: parameter "randomLastName" =  "olayn"	[MsgId: MMSG-13992]
Registration.c(83): Notify: Parameter Substitution: parameter "randomFirstName" =  "dyyxn"	[MsgId: MMSG-13992]
Registration.c(83): Notify: Parameter Substitution: parameter "randomLastName" =  "olayn"	[MsgId: MMSG-13992]
Registration.c(83): Notify: Parameter Substitution: parameter "RandomPhone" =  ":055796376"	[MsgId: MMSG-13992]
Registration.c(83): Notify: Parameter Substitution: parameter "RandomZip" =  "853716"	[MsgId: MMSG-13992]
Registration.c(83): Submitting form to "https://petstore.octoperf.com/actions/Account.action", Target Frame=""  	[MsgId: MMSG-27978]
Registration.c(83): Error -26612: HTTP Status-Code=500 (Internal Server Error) for "https://petstore.octoperf.com/actions/Account.action"  	[MsgId: MERR-26612]
Registration.c(83): Error -26366: "Text=Elevate you load-testing" not found for web_reg_find  	[MsgId: MERR-26366]
Registration.c(83): web_submit_form("Account.action") highest severity level was "ERROR", 15005 body bytes, 200 header bytes  	[MsgId: MMSG-26388]
Registration.c(83): Notify: Transaction "PetStore_SubmitRegistration_T02" ended with a "Fail" status (Duration: 0.3722 Wasted Time: 0.0000).	[MsgId: MMSG-16871]
Registration.c(83): Notify: Transaction "PetStore_SubmitRegistration_T02" has 2 error message(s).	[MsgId: MMSG-16818]
Registration.c(83): Notify: The 1st error message associated with transaction "PetStore_SubmitRegistration_T02" is "Error -26612: HTTP Status-Code=500 (Internal Server Error) for "https://petstore.octoperf.com/actions/Account.action""	[MsgId: MMSG-16819]
Registration.c(83): Notify: The 2nd error message associated with transaction "PetStore_SubmitRegistration_T02" is "Error -26366: "Text=Elevate you load-testing" not found for web_reg_find"	[MsgId: MMSG-16819]
Ending action Login.	[MsgId: MMSG-15918]
Ending iteration 1.	[MsgId: MMSG-15965]
Waiting 7.5350 seconds for iteration pacing.	[MsgId: MMSG-15996]
Starting iteration 2.	[MsgId: MMSG-15968]
Notify: Next row for parameter PetStoreEndtoEndFlow_UserName_1 = 1 [table  = PetStoreEndtoEndFlow_UserName_1].	[MsgId: MMSG-13876]
Notify: Getting new value for parameter 'PetStoreEndtoEndFlow_UserName_1': table = 'UserCredentilas5.dat' column = '0' row = '1'.	[MsgId: MMSG-13877]
Notify: Next row for parameter PetStoreEndtoEndFlow_UserName_2 = 1 [table  = PetStoreEndtoEndFlow_UserName_2].	[MsgId: MMSG-13876]
Notify: Getting new value for parameter 'PetStoreEndtoEndFlow_UserName_2': table = 'UserCredentilas7.dat' column = '0' row = '1'.	[MsgId: MMSG-13877]
Notify: Next row for parameter UserName = 1 [table  = UserName].	[MsgId: MMSG-13876]
Notify: Getting new value for parameter 'UserName': table = 'UserCredentilas.dat' column = '0' row = '1'.	[MsgId: MMSG-13877]
Notify: Next row for parameter PetStoreEndtoEndFlow_UserName = 1 [table  = PetStoreEndtoEndFlow_UserName].	[MsgId: MMSG-13876]
Notify: Getting new value for parameter 'PetStoreEndtoEndFlow_UserName': table = 'UserCredentilas2.dat' column = '0' row = '1'.	[MsgId: MMSG-13877]
Notify: Next row for parameter PetStoreEndtoEndFlow_pass_1 = 1 [table  = PetStoreEndtoEndFlow_pass_1].	[MsgId: MMSG-13876]
Notify: Getting new value for parameter 'PetStoreEndtoEndFlow_pass_1': table = 'UserCredentilas6.dat' column = '0' row = '1'.	[MsgId: MMSG-13877]
Notify: Next row for parameter PetStoreEndtoEndFlow_pass_2 = 1 [table  = PetStoreEndtoEndFlow_pass_2].	[MsgId: MMSG-13876]
Notify: Getting new value for parameter 'PetStoreEndtoEndFlow_pass_2': table = 'UserCredentilas8.dat' column = '0' row = '1'.	[MsgId: MMSG-13877]
Notify: Next row for parameter pass = 1 [table  = pass].	[MsgId: MMSG-13876]
Notify: Getting new value for parameter 'pass': table = 'UserCredentilas.dat' column = '0' row = '1'.	[MsgId: MMSG-13877]
Notify: Next row for parameter PetStoreEndtoEndFlow_pass = 1 [table  = PetStoreEndtoEndFlow_pass].	[MsgId: MMSG-13876]
Notify: Getting new value for parameter 'PetStoreEndtoEndFlow_pass': table = 'UserCredentilas4.dat' column = '0' row = '1'.	[MsgId: MMSG-13877]
Starting action Login.	[MsgId: MMSG-15919]
Registration.c(15): Notify: Transaction "PetStore_ClickOnRegistration_T01" started.	[MsgId: MMSG-16999]
Registration.c(17): web_reg_find started  	[MsgId: MMSG-26355]
Registration.c(17): Registering web_reg_find was successful  	[MsgId: MMSG-26390]
Registration.c(20): web_link("Register Now!") started  	[MsgId: MMSG-26355]
Registration.c(20): Error -27985: There is no context for HTML-based functions. A previous function may not have used "Mode=HTML" or downloaded only non-HTML page(s), or the context has been reset (e.g., due to a GUI-based function)  	[MsgId: MERR-27985]
Registration.c(20): Warning -26379: Pending web_reg_save_param/web_reg_find/web_create_html_param/web_create_html_param_ex request(s) are deleted and will be handled as "not found"  	[MsgId: MWAR-26379]
Registration.c(20): Error -26366: "Text=User Information" not found for web_reg_find  	[MsgId: MERR-26366]
Registration.c(20): Error -26374: The above "not found" error(s) may be explained by header and body byte counts being 0 and 0, respectively.  	[MsgId: MERR-26374]
Registration.c(20): web_link("Register Now!") highest severity level was "ERROR", 0 body bytes, 0 header bytes  	[MsgId: MMSG-26388]
Registration.c(20): Notify: Transaction "PetStore_ClickOnRegistration_T01" ended with a "Fail" status (Duration: 0.0014).	[MsgId: MMSG-16873]
Registration.c(20): Notify: Transaction "PetStore_ClickOnRegistration_T01" has 3 error message(s).	[MsgId: MMSG-16818]
Registration.c(20): Notify: The 1st error message associated with transaction "PetStore_ClickOnRegistration_T01" is "Error -27985: There is no context for HTML-based functions. A previous function may not have used "Mode=HTML" or downloaded only non-HTML page(s), or the context has been reset (e.g., due to a GUI-based function)"	[MsgId: MMSG-16819]
Registration.c(20): Notify: The 2nd error message associated with transaction "PetStore_ClickOnRegistration_T01" is "Error -26366: "Text=User Information" not found for web_reg_find"	[MsgId: MMSG-16819]
Registration.c(20): Notify: The 3rd error message associated with transaction "PetStore_ClickOnRegistration_T01" is "Error -26374: The above "not found" error(s) may be explained by header and body byte counts being 0 and 0, respectively."	[MsgId: MMSG-16819]
Ending action Login.	[MsgId: MMSG-15918]
Ending iteration 2.	[MsgId: MMSG-15965]
Waiting 5.5030 seconds for iteration pacing.	[MsgId: MMSG-15996]
Starting iteration 1.	[MsgId: MMSG-15968]
Warning -27077: The "vuser_init" section contains web function(s) when the "Simulate a new user on each iteration" Runtime Setting is ON.  This may produce unpredictable results with multiple iterations  	[MsgId: MWAR-27077]
Maximum number of concurrent connections per server: 6  	[MsgId: MMSG-26989]
Starting action Login.	[MsgId: MMSG-15919]
Registration.c(15): Notify: Transaction "PetStore_ClickOnRegistration_T01" started.	[MsgId: MMSG-16999]
Registration.c(17): web_reg_find started  	[MsgId: MMSG-26355]
Registration.c(17): Registering web_reg_find was successful  	[MsgId: MMSG-26390]
Registration.c(20): web_link("Register Now!") started  	[MsgId: MMSG-26355]
Registration.c(20): Linking to "https://petstore.octoperf.com/actions/Account.action?newAccountForm=", Target Frame=""  	[MsgId: MMSG-27994]
Registration.c(20): Resource "https://petstore.octoperf.com/css/jpetstore.css" is in the cache already and will not be downloaded again  	[MsgId: MMSG-26655]
Registration.c(20): Resource "https://petstore.octoperf.com/images/logo-topbar.svg" is in the cache already and will not be downloaded again  	[MsgId: MMSG-26655]
Registration.c(20): Resource "https://petstore.octoperf.com/images/cart.gif" is in the cache already and will not be downloaded again  	[MsgId: MMSG-26655]
Registration.c(20): Resource "https://petstore.octoperf.com/images/separator.gif" is in the cache already and will not be downloaded again  	[MsgId: MMSG-26655]
Registration.c(20): Resource "https://petstore.octoperf.com/images/sm_fish.gif" is in the cache already and will not be downloaded again  	[MsgId: MMSG-26655]
Registration.c(20): Resource "https://petstore.octoperf.com/images/sm_dogs.gif" is in the cache already and will not be downloaded again  	[MsgId: MMSG-26655]
Registration.c(20): Resource "https://petstore.octoperf.com/images/sm_reptiles.gif" is in the cache already and will not be downloaded again  	[MsgId: MMSG-26655]
Registration.c(20): Resource "https://petstore.octoperf.com/images/sm_cats.gif" is in the cache already and will not be downloaded again  	[MsgId: MMSG-26655]
Registration.c(20): Resource "https://petstore.octoperf.com/images/sm_birds.gif" is in the cache already and will not be downloaded again  	[MsgId: MMSG-26655]
Registration.c(20): Registered web_reg_find successful for "Text=User Information" (count=1)  	[MsgId: MMSG-26364]
Registration.c(20): web_link("Register Now!") was successful, 5817 body bytes, 225 header bytes  	[MsgId: MMSG-26386]
Registration.c(25): Notify: Transaction "PetStore_ClickOnRegistration_T01" ended with a "Pass" status (Duration: 0.1274 Wasted Time: 0.0000).	[MsgId: MMSG-16871]
Registration.c(27): lr_think_time: 4.86 seconds (recorded think time was 5.00 seconds).	[MsgId: MMSG-15947]
Starting iteration 3.	[MsgId: MMSG-15968]
Notify: Next row for parameter PetStoreEndtoEndFlow_UserName_1 = 1 [table  = PetStoreEndtoEndFlow_UserName_1].	[MsgId: MMSG-13876]
Notify: Getting new value for parameter 'PetStoreEndtoEndFlow_UserName_1': table = 'UserCredentilas5.dat' column = '0' row = '1'.	[MsgId: MMSG-13877]
Notify: Next row for parameter PetStoreEndtoEndFlow_UserName_2 = 1 [table  = PetStoreEndtoEndFlow_UserName_2].	[MsgId: MMSG-13876]
Notify: Getting new value for parameter 'PetStoreEndtoEndFlow_UserName_2': table = 'UserCredentilas7.dat' column = '0' row = '1'.	[MsgId: MMSG-13877]
Notify: Next row for parameter UserName = 1 [table  = UserName].	[MsgId: MMSG-13876]
Notify: Getting new value for parameter 'UserName': table = 'UserCredentilas.dat' column = '0' row = '1'.	[MsgId: MMSG-13877]
Notify: Next row for parameter PetStoreEndtoEndFlow_UserName = 1 [table  = PetStoreEndtoEndFlow_UserName].	[MsgId: MMSG-13876]
Notify: Getting new value for parameter 'PetStoreEndtoEndFlow_UserName': table = 'UserCredentilas2.dat' column = '0' row = '1'.	[MsgId: MMSG-13877]
Notify: Next row for parameter PetStoreEndtoEndFlow_pass_1 = 1 [table  = PetStoreEndtoEndFlow_pass_1].	[MsgId: MMSG-13876]
Notify: Getting new value for parameter 'PetStoreEndtoEndFlow_pass_1': table = 'UserCredentilas6.dat' column = '0' row = '1'.	[MsgId: MMSG-13877]
Notify: Next row for parameter PetStoreEndtoEndFlow_pass_2 = 1 [table  = PetStoreEndtoEndFlow_pass_2].	[MsgId: MMSG-13876]
Notify: Getting new value for parameter 'PetStoreEndtoEndFlow_pass_2': table = 'UserCredentilas8.dat' column = '0' row = '1'.	[MsgId: MMSG-13877]
Notify: Next row for parameter pass = 1 [table  = pass].	[MsgId: MMSG-13876]
Notify: Getting new value for parameter 'pass': table = 'UserCredentilas.dat' column = '0' row = '1'.	[MsgId: MMSG-13877]
Notify: Next row for parameter PetStoreEndtoEndFlow_pass = 1 [table  = PetStoreEndtoEndFlow_pass].	[MsgId: MMSG-13876]
Notify: Getting new value for parameter 'PetStoreEndtoEndFlow_pass': table = 'UserCredentilas4.dat' column = '0' row = '1'.	[MsgId: MMSG-13877]
Starting action Login.	[MsgId: MMSG-15919]
Registration.c(15): Notify: Transaction "PetStore_ClickOnRegistration_T01" started.	[MsgId: MMSG-16999]
Registration.c(17): web_reg_find started  	[MsgId: MMSG-26355]
Registration.c(17): Registering web_reg_find was successful  	[MsgId: MMSG-26390]
Registration.c(20): web_link("Register Now!") started  	[MsgId: MMSG-26355]
Registration.c(20): Error -27985: There is no context for HTML-based functions. A previous function may not have used "Mode=HTML" or downloaded only non-HTML page(s), or the context has been reset (e.g., due to a GUI-based function)  	[MsgId: MERR-27985]
Registration.c(20): Warning -26379: Pending web_reg_save_param/web_reg_find/web_create_html_param/web_create_html_param_ex request(s) are deleted and will be handled as "not found"  	[MsgId: MWAR-26379]
Registration.c(20): Error -26366: "Text=User Information" not found for web_reg_find  	[MsgId: MERR-26366]
Registration.c(20): Error -26374: The above "not found" error(s) may be explained by header and body byte counts being 0 and 0, respectively.  	[MsgId: MERR-26374]
Registration.c(20): web_link("Register Now!") highest severity level was "ERROR", 0 body bytes, 0 header bytes  	[MsgId: MMSG-26388]
Registration.c(20): Notify: Transaction "PetStore_ClickOnRegistration_T01" ended with a "Fail" status (Duration: 0.0009).	[MsgId: MMSG-16873]
Registration.c(20): Notify: Transaction "PetStore_ClickOnRegistration_T01" has 3 error message(s).	[MsgId: MMSG-16818]
Registration.c(20): Notify: The 1st error message associated with transaction "PetStore_ClickOnRegistration_T01" is "Error -27985: There is no context for HTML-based functions. A previous function may not have used "Mode=HTML" or downloaded only non-HTML page(s), or the context has been reset (e.g., due to a GUI-based function)"	[MsgId: MMSG-16819]
Registration.c(20): Notify: The 2nd error message associated with transaction "PetStore_ClickOnRegistration_T01" is "Error -26366: "Text=User Information" not found for web_reg_find"	[MsgId: MMSG-16819]
Registration.c(20): Notify: The 3rd error message associated with transaction "PetStore_ClickOnRegistration_T01" is "Error -26374: The above "not found" error(s) may be explained by header and body byte counts being 0 and 0, respectively."	[MsgId: MMSG-16819]
Ending action Login.	[MsgId: MMSG-15918]
Ending iteration 3.	[MsgId: MMSG-15965]
Waiting 6.3610 seconds for iteration pacing.	[MsgId: MMSG-15996]
Starting iteration 3.	[MsgId: MMSG-15968]
Notify: Next row for parameter PetStoreEndtoEndFlow_UserName_1 = 1 [table  = PetStoreEndtoEndFlow_UserName_1].	[MsgId: MMSG-13876]
Notify: Getting new value for parameter 'PetStoreEndtoEndFlow_UserName_1': table = 'UserCredentilas5.dat' column = '0' row = '1'.	[MsgId: MMSG-13877]
Notify: Next row for parameter PetStoreEndtoEndFlow_UserName_2 = 1 [table  = PetStoreEndtoEndFlow_UserName_2].	[MsgId: MMSG-13876]
Notify: Getting new value for parameter 'PetStoreEndtoEndFlow_UserName_2': table = 'UserCredentilas7.dat' column = '0' row = '1'.	[MsgId: MMSG-13877]
Notify: Next row for parameter UserName = 1 [table  = UserName].	[MsgId: MMSG-13876]
Notify: Getting new value for parameter 'UserName': table = 'UserCredentilas.dat' column = '0' row = '1'.	[MsgId: MMSG-13877]
Notify: Next row for parameter PetStoreEndtoEndFlow_UserName = 1 [table  = PetStoreEndtoEndFlow_UserName].	[MsgId: MMSG-13876]
Notify: Getting new value for parameter 'PetStoreEndtoEndFlow_UserName': table = 'UserCredentilas2.dat' column = '0' row = '1'.	[MsgId: MMSG-13877]
Notify: Next row for parameter PetStoreEndtoEndFlow_pass_1 = 1 [table  = PetStoreEndtoEndFlow_pass_1].	[MsgId: MMSG-13876]
Notify: Getting new value for parameter 'PetStoreEndtoEndFlow_pass_1': table = 'UserCredentilas6.dat' column = '0' row = '1'.	[MsgId: MMSG-13877]
Notify: Next row for parameter PetStoreEndtoEndFlow_pass_2 = 1 [table  = PetStoreEndtoEndFlow_pass_2].	[MsgId: MMSG-13876]
Notify: Getting new value for parameter 'PetStoreEndtoEndFlow_pass_2': table = 'UserCredentilas8.dat' column = '0' row = '1'.	[MsgId: MMSG-13877]
Notify: Next row for parameter pass = 1 [table  = pass].	[MsgId: MMSG-13876]
Notify: Getting new value for parameter 'pass': table = 'UserCredentilas.dat' column = '0' row = '1'.	[MsgId: MMSG-13877]
Notify: Next row for parameter PetStoreEndtoEndFlow_pass = 1 [table  = PetStoreEndtoEndFlow_pass].	[MsgId: MMSG-13876]
Notify: Getting new value for parameter 'PetStoreEndtoEndFlow_pass': table = 'UserCredentilas4.dat' column = '0' row = '1'.	[MsgId: MMSG-13877]
Starting action Login.	[MsgId: MMSG-15919]
Registration.c(15): Notify: Transaction "PetStore_ClickOnRegistration_T01" started.	[MsgId: MMSG-16999]
Registration.c(17): web_reg_find started  	[MsgId: MMSG-26355]
Registration.c(17): Registering web_reg_find was successful  	[MsgId: MMSG-26390]
Registration.c(20): web_link("Register Now!") started  	[MsgId: MMSG-26355]
Registration.c(20): Error -27985: There is no context for HTML-based functions. A previous function may not have used "Mode=HTML" or downloaded only non-HTML page(s), or the context has been reset (e.g., due to a GUI-based function)  	[MsgId: MERR-27985]
Registration.c(20): Warning -26379: Pending web_reg_save_param/web_reg_find/web_create_html_param/web_create_html_param_ex request(s) are deleted and will be handled as "not found"  	[MsgId: MWAR-26379]
Registration.c(20): Error -26366: "Text=User Information" not found for web_reg_find  	[MsgId: MERR-26366]
Registration.c(20): Error -26374: The above "not found" error(s) may be explained by header and body byte counts being 0 and 0, respectively.  	[MsgId: MERR-26374]
Registration.c(20): web_link("Register Now!") highest severity level was "ERROR", 0 body bytes, 0 header bytes  	[MsgId: MMSG-26388]
Registration.c(20): Notify: Transaction "PetStore_ClickOnRegistration_T01" ended with a "Fail" status (Duration: 0.0012).	[MsgId: MMSG-16873]
Registration.c(20): Notify: Transaction "PetStore_ClickOnRegistration_T01" has 3 error message(s).	[MsgId: MMSG-16818]
Registration.c(20): Notify: The 1st error message associated with transaction "PetStore_ClickOnRegistration_T01" is "Error -27985: There is no context for HTML-based functions. A previous function may not have used "Mode=HTML" or downloaded only non-HTML page(s), or the context has been reset (e.g., due to a GUI-based function)"	[MsgId: MMSG-16819]
Registration.c(20): Notify: The 2nd error message associated with transaction "PetStore_ClickOnRegistration_T01" is "Error -26366: "Text=User Information" not found for web_reg_find"	[MsgId: MMSG-16819]
Registration.c(20): Notify: The 3rd error message associated with transaction "PetStore_ClickOnRegistration_T01" is "Error -26374: The above "not found" error(s) may be explained by header and body byte counts being 0 and 0, respectively."	[MsgId: MMSG-16819]
Ending action Login.	[MsgId: MMSG-15918]
Ending iteration 3.	[MsgId: MMSG-15965]
Waiting 9.3570 seconds for iteration pacing.	[MsgId: MMSG-15996]
Registration.c(29): Notify: Transaction "PetStore_SubmitRegistration_T02" started.	[MsgId: MMSG-16999]
Registration.c(31): web_reg_find started  	[MsgId: MMSG-26355]
Registration.c(31): Registering web_reg_find was successful  	[MsgId: MMSG-26390]
Registration.c(38): Notify: Saving Parameter "randomUsername = KCGQ".	[MsgId: MMSG-13798]
Registration.c(44): Notify: Saving Parameter "randompass = syiy".	[MsgId: MMSG-13798]
Registration.c(58): Notify: Saving Parameter "randomFirstName = fugps".	[MsgId: MMSG-13798]
Registration.c(59): Notify: Saving Parameter "randomLastName = qzocw".	[MsgId: MMSG-13798]
Registration.c(71): Notify: Saving Parameter "RandomPhone = :418249283".	[MsgId: MMSG-13798]
Registration.c(80): Notify: Saving Parameter "RandomZip = 304647".	[MsgId: MMSG-13798]
Registration.c(83): web_submit_form("Account.action") started  	[MsgId: MMSG-26355]
Registration.c(83): Notify: Parameter Substitution: parameter "randomUsername" =  "KCGQ"	[MsgId: MMSG-13992]
Registration.c(83): Notify: Parameter Substitution: parameter "randompass" =  "syiy"	[MsgId: MMSG-13992]
Registration.c(83): Notify: Parameter Substitution: parameter "randompass" =  "syiy"	[MsgId: MMSG-13992]
Registration.c(83): Notify: Parameter Substitution: parameter "randomFirstName" =  "fugps"	[MsgId: MMSG-13992]
Registration.c(83): Notify: Parameter Substitution: parameter "randomLastName" =  "qzocw"	[MsgId: MMSG-13992]
Registration.c(83): Notify: Parameter Substitution: parameter "randomFirstName" =  "fugps"	[MsgId: MMSG-13992]
Registration.c(83): Notify: Parameter Substitution: parameter "randomLastName" =  "qzocw"	[MsgId: MMSG-13992]
Registration.c(83): Notify: Parameter Substitution: parameter "RandomPhone" =  ":418249283"	[MsgId: MMSG-13992]
Registration.c(83): Notify: Parameter Substitution: parameter "RandomZip" =  "304647"	[MsgId: MMSG-13992]
Registration.c(83): Submitting form to "https://petstore.octoperf.com/actions/Account.action", Target Frame=""  	[MsgId: MMSG-27978]
Registration.c(83): Connection to petstore.octoperf.com:443 closed after being inactive for 64 seconds, exceeding the "HTTP Keep-Alive timeout" Runtime Setting (60 seconds). URL="[None]"  	[MsgId: MMSG-27647]
Starting iteration 1.	[MsgId: MMSG-15968]
Warning -27077: The "vuser_init" section contains web function(s) when the "Simulate a new user on each iteration" Runtime Setting is ON.  This may produce unpredictable results with multiple iterations  	[MsgId: MWAR-27077]
Maximum number of concurrent connections per server: 6  	[MsgId: MMSG-26989]
Starting action Login.	[MsgId: MMSG-15919]
Registration.c(15): Notify: Transaction "PetStore_ClickOnRegistration_T01" started.	[MsgId: MMSG-16999]
Registration.c(17): web_reg_find started  	[MsgId: MMSG-26355]
Registration.c(17): Registering web_reg_find was successful  	[MsgId: MMSG-26390]
Registration.c(20): web_link("Register Now!") started  	[MsgId: MMSG-26355]
Registration.c(20): Linking to "https://petstore.octoperf.com/actions/Account.action?newAccountForm=", Target Frame=""  	[MsgId: MMSG-27994]
Registration.c(20): Resource "https://petstore.octoperf.com/css/jpetstore.css" is in the cache already and will not be downloaded again  	[MsgId: MMSG-26655]
Registration.c(20): Resource "https://petstore.octoperf.com/images/logo-topbar.svg" is in the cache already and will not be downloaded again  	[MsgId: MMSG-26655]
Registration.c(20): Resource "https://petstore.octoperf.com/images/cart.gif" is in the cache already and will not be downloaded again  	[MsgId: MMSG-26655]
Registration.c(20): Resource "https://petstore.octoperf.com/images/separator.gif" is in the cache already and will not be downloaded again  	[MsgId: MMSG-26655]
Registration.c(20): Resource "https://petstore.octoperf.com/images/sm_fish.gif" is in the cache already and will not be downloaded again  	[MsgId: MMSG-26655]
Registration.c(20): Resource "https://petstore.octoperf.com/images/sm_dogs.gif" is in the cache already and will not be downloaded again  	[MsgId: MMSG-26655]
Registration.c(20): Resource "https://petstore.octoperf.com/images/sm_reptiles.gif" is in the cache already and will not be downloaded again  	[MsgId: MMSG-26655]
Registration.c(20): Resource "https://petstore.octoperf.com/images/sm_cats.gif" is in the cache already and will not be downloaded again  	[MsgId: MMSG-26655]
Registration.c(20): Resource "https://petstore.octoperf.com/images/sm_birds.gif" is in the cache already and will not be downloaded again  	[MsgId: MMSG-26655]
Registration.c(20): Registered web_reg_find successful for "Text=User Information" (count=1)  	[MsgId: MMSG-26364]
Registration.c(20): web_link("Register Now!") was successful, 5819 body bytes, 225 header bytes  	[MsgId: MMSG-26386]
Registration.c(25): Notify: Transaction "PetStore_ClickOnRegistration_T01" ended with a "Pass" status (Duration: 0.1248 Wasted Time: 0.0000).	[MsgId: MMSG-16871]
Registration.c(27): lr_think_time: 4.33 seconds (recorded think time was 5.00 seconds).	[MsgId: MMSG-15947]
Registration.c(83): Redirecting "https://petstore.octoperf.com/actions/Account.action" (redirection depth is 0)  	[MsgId: MMSG-26694]
Registration.c(83): To location "https://petstore.octoperf.com/actions/Catalog.action"  	[MsgId: MMSG-26693]
Registration.c(83): Resource "https://petstore.octoperf.com/css/jpetstore.css" is in the cache already and will not be downloaded again  	[MsgId: MMSG-26655]
Registration.c(83): Resource "https://petstore.octoperf.com/images/logo-topbar.svg" is in the cache already and will not be downloaded again  	[MsgId: MMSG-26655]
Registration.c(83): Resource "https://petstore.octoperf.com/images/cart.gif" is in the cache already and will not be downloaded again  	[MsgId: MMSG-26655]
Registration.c(83): Resource "https://petstore.octoperf.com/images/separator.gif" is in the cache already and will not be downloaded again  	[MsgId: MMSG-26655]
Registration.c(83): Resource "https://petstore.octoperf.com/images/sm_fish.gif" is in the cache already and will not be downloaded again  	[MsgId: MMSG-26655]
Registration.c(83): Resource "https://petstore.octoperf.com/images/sm_dogs.gif" is in the cache already and will not be downloaded again  	[MsgId: MMSG-26655]
Registration.c(83): Resource "https://petstore.octoperf.com/images/sm_reptiles.gif" is in the cache already and will not be downloaded again  	[MsgId: MMSG-26655]
Registration.c(83): Resource "https://petstore.octoperf.com/images/sm_cats.gif" is in the cache already and will not be downloaded again  	[MsgId: MMSG-26655]
Registration.c(83): Resource "https://petstore.octoperf.com/images/sm_birds.gif" is in the cache already and will not be downloaded again  	[MsgId: MMSG-26655]
Registration.c(83): Resource "https://petstore.octoperf.com/images/fish_icon.gif" is in the cache already and will not be downloaded again  	[MsgId: MMSG-26655]
Registration.c(83): Resource "https://petstore.octoperf.com/images/dogs_icon.gif" is in the cache already and will not be downloaded again  	[MsgId: MMSG-26655]
Registration.c(83): Resource "https://petstore.octoperf.com/images/cats_icon.gif" is in the cache already and will not be downloaded again  	[MsgId: MMSG-26655]
Registration.c(83): Resource "https://petstore.octoperf.com/images/reptiles_icon.gif" is in the cache already and will not be downloaded again  	[MsgId: MMSG-26655]
Registration.c(83): Resource "https://petstore.octoperf.com/images/birds_icon.gif" is in the cache already and will not be downloaded again  	[MsgId: MMSG-26655]
Registration.c(83): Resource "https://petstore.octoperf.com/images/splash.gif" is in the cache already and will not be downloaded again  	[MsgId: MMSG-26655]
Registration.c(83): Registered web_reg_find successful for "Text=Elevate you load-testing" (count=1)  	[MsgId: MMSG-26364]
Registration.c(83): web_submit_form("Account.action") was successful, 4736 body bytes, 443 header bytes  	[MsgId: MMSG-26386]
Registration.c(105): Notify: Transaction "PetStore_SubmitRegistration_T02" ended with a "Pass" status (Duration: 0.7914 Wasted Time: 0.0000).	[MsgId: MMSG-16871]
Registration.c(107): lr_think_time: 3.87 seconds (recorded think time was 5.00 seconds).	[MsgId: MMSG-15947]
Starting iteration 2.	[MsgId: MMSG-15968]
Notify: Next row for parameter PetStoreEndtoEndFlow_UserName_1 = 1 [table  = PetStoreEndtoEndFlow_UserName_1].	[MsgId: MMSG-13876]
Notify: Getting new value for parameter 'PetStoreEndtoEndFlow_UserName_1': table = 'UserCredentilas5.dat' column = '0' row = '1'.	[MsgId: MMSG-13877]
Notify: Next row for parameter PetStoreEndtoEndFlow_UserName_2 = 1 [table  = PetStoreEndtoEndFlow_UserName_2].	[MsgId: MMSG-13876]
Notify: Getting new value for parameter 'PetStoreEndtoEndFlow_UserName_2': table = 'UserCredentilas7.dat' column = '0' row = '1'.	[MsgId: MMSG-13877]
Notify: Next row for parameter UserName = 1 [table  = UserName].	[MsgId: MMSG-13876]
Notify: Getting new value for parameter 'UserName': table = 'UserCredentilas.dat' column = '0' row = '1'.	[MsgId: MMSG-13877]
Notify: Next row for parameter PetStoreEndtoEndFlow_UserName = 1 [table  = PetStoreEndtoEndFlow_UserName].	[MsgId: MMSG-13876]
Notify: Getting new value for parameter 'PetStoreEndtoEndFlow_UserName': table = 'UserCredentilas2.dat' column = '0' row = '1'.	[MsgId: MMSG-13877]
Notify: Next row for parameter PetStoreEndtoEndFlow_pass_1 = 1 [table  = PetStoreEndtoEndFlow_pass_1].	[MsgId: MMSG-13876]
Notify: Getting new value for parameter 'PetStoreEndtoEndFlow_pass_1': table = 'UserCredentilas6.dat' column = '0' row = '1'.	[MsgId: MMSG-13877]
Notify: Next row for parameter PetStoreEndtoEndFlow_pass_2 = 1 [table  = PetStoreEndtoEndFlow_pass_2].	[MsgId: MMSG-13876]
Notify: Getting new value for parameter 'PetStoreEndtoEndFlow_pass_2': table = 'UserCredentilas8.dat' column = '0' row = '1'.	[MsgId: MMSG-13877]
Notify: Next row for parameter pass = 1 [table  = pass].	[MsgId: MMSG-13876]
Notify: Getting new value for parameter 'pass': table = 'UserCredentilas.dat' column = '0' row = '1'.	[MsgId: MMSG-13877]
Notify: Next row for parameter PetStoreEndtoEndFlow_pass = 1 [table  = PetStoreEndtoEndFlow_pass].	[MsgId: MMSG-13876]
Notify: Getting new value for parameter 'PetStoreEndtoEndFlow_pass': table = 'UserCredentilas4.dat' column = '0' row = '1'.	[MsgId: MMSG-13877]
Starting action Login.	[MsgId: MMSG-15919]
Registration.c(15): Notify: Transaction "PetStore_ClickOnRegistration_T01" started.	[MsgId: MMSG-16999]
Registration.c(17): web_reg_find started  	[MsgId: MMSG-26355]
Registration.c(17): Registering web_reg_find was successful  	[MsgId: MMSG-26390]
Registration.c(20): web_link("Register Now!") started  	[MsgId: MMSG-26355]
Registration.c(20): Error -27985: There is no context for HTML-based functions. A previous function may not have used "Mode=HTML" or downloaded only non-HTML page(s), or the context has been reset (e.g., due to a GUI-based function)  	[MsgId: MERR-27985]
Registration.c(20): Warning -26379: Pending web_reg_save_param/web_reg_find/web_create_html_param/web_create_html_param_ex request(s) are deleted and will be handled as "not found"  	[MsgId: MWAR-26379]
Registration.c(20): Error -26366: "Text=User Information" not found for web_reg_find  	[MsgId: MERR-26366]
Registration.c(20): Error -26374: The above "not found" error(s) may be explained by header and body byte counts being 0 and 0, respectively.  	[MsgId: MERR-26374]
Registration.c(20): web_link("Register Now!") highest severity level was "ERROR", 0 body bytes, 0 header bytes  	[MsgId: MMSG-26388]
Registration.c(20): Notify: Transaction "PetStore_ClickOnRegistration_T01" ended with a "Fail" status (Duration: 0.0024).	[MsgId: MMSG-16873]
Registration.c(20): Notify: Transaction "PetStore_ClickOnRegistration_T01" has 3 error message(s).	[MsgId: MMSG-16818]
Registration.c(20): Notify: The 1st error message associated with transaction "PetStore_ClickOnRegistration_T01" is "Error -27985: There is no context for HTML-based functions. A previous function may not have used "Mode=HTML" or downloaded only non-HTML page(s), or the context has been reset (e.g., due to a GUI-based function)"	[MsgId: MMSG-16819]
Registration.c(20): Notify: The 2nd error message associated with transaction "PetStore_ClickOnRegistration_T01" is "Error -26366: "Text=User Information" not found for web_reg_find"	[MsgId: MMSG-16819]
Registration.c(20): Notify: The 3rd error message associated with transaction "PetStore_ClickOnRegistration_T01" is "Error -26374: The above "not found" error(s) may be explained by header and body byte counts being 0 and 0, respectively."	[MsgId: MMSG-16819]
Ending action Login.	[MsgId: MMSG-15918]
Ending iteration 2.	[MsgId: MMSG-15965]
Waiting 8.6490 seconds for iteration pacing.	[MsgId: MMSG-15996]
Registration.c(29): Notify: Transaction "PetStore_SubmitRegistration_T02" started.	[MsgId: MMSG-16999]
Registration.c(31): web_reg_find started  	[MsgId: MMSG-26355]
Registration.c(31): Registering web_reg_find was successful  	[MsgId: MMSG-26390]
Registration.c(38): Notify: Saving Parameter "randomUsername = AUBZ".	[MsgId: MMSG-13798]
Registration.c(44): Notify: Saving Parameter "randompass = rcoa".	[MsgId: MMSG-13798]
Registration.c(58): Notify: Saving Parameter "randomFirstName = puvbg".	[MsgId: MMSG-13798]
Registration.c(59): Notify: Saving Parameter "randomLastName = amfeo".	[MsgId: MMSG-13798]
Registration.c(71): Notify: Saving Parameter "RandomPhone = 9627298076".	[MsgId: MMSG-13798]
Registration.c(80): Notify: Saving Parameter "RandomZip = 018630".	[MsgId: MMSG-13798]
Registration.c(83): web_submit_form("Account.action") started  	[MsgId: MMSG-26355]
Registration.c(83): Notify: Parameter Substitution: parameter "randomUsername" =  "AUBZ"	[MsgId: MMSG-13992]
Registration.c(83): Notify: Parameter Substitution: parameter "randompass" =  "rcoa"	[MsgId: MMSG-13992]
Registration.c(83): Notify: Parameter Substitution: parameter "randompass" =  "rcoa"	[MsgId: MMSG-13992]
Registration.c(83): Notify: Parameter Substitution: parameter "randomFirstName" =  "puvbg"	[MsgId: MMSG-13992]
Registration.c(83): Notify: Parameter Substitution: parameter "randomLastName" =  "amfeo"	[MsgId: MMSG-13992]
Registration.c(83): Notify: Parameter Substitution: parameter "randomFirstName" =  "puvbg"	[MsgId: MMSG-13992]
Registration.c(83): Notify: Parameter Substitution: parameter "randomLastName" =  "amfeo"	[MsgId: MMSG-13992]
Registration.c(83): Notify: Parameter Substitution: parameter "RandomPhone" =  "9627298076"	[MsgId: MMSG-13992]
Registration.c(83): Notify: Parameter Substitution: parameter "RandomZip" =  "018630"	[MsgId: MMSG-13992]
Registration.c(83): Submitting form to "https://petstore.octoperf.com/actions/Account.action", Target Frame=""  	[MsgId: MMSG-27978]
Registration.c(83): Connection to petstore.octoperf.com:443 closed after being inactive for 64 seconds, exceeding the "HTTP Keep-Alive timeout" Runtime Setting (60 seconds). URL="[None]"  	[MsgId: MMSG-27647]
Registration.c(109): Notify: Transaction "PetStore_SignOut_T03" started.	[MsgId: MMSG-16999]
Registration.c(111): web_reg_find started  	[MsgId: MMSG-26355]
Registration.c(111): Registering web_reg_find was successful  	[MsgId: MMSG-26390]
Registration.c(114): web_url("Account.action_2") started  	[MsgId: MMSG-26355]
Registration.c(114): Redirecting "https://petstore.octoperf.com/actions/Account.action?signoff=" (redirection depth is 0)  	[MsgId: MMSG-26694]
Registration.c(114): To location "https://petstore.octoperf.com/actions/Catalog.action"  	[MsgId: MMSG-26693]
Registration.c(114): Resource "https://petstore.octoperf.com/css/jpetstore.css" is in the cache already and will not be downloaded again  	[MsgId: MMSG-26655]
Registration.c(114): Resource "https://petstore.octoperf.com/images/logo-topbar.svg" is in the cache already and will not be downloaded again  	[MsgId: MMSG-26655]
Registration.c(114): Resource "https://petstore.octoperf.com/images/cart.gif" is in the cache already and will not be downloaded again  	[MsgId: MMSG-26655]
Registration.c(114): Resource "https://petstore.octoperf.com/images/separator.gif" is in the cache already and will not be downloaded again  	[MsgId: MMSG-26655]
Registration.c(114): Resource "https://petstore.octoperf.com/images/sm_fish.gif" is in the cache already and will not be downloaded again  	[MsgId: MMSG-26655]
Registration.c(114): Resource "https://petstore.octoperf.com/images/sm_dogs.gif" is in the cache already and will not be downloaded again  	[MsgId: MMSG-26655]
Registration.c(114): Resource "https://petstore.octoperf.com/images/sm_reptiles.gif" is in the cache already and will not be downloaded again  	[MsgId: MMSG-26655]
Registration.c(114): Resource "https://petstore.octoperf.com/images/sm_cats.gif" is in the cache already and will not be downloaded again  	[MsgId: MMSG-26655]
Registration.c(114): Resource "https://petstore.octoperf.com/images/sm_birds.gif" is in the cache already and will not be downloaded again  	[MsgId: MMSG-26655]
Registration.c(114): Resource "https://petstore.octoperf.com/images/fish_icon.gif" is in the cache already and will not be downloaded again  	[MsgId: MMSG-26655]
Registration.c(114): Resource "https://petstore.octoperf.com/images/dogs_icon.gif" is in the cache already and will not be downloaded again  	[MsgId: MMSG-26655]
Registration.c(114): Resource "https://petstore.octoperf.com/images/cats_icon.gif" is in the cache already and will not be downloaded again  	[MsgId: MMSG-26655]
Registration.c(114): Resource "https://petstore.octoperf.com/images/reptiles_icon.gif" is in the cache already and will not be downloaded again  	[MsgId: MMSG-26655]
Registration.c(114): Resource "https://petstore.octoperf.com/images/birds_icon.gif" is in the cache already and will not be downloaded again  	[MsgId: MMSG-26655]
Registration.c(114): Resource "https://petstore.octoperf.com/images/splash.gif" is in the cache already and will not be downloaded again  	[MsgId: MMSG-26655]
Registration.c(114): Registered web_reg_find successful for "Text=Sign In" (count=1)  	[MsgId: MMSG-26364]
Registration.c(114): web_url("Account.action_2") was successful, 4736 body bytes, 518 header bytes  	[MsgId: MMSG-26386]
Registration.c(123): Notify: Transaction "PetStore_SignOut_T03" ended with a "Pass" status (Duration: 0.2505 Wasted Time: 0.0000).	[MsgId: MMSG-16871]
Login.c(4): Notify: Transaction "PetStore_ClickOnSignIn_T01" started.	[MsgId: MMSG-16999]
Login.c(6): web_reg_find started  	[MsgId: MMSG-26355]
Login.c(6): Registering web_reg_find was successful  	[MsgId: MMSG-26390]
Login.c(9): web_link("Sign In") started  	[MsgId: MMSG-26355]
Login.c(9): Linking to "https://petstore.octoperf.com/actions/Account.action?signonForm=", Target Frame=""  	[MsgId: MMSG-27994]
Login.c(9): Resource "https://petstore.octoperf.com/css/jpetstore.css" is in the cache already and will not be downloaded again  	[MsgId: MMSG-26655]
Login.c(9): Resource "https://petstore.octoperf.com/images/logo-topbar.svg" is in the cache already and will not be downloaded again  	[MsgId: MMSG-26655]
Login.c(9): Resource "https://petstore.octoperf.com/images/cart.gif" is in the cache already and will not be downloaded again  	[MsgId: MMSG-26655]
Login.c(9): Resource "https://petstore.octoperf.com/images/separator.gif" is in the cache already and will not be downloaded again  	[MsgId: MMSG-26655]
Login.c(9): Resource "https://petstore.octoperf.com/images/sm_fish.gif" is in the cache already and will not be downloaded again  	[MsgId: MMSG-26655]
Login.c(9): Resource "https://petstore.octoperf.com/images/sm_dogs.gif" is in the cache already and will not be downloaded again  	[MsgId: MMSG-26655]
Login.c(9): Resource "https://petstore.octoperf.com/images/sm_reptiles.gif" is in the cache already and will not be downloaded again  	[MsgId: MMSG-26655]
Login.c(9): Resource "https://petstore.octoperf.com/images/sm_cats.gif" is in the cache already and will not be downloaded again  	[MsgId: MMSG-26655]
Login.c(9): Resource "https://petstore.octoperf.com/images/sm_birds.gif" is in the cache already and will not be downloaded again  	[MsgId: MMSG-26655]
Login.c(9): Registered web_reg_find successful for "Text=Please enter your username and password" (count=1)  	[MsgId: MMSG-26364]
Login.c(9): web_link("Sign In") was successful, 3856 body bytes, 225 header bytes  	[MsgId: MMSG-26386]
Login.c(13): Notify: Transaction "PetStore_ClickOnSignIn_T01" ended with a "Pass" status (Duration: 0.1261 Wasted Time: 0.0000).	[MsgId: MMSG-16871]
Login.c(15): lr_think_time: 3.00 seconds (recorded think time was 5.00 seconds).	[MsgId: MMSG-15947]
Starting iteration 1.	[MsgId: MMSG-15968]
Warning -27077: The "vuser_init" section contains web function(s) when the "Simulate a new user on each iteration" Runtime Setting is ON.  This may produce unpredictable results with multiple iterations  	[MsgId: MWAR-27077]
Maximum number of concurrent connections per server: 6  	[MsgId: MMSG-26989]
Starting action Login.	[MsgId: MMSG-15919]
Registration.c(15): Notify: Transaction "PetStore_ClickOnRegistration_T01" started.	[MsgId: MMSG-16999]
Registration.c(17): web_reg_find started  	[MsgId: MMSG-26355]
Registration.c(17): Registering web_reg_find was successful  	[MsgId: MMSG-26390]
Registration.c(20): web_link("Register Now!") started  	[MsgId: MMSG-26355]
Registration.c(20): Linking to "https://petstore.octoperf.com/actions/Account.action?newAccountForm=", Target Frame=""  	[MsgId: MMSG-27994]
Registration.c(83): Redirecting "https://petstore.octoperf.com/actions/Account.action" (redirection depth is 0)  	[MsgId: MMSG-26694]
Registration.c(83): To location "https://petstore.octoperf.com/actions/Catalog.action"  	[MsgId: MMSG-26693]
Registration.c(20): Resource "https://petstore.octoperf.com/css/jpetstore.css" is in the cache already and will not be downloaded again  	[MsgId: MMSG-26655]
Registration.c(20): Resource "https://petstore.octoperf.com/images/logo-topbar.svg" is in the cache already and will not be downloaded again  	[MsgId: MMSG-26655]
Registration.c(20): Resource "https://petstore.octoperf.com/images/cart.gif" is in the cache already and will not be downloaded again  	[MsgId: MMSG-26655]
Registration.c(20): Resource "https://petstore.octoperf.com/images/separator.gif" is in the cache already and will not be downloaded again  	[MsgId: MMSG-26655]
Registration.c(20): Resource "https://petstore.octoperf.com/images/sm_fish.gif" is in the cache already and will not be downloaded again  	[MsgId: MMSG-26655]
Registration.c(20): Resource "https://petstore.octoperf.com/images/sm_dogs.gif" is in the cache already and will not be downloaded again  	[MsgId: MMSG-26655]
Registration.c(20): Resource "https://petstore.octoperf.com/images/sm_reptiles.gif" is in the cache already and will not be downloaded again  	[MsgId: MMSG-26655]
Registration.c(20): Resource "https://petstore.octoperf.com/images/sm_cats.gif" is in the cache already and will not be downloaded again  	[MsgId: MMSG-26655]
Registration.c(20): Resource "https://petstore.octoperf.com/images/sm_birds.gif" is in the cache already and will not be downloaded again  	[MsgId: MMSG-26655]
Registration.c(20): Registered web_reg_find successful for "Text=User Information" (count=1)  	[MsgId: MMSG-26364]
Registration.c(20): web_link("Register Now!") was successful, 5821 body bytes, 225 header bytes  	[MsgId: MMSG-26386]
Registration.c(25): Notify: Transaction "PetStore_ClickOnRegistration_T01" ended with a "Pass" status (Duration: 0.1267 Wasted Time: 0.0000).	[MsgId: MMSG-16871]
Registration.c(27): lr_think_time: 4.35 seconds (recorded think time was 5.00 seconds).	[MsgId: MMSG-15947]
Registration.c(83): Resource "https://petstore.octoperf.com/css/jpetstore.css" is in the cache already and will not be downloaded again  	[MsgId: MMSG-26655]
Registration.c(83): Resource "https://petstore.octoperf.com/images/logo-topbar.svg" is in the cache already and will not be downloaded again  	[MsgId: MMSG-26655]
Registration.c(83): Resource "https://petstore.octoperf.com/images/cart.gif" is in the cache already and will not be downloaded again  	[MsgId: MMSG-26655]
Registration.c(83): Resource "https://petstore.octoperf.com/images/separator.gif" is in the cache already and will not be downloaded again  	[MsgId: MMSG-26655]
Registration.c(83): Resource "https://petstore.octoperf.com/images/sm_fish.gif" is in the cache already and will not be downloaded again  	[MsgId: MMSG-26655]
Registration.c(83): Resource "https://petstore.octoperf.com/images/sm_dogs.gif" is in the cache already and will not be downloaded again  	[MsgId: MMSG-26655]
Registration.c(83): Resource "https://petstore.octoperf.com/images/sm_reptiles.gif" is in the cache already and will not be downloaded again  	[MsgId: MMSG-26655]
Registration.c(83): Resource "https://petstore.octoperf.com/images/sm_cats.gif" is in the cache already and will not be downloaded again  	[MsgId: MMSG-26655]
Registration.c(83): Resource "https://petstore.octoperf.com/images/sm_birds.gif" is in the cache already and will not be downloaded again  	[MsgId: MMSG-26655]
Registration.c(83): Resource "https://petstore.octoperf.com/images/fish_icon.gif" is in the cache already and will not be downloaded again  	[MsgId: MMSG-26655]
Registration.c(83): Resource "https://petstore.octoperf.com/images/dogs_icon.gif" is in the cache already and will not be downloaded again  	[MsgId: MMSG-26655]
Registration.c(83): Resource "https://petstore.octoperf.com/images/cats_icon.gif" is in the cache already and will not be downloaded again  	[MsgId: MMSG-26655]
Registration.c(83): Resource "https://petstore.octoperf.com/images/reptiles_icon.gif" is in the cache already and will not be downloaded again  	[MsgId: MMSG-26655]
Registration.c(83): Resource "https://petstore.octoperf.com/images/birds_icon.gif" is in the cache already and will not be downloaded again  	[MsgId: MMSG-26655]
Registration.c(83): Resource "https://petstore.octoperf.com/images/splash.gif" is in the cache already and will not be downloaded again  	[MsgId: MMSG-26655]
Registration.c(83): Registered web_reg_find successful for "Text=Elevate you load-testing" (count=1)  	[MsgId: MMSG-26364]
Registration.c(83): web_submit_form("Account.action") was successful, 4736 body bytes, 443 header bytes  	[MsgId: MMSG-26386]
Registration.c(105): Notify: Transaction "PetStore_SubmitRegistration_T02" ended with a "Pass" status (Duration: 0.8121 Wasted Time: 0.0000).	[MsgId: MMSG-16871]
Registration.c(107): lr_think_time: 4.33 seconds (recorded think time was 5.00 seconds).	[MsgId: MMSG-15947]
Starting iteration 4.	[MsgId: MMSG-15968]
Notify: Next row for parameter PetStoreEndtoEndFlow_UserName_1 = 1 [table  = PetStoreEndtoEndFlow_UserName_1].	[MsgId: MMSG-13876]
Notify: Getting new value for parameter 'PetStoreEndtoEndFlow_UserName_1': table = 'UserCredentilas5.dat' column = '0' row = '1'.	[MsgId: MMSG-13877]
Notify: Next row for parameter PetStoreEndtoEndFlow_UserName_2 = 1 [table  = PetStoreEndtoEndFlow_UserName_2].	[MsgId: MMSG-13876]
Notify: Getting new value for parameter 'PetStoreEndtoEndFlow_UserName_2': table = 'UserCredentilas7.dat' column = '0' row = '1'.	[MsgId: MMSG-13877]
Notify: Next row for parameter UserName = 1 [table  = UserName].	[MsgId: MMSG-13876]
Notify: Getting new value for parameter 'UserName': table = 'UserCredentilas.dat' column = '0' row = '1'.	[MsgId: MMSG-13877]
Notify: Next row for parameter PetStoreEndtoEndFlow_UserName = 1 [table  = PetStoreEndtoEndFlow_UserName].	[MsgId: MMSG-13876]
Notify: Getting new value for parameter 'PetStoreEndtoEndFlow_UserName': table = 'UserCredentilas2.dat' column = '0' row = '1'.	[MsgId: MMSG-13877]
Notify: Next row for parameter PetStoreEndtoEndFlow_pass_1 = 1 [table  = PetStoreEndtoEndFlow_pass_1].	[MsgId: MMSG-13876]
Notify: Getting new value for parameter 'PetStoreEndtoEndFlow_pass_1': table = 'UserCredentilas6.dat' column = '0' row = '1'.	[MsgId: MMSG-13877]
Notify: Next row for parameter PetStoreEndtoEndFlow_pass_2 = 1 [table  = PetStoreEndtoEndFlow_pass_2].	[MsgId: MMSG-13876]
Notify: Getting new value for parameter 'PetStoreEndtoEndFlow_pass_2': table = 'UserCredentilas8.dat' column = '0' row = '1'.	[MsgId: MMSG-13877]
Notify: Next row for parameter pass = 1 [table  = pass].	[MsgId: MMSG-13876]
Notify: Getting new value for parameter 'pass': table = 'UserCredentilas.dat' column = '0' row = '1'.	[MsgId: MMSG-13877]
Notify: Next row for parameter PetStoreEndtoEndFlow_pass = 1 [table  = PetStoreEndtoEndFlow_pass].	[MsgId: MMSG-13876]
Notify: Getting new value for parameter 'PetStoreEndtoEndFlow_pass': table = 'UserCredentilas4.dat' column = '0' row = '1'.	[MsgId: MMSG-13877]
Starting action Login.	[MsgId: MMSG-15919]
Registration.c(15): Notify: Transaction "PetStore_ClickOnRegistration_T01" started.	[MsgId: MMSG-16999]
Registration.c(17): web_reg_find started  	[MsgId: MMSG-26355]
Registration.c(17): Registering web_reg_find was successful  	[MsgId: MMSG-26390]
Registration.c(20): web_link("Register Now!") started  	[MsgId: MMSG-26355]
Registration.c(20): Error -27985: There is no context for HTML-based functions. A previous function may not have used "Mode=HTML" or downloaded only non-HTML page(s), or the context has been reset (e.g., due to a GUI-based function)  	[MsgId: MERR-27985]
Registration.c(20): Warning -26379: Pending web_reg_save_param/web_reg_find/web_create_html_param/web_create_html_param_ex request(s) are deleted and will be handled as "not found"  	[MsgId: MWAR-26379]
Registration.c(20): Error -26366: "Text=User Information" not found for web_reg_find  	[MsgId: MERR-26366]
Registration.c(20): Error -26374: The above "not found" error(s) may be explained by header and body byte counts being 0 and 0, respectively.  	[MsgId: MERR-26374]
Registration.c(20): web_link("Register Now!") highest severity level was "ERROR", 0 body bytes, 0 header bytes  	[MsgId: MMSG-26388]
Registration.c(20): Notify: Transaction "PetStore_ClickOnRegistration_T01" ended with a "Fail" status (Duration: 0.0010).	[MsgId: MMSG-16873]
Registration.c(20): Notify: Transaction "PetStore_ClickOnRegistration_T01" has 3 error message(s).	[MsgId: MMSG-16818]
Registration.c(20): Notify: The 1st error message associated with transaction "PetStore_ClickOnRegistration_T01" is "Error -27985: There is no context for HTML-based functions. A previous function may not have used "Mode=HTML" or downloaded only non-HTML page(s), or the context has been reset (e.g., due to a GUI-based function)"	[MsgId: MMSG-16819]
Registration.c(20): Notify: The 2nd error message associated with transaction "PetStore_ClickOnRegistration_T01" is "Error -26366: "Text=User Information" not found for web_reg_find"	[MsgId: MMSG-16819]
Registration.c(20): Notify: The 3rd error message associated with transaction "PetStore_ClickOnRegistration_T01" is "Error -26374: The above "not found" error(s) may be explained by header and body byte counts being 0 and 0, respectively."	[MsgId: MMSG-16819]
Ending action Login.	[MsgId: MMSG-15918]
Ending iteration 4.	[MsgId: MMSG-15965]
Waiting 8.1050 seconds for iteration pacing.	[MsgId: MMSG-15996]
Login.c(17): Notify: Transaction "PetStore_Login_T01" started.	[MsgId: MMSG-16999]
Login.c(18): web_reg_find started  	[MsgId: MMSG-26355]
Login.c(18): Registering web_reg_find was successful  	[MsgId: MMSG-26390]
Login.c(20): web_reg_save_param_regexp started  	[MsgId: MMSG-26355]
Login.c(20): Registering web_reg_save_param_regexp was successful  	[MsgId: MMSG-26390]
Login.c(26): web_submit_form("Account.action") started  	[MsgId: MMSG-26355]
Login.c(26): Notify: Parameter Substitution: parameter "randomUsername" =  "KCGQ"	[MsgId: MMSG-13992]
Login.c(26): Notify: Parameter Substitution: parameter "randompass" =  "syiy"	[MsgId: MMSG-13992]
Login.c(26): Submitting form to "https://petstore.octoperf.com/actions/Account.action", Target Frame=""  	[MsgId: MMSG-27978]
Login.c(26): Redirecting "https://petstore.octoperf.com/actions/Account.action" (redirection depth is 0)  	[MsgId: MMSG-26694]
Login.c(26): To location "https://petstore.octoperf.com/actions/Catalog.action"  	[MsgId: MMSG-26693]
Login.c(26): Resource "https://petstore.octoperf.com/css/jpetstore.css" is in the cache already and will not be downloaded again  	[MsgId: MMSG-26655]
Login.c(26): Resource "https://petstore.octoperf.com/images/logo-topbar.svg" is in the cache already and will not be downloaded again  	[MsgId: MMSG-26655]
Login.c(26): Resource "https://petstore.octoperf.com/images/cart.gif" is in the cache already and will not be downloaded again  	[MsgId: MMSG-26655]
Login.c(26): Resource "https://petstore.octoperf.com/images/separator.gif" is in the cache already and will not be downloaded again  	[MsgId: MMSG-26655]
Login.c(26): Resource "https://petstore.octoperf.com/images/sm_fish.gif" is in the cache already and will not be downloaded again  	[MsgId: MMSG-26655]
Login.c(26): Resource "https://petstore.octoperf.com/images/sm_dogs.gif" is in the cache already and will not be downloaded again  	[MsgId: MMSG-26655]
Login.c(26): Resource "https://petstore.octoperf.com/images/sm_reptiles.gif" is in the cache already and will not be downloaded again  	[MsgId: MMSG-26655]
Login.c(26): Resource "https://petstore.octoperf.com/images/sm_cats.gif" is in the cache already and will not be downloaded again  	[MsgId: MMSG-26655]
Login.c(26): Resource "https://petstore.octoperf.com/images/sm_birds.gif" is in the cache already and will not be downloaded again  	[MsgId: MMSG-26655]
Login.c(26): Resource "https://petstore.octoperf.com/images/fish_icon.gif" is in the cache already and will not be downloaded again  	[MsgId: MMSG-26655]
Login.c(26): Resource "https://petstore.octoperf.com/images/dogs_icon.gif" is in the cache already and will not be downloaded again  	[MsgId: MMSG-26655]
Login.c(26): Resource "https://petstore.octoperf.com/images/cats_icon.gif" is in the cache already and will not be downloaded again  	[MsgId: MMSG-26655]
Login.c(26): Resource "https://petstore.octoperf.com/images/reptiles_icon.gif" is in the cache already and will not be downloaded again  	[MsgId: MMSG-26655]
Login.c(26): Resource "https://petstore.octoperf.com/images/birds_icon.gif" is in the cache already and will not be downloaded again  	[MsgId: MMSG-26655]
Login.c(26): Resource "https://petstore.octoperf.com/images/splash.gif" is in the cache already and will not be downloaded again  	[MsgId: MMSG-26655]
Login.c(26): Found resource "https://petstore.octoperf.com/images/banner_fish.gif" in HTML "https://petstore.octoperf.com/actions/Catalog.action"  	[MsgId: MMSG-26659]
Login.c(26): Notify: Saving Parameter "ProductName_1 = BIRDS".	[MsgId: MMSG-13798]
Login.c(26): Notify: Saving Parameter "ProductName_2 = FISH".	[MsgId: MMSG-13798]
Login.c(26): Notify: Saving Parameter "ProductName_3 = DOGS".	[MsgId: MMSG-13798]
Login.c(26): Notify: Saving Parameter "ProductName_4 = REPTILES".	[MsgId: MMSG-13798]
Login.c(26): Notify: Saving Parameter "ProductName_5 = CATS".	[MsgId: MMSG-13798]
Login.c(26): Notify: Saving Parameter "ProductName_6 = BIRDS".	[MsgId: MMSG-13798]
Login.c(26): Notify: Saving Parameter "ProductName_count = 6".	[MsgId: MMSG-13798]
Login.c(26): Registered web_reg_find successful for "Text=My Account" (count=1)  	[MsgId: MMSG-26364]
Login.c(26): web_submit_form("Account.action") was successful, 11416 body bytes, 727 header bytes  	[MsgId: MMSG-26386]
Login.c(34): Notify: Transaction "PetStore_Login_T01" ended with a "Pass" status (Duration: 0.4989 Wasted Time: 0.0005).	[MsgId: MMSG-16871]
Ending action Login.	[MsgId: MMSG-15918]
Starting action AddToCard.	[MsgId: MMSG-15919]
AddToCard.c(8): Notify: Transaction "PetStore_AddAproduct_T01" started.	[MsgId: MMSG-16999]
AddToCard.c(11): Notify: Parameter Substitution: parameter "ProductName_count" =  "6"	[MsgId: MMSG-13992]
AddToCard.c(12): Notify: Parameter Substitution: parameter "ProductName_1" =  "BIRDS"	[MsgId: MMSG-13992]
AddToCard.c(14): Notify: Saving Parameter "RandCategory = BIRDS".	[MsgId: MMSG-13798]
AddToCard.c(15): Notify: Parameter Substitution: parameter "RandCategory" =  "BIRDS"	[MsgId: MMSG-13992]
AddToCard.c(15): Random category selected in Action2 = BIRDS	[MsgId: MMSG-17999]
AddToCard.c(17): web_reg_find started  	[MsgId: MMSG-26355]
AddToCard.c(17): Notify: Parameter Substitution: parameter "RandCategory" =  "BIRDS"	[MsgId: MMSG-13992]
AddToCard.c(17): Registering web_reg_find was successful  	[MsgId: MMSG-26390]
AddToCard.c(20): web_reg_save_param_regexp started  	[MsgId: MMSG-26355]
AddToCard.c(20): Registering web_reg_save_param_regexp was successful  	[MsgId: MMSG-26390]
AddToCard.c(27): web_url("Catalog.action_2") started  	[MsgId: MMSG-26355]
AddToCard.c(27): Notify: Parameter Substitution: parameter "RandCategory" =  "BIRDS"	[MsgId: MMSG-13992]
AddToCard.c(27): Resource "https://petstore.octoperf.com/css/jpetstore.css" is in the cache already and will not be downloaded again  	[MsgId: MMSG-26655]
AddToCard.c(27): Resource "https://petstore.octoperf.com/images/logo-topbar.svg" is in the cache already and will not be downloaded again  	[MsgId: MMSG-26655]
AddToCard.c(27): Resource "https://petstore.octoperf.com/images/cart.gif" is in the cache already and will not be downloaded again  	[MsgId: MMSG-26655]
AddToCard.c(27): Resource "https://petstore.octoperf.com/images/separator.gif" is in the cache already and will not be downloaded again  	[MsgId: MMSG-26655]
AddToCard.c(27): Resource "https://petstore.octoperf.com/images/sm_fish.gif" is in the cache already and will not be downloaded again  	[MsgId: MMSG-26655]
AddToCard.c(27): Resource "https://petstore.octoperf.com/images/sm_dogs.gif" is in the cache already and will not be downloaded again  	[MsgId: MMSG-26655]
AddToCard.c(27): Resource "https://petstore.octoperf.com/images/sm_reptiles.gif" is in the cache already and will not be downloaded again  	[MsgId: MMSG-26655]
AddToCard.c(27): Resource "https://petstore.octoperf.com/images/sm_cats.gif" is in the cache already and will not be downloaded again  	[MsgId: MMSG-26655]
AddToCard.c(27): Resource "https://petstore.octoperf.com/images/sm_birds.gif" is in the cache already and will not be downloaded again  	[MsgId: MMSG-26655]
AddToCard.c(27): Resource "https://petstore.octoperf.com/images/banner_fish.gif" is in the cache already and will not be downloaded again  	[MsgId: MMSG-26655]
AddToCard.c(27): Notify: Saving Parameter "productId_1 = AV-CB-01".	[MsgId: MMSG-13798]
AddToCard.c(27): Notify: Saving Parameter "productId_2 = AV-SB-02".	[MsgId: MMSG-13798]
AddToCard.c(27): Notify: Saving Parameter "productId_count = 2".	[MsgId: MMSG-13798]
AddToCard.c(27): Registered web_reg_find successful for "Text=BIRDS" (count=1)  	[MsgId: MMSG-26364]
AddToCard.c(27): web_url("Catalog.action_2") was successful, 3625 body bytes, 225 header bytes  	[MsgId: MMSG-26386]
AddToCard.c(36): Notify: Transaction "PetStore_AddAproduct_T01" ended with a "Pass" status (Duration: 0.1264 Wasted Time: 0.0004).	[MsgId: MMSG-16871]
AddToCard.c(38): lr_think_time: 3.97 seconds (recorded think time was 5.00 seconds).	[MsgId: MMSG-15947]
Starting iteration 4.	[MsgId: MMSG-15968]
Notify: Next row for parameter PetStoreEndtoEndFlow_UserName_1 = 1 [table  = PetStoreEndtoEndFlow_UserName_1].	[MsgId: MMSG-13876]
Notify: Getting new value for parameter 'PetStoreEndtoEndFlow_UserName_1': table = 'UserCredentilas5.dat' column = '0' row = '1'.	[MsgId: MMSG-13877]
Notify: Next row for parameter PetStoreEndtoEndFlow_UserName_2 = 1 [table  = PetStoreEndtoEndFlow_UserName_2].	[MsgId: MMSG-13876]
Notify: Getting new value for parameter 'PetStoreEndtoEndFlow_UserName_2': table = 'UserCredentilas7.dat' column = '0' row = '1'.	[MsgId: MMSG-13877]
Notify: Next row for parameter UserName = 1 [table  = UserName].	[MsgId: MMSG-13876]
Notify: Getting new value for parameter 'UserName': table = 'UserCredentilas.dat' column = '0' row = '1'.	[MsgId: MMSG-13877]
Notify: Next row for parameter PetStoreEndtoEndFlow_UserName = 1 [table  = PetStoreEndtoEndFlow_UserName].	[MsgId: MMSG-13876]
Notify: Getting new value for parameter 'PetStoreEndtoEndFlow_UserName': table = 'UserCredentilas2.dat' column = '0' row = '1'.	[MsgId: MMSG-13877]
Notify: Next row for parameter PetStoreEndtoEndFlow_pass_1 = 1 [table  = PetStoreEndtoEndFlow_pass_1].	[MsgId: MMSG-13876]
Notify: Getting new value for parameter 'PetStoreEndtoEndFlow_pass_1': table = 'UserCredentilas6.dat' column = '0' row = '1'.	[MsgId: MMSG-13877]
Notify: Next row for parameter PetStoreEndtoEndFlow_pass_2 = 1 [table  = PetStoreEndtoEndFlow_pass_2].	[MsgId: MMSG-13876]
Notify: Getting new value for parameter 'PetStoreEndtoEndFlow_pass_2': table = 'UserCredentilas8.dat' column = '0' row = '1'.	[MsgId: MMSG-13877]
Notify: Next row for parameter pass = 1 [table  = pass].	[MsgId: MMSG-13876]
Notify: Getting new value for parameter 'pass': table = 'UserCredentilas.dat' column = '0' row = '1'.	[MsgId: MMSG-13877]
Notify: Next row for parameter PetStoreEndtoEndFlow_pass = 1 [table  = PetStoreEndtoEndFlow_pass].	[MsgId: MMSG-13876]
Notify: Getting new value for parameter 'PetStoreEndtoEndFlow_pass': table = 'UserCredentilas4.dat' column = '0' row = '1'.	[MsgId: MMSG-13877]
Starting action Login.	[MsgId: MMSG-15919]
Registration.c(15): Notify: Transaction "PetStore_ClickOnRegistration_T01" started.	[MsgId: MMSG-16999]
Registration.c(17): web_reg_find started  	[MsgId: MMSG-26355]
Registration.c(17): Registering web_reg_find was successful  	[MsgId: MMSG-26390]
Registration.c(20): web_link("Register Now!") started  	[MsgId: MMSG-26355]
Registration.c(20): Error -27985: There is no context for HTML-based functions. A previous function may not have used "Mode=HTML" or downloaded only non-HTML page(s), or the context has been reset (e.g., due to a GUI-based function)  	[MsgId: MERR-27985]
Registration.c(20): Warning -26379: Pending web_reg_save_param/web_reg_find/web_create_html_param/web_create_html_param_ex request(s) are deleted and will be handled as "not found"  	[MsgId: MWAR-26379]
Registration.c(20): Error -26366: "Text=User Information" not found for web_reg_find  	[MsgId: MERR-26366]
Registration.c(20): Error -26374: The above "not found" error(s) may be explained by header and body byte counts being 0 and 0, respectively.  	[MsgId: MERR-26374]
Registration.c(20): web_link("Register Now!") highest severity level was "ERROR", 0 body bytes, 0 header bytes  	[MsgId: MMSG-26388]
Registration.c(20): Notify: Transaction "PetStore_ClickOnRegistration_T01" ended with a "Fail" status (Duration: 0.0011).	[MsgId: MMSG-16873]
Registration.c(20): Notify: Transaction "PetStore_ClickOnRegistration_T01" has 3 error message(s).	[MsgId: MMSG-16818]
Registration.c(20): Notify: The 1st error message associated with transaction "PetStore_ClickOnRegistration_T01" is "Error -27985: There is no context for HTML-based functions. A previous function may not have used "Mode=HTML" or downloaded only non-HTML page(s), or the context has been reset (e.g., due to a GUI-based function)"	[MsgId: MMSG-16819]
Registration.c(20): Notify: The 2nd error message associated with transaction "PetStore_ClickOnRegistration_T01" is "Error -26366: "Text=User Information" not found for web_reg_find"	[MsgId: MMSG-16819]
Registration.c(20): Notify: The 3rd error message associated with transaction "PetStore_ClickOnRegistration_T01" is "Error -26374: The above "not found" error(s) may be explained by header and body byte counts being 0 and 0, respectively."	[MsgId: MMSG-16819]
Ending action Login.	[MsgId: MMSG-15918]
Ending iteration 4.	[MsgId: MMSG-15965]
Waiting 8.9840 seconds for iteration pacing.	[MsgId: MMSG-15996]
Starting iteration 3.	[MsgId: MMSG-15968]
Notify: Next row for parameter PetStoreEndtoEndFlow_UserName_1 = 1 [table  = PetStoreEndtoEndFlow_UserName_1].	[MsgId: MMSG-13876]
Notify: Getting new value for parameter 'PetStoreEndtoEndFlow_UserName_1': table = 'UserCredentilas5.dat' column = '0' row = '1'.	[MsgId: MMSG-13877]
Notify: Next row for parameter PetStoreEndtoEndFlow_UserName_2 = 1 [table  = PetStoreEndtoEndFlow_UserName_2].	[MsgId: MMSG-13876]
Notify: Getting new value for parameter 'PetStoreEndtoEndFlow_UserName_2': table = 'UserCredentilas7.dat' column = '0' row = '1'.	[MsgId: MMSG-13877]
Notify: Next row for parameter UserName = 1 [table  = UserName].	[MsgId: MMSG-13876]
Notify: Getting new value for parameter 'UserName': table = 'UserCredentilas.dat' column = '0' row = '1'.	[MsgId: MMSG-13877]
Notify: Next row for parameter PetStoreEndtoEndFlow_UserName = 1 [table  = PetStoreEndtoEndFlow_UserName].	[MsgId: MMSG-13876]
Notify: Getting new value for parameter 'PetStoreEndtoEndFlow_UserName': table = 'UserCredentilas2.dat' column = '0' row = '1'.	[MsgId: MMSG-13877]
Notify: Next row for parameter PetStoreEndtoEndFlow_pass_1 = 1 [table  = PetStoreEndtoEndFlow_pass_1].	[MsgId: MMSG-13876]
Notify: Getting new value for parameter 'PetStoreEndtoEndFlow_pass_1': table = 'UserCredentilas6.dat' column = '0' row = '1'.	[MsgId: MMSG-13877]
Notify: Next row for parameter PetStoreEndtoEndFlow_pass_2 = 1 [table  = PetStoreEndtoEndFlow_pass_2].	[MsgId: MMSG-13876]
Notify: Getting new value for parameter 'PetStoreEndtoEndFlow_pass_2': table = 'UserCredentilas8.dat' column = '0' row = '1'.	[MsgId: MMSG-13877]
Notify: Next row for parameter pass = 1 [table  = pass].	[MsgId: MMSG-13876]
Notify: Getting new value for parameter 'pass': table = 'UserCredentilas.dat' column = '0' row = '1'.	[MsgId: MMSG-13877]
Notify: Next row for parameter PetStoreEndtoEndFlow_pass = 1 [table  = PetStoreEndtoEndFlow_pass].	[MsgId: MMSG-13876]
Notify: Getting new value for parameter 'PetStoreEndtoEndFlow_pass': table = 'UserCredentilas4.dat' column = '0' row = '1'.	[MsgId: MMSG-13877]
Starting action Login.	[MsgId: MMSG-15919]
Registration.c(15): Notify: Transaction "PetStore_ClickOnRegistration_T01" started.	[MsgId: MMSG-16999]
Registration.c(17): web_reg_find started  	[MsgId: MMSG-26355]
Registration.c(17): Registering web_reg_find was successful  	[MsgId: MMSG-26390]
Registration.c(20): web_link("Register Now!") started  	[MsgId: MMSG-26355]
Registration.c(20): Error -27985: There is no context for HTML-based functions. A previous function may not have used "Mode=HTML" or downloaded only non-HTML page(s), or the context has been reset (e.g., due to a GUI-based function)  	[MsgId: MERR-27985]
Registration.c(20): Warning -26379: Pending web_reg_save_param/web_reg_find/web_create_html_param/web_create_html_param_ex request(s) are deleted and will be handled as "not found"  	[MsgId: MWAR-26379]
Registration.c(20): Error -26366: "Text=User Information" not found for web_reg_find  	[MsgId: MERR-26366]
Registration.c(20): Error -26374: The above "not found" error(s) may be explained by header and body byte counts being 0 and 0, respectively.  	[MsgId: MERR-26374]
Registration.c(20): web_link("Register Now!") highest severity level was "ERROR", 0 body bytes, 0 header bytes  	[MsgId: MMSG-26388]
Registration.c(20): Notify: Transaction "PetStore_ClickOnRegistration_T01" ended with a "Fail" status (Duration: 0.0011).	[MsgId: MMSG-16873]
Registration.c(20): Notify: Transaction "PetStore_ClickOnRegistration_T01" has 3 error message(s).	[MsgId: MMSG-16818]
Registration.c(20): Notify: The 1st error message associated with transaction "PetStore_ClickOnRegistration_T01" is "Error -27985: There is no context for HTML-based functions. A previous function may not have used "Mode=HTML" or downloaded only non-HTML page(s), or the context has been reset (e.g., due to a GUI-based function)"	[MsgId: MMSG-16819]
Registration.c(20): Notify: The 2nd error message associated with transaction "PetStore_ClickOnRegistration_T01" is "Error -26366: "Text=User Information" not found for web_reg_find"	[MsgId: MMSG-16819]
Registration.c(20): Notify: The 3rd error message associated with transaction "PetStore_ClickOnRegistration_T01" is "Error -26374: The above "not found" error(s) may be explained by header and body byte counts being 0 and 0, respectively."	[MsgId: MMSG-16819]
Ending action Login.	[MsgId: MMSG-15918]
Ending iteration 3.	[MsgId: MMSG-15965]
Waiting 8.5870 seconds for iteration pacing.	[MsgId: MMSG-15996]
Registration.c(29): Notify: Transaction "PetStore_SubmitRegistration_T02" started.	[MsgId: MMSG-16999]
Registration.c(31): web_reg_find started  	[MsgId: MMSG-26355]
Registration.c(31): Registering web_reg_find was successful  	[MsgId: MMSG-26390]
Registration.c(38): Notify: Saving Parameter "randomUsername = QEOH".	[MsgId: MMSG-13798]
Registration.c(44): Notify: Saving Parameter "randompass = qydk".	[MsgId: MMSG-13798]
Registration.c(58): Notify: Saving Parameter "randomFirstName = hujnm".	[MsgId: MMSG-13798]
Registration.c(59): Notify: Saving Parameter "randomLastName = bhngz".	[MsgId: MMSG-13798]
Registration.c(71): Notify: Saving Parameter "RandomPhone = :545149850".	[MsgId: MMSG-13798]
Registration.c(80): Notify: Saving Parameter "RandomZip = 945834".	[MsgId: MMSG-13798]
Registration.c(83): web_submit_form("Account.action") started  	[MsgId: MMSG-26355]
Registration.c(83): Notify: Parameter Substitution: parameter "randomUsername" =  "QEOH"	[MsgId: MMSG-13992]
Registration.c(83): Notify: Parameter Substitution: parameter "randompass" =  "qydk"	[MsgId: MMSG-13992]
Registration.c(83): Notify: Parameter Substitution: parameter "randompass" =  "qydk"	[MsgId: MMSG-13992]
Registration.c(83): Notify: Parameter Substitution: parameter "randomFirstName" =  "hujnm"	[MsgId: MMSG-13992]
Registration.c(83): Notify: Parameter Substitution: parameter "randomLastName" =  "bhngz"	[MsgId: MMSG-13992]
Registration.c(83): Notify: Parameter Substitution: parameter "randomFirstName" =  "hujnm"	[MsgId: MMSG-13992]
Registration.c(83): Notify: Parameter Substitution: parameter "randomLastName" =  "bhngz"	[MsgId: MMSG-13992]
Registration.c(83): Notify: Parameter Substitution: parameter "RandomPhone" =  ":545149850"	[MsgId: MMSG-13992]
Registration.c(83): Notify: Parameter Substitution: parameter "RandomZip" =  "945834"	[MsgId: MMSG-13992]
Registration.c(83): Submitting form to "https://petstore.octoperf.com/actions/Account.action", Target Frame=""  	[MsgId: MMSG-27978]
Registration.c(83): Connection to petstore.octoperf.com:443 closed after being inactive for 63 seconds, exceeding the "HTTP Keep-Alive timeout" Runtime Setting (60 seconds). URL="[None]"  	[MsgId: MMSG-27647]
Registration.c(109): Notify: Transaction "PetStore_SignOut_T03" started.	[MsgId: MMSG-16999]
Registration.c(111): web_reg_find started  	[MsgId: MMSG-26355]
Registration.c(111): Registering web_reg_find was successful  	[MsgId: MMSG-26390]
Registration.c(114): web_url("Account.action_2") started  	[MsgId: MMSG-26355]
Registration.c(114): Redirecting "https://petstore.octoperf.com/actions/Account.action?signoff=" (redirection depth is 0)  	[MsgId: MMSG-26694]
Registration.c(114): To location "https://petstore.octoperf.com/actions/Catalog.action"  	[MsgId: MMSG-26693]
Registration.c(114): Resource "https://petstore.octoperf.com/css/jpetstore.css" is in the cache already and will not be downloaded again  	[MsgId: MMSG-26655]
Registration.c(114): Resource "https://petstore.octoperf.com/images/logo-topbar.svg" is in the cache already and will not be downloaded again  	[MsgId: MMSG-26655]
Registration.c(114): Resource "https://petstore.octoperf.com/images/cart.gif" is in the cache already and will not be downloaded again  	[MsgId: MMSG-26655]
Registration.c(114): Resource "https://petstore.octoperf.com/images/separator.gif" is in the cache already and will not be downloaded again  	[MsgId: MMSG-26655]
Registration.c(114): Resource "https://petstore.octoperf.com/images/sm_fish.gif" is in the cache already and will not be downloaded again  	[MsgId: MMSG-26655]
Registration.c(114): Resource "https://petstore.octoperf.com/images/sm_dogs.gif" is in the cache already and will not be downloaded again  	[MsgId: MMSG-26655]
Registration.c(114): Resource "https://petstore.octoperf.com/images/sm_reptiles.gif" is in the cache already and will not be downloaded again  	[MsgId: MMSG-26655]
Registration.c(114): Resource "https://petstore.octoperf.com/images/sm_cats.gif" is in the cache already and will not be downloaded again  	[MsgId: MMSG-26655]
Registration.c(114): Resource "https://petstore.octoperf.com/images/sm_birds.gif" is in the cache already and will not be downloaded again  	[MsgId: MMSG-26655]
Registration.c(114): Resource "https://petstore.octoperf.com/images/fish_icon.gif" is in the cache already and will not be downloaded again  	[MsgId: MMSG-26655]
Registration.c(114): Resource "https://petstore.octoperf.com/images/dogs_icon.gif" is in the cache already and will not be downloaded again  	[MsgId: MMSG-26655]
Registration.c(114): Resource "https://petstore.octoperf.com/images/cats_icon.gif" is in the cache already and will not be downloaded again  	[MsgId: MMSG-26655]
Registration.c(114): Resource "https://petstore.octoperf.com/images/reptiles_icon.gif" is in the cache already and will not be downloaded again  	[MsgId: MMSG-26655]
Registration.c(114): Resource "https://petstore.octoperf.com/images/birds_icon.gif" is in the cache already and will not be downloaded again  	[MsgId: MMSG-26655]
Registration.c(114): Resource "https://petstore.octoperf.com/images/splash.gif" is in the cache already and will not be downloaded again  	[MsgId: MMSG-26655]
Registration.c(114): Registered web_reg_find successful for "Text=Sign In" (count=1)  	[MsgId: MMSG-26364]
Registration.c(114): web_url("Account.action_2") was successful, 4736 body bytes, 518 header bytes  	[MsgId: MMSG-26386]
Registration.c(123): Notify: Transaction "PetStore_SignOut_T03" ended with a "Pass" status (Duration: 0.2565 Wasted Time: 0.0000).	[MsgId: MMSG-16871]
Login.c(4): Notify: Transaction "PetStore_ClickOnSignIn_T01" started.	[MsgId: MMSG-16999]
Login.c(6): web_reg_find started  	[MsgId: MMSG-26355]
Login.c(6): Registering web_reg_find was successful  	[MsgId: MMSG-26390]
Login.c(9): web_link("Sign In") started  	[MsgId: MMSG-26355]
Login.c(9): Linking to "https://petstore.octoperf.com/actions/Account.action?signonForm=", Target Frame=""  	[MsgId: MMSG-27994]
Login.c(9): Resource "https://petstore.octoperf.com/css/jpetstore.css" is in the cache already and will not be downloaded again  	[MsgId: MMSG-26655]
Login.c(9): Resource "https://petstore.octoperf.com/images/logo-topbar.svg" is in the cache already and will not be downloaded again  	[MsgId: MMSG-26655]
Login.c(9): Resource "https://petstore.octoperf.com/images/cart.gif" is in the cache already and will not be downloaded again  	[MsgId: MMSG-26655]
Login.c(9): Resource "https://petstore.octoperf.com/images/separator.gif" is in the cache already and will not be downloaded again  	[MsgId: MMSG-26655]
Login.c(9): Resource "https://petstore.octoperf.com/images/sm_fish.gif" is in the cache already and will not be downloaded again  	[MsgId: MMSG-26655]
Login.c(9): Resource "https://petstore.octoperf.com/images/sm_dogs.gif" is in the cache already and will not be downloaded again  	[MsgId: MMSG-26655]
Login.c(9): Resource "https://petstore.octoperf.com/images/sm_reptiles.gif" is in the cache already and will not be downloaded again  	[MsgId: MMSG-26655]
Login.c(9): Resource "https://petstore.octoperf.com/images/sm_cats.gif" is in the cache already and will not be downloaded again  	[MsgId: MMSG-26655]
Login.c(9): Resource "https://petstore.octoperf.com/images/sm_birds.gif" is in the cache already and will not be downloaded again  	[MsgId: MMSG-26655]
Login.c(9): Registered web_reg_find successful for "Text=Please enter your username and password" (count=1)  	[MsgId: MMSG-26364]
Login.c(9): web_link("Sign In") was successful, 3858 body bytes, 225 header bytes  	[MsgId: MMSG-26386]
Login.c(13): Notify: Transaction "PetStore_ClickOnSignIn_T01" ended with a "Pass" status (Duration: 0.1285 Wasted Time: 0.0000).	[MsgId: MMSG-16871]
Login.c(15): lr_think_time: 4.72 seconds (recorded think time was 5.00 seconds).	[MsgId: MMSG-15947]
Starting iteration 1.	[MsgId: MMSG-15968]
Warning -27077: The "vuser_init" section contains web function(s) when the "Simulate a new user on each iteration" Runtime Setting is ON.  This may produce unpredictable results with multiple iterations  	[MsgId: MWAR-27077]
Maximum number of concurrent connections per server: 6  	[MsgId: MMSG-26989]
Starting action Login.	[MsgId: MMSG-15919]
Registration.c(15): Notify: Transaction "PetStore_ClickOnRegistration_T01" started.	[MsgId: MMSG-16999]
Registration.c(17): web_reg_find started  	[MsgId: MMSG-26355]
Registration.c(17): Registering web_reg_find was successful  	[MsgId: MMSG-26390]
Registration.c(20): web_link("Register Now!") started  	[MsgId: MMSG-26355]
Registration.c(20): Linking to "https://petstore.octoperf.com/actions/Account.action?newAccountForm=", Target Frame=""  	[MsgId: MMSG-27994]
Registration.c(83): Redirecting "https://petstore.octoperf.com/actions/Account.action" (redirection depth is 0)  	[MsgId: MMSG-26694]
Registration.c(83): To location "https://petstore.octoperf.com/actions/Catalog.action"  	[MsgId: MMSG-26693]
Registration.c(20): Resource "https://petstore.octoperf.com/css/jpetstore.css" is in the cache already and will not be downloaded again  	[MsgId: MMSG-26655]
Registration.c(20): Resource "https://petstore.octoperf.com/images/logo-topbar.svg" is in the cache already and will not be downloaded again  	[MsgId: MMSG-26655]
Registration.c(20): Resource "https://petstore.octoperf.com/images/cart.gif" is in the cache already and will not be downloaded again  	[MsgId: MMSG-26655]
Registration.c(20): Resource "https://petstore.octoperf.com/images/separator.gif" is in the cache already and will not be downloaded again  	[MsgId: MMSG-26655]
Registration.c(20): Resource "https://petstore.octoperf.com/images/sm_fish.gif" is in the cache already and will not be downloaded again  	[MsgId: MMSG-26655]
Registration.c(20): Resource "https://petstore.octoperf.com/images/sm_dogs.gif" is in the cache already and will not be downloaded again  	[MsgId: MMSG-26655]
Registration.c(20): Resource "https://petstore.octoperf.com/images/sm_reptiles.gif" is in the cache already and will not be downloaded again  	[MsgId: MMSG-26655]
Registration.c(20): Resource "https://petstore.octoperf.com/images/sm_cats.gif" is in the cache already and will not be downloaded again  	[MsgId: MMSG-26655]
Registration.c(20): Resource "https://petstore.octoperf.com/images/sm_birds.gif" is in the cache already and will not be downloaded again  	[MsgId: MMSG-26655]
Registration.c(20): Registered web_reg_find successful for "Text=User Information" (count=1)  	[MsgId: MMSG-26364]
Registration.c(20): web_link("Register Now!") was successful, 5821 body bytes, 225 header bytes  	[MsgId: MMSG-26386]
Registration.c(25): Notify: Transaction "PetStore_ClickOnRegistration_T01" ended with a "Pass" status (Duration: 0.1253 Wasted Time: 0.0000).	[MsgId: MMSG-16871]
Registration.c(27): lr_think_time: 3.99 seconds (recorded think time was 5.00 seconds).	[MsgId: MMSG-15947]
Registration.c(83): Resource "https://petstore.octoperf.com/css/jpetstore.css" is in the cache already and will not be downloaded again  	[MsgId: MMSG-26655]
Registration.c(83): Resource "https://petstore.octoperf.com/images/logo-topbar.svg" is in the cache already and will not be downloaded again  	[MsgId: MMSG-26655]
Registration.c(83): Resource "https://petstore.octoperf.com/images/cart.gif" is in the cache already and will not be downloaded again  	[MsgId: MMSG-26655]
Registration.c(83): Resource "https://petstore.octoperf.com/images/separator.gif" is in the cache already and will not be downloaded again  	[MsgId: MMSG-26655]
Registration.c(83): Resource "https://petstore.octoperf.com/images/sm_fish.gif" is in the cache already and will not be downloaded again  	[MsgId: MMSG-26655]
Registration.c(83): Resource "https://petstore.octoperf.com/images/sm_dogs.gif" is in the cache already and will not be downloaded again  	[MsgId: MMSG-26655]
Registration.c(83): Resource "https://petstore.octoperf.com/images/sm_reptiles.gif" is in the cache already and will not be downloaded again  	[MsgId: MMSG-26655]
Registration.c(83): Resource "https://petstore.octoperf.com/images/sm_cats.gif" is in the cache already and will not be downloaded again  	[MsgId: MMSG-26655]
Registration.c(83): Resource "https://petstore.octoperf.com/images/sm_birds.gif" is in the cache already and will not be downloaded again  	[MsgId: MMSG-26655]
Registration.c(83): Resource "https://petstore.octoperf.com/images/fish_icon.gif" is in the cache already and will not be downloaded again  	[MsgId: MMSG-26655]
Registration.c(83): Resource "https://petstore.octoperf.com/images/dogs_icon.gif" is in the cache already and will not be downloaded again  	[MsgId: MMSG-26655]
Registration.c(83): Resource "https://petstore.octoperf.com/images/cats_icon.gif" is in the cache already and will not be downloaded again  	[MsgId: MMSG-26655]
Registration.c(83): Resource "https://petstore.octoperf.com/images/reptiles_icon.gif" is in the cache already and will not be downloaded again  	[MsgId: MMSG-26655]
Registration.c(83): Resource "https://petstore.octoperf.com/images/birds_icon.gif" is in the cache already and will not be downloaded again  	[MsgId: MMSG-26655]
Registration.c(83): Resource "https://petstore.octoperf.com/images/splash.gif" is in the cache already and will not be downloaded again  	[MsgId: MMSG-26655]
Registration.c(83): Registered web_reg_find successful for "Text=Elevate you load-testing" (count=1)  	[MsgId: MMSG-26364]
Registration.c(83): web_submit_form("Account.action") was successful, 4736 body bytes, 443 header bytes  	[MsgId: MMSG-26386]
Registration.c(105): Notify: Transaction "PetStore_SubmitRegistration_T02" ended with a "Pass" status (Duration: 0.7982 Wasted Time: 0.0000).	[MsgId: MMSG-16871]
Registration.c(107): lr_think_time: 3.15 seconds (recorded think time was 5.00 seconds).	[MsgId: MMSG-15947]
AddToCard.c(40): Notify: Transaction "PetStore_SelectProductId_T02" started.	[MsgId: MMSG-16999]
AddToCard.c(43): Notify: Parameter Substitution: parameter "productId_count" =  "2"	[MsgId: MMSG-13992]
AddToCard.c(44): Notify: Parameter Substitution: parameter "productId_2" =  "AV-SB-02"	[MsgId: MMSG-13992]
AddToCard.c(46): Notify: Saving Parameter "RandproductId = AV-SB-02".	[MsgId: MMSG-13798]
AddToCard.c(47): Notify: Parameter Substitution: parameter "RandproductId" =  "AV-SB-02"	[MsgId: MMSG-13992]
AddToCard.c(47): Random category selected in Action2 = AV-SB-02	[MsgId: MMSG-17999]
AddToCard.c(49): web_reg_find started  	[MsgId: MMSG-26355]
AddToCard.c(49): Notify: Parameter Substitution: parameter "RandproductId" =  "AV-SB-02"	[MsgId: MMSG-13992]
AddToCard.c(49): Registering web_reg_find was successful  	[MsgId: MMSG-26390]
AddToCard.c(51): web_reg_save_param_regexp started  	[MsgId: MMSG-26355]
AddToCard.c(51): Registering web_reg_save_param_regexp was successful  	[MsgId: MMSG-26390]
AddToCard.c(58): web_link("{RandproductId}") started  	[MsgId: MMSG-26355]
AddToCard.c(58): Notify: Parameter Substitution: parameter "RandproductId" =  "AV-SB-02"	[MsgId: MMSG-13992]
AddToCard.c(58): Linking to "https://petstore.octoperf.com/actions/Catalog.action?viewProduct=&productId=AV-SB-02", Target Frame=""  	[MsgId: MMSG-27994]
AddToCard.c(58): Resource "https://petstore.octoperf.com/css/jpetstore.css" is in the cache already and will not be downloaded again  	[MsgId: MMSG-26655]
AddToCard.c(58): Resource "https://petstore.octoperf.com/images/logo-topbar.svg" is in the cache already and will not be downloaded again  	[MsgId: MMSG-26655]
AddToCard.c(58): Resource "https://petstore.octoperf.com/images/cart.gif" is in the cache already and will not be downloaded again  	[MsgId: MMSG-26655]
AddToCard.c(58): Resource "https://petstore.octoperf.com/images/separator.gif" is in the cache already and will not be downloaded again  	[MsgId: MMSG-26655]
AddToCard.c(58): Resource "https://petstore.octoperf.com/images/sm_fish.gif" is in the cache already and will not be downloaded again  	[MsgId: MMSG-26655]
AddToCard.c(58): Resource "https://petstore.octoperf.com/images/sm_dogs.gif" is in the cache already and will not be downloaded again  	[MsgId: MMSG-26655]
AddToCard.c(58): Resource "https://petstore.octoperf.com/images/sm_reptiles.gif" is in the cache already and will not be downloaded again  	[MsgId: MMSG-26655]
AddToCard.c(58): Resource "https://petstore.octoperf.com/images/sm_cats.gif" is in the cache already and will not be downloaded again  	[MsgId: MMSG-26655]
AddToCard.c(58): Resource "https://petstore.octoperf.com/images/sm_birds.gif" is in the cache already and will not be downloaded again  	[MsgId: MMSG-26655]
AddToCard.c(58): Resource "https://petstore.octoperf.com/images/banner_fish.gif" is in the cache already and will not be downloaded again  	[MsgId: MMSG-26655]
AddToCard.c(58): Notify: Saving Parameter "itemId_1 = EST-19".	[MsgId: MMSG-13798]
AddToCard.c(58): Notify: Saving Parameter "itemId_count = 1".	[MsgId: MMSG-13798]
AddToCard.c(58): Registered web_reg_find successful for "Text=AV-SB-02" (count=1)  	[MsgId: MMSG-26364]
AddToCard.c(58): web_link("{RandproductId}") was successful, 3778 body bytes, 225 header bytes  	[MsgId: MMSG-26386]
AddToCard.c(63): Notify: Transaction "PetStore_SelectProductId_T02" ended with a "Pass" status (Duration: 0.1286 Wasted Time: 0.0003).	[MsgId: MMSG-16871]
AddToCard.c(65): lr_think_time: 4.33 seconds (recorded think time was 5.00 seconds).	[MsgId: MMSG-15947]
Starting iteration 5.	[MsgId: MMSG-15968]
Notify: Next row for parameter PetStoreEndtoEndFlow_UserName_1 = 1 [table  = PetStoreEndtoEndFlow_UserName_1].	[MsgId: MMSG-13876]
Notify: Getting new value for parameter 'PetStoreEndtoEndFlow_UserName_1': table = 'UserCredentilas5.dat' column = '0' row = '1'.	[MsgId: MMSG-13877]
Notify: Next row for parameter PetStoreEndtoEndFlow_UserName_2 = 1 [table  = PetStoreEndtoEndFlow_UserName_2].	[MsgId: MMSG-13876]
Notify: Getting new value for parameter 'PetStoreEndtoEndFlow_UserName_2': table = 'UserCredentilas7.dat' column = '0' row = '1'.	[MsgId: MMSG-13877]
Notify: Next row for parameter UserName = 1 [table  = UserName].	[MsgId: MMSG-13876]
Notify: Getting new value for parameter 'UserName': table = 'UserCredentilas.dat' column = '0' row = '1'.	[MsgId: MMSG-13877]
Notify: Next row for parameter PetStoreEndtoEndFlow_UserName = 1 [table  = PetStoreEndtoEndFlow_UserName].	[MsgId: MMSG-13876]
Notify: Getting new value for parameter 'PetStoreEndtoEndFlow_UserName': table = 'UserCredentilas2.dat' column = '0' row = '1'.	[MsgId: MMSG-13877]
Notify: Next row for parameter PetStoreEndtoEndFlow_pass_1 = 1 [table  = PetStoreEndtoEndFlow_pass_1].	[MsgId: MMSG-13876]
Notify: Getting new value for parameter 'PetStoreEndtoEndFlow_pass_1': table = 'UserCredentilas6.dat' column = '0' row = '1'.	[MsgId: MMSG-13877]
Notify: Next row for parameter PetStoreEndtoEndFlow_pass_2 = 1 [table  = PetStoreEndtoEndFlow_pass_2].	[MsgId: MMSG-13876]
Notify: Getting new value for parameter 'PetStoreEndtoEndFlow_pass_2': table = 'UserCredentilas8.dat' column = '0' row = '1'.	[MsgId: MMSG-13877]
Notify: Next row for parameter pass = 1 [table  = pass].	[MsgId: MMSG-13876]
Notify: Getting new value for parameter 'pass': table = 'UserCredentilas.dat' column = '0' row = '1'.	[MsgId: MMSG-13877]
Notify: Next row for parameter PetStoreEndtoEndFlow_pass = 1 [table  = PetStoreEndtoEndFlow_pass].	[MsgId: MMSG-13876]
Notify: Getting new value for parameter 'PetStoreEndtoEndFlow_pass': table = 'UserCredentilas4.dat' column = '0' row = '1'.	[MsgId: MMSG-13877]
Starting action Login.	[MsgId: MMSG-15919]
Registration.c(15): Notify: Transaction "PetStore_ClickOnRegistration_T01" started.	[MsgId: MMSG-16999]
Registration.c(17): web_reg_find started  	[MsgId: MMSG-26355]
Registration.c(17): Registering web_reg_find was successful  	[MsgId: MMSG-26390]
Registration.c(20): web_link("Register Now!") started  	[MsgId: MMSG-26355]
Registration.c(20): Error -27985: There is no context for HTML-based functions. A previous function may not have used "Mode=HTML" or downloaded only non-HTML page(s), or the context has been reset (e.g., due to a GUI-based function)  	[MsgId: MERR-27985]
Registration.c(20): Warning -26379: Pending web_reg_save_param/web_reg_find/web_create_html_param/web_create_html_param_ex request(s) are deleted and will be handled as "not found"  	[MsgId: MWAR-26379]
Registration.c(20): Error -26366: "Text=User Information" not found for web_reg_find  	[MsgId: MERR-26366]
Registration.c(20): Error -26374: The above "not found" error(s) may be explained by header and body byte counts being 0 and 0, respectively.  	[MsgId: MERR-26374]
Registration.c(20): web_link("Register Now!") highest severity level was "ERROR", 0 body bytes, 0 header bytes  	[MsgId: MMSG-26388]
Registration.c(20): Notify: Transaction "PetStore_ClickOnRegistration_T01" ended with a "Fail" status (Duration: 0.0010).	[MsgId: MMSG-16873]
Registration.c(20): Notify: Transaction "PetStore_ClickOnRegistration_T01" has 3 error message(s).	[MsgId: MMSG-16818]
Registration.c(20): Notify: The 1st error message associated with transaction "PetStore_ClickOnRegistration_T01" is "Error -27985: There is no context for HTML-based functions. A previous function may not have used "Mode=HTML" or downloaded only non-HTML page(s), or the context has been reset (e.g., due to a GUI-based function)"	[MsgId: MMSG-16819]
Registration.c(20): Notify: The 2nd error message associated with transaction "PetStore_ClickOnRegistration_T01" is "Error -26366: "Text=User Information" not found for web_reg_find"	[MsgId: MMSG-16819]
Registration.c(20): Notify: The 3rd error message associated with transaction "PetStore_ClickOnRegistration_T01" is "Error -26374: The above "not found" error(s) may be explained by header and body byte counts being 0 and 0, respectively."	[MsgId: MMSG-16819]
Ending action Login.	[MsgId: MMSG-15918]
Ending iteration 5.	[MsgId: MMSG-15965]
Waiting 8.1870 seconds for iteration pacing.	[MsgId: MMSG-15996]
Registration.c(109): Notify: Transaction "PetStore_SignOut_T03" started.	[MsgId: MMSG-16999]
Registration.c(111): web_reg_find started  	[MsgId: MMSG-26355]
Registration.c(111): Registering web_reg_find was successful  	[MsgId: MMSG-26390]
Registration.c(114): web_url("Account.action_2") started  	[MsgId: MMSG-26355]
Registration.c(114): Redirecting "https://petstore.octoperf.com/actions/Account.action?signoff=" (redirection depth is 0)  	[MsgId: MMSG-26694]
Registration.c(114): To location "https://petstore.octoperf.com/actions/Catalog.action"  	[MsgId: MMSG-26693]
Registration.c(114): Resource "https://petstore.octoperf.com/css/jpetstore.css" is in the cache already and will not be downloaded again  	[MsgId: MMSG-26655]
Registration.c(114): Resource "https://petstore.octoperf.com/images/logo-topbar.svg" is in the cache already and will not be downloaded again  	[MsgId: MMSG-26655]
Registration.c(114): Resource "https://petstore.octoperf.com/images/cart.gif" is in the cache already and will not be downloaded again  	[MsgId: MMSG-26655]
Registration.c(114): Resource "https://petstore.octoperf.com/images/separator.gif" is in the cache already and will not be downloaded again  	[MsgId: MMSG-26655]
Registration.c(114): Resource "https://petstore.octoperf.com/images/sm_fish.gif" is in the cache already and will not be downloaded again  	[MsgId: MMSG-26655]
Registration.c(114): Resource "https://petstore.octoperf.com/images/sm_dogs.gif" is in the cache already and will not be downloaded again  	[MsgId: MMSG-26655]
Registration.c(114): Resource "https://petstore.octoperf.com/images/sm_reptiles.gif" is in the cache already and will not be downloaded again  	[MsgId: MMSG-26655]
Registration.c(114): Resource "https://petstore.octoperf.com/images/sm_cats.gif" is in the cache already and will not be downloaded again  	[MsgId: MMSG-26655]
Registration.c(114): Resource "https://petstore.octoperf.com/images/sm_birds.gif" is in the cache already and will not be downloaded again  	[MsgId: MMSG-26655]
Registration.c(114): Resource "https://petstore.octoperf.com/images/fish_icon.gif" is in the cache already and will not be downloaded again  	[MsgId: MMSG-26655]
Registration.c(114): Resource "https://petstore.octoperf.com/images/dogs_icon.gif" is in the cache already and will not be downloaded again  	[MsgId: MMSG-26655]
Registration.c(114): Resource "https://petstore.octoperf.com/images/cats_icon.gif" is in the cache already and will not be downloaded again  	[MsgId: MMSG-26655]
Registration.c(114): Resource "https://petstore.octoperf.com/images/reptiles_icon.gif" is in the cache already and will not be downloaded again  	[MsgId: MMSG-26655]
Registration.c(114): Resource "https://petstore.octoperf.com/images/birds_icon.gif" is in the cache already and will not be downloaded again  	[MsgId: MMSG-26655]
Registration.c(114): Resource "https://petstore.octoperf.com/images/splash.gif" is in the cache already and will not be downloaded again  	[MsgId: MMSG-26655]
Registration.c(114): Registered web_reg_find successful for "Text=Sign In" (count=1)  	[MsgId: MMSG-26364]
Registration.c(114): web_url("Account.action_2") was successful, 4736 body bytes, 518 header bytes  	[MsgId: MMSG-26386]
Registration.c(123): Notify: Transaction "PetStore_SignOut_T03" ended with a "Pass" status (Duration: 0.2501 Wasted Time: 0.0000).	[MsgId: MMSG-16871]
Login.c(4): Notify: Transaction "PetStore_ClickOnSignIn_T01" started.	[MsgId: MMSG-16999]
Login.c(6): web_reg_find started  	[MsgId: MMSG-26355]
Login.c(6): Registering web_reg_find was successful  	[MsgId: MMSG-26390]
Login.c(9): web_link("Sign In") started  	[MsgId: MMSG-26355]
Login.c(9): Linking to "https://petstore.octoperf.com/actions/Account.action?signonForm=", Target Frame=""  	[MsgId: MMSG-27994]
Login.c(9): Resource "https://petstore.octoperf.com/css/jpetstore.css" is in the cache already and will not be downloaded again  	[MsgId: MMSG-26655]
Login.c(9): Resource "https://petstore.octoperf.com/images/logo-topbar.svg" is in the cache already and will not be downloaded again  	[MsgId: MMSG-26655]
Login.c(9): Resource "https://petstore.octoperf.com/images/cart.gif" is in the cache already and will not be downloaded again  	[MsgId: MMSG-26655]
Login.c(9): Resource "https://petstore.octoperf.com/images/separator.gif" is in the cache already and will not be downloaded again  	[MsgId: MMSG-26655]
Login.c(9): Resource "https://petstore.octoperf.com/images/sm_fish.gif" is in the cache already and will not be downloaded again  	[MsgId: MMSG-26655]
Login.c(9): Resource "https://petstore.octoperf.com/images/sm_dogs.gif" is in the cache already and will not be downloaded again  	[MsgId: MMSG-26655]
Login.c(9): Resource "https://petstore.octoperf.com/images/sm_reptiles.gif" is in the cache already and will not be downloaded again  	[MsgId: MMSG-26655]
Login.c(9): Resource "https://petstore.octoperf.com/images/sm_cats.gif" is in the cache already and will not be downloaded again  	[MsgId: MMSG-26655]
Login.c(9): Resource "https://petstore.octoperf.com/images/sm_birds.gif" is in the cache already and will not be downloaded again  	[MsgId: MMSG-26655]
Login.c(9): Registered web_reg_find successful for "Text=Please enter your username and password" (count=1)  	[MsgId: MMSG-26364]
Login.c(9): web_link("Sign In") was successful, 3858 body bytes, 225 header bytes  	[MsgId: MMSG-26386]
Login.c(13): Notify: Transaction "PetStore_ClickOnSignIn_T01" ended with a "Pass" status (Duration: 0.1268 Wasted Time: 0.0000).	[MsgId: MMSG-16871]
Login.c(15): lr_think_time: 3.88 seconds (recorded think time was 5.00 seconds).	[MsgId: MMSG-15947]
Registration.c(29): Notify: Transaction "PetStore_SubmitRegistration_T02" started.	[MsgId: MMSG-16999]
Registration.c(31): web_reg_find started  	[MsgId: MMSG-26355]
Registration.c(31): Registering web_reg_find was successful  	[MsgId: MMSG-26390]
Registration.c(38): Notify: Saving Parameter "randomUsername = HWBY".	[MsgId: MMSG-13798]
Registration.c(44): Notify: Saving Parameter "randompass = xtjl".	[MsgId: MMSG-13798]
Registration.c(58): Notify: Saving Parameter "randomFirstName = rlyzb".	[MsgId: MMSG-13798]
Registration.c(59): Notify: Saving Parameter "randomLastName = lueij".	[MsgId: MMSG-13798]
Registration.c(71): Notify: Saving Parameter "RandomPhone = :656997643".	[MsgId: MMSG-13798]
Registration.c(80): Notify: Saving Parameter "RandomZip = 660727".	[MsgId: MMSG-13798]
Registration.c(83): web_submit_form("Account.action") started  	[MsgId: MMSG-26355]
Registration.c(83): Notify: Parameter Substitution: parameter "randomUsername" =  "HWBY"	[MsgId: MMSG-13992]
Registration.c(83): Notify: Parameter Substitution: parameter "randompass" =  "xtjl"	[MsgId: MMSG-13992]
Registration.c(83): Notify: Parameter Substitution: parameter "randompass" =  "xtjl"	[MsgId: MMSG-13992]
Registration.c(83): Notify: Parameter Substitution: parameter "randomFirstName" =  "rlyzb"	[MsgId: MMSG-13992]
Registration.c(83): Notify: Parameter Substitution: parameter "randomLastName" =  "lueij"	[MsgId: MMSG-13992]
Registration.c(83): Notify: Parameter Substitution: parameter "randomFirstName" =  "rlyzb"	[MsgId: MMSG-13992]
Registration.c(83): Notify: Parameter Substitution: parameter "randomLastName" =  "lueij"	[MsgId: MMSG-13992]
Registration.c(83): Notify: Parameter Substitution: parameter "RandomPhone" =  ":656997643"	[MsgId: MMSG-13992]
Registration.c(83): Notify: Parameter Substitution: parameter "RandomZip" =  "660727"	[MsgId: MMSG-13992]
Registration.c(83): Submitting form to "https://petstore.octoperf.com/actions/Account.action", Target Frame=""  	[MsgId: MMSG-27978]
Registration.c(83): Connection to petstore.octoperf.com:443 closed after being inactive for 63 seconds, exceeding the "HTTP Keep-Alive timeout" Runtime Setting (60 seconds). URL="[None]"  	[MsgId: MMSG-27647]
Login.c(17): Notify: Transaction "PetStore_Login_T01" started.	[MsgId: MMSG-16999]
Login.c(18): web_reg_find started  	[MsgId: MMSG-26355]
Login.c(18): Registering web_reg_find was successful  	[MsgId: MMSG-26390]
Login.c(20): web_reg_save_param_regexp started  	[MsgId: MMSG-26355]
Login.c(20): Registering web_reg_save_param_regexp was successful  	[MsgId: MMSG-26390]
Login.c(26): web_submit_form("Account.action") started  	[MsgId: MMSG-26355]
Login.c(26): Notify: Parameter Substitution: parameter "randomUsername" =  "AUBZ"	[MsgId: MMSG-13992]
Login.c(26): Notify: Parameter Substitution: parameter "randompass" =  "rcoa"	[MsgId: MMSG-13992]
Login.c(26): Submitting form to "https://petstore.octoperf.com/actions/Account.action", Target Frame=""  	[MsgId: MMSG-27978]
Login.c(26): Redirecting "https://petstore.octoperf.com/actions/Account.action" (redirection depth is 0)  	[MsgId: MMSG-26694]
Login.c(26): To location "https://petstore.octoperf.com/actions/Catalog.action"  	[MsgId: MMSG-26693]
Registration.c(83): Redirecting "https://petstore.octoperf.com/actions/Account.action" (redirection depth is 0)  	[MsgId: MMSG-26694]
Registration.c(83): To location "https://petstore.octoperf.com/actions/Catalog.action"  	[MsgId: MMSG-26693]
Login.c(26): Resource "https://petstore.octoperf.com/css/jpetstore.css" is in the cache already and will not be downloaded again  	[MsgId: MMSG-26655]
Login.c(26): Resource "https://petstore.octoperf.com/images/logo-topbar.svg" is in the cache already and will not be downloaded again  	[MsgId: MMSG-26655]
Login.c(26): Resource "https://petstore.octoperf.com/images/cart.gif" is in the cache already and will not be downloaded again  	[MsgId: MMSG-26655]
Login.c(26): Resource "https://petstore.octoperf.com/images/separator.gif" is in the cache already and will not be downloaded again  	[MsgId: MMSG-26655]
Login.c(26): Resource "https://petstore.octoperf.com/images/sm_fish.gif" is in the cache already and will not be downloaded again  	[MsgId: MMSG-26655]
Login.c(26): Resource "https://petstore.octoperf.com/images/sm_dogs.gif" is in the cache already and will not be downloaded again  	[MsgId: MMSG-26655]
Login.c(26): Resource "https://petstore.octoperf.com/images/sm_reptiles.gif" is in the cache already and will not be downloaded again  	[MsgId: MMSG-26655]
Login.c(26): Resource "https://petstore.octoperf.com/images/sm_cats.gif" is in the cache already and will not be downloaded again  	[MsgId: MMSG-26655]
Login.c(26): Resource "https://petstore.octoperf.com/images/sm_birds.gif" is in the cache already and will not be downloaded again  	[MsgId: MMSG-26655]
Login.c(26): Resource "https://petstore.octoperf.com/images/fish_icon.gif" is in the cache already and will not be downloaded again  	[MsgId: MMSG-26655]
Login.c(26): Resource "https://petstore.octoperf.com/images/dogs_icon.gif" is in the cache already and will not be downloaded again  	[MsgId: MMSG-26655]
Login.c(26): Resource "https://petstore.octoperf.com/images/cats_icon.gif" is in the cache already and will not be downloaded again  	[MsgId: MMSG-26655]
Login.c(26): Resource "https://petstore.octoperf.com/images/reptiles_icon.gif" is in the cache already and will not be downloaded again  	[MsgId: MMSG-26655]
Login.c(26): Resource "https://petstore.octoperf.com/images/birds_icon.gif" is in the cache already and will not be downloaded again  	[MsgId: MMSG-26655]
Login.c(26): Resource "https://petstore.octoperf.com/images/splash.gif" is in the cache already and will not be downloaded again  	[MsgId: MMSG-26655]
Login.c(26): Found resource "https://petstore.octoperf.com/images/banner_fish.gif" in HTML "https://petstore.octoperf.com/actions/Catalog.action"  	[MsgId: MMSG-26659]
Login.c(26): Notify: Saving Parameter "ProductName_1 = BIRDS".	[MsgId: MMSG-13798]
Login.c(26): Notify: Saving Parameter "ProductName_2 = FISH".	[MsgId: MMSG-13798]
Login.c(26): Notify: Saving Parameter "ProductName_3 = DOGS".	[MsgId: MMSG-13798]
Login.c(26): Notify: Saving Parameter "ProductName_4 = REPTILES".	[MsgId: MMSG-13798]
Login.c(26): Notify: Saving Parameter "ProductName_5 = CATS".	[MsgId: MMSG-13798]
Login.c(26): Notify: Saving Parameter "ProductName_6 = BIRDS".	[MsgId: MMSG-13798]
Registration.c(83): Resource "https://petstore.octoperf.com/css/jpetstore.css" is in the cache already and will not be downloaded again  	[MsgId: MMSG-26655]
Registration.c(83): Resource "https://petstore.octoperf.com/images/logo-topbar.svg" is in the cache already and will not be downloaded again  	[MsgId: MMSG-26655]
Registration.c(83): Resource "https://petstore.octoperf.com/images/cart.gif" is in the cache already and will not be downloaded again  	[MsgId: MMSG-26655]
Registration.c(83): Resource "https://petstore.octoperf.com/images/separator.gif" is in the cache already and will not be downloaded again  	[MsgId: MMSG-26655]
Registration.c(83): Resource "https://petstore.octoperf.com/images/sm_fish.gif" is in the cache already and will not be downloaded again  	[MsgId: MMSG-26655]
Registration.c(83): Resource "https://petstore.octoperf.com/images/sm_dogs.gif" is in the cache already and will not be downloaded again  	[MsgId: MMSG-26655]
Registration.c(83): Resource "https://petstore.octoperf.com/images/sm_reptiles.gif" is in the cache already and will not be downloaded again  	[MsgId: MMSG-26655]
Registration.c(83): Resource "https://petstore.octoperf.com/images/sm_cats.gif" is in the cache already and will not be downloaded again  	[MsgId: MMSG-26655]
Registration.c(83): Resource "https://petstore.octoperf.com/images/sm_birds.gif" is in the cache already and will not be downloaded again  	[MsgId: MMSG-26655]
Registration.c(83): Resource "https://petstore.octoperf.com/images/fish_icon.gif" is in the cache already and will not be downloaded again  	[MsgId: MMSG-26655]
Registration.c(83): Resource "https://petstore.octoperf.com/images/dogs_icon.gif" is in the cache already and will not be downloaded again  	[MsgId: MMSG-26655]
Registration.c(83): Resource "https://petstore.octoperf.com/images/cats_icon.gif" is in the cache already and will not be downloaded again  	[MsgId: MMSG-26655]
Registration.c(83): Resource "https://petstore.octoperf.com/images/reptiles_icon.gif" is in the cache already and will not be downloaded again  	[MsgId: MMSG-26655]
Registration.c(83): Resource "https://petstore.octoperf.com/images/birds_icon.gif" is in the cache already and will not be downloaded again  	[MsgId: MMSG-26655]
Registration.c(83): Resource "https://petstore.octoperf.com/images/splash.gif" is in the cache already and will not be downloaded again  	[MsgId: MMSG-26655]
Registration.c(83): Registered web_reg_find successful for "Text=Elevate you load-testing" (count=1)  	[MsgId: MMSG-26364]
Registration.c(83): web_submit_form("Account.action") was successful, 4736 body bytes, 443 header bytes  	[MsgId: MMSG-26386]
Registration.c(105): Notify: Transaction "PetStore_SubmitRegistration_T02" ended with a "Pass" status (Duration: 0.7949 Wasted Time: 0.0000).	[MsgId: MMSG-16871]
Registration.c(107): lr_think_time: 2.94 seconds (recorded think time was 5.00 seconds).	[MsgId: MMSG-15947]
Login.c(26): Notify: Saving Parameter "ProductName_count = 6".	[MsgId: MMSG-13798]
Login.c(26): Registered web_reg_find successful for "Text=My Account" (count=1)  	[MsgId: MMSG-26364]
Login.c(26): web_submit_form("Account.action") was successful, 11416 body bytes, 727 header bytes  	[MsgId: MMSG-26386]
Login.c(34): Notify: Transaction "PetStore_Login_T01" ended with a "Pass" status (Duration: 0.5109 Wasted Time: 0.0004).	[MsgId: MMSG-16871]
Ending action Login.	[MsgId: MMSG-15918]
Starting action AddToCard.	[MsgId: MMSG-15919]
AddToCard.c(8): Notify: Transaction "PetStore_AddAproduct_T01" started.	[MsgId: MMSG-16999]
AddToCard.c(11): Notify: Parameter Substitution: parameter "ProductName_count" =  "6"	[MsgId: MMSG-13992]
AddToCard.c(12): Notify: Parameter Substitution: parameter "ProductName_2" =  "FISH"	[MsgId: MMSG-13992]
AddToCard.c(14): Notify: Saving Parameter "RandCategory = FISH".	[MsgId: MMSG-13798]
AddToCard.c(15): Notify: Parameter Substitution: parameter "RandCategory" =  "FISH"	[MsgId: MMSG-13992]
AddToCard.c(15): Random category selected in Action2 = FISH	[MsgId: MMSG-17999]
AddToCard.c(17): web_reg_find started  	[MsgId: MMSG-26355]
AddToCard.c(17): Notify: Parameter Substitution: parameter "RandCategory" =  "FISH"	[MsgId: MMSG-13992]
AddToCard.c(17): Registering web_reg_find was successful  	[MsgId: MMSG-26390]
AddToCard.c(20): web_reg_save_param_regexp started  	[MsgId: MMSG-26355]
AddToCard.c(20): Registering web_reg_save_param_regexp was successful  	[MsgId: MMSG-26390]
AddToCard.c(27): web_url("Catalog.action_2") started  	[MsgId: MMSG-26355]
AddToCard.c(27): Notify: Parameter Substitution: parameter "RandCategory" =  "FISH"	[MsgId: MMSG-13992]
Starting iteration 1.	[MsgId: MMSG-15968]
Warning -27077: The "vuser_init" section contains web function(s) when the "Simulate a new user on each iteration" Runtime Setting is ON.  This may produce unpredictable results with multiple iterations  	[MsgId: MWAR-27077]
Maximum number of concurrent connections per server: 6  	[MsgId: MMSG-26989]
Starting action Login.	[MsgId: MMSG-15919]
Registration.c(15): Notify: Transaction "PetStore_ClickOnRegistration_T01" started.	[MsgId: MMSG-16999]
Registration.c(17): web_reg_find started  	[MsgId: MMSG-26355]
Registration.c(17): Registering web_reg_find was successful  	[MsgId: MMSG-26390]
Registration.c(20): web_link("Register Now!") started  	[MsgId: MMSG-26355]
Registration.c(20): Linking to "https://petstore.octoperf.com/actions/Account.action?newAccountForm=", Target Frame=""  	[MsgId: MMSG-27994]
AddToCard.c(27): Resource "https://petstore.octoperf.com/css/jpetstore.css" is in the cache already and will not be downloaded again  	[MsgId: MMSG-26655]
AddToCard.c(27): Resource "https://petstore.octoperf.com/images/logo-topbar.svg" is in the cache already and will not be downloaded again  	[MsgId: MMSG-26655]
AddToCard.c(27): Resource "https://petstore.octoperf.com/images/cart.gif" is in the cache already and will not be downloaded again  	[MsgId: MMSG-26655]
AddToCard.c(27): Resource "https://petstore.octoperf.com/images/separator.gif" is in the cache already and will not be downloaded again  	[MsgId: MMSG-26655]
AddToCard.c(27): Resource "https://petstore.octoperf.com/images/sm_fish.gif" is in the cache already and will not be downloaded again  	[MsgId: MMSG-26655]
AddToCard.c(27): Resource "https://petstore.octoperf.com/images/sm_dogs.gif" is in the cache already and will not be downloaded again  	[MsgId: MMSG-26655]
AddToCard.c(27): Resource "https://petstore.octoperf.com/images/sm_reptiles.gif" is in the cache already and will not be downloaded again  	[MsgId: MMSG-26655]
AddToCard.c(27): Resource "https://petstore.octoperf.com/images/sm_cats.gif" is in the cache already and will not be downloaded again  	[MsgId: MMSG-26655]
AddToCard.c(27): Resource "https://petstore.octoperf.com/images/sm_birds.gif" is in the cache already and will not be downloaded again  	[MsgId: MMSG-26655]
AddToCard.c(27): Resource "https://petstore.octoperf.com/images/banner_fish.gif" is in the cache already and will not be downloaded again  	[MsgId: MMSG-26655]
AddToCard.c(27): Notify: Saving Parameter "productId_1 = FI-SW-01".	[MsgId: MMSG-13798]
AddToCard.c(27): Notify: Saving Parameter "productId_2 = FI-SW-02".	[MsgId: MMSG-13798]
AddToCard.c(27): Notify: Saving Parameter "productId_3 = FI-FW-01".	[MsgId: MMSG-13798]
AddToCard.c(27): Notify: Saving Parameter "productId_4 = FI-FW-02".	[MsgId: MMSG-13798]
AddToCard.c(27): Notify: Saving Parameter "productId_count = 4".	[MsgId: MMSG-13798]
AddToCard.c(27): Registered web_reg_find successful for "Text=FISH" (count=1)  	[MsgId: MMSG-26364]
AddToCard.c(27): web_url("Catalog.action_2") was successful, 3887 body bytes, 225 header bytes  	[MsgId: MMSG-26386]
AddToCard.c(36): Notify: Transaction "PetStore_AddAproduct_T01" ended with a "Pass" status (Duration: 0.1297 Wasted Time: 0.0004).	[MsgId: MMSG-16871]
AddToCard.c(38): lr_think_time: 4.06 seconds (recorded think time was 5.00 seconds).	[MsgId: MMSG-15947]
Registration.c(20): Resource "https://petstore.octoperf.com/css/jpetstore.css" is in the cache already and will not be downloaded again  	[MsgId: MMSG-26655]
Registration.c(20): Resource "https://petstore.octoperf.com/images/logo-topbar.svg" is in the cache already and will not be downloaded again  	[MsgId: MMSG-26655]
Registration.c(20): Resource "https://petstore.octoperf.com/images/cart.gif" is in the cache already and will not be downloaded again  	[MsgId: MMSG-26655]
Registration.c(20): Resource "https://petstore.octoperf.com/images/separator.gif" is in the cache already and will not be downloaded again  	[MsgId: MMSG-26655]
Registration.c(20): Resource "https://petstore.octoperf.com/images/sm_fish.gif" is in the cache already and will not be downloaded again  	[MsgId: MMSG-26655]
Registration.c(20): Resource "https://petstore.octoperf.com/images/sm_dogs.gif" is in the cache already and will not be downloaded again  	[MsgId: MMSG-26655]
Registration.c(20): Resource "https://petstore.octoperf.com/images/sm_reptiles.gif" is in the cache already and will not be downloaded again  	[MsgId: MMSG-26655]
Registration.c(20): Resource "https://petstore.octoperf.com/images/sm_cats.gif" is in the cache already and will not be downloaded again  	[MsgId: MMSG-26655]
Registration.c(20): Resource "https://petstore.octoperf.com/images/sm_birds.gif" is in the cache already and will not be downloaded again  	[MsgId: MMSG-26655]
Registration.c(20): Registered web_reg_find successful for "Text=User Information" (count=1)  	[MsgId: MMSG-26364]
Registration.c(20): web_link("Register Now!") was successful, 5821 body bytes, 225 header bytes  	[MsgId: MMSG-26386]
Registration.c(25): Notify: Transaction "PetStore_ClickOnRegistration_T01" ended with a "Pass" status (Duration: 0.1272 Wasted Time: 0.0000).	[MsgId: MMSG-16871]
Registration.c(27): lr_think_time: 3.92 seconds (recorded think time was 5.00 seconds).	[MsgId: MMSG-15947]
AddToCard.c(67): Notify: Transaction "PetStore_SelectItemId_T03" started.	[MsgId: MMSG-16999]
AddToCard.c(71): Notify: Parameter Substitution: parameter "itemId_count" =  "1"	[MsgId: MMSG-13992]
AddToCard.c(72): Notify: Parameter Substitution: parameter "itemId_1" =  "EST-19"	[MsgId: MMSG-13992]
AddToCard.c(74): Notify: Saving Parameter "RanditemId = EST-19".	[MsgId: MMSG-13798]
AddToCard.c(75): Notify: Parameter Substitution: parameter "RanditemId" =  "EST-19"	[MsgId: MMSG-13992]
AddToCard.c(75): Random category selected in Action2 = EST-19	[MsgId: MMSG-17999]
AddToCard.c(77): web_reg_find started  	[MsgId: MMSG-26355]
AddToCard.c(77): Notify: Parameter Substitution: parameter "RanditemId" =  "EST-19"	[MsgId: MMSG-13992]
AddToCard.c(77): Registering web_reg_find was successful  	[MsgId: MMSG-26390]
AddToCard.c(79): web_link("{RanditemId}") started  	[MsgId: MMSG-26355]
AddToCard.c(79): Notify: Parameter Substitution: parameter "RanditemId" =  "EST-19"	[MsgId: MMSG-13992]
AddToCard.c(79): Linking to "https://petstore.octoperf.com/actions/Catalog.action?viewItem=&itemId=EST-19", Target Frame=""  	[MsgId: MMSG-27994]
AddToCard.c(79): Resource "https://petstore.octoperf.com/css/jpetstore.css" is in the cache already and will not be downloaded again  	[MsgId: MMSG-26655]
AddToCard.c(79): Resource "https://petstore.octoperf.com/images/logo-topbar.svg" is in the cache already and will not be downloaded again  	[MsgId: MMSG-26655]
AddToCard.c(79): Resource "https://petstore.octoperf.com/images/cart.gif" is in the cache already and will not be downloaded again  	[MsgId: MMSG-26655]
AddToCard.c(79): Resource "https://petstore.octoperf.com/images/separator.gif" is in the cache already and will not be downloaded again  	[MsgId: MMSG-26655]
AddToCard.c(79): Resource "https://petstore.octoperf.com/images/sm_fish.gif" is in the cache already and will not be downloaded again  	[MsgId: MMSG-26655]
AddToCard.c(79): Resource "https://petstore.octoperf.com/images/sm_dogs.gif" is in the cache already and will not be downloaded again  	[MsgId: MMSG-26655]
AddToCard.c(79): Resource "https://petstore.octoperf.com/images/sm_reptiles.gif" is in the cache already and will not be downloaded again  	[MsgId: MMSG-26655]
AddToCard.c(79): Resource "https://petstore.octoperf.com/images/sm_cats.gif" is in the cache already and will not be downloaded again  	[MsgId: MMSG-26655]
AddToCard.c(79): Resource "https://petstore.octoperf.com/images/sm_birds.gif" is in the cache already and will not be downloaded again  	[MsgId: MMSG-26655]
AddToCard.c(79): Found resource "https://petstore.octoperf.com/images/bird1.gif" in HTML "https://petstore.octoperf.com/actions/Catalog.action?viewItem=&itemId=EST-19"  	[MsgId: MMSG-26659]
AddToCard.c(79): Resource "https://petstore.octoperf.com/images/banner_fish.gif" is in the cache already and will not be downloaded again  	[MsgId: MMSG-26655]
AddToCard.c(79): Registered web_reg_find successful for "Text=EST-19" (count=2)  	[MsgId: MMSG-26364]
AddToCard.c(79): web_link("{RanditemId}") was successful, 15764 body bytes, 511 header bytes  	[MsgId: MMSG-26386]
AddToCard.c(84): Notify: Transaction "PetStore_SelectItemId_T03" ended with a "Pass" status (Duration: 0.4199 Wasted Time: 0.0000).	[MsgId: MMSG-16871]
AddToCard.c(86): lr_think_time: 3.74 seconds (recorded think time was 5.00 seconds).	[MsgId: MMSG-15947]
Login.c(17): Notify: Transaction "PetStore_Login_T01" started.	[MsgId: MMSG-16999]
Login.c(18): web_reg_find started  	[MsgId: MMSG-26355]
Login.c(18): Registering web_reg_find was successful  	[MsgId: MMSG-26390]
Login.c(20): web_reg_save_param_regexp started  	[MsgId: MMSG-26355]
Login.c(20): Registering web_reg_save_param_regexp was successful  	[MsgId: MMSG-26390]
Login.c(26): web_submit_form("Account.action") started  	[MsgId: MMSG-26355]
Login.c(26): Notify: Parameter Substitution: parameter "randomUsername" =  "QEOH"	[MsgId: MMSG-13992]
Login.c(26): Notify: Parameter Substitution: parameter "randompass" =  "qydk"	[MsgId: MMSG-13992]
Login.c(26): Submitting form to "https://petstore.octoperf.com/actions/Account.action", Target Frame=""  	[MsgId: MMSG-27978]
Starting iteration 5.	[MsgId: MMSG-15968]
Notify: Next row for parameter PetStoreEndtoEndFlow_UserName_1 = 1 [table  = PetStoreEndtoEndFlow_UserName_1].	[MsgId: MMSG-13876]
Notify: Getting new value for parameter 'PetStoreEndtoEndFlow_UserName_1': table = 'UserCredentilas5.dat' column = '0' row = '1'.	[MsgId: MMSG-13877]
Notify: Next row for parameter PetStoreEndtoEndFlow_UserName_2 = 1 [table  = PetStoreEndtoEndFlow_UserName_2].	[MsgId: MMSG-13876]
Notify: Getting new value for parameter 'PetStoreEndtoEndFlow_UserName_2': table = 'UserCredentilas7.dat' column = '0' row = '1'.	[MsgId: MMSG-13877]
Notify: Next row for parameter UserName = 1 [table  = UserName].	[MsgId: MMSG-13876]
Notify: Getting new value for parameter 'UserName': table = 'UserCredentilas.dat' column = '0' row = '1'.	[MsgId: MMSG-13877]
Notify: Next row for parameter PetStoreEndtoEndFlow_UserName = 1 [table  = PetStoreEndtoEndFlow_UserName].	[MsgId: MMSG-13876]
Notify: Getting new value for parameter 'PetStoreEndtoEndFlow_UserName': table = 'UserCredentilas2.dat' column = '0' row = '1'.	[MsgId: MMSG-13877]
Notify: Next row for parameter PetStoreEndtoEndFlow_pass_1 = 1 [table  = PetStoreEndtoEndFlow_pass_1].	[MsgId: MMSG-13876]
Notify: Getting new value for parameter 'PetStoreEndtoEndFlow_pass_1': table = 'UserCredentilas6.dat' column = '0' row = '1'.	[MsgId: MMSG-13877]
Notify: Next row for parameter PetStoreEndtoEndFlow_pass_2 = 1 [table  = PetStoreEndtoEndFlow_pass_2].	[MsgId: MMSG-13876]
Notify: Getting new value for parameter 'PetStoreEndtoEndFlow_pass_2': table = 'UserCredentilas8.dat' column = '0' row = '1'.	[MsgId: MMSG-13877]
Notify: Next row for parameter pass = 1 [table  = pass].	[MsgId: MMSG-13876]
Notify: Getting new value for parameter 'pass': table = 'UserCredentilas.dat' column = '0' row = '1'.	[MsgId: MMSG-13877]
Notify: Next row for parameter PetStoreEndtoEndFlow_pass = 1 [table  = PetStoreEndtoEndFlow_pass].	[MsgId: MMSG-13876]
Notify: Getting new value for parameter 'PetStoreEndtoEndFlow_pass': table = 'UserCredentilas4.dat' column = '0' row = '1'.	[MsgId: MMSG-13877]
Starting action Login.	[MsgId: MMSG-15919]
Registration.c(15): Notify: Transaction "PetStore_ClickOnRegistration_T01" started.	[MsgId: MMSG-16999]
Registration.c(17): web_reg_find started  	[MsgId: MMSG-26355]
Registration.c(17): Registering web_reg_find was successful  	[MsgId: MMSG-26390]
Registration.c(20): web_link("Register Now!") started  	[MsgId: MMSG-26355]
Registration.c(20): Error -27985: There is no context for HTML-based functions. A previous function may not have used "Mode=HTML" or downloaded only non-HTML page(s), or the context has been reset (e.g., due to a GUI-based function)  	[MsgId: MERR-27985]
Registration.c(20): Warning -26379: Pending web_reg_save_param/web_reg_find/web_create_html_param/web_create_html_param_ex request(s) are deleted and will be handled as "not found"  	[MsgId: MWAR-26379]
Registration.c(20): Error -26366: "Text=User Information" not found for web_reg_find  	[MsgId: MERR-26366]
Registration.c(20): Error -26374: The above "not found" error(s) may be explained by header and body byte counts being 0 and 0, respectively.  	[MsgId: MERR-26374]
Registration.c(20): web_link("Register Now!") highest severity level was "ERROR", 0 body bytes, 0 header bytes  	[MsgId: MMSG-26388]
Registration.c(20): Notify: Transaction "PetStore_ClickOnRegistration_T01" ended with a "Fail" status (Duration: 0.0012).	[MsgId: MMSG-16873]
Registration.c(20): Notify: Transaction "PetStore_ClickOnRegistration_T01" has 3 error message(s).	[MsgId: MMSG-16818]
Registration.c(20): Notify: The 1st error message associated with transaction "PetStore_ClickOnRegistration_T01" is "Error -27985: There is no context for HTML-based functions. A previous function may not have used "Mode=HTML" or downloaded only non-HTML page(s), or the context has been reset (e.g., due to a GUI-based function)"	[MsgId: MMSG-16819]
Registration.c(20): Notify: The 2nd error message associated with transaction "PetStore_ClickOnRegistration_T01" is "Error -26366: "Text=User Information" not found for web_reg_find"	[MsgId: MMSG-16819]
Registration.c(20): Notify: The 3rd error message associated with transaction "PetStore_ClickOnRegistration_T01" is "Error -26374: The above "not found" error(s) may be explained by header and body byte counts being 0 and 0, respectively."	[MsgId: MMSG-16819]
Ending action Login.	[MsgId: MMSG-15918]
Ending iteration 5.	[MsgId: MMSG-15965]
Waiting 8.3900 seconds for iteration pacing.	[MsgId: MMSG-15996]
Starting iteration 4.	[MsgId: MMSG-15968]
Notify: Next row for parameter PetStoreEndtoEndFlow_UserName_1 = 1 [table  = PetStoreEndtoEndFlow_UserName_1].	[MsgId: MMSG-13876]
Notify: Getting new value for parameter 'PetStoreEndtoEndFlow_UserName_1': table = 'UserCredentilas5.dat' column = '0' row = '1'.	[MsgId: MMSG-13877]
Notify: Next row for parameter PetStoreEndtoEndFlow_UserName_2 = 1 [table  = PetStoreEndtoEndFlow_UserName_2].	[MsgId: MMSG-13876]
Notify: Getting new value for parameter 'PetStoreEndtoEndFlow_UserName_2': table = 'UserCredentilas7.dat' column = '0' row = '1'.	[MsgId: MMSG-13877]
Notify: Next row for parameter UserName = 1 [table  = UserName].	[MsgId: MMSG-13876]
Notify: Getting new value for parameter 'UserName': table = 'UserCredentilas.dat' column = '0' row = '1'.	[MsgId: MMSG-13877]
Notify: Next row for parameter PetStoreEndtoEndFlow_UserName = 1 [table  = PetStoreEndtoEndFlow_UserName].	[MsgId: MMSG-13876]
Notify: Getting new value for parameter 'PetStoreEndtoEndFlow_UserName': table = 'UserCredentilas2.dat' column = '0' row = '1'.	[MsgId: MMSG-13877]
Notify: Next row for parameter PetStoreEndtoEndFlow_pass_1 = 1 [table  = PetStoreEndtoEndFlow_pass_1].	[MsgId: MMSG-13876]
Notify: Getting new value for parameter 'PetStoreEndtoEndFlow_pass_1': table = 'UserCredentilas6.dat' column = '0' row = '1'.	[MsgId: MMSG-13877]
Notify: Next row for parameter PetStoreEndtoEndFlow_pass_2 = 1 [table  = PetStoreEndtoEndFlow_pass_2].	[MsgId: MMSG-13876]
Notify: Getting new value for parameter 'PetStoreEndtoEndFlow_pass_2': table = 'UserCredentilas8.dat' column = '0' row = '1'.	[MsgId: MMSG-13877]
Notify: Next row for parameter pass = 1 [table  = pass].	[MsgId: MMSG-13876]
Notify: Getting new value for parameter 'pass': table = 'UserCredentilas.dat' column = '0' row = '1'.	[MsgId: MMSG-13877]
Notify: Next row for parameter PetStoreEndtoEndFlow_pass = 1 [table  = PetStoreEndtoEndFlow_pass].	[MsgId: MMSG-13876]
Notify: Getting new value for parameter 'PetStoreEndtoEndFlow_pass': table = 'UserCredentilas4.dat' column = '0' row = '1'.	[MsgId: MMSG-13877]
Starting action Login.	[MsgId: MMSG-15919]
Registration.c(15): Notify: Transaction "PetStore_ClickOnRegistration_T01" started.	[MsgId: MMSG-16999]
Registration.c(17): web_reg_find started  	[MsgId: MMSG-26355]
Registration.c(17): Registering web_reg_find was successful  	[MsgId: MMSG-26390]
Registration.c(20): web_link("Register Now!") started  	[MsgId: MMSG-26355]
Registration.c(20): Error -27985: There is no context for HTML-based functions. A previous function may not have used "Mode=HTML" or downloaded only non-HTML page(s), or the context has been reset (e.g., due to a GUI-based function)  	[MsgId: MERR-27985]
Registration.c(20): Warning -26379: Pending web_reg_save_param/web_reg_find/web_create_html_param/web_create_html_param_ex request(s) are deleted and will be handled as "not found"  	[MsgId: MWAR-26379]
Registration.c(20): Error -26366: "Text=User Information" not found for web_reg_find  	[MsgId: MERR-26366]
Registration.c(20): Error -26374: The above "not found" error(s) may be explained by header and body byte counts being 0 and 0, respectively.  	[MsgId: MERR-26374]
Registration.c(20): web_link("Register Now!") highest severity level was "ERROR", 0 body bytes, 0 header bytes  	[MsgId: MMSG-26388]
Registration.c(20): Notify: Transaction "PetStore_ClickOnRegistration_T01" ended with a "Fail" status (Duration: 0.0009).	[MsgId: MMSG-16873]
Registration.c(20): Notify: Transaction "PetStore_ClickOnRegistration_T01" has 3 error message(s).	[MsgId: MMSG-16818]
Registration.c(20): Notify: The 1st error message associated with transaction "PetStore_ClickOnRegistration_T01" is "Error -27985: There is no context for HTML-based functions. A previous function may not have used "Mode=HTML" or downloaded only non-HTML page(s), or the context has been reset (e.g., due to a GUI-based function)"	[MsgId: MMSG-16819]
Registration.c(20): Notify: The 2nd error message associated with transaction "PetStore_ClickOnRegistration_T01" is "Error -26366: "Text=User Information" not found for web_reg_find"	[MsgId: MMSG-16819]
Registration.c(20): Notify: The 3rd error message associated with transaction "PetStore_ClickOnRegistration_T01" is "Error -26374: The above "not found" error(s) may be explained by header and body byte counts being 0 and 0, respectively."	[MsgId: MMSG-16819]
Ending action Login.	[MsgId: MMSG-15918]
Ending iteration 4.	[MsgId: MMSG-15965]
Waiting 5.5040 seconds for iteration pacing.	[MsgId: MMSG-15996]
Login.c(26): Redirecting "https://petstore.octoperf.com/actions/Account.action" (redirection depth is 0)  	[MsgId: MMSG-26694]
Login.c(26): To location "https://petstore.octoperf.com/actions/Catalog.action"  	[MsgId: MMSG-26693]
Registration.c(109): Notify: Transaction "PetStore_SignOut_T03" started.	[MsgId: MMSG-16999]
Registration.c(111): web_reg_find started  	[MsgId: MMSG-26355]
Registration.c(111): Registering web_reg_find was successful  	[MsgId: MMSG-26390]
Registration.c(114): web_url("Account.action_2") started  	[MsgId: MMSG-26355]
Login.c(26): Resource "https://petstore.octoperf.com/css/jpetstore.css" is in the cache already and will not be downloaded again  	[MsgId: MMSG-26655]
Login.c(26): Resource "https://petstore.octoperf.com/images/logo-topbar.svg" is in the cache already and will not be downloaded again  	[MsgId: MMSG-26655]
Login.c(26): Resource "https://petstore.octoperf.com/images/cart.gif" is in the cache already and will not be downloaded again  	[MsgId: MMSG-26655]
Login.c(26): Resource "https://petstore.octoperf.com/images/separator.gif" is in the cache already and will not be downloaded again  	[MsgId: MMSG-26655]
Login.c(26): Resource "https://petstore.octoperf.com/images/sm_fish.gif" is in the cache already and will not be downloaded again  	[MsgId: MMSG-26655]
Login.c(26): Resource "https://petstore.octoperf.com/images/sm_dogs.gif" is in the cache already and will not be downloaded again  	[MsgId: MMSG-26655]
Login.c(26): Resource "https://petstore.octoperf.com/images/sm_reptiles.gif" is in the cache already and will not be downloaded again  	[MsgId: MMSG-26655]
Login.c(26): Resource "https://petstore.octoperf.com/images/sm_cats.gif" is in the cache already and will not be downloaded again  	[MsgId: MMSG-26655]
Login.c(26): Resource "https://petstore.octoperf.com/images/sm_birds.gif" is in the cache already and will not be downloaded again  	[MsgId: MMSG-26655]
Login.c(26): Resource "https://petstore.octoperf.com/images/fish_icon.gif" is in the cache already and will not be downloaded again  	[MsgId: MMSG-26655]
Login.c(26): Resource "https://petstore.octoperf.com/images/dogs_icon.gif" is in the cache already and will not be downloaded again  	[MsgId: MMSG-26655]
Login.c(26): Resource "https://petstore.octoperf.com/images/cats_icon.gif" is in the cache already and will not be downloaded again  	[MsgId: MMSG-26655]
Login.c(26): Resource "https://petstore.octoperf.com/images/reptiles_icon.gif" is in the cache already and will not be downloaded again  	[MsgId: MMSG-26655]
Login.c(26): Resource "https://petstore.octoperf.com/images/birds_icon.gif" is in the cache already and will not be downloaded again  	[MsgId: MMSG-26655]
Login.c(26): Resource "https://petstore.octoperf.com/images/splash.gif" is in the cache already and will not be downloaded again  	[MsgId: MMSG-26655]
Login.c(26): Found resource "https://petstore.octoperf.com/images/banner_fish.gif" in HTML "https://petstore.octoperf.com/actions/Catalog.action"  	[MsgId: MMSG-26659]
Login.c(26): Notify: Saving Parameter "ProductName_1 = BIRDS".	[MsgId: MMSG-13798]
Login.c(26): Notify: Saving Parameter "ProductName_2 = FISH".	[MsgId: MMSG-13798]
Login.c(26): Notify: Saving Parameter "ProductName_3 = DOGS".	[MsgId: MMSG-13798]
Login.c(26): Notify: Saving Parameter "ProductName_4 = REPTILES".	[MsgId: MMSG-13798]
Login.c(26): Notify: Saving Parameter "ProductName_5 = CATS".	[MsgId: MMSG-13798]
Login.c(26): Notify: Saving Parameter "ProductName_6 = BIRDS".	[MsgId: MMSG-13798]
Registration.c(114): Redirecting "https://petstore.octoperf.com/actions/Account.action?signoff=" (redirection depth is 0)  	[MsgId: MMSG-26694]
Registration.c(114): To location "https://petstore.octoperf.com/actions/Catalog.action"  	[MsgId: MMSG-26693]
Login.c(26): Notify: Saving Parameter "ProductName_count = 6".	[MsgId: MMSG-13798]
Login.c(26): Registered web_reg_find successful for "Text=My Account" (count=1)  	[MsgId: MMSG-26364]
Login.c(26): web_submit_form("Account.action") was successful, 11416 body bytes, 727 header bytes  	[MsgId: MMSG-26386]
Login.c(34): Notify: Transaction "PetStore_Login_T01" ended with a "Pass" status (Duration: 0.5011 Wasted Time: 0.0003).	[MsgId: MMSG-16871]
Ending action Login.	[MsgId: MMSG-15918]
Starting action AddToCard.	[MsgId: MMSG-15919]
AddToCard.c(8): Notify: Transaction "PetStore_AddAproduct_T01" started.	[MsgId: MMSG-16999]
AddToCard.c(11): Notify: Parameter Substitution: parameter "ProductName_count" =  "6"	[MsgId: MMSG-13992]
AddToCard.c(12): Notify: Parameter Substitution: parameter "ProductName_4" =  "REPTILES"	[MsgId: MMSG-13992]
AddToCard.c(14): Notify: Saving Parameter "RandCategory = REPTILES".	[MsgId: MMSG-13798]
AddToCard.c(15): Notify: Parameter Substitution: parameter "RandCategory" =  "REPTILES"	[MsgId: MMSG-13992]
AddToCard.c(15): Random category selected in Action2 = REPTILES	[MsgId: MMSG-17999]
AddToCard.c(17): web_reg_find started  	[MsgId: MMSG-26355]
AddToCard.c(17): Notify: Parameter Substitution: parameter "RandCategory" =  "REPTILES"	[MsgId: MMSG-13992]
AddToCard.c(17): Registering web_reg_find was successful  	[MsgId: MMSG-26390]
AddToCard.c(20): web_reg_save_param_regexp started  	[MsgId: MMSG-26355]
AddToCard.c(20): Registering web_reg_save_param_regexp was successful  	[MsgId: MMSG-26390]
AddToCard.c(27): web_url("Catalog.action_2") started  	[MsgId: MMSG-26355]
AddToCard.c(27): Notify: Parameter Substitution: parameter "RandCategory" =  "REPTILES"	[MsgId: MMSG-13992]
Registration.c(114): Resource "https://petstore.octoperf.com/css/jpetstore.css" is in the cache already and will not be downloaded again  	[MsgId: MMSG-26655]
Registration.c(114): Resource "https://petstore.octoperf.com/images/logo-topbar.svg" is in the cache already and will not be downloaded again  	[MsgId: MMSG-26655]
Registration.c(114): Resource "https://petstore.octoperf.com/images/cart.gif" is in the cache already and will not be downloaded again  	[MsgId: MMSG-26655]
Registration.c(114): Resource "https://petstore.octoperf.com/images/separator.gif" is in the cache already and will not be downloaded again  	[MsgId: MMSG-26655]
Registration.c(114): Resource "https://petstore.octoperf.com/images/sm_fish.gif" is in the cache already and will not be downloaded again  	[MsgId: MMSG-26655]
Registration.c(114): Resource "https://petstore.octoperf.com/images/sm_dogs.gif" is in the cache already and will not be downloaded again  	[MsgId: MMSG-26655]
Registration.c(114): Resource "https://petstore.octoperf.com/images/sm_reptiles.gif" is in the cache already and will not be downloaded again  	[MsgId: MMSG-26655]
Registration.c(114): Resource "https://petstore.octoperf.com/images/sm_cats.gif" is in the cache already and will not be downloaded again  	[MsgId: MMSG-26655]
Registration.c(114): Resource "https://petstore.octoperf.com/images/sm_birds.gif" is in the cache already and will not be downloaded again  	[MsgId: MMSG-26655]
Registration.c(114): Resource "https://petstore.octoperf.com/images/fish_icon.gif" is in the cache already and will not be downloaded again  	[MsgId: MMSG-26655]
Registration.c(114): Resource "https://petstore.octoperf.com/images/dogs_icon.gif" is in the cache already and will not be downloaded again  	[MsgId: MMSG-26655]
Registration.c(114): Resource "https://petstore.octoperf.com/images/cats_icon.gif" is in the cache already and will not be downloaded again  	[MsgId: MMSG-26655]
Registration.c(114): Resource "https://petstore.octoperf.com/images/reptiles_icon.gif" is in the cache already and will not be downloaded again  	[MsgId: MMSG-26655]
Registration.c(114): Resource "https://petstore.octoperf.com/images/birds_icon.gif" is in the cache already and will not be downloaded again  	[MsgId: MMSG-26655]
Registration.c(114): Resource "https://petstore.octoperf.com/images/splash.gif" is in the cache already and will not be downloaded again  	[MsgId: MMSG-26655]
Registration.c(114): Registered web_reg_find successful for "Text=Sign In" (count=1)  	[MsgId: MMSG-26364]
Registration.c(114): web_url("Account.action_2") was successful, 4736 body bytes, 518 header bytes  	[MsgId: MMSG-26386]
Registration.c(123): Notify: Transaction "PetStore_SignOut_T03" ended with a "Pass" status (Duration: 0.2508 Wasted Time: 0.0000).	[MsgId: MMSG-16871]
Login.c(4): Notify: Transaction "PetStore_ClickOnSignIn_T01" started.	[MsgId: MMSG-16999]
Login.c(6): web_reg_find started  	[MsgId: MMSG-26355]
Login.c(6): Registering web_reg_find was successful  	[MsgId: MMSG-26390]
Login.c(9): web_link("Sign In") started  	[MsgId: MMSG-26355]
Login.c(9): Linking to "https://petstore.octoperf.com/actions/Account.action?signonForm=", Target Frame=""  	[MsgId: MMSG-27994]
AddToCard.c(27): Resource "https://petstore.octoperf.com/css/jpetstore.css" is in the cache already and will not be downloaded again  	[MsgId: MMSG-26655]
AddToCard.c(27): Resource "https://petstore.octoperf.com/images/logo-topbar.svg" is in the cache already and will not be downloaded again  	[MsgId: MMSG-26655]
AddToCard.c(27): Resource "https://petstore.octoperf.com/images/cart.gif" is in the cache already and will not be downloaded again  	[MsgId: MMSG-26655]
AddToCard.c(27): Resource "https://petstore.octoperf.com/images/separator.gif" is in the cache already and will not be downloaded again  	[MsgId: MMSG-26655]
AddToCard.c(27): Resource "https://petstore.octoperf.com/images/sm_fish.gif" is in the cache already and will not be downloaded again  	[MsgId: MMSG-26655]
AddToCard.c(27): Resource "https://petstore.octoperf.com/images/sm_dogs.gif" is in the cache already and will not be downloaded again  	[MsgId: MMSG-26655]
AddToCard.c(27): Resource "https://petstore.octoperf.com/images/sm_reptiles.gif" is in the cache already and will not be downloaded again  	[MsgId: MMSG-26655]
AddToCard.c(27): Resource "https://petstore.octoperf.com/images/sm_cats.gif" is in the cache already and will not be downloaded again  	[MsgId: MMSG-26655]
AddToCard.c(27): Resource "https://petstore.octoperf.com/images/sm_birds.gif" is in the cache already and will not be downloaded again  	[MsgId: MMSG-26655]
AddToCard.c(27): Resource "https://petstore.octoperf.com/images/banner_fish.gif" is in the cache already and will not be downloaded again  	[MsgId: MMSG-26655]
AddToCard.c(27): Notify: Saving Parameter "productId_1 = RP-SN-01".	[MsgId: MMSG-13798]
AddToCard.c(27): Notify: Saving Parameter "productId_2 = RP-LI-02".	[MsgId: MMSG-13798]
AddToCard.c(27): Notify: Saving Parameter "productId_count = 2".	[MsgId: MMSG-13798]
AddToCard.c(27): Registered web_reg_find successful for "Text=REPTILES" (count=1)  	[MsgId: MMSG-26364]
AddToCard.c(27): web_url("Catalog.action_2") was successful, 3627 body bytes, 225 header bytes  	[MsgId: MMSG-26386]
AddToCard.c(36): Notify: Transaction "PetStore_AddAproduct_T01" ended with a "Pass" status (Duration: 0.1266 Wasted Time: 0.0002).	[MsgId: MMSG-16871]
AddToCard.c(38): lr_think_time: 2.55 seconds (recorded think time was 5.00 seconds).	[MsgId: MMSG-15947]
Login.c(9): Resource "https://petstore.octoperf.com/css/jpetstore.css" is in the cache already and will not be downloaded again  	[MsgId: MMSG-26655]
Login.c(9): Resource "https://petstore.octoperf.com/images/logo-topbar.svg" is in the cache already and will not be downloaded again  	[MsgId: MMSG-26655]
Login.c(9): Resource "https://petstore.octoperf.com/images/cart.gif" is in the cache already and will not be downloaded again  	[MsgId: MMSG-26655]
Login.c(9): Resource "https://petstore.octoperf.com/images/separator.gif" is in the cache already and will not be downloaded again  	[MsgId: MMSG-26655]
Login.c(9): Resource "https://petstore.octoperf.com/images/sm_fish.gif" is in the cache already and will not be downloaded again  	[MsgId: MMSG-26655]
Login.c(9): Resource "https://petstore.octoperf.com/images/sm_dogs.gif" is in the cache already and will not be downloaded again  	[MsgId: MMSG-26655]
Login.c(9): Resource "https://petstore.octoperf.com/images/sm_reptiles.gif" is in the cache already and will not be downloaded again  	[MsgId: MMSG-26655]
Login.c(9): Resource "https://petstore.octoperf.com/images/sm_cats.gif" is in the cache already and will not be downloaded again  	[MsgId: MMSG-26655]
Login.c(9): Resource "https://petstore.octoperf.com/images/sm_birds.gif" is in the cache already and will not be downloaded again  	[MsgId: MMSG-26655]
Login.c(9): Registered web_reg_find successful for "Text=Please enter your username and password" (count=1)  	[MsgId: MMSG-26364]
Login.c(9): web_link("Sign In") was successful, 3858 body bytes, 225 header bytes  	[MsgId: MMSG-26386]
Login.c(13): Notify: Transaction "PetStore_ClickOnSignIn_T01" ended with a "Pass" status (Duration: 0.1257 Wasted Time: 0.0000).	[MsgId: MMSG-16871]
Login.c(15): lr_think_time: 4.86 seconds (recorded think time was 5.00 seconds).	[MsgId: MMSG-15947]
Registration.c(29): Notify: Transaction "PetStore_SubmitRegistration_T02" started.	[MsgId: MMSG-16999]
Registration.c(31): web_reg_find started  	[MsgId: MMSG-26355]
Registration.c(31): Registering web_reg_find was successful  	[MsgId: MMSG-26390]
Registration.c(38): Notify: Saving Parameter "randomUsername = XGWG".	[MsgId: MMSG-13798]
Registration.c(44): Notify: Saving Parameter "randompass = vxxv".	[MsgId: MMSG-13798]
Registration.c(58): Notify: Saving Parameter "randomFirstName = ilmmp".	[MsgId: MMSG-13798]
Registration.c(59): Notify: Saving Parameter "randomLastName = npmkt".	[MsgId: MMSG-13798]
Registration.c(71): Notify: Saving Parameter "RandomPhone = ;855946257".	[MsgId: MMSG-13798]
Registration.c(80): Notify: Saving Parameter "RandomZip = 576711".	[MsgId: MMSG-13798]
Registration.c(83): web_submit_form("Account.action") started  	[MsgId: MMSG-26355]
Registration.c(83): Notify: Parameter Substitution: parameter "randomUsername" =  "XGWG"	[MsgId: MMSG-13992]
Registration.c(83): Notify: Parameter Substitution: parameter "randompass" =  "vxxv"	[MsgId: MMSG-13992]
Registration.c(83): Notify: Parameter Substitution: parameter "randompass" =  "vxxv"	[MsgId: MMSG-13992]
Registration.c(83): Notify: Parameter Substitution: parameter "randomFirstName" =  "ilmmp"	[MsgId: MMSG-13992]
Registration.c(83): Notify: Parameter Substitution: parameter "randomLastName" =  "npmkt"	[MsgId: MMSG-13992]
Registration.c(83): Notify: Parameter Substitution: parameter "randomFirstName" =  "ilmmp"	[MsgId: MMSG-13992]
Registration.c(83): Notify: Parameter Substitution: parameter "randomLastName" =  "npmkt"	[MsgId: MMSG-13992]
Registration.c(83): Notify: Parameter Substitution: parameter "RandomPhone" =  ";855946257"	[MsgId: MMSG-13992]
Registration.c(83): Notify: Parameter Substitution: parameter "RandomZip" =  "576711"	[MsgId: MMSG-13992]
Registration.c(83): Submitting form to "https://petstore.octoperf.com/actions/Account.action", Target Frame=""  	[MsgId: MMSG-27978]
Registration.c(83): Connection to petstore.octoperf.com:443 closed after being inactive for 63 seconds, exceeding the "HTTP Keep-Alive timeout" Runtime Setting (60 seconds). URL="[None]"  	[MsgId: MMSG-27647]
AddToCard.c(40): Notify: Transaction "PetStore_SelectProductId_T02" started.	[MsgId: MMSG-16999]
AddToCard.c(43): Notify: Parameter Substitution: parameter "productId_count" =  "4"	[MsgId: MMSG-13992]
AddToCard.c(44): Notify: Parameter Substitution: parameter "productId_3" =  "FI-FW-01"	[MsgId: MMSG-13992]
AddToCard.c(46): Notify: Saving Parameter "RandproductId = FI-FW-01".	[MsgId: MMSG-13798]
AddToCard.c(47): Notify: Parameter Substitution: parameter "RandproductId" =  "FI-FW-01"	[MsgId: MMSG-13992]
AddToCard.c(47): Random category selected in Action2 = FI-FW-01	[MsgId: MMSG-17999]
AddToCard.c(49): web_reg_find started  	[MsgId: MMSG-26355]
AddToCard.c(49): Notify: Parameter Substitution: parameter "RandproductId" =  "FI-FW-01"	[MsgId: MMSG-13992]
AddToCard.c(49): Registering web_reg_find was successful  	[MsgId: MMSG-26390]
AddToCard.c(51): web_reg_save_param_regexp started  	[MsgId: MMSG-26355]
AddToCard.c(51): Registering web_reg_save_param_regexp was successful  	[MsgId: MMSG-26390]
AddToCard.c(58): web_link("{RandproductId}") started  	[MsgId: MMSG-26355]
AddToCard.c(58): Notify: Parameter Substitution: parameter "RandproductId" =  "FI-FW-01"	[MsgId: MMSG-13992]
AddToCard.c(58): Linking to "https://petstore.octoperf.com/actions/Catalog.action?viewProduct=&productId=FI-FW-01", Target Frame=""  	[MsgId: MMSG-27994]
AddToCard.c(58): Resource "https://petstore.octoperf.com/css/jpetstore.css" is in the cache already and will not be downloaded again  	[MsgId: MMSG-26655]
AddToCard.c(58): Resource "https://petstore.octoperf.com/images/logo-topbar.svg" is in the cache already and will not be downloaded again  	[MsgId: MMSG-26655]
AddToCard.c(58): Resource "https://petstore.octoperf.com/images/cart.gif" is in the cache already and will not be downloaded again  	[MsgId: MMSG-26655]
AddToCard.c(58): Resource "https://petstore.octoperf.com/images/separator.gif" is in the cache already and will not be downloaded again  	[MsgId: MMSG-26655]
AddToCard.c(58): Resource "https://petstore.octoperf.com/images/sm_fish.gif" is in the cache already and will not be downloaded again  	[MsgId: MMSG-26655]
AddToCard.c(58): Resource "https://petstore.octoperf.com/images/sm_dogs.gif" is in the cache already and will not be downloaded again  	[MsgId: MMSG-26655]
AddToCard.c(58): Resource "https://petstore.octoperf.com/images/sm_reptiles.gif" is in the cache already and will not be downloaded again  	[MsgId: MMSG-26655]
AddToCard.c(58): Resource "https://petstore.octoperf.com/images/sm_cats.gif" is in the cache already and will not be downloaded again  	[MsgId: MMSG-26655]
AddToCard.c(58): Resource "https://petstore.octoperf.com/images/sm_birds.gif" is in the cache already and will not be downloaded again  	[MsgId: MMSG-26655]
AddToCard.c(58): Resource "https://petstore.octoperf.com/images/banner_fish.gif" is in the cache already and will not be downloaded again  	[MsgId: MMSG-26655]
AddToCard.c(58): Notify: Saving Parameter "itemId_1 = EST-4".	[MsgId: MMSG-13798]
AddToCard.c(58): Notify: Saving Parameter "itemId_2 = EST-5".	[MsgId: MMSG-13798]
AddToCard.c(58): Notify: Saving Parameter "itemId_count = 2".	[MsgId: MMSG-13798]
AddToCard.c(58): Registered web_reg_find successful for "Text=FI-FW-01" (count=2)  	[MsgId: MMSG-26364]
AddToCard.c(58): web_link("{RandproductId}") was successful, 4050 body bytes, 225 header bytes  	[MsgId: MMSG-26386]
AddToCard.c(63): Notify: Transaction "PetStore_SelectProductId_T02" ended with a "Pass" status (Duration: 0.1311 Wasted Time: 0.0004).	[MsgId: MMSG-16871]
AddToCard.c(65): lr_think_time: 2.98 seconds (recorded think time was 5.00 seconds).	[MsgId: MMSG-15947]
Registration.c(83): Redirecting "https://petstore.octoperf.com/actions/Account.action" (redirection depth is 0)  	[MsgId: MMSG-26694]
Registration.c(83): To location "https://petstore.octoperf.com/actions/Catalog.action"  	[MsgId: MMSG-26693]
Registration.c(83): Resource "https://petstore.octoperf.com/css/jpetstore.css" is in the cache already and will not be downloaded again  	[MsgId: MMSG-26655]
Registration.c(83): Resource "https://petstore.octoperf.com/images/logo-topbar.svg" is in the cache already and will not be downloaded again  	[MsgId: MMSG-26655]
Registration.c(83): Resource "https://petstore.octoperf.com/images/cart.gif" is in the cache already and will not be downloaded again  	[MsgId: MMSG-26655]
Registration.c(83): Resource "https://petstore.octoperf.com/images/separator.gif" is in the cache already and will not be downloaded again  	[MsgId: MMSG-26655]
Registration.c(83): Resource "https://petstore.octoperf.com/images/sm_fish.gif" is in the cache already and will not be downloaded again  	[MsgId: MMSG-26655]
Registration.c(83): Resource "https://petstore.octoperf.com/images/sm_dogs.gif" is in the cache already and will not be downloaded again  	[MsgId: MMSG-26655]
Registration.c(83): Resource "https://petstore.octoperf.com/images/sm_reptiles.gif" is in the cache already and will not be downloaded again  	[MsgId: MMSG-26655]
Registration.c(83): Resource "https://petstore.octoperf.com/images/sm_cats.gif" is in the cache already and will not be downloaded again  	[MsgId: MMSG-26655]
Registration.c(83): Resource "https://petstore.octoperf.com/images/sm_birds.gif" is in the cache already and will not be downloaded again  	[MsgId: MMSG-26655]
Registration.c(83): Resource "https://petstore.octoperf.com/images/fish_icon.gif" is in the cache already and will not be downloaded again  	[MsgId: MMSG-26655]
Registration.c(83): Resource "https://petstore.octoperf.com/images/dogs_icon.gif" is in the cache already and will not be downloaded again  	[MsgId: MMSG-26655]
Registration.c(83): Resource "https://petstore.octoperf.com/images/cats_icon.gif" is in the cache already and will not be downloaded again  	[MsgId: MMSG-26655]
Registration.c(83): Resource "https://petstore.octoperf.com/images/reptiles_icon.gif" is in the cache already and will not be downloaded again  	[MsgId: MMSG-26655]
Registration.c(83): Resource "https://petstore.octoperf.com/images/birds_icon.gif" is in the cache already and will not be downloaded again  	[MsgId: MMSG-26655]
Registration.c(83): Resource "https://petstore.octoperf.com/images/splash.gif" is in the cache already and will not be downloaded again  	[MsgId: MMSG-26655]
Registration.c(83): Registered web_reg_find successful for "Text=Elevate you load-testing" (count=1)  	[MsgId: MMSG-26364]
Registration.c(83): web_submit_form("Account.action") was successful, 4736 body bytes, 443 header bytes  	[MsgId: MMSG-26386]
Registration.c(105): Notify: Transaction "PetStore_SubmitRegistration_T02" ended with a "Pass" status (Duration: 0.7992 Wasted Time: 0.0000).	[MsgId: MMSG-16871]
Registration.c(107): lr_think_time: 2.57 seconds (recorded think time was 5.00 seconds).	[MsgId: MMSG-15947]
Starting iteration 1.	[MsgId: MMSG-15968]
Warning -27077: The "vuser_init" section contains web function(s) when the "Simulate a new user on each iteration" Runtime Setting is ON.  This may produce unpredictable results with multiple iterations  	[MsgId: MWAR-27077]
Maximum number of concurrent connections per server: 6  	[MsgId: MMSG-26989]
Starting action Login.	[MsgId: MMSG-15919]
Registration.c(15): Notify: Transaction "PetStore_ClickOnRegistration_T01" started.	[MsgId: MMSG-16999]
Registration.c(17): web_reg_find started  	[MsgId: MMSG-26355]
Registration.c(17): Registering web_reg_find was successful  	[MsgId: MMSG-26390]
Registration.c(20): web_link("Register Now!") started  	[MsgId: MMSG-26355]
Registration.c(20): Linking to "https://petstore.octoperf.com/actions/Account.action?newAccountForm=", Target Frame=""  	[MsgId: MMSG-27994]
Registration.c(20): Resource "https://petstore.octoperf.com/css/jpetstore.css" is in the cache already and will not be downloaded again  	[MsgId: MMSG-26655]
Registration.c(20): Resource "https://petstore.octoperf.com/images/logo-topbar.svg" is in the cache already and will not be downloaded again  	[MsgId: MMSG-26655]
Registration.c(20): Resource "https://petstore.octoperf.com/images/cart.gif" is in the cache already and will not be downloaded again  	[MsgId: MMSG-26655]
Registration.c(20): Resource "https://petstore.octoperf.com/images/separator.gif" is in the cache already and will not be downloaded again  	[MsgId: MMSG-26655]
Registration.c(20): Resource "https://petstore.octoperf.com/images/sm_fish.gif" is in the cache already and will not be downloaded again  	[MsgId: MMSG-26655]
Registration.c(20): Resource "https://petstore.octoperf.com/images/sm_dogs.gif" is in the cache already and will not be downloaded again  	[MsgId: MMSG-26655]
Registration.c(20): Resource "https://petstore.octoperf.com/images/sm_reptiles.gif" is in the cache already and will not be downloaded again  	[MsgId: MMSG-26655]
Registration.c(20): Resource "https://petstore.octoperf.com/images/sm_cats.gif" is in the cache already and will not be downloaded again  	[MsgId: MMSG-26655]
Registration.c(20): Resource "https://petstore.octoperf.com/images/sm_birds.gif" is in the cache already and will not be downloaded again  	[MsgId: MMSG-26655]
Registration.c(20): Registered web_reg_find successful for "Text=User Information" (count=1)  	[MsgId: MMSG-26364]
Registration.c(20): web_link("Register Now!") was successful, 5823 body bytes, 225 header bytes  	[MsgId: MMSG-26386]
Registration.c(25): Notify: Transaction "PetStore_ClickOnRegistration_T01" ended with a "Pass" status (Duration: 0.1246 Wasted Time: 0.0000).	[MsgId: MMSG-16871]
Registration.c(27): lr_think_time: 2.85 seconds (recorded think time was 5.00 seconds).	[MsgId: MMSG-15947]
AddToCard.c(40): Notify: Transaction "PetStore_SelectProductId_T02" started.	[MsgId: MMSG-16999]
AddToCard.c(43): Notify: Parameter Substitution: parameter "productId_count" =  "2"	[MsgId: MMSG-13992]
AddToCard.c(44): Notify: Parameter Substitution: parameter "productId_1" =  "RP-SN-01"	[MsgId: MMSG-13992]
AddToCard.c(46): Notify: Saving Parameter "RandproductId = RP-SN-01".	[MsgId: MMSG-13798]
AddToCard.c(47): Notify: Parameter Substitution: parameter "RandproductId" =  "RP-SN-01"	[MsgId: MMSG-13992]
AddToCard.c(47): Random category selected in Action2 = RP-SN-01	[MsgId: MMSG-17999]
AddToCard.c(49): web_reg_find started  	[MsgId: MMSG-26355]
AddToCard.c(49): Notify: Parameter Substitution: parameter "RandproductId" =  "RP-SN-01"	[MsgId: MMSG-13992]
AddToCard.c(49): Registering web_reg_find was successful  	[MsgId: MMSG-26390]
AddToCard.c(51): web_reg_save_param_regexp started  	[MsgId: MMSG-26355]
AddToCard.c(51): Registering web_reg_save_param_regexp was successful  	[MsgId: MMSG-26390]
AddToCard.c(58): web_link("{RandproductId}") started  	[MsgId: MMSG-26355]
AddToCard.c(58): Notify: Parameter Substitution: parameter "RandproductId" =  "RP-SN-01"	[MsgId: MMSG-13992]
AddToCard.c(58): Linking to "https://petstore.octoperf.com/actions/Catalog.action?viewProduct=&productId=RP-SN-01", Target Frame=""  	[MsgId: MMSG-27994]
AddToCard.c(88): Notify: Transaction "PetStore_AddToCard_T04" started.	[MsgId: MMSG-16999]
AddToCard.c(90): web_reg_find started  	[MsgId: MMSG-26355]
AddToCard.c(90): Registering web_reg_find was successful  	[MsgId: MMSG-26390]
AddToCard.c(94): web_link("Add to Cart") started  	[MsgId: MMSG-26355]
AddToCard.c(94): Linking to "https://petstore.octoperf.com/actions/Cart.action?addItemToCart=&workingItemId=EST-19", Target Frame=""  	[MsgId: MMSG-27994]
AddToCard.c(58): Resource "https://petstore.octoperf.com/css/jpetstore.css" is in the cache already and will not be downloaded again  	[MsgId: MMSG-26655]
AddToCard.c(58): Resource "https://petstore.octoperf.com/images/logo-topbar.svg" is in the cache already and will not be downloaded again  	[MsgId: MMSG-26655]
AddToCard.c(58): Resource "https://petstore.octoperf.com/images/cart.gif" is in the cache already and will not be downloaded again  	[MsgId: MMSG-26655]
AddToCard.c(58): Resource "https://petstore.octoperf.com/images/separator.gif" is in the cache already and will not be downloaded again  	[MsgId: MMSG-26655]
AddToCard.c(58): Resource "https://petstore.octoperf.com/images/sm_fish.gif" is in the cache already and will not be downloaded again  	[MsgId: MMSG-26655]
AddToCard.c(58): Resource "https://petstore.octoperf.com/images/sm_dogs.gif" is in the cache already and will not be downloaded again  	[MsgId: MMSG-26655]
AddToCard.c(58): Resource "https://petstore.octoperf.com/images/sm_reptiles.gif" is in the cache already and will not be downloaded again  	[MsgId: MMSG-26655]
AddToCard.c(58): Resource "https://petstore.octoperf.com/images/sm_cats.gif" is in the cache already and will not be downloaded again  	[MsgId: MMSG-26655]
AddToCard.c(58): Resource "https://petstore.octoperf.com/images/sm_birds.gif" is in the cache already and will not be downloaded again  	[MsgId: MMSG-26655]
AddToCard.c(58): Resource "https://petstore.octoperf.com/images/banner_fish.gif" is in the cache already and will not be downloaded again  	[MsgId: MMSG-26655]
AddToCard.c(58): Notify: Saving Parameter "itemId_1 = EST-11".	[MsgId: MMSG-13798]
AddToCard.c(58): Notify: Saving Parameter "itemId_2 = EST-12".	[MsgId: MMSG-13798]
AddToCard.c(58): Notify: Saving Parameter "itemId_count = 2".	[MsgId: MMSG-13798]
AddToCard.c(58): Registered web_reg_find successful for "Text=RP-SN-01" (count=2)  	[MsgId: MMSG-26364]
AddToCard.c(58): web_link("{RandproductId}") was successful, 4092 body bytes, 225 header bytes  	[MsgId: MMSG-26386]
AddToCard.c(63): Notify: Transaction "PetStore_SelectProductId_T02" ended with a "Pass" status (Duration: 0.1287 Wasted Time: 0.0003).	[MsgId: MMSG-16871]
AddToCard.c(65): lr_think_time: 4.47 seconds (recorded think time was 5.00 seconds).	[MsgId: MMSG-15947]
AddToCard.c(94): Resource "https://petstore.octoperf.com/css/jpetstore.css" is in the cache already and will not be downloaded again  	[MsgId: MMSG-26655]
AddToCard.c(94): Resource "https://petstore.octoperf.com/images/logo-topbar.svg" is in the cache already and will not be downloaded again  	[MsgId: MMSG-26655]
AddToCard.c(94): Resource "https://petstore.octoperf.com/images/cart.gif" is in the cache already and will not be downloaded again  	[MsgId: MMSG-26655]
AddToCard.c(94): Resource "https://petstore.octoperf.com/images/separator.gif" is in the cache already and will not be downloaded again  	[MsgId: MMSG-26655]
AddToCard.c(94): Resource "https://petstore.octoperf.com/images/sm_fish.gif" is in the cache already and will not be downloaded again  	[MsgId: MMSG-26655]
AddToCard.c(94): Resource "https://petstore.octoperf.com/images/sm_dogs.gif" is in the cache already and will not be downloaded again  	[MsgId: MMSG-26655]
AddToCard.c(94): Resource "https://petstore.octoperf.com/images/sm_reptiles.gif" is in the cache already and will not be downloaded again  	[MsgId: MMSG-26655]
AddToCard.c(94): Resource "https://petstore.octoperf.com/images/sm_cats.gif" is in the cache already and will not be downloaded again  	[MsgId: MMSG-26655]
AddToCard.c(94): Resource "https://petstore.octoperf.com/images/sm_birds.gif" is in the cache already and will not be downloaded again  	[MsgId: MMSG-26655]
AddToCard.c(94): Resource "https://petstore.octoperf.com/images/banner_fish.gif" is in the cache already and will not be downloaded again  	[MsgId: MMSG-26655]
AddToCard.c(94): Registered web_reg_find successful for "Text=Shopping Cart" (count=1)  	[MsgId: MMSG-26364]
AddToCard.c(94): web_link("Add to Cart") was successful, 4632 body bytes, 225 header bytes  	[MsgId: MMSG-26386]
AddToCard.c(99): Notify: Transaction "PetStore_AddToCard_T04" ended with a "Pass" status (Duration: 0.1277 Wasted Time: 0.0000).	[MsgId: MMSG-16871]
Ending action AddToCard.	[MsgId: MMSG-15918]
Starting action UpdateCart.	[MsgId: MMSG-15919]
UpdateCart.c(4): Notify: Transaction "PetStore_ClickOnViewcart_T01" started.	[MsgId: MMSG-16999]
UpdateCart.c(6): web_reg_find started  	[MsgId: MMSG-26355]
UpdateCart.c(6): Registering web_reg_find was successful  	[MsgId: MMSG-26390]
UpdateCart.c(9): web_url("Cart.action") started  	[MsgId: MMSG-26355]
UpdateCart.c(9): Resource "https://petstore.octoperf.com/css/jpetstore.css" is in the cache already and will not be downloaded again  	[MsgId: MMSG-26655]
UpdateCart.c(9): Resource "https://petstore.octoperf.com/images/logo-topbar.svg" is in the cache already and will not be downloaded again  	[MsgId: MMSG-26655]
UpdateCart.c(9): Resource "https://petstore.octoperf.com/images/cart.gif" is in the cache already and will not be downloaded again  	[MsgId: MMSG-26655]
UpdateCart.c(9): Resource "https://petstore.octoperf.com/images/separator.gif" is in the cache already and will not be downloaded again  	[MsgId: MMSG-26655]
UpdateCart.c(9): Resource "https://petstore.octoperf.com/images/sm_fish.gif" is in the cache already and will not be downloaded again  	[MsgId: MMSG-26655]
UpdateCart.c(9): Resource "https://petstore.octoperf.com/images/sm_dogs.gif" is in the cache already and will not be downloaded again  	[MsgId: MMSG-26655]
UpdateCart.c(9): Resource "https://petstore.octoperf.com/images/sm_reptiles.gif" is in the cache already and will not be downloaded again  	[MsgId: MMSG-26655]
UpdateCart.c(9): Resource "https://petstore.octoperf.com/images/sm_cats.gif" is in the cache already and will not be downloaded again  	[MsgId: MMSG-26655]
UpdateCart.c(9): Resource "https://petstore.octoperf.com/images/sm_birds.gif" is in the cache already and will not be downloaded again  	[MsgId: MMSG-26655]
UpdateCart.c(9): Resource "https://petstore.octoperf.com/images/banner_fish.gif" is in the cache already and will not be downloaded again  	[MsgId: MMSG-26655]
UpdateCart.c(9): Registered web_reg_find successful for "Text=Sub Total:" (count=1)  	[MsgId: MMSG-26364]
UpdateCart.c(9): web_url("Cart.action") was successful, 4632 body bytes, 225 header bytes  	[MsgId: MMSG-26386]
UpdateCart.c(19): Notify: Transaction "PetStore_ClickOnViewcart_T01" ended with a "Pass" status (Duration: 0.1267 Wasted Time: 0.0000).	[MsgId: MMSG-16871]
UpdateCart.c(21): lr_think_time: 3.02 seconds (recorded think time was 5.00 seconds).	[MsgId: MMSG-15947]
Starting iteration 6.	[MsgId: MMSG-15968]
Notify: Next row for parameter PetStoreEndtoEndFlow_UserName_1 = 1 [table  = PetStoreEndtoEndFlow_UserName_1].	[MsgId: MMSG-13876]
Notify: Getting new value for parameter 'PetStoreEndtoEndFlow_UserName_1': table = 'UserCredentilas5.dat' column = '0' row = '1'.	[MsgId: MMSG-13877]
Notify: Next row for parameter PetStoreEndtoEndFlow_UserName_2 = 1 [table  = PetStoreEndtoEndFlow_UserName_2].	[MsgId: MMSG-13876]
Notify: Getting new value for parameter 'PetStoreEndtoEndFlow_UserName_2': table = 'UserCredentilas7.dat' column = '0' row = '1'.	[MsgId: MMSG-13877]
Notify: Next row for parameter UserName = 1 [table  = UserName].	[MsgId: MMSG-13876]
Notify: Getting new value for parameter 'UserName': table = 'UserCredentilas.dat' column = '0' row = '1'.	[MsgId: MMSG-13877]
Notify: Next row for parameter PetStoreEndtoEndFlow_UserName = 1 [table  = PetStoreEndtoEndFlow_UserName].	[MsgId: MMSG-13876]
Notify: Getting new value for parameter 'PetStoreEndtoEndFlow_UserName': table = 'UserCredentilas2.dat' column = '0' row = '1'.	[MsgId: MMSG-13877]
Notify: Next row for parameter PetStoreEndtoEndFlow_pass_1 = 1 [table  = PetStoreEndtoEndFlow_pass_1].	[MsgId: MMSG-13876]
Notify: Getting new value for parameter 'PetStoreEndtoEndFlow_pass_1': table = 'UserCredentilas6.dat' column = '0' row = '1'.	[MsgId: MMSG-13877]
Notify: Next row for parameter PetStoreEndtoEndFlow_pass_2 = 1 [table  = PetStoreEndtoEndFlow_pass_2].	[MsgId: MMSG-13876]
Notify: Getting new value for parameter 'PetStoreEndtoEndFlow_pass_2': table = 'UserCredentilas8.dat' column = '0' row = '1'.	[MsgId: MMSG-13877]
Notify: Next row for parameter pass = 1 [table  = pass].	[MsgId: MMSG-13876]
Notify: Getting new value for parameter 'pass': table = 'UserCredentilas.dat' column = '0' row = '1'.	[MsgId: MMSG-13877]
Notify: Next row for parameter PetStoreEndtoEndFlow_pass = 1 [table  = PetStoreEndtoEndFlow_pass].	[MsgId: MMSG-13876]
Notify: Getting new value for parameter 'PetStoreEndtoEndFlow_pass': table = 'UserCredentilas4.dat' column = '0' row = '1'.	[MsgId: MMSG-13877]
Starting action Login.	[MsgId: MMSG-15919]
Registration.c(15): Notify: Transaction "PetStore_ClickOnRegistration_T01" started.	[MsgId: MMSG-16999]
Registration.c(17): web_reg_find started  	[MsgId: MMSG-26355]
Registration.c(17): Registering web_reg_find was successful  	[MsgId: MMSG-26390]
Registration.c(20): web_link("Register Now!") started  	[MsgId: MMSG-26355]
Registration.c(20): Error -27985: There is no context for HTML-based functions. A previous function may not have used "Mode=HTML" or downloaded only non-HTML page(s), or the context has been reset (e.g., due to a GUI-based function)  	[MsgId: MERR-27985]
Registration.c(20): Warning -26379: Pending web_reg_save_param/web_reg_find/web_create_html_param/web_create_html_param_ex request(s) are deleted and will be handled as "not found"  	[MsgId: MWAR-26379]
Registration.c(20): Error -26366: "Text=User Information" not found for web_reg_find  	[MsgId: MERR-26366]
Registration.c(20): Error -26374: The above "not found" error(s) may be explained by header and body byte counts being 0 and 0, respectively.  	[MsgId: MERR-26374]
Registration.c(20): web_link("Register Now!") highest severity level was "ERROR", 0 body bytes, 0 header bytes  	[MsgId: MMSG-26388]
Registration.c(20): Notify: Transaction "PetStore_ClickOnRegistration_T01" ended with a "Fail" status (Duration: 0.0012).	[MsgId: MMSG-16873]
Registration.c(20): Notify: Transaction "PetStore_ClickOnRegistration_T01" has 3 error message(s).	[MsgId: MMSG-16818]
Registration.c(20): Notify: The 1st error message associated with transaction "PetStore_ClickOnRegistration_T01" is "Error -27985: There is no context for HTML-based functions. A previous function may not have used "Mode=HTML" or downloaded only non-HTML page(s), or the context has been reset (e.g., due to a GUI-based function)"	[MsgId: MMSG-16819]
Registration.c(20): Notify: The 2nd error message associated with transaction "PetStore_ClickOnRegistration_T01" is "Error -26366: "Text=User Information" not found for web_reg_find"	[MsgId: MMSG-16819]
Registration.c(20): Notify: The 3rd error message associated with transaction "PetStore_ClickOnRegistration_T01" is "Error -26374: The above "not found" error(s) may be explained by header and body byte counts being 0 and 0, respectively."	[MsgId: MMSG-16819]
Ending action Login.	[MsgId: MMSG-15918]
Ending iteration 6.	[MsgId: MMSG-15965]
Waiting 5.7840 seconds for iteration pacing.	[MsgId: MMSG-15996]
AddToCard.c(67): Notify: Transaction "PetStore_SelectItemId_T03" started.	[MsgId: MMSG-16999]
AddToCard.c(71): Notify: Parameter Substitution: parameter "itemId_count" =  "2"	[MsgId: MMSG-13992]
AddToCard.c(72): Notify: Parameter Substitution: parameter "itemId_1" =  "EST-4"	[MsgId: MMSG-13992]
AddToCard.c(74): Notify: Saving Parameter "RanditemId = EST-4".	[MsgId: MMSG-13798]
AddToCard.c(75): Notify: Parameter Substitution: parameter "RanditemId" =  "EST-4"	[MsgId: MMSG-13992]
AddToCard.c(75): Random category selected in Action2 = EST-4	[MsgId: MMSG-17999]
AddToCard.c(77): web_reg_find started  	[MsgId: MMSG-26355]
AddToCard.c(77): Notify: Parameter Substitution: parameter "RanditemId" =  "EST-4"	[MsgId: MMSG-13992]
AddToCard.c(77): Registering web_reg_find was successful  	[MsgId: MMSG-26390]
AddToCard.c(79): web_link("{RanditemId}") started  	[MsgId: MMSG-26355]
AddToCard.c(79): Notify: Parameter Substitution: parameter "RanditemId" =  "EST-4"	[MsgId: MMSG-13992]
AddToCard.c(79): Linking to "https://petstore.octoperf.com/actions/Catalog.action?viewItem=&itemId=EST-4", Target Frame=""  	[MsgId: MMSG-27994]
AddToCard.c(79): Resource "https://petstore.octoperf.com/css/jpetstore.css" is in the cache already and will not be downloaded again  	[MsgId: MMSG-26655]
AddToCard.c(79): Resource "https://petstore.octoperf.com/images/logo-topbar.svg" is in the cache already and will not be downloaded again  	[MsgId: MMSG-26655]
AddToCard.c(79): Resource "https://petstore.octoperf.com/images/cart.gif" is in the cache already and will not be downloaded again  	[MsgId: MMSG-26655]
AddToCard.c(79): Resource "https://petstore.octoperf.com/images/separator.gif" is in the cache already and will not be downloaded again  	[MsgId: MMSG-26655]
AddToCard.c(79): Resource "https://petstore.octoperf.com/images/sm_fish.gif" is in the cache already and will not be downloaded again  	[MsgId: MMSG-26655]
AddToCard.c(79): Resource "https://petstore.octoperf.com/images/sm_dogs.gif" is in the cache already and will not be downloaded again  	[MsgId: MMSG-26655]
AddToCard.c(79): Resource "https://petstore.octoperf.com/images/sm_reptiles.gif" is in the cache already and will not be downloaded again  	[MsgId: MMSG-26655]
AddToCard.c(79): Resource "https://petstore.octoperf.com/images/sm_cats.gif" is in the cache already and will not be downloaded again  	[MsgId: MMSG-26655]
AddToCard.c(79): Resource "https://petstore.octoperf.com/images/sm_birds.gif" is in the cache already and will not be downloaded again  	[MsgId: MMSG-26655]
AddToCard.c(79): Found resource "https://petstore.octoperf.com/images/fish3.gif" in HTML "https://petstore.octoperf.com/actions/Catalog.action?viewItem=&itemId=EST-4"  	[MsgId: MMSG-26659]
AddToCard.c(79): Resource "https://petstore.octoperf.com/images/banner_fish.gif" is in the cache already and will not be downloaded again  	[MsgId: MMSG-26655]
Registration.c(109): Notify: Transaction "PetStore_SignOut_T03" started.	[MsgId: MMSG-16999]
Registration.c(111): web_reg_find started  	[MsgId: MMSG-26355]
Registration.c(111): Registering web_reg_find was successful  	[MsgId: MMSG-26390]
Registration.c(114): web_url("Account.action_2") started  	[MsgId: MMSG-26355]
Registration.c(114): Redirecting "https://petstore.octoperf.com/actions/Account.action?signoff=" (redirection depth is 0)  	[MsgId: MMSG-26694]
Registration.c(114): To location "https://petstore.octoperf.com/actions/Catalog.action"  	[MsgId: MMSG-26693]
AddToCard.c(79): Registered web_reg_find successful for "Text=EST-4" (count=2)  	[MsgId: MMSG-26364]
AddToCard.c(79): web_link("{RanditemId}") was successful, 15228 body bytes, 511 header bytes  	[MsgId: MMSG-26386]
AddToCard.c(84): Notify: Transaction "PetStore_SelectItemId_T03" ended with a "Pass" status (Duration: 0.4234 Wasted Time: 0.0000).	[MsgId: MMSG-16871]
AddToCard.c(86): lr_think_time: 3.01 seconds (recorded think time was 5.00 seconds).	[MsgId: MMSG-15947]
Registration.c(114): Resource "https://petstore.octoperf.com/css/jpetstore.css" is in the cache already and will not be downloaded again  	[MsgId: MMSG-26655]
Registration.c(114): Resource "https://petstore.octoperf.com/images/logo-topbar.svg" is in the cache already and will not be downloaded again  	[MsgId: MMSG-26655]
Registration.c(114): Resource "https://petstore.octoperf.com/images/cart.gif" is in the cache already and will not be downloaded again  	[MsgId: MMSG-26655]
Registration.c(114): Resource "https://petstore.octoperf.com/images/separator.gif" is in the cache already and will not be downloaded again  	[MsgId: MMSG-26655]
Registration.c(114): Resource "https://petstore.octoperf.com/images/sm_fish.gif" is in the cache already and will not be downloaded again  	[MsgId: MMSG-26655]
Registration.c(114): Resource "https://petstore.octoperf.com/images/sm_dogs.gif" is in the cache already and will not be downloaded again  	[MsgId: MMSG-26655]
Registration.c(114): Resource "https://petstore.octoperf.com/images/sm_reptiles.gif" is in the cache already and will not be downloaded again  	[MsgId: MMSG-26655]
Registration.c(114): Resource "https://petstore.octoperf.com/images/sm_cats.gif" is in the cache already and will not be downloaded again  	[MsgId: MMSG-26655]
Registration.c(114): Resource "https://petstore.octoperf.com/images/sm_birds.gif" is in the cache already and will not be downloaded again  	[MsgId: MMSG-26655]
Registration.c(114): Resource "https://petstore.octoperf.com/images/fish_icon.gif" is in the cache already and will not be downloaded again  	[MsgId: MMSG-26655]
Registration.c(114): Resource "https://petstore.octoperf.com/images/dogs_icon.gif" is in the cache already and will not be downloaded again  	[MsgId: MMSG-26655]
Registration.c(114): Resource "https://petstore.octoperf.com/images/cats_icon.gif" is in the cache already and will not be downloaded again  	[MsgId: MMSG-26655]
Registration.c(114): Resource "https://petstore.octoperf.com/images/reptiles_icon.gif" is in the cache already and will not be downloaded again  	[MsgId: MMSG-26655]
Registration.c(114): Resource "https://petstore.octoperf.com/images/birds_icon.gif" is in the cache already and will not be downloaded again  	[MsgId: MMSG-26655]
Registration.c(114): Resource "https://petstore.octoperf.com/images/splash.gif" is in the cache already and will not be downloaded again  	[MsgId: MMSG-26655]
Registration.c(114): Registered web_reg_find successful for "Text=Sign In" (count=1)  	[MsgId: MMSG-26364]
Registration.c(114): web_url("Account.action_2") was successful, 4736 body bytes, 518 header bytes  	[MsgId: MMSG-26386]
Registration.c(123): Notify: Transaction "PetStore_SignOut_T03" ended with a "Pass" status (Duration: 0.2501 Wasted Time: 0.0000).	[MsgId: MMSG-16871]
Login.c(4): Notify: Transaction "PetStore_ClickOnSignIn_T01" started.	[MsgId: MMSG-16999]
Login.c(6): web_reg_find started  	[MsgId: MMSG-26355]
Login.c(6): Registering web_reg_find was successful  	[MsgId: MMSG-26390]
Login.c(9): web_link("Sign In") started  	[MsgId: MMSG-26355]
Login.c(9): Linking to "https://petstore.octoperf.com/actions/Account.action?signonForm=", Target Frame=""  	[MsgId: MMSG-27994]
Login.c(9): Resource "https://petstore.octoperf.com/css/jpetstore.css" is in the cache already and will not be downloaded again  	[MsgId: MMSG-26655]
Login.c(9): Resource "https://petstore.octoperf.com/images/logo-topbar.svg" is in the cache already and will not be downloaded again  	[MsgId: MMSG-26655]
Login.c(9): Resource "https://petstore.octoperf.com/images/cart.gif" is in the cache already and will not be downloaded again  	[MsgId: MMSG-26655]
Login.c(9): Resource "https://petstore.octoperf.com/images/separator.gif" is in the cache already and will not be downloaded again  	[MsgId: MMSG-26655]
Login.c(9): Resource "https://petstore.octoperf.com/images/sm_fish.gif" is in the cache already and will not be downloaded again  	[MsgId: MMSG-26655]
Login.c(9): Resource "https://petstore.octoperf.com/images/sm_dogs.gif" is in the cache already and will not be downloaded again  	[MsgId: MMSG-26655]
Login.c(9): Resource "https://petstore.octoperf.com/images/sm_reptiles.gif" is in the cache already and will not be downloaded again  	[MsgId: MMSG-26655]
Login.c(9): Resource "https://petstore.octoperf.com/images/sm_cats.gif" is in the cache already and will not be downloaded again  	[MsgId: MMSG-26655]
Login.c(9): Resource "https://petstore.octoperf.com/images/sm_birds.gif" is in the cache already and will not be downloaded again  	[MsgId: MMSG-26655]
Login.c(9): Registered web_reg_find successful for "Text=Please enter your username and password" (count=1)  	[MsgId: MMSG-26364]
Login.c(9): web_link("Sign In") was successful, 3860 body bytes, 225 header bytes  	[MsgId: MMSG-26386]
Login.c(13): Notify: Transaction "PetStore_ClickOnSignIn_T01" ended with a "Pass" status (Duration: 0.1263 Wasted Time: 0.0000).	[MsgId: MMSG-16871]
Login.c(15): lr_think_time: 4.69 seconds (recorded think time was 5.00 seconds).	[MsgId: MMSG-15947]
Login.c(17): Notify: Transaction "PetStore_Login_T01" started.	[MsgId: MMSG-16999]
Login.c(18): web_reg_find started  	[MsgId: MMSG-26355]
Login.c(18): Registering web_reg_find was successful  	[MsgId: MMSG-26390]
Login.c(20): web_reg_save_param_regexp started  	[MsgId: MMSG-26355]
Login.c(20): Registering web_reg_save_param_regexp was successful  	[MsgId: MMSG-26390]
Login.c(26): web_submit_form("Account.action") started  	[MsgId: MMSG-26355]
Login.c(26): Notify: Parameter Substitution: parameter "randomUsername" =  "HWBY"	[MsgId: MMSG-13992]
Login.c(26): Notify: Parameter Substitution: parameter "randompass" =  "xtjl"	[MsgId: MMSG-13992]
Login.c(26): Submitting form to "https://petstore.octoperf.com/actions/Account.action", Target Frame=""  	[MsgId: MMSG-27978]
Registration.c(29): Notify: Transaction "PetStore_SubmitRegistration_T02" started.	[MsgId: MMSG-16999]
Registration.c(31): web_reg_find started  	[MsgId: MMSG-26355]
Registration.c(31): Registering web_reg_find was successful  	[MsgId: MMSG-26390]
Registration.c(38): Notify: Saving Parameter "randomUsername = NQJP".	[MsgId: MMSG-13798]
Registration.c(44): Notify: Saving Parameter "randompass = ctdw".	[MsgId: MMSG-13798]
Registration.c(58): Notify: Saving Parameter "randomFirstName = slayw".	[MsgId: MMSG-13798]
Registration.c(59): Notify: Saving Parameter "randomLastName = wjvmd".	[MsgId: MMSG-13798]
Registration.c(71): Notify: Saving Parameter "RandomPhone = 9765715049".	[MsgId: MMSG-13798]
Registration.c(80): Notify: Saving Parameter "RandomZip = 181704".	[MsgId: MMSG-13798]
Registration.c(83): web_submit_form("Account.action") started  	[MsgId: MMSG-26355]
Registration.c(83): Notify: Parameter Substitution: parameter "randomUsername" =  "NQJP"	[MsgId: MMSG-13992]
Registration.c(83): Notify: Parameter Substitution: parameter "randompass" =  "ctdw"	[MsgId: MMSG-13992]
Registration.c(83): Notify: Parameter Substitution: parameter "randompass" =  "ctdw"	[MsgId: MMSG-13992]
Registration.c(83): Notify: Parameter Substitution: parameter "randomFirstName" =  "slayw"	[MsgId: MMSG-13992]
Registration.c(83): Notify: Parameter Substitution: parameter "randomLastName" =  "wjvmd"	[MsgId: MMSG-13992]
Registration.c(83): Notify: Parameter Substitution: parameter "randomFirstName" =  "slayw"	[MsgId: MMSG-13992]
Registration.c(83): Notify: Parameter Substitution: parameter "randomLastName" =  "wjvmd"	[MsgId: MMSG-13992]
Registration.c(83): Notify: Parameter Substitution: parameter "RandomPhone" =  "9765715049"	[MsgId: MMSG-13992]
Registration.c(83): Notify: Parameter Substitution: parameter "RandomZip" =  "181704"	[MsgId: MMSG-13992]
Registration.c(83): Submitting form to "https://petstore.octoperf.com/actions/Account.action", Target Frame=""  	[MsgId: MMSG-27978]
Registration.c(83): Connection to petstore.octoperf.com:443 closed after being inactive for 62 seconds, exceeding the "HTTP Keep-Alive timeout" Runtime Setting (60 seconds). URL="[None]"  	[MsgId: MMSG-27647]
Starting iteration 5.	[MsgId: MMSG-15968]
Notify: Next row for parameter PetStoreEndtoEndFlow_UserName_1 = 1 [table  = PetStoreEndtoEndFlow_UserName_1].	[MsgId: MMSG-13876]
Notify: Getting new value for parameter 'PetStoreEndtoEndFlow_UserName_1': table = 'UserCredentilas5.dat' column = '0' row = '1'.	[MsgId: MMSG-13877]
Notify: Next row for parameter PetStoreEndtoEndFlow_UserName_2 = 1 [table  = PetStoreEndtoEndFlow_UserName_2].	[MsgId: MMSG-13876]
Notify: Getting new value for parameter 'PetStoreEndtoEndFlow_UserName_2': table = 'UserCredentilas7.dat' column = '0' row = '1'.	[MsgId: MMSG-13877]
Notify: Next row for parameter UserName = 1 [table  = UserName].	[MsgId: MMSG-13876]
Notify: Getting new value for parameter 'UserName': table = 'UserCredentilas.dat' column = '0' row = '1'.	[MsgId: MMSG-13877]
Notify: Next row for parameter PetStoreEndtoEndFlow_UserName = 1 [table  = PetStoreEndtoEndFlow_UserName].	[MsgId: MMSG-13876]
Notify: Getting new value for parameter 'PetStoreEndtoEndFlow_UserName': table = 'UserCredentilas2.dat' column = '0' row = '1'.	[MsgId: MMSG-13877]
Notify: Next row for parameter PetStoreEndtoEndFlow_pass_1 = 1 [table  = PetStoreEndtoEndFlow_pass_1].	[MsgId: MMSG-13876]
Notify: Getting new value for parameter 'PetStoreEndtoEndFlow_pass_1': table = 'UserCredentilas6.dat' column = '0' row = '1'.	[MsgId: MMSG-13877]
Notify: Next row for parameter PetStoreEndtoEndFlow_pass_2 = 1 [table  = PetStoreEndtoEndFlow_pass_2].	[MsgId: MMSG-13876]
Notify: Getting new value for parameter 'PetStoreEndtoEndFlow_pass_2': table = 'UserCredentilas8.dat' column = '0' row = '1'.	[MsgId: MMSG-13877]
Notify: Next row for parameter pass = 1 [table  = pass].	[MsgId: MMSG-13876]
Notify: Getting new value for parameter 'pass': table = 'UserCredentilas.dat' column = '0' row = '1'.	[MsgId: MMSG-13877]
Notify: Next row for parameter PetStoreEndtoEndFlow_pass = 1 [table  = PetStoreEndtoEndFlow_pass].	[MsgId: MMSG-13876]
Notify: Getting new value for parameter 'PetStoreEndtoEndFlow_pass': table = 'UserCredentilas4.dat' column = '0' row = '1'.	[MsgId: MMSG-13877]
Starting action Login.	[MsgId: MMSG-15919]
Registration.c(15): Notify: Transaction "PetStore_ClickOnRegistration_T01" started.	[MsgId: MMSG-16999]
Registration.c(17): web_reg_find started  	[MsgId: MMSG-26355]
Registration.c(17): Registering web_reg_find was successful  	[MsgId: MMSG-26390]
Registration.c(20): web_link("Register Now!") started  	[MsgId: MMSG-26355]
Registration.c(20): Error -27985: There is no context for HTML-based functions. A previous function may not have used "Mode=HTML" or downloaded only non-HTML page(s), or the context has been reset (e.g., due to a GUI-based function)  	[MsgId: MERR-27985]
Registration.c(20): Warning -26379: Pending web_reg_save_param/web_reg_find/web_create_html_param/web_create_html_param_ex request(s) are deleted and will be handled as "not found"  	[MsgId: MWAR-26379]
Registration.c(20): Error -26366: "Text=User Information" not found for web_reg_find  	[MsgId: MERR-26366]
Registration.c(20): Error -26374: The above "not found" error(s) may be explained by header and body byte counts being 0 and 0, respectively.  	[MsgId: MERR-26374]
Registration.c(20): web_link("Register Now!") highest severity level was "ERROR", 0 body bytes, 0 header bytes  	[MsgId: MMSG-26388]
Registration.c(20): Notify: Transaction "PetStore_ClickOnRegistration_T01" ended with a "Fail" status (Duration: 0.0012).	[MsgId: MMSG-16873]
Registration.c(20): Notify: Transaction "PetStore_ClickOnRegistration_T01" has 3 error message(s).	[MsgId: MMSG-16818]
Registration.c(20): Notify: The 1st error message associated with transaction "PetStore_ClickOnRegistration_T01" is "Error -27985: There is no context for HTML-based functions. A previous function may not have used "Mode=HTML" or downloaded only non-HTML page(s), or the context has been reset (e.g., due to a GUI-based function)"	[MsgId: MMSG-16819]
Registration.c(20): Notify: The 2nd error message associated with transaction "PetStore_ClickOnRegistration_T01" is "Error -26366: "Text=User Information" not found for web_reg_find"	[MsgId: MMSG-16819]
Registration.c(20): Notify: The 3rd error message associated with transaction "PetStore_ClickOnRegistration_T01" is "Error -26374: The above "not found" error(s) may be explained by header and body byte counts being 0 and 0, respectively."	[MsgId: MMSG-16819]
Ending action Login.	[MsgId: MMSG-15918]
Ending iteration 5.	[MsgId: MMSG-15965]
Waiting 5.0450 seconds for iteration pacing.	[MsgId: MMSG-15996]
Login.c(26): Redirecting "https://petstore.octoperf.com/actions/Account.action" (redirection depth is 0)  	[MsgId: MMSG-26694]
Login.c(26): To location "https://petstore.octoperf.com/actions/Catalog.action"  	[MsgId: MMSG-26693]
Login.c(26): Resource "https://petstore.octoperf.com/css/jpetstore.css" is in the cache already and will not be downloaded again  	[MsgId: MMSG-26655]
Login.c(26): Resource "https://petstore.octoperf.com/images/logo-topbar.svg" is in the cache already and will not be downloaded again  	[MsgId: MMSG-26655]
Login.c(26): Resource "https://petstore.octoperf.com/images/cart.gif" is in the cache already and will not be downloaded again  	[MsgId: MMSG-26655]
Login.c(26): Resource "https://petstore.octoperf.com/images/separator.gif" is in the cache already and will not be downloaded again  	[MsgId: MMSG-26655]
Login.c(26): Resource "https://petstore.octoperf.com/images/sm_fish.gif" is in the cache already and will not be downloaded again  	[MsgId: MMSG-26655]
Login.c(26): Resource "https://petstore.octoperf.com/images/sm_dogs.gif" is in the cache already and will not be downloaded again  	[MsgId: MMSG-26655]
Login.c(26): Resource "https://petstore.octoperf.com/images/sm_reptiles.gif" is in the cache already and will not be downloaded again  	[MsgId: MMSG-26655]
Login.c(26): Resource "https://petstore.octoperf.com/images/sm_cats.gif" is in the cache already and will not be downloaded again  	[MsgId: MMSG-26655]
Login.c(26): Resource "https://petstore.octoperf.com/images/sm_birds.gif" is in the cache already and will not be downloaded again  	[MsgId: MMSG-26655]
Login.c(26): Resource "https://petstore.octoperf.com/images/fish_icon.gif" is in the cache already and will not be downloaded again  	[MsgId: MMSG-26655]
Login.c(26): Resource "https://petstore.octoperf.com/images/dogs_icon.gif" is in the cache already and will not be downloaded again  	[MsgId: MMSG-26655]
Login.c(26): Resource "https://petstore.octoperf.com/images/cats_icon.gif" is in the cache already and will not be downloaded again  	[MsgId: MMSG-26655]
Login.c(26): Resource "https://petstore.octoperf.com/images/reptiles_icon.gif" is in the cache already and will not be downloaded again  	[MsgId: MMSG-26655]
Login.c(26): Resource "https://petstore.octoperf.com/images/birds_icon.gif" is in the cache already and will not be downloaded again  	[MsgId: MMSG-26655]
Login.c(26): Resource "https://petstore.octoperf.com/images/splash.gif" is in the cache already and will not be downloaded again  	[MsgId: MMSG-26655]
Login.c(26): Found resource "https://petstore.octoperf.com/images/banner_fish.gif" in HTML "https://petstore.octoperf.com/actions/Catalog.action"  	[MsgId: MMSG-26659]
Login.c(26): Notify: Saving Parameter "ProductName_1 = BIRDS".	[MsgId: MMSG-13798]
Login.c(26): Notify: Saving Parameter "ProductName_2 = FISH".	[MsgId: MMSG-13798]
Login.c(26): Notify: Saving Parameter "ProductName_3 = DOGS".	[MsgId: MMSG-13798]
Login.c(26): Notify: Saving Parameter "ProductName_4 = REPTILES".	[MsgId: MMSG-13798]
Login.c(26): Notify: Saving Parameter "ProductName_5 = CATS".	[MsgId: MMSG-13798]
Login.c(26): Notify: Saving Parameter "ProductName_6 = BIRDS".	[MsgId: MMSG-13798]
Login.c(26): Notify: Saving Parameter "ProductName_count = 6".	[MsgId: MMSG-13798]
Login.c(26): Registered web_reg_find successful for "Text=My Account" (count=1)  	[MsgId: MMSG-26364]
Login.c(26): web_submit_form("Account.action") was successful, 11416 body bytes, 727 header bytes  	[MsgId: MMSG-26386]
Login.c(34): Notify: Transaction "PetStore_Login_T01" ended with a "Pass" status (Duration: 0.4986 Wasted Time: 0.0004).	[MsgId: MMSG-16871]
Ending action Login.	[MsgId: MMSG-15918]
Starting action AddToCard.	[MsgId: MMSG-15919]
AddToCard.c(8): Notify: Transaction "PetStore_AddAproduct_T01" started.	[MsgId: MMSG-16999]
AddToCard.c(11): Notify: Parameter Substitution: parameter "ProductName_count" =  "6"	[MsgId: MMSG-13992]
AddToCard.c(12): Notify: Parameter Substitution: parameter "ProductName_4" =  "REPTILES"	[MsgId: MMSG-13992]
AddToCard.c(14): Notify: Saving Parameter "RandCategory = REPTILES".	[MsgId: MMSG-13798]
AddToCard.c(15): Notify: Parameter Substitution: parameter "RandCategory" =  "REPTILES"	[MsgId: MMSG-13992]
AddToCard.c(15): Random category selected in Action2 = REPTILES	[MsgId: MMSG-17999]
AddToCard.c(17): web_reg_find started  	[MsgId: MMSG-26355]
AddToCard.c(17): Notify: Parameter Substitution: parameter "RandCategory" =  "REPTILES"	[MsgId: MMSG-13992]
AddToCard.c(17): Registering web_reg_find was successful  	[MsgId: MMSG-26390]
AddToCard.c(20): web_reg_save_param_regexp started  	[MsgId: MMSG-26355]
AddToCard.c(20): Registering web_reg_save_param_regexp was successful  	[MsgId: MMSG-26390]
AddToCard.c(27): web_url("Catalog.action_2") started  	[MsgId: MMSG-26355]
AddToCard.c(27): Notify: Parameter Substitution: parameter "RandCategory" =  "REPTILES"	[MsgId: MMSG-13992]
AddToCard.c(27): Resource "https://petstore.octoperf.com/css/jpetstore.css" is in the cache already and will not be downloaded again  	[MsgId: MMSG-26655]
AddToCard.c(27): Resource "https://petstore.octoperf.com/images/logo-topbar.svg" is in the cache already and will not be downloaded again  	[MsgId: MMSG-26655]
AddToCard.c(27): Resource "https://petstore.octoperf.com/images/cart.gif" is in the cache already and will not be downloaded again  	[MsgId: MMSG-26655]
AddToCard.c(27): Resource "https://petstore.octoperf.com/images/separator.gif" is in the cache already and will not be downloaded again  	[MsgId: MMSG-26655]
AddToCard.c(27): Resource "https://petstore.octoperf.com/images/sm_fish.gif" is in the cache already and will not be downloaded again  	[MsgId: MMSG-26655]
AddToCard.c(27): Resource "https://petstore.octoperf.com/images/sm_dogs.gif" is in the cache already and will not be downloaded again  	[MsgId: MMSG-26655]
AddToCard.c(27): Resource "https://petstore.octoperf.com/images/sm_reptiles.gif" is in the cache already and will not be downloaded again  	[MsgId: MMSG-26655]
AddToCard.c(27): Resource "https://petstore.octoperf.com/images/sm_cats.gif" is in the cache already and will not be downloaded again  	[MsgId: MMSG-26655]
AddToCard.c(27): Resource "https://petstore.octoperf.com/images/sm_birds.gif" is in the cache already and will not be downloaded again  	[MsgId: MMSG-26655]
AddToCard.c(27): Resource "https://petstore.octoperf.com/images/banner_fish.gif" is in the cache already and will not be downloaded again  	[MsgId: MMSG-26655]
AddToCard.c(27): Notify: Saving Parameter "productId_1 = RP-SN-01".	[MsgId: MMSG-13798]
AddToCard.c(27): Notify: Saving Parameter "productId_2 = RP-LI-02".	[MsgId: MMSG-13798]
AddToCard.c(27): Notify: Saving Parameter "productId_count = 2".	[MsgId: MMSG-13798]
AddToCard.c(27): Registered web_reg_find successful for "Text=REPTILES" (count=1)  	[MsgId: MMSG-26364]
AddToCard.c(27): web_url("Catalog.action_2") was successful, 3627 body bytes, 225 header bytes  	[MsgId: MMSG-26386]
AddToCard.c(36): Notify: Transaction "PetStore_AddAproduct_T01" ended with a "Pass" status (Duration: 0.1277 Wasted Time: 0.0003).	[MsgId: MMSG-16871]
AddToCard.c(38): lr_think_time: 3.23 seconds (recorded think time was 5.00 seconds).	[MsgId: MMSG-15947]
Registration.c(83): Redirecting "https://petstore.octoperf.com/actions/Account.action" (redirection depth is 0)  	[MsgId: MMSG-26694]
Registration.c(83): To location "https://petstore.octoperf.com/actions/Catalog.action"  	[MsgId: MMSG-26693]
Registration.c(83): Resource "https://petstore.octoperf.com/css/jpetstore.css" is in the cache already and will not be downloaded again  	[MsgId: MMSG-26655]
Registration.c(83): Resource "https://petstore.octoperf.com/images/logo-topbar.svg" is in the cache already and will not be downloaded again  	[MsgId: MMSG-26655]
Registration.c(83): Resource "https://petstore.octoperf.com/images/cart.gif" is in the cache already and will not be downloaded again  	[MsgId: MMSG-26655]
Registration.c(83): Resource "https://petstore.octoperf.com/images/separator.gif" is in the cache already and will not be downloaded again  	[MsgId: MMSG-26655]
Registration.c(83): Resource "https://petstore.octoperf.com/images/sm_fish.gif" is in the cache already and will not be downloaded again  	[MsgId: MMSG-26655]
Registration.c(83): Resource "https://petstore.octoperf.com/images/sm_dogs.gif" is in the cache already and will not be downloaded again  	[MsgId: MMSG-26655]
Registration.c(83): Resource "https://petstore.octoperf.com/images/sm_reptiles.gif" is in the cache already and will not be downloaded again  	[MsgId: MMSG-26655]
Registration.c(83): Resource "https://petstore.octoperf.com/images/sm_cats.gif" is in the cache already and will not be downloaded again  	[MsgId: MMSG-26655]
Registration.c(83): Resource "https://petstore.octoperf.com/images/sm_birds.gif" is in the cache already and will not be downloaded again  	[MsgId: MMSG-26655]
Registration.c(83): Resource "https://petstore.octoperf.com/images/fish_icon.gif" is in the cache already and will not be downloaded again  	[MsgId: MMSG-26655]
Registration.c(83): Resource "https://petstore.octoperf.com/images/dogs_icon.gif" is in the cache already and will not be downloaded again  	[MsgId: MMSG-26655]
Registration.c(83): Resource "https://petstore.octoperf.com/images/cats_icon.gif" is in the cache already and will not be downloaded again  	[MsgId: MMSG-26655]
Registration.c(83): Resource "https://petstore.octoperf.com/images/reptiles_icon.gif" is in the cache already and will not be downloaded again  	[MsgId: MMSG-26655]
Registration.c(83): Resource "https://petstore.octoperf.com/images/birds_icon.gif" is in the cache already and will not be downloaded again  	[MsgId: MMSG-26655]
Registration.c(83): Resource "https://petstore.octoperf.com/images/splash.gif" is in the cache already and will not be downloaded again  	[MsgId: MMSG-26655]
Registration.c(83): Registered web_reg_find successful for "Text=Elevate you load-testing" (count=1)  	[MsgId: MMSG-26364]
Registration.c(83): web_submit_form("Account.action") was successful, 4736 body bytes, 443 header bytes  	[MsgId: MMSG-26386]
Registration.c(105): Notify: Transaction "PetStore_SubmitRegistration_T02" ended with a "Pass" status (Duration: 0.7912 Wasted Time: 0.0000).	[MsgId: MMSG-16871]
Registration.c(107): lr_think_time: 3.32 seconds (recorded think time was 5.00 seconds).	[MsgId: MMSG-15947]
UpdateCart.c(23): Notify: Transaction "PetStore_UpdateCart_T02" started.	[MsgId: MMSG-16999]
UpdateCart.c(28): Notify: Saving Parameter "RandQty = 8".	[MsgId: MMSG-13798]
UpdateCart.c(30): Notify: Parameter Substitution: parameter "RandQty" =  "8"	[MsgId: MMSG-13992]
UpdateCart.c(30): Random Quantity selected = 8	[MsgId: MMSG-17999]
UpdateCart.c(32): web_submit_form("Cart.action_2") started  	[MsgId: MMSG-26355]
UpdateCart.c(32): Notify: Parameter Substitution: parameter "RanditemId" =  "EST-19"	[MsgId: MMSG-13992]
UpdateCart.c(32): Submitting form to "https://petstore.octoperf.com/actions/Cart.action", Target Frame=""  	[MsgId: MMSG-27978]
UpdateCart.c(32): Resource "https://petstore.octoperf.com/css/jpetstore.css" is in the cache already and will not be downloaded again  	[MsgId: MMSG-26655]
UpdateCart.c(32): Resource "https://petstore.octoperf.com/images/logo-topbar.svg" is in the cache already and will not be downloaded again  	[MsgId: MMSG-26655]
UpdateCart.c(32): Resource "https://petstore.octoperf.com/images/cart.gif" is in the cache already and will not be downloaded again  	[MsgId: MMSG-26655]
UpdateCart.c(32): Resource "https://petstore.octoperf.com/images/separator.gif" is in the cache already and will not be downloaded again  	[MsgId: MMSG-26655]
UpdateCart.c(32): Resource "https://petstore.octoperf.com/images/sm_fish.gif" is in the cache already and will not be downloaded again  	[MsgId: MMSG-26655]
UpdateCart.c(32): Resource "https://petstore.octoperf.com/images/sm_dogs.gif" is in the cache already and will not be downloaded again  	[MsgId: MMSG-26655]
UpdateCart.c(32): Resource "https://petstore.octoperf.com/images/sm_reptiles.gif" is in the cache already and will not be downloaded again  	[MsgId: MMSG-26655]
UpdateCart.c(32): Resource "https://petstore.octoperf.com/images/sm_cats.gif" is in the cache already and will not be downloaded again  	[MsgId: MMSG-26655]
UpdateCart.c(32): Resource "https://petstore.octoperf.com/images/sm_birds.gif" is in the cache already and will not be downloaded again  	[MsgId: MMSG-26655]
UpdateCart.c(32): Resource "https://petstore.octoperf.com/images/banner_fish.gif" is in the cache already and will not be downloaded again  	[MsgId: MMSG-26655]
UpdateCart.c(32): web_submit_form("Cart.action_2") was successful, 4632 body bytes, 225 header bytes  	[MsgId: MMSG-26386]
UpdateCart.c(39): web_reg_find started  	[MsgId: MMSG-26355]
UpdateCart.c(39): Notify: Parameter Substitution: parameter "RandQty" =  "8"	[MsgId: MMSG-13992]
UpdateCart.c(39): Registering web_reg_find was successful  	[MsgId: MMSG-26390]
UpdateCart.c(41): web_submit_form("Cart.action_3") started  	[MsgId: MMSG-26355]
UpdateCart.c(41): Notify: Parameter Substitution: parameter "RanditemId" =  "EST-19"	[MsgId: MMSG-13992]
UpdateCart.c(41): Notify: Parameter Substitution: parameter "RandQty" =  "8"	[MsgId: MMSG-13992]
UpdateCart.c(41): Submitting form to "https://petstore.octoperf.com/actions/Cart.action", Target Frame=""  	[MsgId: MMSG-27978]
UpdateCart.c(41): Resource "https://petstore.octoperf.com/css/jpetstore.css" is in the cache already and will not be downloaded again  	[MsgId: MMSG-26655]
UpdateCart.c(41): Resource "https://petstore.octoperf.com/images/logo-topbar.svg" is in the cache already and will not be downloaded again  	[MsgId: MMSG-26655]
UpdateCart.c(41): Resource "https://petstore.octoperf.com/images/cart.gif" is in the cache already and will not be downloaded again  	[MsgId: MMSG-26655]
UpdateCart.c(41): Resource "https://petstore.octoperf.com/images/separator.gif" is in the cache already and will not be downloaded again  	[MsgId: MMSG-26655]
UpdateCart.c(41): Resource "https://petstore.octoperf.com/images/sm_fish.gif" is in the cache already and will not be downloaded again  	[MsgId: MMSG-26655]
UpdateCart.c(41): Resource "https://petstore.octoperf.com/images/sm_dogs.gif" is in the cache already and will not be downloaded again  	[MsgId: MMSG-26655]
UpdateCart.c(41): Resource "https://petstore.octoperf.com/images/sm_reptiles.gif" is in the cache already and will not be downloaded again  	[MsgId: MMSG-26655]
UpdateCart.c(41): Resource "https://petstore.octoperf.com/images/sm_cats.gif" is in the cache already and will not be downloaded again  	[MsgId: MMSG-26655]
UpdateCart.c(41): Resource "https://petstore.octoperf.com/images/sm_birds.gif" is in the cache already and will not be downloaded again  	[MsgId: MMSG-26655]
UpdateCart.c(41): Resource "https://petstore.octoperf.com/images/banner_fish.gif" is in the cache already and will not be downloaded again  	[MsgId: MMSG-26655]
UpdateCart.c(41): Registered web_reg_find successful for "Text=8" (count=6)  	[MsgId: MMSG-26364]
UpdateCart.c(41): web_submit_form("Cart.action_3") was successful, 4634 body bytes, 225 header bytes  	[MsgId: MMSG-26386]
UpdateCart.c(48): Notify: Transaction "PetStore_UpdateCart_T02" ended with a "Pass" status (Duration: 0.5022 Wasted Time: 0.0000).	[MsgId: MMSG-16871]
Ending action UpdateCart.	[MsgId: MMSG-15918]
Ending iteration 1.	[MsgId: MMSG-15965]
Waiting 7.7980 seconds for iteration pacing.	[MsgId: MMSG-15996]
Starting iteration 1.	[MsgId: MMSG-15968]
Warning -27077: The "vuser_init" section contains web function(s) when the "Simulate a new user on each iteration" Runtime Setting is ON.  This may produce unpredictable results with multiple iterations  	[MsgId: MWAR-27077]
Maximum number of concurrent connections per server: 6  	[MsgId: MMSG-26989]
Starting action Login.	[MsgId: MMSG-15919]
Registration.c(15): Notify: Transaction "PetStore_ClickOnRegistration_T01" started.	[MsgId: MMSG-16999]
Registration.c(17): web_reg_find started  	[MsgId: MMSG-26355]
Registration.c(17): Registering web_reg_find was successful  	[MsgId: MMSG-26390]
Registration.c(20): web_link("Register Now!") started  	[MsgId: MMSG-26355]
Registration.c(20): Linking to "https://petstore.octoperf.com/actions/Account.action?newAccountForm=", Target Frame=""  	[MsgId: MMSG-27994]
AddToCard.c(67): Notify: Transaction "PetStore_SelectItemId_T03" started.	[MsgId: MMSG-16999]
AddToCard.c(71): Notify: Parameter Substitution: parameter "itemId_count" =  "2"	[MsgId: MMSG-13992]
AddToCard.c(72): Notify: Parameter Substitution: parameter "itemId_2" =  "EST-12"	[MsgId: MMSG-13992]
AddToCard.c(74): Notify: Saving Parameter "RanditemId = EST-12".	[MsgId: MMSG-13798]
AddToCard.c(75): Notify: Parameter Substitution: parameter "RanditemId" =  "EST-12"	[MsgId: MMSG-13992]
AddToCard.c(75): Random category selected in Action2 = EST-12	[MsgId: MMSG-17999]
AddToCard.c(77): web_reg_find started  	[MsgId: MMSG-26355]
AddToCard.c(77): Notify: Parameter Substitution: parameter "RanditemId" =  "EST-12"	[MsgId: MMSG-13992]
AddToCard.c(77): Registering web_reg_find was successful  	[MsgId: MMSG-26390]
AddToCard.c(79): web_link("{RanditemId}") started  	[MsgId: MMSG-26355]
AddToCard.c(79): Notify: Parameter Substitution: parameter "RanditemId" =  "EST-12"	[MsgId: MMSG-13992]
AddToCard.c(79): Linking to "https://petstore.octoperf.com/actions/Catalog.action?viewItem=&itemId=EST-12", Target Frame=""  	[MsgId: MMSG-27994]
Registration.c(20): Resource "https://petstore.octoperf.com/css/jpetstore.css" is in the cache already and will not be downloaded again  	[MsgId: MMSG-26655]
Registration.c(20): Resource "https://petstore.octoperf.com/images/logo-topbar.svg" is in the cache already and will not be downloaded again  	[MsgId: MMSG-26655]
Registration.c(20): Resource "https://petstore.octoperf.com/images/cart.gif" is in the cache already and will not be downloaded again  	[MsgId: MMSG-26655]
Registration.c(20): Resource "https://petstore.octoperf.com/images/separator.gif" is in the cache already and will not be downloaded again  	[MsgId: MMSG-26655]
Registration.c(20): Resource "https://petstore.octoperf.com/images/sm_fish.gif" is in the cache already and will not be downloaded again  	[MsgId: MMSG-26655]
Registration.c(20): Resource "https://petstore.octoperf.com/images/sm_dogs.gif" is in the cache already and will not be downloaded again  	[MsgId: MMSG-26655]
Registration.c(20): Resource "https://petstore.octoperf.com/images/sm_reptiles.gif" is in the cache already and will not be downloaded again  	[MsgId: MMSG-26655]
Registration.c(20): Resource "https://petstore.octoperf.com/images/sm_cats.gif" is in the cache already and will not be downloaded again  	[MsgId: MMSG-26655]
Registration.c(20): Resource "https://petstore.octoperf.com/images/sm_birds.gif" is in the cache already and will not be downloaded again  	[MsgId: MMSG-26655]
Registration.c(20): Registered web_reg_find successful for "Text=User Information" (count=1)  	[MsgId: MMSG-26364]
Registration.c(20): web_link("Register Now!") was successful, 5821 body bytes, 225 header bytes  	[MsgId: MMSG-26386]
Registration.c(25): Notify: Transaction "PetStore_ClickOnRegistration_T01" ended with a "Pass" status (Duration: 0.1258 Wasted Time: 0.0000).	[MsgId: MMSG-16871]
Registration.c(27): lr_think_time: 3.72 seconds (recorded think time was 5.00 seconds).	[MsgId: MMSG-15947]
AddToCard.c(79): Resource "https://petstore.octoperf.com/css/jpetstore.css" is in the cache already and will not be downloaded again  	[MsgId: MMSG-26655]
AddToCard.c(79): Resource "https://petstore.octoperf.com/images/logo-topbar.svg" is in the cache already and will not be downloaded again  	[MsgId: MMSG-26655]
AddToCard.c(79): Resource "https://petstore.octoperf.com/images/cart.gif" is in the cache already and will not be downloaded again  	[MsgId: MMSG-26655]
AddToCard.c(79): Resource "https://petstore.octoperf.com/images/separator.gif" is in the cache already and will not be downloaded again  	[MsgId: MMSG-26655]
AddToCard.c(79): Resource "https://petstore.octoperf.com/images/sm_fish.gif" is in the cache already and will not be downloaded again  	[MsgId: MMSG-26655]
AddToCard.c(79): Resource "https://petstore.octoperf.com/images/sm_dogs.gif" is in the cache already and will not be downloaded again  	[MsgId: MMSG-26655]
AddToCard.c(79): Resource "https://petstore.octoperf.com/images/sm_reptiles.gif" is in the cache already and will not be downloaded again  	[MsgId: MMSG-26655]
AddToCard.c(79): Resource "https://petstore.octoperf.com/images/sm_cats.gif" is in the cache already and will not be downloaded again  	[MsgId: MMSG-26655]
AddToCard.c(79): Resource "https://petstore.octoperf.com/images/sm_birds.gif" is in the cache already and will not be downloaded again  	[MsgId: MMSG-26655]
AddToCard.c(79): Found resource "https://petstore.octoperf.com/images/snake1.gif" in HTML "https://petstore.octoperf.com/actions/Catalog.action?viewItem=&itemId=EST-12"  	[MsgId: MMSG-26659]
AddToCard.c(79): Resource "https://petstore.octoperf.com/images/banner_fish.gif" is in the cache already and will not be downloaded again  	[MsgId: MMSG-26655]
AddToCard.c(88): Notify: Transaction "PetStore_AddToCard_T04" started.	[MsgId: MMSG-16999]
AddToCard.c(90): web_reg_find started  	[MsgId: MMSG-26355]
AddToCard.c(90): Registering web_reg_find was successful  	[MsgId: MMSG-26390]
AddToCard.c(94): web_link("Add to Cart") started  	[MsgId: MMSG-26355]
AddToCard.c(94): Linking to "https://petstore.octoperf.com/actions/Cart.action?addItemToCart=&workingItemId=EST-4", Target Frame=""  	[MsgId: MMSG-27994]
AddToCard.c(94): Resource "https://petstore.octoperf.com/css/jpetstore.css" is in the cache already and will not be downloaded again  	[MsgId: MMSG-26655]
AddToCard.c(94): Resource "https://petstore.octoperf.com/images/logo-topbar.svg" is in the cache already and will not be downloaded again  	[MsgId: MMSG-26655]
AddToCard.c(94): Resource "https://petstore.octoperf.com/images/cart.gif" is in the cache already and will not be downloaded again  	[MsgId: MMSG-26655]
AddToCard.c(94): Resource "https://petstore.octoperf.com/images/separator.gif" is in the cache already and will not be downloaded again  	[MsgId: MMSG-26655]
AddToCard.c(94): Resource "https://petstore.octoperf.com/images/sm_fish.gif" is in the cache already and will not be downloaded again  	[MsgId: MMSG-26655]
AddToCard.c(94): Resource "https://petstore.octoperf.com/images/sm_dogs.gif" is in the cache already and will not be downloaded again  	[MsgId: MMSG-26655]
AddToCard.c(94): Resource "https://petstore.octoperf.com/images/sm_reptiles.gif" is in the cache already and will not be downloaded again  	[MsgId: MMSG-26655]
AddToCard.c(94): Resource "https://petstore.octoperf.com/images/sm_cats.gif" is in the cache already and will not be downloaded again  	[MsgId: MMSG-26655]
AddToCard.c(94): Resource "https://petstore.octoperf.com/images/sm_birds.gif" is in the cache already and will not be downloaded again  	[MsgId: MMSG-26655]
AddToCard.c(94): Resource "https://petstore.octoperf.com/images/banner_fish.gif" is in the cache already and will not be downloaded again  	[MsgId: MMSG-26655]
AddToCard.c(94): Registered web_reg_find successful for "Text=Shopping Cart" (count=1)  	[MsgId: MMSG-26364]
AddToCard.c(94): web_link("Add to Cart") was successful, 4623 body bytes, 225 header bytes  	[MsgId: MMSG-26386]
AddToCard.c(99): Notify: Transaction "PetStore_AddToCard_T04" ended with a "Pass" status (Duration: 0.1309 Wasted Time: 0.0000).	[MsgId: MMSG-16871]
Ending action AddToCard.	[MsgId: MMSG-15918]
Starting action UpdateCart.	[MsgId: MMSG-15919]
UpdateCart.c(4): Notify: Transaction "PetStore_ClickOnViewcart_T01" started.	[MsgId: MMSG-16999]
UpdateCart.c(6): web_reg_find started  	[MsgId: MMSG-26355]
UpdateCart.c(6): Registering web_reg_find was successful  	[MsgId: MMSG-26390]
UpdateCart.c(9): web_url("Cart.action") started  	[MsgId: MMSG-26355]
AddToCard.c(79): Registered web_reg_find successful for "Text=EST-12" (count=2)  	[MsgId: MMSG-26364]
AddToCard.c(79): web_link("{RanditemId}") was successful, 16844 body bytes, 511 header bytes  	[MsgId: MMSG-26386]
AddToCard.c(84): Notify: Transaction "PetStore_SelectItemId_T03" ended with a "Pass" status (Duration: 0.5393 Wasted Time: 0.0000).	[MsgId: MMSG-16871]
AddToCard.c(86): lr_think_time: 2.83 seconds (recorded think time was 5.00 seconds).	[MsgId: MMSG-15947]
UpdateCart.c(9): Resource "https://petstore.octoperf.com/css/jpetstore.css" is in the cache already and will not be downloaded again  	[MsgId: MMSG-26655]
UpdateCart.c(9): Resource "https://petstore.octoperf.com/images/logo-topbar.svg" is in the cache already and will not be downloaded again  	[MsgId: MMSG-26655]
UpdateCart.c(9): Resource "https://petstore.octoperf.com/images/cart.gif" is in the cache already and will not be downloaded again  	[MsgId: MMSG-26655]
UpdateCart.c(9): Resource "https://petstore.octoperf.com/images/separator.gif" is in the cache already and will not be downloaded again  	[MsgId: MMSG-26655]
UpdateCart.c(9): Resource "https://petstore.octoperf.com/images/sm_fish.gif" is in the cache already and will not be downloaded again  	[MsgId: MMSG-26655]
UpdateCart.c(9): Resource "https://petstore.octoperf.com/images/sm_dogs.gif" is in the cache already and will not be downloaded again  	[MsgId: MMSG-26655]
UpdateCart.c(9): Resource "https://petstore.octoperf.com/images/sm_reptiles.gif" is in the cache already and will not be downloaded again  	[MsgId: MMSG-26655]
UpdateCart.c(9): Resource "https://petstore.octoperf.com/images/sm_cats.gif" is in the cache already and will not be downloaded again  	[MsgId: MMSG-26655]
UpdateCart.c(9): Resource "https://petstore.octoperf.com/images/sm_birds.gif" is in the cache already and will not be downloaded again  	[MsgId: MMSG-26655]
UpdateCart.c(9): Resource "https://petstore.octoperf.com/images/banner_fish.gif" is in the cache already and will not be downloaded again  	[MsgId: MMSG-26655]
UpdateCart.c(9): Registered web_reg_find successful for "Text=Sub Total:" (count=1)  	[MsgId: MMSG-26364]
UpdateCart.c(9): web_url("Cart.action") was successful, 4623 body bytes, 225 header bytes  	[MsgId: MMSG-26386]
UpdateCart.c(19): Notify: Transaction "PetStore_ClickOnViewcart_T01" ended with a "Pass" status (Duration: 0.1297 Wasted Time: 0.0000).	[MsgId: MMSG-16871]
UpdateCart.c(21): lr_think_time: 3.88 seconds (recorded think time was 5.00 seconds).	[MsgId: MMSG-15947]
Starting iteration 6.	[MsgId: MMSG-15968]
Notify: Next row for parameter PetStoreEndtoEndFlow_UserName_1 = 1 [table  = PetStoreEndtoEndFlow_UserName_1].	[MsgId: MMSG-13876]
Notify: Getting new value for parameter 'PetStoreEndtoEndFlow_UserName_1': table = 'UserCredentilas5.dat' column = '0' row = '1'.	[MsgId: MMSG-13877]
Notify: Next row for parameter PetStoreEndtoEndFlow_UserName_2 = 1 [table  = PetStoreEndtoEndFlow_UserName_2].	[MsgId: MMSG-13876]
Notify: Getting new value for parameter 'PetStoreEndtoEndFlow_UserName_2': table = 'UserCredentilas7.dat' column = '0' row = '1'.	[MsgId: MMSG-13877]
Notify: Next row for parameter UserName = 1 [table  = UserName].	[MsgId: MMSG-13876]
Notify: Getting new value for parameter 'UserName': table = 'UserCredentilas.dat' column = '0' row = '1'.	[MsgId: MMSG-13877]
Notify: Next row for parameter PetStoreEndtoEndFlow_UserName = 1 [table  = PetStoreEndtoEndFlow_UserName].	[MsgId: MMSG-13876]
Notify: Getting new value for parameter 'PetStoreEndtoEndFlow_UserName': table = 'UserCredentilas2.dat' column = '0' row = '1'.	[MsgId: MMSG-13877]
Notify: Next row for parameter PetStoreEndtoEndFlow_pass_1 = 1 [table  = PetStoreEndtoEndFlow_pass_1].	[MsgId: MMSG-13876]
Notify: Getting new value for parameter 'PetStoreEndtoEndFlow_pass_1': table = 'UserCredentilas6.dat' column = '0' row = '1'.	[MsgId: MMSG-13877]
Notify: Next row for parameter PetStoreEndtoEndFlow_pass_2 = 1 [table  = PetStoreEndtoEndFlow_pass_2].	[MsgId: MMSG-13876]
Notify: Getting new value for parameter 'PetStoreEndtoEndFlow_pass_2': table = 'UserCredentilas8.dat' column = '0' row = '1'.	[MsgId: MMSG-13877]
Notify: Next row for parameter pass = 1 [table  = pass].	[MsgId: MMSG-13876]
Notify: Getting new value for parameter 'pass': table = 'UserCredentilas.dat' column = '0' row = '1'.	[MsgId: MMSG-13877]
Notify: Next row for parameter PetStoreEndtoEndFlow_pass = 1 [table  = PetStoreEndtoEndFlow_pass].	[MsgId: MMSG-13876]
Notify: Getting new value for parameter 'PetStoreEndtoEndFlow_pass': table = 'UserCredentilas4.dat' column = '0' row = '1'.	[MsgId: MMSG-13877]
Starting action Login.	[MsgId: MMSG-15919]
Registration.c(15): Notify: Transaction "PetStore_ClickOnRegistration_T01" started.	[MsgId: MMSG-16999]
Registration.c(17): web_reg_find started  	[MsgId: MMSG-26355]
Registration.c(17): Registering web_reg_find was successful  	[MsgId: MMSG-26390]
Registration.c(20): web_link("Register Now!") started  	[MsgId: MMSG-26355]
Registration.c(20): Error -27985: There is no context for HTML-based functions. A previous function may not have used "Mode=HTML" or downloaded only non-HTML page(s), or the context has been reset (e.g., due to a GUI-based function)  	[MsgId: MERR-27985]
Registration.c(20): Warning -26379: Pending web_reg_save_param/web_reg_find/web_create_html_param/web_create_html_param_ex request(s) are deleted and will be handled as "not found"  	[MsgId: MWAR-26379]
Registration.c(20): Error -26366: "Text=User Information" not found for web_reg_find  	[MsgId: MERR-26366]
Registration.c(20): Error -26374: The above "not found" error(s) may be explained by header and body byte counts being 0 and 0, respectively.  	[MsgId: MERR-26374]
Registration.c(20): web_link("Register Now!") highest severity level was "ERROR", 0 body bytes, 0 header bytes  	[MsgId: MMSG-26388]
Registration.c(20): Notify: Transaction "PetStore_ClickOnRegistration_T01" ended with a "Fail" status (Duration: 0.0010).	[MsgId: MMSG-16873]
Registration.c(20): Notify: Transaction "PetStore_ClickOnRegistration_T01" has 3 error message(s).	[MsgId: MMSG-16818]
Registration.c(20): Notify: The 1st error message associated with transaction "PetStore_ClickOnRegistration_T01" is "Error -27985: There is no context for HTML-based functions. A previous function may not have used "Mode=HTML" or downloaded only non-HTML page(s), or the context has been reset (e.g., due to a GUI-based function)"	[MsgId: MMSG-16819]
Registration.c(20): Notify: The 2nd error message associated with transaction "PetStore_ClickOnRegistration_T01" is "Error -26366: "Text=User Information" not found for web_reg_find"	[MsgId: MMSG-16819]
Registration.c(20): Notify: The 3rd error message associated with transaction "PetStore_ClickOnRegistration_T01" is "Error -26374: The above "not found" error(s) may be explained by header and body byte counts being 0 and 0, respectively."	[MsgId: MMSG-16819]
Ending action Login.	[MsgId: MMSG-15918]
Ending iteration 6.	[MsgId: MMSG-15965]
Waiting 8.8130 seconds for iteration pacing.	[MsgId: MMSG-15996]
AddToCard.c(40): Notify: Transaction "PetStore_SelectProductId_T02" started.	[MsgId: MMSG-16999]
AddToCard.c(43): Notify: Parameter Substitution: parameter "productId_count" =  "2"	[MsgId: MMSG-13992]
AddToCard.c(44): Notify: Parameter Substitution: parameter "productId_1" =  "RP-SN-01"	[MsgId: MMSG-13992]
AddToCard.c(46): Notify: Saving Parameter "RandproductId = RP-SN-01".	[MsgId: MMSG-13798]
AddToCard.c(47): Notify: Parameter Substitution: parameter "RandproductId" =  "RP-SN-01"	[MsgId: MMSG-13992]
AddToCard.c(47): Random category selected in Action2 = RP-SN-01	[MsgId: MMSG-17999]
AddToCard.c(49): web_reg_find started  	[MsgId: MMSG-26355]
AddToCard.c(49): Notify: Parameter Substitution: parameter "RandproductId" =  "RP-SN-01"	[MsgId: MMSG-13992]
AddToCard.c(49): Registering web_reg_find was successful  	[MsgId: MMSG-26390]
AddToCard.c(51): web_reg_save_param_regexp started  	[MsgId: MMSG-26355]
AddToCard.c(51): Registering web_reg_save_param_regexp was successful  	[MsgId: MMSG-26390]
AddToCard.c(58): web_link("{RandproductId}") started  	[MsgId: MMSG-26355]
AddToCard.c(58): Notify: Parameter Substitution: parameter "RandproductId" =  "RP-SN-01"	[MsgId: MMSG-13992]
AddToCard.c(58): Linking to "https://petstore.octoperf.com/actions/Catalog.action?viewProduct=&productId=RP-SN-01", Target Frame=""  	[MsgId: MMSG-27994]
AddToCard.c(58): Resource "https://petstore.octoperf.com/css/jpetstore.css" is in the cache already and will not be downloaded again  	[MsgId: MMSG-26655]
AddToCard.c(58): Resource "https://petstore.octoperf.com/images/logo-topbar.svg" is in the cache already and will not be downloaded again  	[MsgId: MMSG-26655]
AddToCard.c(58): Resource "https://petstore.octoperf.com/images/cart.gif" is in the cache already and will not be downloaded again  	[MsgId: MMSG-26655]
AddToCard.c(58): Resource "https://petstore.octoperf.com/images/separator.gif" is in the cache already and will not be downloaded again  	[MsgId: MMSG-26655]
AddToCard.c(58): Resource "https://petstore.octoperf.com/images/sm_fish.gif" is in the cache already and will not be downloaded again  	[MsgId: MMSG-26655]
AddToCard.c(58): Resource "https://petstore.octoperf.com/images/sm_dogs.gif" is in the cache already and will not be downloaded again  	[MsgId: MMSG-26655]
AddToCard.c(58): Resource "https://petstore.octoperf.com/images/sm_reptiles.gif" is in the cache already and will not be downloaded again  	[MsgId: MMSG-26655]
AddToCard.c(58): Resource "https://petstore.octoperf.com/images/sm_cats.gif" is in the cache already and will not be downloaded again  	[MsgId: MMSG-26655]
AddToCard.c(58): Resource "https://petstore.octoperf.com/images/sm_birds.gif" is in the cache already and will not be downloaded again  	[MsgId: MMSG-26655]
AddToCard.c(58): Resource "https://petstore.octoperf.com/images/banner_fish.gif" is in the cache already and will not be downloaded again  	[MsgId: MMSG-26655]
AddToCard.c(58): Notify: Saving Parameter "itemId_1 = EST-11".	[MsgId: MMSG-13798]
AddToCard.c(58): Notify: Saving Parameter "itemId_2 = EST-12".	[MsgId: MMSG-13798]
AddToCard.c(58): Notify: Saving Parameter "itemId_count = 2".	[MsgId: MMSG-13798]
AddToCard.c(58): Registered web_reg_find successful for "Text=RP-SN-01" (count=2)  	[MsgId: MMSG-26364]
AddToCard.c(58): web_link("{RandproductId}") was successful, 4092 body bytes, 225 header bytes  	[MsgId: MMSG-26386]
AddToCard.c(63): Notify: Transaction "PetStore_SelectProductId_T02" ended with a "Pass" status (Duration: 0.1287 Wasted Time: 0.0003).	[MsgId: MMSG-16871]
AddToCard.c(65): lr_think_time: 4.56 seconds (recorded think time was 5.00 seconds).	[MsgId: MMSG-15947]
Starting iteration 7.	[MsgId: MMSG-15968]
Notify: Next row for parameter PetStoreEndtoEndFlow_UserName_1 = 1 [table  = PetStoreEndtoEndFlow_UserName_1].	[MsgId: MMSG-13876]
Notify: Getting new value for parameter 'PetStoreEndtoEndFlow_UserName_1': table = 'UserCredentilas5.dat' column = '0' row = '1'.	[MsgId: MMSG-13877]
Notify: Next row for parameter PetStoreEndtoEndFlow_UserName_2 = 1 [table  = PetStoreEndtoEndFlow_UserName_2].	[MsgId: MMSG-13876]
Notify: Getting new value for parameter 'PetStoreEndtoEndFlow_UserName_2': table = 'UserCredentilas7.dat' column = '0' row = '1'.	[MsgId: MMSG-13877]
Notify: Next row for parameter UserName = 1 [table  = UserName].	[MsgId: MMSG-13876]
Notify: Getting new value for parameter 'UserName': table = 'UserCredentilas.dat' column = '0' row = '1'.	[MsgId: MMSG-13877]
Notify: Next row for parameter PetStoreEndtoEndFlow_UserName = 1 [table  = PetStoreEndtoEndFlow_UserName].	[MsgId: MMSG-13876]
Notify: Getting new value for parameter 'PetStoreEndtoEndFlow_UserName': table = 'UserCredentilas2.dat' column = '0' row = '1'.	[MsgId: MMSG-13877]
Notify: Next row for parameter PetStoreEndtoEndFlow_pass_1 = 1 [table  = PetStoreEndtoEndFlow_pass_1].	[MsgId: MMSG-13876]
Notify: Getting new value for parameter 'PetStoreEndtoEndFlow_pass_1': table = 'UserCredentilas6.dat' column = '0' row = '1'.	[MsgId: MMSG-13877]
Notify: Next row for parameter PetStoreEndtoEndFlow_pass_2 = 1 [table  = PetStoreEndtoEndFlow_pass_2].	[MsgId: MMSG-13876]
Notify: Getting new value for parameter 'PetStoreEndtoEndFlow_pass_2': table = 'UserCredentilas8.dat' column = '0' row = '1'.	[MsgId: MMSG-13877]
Notify: Next row for parameter pass = 1 [table  = pass].	[MsgId: MMSG-13876]
Notify: Getting new value for parameter 'pass': table = 'UserCredentilas.dat' column = '0' row = '1'.	[MsgId: MMSG-13877]
Notify: Next row for parameter PetStoreEndtoEndFlow_pass = 1 [table  = PetStoreEndtoEndFlow_pass].	[MsgId: MMSG-13876]
Notify: Getting new value for parameter 'PetStoreEndtoEndFlow_pass': table = 'UserCredentilas4.dat' column = '0' row = '1'.	[MsgId: MMSG-13877]
Starting action Login.	[MsgId: MMSG-15919]
Registration.c(15): Notify: Transaction "PetStore_ClickOnRegistration_T01" started.	[MsgId: MMSG-16999]
Registration.c(17): web_reg_find started  	[MsgId: MMSG-26355]
Registration.c(17): Registering web_reg_find was successful  	[MsgId: MMSG-26390]
Registration.c(20): web_link("Register Now!") started  	[MsgId: MMSG-26355]
Registration.c(20): Error -27985: There is no context for HTML-based functions. A previous function may not have used "Mode=HTML" or downloaded only non-HTML page(s), or the context has been reset (e.g., due to a GUI-based function)  	[MsgId: MERR-27985]
Registration.c(20): Warning -26379: Pending web_reg_save_param/web_reg_find/web_create_html_param/web_create_html_param_ex request(s) are deleted and will be handled as "not found"  	[MsgId: MWAR-26379]
Registration.c(20): Error -26366: "Text=User Information" not found for web_reg_find  	[MsgId: MERR-26366]
Registration.c(20): Error -26374: The above "not found" error(s) may be explained by header and body byte counts being 0 and 0, respectively.  	[MsgId: MERR-26374]
Registration.c(20): web_link("Register Now!") highest severity level was "ERROR", 0 body bytes, 0 header bytes  	[MsgId: MMSG-26388]
Registration.c(20): Notify: Transaction "PetStore_ClickOnRegistration_T01" ended with a "Fail" status (Duration: 0.0011).	[MsgId: MMSG-16873]
Registration.c(20): Notify: Transaction "PetStore_ClickOnRegistration_T01" has 3 error message(s).	[MsgId: MMSG-16818]
Registration.c(20): Notify: The 1st error message associated with transaction "PetStore_ClickOnRegistration_T01" is "Error -27985: There is no context for HTML-based functions. A previous function may not have used "Mode=HTML" or downloaded only non-HTML page(s), or the context has been reset (e.g., due to a GUI-based function)"	[MsgId: MMSG-16819]
Registration.c(20): Notify: The 2nd error message associated with transaction "PetStore_ClickOnRegistration_T01" is "Error -26366: "Text=User Information" not found for web_reg_find"	[MsgId: MMSG-16819]
Registration.c(20): Notify: The 3rd error message associated with transaction "PetStore_ClickOnRegistration_T01" is "Error -26374: The above "not found" error(s) may be explained by header and body byte counts being 0 and 0, respectively."	[MsgId: MMSG-16819]
Ending action Login.	[MsgId: MMSG-15918]
Ending iteration 7.	[MsgId: MMSG-15965]
Waiting 9.7490 seconds for iteration pacing.	[MsgId: MMSG-15996]
Registration.c(109): Notify: Transaction "PetStore_SignOut_T03" started.	[MsgId: MMSG-16999]
Registration.c(111): web_reg_find started  	[MsgId: MMSG-26355]
Registration.c(111): Registering web_reg_find was successful  	[MsgId: MMSG-26390]
Registration.c(114): web_url("Account.action_2") started  	[MsgId: MMSG-26355]
Registration.c(114): Redirecting "https://petstore.octoperf.com/actions/Account.action?signoff=" (redirection depth is 0)  	[MsgId: MMSG-26694]
Registration.c(114): To location "https://petstore.octoperf.com/actions/Catalog.action"  	[MsgId: MMSG-26693]
Registration.c(114): Resource "https://petstore.octoperf.com/css/jpetstore.css" is in the cache already and will not be downloaded again  	[MsgId: MMSG-26655]
Registration.c(114): Resource "https://petstore.octoperf.com/images/logo-topbar.svg" is in the cache already and will not be downloaded again  	[MsgId: MMSG-26655]
Registration.c(114): Resource "https://petstore.octoperf.com/images/cart.gif" is in the cache already and will not be downloaded again  	[MsgId: MMSG-26655]
Registration.c(114): Resource "https://petstore.octoperf.com/images/separator.gif" is in the cache already and will not be downloaded again  	[MsgId: MMSG-26655]
Registration.c(114): Resource "https://petstore.octoperf.com/images/sm_fish.gif" is in the cache already and will not be downloaded again  	[MsgId: MMSG-26655]
Registration.c(114): Resource "https://petstore.octoperf.com/images/sm_dogs.gif" is in the cache already and will not be downloaded again  	[MsgId: MMSG-26655]
Registration.c(114): Resource "https://petstore.octoperf.com/images/sm_reptiles.gif" is in the cache already and will not be downloaded again  	[MsgId: MMSG-26655]
Registration.c(114): Resource "https://petstore.octoperf.com/images/sm_cats.gif" is in the cache already and will not be downloaded again  	[MsgId: MMSG-26655]
Registration.c(114): Resource "https://petstore.octoperf.com/images/sm_birds.gif" is in the cache already and will not be downloaded again  	[MsgId: MMSG-26655]
Registration.c(114): Resource "https://petstore.octoperf.com/images/fish_icon.gif" is in the cache already and will not be downloaded again  	[MsgId: MMSG-26655]
Registration.c(114): Resource "https://petstore.octoperf.com/images/dogs_icon.gif" is in the cache already and will not be downloaded again  	[MsgId: MMSG-26655]
Registration.c(114): Resource "https://petstore.octoperf.com/images/cats_icon.gif" is in the cache already and will not be downloaded again  	[MsgId: MMSG-26655]
Registration.c(114): Resource "https://petstore.octoperf.com/images/reptiles_icon.gif" is in the cache already and will not be downloaded again  	[MsgId: MMSG-26655]
Registration.c(114): Resource "https://petstore.octoperf.com/images/birds_icon.gif" is in the cache already and will not be downloaded again  	[MsgId: MMSG-26655]
Registration.c(114): Resource "https://petstore.octoperf.com/images/splash.gif" is in the cache already and will not be downloaded again  	[MsgId: MMSG-26655]
Registration.c(114): Registered web_reg_find successful for "Text=Sign In" (count=1)  	[MsgId: MMSG-26364]
Registration.c(114): web_url("Account.action_2") was successful, 4736 body bytes, 518 header bytes  	[MsgId: MMSG-26386]
Registration.c(123): Notify: Transaction "PetStore_SignOut_T03" ended with a "Pass" status (Duration: 0.2503 Wasted Time: 0.0000).	[MsgId: MMSG-16871]
Login.c(4): Notify: Transaction "PetStore_ClickOnSignIn_T01" started.	[MsgId: MMSG-16999]
Login.c(6): web_reg_find started  	[MsgId: MMSG-26355]
Login.c(6): Registering web_reg_find was successful  	[MsgId: MMSG-26390]
Login.c(9): web_link("Sign In") started  	[MsgId: MMSG-26355]
Login.c(9): Linking to "https://petstore.octoperf.com/actions/Account.action?signonForm=", Target Frame=""  	[MsgId: MMSG-27994]
Login.c(17): Notify: Transaction "PetStore_Login_T01" started.	[MsgId: MMSG-16999]
Login.c(18): web_reg_find started  	[MsgId: MMSG-26355]
Login.c(18): Registering web_reg_find was successful  	[MsgId: MMSG-26390]
Login.c(20): web_reg_save_param_regexp started  	[MsgId: MMSG-26355]
Login.c(20): Registering web_reg_save_param_regexp was successful  	[MsgId: MMSG-26390]
Login.c(26): web_submit_form("Account.action") started  	[MsgId: MMSG-26355]
Login.c(26): Notify: Parameter Substitution: parameter "randomUsername" =  "XGWG"	[MsgId: MMSG-13992]
Login.c(26): Notify: Parameter Substitution: parameter "randompass" =  "vxxv"	[MsgId: MMSG-13992]
Login.c(26): Submitting form to "https://petstore.octoperf.com/actions/Account.action", Target Frame=""  	[MsgId: MMSG-27978]
Login.c(9): Resource "https://petstore.octoperf.com/css/jpetstore.css" is in the cache already and will not be downloaded again  	[MsgId: MMSG-26655]
Login.c(9): Resource "https://petstore.octoperf.com/images/logo-topbar.svg" is in the cache already and will not be downloaded again  	[MsgId: MMSG-26655]
Login.c(9): Resource "https://petstore.octoperf.com/images/cart.gif" is in the cache already and will not be downloaded again  	[MsgId: MMSG-26655]
Login.c(9): Resource "https://petstore.octoperf.com/images/separator.gif" is in the cache already and will not be downloaded again  	[MsgId: MMSG-26655]
Login.c(9): Resource "https://petstore.octoperf.com/images/sm_fish.gif" is in the cache already and will not be downloaded again  	[MsgId: MMSG-26655]
Login.c(9): Resource "https://petstore.octoperf.com/images/sm_dogs.gif" is in the cache already and will not be downloaded again  	[MsgId: MMSG-26655]
Login.c(9): Resource "https://petstore.octoperf.com/images/sm_reptiles.gif" is in the cache already and will not be downloaded again  	[MsgId: MMSG-26655]
Login.c(9): Resource "https://petstore.octoperf.com/images/sm_cats.gif" is in the cache already and will not be downloaded again  	[MsgId: MMSG-26655]
Login.c(9): Resource "https://petstore.octoperf.com/images/sm_birds.gif" is in the cache already and will not be downloaded again  	[MsgId: MMSG-26655]
Login.c(9): Registered web_reg_find successful for "Text=Please enter your username and password" (count=1)  	[MsgId: MMSG-26364]
Login.c(9): web_link("Sign In") was successful, 3858 body bytes, 225 header bytes  	[MsgId: MMSG-26386]
Login.c(13): Notify: Transaction "PetStore_ClickOnSignIn_T01" ended with a "Pass" status (Duration: 0.1258 Wasted Time: 0.0000).	[MsgId: MMSG-16871]
Login.c(15): lr_think_time: 4.17 seconds (recorded think time was 5.00 seconds).	[MsgId: MMSG-15947]
Login.c(26): Redirecting "https://petstore.octoperf.com/actions/Account.action" (redirection depth is 0)  	[MsgId: MMSG-26694]
Login.c(26): To location "https://petstore.octoperf.com/actions/Catalog.action"  	[MsgId: MMSG-26693]
Login.c(26): Resource "https://petstore.octoperf.com/css/jpetstore.css" is in the cache already and will not be downloaded again  	[MsgId: MMSG-26655]
Login.c(26): Resource "https://petstore.octoperf.com/images/logo-topbar.svg" is in the cache already and will not be downloaded again  	[MsgId: MMSG-26655]
Login.c(26): Resource "https://petstore.octoperf.com/images/cart.gif" is in the cache already and will not be downloaded again  	[MsgId: MMSG-26655]
Login.c(26): Resource "https://petstore.octoperf.com/images/separator.gif" is in the cache already and will not be downloaded again  	[MsgId: MMSG-26655]
Login.c(26): Resource "https://petstore.octoperf.com/images/sm_fish.gif" is in the cache already and will not be downloaded again  	[MsgId: MMSG-26655]
Login.c(26): Resource "https://petstore.octoperf.com/images/sm_dogs.gif" is in the cache already and will not be downloaded again  	[MsgId: MMSG-26655]
Login.c(26): Resource "https://petstore.octoperf.com/images/sm_reptiles.gif" is in the cache already and will not be downloaded again  	[MsgId: MMSG-26655]
Login.c(26): Resource "https://petstore.octoperf.com/images/sm_cats.gif" is in the cache already and will not be downloaded again  	[MsgId: MMSG-26655]
Login.c(26): Resource "https://petstore.octoperf.com/images/sm_birds.gif" is in the cache already and will not be downloaded again  	[MsgId: MMSG-26655]
Login.c(26): Resource "https://petstore.octoperf.com/images/fish_icon.gif" is in the cache already and will not be downloaded again  	[MsgId: MMSG-26655]
Login.c(26): Resource "https://petstore.octoperf.com/images/dogs_icon.gif" is in the cache already and will not be downloaded again  	[MsgId: MMSG-26655]
Login.c(26): Resource "https://petstore.octoperf.com/images/cats_icon.gif" is in the cache already and will not be downloaded again  	[MsgId: MMSG-26655]
Login.c(26): Resource "https://petstore.octoperf.com/images/reptiles_icon.gif" is in the cache already and will not be downloaded again  	[MsgId: MMSG-26655]
Login.c(26): Resource "https://petstore.octoperf.com/images/birds_icon.gif" is in the cache already and will not be downloaded again  	[MsgId: MMSG-26655]
Login.c(26): Resource "https://petstore.octoperf.com/images/splash.gif" is in the cache already and will not be downloaded again  	[MsgId: MMSG-26655]
Login.c(26): Found resource "https://petstore.octoperf.com/images/banner_fish.gif" in HTML "https://petstore.octoperf.com/actions/Catalog.action"  	[MsgId: MMSG-26659]
Login.c(26): Notify: Saving Parameter "ProductName_1 = BIRDS".	[MsgId: MMSG-13798]
Login.c(26): Notify: Saving Parameter "ProductName_2 = FISH".	[MsgId: MMSG-13798]
Login.c(26): Notify: Saving Parameter "ProductName_3 = DOGS".	[MsgId: MMSG-13798]
Login.c(26): Notify: Saving Parameter "ProductName_4 = REPTILES".	[MsgId: MMSG-13798]
Login.c(26): Notify: Saving Parameter "ProductName_5 = CATS".	[MsgId: MMSG-13798]
Login.c(26): Notify: Saving Parameter "ProductName_6 = BIRDS".	[MsgId: MMSG-13798]
Login.c(26): Notify: Saving Parameter "ProductName_count = 6".	[MsgId: MMSG-13798]
Login.c(26): Registered web_reg_find successful for "Text=My Account" (count=1)  	[MsgId: MMSG-26364]
Login.c(26): web_submit_form("Account.action") was successful, 11416 body bytes, 727 header bytes  	[MsgId: MMSG-26386]
Login.c(34): Notify: Transaction "PetStore_Login_T01" ended with a "Pass" status (Duration: 0.5023 Wasted Time: 0.0003).	[MsgId: MMSG-16871]
Ending action Login.	[MsgId: MMSG-15918]
Starting action AddToCard.	[MsgId: MMSG-15919]
AddToCard.c(8): Notify: Transaction "PetStore_AddAproduct_T01" started.	[MsgId: MMSG-16999]
AddToCard.c(11): Notify: Parameter Substitution: parameter "ProductName_count" =  "6"	[MsgId: MMSG-13992]
AddToCard.c(12): Notify: Parameter Substitution: parameter "ProductName_5" =  "CATS"	[MsgId: MMSG-13992]
AddToCard.c(14): Notify: Saving Parameter "RandCategory = CATS".	[MsgId: MMSG-13798]
AddToCard.c(15): Notify: Parameter Substitution: parameter "RandCategory" =  "CATS"	[MsgId: MMSG-13992]
AddToCard.c(15): Random category selected in Action2 = CATS	[MsgId: MMSG-17999]
AddToCard.c(17): web_reg_find started  	[MsgId: MMSG-26355]
AddToCard.c(17): Notify: Parameter Substitution: parameter "RandCategory" =  "CATS"	[MsgId: MMSG-13992]
AddToCard.c(17): Registering web_reg_find was successful  	[MsgId: MMSG-26390]
AddToCard.c(20): web_reg_save_param_regexp started  	[MsgId: MMSG-26355]
AddToCard.c(20): Registering web_reg_save_param_regexp was successful  	[MsgId: MMSG-26390]
AddToCard.c(27): web_url("Catalog.action_2") started  	[MsgId: MMSG-26355]
AddToCard.c(27): Notify: Parameter Substitution: parameter "RandCategory" =  "CATS"	[MsgId: MMSG-13992]
AddToCard.c(27): Resource "https://petstore.octoperf.com/css/jpetstore.css" is in the cache already and will not be downloaded again  	[MsgId: MMSG-26655]
AddToCard.c(27): Resource "https://petstore.octoperf.com/images/logo-topbar.svg" is in the cache already and will not be downloaded again  	[MsgId: MMSG-26655]
AddToCard.c(27): Resource "https://petstore.octoperf.com/images/cart.gif" is in the cache already and will not be downloaded again  	[MsgId: MMSG-26655]
AddToCard.c(27): Resource "https://petstore.octoperf.com/images/separator.gif" is in the cache already and will not be downloaded again  	[MsgId: MMSG-26655]
AddToCard.c(27): Resource "https://petstore.octoperf.com/images/sm_fish.gif" is in the cache already and will not be downloaded again  	[MsgId: MMSG-26655]
AddToCard.c(27): Resource "https://petstore.octoperf.com/images/sm_dogs.gif" is in the cache already and will not be downloaded again  	[MsgId: MMSG-26655]
AddToCard.c(27): Resource "https://petstore.octoperf.com/images/sm_reptiles.gif" is in the cache already and will not be downloaded again  	[MsgId: MMSG-26655]
AddToCard.c(27): Resource "https://petstore.octoperf.com/images/sm_cats.gif" is in the cache already and will not be downloaded again  	[MsgId: MMSG-26655]
AddToCard.c(27): Resource "https://petstore.octoperf.com/images/sm_birds.gif" is in the cache already and will not be downloaded again  	[MsgId: MMSG-26655]
AddToCard.c(27): Resource "https://petstore.octoperf.com/images/banner_fish.gif" is in the cache already and will not be downloaded again  	[MsgId: MMSG-26655]
AddToCard.c(27): Notify: Saving Parameter "productId_1 = FL-DSH-01".	[MsgId: MMSG-13798]
AddToCard.c(27): Notify: Saving Parameter "productId_2 = FL-DLH-02".	[MsgId: MMSG-13798]
AddToCard.c(27): Notify: Saving Parameter "productId_count = 2".	[MsgId: MMSG-13798]
AddToCard.c(27): Registered web_reg_find successful for "Text=CATS" (count=1)  	[MsgId: MMSG-26364]
AddToCard.c(27): web_url("Catalog.action_2") was successful, 3621 body bytes, 225 header bytes  	[MsgId: MMSG-26386]
AddToCard.c(36): Notify: Transaction "PetStore_AddAproduct_T01" ended with a "Pass" status (Duration: 0.1282 Wasted Time: 0.0005).	[MsgId: MMSG-16871]
AddToCard.c(38): lr_think_time: 4.44 seconds (recorded think time was 5.00 seconds).	[MsgId: MMSG-15947]
Starting iteration 6.	[MsgId: MMSG-15968]
Notify: Next row for parameter PetStoreEndtoEndFlow_UserName_1 = 1 [table  = PetStoreEndtoEndFlow_UserName_1].	[MsgId: MMSG-13876]
Notify: Getting new value for parameter 'PetStoreEndtoEndFlow_UserName_1': table = 'UserCredentilas5.dat' column = '0' row = '1'.	[MsgId: MMSG-13877]
Notify: Next row for parameter PetStoreEndtoEndFlow_UserName_2 = 1 [table  = PetStoreEndtoEndFlow_UserName_2].	[MsgId: MMSG-13876]
Notify: Getting new value for parameter 'PetStoreEndtoEndFlow_UserName_2': table = 'UserCredentilas7.dat' column = '0' row = '1'.	[MsgId: MMSG-13877]
Notify: Next row for parameter UserName = 1 [table  = UserName].	[MsgId: MMSG-13876]
Notify: Getting new value for parameter 'UserName': table = 'UserCredentilas.dat' column = '0' row = '1'.	[MsgId: MMSG-13877]
Notify: Next row for parameter PetStoreEndtoEndFlow_UserName = 1 [table  = PetStoreEndtoEndFlow_UserName].	[MsgId: MMSG-13876]
Notify: Getting new value for parameter 'PetStoreEndtoEndFlow_UserName': table = 'UserCredentilas2.dat' column = '0' row = '1'.	[MsgId: MMSG-13877]
Notify: Next row for parameter PetStoreEndtoEndFlow_pass_1 = 1 [table  = PetStoreEndtoEndFlow_pass_1].	[MsgId: MMSG-13876]
Notify: Getting new value for parameter 'PetStoreEndtoEndFlow_pass_1': table = 'UserCredentilas6.dat' column = '0' row = '1'.	[MsgId: MMSG-13877]
Notify: Next row for parameter PetStoreEndtoEndFlow_pass_2 = 1 [table  = PetStoreEndtoEndFlow_pass_2].	[MsgId: MMSG-13876]
Notify: Getting new value for parameter 'PetStoreEndtoEndFlow_pass_2': table = 'UserCredentilas8.dat' column = '0' row = '1'.	[MsgId: MMSG-13877]
Notify: Next row for parameter pass = 1 [table  = pass].	[MsgId: MMSG-13876]
Notify: Getting new value for parameter 'pass': table = 'UserCredentilas.dat' column = '0' row = '1'.	[MsgId: MMSG-13877]
Notify: Next row for parameter PetStoreEndtoEndFlow_pass = 1 [table  = PetStoreEndtoEndFlow_pass].	[MsgId: MMSG-13876]
Notify: Getting new value for parameter 'PetStoreEndtoEndFlow_pass': table = 'UserCredentilas4.dat' column = '0' row = '1'.	[MsgId: MMSG-13877]
Starting action Login.	[MsgId: MMSG-15919]
Registration.c(15): Notify: Transaction "PetStore_ClickOnRegistration_T01" started.	[MsgId: MMSG-16999]
Registration.c(17): web_reg_find started  	[MsgId: MMSG-26355]
Registration.c(17): Registering web_reg_find was successful  	[MsgId: MMSG-26390]
Registration.c(20): web_link("Register Now!") started  	[MsgId: MMSG-26355]
Registration.c(20): Error -27985: There is no context for HTML-based functions. A previous function may not have used "Mode=HTML" or downloaded only non-HTML page(s), or the context has been reset (e.g., due to a GUI-based function)  	[MsgId: MERR-27985]
Registration.c(20): Warning -26379: Pending web_reg_save_param/web_reg_find/web_create_html_param/web_create_html_param_ex request(s) are deleted and will be handled as "not found"  	[MsgId: MWAR-26379]
Registration.c(20): Error -26366: "Text=User Information" not found for web_reg_find  	[MsgId: MERR-26366]
Registration.c(20): Error -26374: The above "not found" error(s) may be explained by header and body byte counts being 0 and 0, respectively.  	[MsgId: MERR-26374]
Registration.c(20): web_link("Register Now!") highest severity level was "ERROR", 0 body bytes, 0 header bytes  	[MsgId: MMSG-26388]
Registration.c(20): Notify: Transaction "PetStore_ClickOnRegistration_T01" ended with a "Fail" status (Duration: 0.0008).	[MsgId: MMSG-16873]
Registration.c(20): Notify: Transaction "PetStore_ClickOnRegistration_T01" has 3 error message(s).	[MsgId: MMSG-16818]
Registration.c(20): Notify: The 1st error message associated with transaction "PetStore_ClickOnRegistration_T01" is "Error -27985: There is no context for HTML-based functions. A previous function may not have used "Mode=HTML" or downloaded only non-HTML page(s), or the context has been reset (e.g., due to a GUI-based function)"	[MsgId: MMSG-16819]
Registration.c(20): Notify: The 2nd error message associated with transaction "PetStore_ClickOnRegistration_T01" is "Error -26366: "Text=User Information" not found for web_reg_find"	[MsgId: MMSG-16819]
Registration.c(20): Notify: The 3rd error message associated with transaction "PetStore_ClickOnRegistration_T01" is "Error -26374: The above "not found" error(s) may be explained by header and body byte counts being 0 and 0, respectively."	[MsgId: MMSG-16819]
Ending action Login.	[MsgId: MMSG-15918]
Ending iteration 6.	[MsgId: MMSG-15965]
Waiting 7.4760 seconds for iteration pacing.	[MsgId: MMSG-15996]
AddToCard.c(88): Notify: Transaction "PetStore_AddToCard_T04" started.	[MsgId: MMSG-16999]
AddToCard.c(90): web_reg_find started  	[MsgId: MMSG-26355]
AddToCard.c(90): Registering web_reg_find was successful  	[MsgId: MMSG-26390]
AddToCard.c(94): web_link("Add to Cart") started  	[MsgId: MMSG-26355]
AddToCard.c(94): Linking to "https://petstore.octoperf.com/actions/Cart.action?addItemToCart=&workingItemId=EST-12", Target Frame=""  	[MsgId: MMSG-27994]
AddToCard.c(94): Resource "https://petstore.octoperf.com/css/jpetstore.css" is in the cache already and will not be downloaded again  	[MsgId: MMSG-26655]
AddToCard.c(94): Resource "https://petstore.octoperf.com/images/logo-topbar.svg" is in the cache already and will not be downloaded again  	[MsgId: MMSG-26655]
AddToCard.c(94): Resource "https://petstore.octoperf.com/images/cart.gif" is in the cache already and will not be downloaded again  	[MsgId: MMSG-26655]
AddToCard.c(94): Resource "https://petstore.octoperf.com/images/separator.gif" is in the cache already and will not be downloaded again  	[MsgId: MMSG-26655]
AddToCard.c(94): Resource "https://petstore.octoperf.com/images/sm_fish.gif" is in the cache already and will not be downloaded again  	[MsgId: MMSG-26655]
AddToCard.c(94): Resource "https://petstore.octoperf.com/images/sm_dogs.gif" is in the cache already and will not be downloaded again  	[MsgId: MMSG-26655]
AddToCard.c(94): Resource "https://petstore.octoperf.com/images/sm_reptiles.gif" is in the cache already and will not be downloaded again  	[MsgId: MMSG-26655]
AddToCard.c(94): Resource "https://petstore.octoperf.com/images/sm_cats.gif" is in the cache already and will not be downloaded again  	[MsgId: MMSG-26655]
AddToCard.c(94): Resource "https://petstore.octoperf.com/images/sm_birds.gif" is in the cache already and will not be downloaded again  	[MsgId: MMSG-26655]
AddToCard.c(94): Resource "https://petstore.octoperf.com/images/banner_fish.gif" is in the cache already and will not be downloaded again  	[MsgId: MMSG-26655]
AddToCard.c(94): Registered web_reg_find successful for "Text=Shopping Cart" (count=1)  	[MsgId: MMSG-26364]
AddToCard.c(94): web_link("Add to Cart") was successful, 4638 body bytes, 225 header bytes  	[MsgId: MMSG-26386]
AddToCard.c(99): Notify: Transaction "PetStore_AddToCard_T04" ended with a "Pass" status (Duration: 0.1282 Wasted Time: 0.0000).	[MsgId: MMSG-16871]
Ending action AddToCard.	[MsgId: MMSG-15918]
Starting action UpdateCart.	[MsgId: MMSG-15919]
UpdateCart.c(4): Notify: Transaction "PetStore_ClickOnViewcart_T01" started.	[MsgId: MMSG-16999]
UpdateCart.c(6): web_reg_find started  	[MsgId: MMSG-26355]
UpdateCart.c(6): Registering web_reg_find was successful  	[MsgId: MMSG-26390]
UpdateCart.c(9): web_url("Cart.action") started  	[MsgId: MMSG-26355]
UpdateCart.c(9): Resource "https://petstore.octoperf.com/css/jpetstore.css" is in the cache already and will not be downloaded again  	[MsgId: MMSG-26655]
UpdateCart.c(9): Resource "https://petstore.octoperf.com/images/logo-topbar.svg" is in the cache already and will not be downloaded again  	[MsgId: MMSG-26655]
UpdateCart.c(9): Resource "https://petstore.octoperf.com/images/cart.gif" is in the cache already and will not be downloaded again  	[MsgId: MMSG-26655]
UpdateCart.c(9): Resource "https://petstore.octoperf.com/images/separator.gif" is in the cache already and will not be downloaded again  	[MsgId: MMSG-26655]
UpdateCart.c(9): Resource "https://petstore.octoperf.com/images/sm_fish.gif" is in the cache already and will not be downloaded again  	[MsgId: MMSG-26655]
UpdateCart.c(9): Resource "https://petstore.octoperf.com/images/sm_dogs.gif" is in the cache already and will not be downloaded again  	[MsgId: MMSG-26655]
UpdateCart.c(9): Resource "https://petstore.octoperf.com/images/sm_reptiles.gif" is in the cache already and will not be downloaded again  	[MsgId: MMSG-26655]
UpdateCart.c(9): Resource "https://petstore.octoperf.com/images/sm_cats.gif" is in the cache already and will not be downloaded again  	[MsgId: MMSG-26655]
UpdateCart.c(9): Resource "https://petstore.octoperf.com/images/sm_birds.gif" is in the cache already and will not be downloaded again  	[MsgId: MMSG-26655]
UpdateCart.c(9): Resource "https://petstore.octoperf.com/images/banner_fish.gif" is in the cache already and will not be downloaded again  	[MsgId: MMSG-26655]
UpdateCart.c(9): Registered web_reg_find successful for "Text=Sub Total:" (count=1)  	[MsgId: MMSG-26364]
UpdateCart.c(9): web_url("Cart.action") was successful, 4638 body bytes, 225 header bytes  	[MsgId: MMSG-26386]
UpdateCart.c(19): Notify: Transaction "PetStore_ClickOnViewcart_T01" ended with a "Pass" status (Duration: 0.1277 Wasted Time: 0.0000).	[MsgId: MMSG-16871]
UpdateCart.c(21): lr_think_time: 4.29 seconds (recorded think time was 5.00 seconds).	[MsgId: MMSG-15947]
Registration.c(29): Notify: Transaction "PetStore_SubmitRegistration_T02" started.	[MsgId: MMSG-16999]
Registration.c(31): web_reg_find started  	[MsgId: MMSG-26355]
Registration.c(31): Registering web_reg_find was successful  	[MsgId: MMSG-26390]
Registration.c(38): Notify: Saving Parameter "randomUsername = EIVG".	[MsgId: MMSG-13798]
Registration.c(44): Notify: Saving Parameter "randompass = bwsg".	[MsgId: MMSG-13798]
Registration.c(58): Notify: Saving Parameter "randomFirstName = kkpkk".	[MsgId: MMSG-13798]
Registration.c(59): Notify: Saving Parameter "randomLastName = ywlov".	[MsgId: MMSG-13798]
Registration.c(71): Notify: Saving Parameter "RandomPhone = :884566724".	[MsgId: MMSG-13798]
Registration.c(80): Notify: Saving Parameter "RandomZip = 008698".	[MsgId: MMSG-13798]
Registration.c(83): web_submit_form("Account.action") started  	[MsgId: MMSG-26355]
Registration.c(83): Notify: Parameter Substitution: parameter "randomUsername" =  "EIVG"	[MsgId: MMSG-13992]
Registration.c(83): Notify: Parameter Substitution: parameter "randompass" =  "bwsg"	[MsgId: MMSG-13992]
Registration.c(83): Notify: Parameter Substitution: parameter "randompass" =  "bwsg"	[MsgId: MMSG-13992]
Registration.c(83): Notify: Parameter Substitution: parameter "randomFirstName" =  "kkpkk"	[MsgId: MMSG-13992]
Registration.c(83): Notify: Parameter Substitution: parameter "randomLastName" =  "ywlov"	[MsgId: MMSG-13992]
Registration.c(83): Notify: Parameter Substitution: parameter "randomFirstName" =  "kkpkk"	[MsgId: MMSG-13992]
Registration.c(83): Notify: Parameter Substitution: parameter "randomLastName" =  "ywlov"	[MsgId: MMSG-13992]
Registration.c(83): Notify: Parameter Substitution: parameter "RandomPhone" =  ":884566724"	[MsgId: MMSG-13992]
Registration.c(83): Notify: Parameter Substitution: parameter "RandomZip" =  "008698"	[MsgId: MMSG-13992]
Registration.c(83): Submitting form to "https://petstore.octoperf.com/actions/Account.action", Target Frame=""  	[MsgId: MMSG-27978]
Registration.c(83): Connection to petstore.octoperf.com:443 closed after being inactive for 63 seconds, exceeding the "HTTP Keep-Alive timeout" Runtime Setting (60 seconds). URL="[None]"  	[MsgId: MMSG-27647]
Registration.c(83): Redirecting "https://petstore.octoperf.com/actions/Account.action" (redirection depth is 0)  	[MsgId: MMSG-26694]
Registration.c(83): To location "https://petstore.octoperf.com/actions/Catalog.action"  	[MsgId: MMSG-26693]
UpdateCart.c(23): Notify: Transaction "PetStore_UpdateCart_T02" started.	[MsgId: MMSG-16999]
UpdateCart.c(28): Notify: Saving Parameter "RandQty = 8".	[MsgId: MMSG-13798]
UpdateCart.c(30): Notify: Parameter Substitution: parameter "RandQty" =  "8"	[MsgId: MMSG-13992]
UpdateCart.c(30): Random Quantity selected = 8	[MsgId: MMSG-17999]
UpdateCart.c(32): web_submit_form("Cart.action_2") started  	[MsgId: MMSG-26355]
UpdateCart.c(32): Notify: Parameter Substitution: parameter "RanditemId" =  "EST-4"	[MsgId: MMSG-13992]
UpdateCart.c(32): Submitting form to "https://petstore.octoperf.com/actions/Cart.action", Target Frame=""  	[MsgId: MMSG-27978]
Registration.c(83): Resource "https://petstore.octoperf.com/css/jpetstore.css" is in the cache already and will not be downloaded again  	[MsgId: MMSG-26655]
Registration.c(83): Resource "https://petstore.octoperf.com/images/logo-topbar.svg" is in the cache already and will not be downloaded again  	[MsgId: MMSG-26655]
Registration.c(83): Resource "https://petstore.octoperf.com/images/cart.gif" is in the cache already and will not be downloaded again  	[MsgId: MMSG-26655]
Registration.c(83): Resource "https://petstore.octoperf.com/images/separator.gif" is in the cache already and will not be downloaded again  	[MsgId: MMSG-26655]
Registration.c(83): Resource "https://petstore.octoperf.com/images/sm_fish.gif" is in the cache already and will not be downloaded again  	[MsgId: MMSG-26655]
Registration.c(83): Resource "https://petstore.octoperf.com/images/sm_dogs.gif" is in the cache already and will not be downloaded again  	[MsgId: MMSG-26655]
Registration.c(83): Resource "https://petstore.octoperf.com/images/sm_reptiles.gif" is in the cache already and will not be downloaded again  	[MsgId: MMSG-26655]
Registration.c(83): Resource "https://petstore.octoperf.com/images/sm_cats.gif" is in the cache already and will not be downloaded again  	[MsgId: MMSG-26655]
Registration.c(83): Resource "https://petstore.octoperf.com/images/sm_birds.gif" is in the cache already and will not be downloaded again  	[MsgId: MMSG-26655]
Registration.c(83): Resource "https://petstore.octoperf.com/images/fish_icon.gif" is in the cache already and will not be downloaded again  	[MsgId: MMSG-26655]
Registration.c(83): Resource "https://petstore.octoperf.com/images/dogs_icon.gif" is in the cache already and will not be downloaded again  	[MsgId: MMSG-26655]
Registration.c(83): Resource "https://petstore.octoperf.com/images/cats_icon.gif" is in the cache already and will not be downloaded again  	[MsgId: MMSG-26655]
Registration.c(83): Resource "https://petstore.octoperf.com/images/reptiles_icon.gif" is in the cache already and will not be downloaded again  	[MsgId: MMSG-26655]
Registration.c(83): Resource "https://petstore.octoperf.com/images/birds_icon.gif" is in the cache already and will not be downloaded again  	[MsgId: MMSG-26655]
Registration.c(83): Resource "https://petstore.octoperf.com/images/splash.gif" is in the cache already and will not be downloaded again  	[MsgId: MMSG-26655]
Registration.c(83): Registered web_reg_find successful for "Text=Elevate you load-testing" (count=1)  	[MsgId: MMSG-26364]
Registration.c(83): web_submit_form("Account.action") was successful, 4736 body bytes, 443 header bytes  	[MsgId: MMSG-26386]
Registration.c(105): Notify: Transaction "PetStore_SubmitRegistration_T02" ended with a "Pass" status (Duration: 0.7897 Wasted Time: 0.0000).	[MsgId: MMSG-16871]
Registration.c(107): lr_think_time: 2.65 seconds (recorded think time was 5.00 seconds).	[MsgId: MMSG-15947]
UpdateCart.c(32): Resource "https://petstore.octoperf.com/css/jpetstore.css" is in the cache already and will not be downloaded again  	[MsgId: MMSG-26655]
UpdateCart.c(32): Resource "https://petstore.octoperf.com/images/logo-topbar.svg" is in the cache already and will not be downloaded again  	[MsgId: MMSG-26655]
UpdateCart.c(32): Resource "https://petstore.octoperf.com/images/cart.gif" is in the cache already and will not be downloaded again  	[MsgId: MMSG-26655]
UpdateCart.c(32): Resource "https://petstore.octoperf.com/images/separator.gif" is in the cache already and will not be downloaded again  	[MsgId: MMSG-26655]
UpdateCart.c(32): Resource "https://petstore.octoperf.com/images/sm_fish.gif" is in the cache already and will not be downloaded again  	[MsgId: MMSG-26655]
UpdateCart.c(32): Resource "https://petstore.octoperf.com/images/sm_dogs.gif" is in the cache already and will not be downloaded again  	[MsgId: MMSG-26655]
UpdateCart.c(32): Resource "https://petstore.octoperf.com/images/sm_reptiles.gif" is in the cache already and will not be downloaded again  	[MsgId: MMSG-26655]
UpdateCart.c(32): Resource "https://petstore.octoperf.com/images/sm_cats.gif" is in the cache already and will not be downloaded again  	[MsgId: MMSG-26655]
UpdateCart.c(32): Resource "https://petstore.octoperf.com/images/sm_birds.gif" is in the cache already and will not be downloaded again  	[MsgId: MMSG-26655]
UpdateCart.c(32): Resource "https://petstore.octoperf.com/images/banner_fish.gif" is in the cache already and will not be downloaded again  	[MsgId: MMSG-26655]
UpdateCart.c(32): web_submit_form("Cart.action_2") was successful, 4623 body bytes, 225 header bytes  	[MsgId: MMSG-26386]
UpdateCart.c(39): web_reg_find started  	[MsgId: MMSG-26355]
UpdateCart.c(39): Notify: Parameter Substitution: parameter "RandQty" =  "8"	[MsgId: MMSG-13992]
UpdateCart.c(39): Registering web_reg_find was successful  	[MsgId: MMSG-26390]
UpdateCart.c(41): web_submit_form("Cart.action_3") started  	[MsgId: MMSG-26355]
UpdateCart.c(41): Notify: Parameter Substitution: parameter "RanditemId" =  "EST-4"	[MsgId: MMSG-13992]
UpdateCart.c(41): Notify: Parameter Substitution: parameter "RandQty" =  "8"	[MsgId: MMSG-13992]
UpdateCart.c(41): Submitting form to "https://petstore.octoperf.com/actions/Cart.action", Target Frame=""  	[MsgId: MMSG-27978]
UpdateCart.c(41): Resource "https://petstore.octoperf.com/css/jpetstore.css" is in the cache already and will not be downloaded again  	[MsgId: MMSG-26655]
UpdateCart.c(41): Resource "https://petstore.octoperf.com/images/logo-topbar.svg" is in the cache already and will not be downloaded again  	[MsgId: MMSG-26655]
UpdateCart.c(41): Resource "https://petstore.octoperf.com/images/cart.gif" is in the cache already and will not be downloaded again  	[MsgId: MMSG-26655]
UpdateCart.c(41): Resource "https://petstore.octoperf.com/images/separator.gif" is in the cache already and will not be downloaded again  	[MsgId: MMSG-26655]
UpdateCart.c(41): Resource "https://petstore.octoperf.com/images/sm_fish.gif" is in the cache already and will not be downloaded again  	[MsgId: MMSG-26655]
UpdateCart.c(41): Resource "https://petstore.octoperf.com/images/sm_dogs.gif" is in the cache already and will not be downloaded again  	[MsgId: MMSG-26655]
UpdateCart.c(41): Resource "https://petstore.octoperf.com/images/sm_reptiles.gif" is in the cache already and will not be downloaded again  	[MsgId: MMSG-26655]
UpdateCart.c(41): Resource "https://petstore.octoperf.com/images/sm_cats.gif" is in the cache already and will not be downloaded again  	[MsgId: MMSG-26655]
UpdateCart.c(41): Resource "https://petstore.octoperf.com/images/sm_birds.gif" is in the cache already and will not be downloaded again  	[MsgId: MMSG-26655]
UpdateCart.c(41): Resource "https://petstore.octoperf.com/images/banner_fish.gif" is in the cache already and will not be downloaded again  	[MsgId: MMSG-26655]
UpdateCart.c(41): Registered web_reg_find successful for "Text=8" (count=9)  	[MsgId: MMSG-26364]
UpdateCart.c(41): web_submit_form("Cart.action_3") was successful, 4625 body bytes, 225 header bytes  	[MsgId: MMSG-26386]
UpdateCart.c(48): Notify: Transaction "PetStore_UpdateCart_T02" ended with a "Pass" status (Duration: 0.5127 Wasted Time: 0.0000).	[MsgId: MMSG-16871]
Ending action UpdateCart.	[MsgId: MMSG-15918]
Ending iteration 1.	[MsgId: MMSG-15965]
Waiting 7.2820 seconds for iteration pacing.	[MsgId: MMSG-15996]
AddToCard.c(67): Notify: Transaction "PetStore_SelectItemId_T03" started.	[MsgId: MMSG-16999]
AddToCard.c(71): Notify: Parameter Substitution: parameter "itemId_count" =  "2"	[MsgId: MMSG-13992]
AddToCard.c(72): Notify: Parameter Substitution: parameter "itemId_2" =  "EST-12"	[MsgId: MMSG-13992]
AddToCard.c(74): Notify: Saving Parameter "RanditemId = EST-12".	[MsgId: MMSG-13798]
AddToCard.c(75): Notify: Parameter Substitution: parameter "RanditemId" =  "EST-12"	[MsgId: MMSG-13992]
AddToCard.c(75): Random category selected in Action2 = EST-12	[MsgId: MMSG-17999]
AddToCard.c(77): web_reg_find started  	[MsgId: MMSG-26355]
AddToCard.c(77): Notify: Parameter Substitution: parameter "RanditemId" =  "EST-12"	[MsgId: MMSG-13992]
AddToCard.c(77): Registering web_reg_find was successful  	[MsgId: MMSG-26390]
AddToCard.c(79): web_link("{RanditemId}") started  	[MsgId: MMSG-26355]
AddToCard.c(79): Notify: Parameter Substitution: parameter "RanditemId" =  "EST-12"	[MsgId: MMSG-13992]
AddToCard.c(79): Linking to "https://petstore.octoperf.com/actions/Catalog.action?viewItem=&itemId=EST-12", Target Frame=""  	[MsgId: MMSG-27994]
AddToCard.c(79): Resource "https://petstore.octoperf.com/css/jpetstore.css" is in the cache already and will not be downloaded again  	[MsgId: MMSG-26655]
AddToCard.c(79): Resource "https://petstore.octoperf.com/images/logo-topbar.svg" is in the cache already and will not be downloaded again  	[MsgId: MMSG-26655]
AddToCard.c(79): Resource "https://petstore.octoperf.com/images/cart.gif" is in the cache already and will not be downloaded again  	[MsgId: MMSG-26655]
AddToCard.c(79): Resource "https://petstore.octoperf.com/images/separator.gif" is in the cache already and will not be downloaded again  	[MsgId: MMSG-26655]
AddToCard.c(79): Resource "https://petstore.octoperf.com/images/sm_fish.gif" is in the cache already and will not be downloaded again  	[MsgId: MMSG-26655]
AddToCard.c(79): Resource "https://petstore.octoperf.com/images/sm_dogs.gif" is in the cache already and will not be downloaded again  	[MsgId: MMSG-26655]
AddToCard.c(79): Resource "https://petstore.octoperf.com/images/sm_reptiles.gif" is in the cache already and will not be downloaded again  	[MsgId: MMSG-26655]
AddToCard.c(79): Resource "https://petstore.octoperf.com/images/sm_cats.gif" is in the cache already and will not be downloaded again  	[MsgId: MMSG-26655]
AddToCard.c(79): Resource "https://petstore.octoperf.com/images/sm_birds.gif" is in the cache already and will not be downloaded again  	[MsgId: MMSG-26655]
AddToCard.c(79): Found resource "https://petstore.octoperf.com/images/snake1.gif" in HTML "https://petstore.octoperf.com/actions/Catalog.action?viewItem=&itemId=EST-12"  	[MsgId: MMSG-26659]
AddToCard.c(79): Resource "https://petstore.octoperf.com/images/banner_fish.gif" is in the cache already and will not be downloaded again  	[MsgId: MMSG-26655]
Login.c(17): Notify: Transaction "PetStore_Login_T01" started.	[MsgId: MMSG-16999]
Login.c(18): web_reg_find started  	[MsgId: MMSG-26355]
Login.c(18): Registering web_reg_find was successful  	[MsgId: MMSG-26390]
Login.c(20): web_reg_save_param_regexp started  	[MsgId: MMSG-26355]
Login.c(20): Registering web_reg_save_param_regexp was successful  	[MsgId: MMSG-26390]
Login.c(26): web_submit_form("Account.action") started  	[MsgId: MMSG-26355]
Login.c(26): Notify: Parameter Substitution: parameter "randomUsername" =  "NQJP"	[MsgId: MMSG-13992]
Login.c(26): Notify: Parameter Substitution: parameter "randompass" =  "ctdw"	[MsgId: MMSG-13992]
Login.c(26): Submitting form to "https://petstore.octoperf.com/actions/Account.action", Target Frame=""  	[MsgId: MMSG-27978]
Login.c(26): Redirecting "https://petstore.octoperf.com/actions/Account.action" (redirection depth is 0)  	[MsgId: MMSG-26694]
Login.c(26): To location "https://petstore.octoperf.com/actions/Catalog.action"  	[MsgId: MMSG-26693]
AddToCard.c(79): Registered web_reg_find successful for "Text=EST-12" (count=2)  	[MsgId: MMSG-26364]
AddToCard.c(79): web_link("{RanditemId}") was successful, 16844 body bytes, 511 header bytes  	[MsgId: MMSG-26386]
AddToCard.c(84): Notify: Transaction "PetStore_SelectItemId_T03" ended with a "Pass" status (Duration: 0.5398 Wasted Time: 0.0000).	[MsgId: MMSG-16871]
AddToCard.c(86): lr_think_time: 3.16 seconds (recorded think time was 5.00 seconds).	[MsgId: MMSG-15947]
Login.c(26): Resource "https://petstore.octoperf.com/css/jpetstore.css" is in the cache already and will not be downloaded again  	[MsgId: MMSG-26655]
Login.c(26): Resource "https://petstore.octoperf.com/images/logo-topbar.svg" is in the cache already and will not be downloaded again  	[MsgId: MMSG-26655]
Login.c(26): Resource "https://petstore.octoperf.com/images/cart.gif" is in the cache already and will not be downloaded again  	[MsgId: MMSG-26655]
Login.c(26): Resource "https://petstore.octoperf.com/images/separator.gif" is in the cache already and will not be downloaded again  	[MsgId: MMSG-26655]
Login.c(26): Resource "https://petstore.octoperf.com/images/sm_fish.gif" is in the cache already and will not be downloaded again  	[MsgId: MMSG-26655]
Login.c(26): Resource "https://petstore.octoperf.com/images/sm_dogs.gif" is in the cache already and will not be downloaded again  	[MsgId: MMSG-26655]
Login.c(26): Resource "https://petstore.octoperf.com/images/sm_reptiles.gif" is in the cache already and will not be downloaded again  	[MsgId: MMSG-26655]
Login.c(26): Resource "https://petstore.octoperf.com/images/sm_cats.gif" is in the cache already and will not be downloaded again  	[MsgId: MMSG-26655]
Login.c(26): Resource "https://petstore.octoperf.com/images/sm_birds.gif" is in the cache already and will not be downloaded again  	[MsgId: MMSG-26655]
Login.c(26): Resource "https://petstore.octoperf.com/images/fish_icon.gif" is in the cache already and will not be downloaded again  	[MsgId: MMSG-26655]
Login.c(26): Resource "https://petstore.octoperf.com/images/dogs_icon.gif" is in the cache already and will not be downloaded again  	[MsgId: MMSG-26655]
Login.c(26): Resource "https://petstore.octoperf.com/images/cats_icon.gif" is in the cache already and will not be downloaded again  	[MsgId: MMSG-26655]
Login.c(26): Resource "https://petstore.octoperf.com/images/reptiles_icon.gif" is in the cache already and will not be downloaded again  	[MsgId: MMSG-26655]
Login.c(26): Resource "https://petstore.octoperf.com/images/birds_icon.gif" is in the cache already and will not be downloaded again  	[MsgId: MMSG-26655]
Login.c(26): Resource "https://petstore.octoperf.com/images/splash.gif" is in the cache already and will not be downloaded again  	[MsgId: MMSG-26655]
Login.c(26): Found resource "https://petstore.octoperf.com/images/banner_fish.gif" in HTML "https://petstore.octoperf.com/actions/Catalog.action"  	[MsgId: MMSG-26659]
Login.c(26): Notify: Saving Parameter "ProductName_1 = BIRDS".	[MsgId: MMSG-13798]
Login.c(26): Notify: Saving Parameter "ProductName_2 = FISH".	[MsgId: MMSG-13798]
Login.c(26): Notify: Saving Parameter "ProductName_3 = DOGS".	[MsgId: MMSG-13798]
Login.c(26): Notify: Saving Parameter "ProductName_4 = REPTILES".	[MsgId: MMSG-13798]
Login.c(26): Notify: Saving Parameter "ProductName_5 = CATS".	[MsgId: MMSG-13798]
Login.c(26): Notify: Saving Parameter "ProductName_6 = BIRDS".	[MsgId: MMSG-13798]
Login.c(26): Notify: Saving Parameter "ProductName_count = 6".	[MsgId: MMSG-13798]
Login.c(26): Registered web_reg_find successful for "Text=My Account" (count=1)  	[MsgId: MMSG-26364]
Login.c(26): web_submit_form("Account.action") was successful, 11416 body bytes, 727 header bytes  	[MsgId: MMSG-26386]
Login.c(34): Notify: Transaction "PetStore_Login_T01" ended with a "Pass" status (Duration: 0.5033 Wasted Time: 0.0004).	[MsgId: MMSG-16871]
Ending action Login.	[MsgId: MMSG-15918]
Starting action AddToCard.	[MsgId: MMSG-15919]
AddToCard.c(8): Notify: Transaction "PetStore_AddAproduct_T01" started.	[MsgId: MMSG-16999]
AddToCard.c(11): Notify: Parameter Substitution: parameter "ProductName_count" =  "6"	[MsgId: MMSG-13992]
AddToCard.c(12): Notify: Parameter Substitution: parameter "ProductName_5" =  "CATS"	[MsgId: MMSG-13992]
AddToCard.c(14): Notify: Saving Parameter "RandCategory = CATS".	[MsgId: MMSG-13798]
AddToCard.c(15): Notify: Parameter Substitution: parameter "RandCategory" =  "CATS"	[MsgId: MMSG-13992]
AddToCard.c(15): Random category selected in Action2 = CATS	[MsgId: MMSG-17999]
AddToCard.c(17): web_reg_find started  	[MsgId: MMSG-26355]
AddToCard.c(17): Notify: Parameter Substitution: parameter "RandCategory" =  "CATS"	[MsgId: MMSG-13992]
AddToCard.c(17): Registering web_reg_find was successful  	[MsgId: MMSG-26390]
AddToCard.c(20): web_reg_save_param_regexp started  	[MsgId: MMSG-26355]
AddToCard.c(20): Registering web_reg_save_param_regexp was successful  	[MsgId: MMSG-26390]
AddToCard.c(27): web_url("Catalog.action_2") started  	[MsgId: MMSG-26355]
AddToCard.c(27): Notify: Parameter Substitution: parameter "RandCategory" =  "CATS"	[MsgId: MMSG-13992]
Starting iteration 2.	[MsgId: MMSG-15968]
Notify: Next row for parameter PetStoreEndtoEndFlow_UserName_1 = 1 [table  = PetStoreEndtoEndFlow_UserName_1].	[MsgId: MMSG-13876]
Notify: Getting new value for parameter 'PetStoreEndtoEndFlow_UserName_1': table = 'UserCredentilas5.dat' column = '0' row = '1'.	[MsgId: MMSG-13877]
Notify: Next row for parameter PetStoreEndtoEndFlow_UserName_2 = 1 [table  = PetStoreEndtoEndFlow_UserName_2].	[MsgId: MMSG-13876]
Notify: Getting new value for parameter 'PetStoreEndtoEndFlow_UserName_2': table = 'UserCredentilas7.dat' column = '0' row = '1'.	[MsgId: MMSG-13877]
Notify: Next row for parameter UserName = 1 [table  = UserName].	[MsgId: MMSG-13876]
Notify: Getting new value for parameter 'UserName': table = 'UserCredentilas.dat' column = '0' row = '1'.	[MsgId: MMSG-13877]
Notify: Next row for parameter PetStoreEndtoEndFlow_UserName = 1 [table  = PetStoreEndtoEndFlow_UserName].	[MsgId: MMSG-13876]
Notify: Getting new value for parameter 'PetStoreEndtoEndFlow_UserName': table = 'UserCredentilas2.dat' column = '0' row = '1'.	[MsgId: MMSG-13877]
Notify: Next row for parameter PetStoreEndtoEndFlow_pass_1 = 1 [table  = PetStoreEndtoEndFlow_pass_1].	[MsgId: MMSG-13876]
Notify: Getting new value for parameter 'PetStoreEndtoEndFlow_pass_1': table = 'UserCredentilas6.dat' column = '0' row = '1'.	[MsgId: MMSG-13877]
Notify: Next row for parameter PetStoreEndtoEndFlow_pass_2 = 1 [table  = PetStoreEndtoEndFlow_pass_2].	[MsgId: MMSG-13876]
Notify: Getting new value for parameter 'PetStoreEndtoEndFlow_pass_2': table = 'UserCredentilas8.dat' column = '0' row = '1'.	[MsgId: MMSG-13877]
Notify: Next row for parameter pass = 1 [table  = pass].	[MsgId: MMSG-13876]
Notify: Getting new value for parameter 'pass': table = 'UserCredentilas.dat' column = '0' row = '1'.	[MsgId: MMSG-13877]
Notify: Next row for parameter PetStoreEndtoEndFlow_pass = 1 [table  = PetStoreEndtoEndFlow_pass].	[MsgId: MMSG-13876]
Notify: Getting new value for parameter 'PetStoreEndtoEndFlow_pass': table = 'UserCredentilas4.dat' column = '0' row = '1'.	[MsgId: MMSG-13877]
Starting action Login.	[MsgId: MMSG-15919]
Registration.c(15): Notify: Transaction "PetStore_ClickOnRegistration_T01" started.	[MsgId: MMSG-16999]
Registration.c(17): web_reg_find started  	[MsgId: MMSG-26355]
Registration.c(17): Registering web_reg_find was successful  	[MsgId: MMSG-26390]
Registration.c(20): web_link("Register Now!") started  	[MsgId: MMSG-26355]
Registration.c(20): Error -27985: There is no context for HTML-based functions. A previous function may not have used "Mode=HTML" or downloaded only non-HTML page(s), or the context has been reset (e.g., due to a GUI-based function)  	[MsgId: MERR-27985]
Registration.c(20): Warning -26379: Pending web_reg_save_param/web_reg_find/web_create_html_param/web_create_html_param_ex request(s) are deleted and will be handled as "not found"  	[MsgId: MWAR-26379]
Registration.c(20): Error -26366: "Text=User Information" not found for web_reg_find  	[MsgId: MERR-26366]
Registration.c(20): Error -26374: The above "not found" error(s) may be explained by header and body byte counts being 0 and 0, respectively.  	[MsgId: MERR-26374]
Registration.c(20): web_link("Register Now!") highest severity level was "ERROR", 0 body bytes, 0 header bytes  	[MsgId: MMSG-26388]
Registration.c(20): Notify: Transaction "PetStore_ClickOnRegistration_T01" ended with a "Fail" status (Duration: 0.0014).	[MsgId: MMSG-16873]
Registration.c(20): Notify: Transaction "PetStore_ClickOnRegistration_T01" has 3 error message(s).	[MsgId: MMSG-16818]
Registration.c(20): Notify: The 1st error message associated with transaction "PetStore_ClickOnRegistration_T01" is "Error -27985: There is no context for HTML-based functions. A previous function may not have used "Mode=HTML" or downloaded only non-HTML page(s), or the context has been reset (e.g., due to a GUI-based function)"	[MsgId: MMSG-16819]
Registration.c(20): Notify: The 2nd error message associated with transaction "PetStore_ClickOnRegistration_T01" is "Error -26366: "Text=User Information" not found for web_reg_find"	[MsgId: MMSG-16819]
Registration.c(20): Notify: The 3rd error message associated with transaction "PetStore_ClickOnRegistration_T01" is "Error -26374: The above "not found" error(s) may be explained by header and body byte counts being 0 and 0, respectively."	[MsgId: MMSG-16819]
Ending action Login.	[MsgId: MMSG-15918]
Ending iteration 2.	[MsgId: MMSG-15965]
Waiting 8.1450 seconds for iteration pacing.	[MsgId: MMSG-15996]
AddToCard.c(27): Resource "https://petstore.octoperf.com/css/jpetstore.css" is in the cache already and will not be downloaded again  	[MsgId: MMSG-26655]
AddToCard.c(27): Resource "https://petstore.octoperf.com/images/logo-topbar.svg" is in the cache already and will not be downloaded again  	[MsgId: MMSG-26655]
AddToCard.c(27): Resource "https://petstore.octoperf.com/images/cart.gif" is in the cache already and will not be downloaded again  	[MsgId: MMSG-26655]
AddToCard.c(27): Resource "https://petstore.octoperf.com/images/separator.gif" is in the cache already and will not be downloaded again  	[MsgId: MMSG-26655]
AddToCard.c(27): Resource "https://petstore.octoperf.com/images/sm_fish.gif" is in the cache already and will not be downloaded again  	[MsgId: MMSG-26655]
AddToCard.c(27): Resource "https://petstore.octoperf.com/images/sm_dogs.gif" is in the cache already and will not be downloaded again  	[MsgId: MMSG-26655]
AddToCard.c(27): Resource "https://petstore.octoperf.com/images/sm_reptiles.gif" is in the cache already and will not be downloaded again  	[MsgId: MMSG-26655]
AddToCard.c(27): Resource "https://petstore.octoperf.com/images/sm_cats.gif" is in the cache already and will not be downloaded again  	[MsgId: MMSG-26655]
AddToCard.c(27): Resource "https://petstore.octoperf.com/images/sm_birds.gif" is in the cache already and will not be downloaded again  	[MsgId: MMSG-26655]
AddToCard.c(27): Resource "https://petstore.octoperf.com/images/banner_fish.gif" is in the cache already and will not be downloaded again  	[MsgId: MMSG-26655]
AddToCard.c(27): Notify: Saving Parameter "productId_1 = FL-DSH-01".	[MsgId: MMSG-13798]
AddToCard.c(27): Notify: Saving Parameter "productId_2 = FL-DLH-02".	[MsgId: MMSG-13798]
AddToCard.c(27): Notify: Saving Parameter "productId_count = 2".	[MsgId: MMSG-13798]
AddToCard.c(27): Registered web_reg_find successful for "Text=CATS" (count=1)  	[MsgId: MMSG-26364]
AddToCard.c(27): web_url("Catalog.action_2") was successful, 3621 body bytes, 225 header bytes  	[MsgId: MMSG-26386]
AddToCard.c(36): Notify: Transaction "PetStore_AddAproduct_T01" ended with a "Pass" status (Duration: 0.1262 Wasted Time: 0.0002).	[MsgId: MMSG-16871]
AddToCard.c(38): lr_think_time: 3.58 seconds (recorded think time was 5.00 seconds).	[MsgId: MMSG-15947]
Registration.c(109): Notify: Transaction "PetStore_SignOut_T03" started.	[MsgId: MMSG-16999]
Registration.c(111): web_reg_find started  	[MsgId: MMSG-26355]
Registration.c(111): Registering web_reg_find was successful  	[MsgId: MMSG-26390]
Registration.c(114): web_url("Account.action_2") started  	[MsgId: MMSG-26355]
AddToCard.c(40): Notify: Transaction "PetStore_SelectProductId_T02" started.	[MsgId: MMSG-16999]
AddToCard.c(43): Notify: Parameter Substitution: parameter "productId_count" =  "2"	[MsgId: MMSG-13992]
AddToCard.c(44): Notify: Parameter Substitution: parameter "productId_1" =  "FL-DSH-01"	[MsgId: MMSG-13992]
AddToCard.c(46): Notify: Saving Parameter "RandproductId = FL-DSH-01".	[MsgId: MMSG-13798]
AddToCard.c(47): Notify: Parameter Substitution: parameter "RandproductId" =  "FL-DSH-01"	[MsgId: MMSG-13992]
AddToCard.c(47): Random category selected in Action2 = FL-DSH-01	[MsgId: MMSG-17999]
AddToCard.c(49): web_reg_find started  	[MsgId: MMSG-26355]
AddToCard.c(49): Notify: Parameter Substitution: parameter "RandproductId" =  "FL-DSH-01"	[MsgId: MMSG-13992]
AddToCard.c(49): Registering web_reg_find was successful  	[MsgId: MMSG-26390]
AddToCard.c(51): web_reg_save_param_regexp started  	[MsgId: MMSG-26355]
AddToCard.c(51): Registering web_reg_save_param_regexp was successful  	[MsgId: MMSG-26390]
AddToCard.c(58): web_link("{RandproductId}") started  	[MsgId: MMSG-26355]
AddToCard.c(58): Notify: Parameter Substitution: parameter "RandproductId" =  "FL-DSH-01"	[MsgId: MMSG-13992]
AddToCard.c(58): Linking to "https://petstore.octoperf.com/actions/Catalog.action?viewProduct=&productId=FL-DSH-01", Target Frame=""  	[MsgId: MMSG-27994]
Registration.c(114): Redirecting "https://petstore.octoperf.com/actions/Account.action?signoff=" (redirection depth is 0)  	[MsgId: MMSG-26694]
Registration.c(114): To location "https://petstore.octoperf.com/actions/Catalog.action"  	[MsgId: MMSG-26693]
AddToCard.c(58): Resource "https://petstore.octoperf.com/css/jpetstore.css" is in the cache already and will not be downloaded again  	[MsgId: MMSG-26655]
AddToCard.c(58): Resource "https://petstore.octoperf.com/images/logo-topbar.svg" is in the cache already and will not be downloaded again  	[MsgId: MMSG-26655]
AddToCard.c(58): Resource "https://petstore.octoperf.com/images/cart.gif" is in the cache already and will not be downloaded again  	[MsgId: MMSG-26655]
AddToCard.c(58): Resource "https://petstore.octoperf.com/images/separator.gif" is in the cache already and will not be downloaded again  	[MsgId: MMSG-26655]
AddToCard.c(58): Resource "https://petstore.octoperf.com/images/sm_fish.gif" is in the cache already and will not be downloaded again  	[MsgId: MMSG-26655]
AddToCard.c(58): Resource "https://petstore.octoperf.com/images/sm_dogs.gif" is in the cache already and will not be downloaded again  	[MsgId: MMSG-26655]
AddToCard.c(58): Resource "https://petstore.octoperf.com/images/sm_reptiles.gif" is in the cache already and will not be downloaded again  	[MsgId: MMSG-26655]
AddToCard.c(58): Resource "https://petstore.octoperf.com/images/sm_cats.gif" is in the cache already and will not be downloaded again  	[MsgId: MMSG-26655]
AddToCard.c(58): Resource "https://petstore.octoperf.com/images/sm_birds.gif" is in the cache already and will not be downloaded again  	[MsgId: MMSG-26655]
AddToCard.c(58): Resource "https://petstore.octoperf.com/images/banner_fish.gif" is in the cache already and will not be downloaded again  	[MsgId: MMSG-26655]
AddToCard.c(58): Notify: Saving Parameter "itemId_1 = EST-14".	[MsgId: MMSG-13798]
AddToCard.c(58): Notify: Saving Parameter "itemId_2 = EST-15".	[MsgId: MMSG-13798]
AddToCard.c(58): Notify: Saving Parameter "itemId_count = 2".	[MsgId: MMSG-13798]
AddToCard.c(58): Registered web_reg_find successful for "Text=FL-DSH-01" (count=2)  	[MsgId: MMSG-26364]
AddToCard.c(58): web_link("{RandproductId}") was successful, 4063 body bytes, 225 header bytes  	[MsgId: MMSG-26386]
AddToCard.c(63): Notify: Transaction "PetStore_SelectProductId_T02" ended with a "Pass" status (Duration: 0.1280 Wasted Time: 0.0003).	[MsgId: MMSG-16871]
AddToCard.c(65): lr_think_time: 4.21 seconds (recorded think time was 5.00 seconds).	[MsgId: MMSG-15947]
Registration.c(114): Resource "https://petstore.octoperf.com/css/jpetstore.css" is in the cache already and will not be downloaded again  	[MsgId: MMSG-26655]
Registration.c(114): Resource "https://petstore.octoperf.com/images/logo-topbar.svg" is in the cache already and will not be downloaded again  	[MsgId: MMSG-26655]
Registration.c(114): Resource "https://petstore.octoperf.com/images/cart.gif" is in the cache already and will not be downloaded again  	[MsgId: MMSG-26655]
Registration.c(114): Resource "https://petstore.octoperf.com/images/separator.gif" is in the cache already and will not be downloaded again  	[MsgId: MMSG-26655]
Registration.c(114): Resource "https://petstore.octoperf.com/images/sm_fish.gif" is in the cache already and will not be downloaded again  	[MsgId: MMSG-26655]
Registration.c(114): Resource "https://petstore.octoperf.com/images/sm_dogs.gif" is in the cache already and will not be downloaded again  	[MsgId: MMSG-26655]
Registration.c(114): Resource "https://petstore.octoperf.com/images/sm_reptiles.gif" is in the cache already and will not be downloaded again  	[MsgId: MMSG-26655]
Registration.c(114): Resource "https://petstore.octoperf.com/images/sm_cats.gif" is in the cache already and will not be downloaded again  	[MsgId: MMSG-26655]
Registration.c(114): Resource "https://petstore.octoperf.com/images/sm_birds.gif" is in the cache already and will not be downloaded again  	[MsgId: MMSG-26655]
Registration.c(114): Resource "https://petstore.octoperf.com/images/fish_icon.gif" is in the cache already and will not be downloaded again  	[MsgId: MMSG-26655]
Registration.c(114): Resource "https://petstore.octoperf.com/images/dogs_icon.gif" is in the cache already and will not be downloaded again  	[MsgId: MMSG-26655]
Registration.c(114): Resource "https://petstore.octoperf.com/images/cats_icon.gif" is in the cache already and will not be downloaded again  	[MsgId: MMSG-26655]
Registration.c(114): Resource "https://petstore.octoperf.com/images/reptiles_icon.gif" is in the cache already and will not be downloaded again  	[MsgId: MMSG-26655]
Registration.c(114): Resource "https://petstore.octoperf.com/images/birds_icon.gif" is in the cache already and will not be downloaded again  	[MsgId: MMSG-26655]
Registration.c(114): Resource "https://petstore.octoperf.com/images/splash.gif" is in the cache already and will not be downloaded again  	[MsgId: MMSG-26655]
Registration.c(114): Registered web_reg_find successful for "Text=Sign In" (count=1)  	[MsgId: MMSG-26364]
Registration.c(114): web_url("Account.action_2") was successful, 4736 body bytes, 518 header bytes  	[MsgId: MMSG-26386]
Registration.c(123): Notify: Transaction "PetStore_SignOut_T03" ended with a "Pass" status (Duration: 0.2492 Wasted Time: 0.0000).	[MsgId: MMSG-16871]
Login.c(4): Notify: Transaction "PetStore_ClickOnSignIn_T01" started.	[MsgId: MMSG-16999]
Login.c(6): web_reg_find started  	[MsgId: MMSG-26355]
Login.c(6): Registering web_reg_find was successful  	[MsgId: MMSG-26390]
Login.c(9): web_link("Sign In") started  	[MsgId: MMSG-26355]
Login.c(9): Linking to "https://petstore.octoperf.com/actions/Account.action?signonForm=", Target Frame=""  	[MsgId: MMSG-27994]
Login.c(9): Resource "https://petstore.octoperf.com/css/jpetstore.css" is in the cache already and will not be downloaded again  	[MsgId: MMSG-26655]
Login.c(9): Resource "https://petstore.octoperf.com/images/logo-topbar.svg" is in the cache already and will not be downloaded again  	[MsgId: MMSG-26655]
Login.c(9): Resource "https://petstore.octoperf.com/images/cart.gif" is in the cache already and will not be downloaded again  	[MsgId: MMSG-26655]
Login.c(9): Resource "https://petstore.octoperf.com/images/separator.gif" is in the cache already and will not be downloaded again  	[MsgId: MMSG-26655]
Login.c(9): Resource "https://petstore.octoperf.com/images/sm_fish.gif" is in the cache already and will not be downloaded again  	[MsgId: MMSG-26655]
Login.c(9): Resource "https://petstore.octoperf.com/images/sm_dogs.gif" is in the cache already and will not be downloaded again  	[MsgId: MMSG-26655]
Login.c(9): Resource "https://petstore.octoperf.com/images/sm_reptiles.gif" is in the cache already and will not be downloaded again  	[MsgId: MMSG-26655]
Login.c(9): Resource "https://petstore.octoperf.com/images/sm_cats.gif" is in the cache already and will not be downloaded again  	[MsgId: MMSG-26655]
Login.c(9): Resource "https://petstore.octoperf.com/images/sm_birds.gif" is in the cache already and will not be downloaded again  	[MsgId: MMSG-26655]
Login.c(9): Registered web_reg_find successful for "Text=Please enter your username and password" (count=1)  	[MsgId: MMSG-26364]
Login.c(9): web_link("Sign In") was successful, 3858 body bytes, 225 header bytes  	[MsgId: MMSG-26386]
Login.c(13): Notify: Transaction "PetStore_ClickOnSignIn_T01" ended with a "Pass" status (Duration: 0.1254 Wasted Time: 0.0000).	[MsgId: MMSG-16871]
Login.c(15): lr_think_time: 2.70 seconds (recorded think time was 5.00 seconds).	[MsgId: MMSG-15947]
UpdateCart.c(23): Notify: Transaction "PetStore_UpdateCart_T02" started.	[MsgId: MMSG-16999]
UpdateCart.c(28): Notify: Saving Parameter "RandQty = 8".	[MsgId: MMSG-13798]
UpdateCart.c(30): Notify: Parameter Substitution: parameter "RandQty" =  "8"	[MsgId: MMSG-13992]
UpdateCart.c(30): Random Quantity selected = 8	[MsgId: MMSG-17999]
UpdateCart.c(32): web_submit_form("Cart.action_2") started  	[MsgId: MMSG-26355]
UpdateCart.c(32): Notify: Parameter Substitution: parameter "RanditemId" =  "EST-12"	[MsgId: MMSG-13992]
UpdateCart.c(32): Submitting form to "https://petstore.octoperf.com/actions/Cart.action", Target Frame=""  	[MsgId: MMSG-27978]
UpdateCart.c(32): Resource "https://petstore.octoperf.com/css/jpetstore.css" is in the cache already and will not be downloaded again  	[MsgId: MMSG-26655]
UpdateCart.c(32): Resource "https://petstore.octoperf.com/images/logo-topbar.svg" is in the cache already and will not be downloaded again  	[MsgId: MMSG-26655]
UpdateCart.c(32): Resource "https://petstore.octoperf.com/images/cart.gif" is in the cache already and will not be downloaded again  	[MsgId: MMSG-26655]
UpdateCart.c(32): Resource "https://petstore.octoperf.com/images/separator.gif" is in the cache already and will not be downloaded again  	[MsgId: MMSG-26655]
UpdateCart.c(32): Resource "https://petstore.octoperf.com/images/sm_fish.gif" is in the cache already and will not be downloaded again  	[MsgId: MMSG-26655]
UpdateCart.c(32): Resource "https://petstore.octoperf.com/images/sm_dogs.gif" is in the cache already and will not be downloaded again  	[MsgId: MMSG-26655]
UpdateCart.c(32): Resource "https://petstore.octoperf.com/images/sm_reptiles.gif" is in the cache already and will not be downloaded again  	[MsgId: MMSG-26655]
UpdateCart.c(32): Resource "https://petstore.octoperf.com/images/sm_cats.gif" is in the cache already and will not be downloaded again  	[MsgId: MMSG-26655]
UpdateCart.c(32): Resource "https://petstore.octoperf.com/images/sm_birds.gif" is in the cache already and will not be downloaded again  	[MsgId: MMSG-26655]
UpdateCart.c(32): Resource "https://petstore.octoperf.com/images/banner_fish.gif" is in the cache already and will not be downloaded again  	[MsgId: MMSG-26655]
UpdateCart.c(32): web_submit_form("Cart.action_2") was successful, 4638 body bytes, 225 header bytes  	[MsgId: MMSG-26386]
UpdateCart.c(39): web_reg_find started  	[MsgId: MMSG-26355]
UpdateCart.c(39): Notify: Parameter Substitution: parameter "RandQty" =  "8"	[MsgId: MMSG-13992]
UpdateCart.c(39): Registering web_reg_find was successful  	[MsgId: MMSG-26390]
UpdateCart.c(41): web_submit_form("Cart.action_3") started  	[MsgId: MMSG-26355]
UpdateCart.c(41): Notify: Parameter Substitution: parameter "RanditemId" =  "EST-12"	[MsgId: MMSG-13992]
UpdateCart.c(41): Notify: Parameter Substitution: parameter "RandQty" =  "8"	[MsgId: MMSG-13992]
UpdateCart.c(41): Submitting form to "https://petstore.octoperf.com/actions/Cart.action", Target Frame=""  	[MsgId: MMSG-27978]
UpdateCart.c(41): Resource "https://petstore.octoperf.com/css/jpetstore.css" is in the cache already and will not be downloaded again  	[MsgId: MMSG-26655]
UpdateCart.c(41): Resource "https://petstore.octoperf.com/images/logo-topbar.svg" is in the cache already and will not be downloaded again  	[MsgId: MMSG-26655]
UpdateCart.c(41): Resource "https://petstore.octoperf.com/images/cart.gif" is in the cache already and will not be downloaded again  	[MsgId: MMSG-26655]
UpdateCart.c(41): Resource "https://petstore.octoperf.com/images/separator.gif" is in the cache already and will not be downloaded again  	[MsgId: MMSG-26655]
UpdateCart.c(41): Resource "https://petstore.octoperf.com/images/sm_fish.gif" is in the cache already and will not be downloaded again  	[MsgId: MMSG-26655]
UpdateCart.c(41): Resource "https://petstore.octoperf.com/images/sm_dogs.gif" is in the cache already and will not be downloaded again  	[MsgId: MMSG-26655]
UpdateCart.c(41): Resource "https://petstore.octoperf.com/images/sm_reptiles.gif" is in the cache already and will not be downloaded again  	[MsgId: MMSG-26655]
UpdateCart.c(41): Resource "https://petstore.octoperf.com/images/sm_cats.gif" is in the cache already and will not be downloaded again  	[MsgId: MMSG-26655]
UpdateCart.c(41): Resource "https://petstore.octoperf.com/images/sm_birds.gif" is in the cache already and will not be downloaded again  	[MsgId: MMSG-26655]
UpdateCart.c(41): Resource "https://petstore.octoperf.com/images/banner_fish.gif" is in the cache already and will not be downloaded again  	[MsgId: MMSG-26655]
UpdateCart.c(41): Registered web_reg_find successful for "Text=8" (count=7)  	[MsgId: MMSG-26364]
UpdateCart.c(41): web_submit_form("Cart.action_3") was successful, 4640 body bytes, 225 header bytes  	[MsgId: MMSG-26386]
UpdateCart.c(48): Notify: Transaction "PetStore_UpdateCart_T02" ended with a "Pass" status (Duration: 0.4993 Wasted Time: 0.0000).	[MsgId: MMSG-16871]
Ending action UpdateCart.	[MsgId: MMSG-15918]
Ending iteration 1.	[MsgId: MMSG-15965]
Waiting 6.5380 seconds for iteration pacing.	[MsgId: MMSG-15996]
Starting iteration 7.	[MsgId: MMSG-15968]
Notify: Next row for parameter PetStoreEndtoEndFlow_UserName_1 = 1 [table  = PetStoreEndtoEndFlow_UserName_1].	[MsgId: MMSG-13876]
Notify: Getting new value for parameter 'PetStoreEndtoEndFlow_UserName_1': table = 'UserCredentilas5.dat' column = '0' row = '1'.	[MsgId: MMSG-13877]
Notify: Next row for parameter PetStoreEndtoEndFlow_UserName_2 = 1 [table  = PetStoreEndtoEndFlow_UserName_2].	[MsgId: MMSG-13876]
Notify: Getting new value for parameter 'PetStoreEndtoEndFlow_UserName_2': table = 'UserCredentilas7.dat' column = '0' row = '1'.	[MsgId: MMSG-13877]
Notify: Next row for parameter UserName = 1 [table  = UserName].	[MsgId: MMSG-13876]
Notify: Getting new value for parameter 'UserName': table = 'UserCredentilas.dat' column = '0' row = '1'.	[MsgId: MMSG-13877]
Notify: Next row for parameter PetStoreEndtoEndFlow_UserName = 1 [table  = PetStoreEndtoEndFlow_UserName].	[MsgId: MMSG-13876]
Notify: Getting new value for parameter 'PetStoreEndtoEndFlow_UserName': table = 'UserCredentilas2.dat' column = '0' row = '1'.	[MsgId: MMSG-13877]
Notify: Next row for parameter PetStoreEndtoEndFlow_pass_1 = 1 [table  = PetStoreEndtoEndFlow_pass_1].	[MsgId: MMSG-13876]
Notify: Getting new value for parameter 'PetStoreEndtoEndFlow_pass_1': table = 'UserCredentilas6.dat' column = '0' row = '1'.	[MsgId: MMSG-13877]
Notify: Next row for parameter PetStoreEndtoEndFlow_pass_2 = 1 [table  = PetStoreEndtoEndFlow_pass_2].	[MsgId: MMSG-13876]
Notify: Getting new value for parameter 'PetStoreEndtoEndFlow_pass_2': table = 'UserCredentilas8.dat' column = '0' row = '1'.	[MsgId: MMSG-13877]
Notify: Next row for parameter pass = 1 [table  = pass].	[MsgId: MMSG-13876]
Notify: Getting new value for parameter 'pass': table = 'UserCredentilas.dat' column = '0' row = '1'.	[MsgId: MMSG-13877]
Notify: Next row for parameter PetStoreEndtoEndFlow_pass = 1 [table  = PetStoreEndtoEndFlow_pass].	[MsgId: MMSG-13876]
Notify: Getting new value for parameter 'PetStoreEndtoEndFlow_pass': table = 'UserCredentilas4.dat' column = '0' row = '1'.	[MsgId: MMSG-13877]
Starting action Login.	[MsgId: MMSG-15919]
Registration.c(15): Notify: Transaction "PetStore_ClickOnRegistration_T01" started.	[MsgId: MMSG-16999]
Registration.c(17): web_reg_find started  	[MsgId: MMSG-26355]
Registration.c(17): Registering web_reg_find was successful  	[MsgId: MMSG-26390]
Registration.c(20): web_link("Register Now!") started  	[MsgId: MMSG-26355]
Registration.c(20): Error -27985: There is no context for HTML-based functions. A previous function may not have used "Mode=HTML" or downloaded only non-HTML page(s), or the context has been reset (e.g., due to a GUI-based function)  	[MsgId: MERR-27985]
Registration.c(20): Warning -26379: Pending web_reg_save_param/web_reg_find/web_create_html_param/web_create_html_param_ex request(s) are deleted and will be handled as "not found"  	[MsgId: MWAR-26379]
Registration.c(20): Error -26366: "Text=User Information" not found for web_reg_find  	[MsgId: MERR-26366]
Registration.c(20): Error -26374: The above "not found" error(s) may be explained by header and body byte counts being 0 and 0, respectively.  	[MsgId: MERR-26374]
Registration.c(20): web_link("Register Now!") highest severity level was "ERROR", 0 body bytes, 0 header bytes  	[MsgId: MMSG-26388]
Registration.c(20): Notify: Transaction "PetStore_ClickOnRegistration_T01" ended with a "Fail" status (Duration: 0.0016).	[MsgId: MMSG-16873]
Registration.c(20): Notify: Transaction "PetStore_ClickOnRegistration_T01" has 3 error message(s).	[MsgId: MMSG-16818]
Registration.c(20): Notify: The 1st error message associated with transaction "PetStore_ClickOnRegistration_T01" is "Error -27985: There is no context for HTML-based functions. A previous function may not have used "Mode=HTML" or downloaded only non-HTML page(s), or the context has been reset (e.g., due to a GUI-based function)"	[MsgId: MMSG-16819]
Registration.c(20): Notify: The 2nd error message associated with transaction "PetStore_ClickOnRegistration_T01" is "Error -26366: "Text=User Information" not found for web_reg_find"	[MsgId: MMSG-16819]
Registration.c(20): Notify: The 3rd error message associated with transaction "PetStore_ClickOnRegistration_T01" is "Error -26374: The above "not found" error(s) may be explained by header and body byte counts being 0 and 0, respectively."	[MsgId: MMSG-16819]
Ending action Login.	[MsgId: MMSG-15918]
Ending iteration 7.	[MsgId: MMSG-15965]
Waiting 9.2350 seconds for iteration pacing.	[MsgId: MMSG-15996]
AddToCard.c(88): Notify: Transaction "PetStore_AddToCard_T04" started.	[MsgId: MMSG-16999]
AddToCard.c(90): web_reg_find started  	[MsgId: MMSG-26355]
AddToCard.c(90): Registering web_reg_find was successful  	[MsgId: MMSG-26390]
AddToCard.c(94): web_link("Add to Cart") started  	[MsgId: MMSG-26355]
AddToCard.c(94): Linking to "https://petstore.octoperf.com/actions/Cart.action?addItemToCart=&workingItemId=EST-12", Target Frame=""  	[MsgId: MMSG-27994]
AddToCard.c(94): Resource "https://petstore.octoperf.com/css/jpetstore.css" is in the cache already and will not be downloaded again  	[MsgId: MMSG-26655]
AddToCard.c(94): Resource "https://petstore.octoperf.com/images/logo-topbar.svg" is in the cache already and will not be downloaded again  	[MsgId: MMSG-26655]
AddToCard.c(94): Resource "https://petstore.octoperf.com/images/cart.gif" is in the cache already and will not be downloaded again  	[MsgId: MMSG-26655]
AddToCard.c(94): Resource "https://petstore.octoperf.com/images/separator.gif" is in the cache already and will not be downloaded again  	[MsgId: MMSG-26655]
AddToCard.c(94): Resource "https://petstore.octoperf.com/images/sm_fish.gif" is in the cache already and will not be downloaded again  	[MsgId: MMSG-26655]
AddToCard.c(94): Resource "https://petstore.octoperf.com/images/sm_dogs.gif" is in the cache already and will not be downloaded again  	[MsgId: MMSG-26655]
AddToCard.c(94): Resource "https://petstore.octoperf.com/images/sm_reptiles.gif" is in the cache already and will not be downloaded again  	[MsgId: MMSG-26655]
AddToCard.c(94): Resource "https://petstore.octoperf.com/images/sm_cats.gif" is in the cache already and will not be downloaded again  	[MsgId: MMSG-26655]
AddToCard.c(94): Resource "https://petstore.octoperf.com/images/sm_birds.gif" is in the cache already and will not be downloaded again  	[MsgId: MMSG-26655]
AddToCard.c(94): Resource "https://petstore.octoperf.com/images/banner_fish.gif" is in the cache already and will not be downloaded again  	[MsgId: MMSG-26655]
AddToCard.c(94): Registered web_reg_find successful for "Text=Shopping Cart" (count=1)  	[MsgId: MMSG-26364]
AddToCard.c(94): web_link("Add to Cart") was successful, 4638 body bytes, 225 header bytes  	[MsgId: MMSG-26386]
AddToCard.c(99): Notify: Transaction "PetStore_AddToCard_T04" ended with a "Pass" status (Duration: 0.1296 Wasted Time: 0.0000).	[MsgId: MMSG-16871]
Ending action AddToCard.	[MsgId: MMSG-15918]
Starting action UpdateCart.	[MsgId: MMSG-15919]
UpdateCart.c(4): Notify: Transaction "PetStore_ClickOnViewcart_T01" started.	[MsgId: MMSG-16999]
UpdateCart.c(6): web_reg_find started  	[MsgId: MMSG-26355]
UpdateCart.c(6): Registering web_reg_find was successful  	[MsgId: MMSG-26390]
UpdateCart.c(9): web_url("Cart.action") started  	[MsgId: MMSG-26355]
UpdateCart.c(9): Resource "https://petstore.octoperf.com/css/jpetstore.css" is in the cache already and will not be downloaded again  	[MsgId: MMSG-26655]
UpdateCart.c(9): Resource "https://petstore.octoperf.com/images/logo-topbar.svg" is in the cache already and will not be downloaded again  	[MsgId: MMSG-26655]
UpdateCart.c(9): Resource "https://petstore.octoperf.com/images/cart.gif" is in the cache already and will not be downloaded again  	[MsgId: MMSG-26655]
UpdateCart.c(9): Resource "https://petstore.octoperf.com/images/separator.gif" is in the cache already and will not be downloaded again  	[MsgId: MMSG-26655]
UpdateCart.c(9): Resource "https://petstore.octoperf.com/images/sm_fish.gif" is in the cache already and will not be downloaded again  	[MsgId: MMSG-26655]
UpdateCart.c(9): Resource "https://petstore.octoperf.com/images/sm_dogs.gif" is in the cache already and will not be downloaded again  	[MsgId: MMSG-26655]
UpdateCart.c(9): Resource "https://petstore.octoperf.com/images/sm_reptiles.gif" is in the cache already and will not be downloaded again  	[MsgId: MMSG-26655]
UpdateCart.c(9): Resource "https://petstore.octoperf.com/images/sm_cats.gif" is in the cache already and will not be downloaded again  	[MsgId: MMSG-26655]
UpdateCart.c(9): Resource "https://petstore.octoperf.com/images/sm_birds.gif" is in the cache already and will not be downloaded again  	[MsgId: MMSG-26655]
UpdateCart.c(9): Resource "https://petstore.octoperf.com/images/banner_fish.gif" is in the cache already and will not be downloaded again  	[MsgId: MMSG-26655]
UpdateCart.c(9): Registered web_reg_find successful for "Text=Sub Total:" (count=1)  	[MsgId: MMSG-26364]
UpdateCart.c(9): web_url("Cart.action") was successful, 4638 body bytes, 225 header bytes  	[MsgId: MMSG-26386]
UpdateCart.c(19): Notify: Transaction "PetStore_ClickOnViewcart_T01" ended with a "Pass" status (Duration: 0.1275 Wasted Time: 0.0000).	[MsgId: MMSG-16871]
UpdateCart.c(21): lr_think_time: 2.75 seconds (recorded think time was 5.00 seconds).	[MsgId: MMSG-15947]
Login.c(17): Notify: Transaction "PetStore_Login_T01" started.	[MsgId: MMSG-16999]
Login.c(18): web_reg_find started  	[MsgId: MMSG-26355]
Login.c(18): Registering web_reg_find was successful  	[MsgId: MMSG-26390]
Login.c(20): web_reg_save_param_regexp started  	[MsgId: MMSG-26355]
Login.c(20): Registering web_reg_save_param_regexp was successful  	[MsgId: MMSG-26390]
Login.c(26): web_submit_form("Account.action") started  	[MsgId: MMSG-26355]
Login.c(26): Notify: Parameter Substitution: parameter "randomUsername" =  "EIVG"	[MsgId: MMSG-13992]
Login.c(26): Notify: Parameter Substitution: parameter "randompass" =  "bwsg"	[MsgId: MMSG-13992]
Login.c(26): Submitting form to "https://petstore.octoperf.com/actions/Account.action", Target Frame=""  	[MsgId: MMSG-27978]
Starting iteration 7.	[MsgId: MMSG-15968]
Notify: Next row for parameter PetStoreEndtoEndFlow_UserName_1 = 1 [table  = PetStoreEndtoEndFlow_UserName_1].	[MsgId: MMSG-13876]
Notify: Getting new value for parameter 'PetStoreEndtoEndFlow_UserName_1': table = 'UserCredentilas5.dat' column = '0' row = '1'.	[MsgId: MMSG-13877]
Notify: Next row for parameter PetStoreEndtoEndFlow_UserName_2 = 1 [table  = PetStoreEndtoEndFlow_UserName_2].	[MsgId: MMSG-13876]
Notify: Getting new value for parameter 'PetStoreEndtoEndFlow_UserName_2': table = 'UserCredentilas7.dat' column = '0' row = '1'.	[MsgId: MMSG-13877]
Notify: Next row for parameter UserName = 1 [table  = UserName].	[MsgId: MMSG-13876]
Notify: Getting new value for parameter 'UserName': table = 'UserCredentilas.dat' column = '0' row = '1'.	[MsgId: MMSG-13877]
Notify: Next row for parameter PetStoreEndtoEndFlow_UserName = 1 [table  = PetStoreEndtoEndFlow_UserName].	[MsgId: MMSG-13876]
Notify: Getting new value for parameter 'PetStoreEndtoEndFlow_UserName': table = 'UserCredentilas2.dat' column = '0' row = '1'.	[MsgId: MMSG-13877]
Notify: Next row for parameter PetStoreEndtoEndFlow_pass_1 = 1 [table  = PetStoreEndtoEndFlow_pass_1].	[MsgId: MMSG-13876]
Notify: Getting new value for parameter 'PetStoreEndtoEndFlow_pass_1': table = 'UserCredentilas6.dat' column = '0' row = '1'.	[MsgId: MMSG-13877]
Notify: Next row for parameter PetStoreEndtoEndFlow_pass_2 = 1 [table  = PetStoreEndtoEndFlow_pass_2].	[MsgId: MMSG-13876]
Notify: Getting new value for parameter 'PetStoreEndtoEndFlow_pass_2': table = 'UserCredentilas8.dat' column = '0' row = '1'.	[MsgId: MMSG-13877]
Notify: Next row for parameter pass = 1 [table  = pass].	[MsgId: MMSG-13876]
Notify: Getting new value for parameter 'pass': table = 'UserCredentilas.dat' column = '0' row = '1'.	[MsgId: MMSG-13877]
Notify: Next row for parameter PetStoreEndtoEndFlow_pass = 1 [table  = PetStoreEndtoEndFlow_pass].	[MsgId: MMSG-13876]
Notify: Getting new value for parameter 'PetStoreEndtoEndFlow_pass': table = 'UserCredentilas4.dat' column = '0' row = '1'.	[MsgId: MMSG-13877]
Starting action Login.	[MsgId: MMSG-15919]
Registration.c(15): Notify: Transaction "PetStore_ClickOnRegistration_T01" started.	[MsgId: MMSG-16999]
Registration.c(17): web_reg_find started  	[MsgId: MMSG-26355]
Registration.c(17): Registering web_reg_find was successful  	[MsgId: MMSG-26390]
Registration.c(20): web_link("Register Now!") started  	[MsgId: MMSG-26355]
Registration.c(20): Error -27985: There is no context for HTML-based functions. A previous function may not have used "Mode=HTML" or downloaded only non-HTML page(s), or the context has been reset (e.g., due to a GUI-based function)  	[MsgId: MERR-27985]
Registration.c(20): Warning -26379: Pending web_reg_save_param/web_reg_find/web_create_html_param/web_create_html_param_ex request(s) are deleted and will be handled as "not found"  	[MsgId: MWAR-26379]
Registration.c(20): Error -26366: "Text=User Information" not found for web_reg_find  	[MsgId: MERR-26366]
Registration.c(20): Error -26374: The above "not found" error(s) may be explained by header and body byte counts being 0 and 0, respectively.  	[MsgId: MERR-26374]
Registration.c(20): web_link("Register Now!") highest severity level was "ERROR", 0 body bytes, 0 header bytes  	[MsgId: MMSG-26388]
Registration.c(20): Notify: Transaction "PetStore_ClickOnRegistration_T01" ended with a "Fail" status (Duration: 0.0011).	[MsgId: MMSG-16873]
Registration.c(20): Notify: Transaction "PetStore_ClickOnRegistration_T01" has 3 error message(s).	[MsgId: MMSG-16818]
Registration.c(20): Notify: The 1st error message associated with transaction "PetStore_ClickOnRegistration_T01" is "Error -27985: There is no context for HTML-based functions. A previous function may not have used "Mode=HTML" or downloaded only non-HTML page(s), or the context has been reset (e.g., due to a GUI-based function)"	[MsgId: MMSG-16819]
Registration.c(20): Notify: The 2nd error message associated with transaction "PetStore_ClickOnRegistration_T01" is "Error -26366: "Text=User Information" not found for web_reg_find"	[MsgId: MMSG-16819]
Registration.c(20): Notify: The 3rd error message associated with transaction "PetStore_ClickOnRegistration_T01" is "Error -26374: The above "not found" error(s) may be explained by header and body byte counts being 0 and 0, respectively."	[MsgId: MMSG-16819]
Ending action Login.	[MsgId: MMSG-15918]
Ending iteration 7.	[MsgId: MMSG-15965]
Waiting 7.1820 seconds for iteration pacing.	[MsgId: MMSG-15996]
Login.c(26): Redirecting "https://petstore.octoperf.com/actions/Account.action" (redirection depth is 0)  	[MsgId: MMSG-26694]
Login.c(26): To location "https://petstore.octoperf.com/actions/Catalog.action"  	[MsgId: MMSG-26693]
Login.c(26): Resource "https://petstore.octoperf.com/css/jpetstore.css" is in the cache already and will not be downloaded again  	[MsgId: MMSG-26655]
Login.c(26): Resource "https://petstore.octoperf.com/images/logo-topbar.svg" is in the cache already and will not be downloaded again  	[MsgId: MMSG-26655]
Login.c(26): Resource "https://petstore.octoperf.com/images/cart.gif" is in the cache already and will not be downloaded again  	[MsgId: MMSG-26655]
Login.c(26): Resource "https://petstore.octoperf.com/images/separator.gif" is in the cache already and will not be downloaded again  	[MsgId: MMSG-26655]
Login.c(26): Resource "https://petstore.octoperf.com/images/sm_fish.gif" is in the cache already and will not be downloaded again  	[MsgId: MMSG-26655]
Login.c(26): Resource "https://petstore.octoperf.com/images/sm_dogs.gif" is in the cache already and will not be downloaded again  	[MsgId: MMSG-26655]
Login.c(26): Resource "https://petstore.octoperf.com/images/sm_reptiles.gif" is in the cache already and will not be downloaded again  	[MsgId: MMSG-26655]
Login.c(26): Resource "https://petstore.octoperf.com/images/sm_cats.gif" is in the cache already and will not be downloaded again  	[MsgId: MMSG-26655]
Login.c(26): Resource "https://petstore.octoperf.com/images/sm_birds.gif" is in the cache already and will not be downloaded again  	[MsgId: MMSG-26655]
Login.c(26): Resource "https://petstore.octoperf.com/images/fish_icon.gif" is in the cache already and will not be downloaded again  	[MsgId: MMSG-26655]
Login.c(26): Resource "https://petstore.octoperf.com/images/dogs_icon.gif" is in the cache already and will not be downloaded again  	[MsgId: MMSG-26655]
Login.c(26): Resource "https://petstore.octoperf.com/images/cats_icon.gif" is in the cache already and will not be downloaded again  	[MsgId: MMSG-26655]
Login.c(26): Resource "https://petstore.octoperf.com/images/reptiles_icon.gif" is in the cache already and will not be downloaded again  	[MsgId: MMSG-26655]
Login.c(26): Resource "https://petstore.octoperf.com/images/birds_icon.gif" is in the cache already and will not be downloaded again  	[MsgId: MMSG-26655]
Login.c(26): Resource "https://petstore.octoperf.com/images/splash.gif" is in the cache already and will not be downloaded again  	[MsgId: MMSG-26655]
Login.c(26): Found resource "https://petstore.octoperf.com/images/banner_fish.gif" in HTML "https://petstore.octoperf.com/actions/Catalog.action"  	[MsgId: MMSG-26659]
Login.c(26): Notify: Saving Parameter "ProductName_1 = BIRDS".	[MsgId: MMSG-13798]
Login.c(26): Notify: Saving Parameter "ProductName_2 = FISH".	[MsgId: MMSG-13798]
Login.c(26): Notify: Saving Parameter "ProductName_3 = DOGS".	[MsgId: MMSG-13798]
Login.c(26): Notify: Saving Parameter "ProductName_4 = REPTILES".	[MsgId: MMSG-13798]
Login.c(26): Notify: Saving Parameter "ProductName_5 = CATS".	[MsgId: MMSG-13798]
Login.c(26): Notify: Saving Parameter "ProductName_6 = BIRDS".	[MsgId: MMSG-13798]
AddToCard.c(40): Notify: Transaction "PetStore_SelectProductId_T02" started.	[MsgId: MMSG-16999]
AddToCard.c(43): Notify: Parameter Substitution: parameter "productId_count" =  "2"	[MsgId: MMSG-13992]
AddToCard.c(44): Notify: Parameter Substitution: parameter "productId_1" =  "FL-DSH-01"	[MsgId: MMSG-13992]
AddToCard.c(46): Notify: Saving Parameter "RandproductId = FL-DSH-01".	[MsgId: MMSG-13798]
AddToCard.c(47): Notify: Parameter Substitution: parameter "RandproductId" =  "FL-DSH-01"	[MsgId: MMSG-13992]
AddToCard.c(47): Random category selected in Action2 = FL-DSH-01	[MsgId: MMSG-17999]
AddToCard.c(49): web_reg_find started  	[MsgId: MMSG-26355]
AddToCard.c(49): Notify: Parameter Substitution: parameter "RandproductId" =  "FL-DSH-01"	[MsgId: MMSG-13992]
AddToCard.c(49): Registering web_reg_find was successful  	[MsgId: MMSG-26390]
AddToCard.c(51): web_reg_save_param_regexp started  	[MsgId: MMSG-26355]
AddToCard.c(51): Registering web_reg_save_param_regexp was successful  	[MsgId: MMSG-26390]
AddToCard.c(58): web_link("{RandproductId}") started  	[MsgId: MMSG-26355]
AddToCard.c(58): Notify: Parameter Substitution: parameter "RandproductId" =  "FL-DSH-01"	[MsgId: MMSG-13992]
AddToCard.c(58): Linking to "https://petstore.octoperf.com/actions/Catalog.action?viewProduct=&productId=FL-DSH-01", Target Frame=""  	[MsgId: MMSG-27994]
Login.c(26): Notify: Saving Parameter "ProductName_count = 6".	[MsgId: MMSG-13798]
Login.c(26): Registered web_reg_find successful for "Text=My Account" (count=1)  	[MsgId: MMSG-26364]
Login.c(26): web_submit_form("Account.action") was successful, 11416 body bytes, 727 header bytes  	[MsgId: MMSG-26386]
Login.c(34): Notify: Transaction "PetStore_Login_T01" ended with a "Pass" status (Duration: 0.4975 Wasted Time: 0.0003).	[MsgId: MMSG-16871]
Ending action Login.	[MsgId: MMSG-15918]
Starting action AddToCard.	[MsgId: MMSG-15919]
AddToCard.c(8): Notify: Transaction "PetStore_AddAproduct_T01" started.	[MsgId: MMSG-16999]
AddToCard.c(11): Notify: Parameter Substitution: parameter "ProductName_count" =  "6"	[MsgId: MMSG-13992]
AddToCard.c(12): Notify: Parameter Substitution: parameter "ProductName_2" =  "FISH"	[MsgId: MMSG-13992]
AddToCard.c(14): Notify: Saving Parameter "RandCategory = FISH".	[MsgId: MMSG-13798]
AddToCard.c(15): Notify: Parameter Substitution: parameter "RandCategory" =  "FISH"	[MsgId: MMSG-13992]
AddToCard.c(15): Random category selected in Action2 = FISH	[MsgId: MMSG-17999]
AddToCard.c(17): web_reg_find started  	[MsgId: MMSG-26355]
AddToCard.c(17): Notify: Parameter Substitution: parameter "RandCategory" =  "FISH"	[MsgId: MMSG-13992]
AddToCard.c(17): Registering web_reg_find was successful  	[MsgId: MMSG-26390]
AddToCard.c(20): web_reg_save_param_regexp started  	[MsgId: MMSG-26355]
AddToCard.c(20): Registering web_reg_save_param_regexp was successful  	[MsgId: MMSG-26390]
AddToCard.c(27): web_url("Catalog.action_2") started  	[MsgId: MMSG-26355]
AddToCard.c(27): Notify: Parameter Substitution: parameter "RandCategory" =  "FISH"	[MsgId: MMSG-13992]
AddToCard.c(58): Resource "https://petstore.octoperf.com/css/jpetstore.css" is in the cache already and will not be downloaded again  	[MsgId: MMSG-26655]
AddToCard.c(58): Resource "https://petstore.octoperf.com/images/logo-topbar.svg" is in the cache already and will not be downloaded again  	[MsgId: MMSG-26655]
AddToCard.c(58): Resource "https://petstore.octoperf.com/images/cart.gif" is in the cache already and will not be downloaded again  	[MsgId: MMSG-26655]
AddToCard.c(58): Resource "https://petstore.octoperf.com/images/separator.gif" is in the cache already and will not be downloaded again  	[MsgId: MMSG-26655]
AddToCard.c(58): Resource "https://petstore.octoperf.com/images/sm_fish.gif" is in the cache already and will not be downloaded again  	[MsgId: MMSG-26655]
AddToCard.c(58): Resource "https://petstore.octoperf.com/images/sm_dogs.gif" is in the cache already and will not be downloaded again  	[MsgId: MMSG-26655]
AddToCard.c(58): Resource "https://petstore.octoperf.com/images/sm_reptiles.gif" is in the cache already and will not be downloaded again  	[MsgId: MMSG-26655]
AddToCard.c(58): Resource "https://petstore.octoperf.com/images/sm_cats.gif" is in the cache already and will not be downloaded again  	[MsgId: MMSG-26655]
AddToCard.c(58): Resource "https://petstore.octoperf.com/images/sm_birds.gif" is in the cache already and will not be downloaded again  	[MsgId: MMSG-26655]
AddToCard.c(58): Resource "https://petstore.octoperf.com/images/banner_fish.gif" is in the cache already and will not be downloaded again  	[MsgId: MMSG-26655]
AddToCard.c(58): Notify: Saving Parameter "itemId_1 = EST-14".	[MsgId: MMSG-13798]
AddToCard.c(58): Notify: Saving Parameter "itemId_2 = EST-15".	[MsgId: MMSG-13798]
AddToCard.c(58): Notify: Saving Parameter "itemId_count = 2".	[MsgId: MMSG-13798]
AddToCard.c(58): Registered web_reg_find successful for "Text=FL-DSH-01" (count=2)  	[MsgId: MMSG-26364]
AddToCard.c(58): web_link("{RandproductId}") was successful, 4063 body bytes, 225 header bytes  	[MsgId: MMSG-26386]
AddToCard.c(63): Notify: Transaction "PetStore_SelectProductId_T02" ended with a "Pass" status (Duration: 0.1291 Wasted Time: 0.0005).	[MsgId: MMSG-16871]
AddToCard.c(65): lr_think_time: 4.65 seconds (recorded think time was 5.00 seconds).	[MsgId: MMSG-15947]
AddToCard.c(27): Resource "https://petstore.octoperf.com/css/jpetstore.css" is in the cache already and will not be downloaded again  	[MsgId: MMSG-26655]
AddToCard.c(27): Resource "https://petstore.octoperf.com/images/logo-topbar.svg" is in the cache already and will not be downloaded again  	[MsgId: MMSG-26655]
AddToCard.c(27): Resource "https://petstore.octoperf.com/images/cart.gif" is in the cache already and will not be downloaded again  	[MsgId: MMSG-26655]
AddToCard.c(27): Resource "https://petstore.octoperf.com/images/separator.gif" is in the cache already and will not be downloaded again  	[MsgId: MMSG-26655]
AddToCard.c(27): Resource "https://petstore.octoperf.com/images/sm_fish.gif" is in the cache already and will not be downloaded again  	[MsgId: MMSG-26655]
AddToCard.c(27): Resource "https://petstore.octoperf.com/images/sm_dogs.gif" is in the cache already and will not be downloaded again  	[MsgId: MMSG-26655]
AddToCard.c(27): Resource "https://petstore.octoperf.com/images/sm_reptiles.gif" is in the cache already and will not be downloaded again  	[MsgId: MMSG-26655]
AddToCard.c(27): Resource "https://petstore.octoperf.com/images/sm_cats.gif" is in the cache already and will not be downloaded again  	[MsgId: MMSG-26655]
AddToCard.c(27): Resource "https://petstore.octoperf.com/images/sm_birds.gif" is in the cache already and will not be downloaded again  	[MsgId: MMSG-26655]
AddToCard.c(27): Resource "https://petstore.octoperf.com/images/banner_fish.gif" is in the cache already and will not be downloaded again  	[MsgId: MMSG-26655]
AddToCard.c(27): Notify: Saving Parameter "productId_1 = FI-SW-01".	[MsgId: MMSG-13798]
AddToCard.c(27): Notify: Saving Parameter "productId_2 = FI-SW-02".	[MsgId: MMSG-13798]
AddToCard.c(27): Notify: Saving Parameter "productId_3 = FI-FW-01".	[MsgId: MMSG-13798]
AddToCard.c(27): Notify: Saving Parameter "productId_4 = FI-FW-02".	[MsgId: MMSG-13798]
AddToCard.c(27): Notify: Saving Parameter "productId_count = 4".	[MsgId: MMSG-13798]
AddToCard.c(27): Registered web_reg_find successful for "Text=FISH" (count=1)  	[MsgId: MMSG-26364]
AddToCard.c(27): web_url("Catalog.action_2") was successful, 3887 body bytes, 225 header bytes  	[MsgId: MMSG-26386]
AddToCard.c(36): Notify: Transaction "PetStore_AddAproduct_T01" ended with a "Pass" status (Duration: 0.1266 Wasted Time: 0.0004).	[MsgId: MMSG-16871]
AddToCard.c(38): lr_think_time: 3.13 seconds (recorded think time was 5.00 seconds).	[MsgId: MMSG-15947]
Starting iteration 8.	[MsgId: MMSG-15968]
Notify: Next row for parameter PetStoreEndtoEndFlow_UserName_1 = 1 [table  = PetStoreEndtoEndFlow_UserName_1].	[MsgId: MMSG-13876]
Notify: Getting new value for parameter 'PetStoreEndtoEndFlow_UserName_1': table = 'UserCredentilas5.dat' column = '0' row = '1'.	[MsgId: MMSG-13877]
Notify: Next row for parameter PetStoreEndtoEndFlow_UserName_2 = 1 [table  = PetStoreEndtoEndFlow_UserName_2].	[MsgId: MMSG-13876]
Notify: Getting new value for parameter 'PetStoreEndtoEndFlow_UserName_2': table = 'UserCredentilas7.dat' column = '0' row = '1'.	[MsgId: MMSG-13877]
Notify: Next row for parameter UserName = 1 [table  = UserName].	[MsgId: MMSG-13876]
Notify: Getting new value for parameter 'UserName': table = 'UserCredentilas.dat' column = '0' row = '1'.	[MsgId: MMSG-13877]
Notify: Next row for parameter PetStoreEndtoEndFlow_UserName = 1 [table  = PetStoreEndtoEndFlow_UserName].	[MsgId: MMSG-13876]
Notify: Getting new value for parameter 'PetStoreEndtoEndFlow_UserName': table = 'UserCredentilas2.dat' column = '0' row = '1'.	[MsgId: MMSG-13877]
Notify: Next row for parameter PetStoreEndtoEndFlow_pass_1 = 1 [table  = PetStoreEndtoEndFlow_pass_1].	[MsgId: MMSG-13876]
Notify: Getting new value for parameter 'PetStoreEndtoEndFlow_pass_1': table = 'UserCredentilas6.dat' column = '0' row = '1'.	[MsgId: MMSG-13877]
Notify: Next row for parameter PetStoreEndtoEndFlow_pass_2 = 1 [table  = PetStoreEndtoEndFlow_pass_2].	[MsgId: MMSG-13876]
Notify: Getting new value for parameter 'PetStoreEndtoEndFlow_pass_2': table = 'UserCredentilas8.dat' column = '0' row = '1'.	[MsgId: MMSG-13877]
Notify: Next row for parameter pass = 1 [table  = pass].	[MsgId: MMSG-13876]
Notify: Getting new value for parameter 'pass': table = 'UserCredentilas.dat' column = '0' row = '1'.	[MsgId: MMSG-13877]
Notify: Next row for parameter PetStoreEndtoEndFlow_pass = 1 [table  = PetStoreEndtoEndFlow_pass].	[MsgId: MMSG-13876]
Notify: Getting new value for parameter 'PetStoreEndtoEndFlow_pass': table = 'UserCredentilas4.dat' column = '0' row = '1'.	[MsgId: MMSG-13877]
Starting action Login.	[MsgId: MMSG-15919]
Registration.c(15): Notify: Transaction "PetStore_ClickOnRegistration_T01" started.	[MsgId: MMSG-16999]
Registration.c(17): web_reg_find started  	[MsgId: MMSG-26355]
Registration.c(17): Registering web_reg_find was successful  	[MsgId: MMSG-26390]
Registration.c(20): web_link("Register Now!") started  	[MsgId: MMSG-26355]
Registration.c(20): Error -27985: There is no context for HTML-based functions. A previous function may not have used "Mode=HTML" or downloaded only non-HTML page(s), or the context has been reset (e.g., due to a GUI-based function)  	[MsgId: MERR-27985]
Registration.c(20): Warning -26379: Pending web_reg_save_param/web_reg_find/web_create_html_param/web_create_html_param_ex request(s) are deleted and will be handled as "not found"  	[MsgId: MWAR-26379]
Registration.c(20): Error -26366: "Text=User Information" not found for web_reg_find  	[MsgId: MERR-26366]
Registration.c(20): Error -26374: The above "not found" error(s) may be explained by header and body byte counts being 0 and 0, respectively.  	[MsgId: MERR-26374]
Registration.c(20): web_link("Register Now!") highest severity level was "ERROR", 0 body bytes, 0 header bytes  	[MsgId: MMSG-26388]
Registration.c(20): Notify: Transaction "PetStore_ClickOnRegistration_T01" ended with a "Fail" status (Duration: 0.0048).	[MsgId: MMSG-16873]
Registration.c(20): Notify: Transaction "PetStore_ClickOnRegistration_T01" has 3 error message(s).	[MsgId: MMSG-16818]
Registration.c(20): Notify: The 1st error message associated with transaction "PetStore_ClickOnRegistration_T01" is "Error -27985: There is no context for HTML-based functions. A previous function may not have used "Mode=HTML" or downloaded only non-HTML page(s), or the context has been reset (e.g., due to a GUI-based function)"	[MsgId: MMSG-16819]
Registration.c(20): Notify: The 2nd error message associated with transaction "PetStore_ClickOnRegistration_T01" is "Error -26366: "Text=User Information" not found for web_reg_find"	[MsgId: MMSG-16819]
Registration.c(20): Notify: The 3rd error message associated with transaction "PetStore_ClickOnRegistration_T01" is "Error -26374: The above "not found" error(s) may be explained by header and body byte counts being 0 and 0, respectively."	[MsgId: MMSG-16819]
Ending action Login.	[MsgId: MMSG-15918]
Ending iteration 8.	[MsgId: MMSG-15965]
Waiting 5.0090 seconds for iteration pacing.	[MsgId: MMSG-15996]
AddToCard.c(67): Notify: Transaction "PetStore_SelectItemId_T03" started.	[MsgId: MMSG-16999]
AddToCard.c(71): Notify: Parameter Substitution: parameter "itemId_count" =  "2"	[MsgId: MMSG-13992]
AddToCard.c(72): Notify: Parameter Substitution: parameter "itemId_1" =  "EST-14"	[MsgId: MMSG-13992]
AddToCard.c(74): Notify: Saving Parameter "RanditemId = EST-14".	[MsgId: MMSG-13798]
AddToCard.c(75): Notify: Parameter Substitution: parameter "RanditemId" =  "EST-14"	[MsgId: MMSG-13992]
AddToCard.c(75): Random category selected in Action2 = EST-14	[MsgId: MMSG-17999]
AddToCard.c(77): web_reg_find started  	[MsgId: MMSG-26355]
AddToCard.c(77): Notify: Parameter Substitution: parameter "RanditemId" =  "EST-14"	[MsgId: MMSG-13992]
AddToCard.c(77): Registering web_reg_find was successful  	[MsgId: MMSG-26390]
AddToCard.c(79): web_link("{RanditemId}") started  	[MsgId: MMSG-26355]
AddToCard.c(79): Notify: Parameter Substitution: parameter "RanditemId" =  "EST-14"	[MsgId: MMSG-13992]
AddToCard.c(79): Linking to "https://petstore.octoperf.com/actions/Catalog.action?viewItem=&itemId=EST-14", Target Frame=""  	[MsgId: MMSG-27994]
AddToCard.c(79): Resource "https://petstore.octoperf.com/css/jpetstore.css" is in the cache already and will not be downloaded again  	[MsgId: MMSG-26655]
AddToCard.c(79): Resource "https://petstore.octoperf.com/images/logo-topbar.svg" is in the cache already and will not be downloaded again  	[MsgId: MMSG-26655]
AddToCard.c(79): Resource "https://petstore.octoperf.com/images/cart.gif" is in the cache already and will not be downloaded again  	[MsgId: MMSG-26655]
AddToCard.c(79): Resource "https://petstore.octoperf.com/images/separator.gif" is in the cache already and will not be downloaded again  	[MsgId: MMSG-26655]
AddToCard.c(79): Resource "https://petstore.octoperf.com/images/sm_fish.gif" is in the cache already and will not be downloaded again  	[MsgId: MMSG-26655]
AddToCard.c(79): Resource "https://petstore.octoperf.com/images/sm_dogs.gif" is in the cache already and will not be downloaded again  	[MsgId: MMSG-26655]
AddToCard.c(79): Resource "https://petstore.octoperf.com/images/sm_reptiles.gif" is in the cache already and will not be downloaded again  	[MsgId: MMSG-26655]
AddToCard.c(79): Resource "https://petstore.octoperf.com/images/sm_cats.gif" is in the cache already and will not be downloaded again  	[MsgId: MMSG-26655]
AddToCard.c(79): Resource "https://petstore.octoperf.com/images/sm_birds.gif" is in the cache already and will not be downloaded again  	[MsgId: MMSG-26655]
AddToCard.c(79): Found resource "https://petstore.octoperf.com/images/cat2.gif" in HTML "https://petstore.octoperf.com/actions/Catalog.action?viewItem=&itemId=EST-14"  	[MsgId: MMSG-26659]
AddToCard.c(79): Resource "https://petstore.octoperf.com/images/banner_fish.gif" is in the cache already and will not be downloaded again  	[MsgId: MMSG-26655]
AddToCard.c(79): Registered web_reg_find successful for "Text=EST-14" (count=2)  	[MsgId: MMSG-26364]
AddToCard.c(79): web_link("{RanditemId}") was successful, 16467 body bytes, 511 header bytes  	[MsgId: MMSG-26386]
AddToCard.c(84): Notify: Transaction "PetStore_SelectItemId_T03" ended with a "Pass" status (Duration: 0.5401 Wasted Time: 0.0000).	[MsgId: MMSG-16871]
AddToCard.c(86): lr_think_time: 3.68 seconds (recorded think time was 5.00 seconds).	[MsgId: MMSG-15947]
Starting iteration 2.	[MsgId: MMSG-15968]
Notify: Next row for parameter PetStoreEndtoEndFlow_UserName_1 = 1 [table  = PetStoreEndtoEndFlow_UserName_1].	[MsgId: MMSG-13876]
Notify: Getting new value for parameter 'PetStoreEndtoEndFlow_UserName_1': table = 'UserCredentilas5.dat' column = '0' row = '1'.	[MsgId: MMSG-13877]
Notify: Next row for parameter PetStoreEndtoEndFlow_UserName_2 = 1 [table  = PetStoreEndtoEndFlow_UserName_2].	[MsgId: MMSG-13876]
Notify: Getting new value for parameter 'PetStoreEndtoEndFlow_UserName_2': table = 'UserCredentilas7.dat' column = '0' row = '1'.	[MsgId: MMSG-13877]
Notify: Next row for parameter UserName = 1 [table  = UserName].	[MsgId: MMSG-13876]
Notify: Getting new value for parameter 'UserName': table = 'UserCredentilas.dat' column = '0' row = '1'.	[MsgId: MMSG-13877]
Notify: Next row for parameter PetStoreEndtoEndFlow_UserName = 1 [table  = PetStoreEndtoEndFlow_UserName].	[MsgId: MMSG-13876]
Notify: Getting new value for parameter 'PetStoreEndtoEndFlow_UserName': table = 'UserCredentilas2.dat' column = '0' row = '1'.	[MsgId: MMSG-13877]
Notify: Next row for parameter PetStoreEndtoEndFlow_pass_1 = 1 [table  = PetStoreEndtoEndFlow_pass_1].	[MsgId: MMSG-13876]
Notify: Getting new value for parameter 'PetStoreEndtoEndFlow_pass_1': table = 'UserCredentilas6.dat' column = '0' row = '1'.	[MsgId: MMSG-13877]
Notify: Next row for parameter PetStoreEndtoEndFlow_pass_2 = 1 [table  = PetStoreEndtoEndFlow_pass_2].	[MsgId: MMSG-13876]
Notify: Getting new value for parameter 'PetStoreEndtoEndFlow_pass_2': table = 'UserCredentilas8.dat' column = '0' row = '1'.	[MsgId: MMSG-13877]
Notify: Next row for parameter pass = 1 [table  = pass].	[MsgId: MMSG-13876]
Notify: Getting new value for parameter 'pass': table = 'UserCredentilas.dat' column = '0' row = '1'.	[MsgId: MMSG-13877]
Notify: Next row for parameter PetStoreEndtoEndFlow_pass = 1 [table  = PetStoreEndtoEndFlow_pass].	[MsgId: MMSG-13876]
Notify: Getting new value for parameter 'PetStoreEndtoEndFlow_pass': table = 'UserCredentilas4.dat' column = '0' row = '1'.	[MsgId: MMSG-13877]
Starting action Login.	[MsgId: MMSG-15919]
Registration.c(15): Notify: Transaction "PetStore_ClickOnRegistration_T01" started.	[MsgId: MMSG-16999]
Registration.c(17): web_reg_find started  	[MsgId: MMSG-26355]
Registration.c(17): Registering web_reg_find was successful  	[MsgId: MMSG-26390]
Registration.c(20): web_link("Register Now!") started  	[MsgId: MMSG-26355]
Registration.c(20): Error -27985: There is no context for HTML-based functions. A previous function may not have used "Mode=HTML" or downloaded only non-HTML page(s), or the context has been reset (e.g., due to a GUI-based function)  	[MsgId: MERR-27985]
Registration.c(20): Warning -26379: Pending web_reg_save_param/web_reg_find/web_create_html_param/web_create_html_param_ex request(s) are deleted and will be handled as "not found"  	[MsgId: MWAR-26379]
Registration.c(20): Error -26366: "Text=User Information" not found for web_reg_find  	[MsgId: MERR-26366]
Registration.c(20): Error -26374: The above "not found" error(s) may be explained by header and body byte counts being 0 and 0, respectively.  	[MsgId: MERR-26374]
Registration.c(20): web_link("Register Now!") highest severity level was "ERROR", 0 body bytes, 0 header bytes  	[MsgId: MMSG-26388]
Registration.c(20): Notify: Transaction "PetStore_ClickOnRegistration_T01" ended with a "Fail" status (Duration: 0.0012).	[MsgId: MMSG-16873]
Registration.c(20): Notify: Transaction "PetStore_ClickOnRegistration_T01" has 3 error message(s).	[MsgId: MMSG-16818]
Registration.c(20): Notify: The 1st error message associated with transaction "PetStore_ClickOnRegistration_T01" is "Error -27985: There is no context for HTML-based functions. A previous function may not have used "Mode=HTML" or downloaded only non-HTML page(s), or the context has been reset (e.g., due to a GUI-based function)"	[MsgId: MMSG-16819]
Registration.c(20): Notify: The 2nd error message associated with transaction "PetStore_ClickOnRegistration_T01" is "Error -26366: "Text=User Information" not found for web_reg_find"	[MsgId: MMSG-16819]
Registration.c(20): Notify: The 3rd error message associated with transaction "PetStore_ClickOnRegistration_T01" is "Error -26374: The above "not found" error(s) may be explained by header and body byte counts being 0 and 0, respectively."	[MsgId: MMSG-16819]
Ending action Login.	[MsgId: MMSG-15918]
Ending iteration 2.	[MsgId: MMSG-15965]
Waiting 9.8380 seconds for iteration pacing.	[MsgId: MMSG-15996]
UpdateCart.c(23): Notify: Transaction "PetStore_UpdateCart_T02" started.	[MsgId: MMSG-16999]
UpdateCart.c(28): Notify: Saving Parameter "RandQty = 8".	[MsgId: MMSG-13798]
UpdateCart.c(30): Notify: Parameter Substitution: parameter "RandQty" =  "8"	[MsgId: MMSG-13992]
UpdateCart.c(30): Random Quantity selected = 8	[MsgId: MMSG-17999]
UpdateCart.c(32): web_submit_form("Cart.action_2") started  	[MsgId: MMSG-26355]
UpdateCart.c(32): Notify: Parameter Substitution: parameter "RanditemId" =  "EST-12"	[MsgId: MMSG-13992]
UpdateCart.c(32): Submitting form to "https://petstore.octoperf.com/actions/Cart.action", Target Frame=""  	[MsgId: MMSG-27978]
UpdateCart.c(32): Resource "https://petstore.octoperf.com/css/jpetstore.css" is in the cache already and will not be downloaded again  	[MsgId: MMSG-26655]
UpdateCart.c(32): Resource "https://petstore.octoperf.com/images/logo-topbar.svg" is in the cache already and will not be downloaded again  	[MsgId: MMSG-26655]
UpdateCart.c(32): Resource "https://petstore.octoperf.com/images/cart.gif" is in the cache already and will not be downloaded again  	[MsgId: MMSG-26655]
UpdateCart.c(32): Resource "https://petstore.octoperf.com/images/separator.gif" is in the cache already and will not be downloaded again  	[MsgId: MMSG-26655]
UpdateCart.c(32): Resource "https://petstore.octoperf.com/images/sm_fish.gif" is in the cache already and will not be downloaded again  	[MsgId: MMSG-26655]
UpdateCart.c(32): Resource "https://petstore.octoperf.com/images/sm_dogs.gif" is in the cache already and will not be downloaded again  	[MsgId: MMSG-26655]
UpdateCart.c(32): Resource "https://petstore.octoperf.com/images/sm_reptiles.gif" is in the cache already and will not be downloaded again  	[MsgId: MMSG-26655]
UpdateCart.c(32): Resource "https://petstore.octoperf.com/images/sm_cats.gif" is in the cache already and will not be downloaded again  	[MsgId: MMSG-26655]
UpdateCart.c(32): Resource "https://petstore.octoperf.com/images/sm_birds.gif" is in the cache already and will not be downloaded again  	[MsgId: MMSG-26655]
UpdateCart.c(32): Resource "https://petstore.octoperf.com/images/banner_fish.gif" is in the cache already and will not be downloaded again  	[MsgId: MMSG-26655]
UpdateCart.c(32): web_submit_form("Cart.action_2") was successful, 4638 body bytes, 225 header bytes  	[MsgId: MMSG-26386]
UpdateCart.c(39): web_reg_find started  	[MsgId: MMSG-26355]
UpdateCart.c(39): Notify: Parameter Substitution: parameter "RandQty" =  "8"	[MsgId: MMSG-13992]
UpdateCart.c(39): Registering web_reg_find was successful  	[MsgId: MMSG-26390]
UpdateCart.c(41): web_submit_form("Cart.action_3") started  	[MsgId: MMSG-26355]
UpdateCart.c(41): Notify: Parameter Substitution: parameter "RanditemId" =  "EST-12"	[MsgId: MMSG-13992]
UpdateCart.c(41): Notify: Parameter Substitution: parameter "RandQty" =  "8"	[MsgId: MMSG-13992]
UpdateCart.c(41): Submitting form to "https://petstore.octoperf.com/actions/Cart.action", Target Frame=""  	[MsgId: MMSG-27978]
UpdateCart.c(41): Resource "https://petstore.octoperf.com/css/jpetstore.css" is in the cache already and will not be downloaded again  	[MsgId: MMSG-26655]
UpdateCart.c(41): Resource "https://petstore.octoperf.com/images/logo-topbar.svg" is in the cache already and will not be downloaded again  	[MsgId: MMSG-26655]
UpdateCart.c(41): Resource "https://petstore.octoperf.com/images/cart.gif" is in the cache already and will not be downloaded again  	[MsgId: MMSG-26655]
UpdateCart.c(41): Resource "https://petstore.octoperf.com/images/separator.gif" is in the cache already and will not be downloaded again  	[MsgId: MMSG-26655]
UpdateCart.c(41): Resource "https://petstore.octoperf.com/images/sm_fish.gif" is in the cache already and will not be downloaded again  	[MsgId: MMSG-26655]
UpdateCart.c(41): Resource "https://petstore.octoperf.com/images/sm_dogs.gif" is in the cache already and will not be downloaded again  	[MsgId: MMSG-26655]
UpdateCart.c(41): Resource "https://petstore.octoperf.com/images/sm_reptiles.gif" is in the cache already and will not be downloaded again  	[MsgId: MMSG-26655]
UpdateCart.c(41): Resource "https://petstore.octoperf.com/images/sm_cats.gif" is in the cache already and will not be downloaded again  	[MsgId: MMSG-26655]
UpdateCart.c(41): Resource "https://petstore.octoperf.com/images/sm_birds.gif" is in the cache already and will not be downloaded again  	[MsgId: MMSG-26655]
UpdateCart.c(41): Resource "https://petstore.octoperf.com/images/banner_fish.gif" is in the cache already and will not be downloaded again  	[MsgId: MMSG-26655]
UpdateCart.c(41): Registered web_reg_find successful for "Text=8" (count=12)  	[MsgId: MMSG-26364]
UpdateCart.c(41): web_submit_form("Cart.action_3") was successful, 4640 body bytes, 225 header bytes  	[MsgId: MMSG-26386]
UpdateCart.c(48): Notify: Transaction "PetStore_UpdateCart_T02" ended with a "Pass" status (Duration: 0.5034 Wasted Time: 0.0000).	[MsgId: MMSG-16871]
Ending action UpdateCart.	[MsgId: MMSG-15918]
Ending iteration 1.	[MsgId: MMSG-15965]
Waiting 7.2070 seconds for iteration pacing.	[MsgId: MMSG-15996]
AddToCard.c(40): Notify: Transaction "PetStore_SelectProductId_T02" started.	[MsgId: MMSG-16999]
AddToCard.c(43): Notify: Parameter Substitution: parameter "productId_count" =  "4"	[MsgId: MMSG-13992]
AddToCard.c(44): Notify: Parameter Substitution: parameter "productId_1" =  "FI-SW-01"	[MsgId: MMSG-13992]
AddToCard.c(46): Notify: Saving Parameter "RandproductId = FI-SW-01".	[MsgId: MMSG-13798]
AddToCard.c(47): Notify: Parameter Substitution: parameter "RandproductId" =  "FI-SW-01"	[MsgId: MMSG-13992]
AddToCard.c(47): Random category selected in Action2 = FI-SW-01	[MsgId: MMSG-17999]
AddToCard.c(49): web_reg_find started  	[MsgId: MMSG-26355]
AddToCard.c(49): Notify: Parameter Substitution: parameter "RandproductId" =  "FI-SW-01"	[MsgId: MMSG-13992]
AddToCard.c(49): Registering web_reg_find was successful  	[MsgId: MMSG-26390]
AddToCard.c(51): web_reg_save_param_regexp started  	[MsgId: MMSG-26355]
AddToCard.c(51): Registering web_reg_save_param_regexp was successful  	[MsgId: MMSG-26390]
AddToCard.c(58): web_link("{RandproductId}") started  	[MsgId: MMSG-26355]
AddToCard.c(58): Notify: Parameter Substitution: parameter "RandproductId" =  "FI-SW-01"	[MsgId: MMSG-13992]
AddToCard.c(58): Linking to "https://petstore.octoperf.com/actions/Catalog.action?viewProduct=&productId=FI-SW-01", Target Frame=""  	[MsgId: MMSG-27994]
AddToCard.c(58): Resource "https://petstore.octoperf.com/css/jpetstore.css" is in the cache already and will not be downloaded again  	[MsgId: MMSG-26655]
AddToCard.c(58): Resource "https://petstore.octoperf.com/images/logo-topbar.svg" is in the cache already and will not be downloaded again  	[MsgId: MMSG-26655]
AddToCard.c(58): Resource "https://petstore.octoperf.com/images/cart.gif" is in the cache already and will not be downloaded again  	[MsgId: MMSG-26655]
AddToCard.c(58): Resource "https://petstore.octoperf.com/images/separator.gif" is in the cache already and will not be downloaded again  	[MsgId: MMSG-26655]
AddToCard.c(58): Resource "https://petstore.octoperf.com/images/sm_fish.gif" is in the cache already and will not be downloaded again  	[MsgId: MMSG-26655]
AddToCard.c(58): Resource "https://petstore.octoperf.com/images/sm_dogs.gif" is in the cache already and will not be downloaded again  	[MsgId: MMSG-26655]
AddToCard.c(58): Resource "https://petstore.octoperf.com/images/sm_reptiles.gif" is in the cache already and will not be downloaded again  	[MsgId: MMSG-26655]
AddToCard.c(58): Resource "https://petstore.octoperf.com/images/sm_cats.gif" is in the cache already and will not be downloaded again  	[MsgId: MMSG-26655]
AddToCard.c(58): Resource "https://petstore.octoperf.com/images/sm_birds.gif" is in the cache already and will not be downloaded again  	[MsgId: MMSG-26655]
AddToCard.c(58): Resource "https://petstore.octoperf.com/images/banner_fish.gif" is in the cache already and will not be downloaded again  	[MsgId: MMSG-26655]
AddToCard.c(58): Notify: Saving Parameter "itemId_1 = EST-1".	[MsgId: MMSG-13798]
AddToCard.c(58): Notify: Saving Parameter "itemId_2 = EST-2".	[MsgId: MMSG-13798]
AddToCard.c(58): Notify: Saving Parameter "itemId_count = 2".	[MsgId: MMSG-13798]
AddToCard.c(58): Registered web_reg_find successful for "Text=FI-SW-01" (count=2)  	[MsgId: MMSG-26364]
AddToCard.c(58): web_link("{RandproductId}") was successful, 4063 body bytes, 225 header bytes  	[MsgId: MMSG-26386]
AddToCard.c(63): Notify: Transaction "PetStore_SelectProductId_T02" ended with a "Pass" status (Duration: 0.1287 Wasted Time: 0.0003).	[MsgId: MMSG-16871]
AddToCard.c(65): lr_think_time: 2.84 seconds (recorded think time was 5.00 seconds).	[MsgId: MMSG-15947]
Starting iteration 2.	[MsgId: MMSG-15968]
Notify: Next row for parameter PetStoreEndtoEndFlow_UserName_1 = 1 [table  = PetStoreEndtoEndFlow_UserName_1].	[MsgId: MMSG-13876]
Notify: Getting new value for parameter 'PetStoreEndtoEndFlow_UserName_1': table = 'UserCredentilas5.dat' column = '0' row = '1'.	[MsgId: MMSG-13877]
Notify: Next row for parameter PetStoreEndtoEndFlow_UserName_2 = 1 [table  = PetStoreEndtoEndFlow_UserName_2].	[MsgId: MMSG-13876]
Notify: Getting new value for parameter 'PetStoreEndtoEndFlow_UserName_2': table = 'UserCredentilas7.dat' column = '0' row = '1'.	[MsgId: MMSG-13877]
Notify: Next row for parameter UserName = 1 [table  = UserName].	[MsgId: MMSG-13876]
Notify: Getting new value for parameter 'UserName': table = 'UserCredentilas.dat' column = '0' row = '1'.	[MsgId: MMSG-13877]
Notify: Next row for parameter PetStoreEndtoEndFlow_UserName = 1 [table  = PetStoreEndtoEndFlow_UserName].	[MsgId: MMSG-13876]
Notify: Getting new value for parameter 'PetStoreEndtoEndFlow_UserName': table = 'UserCredentilas2.dat' column = '0' row = '1'.	[MsgId: MMSG-13877]
Notify: Next row for parameter PetStoreEndtoEndFlow_pass_1 = 1 [table  = PetStoreEndtoEndFlow_pass_1].	[MsgId: MMSG-13876]
Notify: Getting new value for parameter 'PetStoreEndtoEndFlow_pass_1': table = 'UserCredentilas6.dat' column = '0' row = '1'.	[MsgId: MMSG-13877]
Notify: Next row for parameter PetStoreEndtoEndFlow_pass_2 = 1 [table  = PetStoreEndtoEndFlow_pass_2].	[MsgId: MMSG-13876]
Notify: Getting new value for parameter 'PetStoreEndtoEndFlow_pass_2': table = 'UserCredentilas8.dat' column = '0' row = '1'.	[MsgId: MMSG-13877]
Notify: Next row for parameter pass = 1 [table  = pass].	[MsgId: MMSG-13876]
Notify: Getting new value for parameter 'pass': table = 'UserCredentilas.dat' column = '0' row = '1'.	[MsgId: MMSG-13877]
Notify: Next row for parameter PetStoreEndtoEndFlow_pass = 1 [table  = PetStoreEndtoEndFlow_pass].	[MsgId: MMSG-13876]
Notify: Getting new value for parameter 'PetStoreEndtoEndFlow_pass': table = 'UserCredentilas4.dat' column = '0' row = '1'.	[MsgId: MMSG-13877]
Starting action Login.	[MsgId: MMSG-15919]
Registration.c(15): Notify: Transaction "PetStore_ClickOnRegistration_T01" started.	[MsgId: MMSG-16999]
Registration.c(17): web_reg_find started  	[MsgId: MMSG-26355]
Registration.c(17): Registering web_reg_find was successful  	[MsgId: MMSG-26390]
Registration.c(20): web_link("Register Now!") started  	[MsgId: MMSG-26355]
Registration.c(20): Error -27985: There is no context for HTML-based functions. A previous function may not have used "Mode=HTML" or downloaded only non-HTML page(s), or the context has been reset (e.g., due to a GUI-based function)  	[MsgId: MERR-27985]
Registration.c(20): Warning -26379: Pending web_reg_save_param/web_reg_find/web_create_html_param/web_create_html_param_ex request(s) are deleted and will be handled as "not found"  	[MsgId: MWAR-26379]
Registration.c(20): Error -26366: "Text=User Information" not found for web_reg_find  	[MsgId: MERR-26366]
Registration.c(20): Error -26374: The above "not found" error(s) may be explained by header and body byte counts being 0 and 0, respectively.  	[MsgId: MERR-26374]
Registration.c(20): web_link("Register Now!") highest severity level was "ERROR", 0 body bytes, 0 header bytes  	[MsgId: MMSG-26388]
Registration.c(20): Notify: Transaction "PetStore_ClickOnRegistration_T01" ended with a "Fail" status (Duration: 0.0012).	[MsgId: MMSG-16873]
Registration.c(20): Notify: Transaction "PetStore_ClickOnRegistration_T01" has 3 error message(s).	[MsgId: MMSG-16818]
Registration.c(20): Notify: The 1st error message associated with transaction "PetStore_ClickOnRegistration_T01" is "Error -27985: There is no context for HTML-based functions. A previous function may not have used "Mode=HTML" or downloaded only non-HTML page(s), or the context has been reset (e.g., due to a GUI-based function)"	[MsgId: MMSG-16819]
Registration.c(20): Notify: The 2nd error message associated with transaction "PetStore_ClickOnRegistration_T01" is "Error -26366: "Text=User Information" not found for web_reg_find"	[MsgId: MMSG-16819]
Registration.c(20): Notify: The 3rd error message associated with transaction "PetStore_ClickOnRegistration_T01" is "Error -26374: The above "not found" error(s) may be explained by header and body byte counts being 0 and 0, respectively."	[MsgId: MMSG-16819]
Ending action Login.	[MsgId: MMSG-15918]
Ending iteration 2.	[MsgId: MMSG-15965]
Waiting 6.8490 seconds for iteration pacing.	[MsgId: MMSG-15996]
Starting iteration 3.	[MsgId: MMSG-15968]
Notify: Next row for parameter PetStoreEndtoEndFlow_UserName_1 = 1 [table  = PetStoreEndtoEndFlow_UserName_1].	[MsgId: MMSG-13876]
Notify: Getting new value for parameter 'PetStoreEndtoEndFlow_UserName_1': table = 'UserCredentilas5.dat' column = '0' row = '1'.	[MsgId: MMSG-13877]
Notify: Next row for parameter PetStoreEndtoEndFlow_UserName_2 = 1 [table  = PetStoreEndtoEndFlow_UserName_2].	[MsgId: MMSG-13876]
Notify: Getting new value for parameter 'PetStoreEndtoEndFlow_UserName_2': table = 'UserCredentilas7.dat' column = '0' row = '1'.	[MsgId: MMSG-13877]
Notify: Next row for parameter UserName = 1 [table  = UserName].	[MsgId: MMSG-13876]
Notify: Getting new value for parameter 'UserName': table = 'UserCredentilas.dat' column = '0' row = '1'.	[MsgId: MMSG-13877]
Notify: Next row for parameter PetStoreEndtoEndFlow_UserName = 1 [table  = PetStoreEndtoEndFlow_UserName].	[MsgId: MMSG-13876]
Notify: Getting new value for parameter 'PetStoreEndtoEndFlow_UserName': table = 'UserCredentilas2.dat' column = '0' row = '1'.	[MsgId: MMSG-13877]
Notify: Next row for parameter PetStoreEndtoEndFlow_pass_1 = 1 [table  = PetStoreEndtoEndFlow_pass_1].	[MsgId: MMSG-13876]
Notify: Getting new value for parameter 'PetStoreEndtoEndFlow_pass_1': table = 'UserCredentilas6.dat' column = '0' row = '1'.	[MsgId: MMSG-13877]
Notify: Next row for parameter PetStoreEndtoEndFlow_pass_2 = 1 [table  = PetStoreEndtoEndFlow_pass_2].	[MsgId: MMSG-13876]
Notify: Getting new value for parameter 'PetStoreEndtoEndFlow_pass_2': table = 'UserCredentilas8.dat' column = '0' row = '1'.	[MsgId: MMSG-13877]
Notify: Next row for parameter pass = 1 [table  = pass].	[MsgId: MMSG-13876]
Notify: Getting new value for parameter 'pass': table = 'UserCredentilas.dat' column = '0' row = '1'.	[MsgId: MMSG-13877]
Notify: Next row for parameter PetStoreEndtoEndFlow_pass = 1 [table  = PetStoreEndtoEndFlow_pass].	[MsgId: MMSG-13876]
Notify: Getting new value for parameter 'PetStoreEndtoEndFlow_pass': table = 'UserCredentilas4.dat' column = '0' row = '1'.	[MsgId: MMSG-13877]
Starting action Login.	[MsgId: MMSG-15919]
Registration.c(15): Notify: Transaction "PetStore_ClickOnRegistration_T01" started.	[MsgId: MMSG-16999]
Registration.c(17): web_reg_find started  	[MsgId: MMSG-26355]
Registration.c(17): Registering web_reg_find was successful  	[MsgId: MMSG-26390]
Registration.c(20): web_link("Register Now!") started  	[MsgId: MMSG-26355]
Registration.c(20): Error -27985: There is no context for HTML-based functions. A previous function may not have used "Mode=HTML" or downloaded only non-HTML page(s), or the context has been reset (e.g., due to a GUI-based function)  	[MsgId: MERR-27985]
Registration.c(20): Warning -26379: Pending web_reg_save_param/web_reg_find/web_create_html_param/web_create_html_param_ex request(s) are deleted and will be handled as "not found"  	[MsgId: MWAR-26379]
Registration.c(20): Error -26366: "Text=User Information" not found for web_reg_find  	[MsgId: MERR-26366]
Registration.c(20): Error -26374: The above "not found" error(s) may be explained by header and body byte counts being 0 and 0, respectively.  	[MsgId: MERR-26374]
Registration.c(20): web_link("Register Now!") highest severity level was "ERROR", 0 body bytes, 0 header bytes  	[MsgId: MMSG-26388]
Registration.c(20): Notify: Transaction "PetStore_ClickOnRegistration_T01" ended with a "Fail" status (Duration: 0.0011).	[MsgId: MMSG-16873]
Registration.c(20): Notify: Transaction "PetStore_ClickOnRegistration_T01" has 3 error message(s).	[MsgId: MMSG-16818]
Registration.c(20): Notify: The 1st error message associated with transaction "PetStore_ClickOnRegistration_T01" is "Error -27985: There is no context for HTML-based functions. A previous function may not have used "Mode=HTML" or downloaded only non-HTML page(s), or the context has been reset (e.g., due to a GUI-based function)"	[MsgId: MMSG-16819]
Registration.c(20): Notify: The 2nd error message associated with transaction "PetStore_ClickOnRegistration_T01" is "Error -26366: "Text=User Information" not found for web_reg_find"	[MsgId: MMSG-16819]
Registration.c(20): Notify: The 3rd error message associated with transaction "PetStore_ClickOnRegistration_T01" is "Error -26374: The above "not found" error(s) may be explained by header and body byte counts being 0 and 0, respectively."	[MsgId: MMSG-16819]
Ending action Login.	[MsgId: MMSG-15918]
Ending iteration 3.	[MsgId: MMSG-15965]
Waiting 5.4610 seconds for iteration pacing.	[MsgId: MMSG-15996]
AddToCard.c(67): Notify: Transaction "PetStore_SelectItemId_T03" started.	[MsgId: MMSG-16999]
AddToCard.c(71): Notify: Parameter Substitution: parameter "itemId_count" =  "2"	[MsgId: MMSG-13992]
AddToCard.c(72): Notify: Parameter Substitution: parameter "itemId_2" =  "EST-15"	[MsgId: MMSG-13992]
AddToCard.c(74): Notify: Saving Parameter "RanditemId = EST-15".	[MsgId: MMSG-13798]
AddToCard.c(75): Notify: Parameter Substitution: parameter "RanditemId" =  "EST-15"	[MsgId: MMSG-13992]
AddToCard.c(75): Random category selected in Action2 = EST-15	[MsgId: MMSG-17999]
AddToCard.c(77): web_reg_find started  	[MsgId: MMSG-26355]
AddToCard.c(77): Notify: Parameter Substitution: parameter "RanditemId" =  "EST-15"	[MsgId: MMSG-13992]
AddToCard.c(77): Registering web_reg_find was successful  	[MsgId: MMSG-26390]
AddToCard.c(79): web_link("{RanditemId}") started  	[MsgId: MMSG-26355]
AddToCard.c(79): Notify: Parameter Substitution: parameter "RanditemId" =  "EST-15"	[MsgId: MMSG-13992]
AddToCard.c(79): Linking to "https://petstore.octoperf.com/actions/Catalog.action?viewItem=&itemId=EST-15", Target Frame=""  	[MsgId: MMSG-27994]
AddToCard.c(79): Resource "https://petstore.octoperf.com/css/jpetstore.css" is in the cache already and will not be downloaded again  	[MsgId: MMSG-26655]
AddToCard.c(79): Resource "https://petstore.octoperf.com/images/logo-topbar.svg" is in the cache already and will not be downloaded again  	[MsgId: MMSG-26655]
AddToCard.c(79): Resource "https://petstore.octoperf.com/images/cart.gif" is in the cache already and will not be downloaded again  	[MsgId: MMSG-26655]
AddToCard.c(79): Resource "https://petstore.octoperf.com/images/separator.gif" is in the cache already and will not be downloaded again  	[MsgId: MMSG-26655]
AddToCard.c(79): Resource "https://petstore.octoperf.com/images/sm_fish.gif" is in the cache already and will not be downloaded again  	[MsgId: MMSG-26655]
AddToCard.c(79): Resource "https://petstore.octoperf.com/images/sm_dogs.gif" is in the cache already and will not be downloaded again  	[MsgId: MMSG-26655]
AddToCard.c(79): Resource "https://petstore.octoperf.com/images/sm_reptiles.gif" is in the cache already and will not be downloaded again  	[MsgId: MMSG-26655]
AddToCard.c(79): Resource "https://petstore.octoperf.com/images/sm_cats.gif" is in the cache already and will not be downloaded again  	[MsgId: MMSG-26655]
AddToCard.c(79): Resource "https://petstore.octoperf.com/images/sm_birds.gif" is in the cache already and will not be downloaded again  	[MsgId: MMSG-26655]
AddToCard.c(79): Found resource "https://petstore.octoperf.com/images/cat2.gif" in HTML "https://petstore.octoperf.com/actions/Catalog.action?viewItem=&itemId=EST-15"  	[MsgId: MMSG-26659]
AddToCard.c(79): Resource "https://petstore.octoperf.com/images/banner_fish.gif" is in the cache already and will not be downloaded again  	[MsgId: MMSG-26655]
AddToCard.c(88): Notify: Transaction "PetStore_AddToCard_T04" started.	[MsgId: MMSG-16999]
AddToCard.c(90): web_reg_find started  	[MsgId: MMSG-26355]
AddToCard.c(90): Registering web_reg_find was successful  	[MsgId: MMSG-26390]
AddToCard.c(94): web_link("Add to Cart") started  	[MsgId: MMSG-26355]
AddToCard.c(94): Linking to "https://petstore.octoperf.com/actions/Cart.action?addItemToCart=&workingItemId=EST-14", Target Frame=""  	[MsgId: MMSG-27994]
AddToCard.c(79): Registered web_reg_find successful for "Text=EST-15" (count=2)  	[MsgId: MMSG-26364]
AddToCard.c(79): web_link("{RanditemId}") was successful, 16468 body bytes, 511 header bytes  	[MsgId: MMSG-26386]
AddToCard.c(84): Notify: Transaction "PetStore_SelectItemId_T03" ended with a "Pass" status (Duration: 0.5379 Wasted Time: 0.0000).	[MsgId: MMSG-16871]
AddToCard.c(86): lr_think_time: 2.81 seconds (recorded think time was 5.00 seconds).	[MsgId: MMSG-15947]
AddToCard.c(94): Resource "https://petstore.octoperf.com/css/jpetstore.css" is in the cache already and will not be downloaded again  	[MsgId: MMSG-26655]
AddToCard.c(94): Resource "https://petstore.octoperf.com/images/logo-topbar.svg" is in the cache already and will not be downloaded again  	[MsgId: MMSG-26655]
AddToCard.c(94): Resource "https://petstore.octoperf.com/images/cart.gif" is in the cache already and will not be downloaded again  	[MsgId: MMSG-26655]
AddToCard.c(94): Resource "https://petstore.octoperf.com/images/separator.gif" is in the cache already and will not be downloaded again  	[MsgId: MMSG-26655]
AddToCard.c(94): Resource "https://petstore.octoperf.com/images/sm_fish.gif" is in the cache already and will not be downloaded again  	[MsgId: MMSG-26655]
AddToCard.c(94): Resource "https://petstore.octoperf.com/images/sm_dogs.gif" is in the cache already and will not be downloaded again  	[MsgId: MMSG-26655]
AddToCard.c(94): Resource "https://petstore.octoperf.com/images/sm_reptiles.gif" is in the cache already and will not be downloaded again  	[MsgId: MMSG-26655]
AddToCard.c(94): Resource "https://petstore.octoperf.com/images/sm_cats.gif" is in the cache already and will not be downloaded again  	[MsgId: MMSG-26655]
AddToCard.c(94): Resource "https://petstore.octoperf.com/images/sm_birds.gif" is in the cache already and will not be downloaded again  	[MsgId: MMSG-26655]
AddToCard.c(94): Resource "https://petstore.octoperf.com/images/banner_fish.gif" is in the cache already and will not be downloaded again  	[MsgId: MMSG-26655]
AddToCard.c(94): Registered web_reg_find successful for "Text=Shopping Cart" (count=1)  	[MsgId: MMSG-26364]
AddToCard.c(94): web_link("Add to Cart") was successful, 4630 body bytes, 225 header bytes  	[MsgId: MMSG-26386]
AddToCard.c(99): Notify: Transaction "PetStore_AddToCard_T04" ended with a "Pass" status (Duration: 0.1298 Wasted Time: 0.0000).	[MsgId: MMSG-16871]
Ending action AddToCard.	[MsgId: MMSG-15918]
Starting action UpdateCart.	[MsgId: MMSG-15919]
UpdateCart.c(4): Notify: Transaction "PetStore_ClickOnViewcart_T01" started.	[MsgId: MMSG-16999]
UpdateCart.c(6): web_reg_find started  	[MsgId: MMSG-26355]
UpdateCart.c(6): Registering web_reg_find was successful  	[MsgId: MMSG-26390]
UpdateCart.c(9): web_url("Cart.action") started  	[MsgId: MMSG-26355]
UpdateCart.c(9): Resource "https://petstore.octoperf.com/css/jpetstore.css" is in the cache already and will not be downloaded again  	[MsgId: MMSG-26655]
UpdateCart.c(9): Resource "https://petstore.octoperf.com/images/logo-topbar.svg" is in the cache already and will not be downloaded again  	[MsgId: MMSG-26655]
UpdateCart.c(9): Resource "https://petstore.octoperf.com/images/cart.gif" is in the cache already and will not be downloaded again  	[MsgId: MMSG-26655]
UpdateCart.c(9): Resource "https://petstore.octoperf.com/images/separator.gif" is in the cache already and will not be downloaded again  	[MsgId: MMSG-26655]
UpdateCart.c(9): Resource "https://petstore.octoperf.com/images/sm_fish.gif" is in the cache already and will not be downloaded again  	[MsgId: MMSG-26655]
UpdateCart.c(9): Resource "https://petstore.octoperf.com/images/sm_dogs.gif" is in the cache already and will not be downloaded again  	[MsgId: MMSG-26655]
UpdateCart.c(9): Resource "https://petstore.octoperf.com/images/sm_reptiles.gif" is in the cache already and will not be downloaded again  	[MsgId: MMSG-26655]
UpdateCart.c(9): Resource "https://petstore.octoperf.com/images/sm_cats.gif" is in the cache already and will not be downloaded again  	[MsgId: MMSG-26655]
UpdateCart.c(9): Resource "https://petstore.octoperf.com/images/sm_birds.gif" is in the cache already and will not be downloaded again  	[MsgId: MMSG-26655]
Action was aborted.	[MsgId: MMSG-10694]
Action was aborted.	[MsgId: MMSG-10694]
Ending Vuser...	[MsgId: MMSG-15966]
Ending Vuser...	[MsgId: MMSG-15966]
Starting action vuser_end.	[MsgId: MMSG-15919]
Starting action vuser_end.	[MsgId: MMSG-15919]
vuser_end.c(4): Notify: Transaction "PetStore_SignOut_T01" started.	[MsgId: MMSG-16999]
Action was aborted.	[MsgId: MMSG-10694]
vuser_end.c(6): web_reg_find started  	[MsgId: MMSG-26355]
Ending Vuser...	[MsgId: MMSG-15966]
Starting action vuser_end.	[MsgId: MMSG-15919]
vuser_end.c(6): Registering web_reg_find was successful  	[MsgId: MMSG-26390]
vuser_end.c(9): web_url("Account.action_2") started  	[MsgId: MMSG-26355]
vuser_end.c(4): Notify: Transaction "PetStore_SignOut_T01" started.	[MsgId: MMSG-16999]
vuser_end.c(6): web_reg_find started  	[MsgId: MMSG-26355]
vuser_end.c(6): Registering web_reg_find was successful  	[MsgId: MMSG-26390]
vuser_end.c(9): web_url("Account.action_2") started  	[MsgId: MMSG-26355]
Action was aborted.	[MsgId: MMSG-10694]
Ending Vuser...	[MsgId: MMSG-15966]
Starting action vuser_end.	[MsgId: MMSG-15919]
vuser_end.c(4): Notify: Transaction "PetStore_SignOut_T01" started.	[MsgId: MMSG-16999]
Action was aborted.	[MsgId: MMSG-10694]
vuser_end.c(6): web_reg_find started  	[MsgId: MMSG-26355]
Ending Vuser...	[MsgId: MMSG-15966]
vuser_end.c(6): Registering web_reg_find was successful  	[MsgId: MMSG-26390]
Starting action vuser_end.	[MsgId: MMSG-15919]
vuser_end.c(9): web_url("Account.action_2") started  	[MsgId: MMSG-26355]
vuser_end.c(4): Notify: Transaction "PetStore_SignOut_T01" started.	[MsgId: MMSG-16999]
vuser_end.c(6): web_reg_find started  	[MsgId: MMSG-26355]
vuser_end.c(6): Registering web_reg_find was successful  	[MsgId: MMSG-26390]
vuser_end.c(9): web_url("Account.action_2") started  	[MsgId: MMSG-26355]
Action was aborted.	[MsgId: MMSG-10694]
Ending Vuser...	[MsgId: MMSG-15966]
Starting action vuser_end.	[MsgId: MMSG-15919]
vuser_end.c(4): Notify: Transaction "PetStore_SignOut_T01" started.	[MsgId: MMSG-16999]
vuser_end.c(6): web_reg_find started  	[MsgId: MMSG-26355]
vuser_end.c(6): Registering web_reg_find was successful  	[MsgId: MMSG-26390]
vuser_end.c(9): web_url("Account.action_2") started  	[MsgId: MMSG-26355]
Action was aborted.	[MsgId: MMSG-10694]
Ending Vuser...	[MsgId: MMSG-15966]
Starting action vuser_end.	[MsgId: MMSG-15919]
vuser_end.c(4): Notify: Transaction "PetStore_SignOut_T01" started.	[MsgId: MMSG-16999]
vuser_end.c(6): web_reg_find started  	[MsgId: MMSG-26355]
vuser_end.c(6): Registering web_reg_find was successful  	[MsgId: MMSG-26390]
vuser_end.c(9): web_url("Account.action_2") started  	[MsgId: MMSG-26355]
vuser_end.c(4): Notify: Transaction "PetStore_SignOut_T01" started.	[MsgId: MMSG-16999]
vuser_end.c(6): web_reg_find started  	[MsgId: MMSG-26355]
vuser_end.c(6): Registering web_reg_find was successful  	[MsgId: MMSG-26390]
vuser_end.c(9): web_url("Account.action_2") started  	[MsgId: MMSG-26355]
UpdateCart.c(9): Resource "https://petstore.octoperf.com/images/banner_fish.gif" is in the cache already and will not be downloaded again  	[MsgId: MMSG-26655]
UpdateCart.c(9): Registered web_reg_find successful for "Text=Sub Total:" (count=1)  	[MsgId: MMSG-26364]
UpdateCart.c(9): web_url("Cart.action") was successful, 4630 body bytes, 225 header bytes  	[MsgId: MMSG-26386]
UpdateCart.c(19): Notify: Transaction "PetStore_ClickOnViewcart_T01" ended with a "Pass" status (Duration: 0.1532 Wasted Time: 0.0000).	[MsgId: MMSG-16871]
UpdateCart.c(21): lr_think_time: 4.48 seconds (recorded think time was 5.00 seconds).	[MsgId: MMSG-15947]
vuser_end.c(9): Redirecting "https://petstore.octoperf.com/actions/Account.action?signoff=" (redirection depth is 0)  	[MsgId: MMSG-26694]
vuser_end.c(9): To location "https://petstore.octoperf.com/actions/Catalog.action"  	[MsgId: MMSG-26693]
vuser_end.c(9): Resource "https://petstore.octoperf.com/css/jpetstore.css" is in the cache already and will not be downloaded again  	[MsgId: MMSG-26655]
vuser_end.c(9): Resource "https://petstore.octoperf.com/images/logo-topbar.svg" is in the cache already and will not be downloaded again  	[MsgId: MMSG-26655]
vuser_end.c(9): Resource "https://petstore.octoperf.com/images/cart.gif" is in the cache already and will not be downloaded again  	[MsgId: MMSG-26655]
vuser_end.c(9): Resource "https://petstore.octoperf.com/images/separator.gif" is in the cache already and will not be downloaded again  	[MsgId: MMSG-26655]
vuser_end.c(9): Resource "https://petstore.octoperf.com/images/sm_fish.gif" is in the cache already and will not be downloaded again  	[MsgId: MMSG-26655]
vuser_end.c(9): Resource "https://petstore.octoperf.com/images/sm_dogs.gif" is in the cache already and will not be downloaded again  	[MsgId: MMSG-26655]
vuser_end.c(9): Resource "https://petstore.octoperf.com/images/sm_reptiles.gif" is in the cache already and will not be downloaded again  	[MsgId: MMSG-26655]
vuser_end.c(9): Resource "https://petstore.octoperf.com/images/sm_cats.gif" is in the cache already and will not be downloaded again  	[MsgId: MMSG-26655]
vuser_end.c(9): Resource "https://petstore.octoperf.com/images/sm_birds.gif" is in the cache already and will not be downloaded again  	[MsgId: MMSG-26655]
vuser_end.c(9): Resource "https://petstore.octoperf.com/images/fish_icon.gif" is in the cache already and will not be downloaded again  	[MsgId: MMSG-26655]
vuser_end.c(9): Resource "https://petstore.octoperf.com/images/dogs_icon.gif" is in the cache already and will not be downloaded again  	[MsgId: MMSG-26655]
vuser_end.c(9): Resource "https://petstore.octoperf.com/images/cats_icon.gif" is in the cache already and will not be downloaded again  	[MsgId: MMSG-26655]
vuser_end.c(9): Resource "https://petstore.octoperf.com/images/reptiles_icon.gif" is in the cache already and will not be downloaded again  	[MsgId: MMSG-26655]
vuser_end.c(9): Resource "https://petstore.octoperf.com/images/birds_icon.gif" is in the cache already and will not be downloaded again  	[MsgId: MMSG-26655]
vuser_end.c(9): Resource "https://petstore.octoperf.com/images/splash.gif" is in the cache already and will not be downloaded again  	[MsgId: MMSG-26655]
vuser_end.c(9): Registered web_reg_find successful for "Text=Sign In" (count=1)  	[MsgId: MMSG-26364]
vuser_end.c(9): web_url("Account.action_2") was successful, 4736 body bytes, 518 header bytes  	[MsgId: MMSG-26386]
vuser_end.c(18): Notify: Transaction "PetStore_SignOut_T01" ended with a "Pass" status (Duration: 0.2510 Wasted Time: 0.0000).	[MsgId: MMSG-16871]
vuser_end.c(20): Script Exection done sucessfully	[MsgId: MMSG-17999]
vuser_end.c(21): web_cache_cleanup started  	[MsgId: MMSG-26355]
vuser_end.c(21): web_cache_cleanup was successful  	[MsgId: MMSG-26392]
vuser_end.c(22): web_cleanup_cookies started  	[MsgId: MMSG-26355]
vuser_end.c(22): web_cleanup_cookies was successful  	[MsgId: MMSG-26392]
Ending action vuser_end.	[MsgId: MMSG-15918]
Vuser Terminated.	[MsgId: MMSG-15963]
Vuser 6 (thread 2680), ended OK."	[MsgId: MMSG-10695]
vuser_end.c(9): Redirecting "https://petstore.octoperf.com/actions/Account.action?signoff=" (redirection depth is 0)  	[MsgId: MMSG-26694]
vuser_end.c(9): To location "https://petstore.octoperf.com/actions/Catalog.action"  	[MsgId: MMSG-26693]
vuser_end.c(9): Redirecting "https://petstore.octoperf.com/actions/Account.action?signoff=" (redirection depth is 0)  	[MsgId: MMSG-26694]
vuser_end.c(9): To location "https://petstore.octoperf.com/actions/Catalog.action"  	[MsgId: MMSG-26693]
vuser_end.c(9): Redirecting "https://petstore.octoperf.com/actions/Account.action?signoff=" (redirection depth is 0)  	[MsgId: MMSG-26694]
vuser_end.c(9): To location "https://petstore.octoperf.com/actions/Catalog.action"  	[MsgId: MMSG-26693]
vuser_end.c(9): Redirecting "https://petstore.octoperf.com/actions/Account.action?signoff=" (redirection depth is 0)  	[MsgId: MMSG-26694]
vuser_end.c(9): To location "https://petstore.octoperf.com/actions/Catalog.action"  	[MsgId: MMSG-26693]
vuser_end.c(9): Redirecting "https://petstore.octoperf.com/actions/Account.action?signoff=" (redirection depth is 0)  	[MsgId: MMSG-26694]
vuser_end.c(9): To location "https://petstore.octoperf.com/actions/Catalog.action"  	[MsgId: MMSG-26693]
vuser_end.c(9): Redirecting "https://petstore.octoperf.com/actions/Account.action?signoff=" (redirection depth is 0)  	[MsgId: MMSG-26694]
vuser_end.c(9): To location "https://petstore.octoperf.com/actions/Catalog.action"  	[MsgId: MMSG-26693]
AddToCard.c(67): Notify: Transaction "PetStore_SelectItemId_T03" started.	[MsgId: MMSG-16999]
AddToCard.c(71): Notify: Parameter Substitution: parameter "itemId_count" =  "2"	[MsgId: MMSG-13992]
AddToCard.c(72): Notify: Parameter Substitution: parameter "itemId_1" =  "EST-1"	[MsgId: MMSG-13992]
AddToCard.c(74): Notify: Saving Parameter "RanditemId = EST-1".	[MsgId: MMSG-13798]
AddToCard.c(75): Notify: Parameter Substitution: parameter "RanditemId" =  "EST-1"	[MsgId: MMSG-13992]
AddToCard.c(75): Random category selected in Action2 = EST-1	[MsgId: MMSG-17999]
AddToCard.c(77): web_reg_find started  	[MsgId: MMSG-26355]
AddToCard.c(77): Notify: Parameter Substitution: parameter "RanditemId" =  "EST-1"	[MsgId: MMSG-13992]
AddToCard.c(77): Registering web_reg_find was successful  	[MsgId: MMSG-26390]
AddToCard.c(79): web_link("{RanditemId}") started  	[MsgId: MMSG-26355]
AddToCard.c(79): Notify: Parameter Substitution: parameter "RanditemId" =  "EST-1"	[MsgId: MMSG-13992]
AddToCard.c(79): Linking to "https://petstore.octoperf.com/actions/Catalog.action?viewItem=&itemId=EST-1", Target Frame=""  	[MsgId: MMSG-27994]
vuser_end.c(9): Found resource "https://petstore.octoperf.com/css/jpetstore.css" in HTML "https://petstore.octoperf.com/actions/Catalog.action"  	[MsgId: MMSG-26659]
vuser_end.c(9): Found resource "https://petstore.octoperf.com/images/logo-topbar.svg" in HTML "https://petstore.octoperf.com/actions/Catalog.action"  	[MsgId: MMSG-26659]
vuser_end.c(9): Found resource "https://petstore.octoperf.com/images/cart.gif" in HTML "https://petstore.octoperf.com/actions/Catalog.action"  	[MsgId: MMSG-26659]
vuser_end.c(9): Found resource "https://petstore.octoperf.com/images/separator.gif" in HTML "https://petstore.octoperf.com/actions/Catalog.action"  	[MsgId: MMSG-26659]
vuser_end.c(9): Found resource "https://petstore.octoperf.com/images/sm_fish.gif" in HTML "https://petstore.octoperf.com/actions/Catalog.action"  	[MsgId: MMSG-26659]
vuser_end.c(9): Found resource "https://petstore.octoperf.com/images/sm_dogs.gif" in HTML "https://petstore.octoperf.com/actions/Catalog.action"  	[MsgId: MMSG-26659]
vuser_end.c(9): Found resource "https://petstore.octoperf.com/images/sm_reptiles.gif" in HTML "https://petstore.octoperf.com/actions/Catalog.action"  	[MsgId: MMSG-26659]
vuser_end.c(9): Found resource "https://petstore.octoperf.com/images/sm_cats.gif" in HTML "https://petstore.octoperf.com/actions/Catalog.action"  	[MsgId: MMSG-26659]
vuser_end.c(9): Found resource "https://petstore.octoperf.com/images/sm_birds.gif" in HTML "https://petstore.octoperf.com/actions/Catalog.action"  	[MsgId: MMSG-26659]
vuser_end.c(9): Found resource "https://petstore.octoperf.com/images/fish_icon.gif" in HTML "https://petstore.octoperf.com/actions/Catalog.action"  	[MsgId: MMSG-26659]
vuser_end.c(9): Found resource "https://petstore.octoperf.com/images/dogs_icon.gif" in HTML "https://petstore.octoperf.com/actions/Catalog.action"  	[MsgId: MMSG-26659]
vuser_end.c(9): Found resource "https://petstore.octoperf.com/images/cats_icon.gif" in HTML "https://petstore.octoperf.com/actions/Catalog.action"  	[MsgId: MMSG-26659]
vuser_end.c(9): Found resource "https://petstore.octoperf.com/images/reptiles_icon.gif" in HTML "https://petstore.octoperf.com/actions/Catalog.action"  	[MsgId: MMSG-26659]
vuser_end.c(9): Found resource "https://petstore.octoperf.com/images/birds_icon.gif" in HTML "https://petstore.octoperf.com/actions/Catalog.action"  	[MsgId: MMSG-26659]
vuser_end.c(9): Found resource "https://petstore.octoperf.com/images/splash.gif" in HTML "https://petstore.octoperf.com/actions/Catalog.action"  	[MsgId: MMSG-26659]
vuser_end.c(9): Found resource "https://petstore.octoperf.com/css/jpetstore.css" in HTML "https://petstore.octoperf.com/actions/Catalog.action"  	[MsgId: MMSG-26659]
vuser_end.c(9): Found resource "https://petstore.octoperf.com/images/logo-topbar.svg" in HTML "https://petstore.octoperf.com/actions/Catalog.action"  	[MsgId: MMSG-26659]
vuser_end.c(9): Found resource "https://petstore.octoperf.com/images/cart.gif" in HTML "https://petstore.octoperf.com/actions/Catalog.action"  	[MsgId: MMSG-26659]
vuser_end.c(9): Found resource "https://petstore.octoperf.com/images/separator.gif" in HTML "https://petstore.octoperf.com/actions/Catalog.action"  	[MsgId: MMSG-26659]
vuser_end.c(9): Found resource "https://petstore.octoperf.com/images/sm_fish.gif" in HTML "https://petstore.octoperf.com/actions/Catalog.action"  	[MsgId: MMSG-26659]
vuser_end.c(9): Found resource "https://petstore.octoperf.com/images/sm_dogs.gif" in HTML "https://petstore.octoperf.com/actions/Catalog.action"  	[MsgId: MMSG-26659]
vuser_end.c(9): Found resource "https://petstore.octoperf.com/images/sm_reptiles.gif" in HTML "https://petstore.octoperf.com/actions/Catalog.action"  	[MsgId: MMSG-26659]
vuser_end.c(9): Found resource "https://petstore.octoperf.com/images/sm_cats.gif" in HTML "https://petstore.octoperf.com/actions/Catalog.action"  	[MsgId: MMSG-26659]
vuser_end.c(9): Found resource "https://petstore.octoperf.com/images/sm_birds.gif" in HTML "https://petstore.octoperf.com/actions/Catalog.action"  	[MsgId: MMSG-26659]
vuser_end.c(9): Found resource "https://petstore.octoperf.com/images/fish_icon.gif" in HTML "https://petstore.octoperf.com/actions/Catalog.action"  	[MsgId: MMSG-26659]
vuser_end.c(9): Found resource "https://petstore.octoperf.com/images/dogs_icon.gif" in HTML "https://petstore.octoperf.com/actions/Catalog.action"  	[MsgId: MMSG-26659]
vuser_end.c(9): Found resource "https://petstore.octoperf.com/images/cats_icon.gif" in HTML "https://petstore.octoperf.com/actions/Catalog.action"  	[MsgId: MMSG-26659]
vuser_end.c(9): Found resource "https://petstore.octoperf.com/images/reptiles_icon.gif" in HTML "https://petstore.octoperf.com/actions/Catalog.action"  	[MsgId: MMSG-26659]
vuser_end.c(9): Found resource "https://petstore.octoperf.com/images/birds_icon.gif" in HTML "https://petstore.octoperf.com/actions/Catalog.action"  	[MsgId: MMSG-26659]
vuser_end.c(9): Found resource "https://petstore.octoperf.com/images/splash.gif" in HTML "https://petstore.octoperf.com/actions/Catalog.action"  	[MsgId: MMSG-26659]
vuser_end.c(9): Found resource "https://petstore.octoperf.com/css/jpetstore.css" in HTML "https://petstore.octoperf.com/actions/Catalog.action"  	[MsgId: MMSG-26659]
vuser_end.c(9): Found resource "https://petstore.octoperf.com/images/logo-topbar.svg" in HTML "https://petstore.octoperf.com/actions/Catalog.action"  	[MsgId: MMSG-26659]
vuser_end.c(9): Found resource "https://petstore.octoperf.com/images/cart.gif" in HTML "https://petstore.octoperf.com/actions/Catalog.action"  	[MsgId: MMSG-26659]
vuser_end.c(9): Found resource "https://petstore.octoperf.com/images/separator.gif" in HTML "https://petstore.octoperf.com/actions/Catalog.action"  	[MsgId: MMSG-26659]
vuser_end.c(9): Found resource "https://petstore.octoperf.com/images/sm_fish.gif" in HTML "https://petstore.octoperf.com/actions/Catalog.action"  	[MsgId: MMSG-26659]
vuser_end.c(9): Found resource "https://petstore.octoperf.com/images/sm_dogs.gif" in HTML "https://petstore.octoperf.com/actions/Catalog.action"  	[MsgId: MMSG-26659]
vuser_end.c(9): Found resource "https://petstore.octoperf.com/images/sm_reptiles.gif" in HTML "https://petstore.octoperf.com/actions/Catalog.action"  	[MsgId: MMSG-26659]
vuser_end.c(9): Found resource "https://petstore.octoperf.com/images/sm_cats.gif" in HTML "https://petstore.octoperf.com/actions/Catalog.action"  	[MsgId: MMSG-26659]
vuser_end.c(9): Found resource "https://petstore.octoperf.com/images/sm_birds.gif" in HTML "https://petstore.octoperf.com/actions/Catalog.action"  	[MsgId: MMSG-26659]
vuser_end.c(9): Found resource "https://petstore.octoperf.com/images/fish_icon.gif" in HTML "https://petstore.octoperf.com/actions/Catalog.action"  	[MsgId: MMSG-26659]
vuser_end.c(9): Found resource "https://petstore.octoperf.com/images/dogs_icon.gif" in HTML "https://petstore.octoperf.com/actions/Catalog.action"  	[MsgId: MMSG-26659]
vuser_end.c(9): Found resource "https://petstore.octoperf.com/images/cats_icon.gif" in HTML "https://petstore.octoperf.com/actions/Catalog.action"  	[MsgId: MMSG-26659]
vuser_end.c(9): Found resource "https://petstore.octoperf.com/images/reptiles_icon.gif" in HTML "https://petstore.octoperf.com/actions/Catalog.action"  	[MsgId: MMSG-26659]
vuser_end.c(9): Found resource "https://petstore.octoperf.com/images/birds_icon.gif" in HTML "https://petstore.octoperf.com/actions/Catalog.action"  	[MsgId: MMSG-26659]
vuser_end.c(9): Found resource "https://petstore.octoperf.com/images/splash.gif" in HTML "https://petstore.octoperf.com/actions/Catalog.action"  	[MsgId: MMSG-26659]
vuser_end.c(9): Found resource "https://petstore.octoperf.com/css/jpetstore.css" in HTML "https://petstore.octoperf.com/actions/Catalog.action"  	[MsgId: MMSG-26659]
vuser_end.c(9): Found resource "https://petstore.octoperf.com/images/logo-topbar.svg" in HTML "https://petstore.octoperf.com/actions/Catalog.action"  	[MsgId: MMSG-26659]
vuser_end.c(9): Found resource "https://petstore.octoperf.com/images/cart.gif" in HTML "https://petstore.octoperf.com/actions/Catalog.action"  	[MsgId: MMSG-26659]
vuser_end.c(9): Found resource "https://petstore.octoperf.com/images/separator.gif" in HTML "https://petstore.octoperf.com/actions/Catalog.action"  	[MsgId: MMSG-26659]
vuser_end.c(9): Found resource "https://petstore.octoperf.com/images/sm_fish.gif" in HTML "https://petstore.octoperf.com/actions/Catalog.action"  	[MsgId: MMSG-26659]
vuser_end.c(9): Found resource "https://petstore.octoperf.com/images/sm_dogs.gif" in HTML "https://petstore.octoperf.com/actions/Catalog.action"  	[MsgId: MMSG-26659]
vuser_end.c(9): Found resource "https://petstore.octoperf.com/images/sm_reptiles.gif" in HTML "https://petstore.octoperf.com/actions/Catalog.action"  	[MsgId: MMSG-26659]
vuser_end.c(9): Found resource "https://petstore.octoperf.com/images/sm_cats.gif" in HTML "https://petstore.octoperf.com/actions/Catalog.action"  	[MsgId: MMSG-26659]
vuser_end.c(9): Found resource "https://petstore.octoperf.com/images/sm_birds.gif" in HTML "https://petstore.octoperf.com/actions/Catalog.action"  	[MsgId: MMSG-26659]
vuser_end.c(9): Found resource "https://petstore.octoperf.com/images/fish_icon.gif" in HTML "https://petstore.octoperf.com/actions/Catalog.action"  	[MsgId: MMSG-26659]
vuser_end.c(9): Found resource "https://petstore.octoperf.com/images/dogs_icon.gif" in HTML "https://petstore.octoperf.com/actions/Catalog.action"  	[MsgId: MMSG-26659]
vuser_end.c(9): Found resource "https://petstore.octoperf.com/images/cats_icon.gif" in HTML "https://petstore.octoperf.com/actions/Catalog.action"  	[MsgId: MMSG-26659]
vuser_end.c(9): Found resource "https://petstore.octoperf.com/images/reptiles_icon.gif" in HTML "https://petstore.octoperf.com/actions/Catalog.action"  	[MsgId: MMSG-26659]
vuser_end.c(9): Found resource "https://petstore.octoperf.com/images/birds_icon.gif" in HTML "https://petstore.octoperf.com/actions/Catalog.action"  	[MsgId: MMSG-26659]
vuser_end.c(9): Found resource "https://petstore.octoperf.com/images/splash.gif" in HTML "https://petstore.octoperf.com/actions/Catalog.action"  	[MsgId: MMSG-26659]
vuser_end.c(9): Found resource "https://petstore.octoperf.com/css/jpetstore.css" in HTML "https://petstore.octoperf.com/actions/Catalog.action"  	[MsgId: MMSG-26659]
vuser_end.c(9): Found resource "https://petstore.octoperf.com/images/logo-topbar.svg" in HTML "https://petstore.octoperf.com/actions/Catalog.action"  	[MsgId: MMSG-26659]
vuser_end.c(9): Found resource "https://petstore.octoperf.com/images/cart.gif" in HTML "https://petstore.octoperf.com/actions/Catalog.action"  	[MsgId: MMSG-26659]
vuser_end.c(9): Found resource "https://petstore.octoperf.com/images/separator.gif" in HTML "https://petstore.octoperf.com/actions/Catalog.action"  	[MsgId: MMSG-26659]
vuser_end.c(9): Found resource "https://petstore.octoperf.com/images/sm_fish.gif" in HTML "https://petstore.octoperf.com/actions/Catalog.action"  	[MsgId: MMSG-26659]
vuser_end.c(9): Found resource "https://petstore.octoperf.com/images/sm_dogs.gif" in HTML "https://petstore.octoperf.com/actions/Catalog.action"  	[MsgId: MMSG-26659]
vuser_end.c(9): Found resource "https://petstore.octoperf.com/images/sm_reptiles.gif" in HTML "https://petstore.octoperf.com/actions/Catalog.action"  	[MsgId: MMSG-26659]
vuser_end.c(9): Found resource "https://petstore.octoperf.com/images/sm_cats.gif" in HTML "https://petstore.octoperf.com/actions/Catalog.action"  	[MsgId: MMSG-26659]
vuser_end.c(9): Found resource "https://petstore.octoperf.com/images/sm_birds.gif" in HTML "https://petstore.octoperf.com/actions/Catalog.action"  	[MsgId: MMSG-26659]
vuser_end.c(9): Found resource "https://petstore.octoperf.com/images/fish_icon.gif" in HTML "https://petstore.octoperf.com/actions/Catalog.action"  	[MsgId: MMSG-26659]
vuser_end.c(9): Found resource "https://petstore.octoperf.com/images/dogs_icon.gif" in HTML "https://petstore.octoperf.com/actions/Catalog.action"  	[MsgId: MMSG-26659]
vuser_end.c(9): Found resource "https://petstore.octoperf.com/images/cats_icon.gif" in HTML "https://petstore.octoperf.com/actions/Catalog.action"  	[MsgId: MMSG-26659]
vuser_end.c(9): Found resource "https://petstore.octoperf.com/images/reptiles_icon.gif" in HTML "https://petstore.octoperf.com/actions/Catalog.action"  	[MsgId: MMSG-26659]
vuser_end.c(9): Found resource "https://petstore.octoperf.com/images/birds_icon.gif" in HTML "https://petstore.octoperf.com/actions/Catalog.action"  	[MsgId: MMSG-26659]
vuser_end.c(9): Found resource "https://petstore.octoperf.com/images/splash.gif" in HTML "https://petstore.octoperf.com/actions/Catalog.action"  	[MsgId: MMSG-26659]
vuser_end.c(9): Found resource "https://petstore.octoperf.com/css/jpetstore.css" in HTML "https://petstore.octoperf.com/actions/Catalog.action"  	[MsgId: MMSG-26659]
vuser_end.c(9): Found resource "https://petstore.octoperf.com/images/logo-topbar.svg" in HTML "https://petstore.octoperf.com/actions/Catalog.action"  	[MsgId: MMSG-26659]
vuser_end.c(9): Found resource "https://petstore.octoperf.com/images/cart.gif" in HTML "https://petstore.octoperf.com/actions/Catalog.action"  	[MsgId: MMSG-26659]
vuser_end.c(9): Found resource "https://petstore.octoperf.com/images/separator.gif" in HTML "https://petstore.octoperf.com/actions/Catalog.action"  	[MsgId: MMSG-26659]
vuser_end.c(9): Found resource "https://petstore.octoperf.com/images/sm_fish.gif" in HTML "https://petstore.octoperf.com/actions/Catalog.action"  	[MsgId: MMSG-26659]
vuser_end.c(9): Found resource "https://petstore.octoperf.com/images/sm_dogs.gif" in HTML "https://petstore.octoperf.com/actions/Catalog.action"  	[MsgId: MMSG-26659]
vuser_end.c(9): Found resource "https://petstore.octoperf.com/images/sm_reptiles.gif" in HTML "https://petstore.octoperf.com/actions/Catalog.action"  	[MsgId: MMSG-26659]
vuser_end.c(9): Found resource "https://petstore.octoperf.com/images/sm_cats.gif" in HTML "https://petstore.octoperf.com/actions/Catalog.action"  	[MsgId: MMSG-26659]
vuser_end.c(9): Found resource "https://petstore.octoperf.com/images/sm_birds.gif" in HTML "https://petstore.octoperf.com/actions/Catalog.action"  	[MsgId: MMSG-26659]
vuser_end.c(9): Found resource "https://petstore.octoperf.com/images/fish_icon.gif" in HTML "https://petstore.octoperf.com/actions/Catalog.action"  	[MsgId: MMSG-26659]
vuser_end.c(9): Found resource "https://petstore.octoperf.com/images/dogs_icon.gif" in HTML "https://petstore.octoperf.com/actions/Catalog.action"  	[MsgId: MMSG-26659]
vuser_end.c(9): Found resource "https://petstore.octoperf.com/images/cats_icon.gif" in HTML "https://petstore.octoperf.com/actions/Catalog.action"  	[MsgId: MMSG-26659]
vuser_end.c(9): Found resource "https://petstore.octoperf.com/images/reptiles_icon.gif" in HTML "https://petstore.octoperf.com/actions/Catalog.action"  	[MsgId: MMSG-26659]
vuser_end.c(9): Found resource "https://petstore.octoperf.com/images/birds_icon.gif" in HTML "https://petstore.octoperf.com/actions/Catalog.action"  	[MsgId: MMSG-26659]
vuser_end.c(9): Found resource "https://petstore.octoperf.com/images/splash.gif" in HTML "https://petstore.octoperf.com/actions/Catalog.action"  	[MsgId: MMSG-26659]
AddToCard.c(79): Resource "https://petstore.octoperf.com/css/jpetstore.css" is in the cache already and will not be downloaded again  	[MsgId: MMSG-26655]
AddToCard.c(79): Resource "https://petstore.octoperf.com/images/logo-topbar.svg" is in the cache already and will not be downloaded again  	[MsgId: MMSG-26655]
AddToCard.c(79): Resource "https://petstore.octoperf.com/images/cart.gif" is in the cache already and will not be downloaded again  	[MsgId: MMSG-26655]
AddToCard.c(79): Resource "https://petstore.octoperf.com/images/separator.gif" is in the cache already and will not be downloaded again  	[MsgId: MMSG-26655]
AddToCard.c(79): Resource "https://petstore.octoperf.com/images/sm_fish.gif" is in the cache already and will not be downloaded again  	[MsgId: MMSG-26655]
AddToCard.c(79): Resource "https://petstore.octoperf.com/images/sm_dogs.gif" is in the cache already and will not be downloaded again  	[MsgId: MMSG-26655]
AddToCard.c(79): Resource "https://petstore.octoperf.com/images/sm_reptiles.gif" is in the cache already and will not be downloaded again  	[MsgId: MMSG-26655]
AddToCard.c(79): Resource "https://petstore.octoperf.com/images/sm_cats.gif" is in the cache already and will not be downloaded again  	[MsgId: MMSG-26655]
AddToCard.c(79): Resource "https://petstore.octoperf.com/images/sm_birds.gif" is in the cache already and will not be downloaded again  	[MsgId: MMSG-26655]
AddToCard.c(79): Found resource "https://petstore.octoperf.com/images/fish1.gif" in HTML "https://petstore.octoperf.com/actions/Catalog.action?viewItem=&itemId=EST-1"  	[MsgId: MMSG-26659]
AddToCard.c(79): Resource "https://petstore.octoperf.com/images/banner_fish.gif" is in the cache already and will not be downloaded again  	[MsgId: MMSG-26655]
vuser_end.c(9): Registered web_reg_find successful for "Text=Sign In" (count=1)  	[MsgId: MMSG-26364]
vuser_end.c(9): web_url("Account.action_2") was successful, 68770 body bytes, 4761 header bytes  	[MsgId: MMSG-26386]
vuser_end.c(18): Notify: Transaction "PetStore_SignOut_T01" ended with a "Pass" status (Duration: 1.3576 Wasted Time: 0.0001).	[MsgId: MMSG-16871]
vuser_end.c(20): Script Exection done sucessfully	[MsgId: MMSG-17999]
vuser_end.c(21): web_cache_cleanup started  	[MsgId: MMSG-26355]
vuser_end.c(21): web_cache_cleanup was successful  	[MsgId: MMSG-26392]
vuser_end.c(22): web_cleanup_cookies started  	[MsgId: MMSG-26355]
vuser_end.c(22): web_cleanup_cookies was successful  	[MsgId: MMSG-26392]
Ending action vuser_end.	[MsgId: MMSG-15918]
Vuser Terminated.	[MsgId: MMSG-15963]
vuser_end.c(9): Registered web_reg_find successful for "Text=Sign In" (count=1)  	[MsgId: MMSG-26364]
vuser_end.c(9): web_url("Account.action_2") was successful, 68770 body bytes, 4836 header bytes  	[MsgId: MMSG-26386]
vuser_end.c(18): Notify: Transaction "PetStore_SignOut_T01" ended with a "Pass" status (Duration: 1.3583 Wasted Time: 0.0001).	[MsgId: MMSG-16871]
vuser_end.c(20): Script Exection done sucessfully	[MsgId: MMSG-17999]
vuser_end.c(21): web_cache_cleanup started  	[MsgId: MMSG-26355]
vuser_end.c(21): web_cache_cleanup was successful  	[MsgId: MMSG-26392]
vuser_end.c(22): web_cleanup_cookies started  	[MsgId: MMSG-26355]
vuser_end.c(22): web_cleanup_cookies was successful  	[MsgId: MMSG-26392]
Ending action vuser_end.	[MsgId: MMSG-15918]
Vuser Terminated.	[MsgId: MMSG-15963]
Vuser 5 (thread 4000), ended OK."	[MsgId: MMSG-10695]
Vuser 2 (thread 6684), ended OK."	[MsgId: MMSG-10695]
vuser_end.c(9): Registered web_reg_find successful for "Text=Sign In" (count=1)  	[MsgId: MMSG-26364]
vuser_end.c(9): web_url("Account.action_2") was successful, 68770 body bytes, 4761 header bytes  	[MsgId: MMSG-26386]
vuser_end.c(18): Notify: Transaction "PetStore_SignOut_T01" ended with a "Pass" status (Duration: 1.4499 Wasted Time: 0.0002).	[MsgId: MMSG-16871]
vuser_end.c(20): Script Exection done sucessfully	[MsgId: MMSG-17999]
vuser_end.c(21): web_cache_cleanup started  	[MsgId: MMSG-26355]
vuser_end.c(21): web_cache_cleanup was successful  	[MsgId: MMSG-26392]
vuser_end.c(22): web_cleanup_cookies started  	[MsgId: MMSG-26355]
vuser_end.c(22): web_cleanup_cookies was successful  	[MsgId: MMSG-26392]
Ending action vuser_end.	[MsgId: MMSG-15918]
Vuser Terminated.	[MsgId: MMSG-15963]
Vuser 0 (thread 5912), ended OK."	[MsgId: MMSG-10695]
vuser_end.c(9): Registered web_reg_find successful for "Text=Sign In" (count=1)  	[MsgId: MMSG-26364]
vuser_end.c(9): web_url("Account.action_2") was successful, 68770 body bytes, 4836 header bytes  	[MsgId: MMSG-26386]
vuser_end.c(18): Notify: Transaction "PetStore_SignOut_T01" ended with a "Pass" status (Duration: 1.4530 Wasted Time: 0.0001).	[MsgId: MMSG-16871]
vuser_end.c(20): Script Exection done sucessfully	[MsgId: MMSG-17999]
vuser_end.c(21): web_cache_cleanup started  	[MsgId: MMSG-26355]
vuser_end.c(21): web_cache_cleanup was successful  	[MsgId: MMSG-26392]
vuser_end.c(22): web_cleanup_cookies started  	[MsgId: MMSG-26355]
vuser_end.c(22): web_cleanup_cookies was successful  	[MsgId: MMSG-26392]
Ending action vuser_end.	[MsgId: MMSG-15918]
Vuser Terminated.	[MsgId: MMSG-15963]
Vuser 3 (thread 752), ended OK."	[MsgId: MMSG-10695]
vuser_end.c(9): Registered web_reg_find successful for "Text=Sign In" (count=1)  	[MsgId: MMSG-26364]
vuser_end.c(9): web_url("Account.action_2") was successful, 68770 body bytes, 4836 header bytes  	[MsgId: MMSG-26386]
vuser_end.c(18): Notify: Transaction "PetStore_SignOut_T01" ended with a "Pass" status (Duration: 1.4468 Wasted Time: 0.0002).	[MsgId: MMSG-16871]
vuser_end.c(20): Script Exection done sucessfully	[MsgId: MMSG-17999]
vuser_end.c(21): web_cache_cleanup started  	[MsgId: MMSG-26355]
vuser_end.c(21): web_cache_cleanup was successful  	[MsgId: MMSG-26392]
vuser_end.c(22): web_cleanup_cookies started  	[MsgId: MMSG-26355]
vuser_end.c(22): web_cleanup_cookies was successful  	[MsgId: MMSG-26392]
Ending action vuser_end.	[MsgId: MMSG-15918]
Vuser Terminated.	[MsgId: MMSG-15963]
Vuser 4 (thread 1244), ended OK."	[MsgId: MMSG-10695]
vuser_end.c(9): Registered web_reg_find successful for "Text=Sign In" (count=1)  	[MsgId: MMSG-26364]
vuser_end.c(9): web_url("Account.action_2") was successful, 68770 body bytes, 4761 header bytes  	[MsgId: MMSG-26386]
vuser_end.c(18): Notify: Transaction "PetStore_SignOut_T01" ended with a "Pass" status (Duration: 1.4586 Wasted Time: 0.0002).	[MsgId: MMSG-16871]
vuser_end.c(20): Script Exection done sucessfully	[MsgId: MMSG-17999]
vuser_end.c(21): web_cache_cleanup started  	[MsgId: MMSG-26355]
vuser_end.c(21): web_cache_cleanup was successful  	[MsgId: MMSG-26392]
vuser_end.c(22): web_cleanup_cookies started  	[MsgId: MMSG-26355]
vuser_end.c(22): web_cleanup_cookies was successful  	[MsgId: MMSG-26392]
Ending action vuser_end.	[MsgId: MMSG-15918]
Vuser Terminated.	[MsgId: MMSG-15963]
Vuser 1 (thread 2080), ended OK."	[MsgId: MMSG-10695]
AddToCard.c(79): Registered web_reg_find successful for "Text=EST-1" (count=2)  	[MsgId: MMSG-26364]
AddToCard.c(79): web_link("{RanditemId}") was successful, 16399 body bytes, 511 header bytes  	[MsgId: MMSG-26386]
AddToCard.c(84): Notify: Transaction "PetStore_SelectItemId_T03" ended with a "Pass" status (Duration: 0.6490 Wasted Time: 0.0000).	[MsgId: MMSG-16871]
AddToCard.c(86): lr_think_time: 3.98 seconds (recorded think time was 5.00 seconds).	[MsgId: MMSG-15947]
AddToCard.c(88): Notify: Transaction "PetStore_AddToCard_T04" started.	[MsgId: MMSG-16999]
AddToCard.c(90): web_reg_find started  	[MsgId: MMSG-26355]
AddToCard.c(90): Registering web_reg_find was successful  	[MsgId: MMSG-26390]
AddToCard.c(94): web_link("Add to Cart") started  	[MsgId: MMSG-26355]
AddToCard.c(94): Linking to "https://petstore.octoperf.com/actions/Cart.action?addItemToCart=&workingItemId=EST-15", Target Frame=""  	[MsgId: MMSG-27994]
AddToCard.c(94): Resource "https://petstore.octoperf.com/css/jpetstore.css" is in the cache already and will not be downloaded again  	[MsgId: MMSG-26655]
AddToCard.c(94): Resource "https://petstore.octoperf.com/images/logo-topbar.svg" is in the cache already and will not be downloaded again  	[MsgId: MMSG-26655]
AddToCard.c(94): Resource "https://petstore.octoperf.com/images/cart.gif" is in the cache already and will not be downloaded again  	[MsgId: MMSG-26655]
AddToCard.c(94): Resource "https://petstore.octoperf.com/images/separator.gif" is in the cache already and will not be downloaded again  	[MsgId: MMSG-26655]
AddToCard.c(94): Resource "https://petstore.octoperf.com/images/sm_fish.gif" is in the cache already and will not be downloaded again  	[MsgId: MMSG-26655]
AddToCard.c(94): Resource "https://petstore.octoperf.com/images/sm_dogs.gif" is in the cache already and will not be downloaded again  	[MsgId: MMSG-26655]
AddToCard.c(94): Resource "https://petstore.octoperf.com/images/sm_reptiles.gif" is in the cache already and will not be downloaded again  	[MsgId: MMSG-26655]
AddToCard.c(94): Resource "https://petstore.octoperf.com/images/sm_cats.gif" is in the cache already and will not be downloaded again  	[MsgId: MMSG-26655]
AddToCard.c(94): Resource "https://petstore.octoperf.com/images/sm_birds.gif" is in the cache already and will not be downloaded again  	[MsgId: MMSG-26655]
AddToCard.c(94): Resource "https://petstore.octoperf.com/images/banner_fish.gif" is in the cache already and will not be downloaded again  	[MsgId: MMSG-26655]
AddToCard.c(94): Registered web_reg_find successful for "Text=Shopping Cart" (count=1)  	[MsgId: MMSG-26364]
AddToCard.c(94): web_link("Add to Cart") was successful, 4631 body bytes, 225 header bytes  	[MsgId: MMSG-26386]
AddToCard.c(99): Notify: Transaction "PetStore_AddToCard_T04" ended with a "Pass" status (Duration: 0.1281 Wasted Time: 0.0000).	[MsgId: MMSG-16871]
Ending action AddToCard.	[MsgId: MMSG-15918]
Starting action UpdateCart.	[MsgId: MMSG-15919]
UpdateCart.c(4): Notify: Transaction "PetStore_ClickOnViewcart_T01" started.	[MsgId: MMSG-16999]
UpdateCart.c(6): web_reg_find started  	[MsgId: MMSG-26355]
UpdateCart.c(6): Registering web_reg_find was successful  	[MsgId: MMSG-26390]
UpdateCart.c(9): web_url("Cart.action") started  	[MsgId: MMSG-26355]
UpdateCart.c(9): Resource "https://petstore.octoperf.com/css/jpetstore.css" is in the cache already and will not be downloaded again  	[MsgId: MMSG-26655]
UpdateCart.c(9): Resource "https://petstore.octoperf.com/images/logo-topbar.svg" is in the cache already and will not be downloaded again  	[MsgId: MMSG-26655]
UpdateCart.c(9): Resource "https://petstore.octoperf.com/images/cart.gif" is in the cache already and will not be downloaded again  	[MsgId: MMSG-26655]
UpdateCart.c(9): Resource "https://petstore.octoperf.com/images/separator.gif" is in the cache already and will not be downloaded again  	[MsgId: MMSG-26655]
UpdateCart.c(9): Resource "https://petstore.octoperf.com/images/sm_fish.gif" is in the cache already and will not be downloaded again  	[MsgId: MMSG-26655]
UpdateCart.c(9): Resource "https://petstore.octoperf.com/images/sm_dogs.gif" is in the cache already and will not be downloaded again  	[MsgId: MMSG-26655]
UpdateCart.c(9): Resource "https://petstore.octoperf.com/images/sm_reptiles.gif" is in the cache already and will not be downloaded again  	[MsgId: MMSG-26655]
UpdateCart.c(9): Resource "https://petstore.octoperf.com/images/sm_cats.gif" is in the cache already and will not be downloaded again  	[MsgId: MMSG-26655]
UpdateCart.c(9): Resource "https://petstore.octoperf.com/images/sm_birds.gif" is in the cache already and will not be downloaded again  	[MsgId: MMSG-26655]
UpdateCart.c(9): Resource "https://petstore.octoperf.com/images/banner_fish.gif" is in the cache already and will not be downloaded again  	[MsgId: MMSG-26655]
UpdateCart.c(9): Registered web_reg_find successful for "Text=Sub Total:" (count=1)  	[MsgId: MMSG-26364]
UpdateCart.c(9): web_url("Cart.action") was successful, 4631 body bytes, 225 header bytes  	[MsgId: MMSG-26386]
UpdateCart.c(19): Notify: Transaction "PetStore_ClickOnViewcart_T01" ended with a "Pass" status (Duration: 0.1284 Wasted Time: 0.0000).	[MsgId: MMSG-16871]
UpdateCart.c(21): lr_think_time: 4.97 seconds (recorded think time was 5.00 seconds).	[MsgId: MMSG-15947]
UpdateCart.c(23): Notify: Transaction "PetStore_UpdateCart_T02" started.	[MsgId: MMSG-16999]
UpdateCart.c(28): Notify: Saving Parameter "RandQty = 8".	[MsgId: MMSG-13798]
UpdateCart.c(30): Notify: Parameter Substitution: parameter "RandQty" =  "8"	[MsgId: MMSG-13992]
UpdateCart.c(30): Random Quantity selected = 8	[MsgId: MMSG-17999]
UpdateCart.c(32): web_submit_form("Cart.action_2") started  	[MsgId: MMSG-26355]
UpdateCart.c(32): Notify: Parameter Substitution: parameter "RanditemId" =  "EST-14"	[MsgId: MMSG-13992]
UpdateCart.c(32): Submitting form to "https://petstore.octoperf.com/actions/Cart.action", Target Frame=""  	[MsgId: MMSG-27978]
UpdateCart.c(32): Resource "https://petstore.octoperf.com/css/jpetstore.css" is in the cache already and will not be downloaded again  	[MsgId: MMSG-26655]
UpdateCart.c(32): Resource "https://petstore.octoperf.com/images/logo-topbar.svg" is in the cache already and will not be downloaded again  	[MsgId: MMSG-26655]
UpdateCart.c(32): Resource "https://petstore.octoperf.com/images/cart.gif" is in the cache already and will not be downloaded again  	[MsgId: MMSG-26655]
UpdateCart.c(32): Resource "https://petstore.octoperf.com/images/separator.gif" is in the cache already and will not be downloaded again  	[MsgId: MMSG-26655]
UpdateCart.c(32): Resource "https://petstore.octoperf.com/images/sm_fish.gif" is in the cache already and will not be downloaded again  	[MsgId: MMSG-26655]
UpdateCart.c(32): Resource "https://petstore.octoperf.com/images/sm_dogs.gif" is in the cache already and will not be downloaded again  	[MsgId: MMSG-26655]
UpdateCart.c(32): Resource "https://petstore.octoperf.com/images/sm_reptiles.gif" is in the cache already and will not be downloaded again  	[MsgId: MMSG-26655]
UpdateCart.c(32): Resource "https://petstore.octoperf.com/images/sm_cats.gif" is in the cache already and will not be downloaded again  	[MsgId: MMSG-26655]
UpdateCart.c(32): Resource "https://petstore.octoperf.com/images/sm_birds.gif" is in the cache already and will not be downloaded again  	[MsgId: MMSG-26655]
UpdateCart.c(32): Resource "https://petstore.octoperf.com/images/banner_fish.gif" is in the cache already and will not be downloaded again  	[MsgId: MMSG-26655]
UpdateCart.c(32): web_submit_form("Cart.action_2") was successful, 4630 body bytes, 225 header bytes  	[MsgId: MMSG-26386]
UpdateCart.c(39): web_reg_find started  	[MsgId: MMSG-26355]
UpdateCart.c(39): Notify: Parameter Substitution: parameter "RandQty" =  "8"	[MsgId: MMSG-13992]
UpdateCart.c(39): Registering web_reg_find was successful  	[MsgId: MMSG-26390]
UpdateCart.c(41): web_submit_form("Cart.action_3") started  	[MsgId: MMSG-26355]
UpdateCart.c(41): Notify: Parameter Substitution: parameter "RanditemId" =  "EST-14"	[MsgId: MMSG-13992]
UpdateCart.c(41): Notify: Parameter Substitution: parameter "RandQty" =  "8"	[MsgId: MMSG-13992]
UpdateCart.c(41): Submitting form to "https://petstore.octoperf.com/actions/Cart.action", Target Frame=""  	[MsgId: MMSG-27978]
UpdateCart.c(41): Resource "https://petstore.octoperf.com/css/jpetstore.css" is in the cache already and will not be downloaded again  	[MsgId: MMSG-26655]
UpdateCart.c(41): Resource "https://petstore.octoperf.com/images/logo-topbar.svg" is in the cache already and will not be downloaded again  	[MsgId: MMSG-26655]
UpdateCart.c(41): Resource "https://petstore.octoperf.com/images/cart.gif" is in the cache already and will not be downloaded again  	[MsgId: MMSG-26655]
UpdateCart.c(41): Resource "https://petstore.octoperf.com/images/separator.gif" is in the cache already and will not be downloaded again  	[MsgId: MMSG-26655]
UpdateCart.c(41): Resource "https://petstore.octoperf.com/images/sm_fish.gif" is in the cache already and will not be downloaded again  	[MsgId: MMSG-26655]
UpdateCart.c(41): Resource "https://petstore.octoperf.com/images/sm_dogs.gif" is in the cache already and will not be downloaded again  	[MsgId: MMSG-26655]
UpdateCart.c(41): Resource "https://petstore.octoperf.com/images/sm_reptiles.gif" is in the cache already and will not be downloaded again  	[MsgId: MMSG-26655]
UpdateCart.c(41): Resource "https://petstore.octoperf.com/images/sm_cats.gif" is in the cache already and will not be downloaded again  	[MsgId: MMSG-26655]
UpdateCart.c(41): Resource "https://petstore.octoperf.com/images/sm_birds.gif" is in the cache already and will not be downloaded again  	[MsgId: MMSG-26655]
UpdateCart.c(41): Resource "https://petstore.octoperf.com/images/banner_fish.gif" is in the cache already and will not be downloaded again  	[MsgId: MMSG-26655]
UpdateCart.c(41): Registered web_reg_find successful for "Text=8" (count=16)  	[MsgId: MMSG-26364]
UpdateCart.c(41): web_submit_form("Cart.action_3") was successful, 4632 body bytes, 225 header bytes  	[MsgId: MMSG-26386]
UpdateCart.c(48): Notify: Transaction "PetStore_UpdateCart_T02" ended with a "Pass" status (Duration: 0.5048 Wasted Time: 0.0000).	[MsgId: MMSG-16871]
Ending action UpdateCart.	[MsgId: MMSG-15918]
Action was aborted.	[MsgId: MMSG-10694]
Ending Vuser...	[MsgId: MMSG-15966]
Starting action vuser_end.	[MsgId: MMSG-15919]
vuser_end.c(4): Notify: Transaction "PetStore_SignOut_T01" started.	[MsgId: MMSG-16999]
vuser_end.c(6): web_reg_find started  	[MsgId: MMSG-26355]
vuser_end.c(6): Registering web_reg_find was successful  	[MsgId: MMSG-26390]
vuser_end.c(9): web_url("Account.action_2") started  	[MsgId: MMSG-26355]
vuser_end.c(9): Redirecting "https://petstore.octoperf.com/actions/Account.action?signoff=" (redirection depth is 0)  	[MsgId: MMSG-26694]
vuser_end.c(9): To location "https://petstore.octoperf.com/actions/Catalog.action"  	[MsgId: MMSG-26693]
vuser_end.c(9): Resource "https://petstore.octoperf.com/css/jpetstore.css" is in the cache already and will not be downloaded again  	[MsgId: MMSG-26655]
vuser_end.c(9): Resource "https://petstore.octoperf.com/images/logo-topbar.svg" is in the cache already and will not be downloaded again  	[MsgId: MMSG-26655]
vuser_end.c(9): Resource "https://petstore.octoperf.com/images/cart.gif" is in the cache already and will not be downloaded again  	[MsgId: MMSG-26655]
vuser_end.c(9): Resource "https://petstore.octoperf.com/images/separator.gif" is in the cache already and will not be downloaded again  	[MsgId: MMSG-26655]
vuser_end.c(9): Resource "https://petstore.octoperf.com/images/sm_fish.gif" is in the cache already and will not be downloaded again  	[MsgId: MMSG-26655]
vuser_end.c(9): Resource "https://petstore.octoperf.com/images/sm_dogs.gif" is in the cache already and will not be downloaded again  	[MsgId: MMSG-26655]
vuser_end.c(9): Resource "https://petstore.octoperf.com/images/sm_reptiles.gif" is in the cache already and will not be downloaded again  	[MsgId: MMSG-26655]
vuser_end.c(9): Resource "https://petstore.octoperf.com/images/sm_cats.gif" is in the cache already and will not be downloaded again  	[MsgId: MMSG-26655]
vuser_end.c(9): Resource "https://petstore.octoperf.com/images/sm_birds.gif" is in the cache already and will not be downloaded again  	[MsgId: MMSG-26655]
vuser_end.c(9): Resource "https://petstore.octoperf.com/images/fish_icon.gif" is in the cache already and will not be downloaded again  	[MsgId: MMSG-26655]
vuser_end.c(9): Resource "https://petstore.octoperf.com/images/dogs_icon.gif" is in the cache already and will not be downloaded again  	[MsgId: MMSG-26655]
vuser_end.c(9): Resource "https://petstore.octoperf.com/images/cats_icon.gif" is in the cache already and will not be downloaded again  	[MsgId: MMSG-26655]
vuser_end.c(9): Resource "https://petstore.octoperf.com/images/reptiles_icon.gif" is in the cache already and will not be downloaded again  	[MsgId: MMSG-26655]
vuser_end.c(9): Resource "https://petstore.octoperf.com/images/birds_icon.gif" is in the cache already and will not be downloaded again  	[MsgId: MMSG-26655]
vuser_end.c(9): Resource "https://petstore.octoperf.com/images/splash.gif" is in the cache already and will not be downloaded again  	[MsgId: MMSG-26655]
vuser_end.c(9): Registered web_reg_find successful for "Text=Sign In" (count=1)  	[MsgId: MMSG-26364]
vuser_end.c(9): web_url("Account.action_2") was successful, 4736 body bytes, 518 header bytes  	[MsgId: MMSG-26386]
vuser_end.c(18): Notify: Transaction "PetStore_SignOut_T01" ended with a "Pass" status (Duration: 0.2515 Wasted Time: 0.0000).	[MsgId: MMSG-16871]
vuser_end.c(20): Script Exection done sucessfully	[MsgId: MMSG-17999]
vuser_end.c(21): web_cache_cleanup started  	[MsgId: MMSG-26355]
vuser_end.c(21): web_cache_cleanup was successful  	[MsgId: MMSG-26392]
vuser_end.c(22): web_cleanup_cookies started  	[MsgId: MMSG-26355]
vuser_end.c(22): web_cleanup_cookies was successful  	[MsgId: MMSG-26392]
Ending action vuser_end.	[MsgId: MMSG-15918]
Vuser Terminated.	[MsgId: MMSG-15963]
Vuser 7 (thread 3128), ended OK."	[MsgId: MMSG-10695]
AddToCard.c(88): Notify: Transaction "PetStore_AddToCard_T04" started.	[MsgId: MMSG-16999]
AddToCard.c(90): web_reg_find started  	[MsgId: MMSG-26355]
AddToCard.c(90): Registering web_reg_find was successful  	[MsgId: MMSG-26390]
AddToCard.c(94): web_link("Add to Cart") started  	[MsgId: MMSG-26355]
AddToCard.c(94): Linking to "https://petstore.octoperf.com/actions/Cart.action?addItemToCart=&workingItemId=EST-1", Target Frame=""  	[MsgId: MMSG-27994]
AddToCard.c(94): Resource "https://petstore.octoperf.com/css/jpetstore.css" is in the cache already and will not be downloaded again  	[MsgId: MMSG-26655]
AddToCard.c(94): Resource "https://petstore.octoperf.com/images/logo-topbar.svg" is in the cache already and will not be downloaded again  	[MsgId: MMSG-26655]
AddToCard.c(94): Resource "https://petstore.octoperf.com/images/cart.gif" is in the cache already and will not be downloaded again  	[MsgId: MMSG-26655]
AddToCard.c(94): Resource "https://petstore.octoperf.com/images/separator.gif" is in the cache already and will not be downloaded again  	[MsgId: MMSG-26655]
AddToCard.c(94): Resource "https://petstore.octoperf.com/images/sm_fish.gif" is in the cache already and will not be downloaded again  	[MsgId: MMSG-26655]
AddToCard.c(94): Resource "https://petstore.octoperf.com/images/sm_dogs.gif" is in the cache already and will not be downloaded again  	[MsgId: MMSG-26655]
AddToCard.c(94): Resource "https://petstore.octoperf.com/images/sm_reptiles.gif" is in the cache already and will not be downloaded again  	[MsgId: MMSG-26655]
AddToCard.c(94): Resource "https://petstore.octoperf.com/images/sm_cats.gif" is in the cache already and will not be downloaded again  	[MsgId: MMSG-26655]
AddToCard.c(94): Resource "https://petstore.octoperf.com/images/sm_birds.gif" is in the cache already and will not be downloaded again  	[MsgId: MMSG-26655]
AddToCard.c(94): Resource "https://petstore.octoperf.com/images/banner_fish.gif" is in the cache already and will not be downloaded again  	[MsgId: MMSG-26655]
AddToCard.c(94): Registered web_reg_find successful for "Text=Shopping Cart" (count=1)  	[MsgId: MMSG-26364]
AddToCard.c(94): web_link("Add to Cart") was successful, 4627 body bytes, 225 header bytes  	[MsgId: MMSG-26386]
AddToCard.c(99): Notify: Transaction "PetStore_AddToCard_T04" ended with a "Pass" status (Duration: 0.1287 Wasted Time: 0.0000).	[MsgId: MMSG-16871]
Ending action AddToCard.	[MsgId: MMSG-15918]
Starting action UpdateCart.	[MsgId: MMSG-15919]
UpdateCart.c(4): Notify: Transaction "PetStore_ClickOnViewcart_T01" started.	[MsgId: MMSG-16999]
UpdateCart.c(6): web_reg_find started  	[MsgId: MMSG-26355]
UpdateCart.c(6): Registering web_reg_find was successful  	[MsgId: MMSG-26390]
UpdateCart.c(9): web_url("Cart.action") started  	[MsgId: MMSG-26355]
UpdateCart.c(9): Resource "https://petstore.octoperf.com/css/jpetstore.css" is in the cache already and will not be downloaded again  	[MsgId: MMSG-26655]
UpdateCart.c(9): Resource "https://petstore.octoperf.com/images/logo-topbar.svg" is in the cache already and will not be downloaded again  	[MsgId: MMSG-26655]
UpdateCart.c(9): Resource "https://petstore.octoperf.com/images/cart.gif" is in the cache already and will not be downloaded again  	[MsgId: MMSG-26655]
UpdateCart.c(9): Resource "https://petstore.octoperf.com/images/separator.gif" is in the cache already and will not be downloaded again  	[MsgId: MMSG-26655]
UpdateCart.c(9): Resource "https://petstore.octoperf.com/images/sm_fish.gif" is in the cache already and will not be downloaded again  	[MsgId: MMSG-26655]
UpdateCart.c(9): Resource "https://petstore.octoperf.com/images/sm_dogs.gif" is in the cache already and will not be downloaded again  	[MsgId: MMSG-26655]
UpdateCart.c(9): Resource "https://petstore.octoperf.com/images/sm_reptiles.gif" is in the cache already and will not be downloaded again  	[MsgId: MMSG-26655]
UpdateCart.c(9): Resource "https://petstore.octoperf.com/images/sm_cats.gif" is in the cache already and will not be downloaded again  	[MsgId: MMSG-26655]
UpdateCart.c(9): Resource "https://petstore.octoperf.com/images/sm_birds.gif" is in the cache already and will not be downloaded again  	[MsgId: MMSG-26655]
UpdateCart.c(9): Resource "https://petstore.octoperf.com/images/banner_fish.gif" is in the cache already and will not be downloaded again  	[MsgId: MMSG-26655]
UpdateCart.c(9): Registered web_reg_find successful for "Text=Sub Total:" (count=1)  	[MsgId: MMSG-26364]
UpdateCart.c(9): web_url("Cart.action") was successful, 4627 body bytes, 225 header bytes  	[MsgId: MMSG-26386]
UpdateCart.c(19): Notify: Transaction "PetStore_ClickOnViewcart_T01" ended with a "Pass" status (Duration: 0.1270 Wasted Time: 0.0000).	[MsgId: MMSG-16871]
UpdateCart.c(21): lr_think_time: 2.69 seconds (recorded think time was 5.00 seconds).	[MsgId: MMSG-15947]
UpdateCart.c(23): Notify: Transaction "PetStore_UpdateCart_T02" started.	[MsgId: MMSG-16999]
UpdateCart.c(28): Notify: Saving Parameter "RandQty = 8".	[MsgId: MMSG-13798]
UpdateCart.c(30): Notify: Parameter Substitution: parameter "RandQty" =  "8"	[MsgId: MMSG-13992]
UpdateCart.c(30): Random Quantity selected = 8	[MsgId: MMSG-17999]
UpdateCart.c(32): web_submit_form("Cart.action_2") started  	[MsgId: MMSG-26355]
UpdateCart.c(32): Notify: Parameter Substitution: parameter "RanditemId" =  "EST-15"	[MsgId: MMSG-13992]
UpdateCart.c(32): Submitting form to "https://petstore.octoperf.com/actions/Cart.action", Target Frame=""  	[MsgId: MMSG-27978]
UpdateCart.c(32): Resource "https://petstore.octoperf.com/css/jpetstore.css" is in the cache already and will not be downloaded again  	[MsgId: MMSG-26655]
UpdateCart.c(32): Resource "https://petstore.octoperf.com/images/logo-topbar.svg" is in the cache already and will not be downloaded again  	[MsgId: MMSG-26655]
UpdateCart.c(32): Resource "https://petstore.octoperf.com/images/cart.gif" is in the cache already and will not be downloaded again  	[MsgId: MMSG-26655]
UpdateCart.c(32): Resource "https://petstore.octoperf.com/images/separator.gif" is in the cache already and will not be downloaded again  	[MsgId: MMSG-26655]
UpdateCart.c(32): Resource "https://petstore.octoperf.com/images/sm_fish.gif" is in the cache already and will not be downloaded again  	[MsgId: MMSG-26655]
UpdateCart.c(32): Resource "https://petstore.octoperf.com/images/sm_dogs.gif" is in the cache already and will not be downloaded again  	[MsgId: MMSG-26655]
UpdateCart.c(32): Resource "https://petstore.octoperf.com/images/sm_reptiles.gif" is in the cache already and will not be downloaded again  	[MsgId: MMSG-26655]
UpdateCart.c(32): Resource "https://petstore.octoperf.com/images/sm_cats.gif" is in the cache already and will not be downloaded again  	[MsgId: MMSG-26655]
UpdateCart.c(32): Resource "https://petstore.octoperf.com/images/sm_birds.gif" is in the cache already and will not be downloaded again  	[MsgId: MMSG-26655]
UpdateCart.c(32): Resource "https://petstore.octoperf.com/images/banner_fish.gif" is in the cache already and will not be downloaded again  	[MsgId: MMSG-26655]
UpdateCart.c(32): web_submit_form("Cart.action_2") was successful, 4631 body bytes, 225 header bytes  	[MsgId: MMSG-26386]
UpdateCart.c(39): web_reg_find started  	[MsgId: MMSG-26355]
UpdateCart.c(39): Notify: Parameter Substitution: parameter "RandQty" =  "8"	[MsgId: MMSG-13992]
UpdateCart.c(39): Registering web_reg_find was successful  	[MsgId: MMSG-26390]
UpdateCart.c(41): web_submit_form("Cart.action_3") started  	[MsgId: MMSG-26355]
UpdateCart.c(41): Notify: Parameter Substitution: parameter "RanditemId" =  "EST-15"	[MsgId: MMSG-13992]
UpdateCart.c(41): Notify: Parameter Substitution: parameter "RandQty" =  "8"	[MsgId: MMSG-13992]
UpdateCart.c(41): Submitting form to "https://petstore.octoperf.com/actions/Cart.action", Target Frame=""  	[MsgId: MMSG-27978]
UpdateCart.c(41): Resource "https://petstore.octoperf.com/css/jpetstore.css" is in the cache already and will not be downloaded again  	[MsgId: MMSG-26655]
UpdateCart.c(41): Resource "https://petstore.octoperf.com/images/logo-topbar.svg" is in the cache already and will not be downloaded again  	[MsgId: MMSG-26655]
UpdateCart.c(41): Resource "https://petstore.octoperf.com/images/cart.gif" is in the cache already and will not be downloaded again  	[MsgId: MMSG-26655]
UpdateCart.c(41): Resource "https://petstore.octoperf.com/images/separator.gif" is in the cache already and will not be downloaded again  	[MsgId: MMSG-26655]
UpdateCart.c(41): Resource "https://petstore.octoperf.com/images/sm_fish.gif" is in the cache already and will not be downloaded again  	[MsgId: MMSG-26655]
UpdateCart.c(41): Resource "https://petstore.octoperf.com/images/sm_dogs.gif" is in the cache already and will not be downloaded again  	[MsgId: MMSG-26655]
UpdateCart.c(41): Resource "https://petstore.octoperf.com/images/sm_reptiles.gif" is in the cache already and will not be downloaded again  	[MsgId: MMSG-26655]
UpdateCart.c(41): Resource "https://petstore.octoperf.com/images/sm_cats.gif" is in the cache already and will not be downloaded again  	[MsgId: MMSG-26655]
UpdateCart.c(41): Resource "https://petstore.octoperf.com/images/sm_birds.gif" is in the cache already and will not be downloaded again  	[MsgId: MMSG-26655]
UpdateCart.c(41): Resource "https://petstore.octoperf.com/images/banner_fish.gif" is in the cache already and will not be downloaded again  	[MsgId: MMSG-26655]
UpdateCart.c(41): Registered web_reg_find successful for "Text=8" (count=14)  	[MsgId: MMSG-26364]
UpdateCart.c(41): web_submit_form("Cart.action_3") was successful, 4633 body bytes, 225 header bytes  	[MsgId: MMSG-26386]
UpdateCart.c(48): Notify: Transaction "PetStore_UpdateCart_T02" ended with a "Pass" status (Duration: 0.5038 Wasted Time: 0.0000).	[MsgId: MMSG-16871]
Ending action UpdateCart.	[MsgId: MMSG-15918]
Action was aborted.	[MsgId: MMSG-10694]
Ending Vuser...	[MsgId: MMSG-15966]
Starting action vuser_end.	[MsgId: MMSG-15919]
vuser_end.c(4): Notify: Transaction "PetStore_SignOut_T01" started.	[MsgId: MMSG-16999]
vuser_end.c(6): web_reg_find started  	[MsgId: MMSG-26355]
vuser_end.c(6): Registering web_reg_find was successful  	[MsgId: MMSG-26390]
vuser_end.c(9): web_url("Account.action_2") started  	[MsgId: MMSG-26355]
UpdateCart.c(23): Notify: Transaction "PetStore_UpdateCart_T02" started.	[MsgId: MMSG-16999]
UpdateCart.c(28): Notify: Saving Parameter "RandQty = 8".	[MsgId: MMSG-13798]
UpdateCart.c(30): Notify: Parameter Substitution: parameter "RandQty" =  "8"	[MsgId: MMSG-13992]
UpdateCart.c(30): Random Quantity selected = 8	[MsgId: MMSG-17999]
UpdateCart.c(32): web_submit_form("Cart.action_2") started  	[MsgId: MMSG-26355]
UpdateCart.c(32): Notify: Parameter Substitution: parameter "RanditemId" =  "EST-1"	[MsgId: MMSG-13992]
UpdateCart.c(32): Submitting form to "https://petstore.octoperf.com/actions/Cart.action", Target Frame=""  	[MsgId: MMSG-27978]
vuser_end.c(9): Redirecting "https://petstore.octoperf.com/actions/Account.action?signoff=" (redirection depth is 0)  	[MsgId: MMSG-26694]
vuser_end.c(9): To location "https://petstore.octoperf.com/actions/Catalog.action"  	[MsgId: MMSG-26693]
vuser_end.c(9): Resource "https://petstore.octoperf.com/css/jpetstore.css" is in the cache already and will not be downloaded again  	[MsgId: MMSG-26655]
vuser_end.c(9): Resource "https://petstore.octoperf.com/images/logo-topbar.svg" is in the cache already and will not be downloaded again  	[MsgId: MMSG-26655]
vuser_end.c(9): Resource "https://petstore.octoperf.com/images/cart.gif" is in the cache already and will not be downloaded again  	[MsgId: MMSG-26655]
vuser_end.c(9): Resource "https://petstore.octoperf.com/images/separator.gif" is in the cache already and will not be downloaded again  	[MsgId: MMSG-26655]
vuser_end.c(9): Resource "https://petstore.octoperf.com/images/sm_fish.gif" is in the cache already and will not be downloaded again  	[MsgId: MMSG-26655]
vuser_end.c(9): Resource "https://petstore.octoperf.com/images/sm_dogs.gif" is in the cache already and will not be downloaded again  	[MsgId: MMSG-26655]
vuser_end.c(9): Resource "https://petstore.octoperf.com/images/sm_reptiles.gif" is in the cache already and will not be downloaded again  	[MsgId: MMSG-26655]
vuser_end.c(9): Resource "https://petstore.octoperf.com/images/sm_cats.gif" is in the cache already and will not be downloaded again  	[MsgId: MMSG-26655]
vuser_end.c(9): Resource "https://petstore.octoperf.com/images/sm_birds.gif" is in the cache already and will not be downloaded again  	[MsgId: MMSG-26655]
vuser_end.c(9): Resource "https://petstore.octoperf.com/images/fish_icon.gif" is in the cache already and will not be downloaded again  	[MsgId: MMSG-26655]
vuser_end.c(9): Resource "https://petstore.octoperf.com/images/dogs_icon.gif" is in the cache already and will not be downloaded again  	[MsgId: MMSG-26655]
vuser_end.c(9): Resource "https://petstore.octoperf.com/images/cats_icon.gif" is in the cache already and will not be downloaded again  	[MsgId: MMSG-26655]
vuser_end.c(9): Resource "https://petstore.octoperf.com/images/reptiles_icon.gif" is in the cache already and will not be downloaded again  	[MsgId: MMSG-26655]
vuser_end.c(9): Resource "https://petstore.octoperf.com/images/birds_icon.gif" is in the cache already and will not be downloaded again  	[MsgId: MMSG-26655]
vuser_end.c(9): Resource "https://petstore.octoperf.com/images/splash.gif" is in the cache already and will not be downloaded again  	[MsgId: MMSG-26655]
vuser_end.c(9): Registered web_reg_find successful for "Text=Sign In" (count=1)  	[MsgId: MMSG-26364]
vuser_end.c(9): web_url("Account.action_2") was successful, 4736 body bytes, 518 header bytes  	[MsgId: MMSG-26386]
vuser_end.c(18): Notify: Transaction "PetStore_SignOut_T01" ended with a "Pass" status (Duration: 0.2503 Wasted Time: 0.0000).	[MsgId: MMSG-16871]
vuser_end.c(20): Script Exection done sucessfully	[MsgId: MMSG-17999]
vuser_end.c(21): web_cache_cleanup started  	[MsgId: MMSG-26355]
vuser_end.c(21): web_cache_cleanup was successful  	[MsgId: MMSG-26392]
vuser_end.c(22): web_cleanup_cookies started  	[MsgId: MMSG-26355]
vuser_end.c(22): web_cleanup_cookies was successful  	[MsgId: MMSG-26392]
Ending action vuser_end.	[MsgId: MMSG-15918]
Vuser Terminated.	[MsgId: MMSG-15963]
Vuser 8 (thread 4512), ended OK."	[MsgId: MMSG-10695]
UpdateCart.c(32): Resource "https://petstore.octoperf.com/css/jpetstore.css" is in the cache already and will not be downloaded again  	[MsgId: MMSG-26655]
UpdateCart.c(32): Resource "https://petstore.octoperf.com/images/logo-topbar.svg" is in the cache already and will not be downloaded again  	[MsgId: MMSG-26655]
UpdateCart.c(32): Resource "https://petstore.octoperf.com/images/cart.gif" is in the cache already and will not be downloaded again  	[MsgId: MMSG-26655]
UpdateCart.c(32): Resource "https://petstore.octoperf.com/images/separator.gif" is in the cache already and will not be downloaded again  	[MsgId: MMSG-26655]
UpdateCart.c(32): Resource "https://petstore.octoperf.com/images/sm_fish.gif" is in the cache already and will not be downloaded again  	[MsgId: MMSG-26655]
UpdateCart.c(32): Resource "https://petstore.octoperf.com/images/sm_dogs.gif" is in the cache already and will not be downloaded again  	[MsgId: MMSG-26655]
UpdateCart.c(32): Resource "https://petstore.octoperf.com/images/sm_reptiles.gif" is in the cache already and will not be downloaded again  	[MsgId: MMSG-26655]
UpdateCart.c(32): Resource "https://petstore.octoperf.com/images/sm_cats.gif" is in the cache already and will not be downloaded again  	[MsgId: MMSG-26655]
UpdateCart.c(32): Resource "https://petstore.octoperf.com/images/sm_birds.gif" is in the cache already and will not be downloaded again  	[MsgId: MMSG-26655]
UpdateCart.c(32): Resource "https://petstore.octoperf.com/images/banner_fish.gif" is in the cache already and will not be downloaded again  	[MsgId: MMSG-26655]
UpdateCart.c(32): web_submit_form("Cart.action_2") was successful, 4627 body bytes, 225 header bytes  	[MsgId: MMSG-26386]
UpdateCart.c(39): web_reg_find started  	[MsgId: MMSG-26355]
UpdateCart.c(39): Notify: Parameter Substitution: parameter "RandQty" =  "8"	[MsgId: MMSG-13992]
UpdateCart.c(39): Registering web_reg_find was successful  	[MsgId: MMSG-26390]
UpdateCart.c(41): web_submit_form("Cart.action_3") started  	[MsgId: MMSG-26355]
UpdateCart.c(41): Notify: Parameter Substitution: parameter "RanditemId" =  "EST-1"	[MsgId: MMSG-13992]
UpdateCart.c(41): Notify: Parameter Substitution: parameter "RandQty" =  "8"	[MsgId: MMSG-13992]
UpdateCart.c(41): Submitting form to "https://petstore.octoperf.com/actions/Cart.action", Target Frame=""  	[MsgId: MMSG-27978]
UpdateCart.c(41): Resource "https://petstore.octoperf.com/css/jpetstore.css" is in the cache already and will not be downloaded again  	[MsgId: MMSG-26655]
UpdateCart.c(41): Resource "https://petstore.octoperf.com/images/logo-topbar.svg" is in the cache already and will not be downloaded again  	[MsgId: MMSG-26655]
UpdateCart.c(41): Resource "https://petstore.octoperf.com/images/cart.gif" is in the cache already and will not be downloaded again  	[MsgId: MMSG-26655]
UpdateCart.c(41): Resource "https://petstore.octoperf.com/images/separator.gif" is in the cache already and will not be downloaded again  	[MsgId: MMSG-26655]
UpdateCart.c(41): Resource "https://petstore.octoperf.com/images/sm_fish.gif" is in the cache already and will not be downloaded again  	[MsgId: MMSG-26655]
UpdateCart.c(41): Resource "https://petstore.octoperf.com/images/sm_dogs.gif" is in the cache already and will not be downloaded again  	[MsgId: MMSG-26655]
UpdateCart.c(41): Resource "https://petstore.octoperf.com/images/sm_reptiles.gif" is in the cache already and will not be downloaded again  	[MsgId: MMSG-26655]
UpdateCart.c(41): Resource "https://petstore.octoperf.com/images/sm_cats.gif" is in the cache already and will not be downloaded again  	[MsgId: MMSG-26655]
UpdateCart.c(41): Resource "https://petstore.octoperf.com/images/sm_birds.gif" is in the cache already and will not be downloaded again  	[MsgId: MMSG-26655]
UpdateCart.c(41): Resource "https://petstore.octoperf.com/images/banner_fish.gif" is in the cache already and will not be downloaded again  	[MsgId: MMSG-26655]
UpdateCart.c(41): Registered web_reg_find successful for "Text=8" (count=8)  	[MsgId: MMSG-26364]
UpdateCart.c(41): web_submit_form("Cart.action_3") was successful, 4629 body bytes, 225 header bytes  	[MsgId: MMSG-26386]
UpdateCart.c(48): Notify: Transaction "PetStore_UpdateCart_T02" ended with a "Pass" status (Duration: 0.4972 Wasted Time: 0.0000).	[MsgId: MMSG-16871]
Ending action UpdateCart.	[MsgId: MMSG-15918]
Action was aborted.	[MsgId: MMSG-10694]
Ending Vuser...	[MsgId: MMSG-15966]
Starting action vuser_end.	[MsgId: MMSG-15919]
vuser_end.c(4): Notify: Transaction "PetStore_SignOut_T01" started.	[MsgId: MMSG-16999]
vuser_end.c(6): web_reg_find started  	[MsgId: MMSG-26355]
vuser_end.c(6): Registering web_reg_find was successful  	[MsgId: MMSG-26390]
vuser_end.c(9): web_url("Account.action_2") started  	[MsgId: MMSG-26355]
vuser_end.c(9): Redirecting "https://petstore.octoperf.com/actions/Account.action?signoff=" (redirection depth is 0)  	[MsgId: MMSG-26694]
vuser_end.c(9): To location "https://petstore.octoperf.com/actions/Catalog.action"  	[MsgId: MMSG-26693]
vuser_end.c(9): Resource "https://petstore.octoperf.com/css/jpetstore.css" is in the cache already and will not be downloaded again  	[MsgId: MMSG-26655]
vuser_end.c(9): Resource "https://petstore.octoperf.com/images/logo-topbar.svg" is in the cache already and will not be downloaded again  	[MsgId: MMSG-26655]
vuser_end.c(9): Resource "https://petstore.octoperf.com/images/cart.gif" is in the cache already and will not be downloaded again  	[MsgId: MMSG-26655]
vuser_end.c(9): Resource "https://petstore.octoperf.com/images/separator.gif" is in the cache already and will not be downloaded again  	[MsgId: MMSG-26655]
vuser_end.c(9): Resource "https://petstore.octoperf.com/images/sm_fish.gif" is in the cache already and will not be downloaded again  	[MsgId: MMSG-26655]
vuser_end.c(9): Resource "https://petstore.octoperf.com/images/sm_dogs.gif" is in the cache already and will not be downloaded again  	[MsgId: MMSG-26655]
vuser_end.c(9): Resource "https://petstore.octoperf.com/images/sm_reptiles.gif" is in the cache already and will not be downloaded again  	[MsgId: MMSG-26655]
vuser_end.c(9): Resource "https://petstore.octoperf.com/images/sm_cats.gif" is in the cache already and will not be downloaded again  	[MsgId: MMSG-26655]
vuser_end.c(9): Resource "https://petstore.octoperf.com/images/sm_birds.gif" is in the cache already and will not be downloaded again  	[MsgId: MMSG-26655]
vuser_end.c(9): Resource "https://petstore.octoperf.com/images/fish_icon.gif" is in the cache already and will not be downloaded again  	[MsgId: MMSG-26655]
vuser_end.c(9): Resource "https://petstore.octoperf.com/images/dogs_icon.gif" is in the cache already and will not be downloaded again  	[MsgId: MMSG-26655]
vuser_end.c(9): Resource "https://petstore.octoperf.com/images/cats_icon.gif" is in the cache already and will not be downloaded again  	[MsgId: MMSG-26655]
vuser_end.c(9): Resource "https://petstore.octoperf.com/images/reptiles_icon.gif" is in the cache already and will not be downloaded again  	[MsgId: MMSG-26655]
vuser_end.c(9): Resource "https://petstore.octoperf.com/images/birds_icon.gif" is in the cache already and will not be downloaded again  	[MsgId: MMSG-26655]
vuser_end.c(9): Resource "https://petstore.octoperf.com/images/splash.gif" is in the cache already and will not be downloaded again  	[MsgId: MMSG-26655]
vuser_end.c(9): Registered web_reg_find successful for "Text=Sign In" (count=1)  	[MsgId: MMSG-26364]
vuser_end.c(9): web_url("Account.action_2") was successful, 4736 body bytes, 518 header bytes  	[MsgId: MMSG-26386]
vuser_end.c(18): Notify: Transaction "PetStore_SignOut_T01" ended with a "Pass" status (Duration: 0.2491 Wasted Time: 0.0000).	[MsgId: MMSG-16871]
vuser_end.c(20): Script Exection done sucessfully	[MsgId: MMSG-17999]
vuser_end.c(21): web_cache_cleanup started  	[MsgId: MMSG-26355]
vuser_end.c(21): web_cache_cleanup was successful  	[MsgId: MMSG-26392]
vuser_end.c(22): web_cleanup_cookies started  	[MsgId: MMSG-26355]
vuser_end.c(22): web_cleanup_cookies was successful  	[MsgId: MMSG-26392]
Ending action vuser_end.	[MsgId: MMSG-15918]
Vuser Terminated.	[MsgId: MMSG-15963]
Vuser 9 (thread 6904), ended OK."	[MsgId: MMSG-10695]
