Registration.c(142): Resource "https://petstore.octoperf.com/images/separator.gif" is in the cache already and will not be downloaded again  	[MsgId: MMSG-26655]
Registration.c(142): Resource "https://petstore.octoperf.com/images/sm_fish.gif" is in the cache already and will not be downloaded again  	[MsgId: MMSG-26655]
Registration.c(142): Resource "https://petstore.octoperf.com/images/sm_dogs.gif" is in the cache already and will not be downloaded again  	[MsgId: MMSG-26655]
Registration.c(142): Resource "https://petstore.octoperf.com/images/sm_reptiles.gif" is in the cache already and will not be downloaded again  	[MsgId: MMSG-26655]
Registration.c(142): Resource "https://petstore.octoperf.com/images/sm_cats.gif" is in the cache already and will not be downloaded again  	[MsgId: MMSG-26655]
Registration.c(142): Resource "https://petstore.octoperf.com/images/sm_birds.gif" is in the cache already and will not be downloaded again  	[MsgId: MMSG-26655]
Registration.c(142): Resource "https://petstore.octoperf.com/images/fish_icon.gif" is in the cache already and will not be downloaded again  	[MsgId: MMSG-26655]
Registration.c(142): Resource "https://petstore.octoperf.com/images/dogs_icon.gif" is in the cache already and will not be downloaded again  	[MsgId: MMSG-26655]
Registration.c(142): Resource "https://petstore.octoperf.com/images/cats_icon.gif" is in the cache already and will not be downloaded again  	[MsgId: MMSG-26655]
Registration.c(142): Resource "https://petstore.octoperf.com/images/reptiles_icon.gif" is in the cache already and will not be downloaded again  	[MsgId: MMSG-26655]
Registration.c(142): Resource "https://petstore.octoperf.com/images/birds_icon.gif" is in the cache already and will not be downloaded again  	[MsgId: MMSG-26655]
Registration.c(142): Resource "https://petstore.octoperf.com/images/splash.gif" is in the cache already and will not be downloaded again  	[MsgId: MMSG-26655]
Registration.c(142): Registered web_reg_find successful for "Text=Sign In" (count=1)  	[MsgId: MMSG-26364]
Registration.c(142): web_url("Account.action_2") was successful, 4736 body bytes, 518 header bytes  	[MsgId: MMSG-26386]
Registration.c(151): Notify: Transaction "PetStore_SignOut_T05" ended with a "Pass" status (Duration: 0.2562 Wasted Time: 0.0000).	[MsgId: MMSG-16871]
Login.c(4): Notify: Transaction "PetStore_ClickOnSignIn_T01" started.	[MsgId: MMSG-16999]
Login.c(6): web_reg_find started  	[MsgId: MMSG-26355]
Login.c(6): Registering web_reg_find was successful  	[MsgId: MMSG-26390]
Login.c(9): web_link("Sign In") started  	[MsgId: MMSG-26355]
Login.c(9): Linking to "https://petstore.octoperf.com/actions/Account.action?signonForm=", Target Frame=""  	[MsgId: MMSG-27994]
AddToCard.c(79): Registered web_reg_find successful for "Text=EST-14" (count=2)  	[MsgId: MMSG-26364]
AddToCard.c(79): web_link("{RanditemId}") was successful, 16467 body bytes, 511 header bytes  	[MsgId: MMSG-26386]
AddToCard.c(84): Notify: Transaction "PetStore_SelectItemId_T03" ended with a "Pass" status (Duration: 0.3779 Wasted Time: 0.0000).	[MsgId: MMSG-16871]
AddToCard.c(86): lr_think_time: 2.90 seconds (recorded think time was 5.00 seconds).	[MsgId: MMSG-15947]
Login.c(9): Resource "https://petstore.octoperf.com/css/jpetstore.css" is in the cache already and will not be downloaded again  	[MsgId: MMSG-26655]
Login.c(9): Resource "https://petstore.octoperf.com/images/logo-topbar.svg" is in the cache already and will not be downloaded again  	[MsgId: MMSG-26655]
Login.c(9): Resource "https://petstore.octoperf.com/images/cart.gif" is in the cache already and will not be downloaded again  	[MsgId: MMSG-26655]
Login.c(9): Resource "https://petstore.octoperf.com/images/separator.gif" is in the cache already and will not be downloaded again  	[MsgId: MMSG-26655]
Login.c(9): Resource "https://petstore.octoperf.com/images/sm_fish.gif" is in the cache already and will not be downloaded again  	[MsgId: MMSG-26655]
Login.c(9): Resource "https://petstore.octoperf.com/images/sm_dogs.gif" is in the cache already and will not be downloaded again  	[MsgId: MMSG-26655]
Login.c(9): Resource "https://petstore.octoperf.com/images/sm_reptiles.gif" is in the cache already and will not be downloaded again  	[MsgId: MMSG-26655]
Login.c(9): Resource "https://petstore.octoperf.com/images/sm_cats.gif" is in the cache already and will not be downloaded again  	[MsgId: MMSG-26655]
Login.c(9): Resource "https://petstore.octoperf.com/images/sm_birds.gif" is in the cache already and will not be downloaded again  	[MsgId: MMSG-26655]
Login.c(9): Registered web_reg_find successful for "Text=Please enter your username and password" (count=1)  	[MsgId: MMSG-26364]
Login.c(9): web_link("Sign In") was successful, 3856 body bytes, 225 header bytes  	[MsgId: MMSG-26386]
Login.c(13): Notify: Transaction "PetStore_ClickOnSignIn_T01" ended with a "Pass" status (Duration: 0.1274 Wasted Time: 0.0000).	[MsgId: MMSG-16871]
Login.c(15): lr_think_time: 3.42 seconds (recorded think time was 5.00 seconds).	[MsgId: MMSG-15947]
RemoveTheProduct.c(18): Notify: Transaction "PetStore_ClickOnRemove_T02" started.	[MsgId: MMSG-16999]
RemoveTheProduct.c(20): web_reg_find started  	[MsgId: MMSG-26355]
RemoveTheProduct.c(20): Registering web_reg_find was successful  	[MsgId: MMSG-26390]
RemoveTheProduct.c(23): web_link("Remove") started  	[MsgId: MMSG-26355]
RemoveTheProduct.c(23): Linking to "https://petstore.octoperf.com/actions/Cart.action?removeItemFromCart=&workingItemId=EST-13", Target Frame=""  	[MsgId: MMSG-27994]
AddToCard.c(27): Resource "https://petstore.octoperf.com/css/jpetstore.css" is in the cache already and will not be downloaded again  	[MsgId: MMSG-26655]
AddToCard.c(27): Resource "https://petstore.octoperf.com/images/logo-topbar.svg" is in the cache already and will not be downloaded again  	[MsgId: MMSG-26655]
AddToCard.c(27): Resource "https://petstore.octoperf.com/images/cart.gif" is in the cache already and will not be downloaded again  	[MsgId: MMSG-26655]
AddToCard.c(27): Resource "https://petstore.octoperf.com/images/separator.gif" is in the cache already and will not be downloaded again  	[MsgId: MMSG-26655]
AddToCard.c(27): Resource "https://petstore.octoperf.com/images/sm_fish.gif" is in the cache already and will not be downloaded again  	[MsgId: MMSG-26655]
AddToCard.c(27): Resource "https://petstore.octoperf.com/images/sm_dogs.gif" is in the cache already and will not be downloaded again  	[MsgId: MMSG-26655]
AddToCard.c(27): Resource "https://petstore.octoperf.com/images/sm_reptiles.gif" is in the cache already and will not be downloaded again  	[MsgId: MMSG-26655]
AddToCard.c(27): Resource "https://petstore.octoperf.com/images/sm_cats.gif" is in the cache already and will not be downloaded again  	[MsgId: MMSG-26655]
AddToCard.c(27): Resource "https://petstore.octoperf.com/images/sm_birds.gif" is in the cache already and will not be downloaded again  	[MsgId: MMSG-26655]
AddToCard.c(27): Resource "https://petstore.octoperf.com/images/banner_fish.gif" is in the cache already and will not be downloaded again  	[MsgId: MMSG-26655]
AddToCard.c(27): Notify: Saving Parameter "productId_1 = AV-CB-01".	[MsgId: MMSG-13798]
AddToCard.c(27): Notify: Saving Parameter "productId_2 = AV-SB-02".	[MsgId: MMSG-13798]
AddToCard.c(27): Notify: Saving Parameter "productId_count = 2".	[MsgId: MMSG-13798]
AddToCard.c(27): Registered web_reg_find successful for "Text=BIRDS" (count=1)  	[MsgId: MMSG-26364]
AddToCard.c(27): web_url("Catalog.action_2") was successful, 3625 body bytes, 225 header bytes  	[MsgId: MMSG-26386]
AddToCard.c(36): Notify: Transaction "PetStore_AddAproduct_T01" ended with a "Pass" status (Duration: 0.2942 Wasted Time: 0.0003).	[MsgId: MMSG-16871]
AddToCard.c(38): lr_think_time: 2.60 seconds (recorded think time was 5.00 seconds).	[MsgId: MMSG-15947]
RemoveTheProduct.c(23): Resource "https://petstore.octoperf.com/css/jpetstore.css" is in the cache already and will not be downloaded again  	[MsgId: MMSG-26655]
RemoveTheProduct.c(23): Resource "https://petstore.octoperf.com/images/logo-topbar.svg" is in the cache already and will not be downloaded again  	[MsgId: MMSG-26655]
RemoveTheProduct.c(23): Resource "https://petstore.octoperf.com/images/cart.gif" is in the cache already and will not be downloaded again  	[MsgId: MMSG-26655]
RemoveTheProduct.c(23): Resource "https://petstore.octoperf.com/images/separator.gif" is in the cache already and will not be downloaded again  	[MsgId: MMSG-26655]
RemoveTheProduct.c(23): Resource "https://petstore.octoperf.com/images/sm_fish.gif" is in the cache already and will not be downloaded again  	[MsgId: MMSG-26655]
RemoveTheProduct.c(23): Resource "https://petstore.octoperf.com/images/sm_dogs.gif" is in the cache already and will not be downloaded again  	[MsgId: MMSG-26655]
RemoveTheProduct.c(23): Resource "https://petstore.octoperf.com/images/sm_reptiles.gif" is in the cache already and will not be downloaded again  	[MsgId: MMSG-26655]
RemoveTheProduct.c(23): Resource "https://petstore.octoperf.com/images/sm_cats.gif" is in the cache already and will not be downloaded again  	[MsgId: MMSG-26655]
RemoveTheProduct.c(23): Resource "https://petstore.octoperf.com/images/sm_birds.gif" is in the cache already and will not be downloaded again  	[MsgId: MMSG-26655]
RemoveTheProduct.c(23): Resource "https://petstore.octoperf.com/images/banner_fish.gif" is in the cache already and will not be downloaded again  	[MsgId: MMSG-26655]
RemoveTheProduct.c(23): Registered web_reg_find successful for "Text=Your cart is empty." (count=1)  	[MsgId: MMSG-26364]
RemoveTheProduct.c(23): web_link("Remove") was successful, 4202 body bytes, 225 header bytes  	[MsgId: MMSG-26386]
RemoveTheProduct.c(28): Notify: Transaction "PetStore_ClickOnRemove_T02" ended with a "Pass" status (Duration: 0.1278 Wasted Time: 0.0000).	[MsgId: MMSG-16871]
Ending action RemoveTheProduct.	[MsgId: MMSG-15918]
Ending iteration 2.	[MsgId: MMSG-15965]
Waiting 8.7000 seconds for iteration pacing.	[MsgId: MMSG-15996]
Starting iteration 3.	[MsgId: MMSG-15968]
Notify: Next row for parameter UserName = 1 [table  = UserName].	[MsgId: MMSG-13876]
Notify: Getting new value for parameter 'UserName': table = 'UserName.dat' column = '0' row = '1'.	[MsgId: MMSG-13877]
Notify: Next row for parameter PetStoreEndtoEndFlow_UserName = 1 [table  = PetStoreEndtoEndFlow_UserName].	[MsgId: MMSG-13876]
Notify: Getting new value for parameter 'PetStoreEndtoEndFlow_UserName': table = 'UserCredentilas1.dat' column = '0' row = '1'.	[MsgId: MMSG-13877]
Notify: Next row for parameter PetStoreEndtoEndFlow_pass = 1 [table  = PetStoreEndtoEndFlow_pass].	[MsgId: MMSG-13876]
Notify: Getting new value for parameter 'PetStoreEndtoEndFlow_pass': table = 'UserCredentilas3.dat' column = '0' row = '1'.	[MsgId: MMSG-13877]
Notify: Next row for parameter pass = 1 [table  = pass].	[MsgId: MMSG-13876]
Notify: Getting new value for parameter 'pass': table = 'UserName.dat' column = '0' row = '1'.	[MsgId: MMSG-13877]
Starting action Login.	[MsgId: MMSG-15919]
Registration.c(13): Notify: Transaction "PetStore_EnterToPetStore_T01" started.	[MsgId: MMSG-16999]
Registration.c(14): web_reg_find started  	[MsgId: MMSG-26355]
Registration.c(14): Registering web_reg_find was successful  	[MsgId: MMSG-26390]
Registration.c(17): web_url("Catalog.action") started  	[MsgId: MMSG-26355]
Registration.c(17): Found resource "https://petstore.octoperf.com/css/jpetstore.css" in HTML "https://petstore.octoperf.com/actions/Catalog.action"  	[MsgId: MMSG-26659]
Registration.c(17): Found resource "https://petstore.octoperf.com/images/logo-topbar.svg" in HTML "https://petstore.octoperf.com/actions/Catalog.action"  	[MsgId: MMSG-26659]
Registration.c(17): Found resource "https://petstore.octoperf.com/images/cart.gif" in HTML "https://petstore.octoperf.com/actions/Catalog.action"  	[MsgId: MMSG-26659]
Registration.c(17): Found resource "https://petstore.octoperf.com/images/separator.gif" in HTML "https://petstore.octoperf.com/actions/Catalog.action"  	[MsgId: MMSG-26659]
Registration.c(17): Found resource "https://petstore.octoperf.com/images/sm_fish.gif" in HTML "https://petstore.octoperf.com/actions/Catalog.action"  	[MsgId: MMSG-26659]
Registration.c(17): Found resource "https://petstore.octoperf.com/images/sm_dogs.gif" in HTML "https://petstore.octoperf.com/actions/Catalog.action"  	[MsgId: MMSG-26659]
Registration.c(17): Found resource "https://petstore.octoperf.com/images/sm_reptiles.gif" in HTML "https://petstore.octoperf.com/actions/Catalog.action"  	[MsgId: MMSG-26659]
Registration.c(17): Found resource "https://petstore.octoperf.com/images/sm_cats.gif" in HTML "https://petstore.octoperf.com/actions/Catalog.action"  	[MsgId: MMSG-26659]
Registration.c(17): Found resource "https://petstore.octoperf.com/images/sm_birds.gif" in HTML "https://petstore.octoperf.com/actions/Catalog.action"  	[MsgId: MMSG-26659]
Registration.c(17): Found resource "https://petstore.octoperf.com/images/fish_icon.gif" in HTML "https://petstore.octoperf.com/actions/Catalog.action"  	[MsgId: MMSG-26659]
Registration.c(17): Found resource "https://petstore.octoperf.com/images/dogs_icon.gif" in HTML "https://petstore.octoperf.com/actions/Catalog.action"  	[MsgId: MMSG-26659]
Registration.c(17): Found resource "https://petstore.octoperf.com/images/cats_icon.gif" in HTML "https://petstore.octoperf.com/actions/Catalog.action"  	[MsgId: MMSG-26659]
Registration.c(17): Found resource "https://petstore.octoperf.com/images/reptiles_icon.gif" in HTML "https://petstore.octoperf.com/actions/Catalog.action"  	[MsgId: MMSG-26659]
Registration.c(17): Found resource "https://petstore.octoperf.com/images/birds_icon.gif" in HTML "https://petstore.octoperf.com/actions/Catalog.action"  	[MsgId: MMSG-26659]
Registration.c(17): Found resource "https://petstore.octoperf.com/images/splash.gif" in HTML "https://petstore.octoperf.com/actions/Catalog.action"  	[MsgId: MMSG-26659]
Registration.c(57): Notify: Transaction "PetStore_SubmitRegistration_T04" started.	[MsgId: MMSG-16999]
Registration.c(59): web_reg_find started  	[MsgId: MMSG-26355]
Registration.c(59): Registering web_reg_find was successful  	[MsgId: MMSG-26390]
Registration.c(66): Notify: Saving Parameter "randomUsername = YYLN".	[MsgId: MMSG-13798]
Registration.c(72): Notify: Saving Parameter "randompass = xads".	[MsgId: MMSG-13798]
Registration.c(86): Notify: Saving Parameter "randomFirstName = yydid".	[MsgId: MMSG-13798]
Registration.c(87): Notify: Saving Parameter "randomLastName = odnzi".	[MsgId: MMSG-13798]
Registration.c(99): Notify: Saving Parameter "RandomPhone = 9766688612".	[MsgId: MMSG-13798]
Registration.c(108): Notify: Saving Parameter "RandomZip = 179135".	[MsgId: MMSG-13798]
Registration.c(111): web_submit_form("Account.action") started  	[MsgId: MMSG-26355]
Registration.c(111): Notify: Parameter Substitution: parameter "randomUsername" =  "YYLN"	[MsgId: MMSG-13992]
Registration.c(111): Notify: Parameter Substitution: parameter "randompass" =  "xads"	[MsgId: MMSG-13992]
Registration.c(111): Notify: Parameter Substitution: parameter "randompass" =  "xads"	[MsgId: MMSG-13992]
Registration.c(111): Notify: Parameter Substitution: parameter "randomFirstName" =  "yydid"	[MsgId: MMSG-13992]
Registration.c(111): Notify: Parameter Substitution: parameter "randomLastName" =  "odnzi"	[MsgId: MMSG-13992]
Registration.c(111): Notify: Parameter Substitution: parameter "randomFirstName" =  "yydid"	[MsgId: MMSG-13992]
Registration.c(111): Notify: Parameter Substitution: parameter "randomLastName" =  "odnzi"	[MsgId: MMSG-13992]
Registration.c(111): Notify: Parameter Substitution: parameter "RandomPhone" =  "9766688612"	[MsgId: MMSG-13992]
Registration.c(111): Notify: Parameter Substitution: parameter "RandomZip" =  "179135"	[MsgId: MMSG-13992]
Registration.c(111): Submitting form to "https://petstore.octoperf.com/actions/Account.action", Target Frame=""  	[MsgId: MMSG-27978]
Registration.c(111): Redirecting "https://petstore.octoperf.com/actions/Account.action" (redirection depth is 0)  	[MsgId: MMSG-26694]
Registration.c(111): To location "https://petstore.octoperf.com/actions/Catalog.action"  	[MsgId: MMSG-26693]
Registration.c(111): Resource "https://petstore.octoperf.com/css/jpetstore.css" is in the cache already and will not be downloaded again  	[MsgId: MMSG-26655]
Registration.c(111): Resource "https://petstore.octoperf.com/images/logo-topbar.svg" is in the cache already and will not be downloaded again  	[MsgId: MMSG-26655]
Registration.c(111): Resource "https://petstore.octoperf.com/images/cart.gif" is in the cache already and will not be downloaded again  	[MsgId: MMSG-26655]
Registration.c(111): Resource "https://petstore.octoperf.com/images/separator.gif" is in the cache already and will not be downloaded again  	[MsgId: MMSG-26655]
Registration.c(111): Resource "https://petstore.octoperf.com/images/sm_fish.gif" is in the cache already and will not be downloaded again  	[MsgId: MMSG-26655]
Registration.c(111): Resource "https://petstore.octoperf.com/images/sm_dogs.gif" is in the cache already and will not be downloaded again  	[MsgId: MMSG-26655]
Registration.c(111): Resource "https://petstore.octoperf.com/images/sm_reptiles.gif" is in the cache already and will not be downloaded again  	[MsgId: MMSG-26655]
Registration.c(111): Resource "https://petstore.octoperf.com/images/sm_cats.gif" is in the cache already and will not be downloaded again  	[MsgId: MMSG-26655]
Registration.c(111): Resource "https://petstore.octoperf.com/images/sm_birds.gif" is in the cache already and will not be downloaded again  	[MsgId: MMSG-26655]
Registration.c(111): Resource "https://petstore.octoperf.com/images/fish_icon.gif" is in the cache already and will not be downloaded again  	[MsgId: MMSG-26655]
Registration.c(111): Resource "https://petstore.octoperf.com/images/dogs_icon.gif" is in the cache already and will not be downloaded again  	[MsgId: MMSG-26655]
Registration.c(111): Resource "https://petstore.octoperf.com/images/cats_icon.gif" is in the cache already and will not be downloaded again  	[MsgId: MMSG-26655]
Registration.c(111): Resource "https://petstore.octoperf.com/images/reptiles_icon.gif" is in the cache already and will not be downloaded again  	[MsgId: MMSG-26655]
Registration.c(111): Resource "https://petstore.octoperf.com/images/birds_icon.gif" is in the cache already and will not be downloaded again  	[MsgId: MMSG-26655]
Registration.c(111): Resource "https://petstore.octoperf.com/images/splash.gif" is in the cache already and will not be downloaded again  	[MsgId: MMSG-26655]
Registration.c(111): Registered web_reg_find successful for "Text=Elevate you load-testing" (count=1)  	[MsgId: MMSG-26364]
Registration.c(111): web_submit_form("Account.action") was successful, 4736 body bytes, 443 header bytes  	[MsgId: MMSG-26386]
Registration.c(133): Notify: Transaction "PetStore_SubmitRegistration_T04" ended with a "Pass" status (Duration: 0.3837 Wasted Time: 0.0000).	[MsgId: MMSG-16871]
Registration.c(135): lr_think_time: 3.22 seconds (recorded think time was 5.00 seconds).	[MsgId: MMSG-15947]
Registration.c(17): Registered web_reg_find successful for "Text=OctoPerf" (count=1)  	[MsgId: MMSG-26364]
Registration.c(17): web_url("Catalog.action") was successful, 69386 body bytes, 4543 header bytes  	[MsgId: MMSG-26386]
Registration.c(25): Notify: Transaction "PetStore_EnterToPetStore_T01" ended with a "Pass" status (Duration: 1.1586 Wasted Time: 0.0001).	[MsgId: MMSG-16871]
Registration.c(27): lr_think_time: 4.60 seconds (recorded think time was 5.00 seconds).	[MsgId: MMSG-15947]
AddToCard.c(88): Notify: Transaction "PetStore_AddToCard_T04" started.	[MsgId: MMSG-16999]
AddToCard.c(90): web_reg_find started  	[MsgId: MMSG-26355]
AddToCard.c(90): Registering web_reg_find was successful  	[MsgId: MMSG-26390]
AddToCard.c(94): web_link("Add to Cart") started  	[MsgId: MMSG-26355]
AddToCard.c(94): Linking to "https://petstore.octoperf.com/actions/Cart.action?addItemToCart=&workingItemId=EST-18", Target Frame=""  	[MsgId: MMSG-27994]
RemoveTheProduct.c(18): Notify: Transaction "PetStore_ClickOnRemove_T02" started.	[MsgId: MMSG-16999]
RemoveTheProduct.c(20): web_reg_find started  	[MsgId: MMSG-26355]
RemoveTheProduct.c(20): Registering web_reg_find was successful  	[MsgId: MMSG-26390]
RemoveTheProduct.c(23): web_link("Remove") started  	[MsgId: MMSG-26355]
RemoveTheProduct.c(23): Linking to "https://petstore.octoperf.com/actions/Cart.action?removeItemFromCart=&workingItemId=EST-2", Target Frame=""  	[MsgId: MMSG-27994]
AddToCard.c(94): Resource "https://petstore.octoperf.com/css/jpetstore.css" is in the cache already and will not be downloaded again  	[MsgId: MMSG-26655]
AddToCard.c(94): Resource "https://petstore.octoperf.com/images/logo-topbar.svg" is in the cache already and will not be downloaded again  	[MsgId: MMSG-26655]
AddToCard.c(94): Resource "https://petstore.octoperf.com/images/cart.gif" is in the cache already and will not be downloaded again  	[MsgId: MMSG-26655]
AddToCard.c(94): Resource "https://petstore.octoperf.com/images/separator.gif" is in the cache already and will not be downloaded again  	[MsgId: MMSG-26655]
AddToCard.c(94): Resource "https://petstore.octoperf.com/images/sm_fish.gif" is in the cache already and will not be downloaded again  	[MsgId: MMSG-26655]
AddToCard.c(94): Resource "https://petstore.octoperf.com/images/sm_dogs.gif" is in the cache already and will not be downloaded again  	[MsgId: MMSG-26655]
AddToCard.c(94): Resource "https://petstore.octoperf.com/images/sm_reptiles.gif" is in the cache already and will not be downloaded again  	[MsgId: MMSG-26655]
AddToCard.c(94): Resource "https://petstore.octoperf.com/images/sm_cats.gif" is in the cache already and will not be downloaded again  	[MsgId: MMSG-26655]
AddToCard.c(94): Resource "https://petstore.octoperf.com/images/sm_birds.gif" is in the cache already and will not be downloaded again  	[MsgId: MMSG-26655]
AddToCard.c(94): Resource "https://petstore.octoperf.com/images/banner_fish.gif" is in the cache already and will not be downloaded again  	[MsgId: MMSG-26655]
AddToCard.c(94): Registered web_reg_find successful for "Text=Shopping Cart" (count=1)  	[MsgId: MMSG-26364]
AddToCard.c(94): web_link("Add to Cart") was successful, 4643 body bytes, 225 header bytes  	[MsgId: MMSG-26386]
AddToCard.c(99): Notify: Transaction "PetStore_AddToCard_T04" ended with a "Pass" status (Duration: 0.1303 Wasted Time: 0.0000).	[MsgId: MMSG-16871]
RemoveTheProduct.c(7): Notify: Transaction "PetStore_ClickOnViewCartR_T01" started.	[MsgId: MMSG-16999]
RemoveTheProduct.c(8): web_reg_find started  	[MsgId: MMSG-26355]
RemoveTheProduct.c(8): Registering web_reg_find was successful  	[MsgId: MMSG-26390]
RemoveTheProduct.c(10): web_image("cart.gif") started  	[MsgId: MMSG-26355]
RemoveTheProduct.c(10): Image-linking to "https://petstore.octoperf.com/actions/Cart.action?viewCart=", Target Frame=""  	[MsgId: MMSG-27993]
Login.c(17): Notify: Transaction "PetStore_Login_T01" started.	[MsgId: MMSG-16999]
Login.c(18): web_reg_find started  	[MsgId: MMSG-26355]
Login.c(18): Registering web_reg_find was successful  	[MsgId: MMSG-26390]
Login.c(20): web_reg_save_param_regexp started  	[MsgId: MMSG-26355]
Login.c(20): Registering web_reg_save_param_regexp was successful  	[MsgId: MMSG-26390]
Login.c(26): web_submit_form("Account.action") started  	[MsgId: MMSG-26355]
Login.c(26): Notify: Parameter Substitution: parameter "randomUsername" =  "HKDP"	[MsgId: MMSG-13992]
Login.c(26): Notify: Parameter Substitution: parameter "randompass" =  "tuvx"	[MsgId: MMSG-13992]
Login.c(26): Submitting form to "https://petstore.octoperf.com/actions/Account.action", Target Frame=""  	[MsgId: MMSG-27978]
RemoveTheProduct.c(23): Resource "https://petstore.octoperf.com/css/jpetstore.css" is in the cache already and will not be downloaded again  	[MsgId: MMSG-26655]
RemoveTheProduct.c(23): Resource "https://petstore.octoperf.com/images/logo-topbar.svg" is in the cache already and will not be downloaded again  	[MsgId: MMSG-26655]
RemoveTheProduct.c(23): Resource "https://petstore.octoperf.com/images/cart.gif" is in the cache already and will not be downloaded again  	[MsgId: MMSG-26655]
RemoveTheProduct.c(23): Resource "https://petstore.octoperf.com/images/separator.gif" is in the cache already and will not be downloaded again  	[MsgId: MMSG-26655]
RemoveTheProduct.c(23): Resource "https://petstore.octoperf.com/images/sm_fish.gif" is in the cache already and will not be downloaded again  	[MsgId: MMSG-26655]
RemoveTheProduct.c(23): Resource "https://petstore.octoperf.com/images/sm_dogs.gif" is in the cache already and will not be downloaded again  	[MsgId: MMSG-26655]
RemoveTheProduct.c(23): Resource "https://petstore.octoperf.com/images/sm_reptiles.gif" is in the cache already and will not be downloaded again  	[MsgId: MMSG-26655]
RemoveTheProduct.c(23): Resource "https://petstore.octoperf.com/images/sm_cats.gif" is in the cache already and will not be downloaded again  	[MsgId: MMSG-26655]
RemoveTheProduct.c(23): Resource "https://petstore.octoperf.com/images/sm_birds.gif" is in the cache already and will not be downloaded again  	[MsgId: MMSG-26655]
RemoveTheProduct.c(23): Resource "https://petstore.octoperf.com/images/banner_fish.gif" is in the cache already and will not be downloaded again  	[MsgId: MMSG-26655]
RemoveTheProduct.c(23): Registered web_reg_find successful for "Text=Your cart is empty." (count=1)  	[MsgId: MMSG-26364]
RemoveTheProduct.c(23): web_link("Remove") was successful, 4202 body bytes, 225 header bytes  	[MsgId: MMSG-26386]
RemoveTheProduct.c(28): Notify: Transaction "PetStore_ClickOnRemove_T02" ended with a "Pass" status (Duration: 0.1266 Wasted Time: 0.0000).	[MsgId: MMSG-16871]
Ending action RemoveTheProduct.	[MsgId: MMSG-15918]
Ending iteration 2.	[MsgId: MMSG-15965]
Waiting 9.3190 seconds for iteration pacing.	[MsgId: MMSG-15996]
RemoveTheProduct.c(10): Resource "https://petstore.octoperf.com/css/jpetstore.css" is in the cache already and will not be downloaded again  	[MsgId: MMSG-26655]
RemoveTheProduct.c(10): Resource "https://petstore.octoperf.com/images/logo-topbar.svg" is in the cache already and will not be downloaded again  	[MsgId: MMSG-26655]
RemoveTheProduct.c(10): Resource "https://petstore.octoperf.com/images/cart.gif" is in the cache already and will not be downloaded again  	[MsgId: MMSG-26655]
RemoveTheProduct.c(10): Resource "https://petstore.octoperf.com/images/separator.gif" is in the cache already and will not be downloaded again  	[MsgId: MMSG-26655]
RemoveTheProduct.c(10): Resource "https://petstore.octoperf.com/images/sm_fish.gif" is in the cache already and will not be downloaded again  	[MsgId: MMSG-26655]
RemoveTheProduct.c(10): Resource "https://petstore.octoperf.com/images/sm_dogs.gif" is in the cache already and will not be downloaded again  	[MsgId: MMSG-26655]
RemoveTheProduct.c(10): Resource "https://petstore.octoperf.com/images/sm_reptiles.gif" is in the cache already and will not be downloaded again  	[MsgId: MMSG-26655]
RemoveTheProduct.c(10): Resource "https://petstore.octoperf.com/images/sm_cats.gif" is in the cache already and will not be downloaded again  	[MsgId: MMSG-26655]
RemoveTheProduct.c(10): Resource "https://petstore.octoperf.com/images/sm_birds.gif" is in the cache already and will not be downloaded again  	[MsgId: MMSG-26655]
RemoveTheProduct.c(10): Resource "https://petstore.octoperf.com/images/banner_fish.gif" is in the cache already and will not be downloaded again  	[MsgId: MMSG-26655]
RemoveTheProduct.c(10): Registered web_reg_find successful for "Text=Shopping Cart" (count=1)  	[MsgId: MMSG-26364]
RemoveTheProduct.c(10): web_image("cart.gif") was successful, 4643 body bytes, 225 header bytes  	[MsgId: MMSG-26386]
RemoveTheProduct.c(14): Notify: Transaction "PetStore_ClickOnViewCartR_T01" ended with a "Pass" status (Duration: 0.1295 Wasted Time: 0.0000).	[MsgId: MMSG-16871]
RemoveTheProduct.c(16): lr_think_time: 4.63 seconds (recorded think time was 5.00 seconds).	[MsgId: MMSG-15947]
Login.c(26): Redirecting "https://petstore.octoperf.com/actions/Account.action" (redirection depth is 0)  	[MsgId: MMSG-26694]
Login.c(26): To location "https://petstore.octoperf.com/actions/Catalog.action"  	[MsgId: MMSG-26693]
Login.c(26): Resource "https://petstore.octoperf.com/css/jpetstore.css" is in the cache already and will not be downloaded again  	[MsgId: MMSG-26655]
Login.c(26): Resource "https://petstore.octoperf.com/images/logo-topbar.svg" is in the cache already and will not be downloaded again  	[MsgId: MMSG-26655]
Login.c(26): Resource "https://petstore.octoperf.com/images/cart.gif" is in the cache already and will not be downloaded again  	[MsgId: MMSG-26655]
Login.c(26): Resource "https://petstore.octoperf.com/images/separator.gif" is in the cache already and will not be downloaded again  	[MsgId: MMSG-26655]
Login.c(26): Resource "https://petstore.octoperf.com/images/sm_fish.gif" is in the cache already and will not be downloaded again  	[MsgId: MMSG-26655]
Login.c(26): Resource "https://petstore.octoperf.com/images/sm_dogs.gif" is in the cache already and will not be downloaded again  	[MsgId: MMSG-26655]
Login.c(26): Resource "https://petstore.octoperf.com/images/sm_reptiles.gif" is in the cache already and will not be downloaded again  	[MsgId: MMSG-26655]
Login.c(26): Resource "https://petstore.octoperf.com/images/sm_cats.gif" is in the cache already and will not be downloaded again  	[MsgId: MMSG-26655]
Login.c(26): Resource "https://petstore.octoperf.com/images/sm_birds.gif" is in the cache already and will not be downloaded again  	[MsgId: MMSG-26655]
Login.c(26): Resource "https://petstore.octoperf.com/images/fish_icon.gif" is in the cache already and will not be downloaded again  	[MsgId: MMSG-26655]
Login.c(26): Resource "https://petstore.octoperf.com/images/dogs_icon.gif" is in the cache already and will not be downloaded again  	[MsgId: MMSG-26655]
Login.c(26): Resource "https://petstore.octoperf.com/images/cats_icon.gif" is in the cache already and will not be downloaded again  	[MsgId: MMSG-26655]
Login.c(26): Resource "https://petstore.octoperf.com/images/reptiles_icon.gif" is in the cache already and will not be downloaded again  	[MsgId: MMSG-26655]
Login.c(26): Resource "https://petstore.octoperf.com/images/birds_icon.gif" is in the cache already and will not be downloaded again  	[MsgId: MMSG-26655]
Login.c(26): Resource "https://petstore.octoperf.com/images/splash.gif" is in the cache already and will not be downloaded again  	[MsgId: MMSG-26655]
Login.c(26): Found resource "https://petstore.octoperf.com/images/banner_fish.gif" in HTML "https://petstore.octoperf.com/actions/Catalog.action"  	[MsgId: MMSG-26659]
Login.c(26): Notify: Saving Parameter "ProductName_1 = BIRDS".	[MsgId: MMSG-13798]
Login.c(26): Notify: Saving Parameter "ProductName_2 = FISH".	[MsgId: MMSG-13798]
Login.c(26): Notify: Saving Parameter "ProductName_3 = DOGS".	[MsgId: MMSG-13798]
Login.c(26): Notify: Saving Parameter "ProductName_4 = REPTILES".	[MsgId: MMSG-13798]
Login.c(26): Notify: Saving Parameter "ProductName_5 = CATS".	[MsgId: MMSG-13798]
Login.c(26): Notify: Saving Parameter "ProductName_6 = BIRDS".	[MsgId: MMSG-13798]
AddToCard.c(40): Notify: Transaction "PetStore_SelectProductId_T02" started.	[MsgId: MMSG-16999]
AddToCard.c(43): Notify: Parameter Substitution: parameter "productId_count" =  "2"	[MsgId: MMSG-13992]
AddToCard.c(44): Notify: Parameter Substitution: parameter "productId_2" =  "AV-SB-02"	[MsgId: MMSG-13992]
AddToCard.c(46): Notify: Saving Parameter "RandproductId = AV-SB-02".	[MsgId: MMSG-13798]
AddToCard.c(47): Notify: Parameter Substitution: parameter "RandproductId" =  "AV-SB-02"	[MsgId: MMSG-13992]
AddToCard.c(47): Random category selected in Action2 = AV-SB-02	[MsgId: MMSG-17999]
AddToCard.c(49): web_reg_find started  	[MsgId: MMSG-26355]
AddToCard.c(49): Notify: Parameter Substitution: parameter "RandproductId" =  "AV-SB-02"	[MsgId: MMSG-13992]
AddToCard.c(49): Registering web_reg_find was successful  	[MsgId: MMSG-26390]
AddToCard.c(51): web_reg_save_param_regexp started  	[MsgId: MMSG-26355]
AddToCard.c(51): Registering web_reg_save_param_regexp was successful  	[MsgId: MMSG-26390]
AddToCard.c(58): web_link("{RandproductId}") started  	[MsgId: MMSG-26355]
AddToCard.c(58): Notify: Parameter Substitution: parameter "RandproductId" =  "AV-SB-02"	[MsgId: MMSG-13992]
AddToCard.c(58): Linking to "https://petstore.octoperf.com/actions/Catalog.action?viewProduct=&productId=AV-SB-02", Target Frame=""  	[MsgId: MMSG-27994]
Login.c(26): Notify: Saving Parameter "ProductName_count = 6".	[MsgId: MMSG-13798]
Login.c(26): Registered web_reg_find successful for "Text=My Account" (count=1)  	[MsgId: MMSG-26364]
Login.c(26): web_submit_form("Account.action") was successful, 11416 body bytes, 727 header bytes  	[MsgId: MMSG-26386]
Login.c(34): Notify: Transaction "PetStore_Login_T01" ended with a "Pass" status (Duration: 0.5009 Wasted Time: 0.0003).	[MsgId: MMSG-16871]
Ending action Login.	[MsgId: MMSG-15918]
Starting action RemoveTheProduct.	[MsgId: MMSG-15919]
AddToCard.c(8): Notify: Transaction "PetStore_AddAproduct_T01" started.	[MsgId: MMSG-16999]
AddToCard.c(11): Notify: Parameter Substitution: parameter "ProductName_count" =  "6"	[MsgId: MMSG-13992]
AddToCard.c(12): Notify: Parameter Substitution: parameter "ProductName_1" =  "BIRDS"	[MsgId: MMSG-13992]
AddToCard.c(14): Notify: Saving Parameter "RandCategory = BIRDS".	[MsgId: MMSG-13798]
AddToCard.c(15): Notify: Parameter Substitution: parameter "RandCategory" =  "BIRDS"	[MsgId: MMSG-13992]
AddToCard.c(15): Random category selected in Action2 = BIRDS	[MsgId: MMSG-17999]
AddToCard.c(17): web_reg_find started  	[MsgId: MMSG-26355]
AddToCard.c(17): Notify: Parameter Substitution: parameter "RandCategory" =  "BIRDS"	[MsgId: MMSG-13992]
AddToCard.c(17): Registering web_reg_find was successful  	[MsgId: MMSG-26390]
AddToCard.c(20): web_reg_save_param_regexp started  	[MsgId: MMSG-26355]
AddToCard.c(20): Registering web_reg_save_param_regexp was successful  	[MsgId: MMSG-26390]
AddToCard.c(27): web_url("Catalog.action_2") started  	[MsgId: MMSG-26355]
AddToCard.c(27): Notify: Parameter Substitution: parameter "RandCategory" =  "BIRDS"	[MsgId: MMSG-13992]
AddToCard.c(58): Resource "https://petstore.octoperf.com/css/jpetstore.css" is in the cache already and will not be downloaded again  	[MsgId: MMSG-26655]
AddToCard.c(58): Resource "https://petstore.octoperf.com/images/logo-topbar.svg" is in the cache already and will not be downloaded again  	[MsgId: MMSG-26655]
AddToCard.c(58): Resource "https://petstore.octoperf.com/images/cart.gif" is in the cache already and will not be downloaded again  	[MsgId: MMSG-26655]
AddToCard.c(58): Resource "https://petstore.octoperf.com/images/separator.gif" is in the cache already and will not be downloaded again  	[MsgId: MMSG-26655]
AddToCard.c(58): Resource "https://petstore.octoperf.com/images/sm_fish.gif" is in the cache already and will not be downloaded again  	[MsgId: MMSG-26655]
AddToCard.c(58): Resource "https://petstore.octoperf.com/images/sm_dogs.gif" is in the cache already and will not be downloaded again  	[MsgId: MMSG-26655]
AddToCard.c(58): Resource "https://petstore.octoperf.com/images/sm_reptiles.gif" is in the cache already and will not be downloaded again  	[MsgId: MMSG-26655]
AddToCard.c(58): Resource "https://petstore.octoperf.com/images/sm_cats.gif" is in the cache already and will not be downloaded again  	[MsgId: MMSG-26655]
AddToCard.c(58): Resource "https://petstore.octoperf.com/images/sm_birds.gif" is in the cache already and will not be downloaded again  	[MsgId: MMSG-26655]
AddToCard.c(58): Resource "https://petstore.octoperf.com/images/banner_fish.gif" is in the cache already and will not be downloaded again  	[MsgId: MMSG-26655]
AddToCard.c(58): Notify: Saving Parameter "itemId_1 = EST-19".	[MsgId: MMSG-13798]
AddToCard.c(58): Notify: Saving Parameter "itemId_count = 1".	[MsgId: MMSG-13798]
AddToCard.c(58): Registered web_reg_find successful for "Text=AV-SB-02" (count=1)  	[MsgId: MMSG-26364]
AddToCard.c(58): web_link("{RandproductId}") was successful, 3778 body bytes, 225 header bytes  	[MsgId: MMSG-26386]
AddToCard.c(63): Notify: Transaction "PetStore_SelectProductId_T02" ended with a "Pass" status (Duration: 0.1313 Wasted Time: 0.0002).	[MsgId: MMSG-16871]
AddToCard.c(65): lr_think_time: 3.06 seconds (recorded think time was 5.00 seconds).	[MsgId: MMSG-15947]
AddToCard.c(88): Notify: Transaction "PetStore_AddToCard_T04" started.	[MsgId: MMSG-16999]
AddToCard.c(90): web_reg_find started  	[MsgId: MMSG-26355]
AddToCard.c(90): Registering web_reg_find was successful  	[MsgId: MMSG-26390]
AddToCard.c(94): web_link("Add to Cart") started  	[MsgId: MMSG-26355]
AddToCard.c(94): Linking to "https://petstore.octoperf.com/actions/Cart.action?addItemToCart=&workingItemId=EST-14", Target Frame=""  	[MsgId: MMSG-27994]
AddToCard.c(94): Resource "https://petstore.octoperf.com/css/jpetstore.css" is in the cache already and will not be downloaded again  	[MsgId: MMSG-26655]
AddToCard.c(94): Resource "https://petstore.octoperf.com/images/logo-topbar.svg" is in the cache already and will not be downloaded again  	[MsgId: MMSG-26655]
AddToCard.c(94): Resource "https://petstore.octoperf.com/images/cart.gif" is in the cache already and will not be downloaded again  	[MsgId: MMSG-26655]
AddToCard.c(94): Resource "https://petstore.octoperf.com/images/separator.gif" is in the cache already and will not be downloaded again  	[MsgId: MMSG-26655]
AddToCard.c(94): Resource "https://petstore.octoperf.com/images/sm_fish.gif" is in the cache already and will not be downloaded again  	[MsgId: MMSG-26655]
AddToCard.c(94): Resource "https://petstore.octoperf.com/images/sm_dogs.gif" is in the cache already and will not be downloaded again  	[MsgId: MMSG-26655]
AddToCard.c(94): Resource "https://petstore.octoperf.com/images/sm_reptiles.gif" is in the cache already and will not be downloaded again  	[MsgId: MMSG-26655]
AddToCard.c(94): Resource "https://petstore.octoperf.com/images/sm_cats.gif" is in the cache already and will not be downloaded again  	[MsgId: MMSG-26655]
AddToCard.c(94): Resource "https://petstore.octoperf.com/images/sm_birds.gif" is in the cache already and will not be downloaded again  	[MsgId: MMSG-26655]
AddToCard.c(94): Resource "https://petstore.octoperf.com/images/banner_fish.gif" is in the cache already and will not be downloaded again  	[MsgId: MMSG-26655]
AddToCard.c(94): Registered web_reg_find successful for "Text=Shopping Cart" (count=1)  	[MsgId: MMSG-26364]
AddToCard.c(94): web_link("Add to Cart") was successful, 4630 body bytes, 225 header bytes  	[MsgId: MMSG-26386]
AddToCard.c(99): Notify: Transaction "PetStore_AddToCard_T04" ended with a "Pass" status (Duration: 0.1297 Wasted Time: 0.0000).	[MsgId: MMSG-16871]
RemoveTheProduct.c(7): Notify: Transaction "PetStore_ClickOnViewCartR_T01" started.	[MsgId: MMSG-16999]
RemoveTheProduct.c(8): web_reg_find started  	[MsgId: MMSG-26355]
RemoveTheProduct.c(8): Registering web_reg_find was successful  	[MsgId: MMSG-26390]
RemoveTheProduct.c(10): web_image("cart.gif") started  	[MsgId: MMSG-26355]
RemoveTheProduct.c(10): Image-linking to "https://petstore.octoperf.com/actions/Cart.action?viewCart=", Target Frame=""  	[MsgId: MMSG-27993]
AddToCard.c(27): Resource "https://petstore.octoperf.com/css/jpetstore.css" is in the cache already and will not be downloaded again  	[MsgId: MMSG-26655]
AddToCard.c(27): Resource "https://petstore.octoperf.com/images/logo-topbar.svg" is in the cache already and will not be downloaded again  	[MsgId: MMSG-26655]
AddToCard.c(27): Resource "https://petstore.octoperf.com/images/cart.gif" is in the cache already and will not be downloaded again  	[MsgId: MMSG-26655]
AddToCard.c(27): Resource "https://petstore.octoperf.com/images/separator.gif" is in the cache already and will not be downloaded again  	[MsgId: MMSG-26655]
AddToCard.c(27): Resource "https://petstore.octoperf.com/images/sm_fish.gif" is in the cache already and will not be downloaded again  	[MsgId: MMSG-26655]
AddToCard.c(27): Resource "https://petstore.octoperf.com/images/sm_dogs.gif" is in the cache already and will not be downloaded again  	[MsgId: MMSG-26655]
AddToCard.c(27): Resource "https://petstore.octoperf.com/images/sm_reptiles.gif" is in the cache already and will not be downloaded again  	[MsgId: MMSG-26655]
AddToCard.c(27): Resource "https://petstore.octoperf.com/images/sm_cats.gif" is in the cache already and will not be downloaded again  	[MsgId: MMSG-26655]
AddToCard.c(27): Resource "https://petstore.octoperf.com/images/sm_birds.gif" is in the cache already and will not be downloaded again  	[MsgId: MMSG-26655]
AddToCard.c(27): Resource "https://petstore.octoperf.com/images/banner_fish.gif" is in the cache already and will not be downloaded again  	[MsgId: MMSG-26655]
AddToCard.c(27): Notify: Saving Parameter "productId_1 = AV-CB-01".	[MsgId: MMSG-13798]
AddToCard.c(27): Notify: Saving Parameter "productId_2 = AV-SB-02".	[MsgId: MMSG-13798]
AddToCard.c(27): Notify: Saving Parameter "productId_count = 2".	[MsgId: MMSG-13798]
AddToCard.c(27): Registered web_reg_find successful for "Text=BIRDS" (count=1)  	[MsgId: MMSG-26364]
AddToCard.c(27): web_url("Catalog.action_2") was successful, 3625 body bytes, 225 header bytes  	[MsgId: MMSG-26386]
AddToCard.c(36): Notify: Transaction "PetStore_AddAproduct_T01" ended with a "Pass" status (Duration: 0.2885 Wasted Time: 0.0002).	[MsgId: MMSG-16871]
AddToCard.c(38): lr_think_time: 3.90 seconds (recorded think time was 5.00 seconds).	[MsgId: MMSG-15947]
RemoveTheProduct.c(10): Resource "https://petstore.octoperf.com/css/jpetstore.css" is in the cache already and will not be downloaded again  	[MsgId: MMSG-26655]
RemoveTheProduct.c(10): Resource "https://petstore.octoperf.com/images/logo-topbar.svg" is in the cache already and will not be downloaded again  	[MsgId: MMSG-26655]
RemoveTheProduct.c(10): Resource "https://petstore.octoperf.com/images/cart.gif" is in the cache already and will not be downloaded again  	[MsgId: MMSG-26655]
RemoveTheProduct.c(10): Resource "https://petstore.octoperf.com/images/separator.gif" is in the cache already and will not be downloaded again  	[MsgId: MMSG-26655]
RemoveTheProduct.c(10): Resource "https://petstore.octoperf.com/images/sm_fish.gif" is in the cache already and will not be downloaded again  	[MsgId: MMSG-26655]
RemoveTheProduct.c(10): Resource "https://petstore.octoperf.com/images/sm_dogs.gif" is in the cache already and will not be downloaded again  	[MsgId: MMSG-26655]
RemoveTheProduct.c(10): Resource "https://petstore.octoperf.com/images/sm_reptiles.gif" is in the cache already and will not be downloaded again  	[MsgId: MMSG-26655]
RemoveTheProduct.c(10): Resource "https://petstore.octoperf.com/images/sm_cats.gif" is in the cache already and will not be downloaded again  	[MsgId: MMSG-26655]
RemoveTheProduct.c(10): Resource "https://petstore.octoperf.com/images/sm_birds.gif" is in the cache already and will not be downloaded again  	[MsgId: MMSG-26655]
RemoveTheProduct.c(10): Resource "https://petstore.octoperf.com/images/banner_fish.gif" is in the cache already and will not be downloaded again  	[MsgId: MMSG-26655]
RemoveTheProduct.c(10): Registered web_reg_find successful for "Text=Shopping Cart" (count=1)  	[MsgId: MMSG-26364]
RemoveTheProduct.c(10): web_image("cart.gif") was successful, 4630 body bytes, 225 header bytes  	[MsgId: MMSG-26386]
RemoveTheProduct.c(14): Notify: Transaction "PetStore_ClickOnViewCartR_T01" ended with a "Pass" status (Duration: 0.1279 Wasted Time: 0.0000).	[MsgId: MMSG-16871]
RemoveTheProduct.c(16): lr_think_time: 2.88 seconds (recorded think time was 5.00 seconds).	[MsgId: MMSG-15947]
Login.c(17): Notify: Transaction "PetStore_Login_T01" started.	[MsgId: MMSG-16999]
Login.c(18): web_reg_find started  	[MsgId: MMSG-26355]
Login.c(18): Registering web_reg_find was successful  	[MsgId: MMSG-26390]
Login.c(20): web_reg_save_param_regexp started  	[MsgId: MMSG-26355]
Login.c(20): Registering web_reg_save_param_regexp was successful  	[MsgId: MMSG-26390]
Login.c(26): web_submit_form("Account.action") started  	[MsgId: MMSG-26355]
Login.c(26): Notify: Parameter Substitution: parameter "randomUsername" =  "TOBC"	[MsgId: MMSG-13992]
Login.c(26): Notify: Parameter Substitution: parameter "randompass" =  "ykhr"	[MsgId: MMSG-13992]
Login.c(26): Submitting form to "https://petstore.octoperf.com/actions/Account.action", Target Frame=""  	[MsgId: MMSG-27978]
Login.c(26): Redirecting "https://petstore.octoperf.com/actions/Account.action" (redirection depth is 0)  	[MsgId: MMSG-26694]
Login.c(26): To location "https://petstore.octoperf.com/actions/Catalog.action"  	[MsgId: MMSG-26693]
Login.c(26): Resource "https://petstore.octoperf.com/css/jpetstore.css" is in the cache already and will not be downloaded again  	[MsgId: MMSG-26655]
Login.c(26): Resource "https://petstore.octoperf.com/images/logo-topbar.svg" is in the cache already and will not be downloaded again  	[MsgId: MMSG-26655]
Login.c(26): Resource "https://petstore.octoperf.com/images/cart.gif" is in the cache already and will not be downloaded again  	[MsgId: MMSG-26655]
Login.c(26): Resource "https://petstore.octoperf.com/images/separator.gif" is in the cache already and will not be downloaded again  	[MsgId: MMSG-26655]
Login.c(26): Resource "https://petstore.octoperf.com/images/sm_fish.gif" is in the cache already and will not be downloaded again  	[MsgId: MMSG-26655]
Login.c(26): Resource "https://petstore.octoperf.com/images/sm_dogs.gif" is in the cache already and will not be downloaded again  	[MsgId: MMSG-26655]
Login.c(26): Resource "https://petstore.octoperf.com/images/sm_reptiles.gif" is in the cache already and will not be downloaded again  	[MsgId: MMSG-26655]
Login.c(26): Resource "https://petstore.octoperf.com/images/sm_cats.gif" is in the cache already and will not be downloaded again  	[MsgId: MMSG-26655]
Login.c(26): Resource "https://petstore.octoperf.com/images/sm_birds.gif" is in the cache already and will not be downloaded again  	[MsgId: MMSG-26655]
Login.c(26): Resource "https://petstore.octoperf.com/images/fish_icon.gif" is in the cache already and will not be downloaded again  	[MsgId: MMSG-26655]
Login.c(26): Resource "https://petstore.octoperf.com/images/dogs_icon.gif" is in the cache already and will not be downloaded again  	[MsgId: MMSG-26655]
Login.c(26): Resource "https://petstore.octoperf.com/images/cats_icon.gif" is in the cache already and will not be downloaded again  	[MsgId: MMSG-26655]
Login.c(26): Resource "https://petstore.octoperf.com/images/reptiles_icon.gif" is in the cache already and will not be downloaded again  	[MsgId: MMSG-26655]
Login.c(26): Resource "https://petstore.octoperf.com/images/birds_icon.gif" is in the cache already and will not be downloaded again  	[MsgId: MMSG-26655]
Login.c(26): Resource "https://petstore.octoperf.com/images/splash.gif" is in the cache already and will not be downloaded again  	[MsgId: MMSG-26655]
Login.c(26): Found resource "https://petstore.octoperf.com/images/banner_fish.gif" in HTML "https://petstore.octoperf.com/actions/Catalog.action"  	[MsgId: MMSG-26659]
Login.c(26): Notify: Saving Parameter "ProductName_1 = BIRDS".	[MsgId: MMSG-13798]
Login.c(26): Notify: Saving Parameter "ProductName_2 = FISH".	[MsgId: MMSG-13798]
Login.c(26): Notify: Saving Parameter "ProductName_3 = DOGS".	[MsgId: MMSG-13798]
Login.c(26): Notify: Saving Parameter "ProductName_4 = REPTILES".	[MsgId: MMSG-13798]
Login.c(26): Notify: Saving Parameter "ProductName_5 = CATS".	[MsgId: MMSG-13798]
Login.c(26): Notify: Saving Parameter "ProductName_6 = BIRDS".	[MsgId: MMSG-13798]
Registration.c(43): Notify: Transaction "PetStore_ClickOnRegistration_T03" started.	[MsgId: MMSG-16999]
Registration.c(45): web_reg_find started  	[MsgId: MMSG-26355]
Registration.c(45): Registering web_reg_find was successful  	[MsgId: MMSG-26390]
Registration.c(48): web_link("Register Now!") started  	[MsgId: MMSG-26355]
Registration.c(48): Linking to "https://petstore.octoperf.com/actions/Account.action?newAccountForm=", Target Frame=""  	[MsgId: MMSG-27994]
Login.c(26): Notify: Saving Parameter "ProductName_count = 6".	[MsgId: MMSG-13798]
Login.c(26): Registered web_reg_find successful for "Text=My Account" (count=1)  	[MsgId: MMSG-26364]
Login.c(26): web_submit_form("Account.action") was successful, 11416 body bytes, 727 header bytes  	[MsgId: MMSG-26386]
Login.c(34): Notify: Transaction "PetStore_Login_T01" ended with a "Pass" status (Duration: 0.5066 Wasted Time: 0.0004).	[MsgId: MMSG-16871]
Ending action Login.	[MsgId: MMSG-15918]
Starting action RemoveTheProduct.	[MsgId: MMSG-15919]
AddToCard.c(8): Notify: Transaction "PetStore_AddAproduct_T01" started.	[MsgId: MMSG-16999]
AddToCard.c(11): Notify: Parameter Substitution: parameter "ProductName_count" =  "6"	[MsgId: MMSG-13992]
AddToCard.c(12): Notify: Parameter Substitution: parameter "ProductName_4" =  "REPTILES"	[MsgId: MMSG-13992]
AddToCard.c(14): Notify: Saving Parameter "RandCategory = REPTILES".	[MsgId: MMSG-13798]
AddToCard.c(15): Notify: Parameter Substitution: parameter "RandCategory" =  "REPTILES"	[MsgId: MMSG-13992]
AddToCard.c(15): Random category selected in Action2 = REPTILES	[MsgId: MMSG-17999]
AddToCard.c(17): web_reg_find started  	[MsgId: MMSG-26355]
AddToCard.c(17): Notify: Parameter Substitution: parameter "RandCategory" =  "REPTILES"	[MsgId: MMSG-13992]
AddToCard.c(17): Registering web_reg_find was successful  	[MsgId: MMSG-26390]
AddToCard.c(20): web_reg_save_param_regexp started  	[MsgId: MMSG-26355]
AddToCard.c(20): Registering web_reg_save_param_regexp was successful  	[MsgId: MMSG-26390]
AddToCard.c(27): web_url("Catalog.action_2") started  	[MsgId: MMSG-26355]
AddToCard.c(27): Notify: Parameter Substitution: parameter "RandCategory" =  "REPTILES"	[MsgId: MMSG-13992]
Registration.c(48): Resource "https://petstore.octoperf.com/css/jpetstore.css" is in the cache already and will not be downloaded again  	[MsgId: MMSG-26655]
Registration.c(48): Resource "https://petstore.octoperf.com/images/logo-topbar.svg" is in the cache already and will not be downloaded again  	[MsgId: MMSG-26655]
Registration.c(48): Resource "https://petstore.octoperf.com/images/cart.gif" is in the cache already and will not be downloaded again  	[MsgId: MMSG-26655]
Registration.c(48): Resource "https://petstore.octoperf.com/images/separator.gif" is in the cache already and will not be downloaded again  	[MsgId: MMSG-26655]
Registration.c(48): Resource "https://petstore.octoperf.com/images/sm_fish.gif" is in the cache already and will not be downloaded again  	[MsgId: MMSG-26655]
Registration.c(48): Resource "https://petstore.octoperf.com/images/sm_dogs.gif" is in the cache already and will not be downloaded again  	[MsgId: MMSG-26655]
Registration.c(48): Resource "https://petstore.octoperf.com/images/sm_reptiles.gif" is in the cache already and will not be downloaded again  	[MsgId: MMSG-26655]
Registration.c(48): Resource "https://petstore.octoperf.com/images/sm_cats.gif" is in the cache already and will not be downloaded again  	[MsgId: MMSG-26655]
Registration.c(48): Resource "https://petstore.octoperf.com/images/sm_birds.gif" is in the cache already and will not be downloaded again  	[MsgId: MMSG-26655]
Registration.c(48): Registered web_reg_find successful for "Text=User Information" (count=1)  	[MsgId: MMSG-26364]
Registration.c(48): web_link("Register Now!") was successful, 5821 body bytes, 225 header bytes  	[MsgId: MMSG-26386]
Registration.c(53): Notify: Transaction "PetStore_ClickOnRegistration_T03" ended with a "Pass" status (Duration: 0.1261 Wasted Time: 0.0000).	[MsgId: MMSG-16871]
Registration.c(55): lr_think_time: 4.80 seconds (recorded think time was 5.00 seconds).	[MsgId: MMSG-15947]
AddToCard.c(27): Resource "https://petstore.octoperf.com/css/jpetstore.css" is in the cache already and will not be downloaded again  	[MsgId: MMSG-26655]
AddToCard.c(27): Resource "https://petstore.octoperf.com/images/logo-topbar.svg" is in the cache already and will not be downloaded again  	[MsgId: MMSG-26655]
AddToCard.c(27): Resource "https://petstore.octoperf.com/images/cart.gif" is in the cache already and will not be downloaded again  	[MsgId: MMSG-26655]
AddToCard.c(27): Resource "https://petstore.octoperf.com/images/separator.gif" is in the cache already and will not be downloaded again  	[MsgId: MMSG-26655]
AddToCard.c(27): Resource "https://petstore.octoperf.com/images/sm_fish.gif" is in the cache already and will not be downloaded again  	[MsgId: MMSG-26655]
AddToCard.c(27): Resource "https://petstore.octoperf.com/images/sm_dogs.gif" is in the cache already and will not be downloaded again  	[MsgId: MMSG-26655]
AddToCard.c(27): Resource "https://petstore.octoperf.com/images/sm_reptiles.gif" is in the cache already and will not be downloaded again  	[MsgId: MMSG-26655]
AddToCard.c(27): Resource "https://petstore.octoperf.com/images/sm_cats.gif" is in the cache already and will not be downloaded again  	[MsgId: MMSG-26655]
AddToCard.c(27): Resource "https://petstore.octoperf.com/images/sm_birds.gif" is in the cache already and will not be downloaded again  	[MsgId: MMSG-26655]
AddToCard.c(27): Resource "https://petstore.octoperf.com/images/banner_fish.gif" is in the cache already and will not be downloaded again  	[MsgId: MMSG-26655]
AddToCard.c(27): Notify: Saving Parameter "productId_1 = RP-SN-01".	[MsgId: MMSG-13798]
AddToCard.c(27): Notify: Saving Parameter "productId_2 = RP-LI-02".	[MsgId: MMSG-13798]
AddToCard.c(27): Notify: Saving Parameter "productId_count = 2".	[MsgId: MMSG-13798]
AddToCard.c(27): Registered web_reg_find successful for "Text=REPTILES" (count=1)  	[MsgId: MMSG-26364]
AddToCard.c(27): web_url("Catalog.action_2") was successful, 3627 body bytes, 225 header bytes  	[MsgId: MMSG-26386]
AddToCard.c(36): Notify: Transaction "PetStore_AddAproduct_T01" ended with a "Pass" status (Duration: 0.2919 Wasted Time: 0.0002).	[MsgId: MMSG-16871]
AddToCard.c(38): lr_think_time: 4.73 seconds (recorded think time was 5.00 seconds).	[MsgId: MMSG-15947]
Registration.c(137): Notify: Transaction "PetStore_SignOut_T05" started.	[MsgId: MMSG-16999]
Registration.c(139): web_reg_find started  	[MsgId: MMSG-26355]
Registration.c(139): Registering web_reg_find was successful  	[MsgId: MMSG-26390]
Registration.c(142): web_url("Account.action_2") started  	[MsgId: MMSG-26355]
Registration.c(142): Redirecting "https://petstore.octoperf.com/actions/Account.action?signoff=" (redirection depth is 0)  	[MsgId: MMSG-26694]
Registration.c(142): To location "https://petstore.octoperf.com/actions/Catalog.action"  	[MsgId: MMSG-26693]
Registration.c(142): Resource "https://petstore.octoperf.com/css/jpetstore.css" is in the cache already and will not be downloaded again  	[MsgId: MMSG-26655]
Registration.c(142): Resource "https://petstore.octoperf.com/images/logo-topbar.svg" is in the cache already and will not be downloaded again  	[MsgId: MMSG-26655]
Registration.c(142): Resource "https://petstore.octoperf.com/images/cart.gif" is in the cache already and will not be downloaded again  	[MsgId: MMSG-26655]
Registration.c(142): Resource "https://petstore.octoperf.com/images/separator.gif" is in the cache already and will not be downloaded again  	[MsgId: MMSG-26655]
Registration.c(142): Resource "https://petstore.octoperf.com/images/sm_fish.gif" is in the cache already and will not be downloaded again  	[MsgId: MMSG-26655]
Registration.c(142): Resource "https://petstore.octoperf.com/images/sm_dogs.gif" is in the cache already and will not be downloaded again  	[MsgId: MMSG-26655]
Registration.c(142): Resource "https://petstore.octoperf.com/images/sm_reptiles.gif" is in the cache already and will not be downloaded again  	[MsgId: MMSG-26655]
Registration.c(142): Resource "https://petstore.octoperf.com/images/sm_cats.gif" is in the cache already and will not be downloaded again  	[MsgId: MMSG-26655]
Registration.c(142): Resource "https://petstore.octoperf.com/images/sm_birds.gif" is in the cache already and will not be downloaded again  	[MsgId: MMSG-26655]
Registration.c(142): Resource "https://petstore.octoperf.com/images/fish_icon.gif" is in the cache already and will not be downloaded again  	[MsgId: MMSG-26655]
Registration.c(142): Resource "https://petstore.octoperf.com/images/dogs_icon.gif" is in the cache already and will not be downloaded again  	[MsgId: MMSG-26655]
Registration.c(142): Resource "https://petstore.octoperf.com/images/cats_icon.gif" is in the cache already and will not be downloaded again  	[MsgId: MMSG-26655]
Registration.c(142): Resource "https://petstore.octoperf.com/images/reptiles_icon.gif" is in the cache already and will not be downloaded again  	[MsgId: MMSG-26655]
Registration.c(142): Resource "https://petstore.octoperf.com/images/birds_icon.gif" is in the cache already and will not be downloaded again  	[MsgId: MMSG-26655]
Registration.c(142): Resource "https://petstore.octoperf.com/images/splash.gif" is in the cache already and will not be downloaded again  	[MsgId: MMSG-26655]
Registration.c(142): Registered web_reg_find successful for "Text=Sign In" (count=1)  	[MsgId: MMSG-26364]
Registration.c(142): web_url("Account.action_2") was successful, 4736 body bytes, 518 header bytes  	[MsgId: MMSG-26386]
Registration.c(151): Notify: Transaction "PetStore_SignOut_T05" ended with a "Pass" status (Duration: 0.2539 Wasted Time: 0.0000).	[MsgId: MMSG-16871]
Login.c(4): Notify: Transaction "PetStore_ClickOnSignIn_T01" started.	[MsgId: MMSG-16999]
Login.c(6): web_reg_find started  	[MsgId: MMSG-26355]
Login.c(6): Registering web_reg_find was successful  	[MsgId: MMSG-26390]
Login.c(9): web_link("Sign In") started  	[MsgId: MMSG-26355]
Login.c(9): Linking to "https://petstore.octoperf.com/actions/Account.action?signonForm=", Target Frame=""  	[MsgId: MMSG-27994]
Login.c(9): Resource "https://petstore.octoperf.com/css/jpetstore.css" is in the cache already and will not be downloaded again  	[MsgId: MMSG-26655]
Login.c(9): Resource "https://petstore.octoperf.com/images/logo-topbar.svg" is in the cache already and will not be downloaded again  	[MsgId: MMSG-26655]
Login.c(9): Resource "https://petstore.octoperf.com/images/cart.gif" is in the cache already and will not be downloaded again  	[MsgId: MMSG-26655]
Login.c(9): Resource "https://petstore.octoperf.com/images/separator.gif" is in the cache already and will not be downloaded again  	[MsgId: MMSG-26655]
Login.c(9): Resource "https://petstore.octoperf.com/images/sm_fish.gif" is in the cache already and will not be downloaded again  	[MsgId: MMSG-26655]
Login.c(9): Resource "https://petstore.octoperf.com/images/sm_dogs.gif" is in the cache already and will not be downloaded again  	[MsgId: MMSG-26655]
Login.c(9): Resource "https://petstore.octoperf.com/images/sm_reptiles.gif" is in the cache already and will not be downloaded again  	[MsgId: MMSG-26655]
Login.c(9): Resource "https://petstore.octoperf.com/images/sm_cats.gif" is in the cache already and will not be downloaded again  	[MsgId: MMSG-26655]
Login.c(9): Resource "https://petstore.octoperf.com/images/sm_birds.gif" is in the cache already and will not be downloaded again  	[MsgId: MMSG-26655]
Login.c(9): Registered web_reg_find successful for "Text=Please enter your username and password" (count=1)  	[MsgId: MMSG-26364]
Login.c(9): web_link("Sign In") was successful, 3858 body bytes, 225 header bytes  	[MsgId: MMSG-26386]
Login.c(13): Notify: Transaction "PetStore_ClickOnSignIn_T01" ended with a "Pass" status (Duration: 0.1316 Wasted Time: 0.0000).	[MsgId: MMSG-16871]
Login.c(15): lr_think_time: 4.03 seconds (recorded think time was 5.00 seconds).	[MsgId: MMSG-15947]
AddToCard.c(67): Notify: Transaction "PetStore_SelectItemId_T03" started.	[MsgId: MMSG-16999]
AddToCard.c(71): Notify: Parameter Substitution: parameter "itemId_count" =  "1"	[MsgId: MMSG-13992]
AddToCard.c(72): Notify: Parameter Substitution: parameter "itemId_1" =  "EST-19"	[MsgId: MMSG-13992]
AddToCard.c(74): Notify: Saving Parameter "RanditemId = EST-19".	[MsgId: MMSG-13798]
AddToCard.c(75): Notify: Parameter Substitution: parameter "RanditemId" =  "EST-19"	[MsgId: MMSG-13992]
AddToCard.c(75): Random category selected in Action2 = EST-19	[MsgId: MMSG-17999]
AddToCard.c(77): web_reg_find started  	[MsgId: MMSG-26355]
AddToCard.c(77): Notify: Parameter Substitution: parameter "RanditemId" =  "EST-19"	[MsgId: MMSG-13992]
AddToCard.c(77): Registering web_reg_find was successful  	[MsgId: MMSG-26390]
AddToCard.c(79): web_link("{RanditemId}") started  	[MsgId: MMSG-26355]
AddToCard.c(79): Notify: Parameter Substitution: parameter "RanditemId" =  "EST-19"	[MsgId: MMSG-13992]
AddToCard.c(79): Linking to "https://petstore.octoperf.com/actions/Catalog.action?viewItem=&itemId=EST-19", Target Frame=""  	[MsgId: MMSG-27994]
Registration.c(29): Notify: Transaction "PetStore_ClickOnSignIn_T02" started.	[MsgId: MMSG-16999]
Registration.c(31): web_reg_find started  	[MsgId: MMSG-26355]
Registration.c(31): Registering web_reg_find was successful  	[MsgId: MMSG-26390]
Registration.c(34): web_link("Sign In") started  	[MsgId: MMSG-26355]
Registration.c(34): Linking to "https://petstore.octoperf.com/actions/Account.action;jsessionid=EDCAE9F948F6020E710D80B3CC4EAD8D?signonForm=", Target Frame=""  	[MsgId: MMSG-27994]
AddToCard.c(79): Resource "https://petstore.octoperf.com/css/jpetstore.css" is in the cache already and will not be downloaded again  	[MsgId: MMSG-26655]
AddToCard.c(79): Resource "https://petstore.octoperf.com/images/logo-topbar.svg" is in the cache already and will not be downloaded again  	[MsgId: MMSG-26655]
AddToCard.c(79): Resource "https://petstore.octoperf.com/images/cart.gif" is in the cache already and will not be downloaded again  	[MsgId: MMSG-26655]
AddToCard.c(79): Resource "https://petstore.octoperf.com/images/separator.gif" is in the cache already and will not be downloaded again  	[MsgId: MMSG-26655]
AddToCard.c(79): Resource "https://petstore.octoperf.com/images/sm_fish.gif" is in the cache already and will not be downloaded again  	[MsgId: MMSG-26655]
AddToCard.c(79): Resource "https://petstore.octoperf.com/images/sm_dogs.gif" is in the cache already and will not be downloaded again  	[MsgId: MMSG-26655]
AddToCard.c(79): Resource "https://petstore.octoperf.com/images/sm_reptiles.gif" is in the cache already and will not be downloaded again  	[MsgId: MMSG-26655]
AddToCard.c(79): Resource "https://petstore.octoperf.com/images/sm_cats.gif" is in the cache already and will not be downloaded again  	[MsgId: MMSG-26655]
AddToCard.c(79): Resource "https://petstore.octoperf.com/images/sm_birds.gif" is in the cache already and will not be downloaded again  	[MsgId: MMSG-26655]
AddToCard.c(79): Found resource "https://petstore.octoperf.com/images/bird1.gif" in HTML "https://petstore.octoperf.com/actions/Catalog.action?viewItem=&itemId=EST-19"  	[MsgId: MMSG-26659]
AddToCard.c(79): Resource "https://petstore.octoperf.com/images/banner_fish.gif" is in the cache already and will not be downloaded again  	[MsgId: MMSG-26655]
RemoveTheProduct.c(18): Notify: Transaction "PetStore_ClickOnRemove_T02" started.	[MsgId: MMSG-16999]
RemoveTheProduct.c(20): web_reg_find started  	[MsgId: MMSG-26355]
RemoveTheProduct.c(20): Registering web_reg_find was successful  	[MsgId: MMSG-26390]
RemoveTheProduct.c(23): web_link("Remove") started  	[MsgId: MMSG-26355]
RemoveTheProduct.c(23): Linking to "https://petstore.octoperf.com/actions/Cart.action?removeItemFromCart=&workingItemId=EST-14", Target Frame=""  	[MsgId: MMSG-27994]
Registration.c(34): Resource "https://petstore.octoperf.com/css/jpetstore.css" is in the cache already and will not be downloaded again  	[MsgId: MMSG-26655]
Registration.c(34): Resource "https://petstore.octoperf.com/images/logo-topbar.svg" is in the cache already and will not be downloaded again  	[MsgId: MMSG-26655]
Registration.c(34): Resource "https://petstore.octoperf.com/images/cart.gif" is in the cache already and will not be downloaded again  	[MsgId: MMSG-26655]
Registration.c(34): Resource "https://petstore.octoperf.com/images/separator.gif" is in the cache already and will not be downloaded again  	[MsgId: MMSG-26655]
Registration.c(34): Resource "https://petstore.octoperf.com/images/sm_fish.gif" is in the cache already and will not be downloaded again  	[MsgId: MMSG-26655]
Registration.c(34): Resource "https://petstore.octoperf.com/images/sm_dogs.gif" is in the cache already and will not be downloaded again  	[MsgId: MMSG-26655]
Registration.c(34): Resource "https://petstore.octoperf.com/images/sm_reptiles.gif" is in the cache already and will not be downloaded again  	[MsgId: MMSG-26655]
Registration.c(34): Resource "https://petstore.octoperf.com/images/sm_cats.gif" is in the cache already and will not be downloaded again  	[MsgId: MMSG-26655]
Registration.c(34): Resource "https://petstore.octoperf.com/images/sm_birds.gif" is in the cache already and will not be downloaded again  	[MsgId: MMSG-26655]
Registration.c(34): Registered web_reg_find successful for "Text=Please enter your username and password" (count=1)  	[MsgId: MMSG-26364]
Registration.c(34): web_link("Sign In") was successful, 3860 body bytes, 225 header bytes  	[MsgId: MMSG-26386]
Registration.c(39): Notify: Transaction "PetStore_ClickOnSignIn_T02" ended with a "Pass" status (Duration: 0.1254 Wasted Time: 0.0000).	[MsgId: MMSG-16871]
Registration.c(41): lr_think_time: 2.57 seconds (recorded think time was 5.00 seconds).	[MsgId: MMSG-15947]
AddToCard.c(79): Registered web_reg_find successful for "Text=EST-19" (count=2)  	[MsgId: MMSG-26364]
AddToCard.c(79): web_link("{RanditemId}") was successful, 15764 body bytes, 511 header bytes  	[MsgId: MMSG-26386]
AddToCard.c(84): Notify: Transaction "PetStore_SelectItemId_T03" ended with a "Pass" status (Duration: 0.2573 Wasted Time: 0.0000).	[MsgId: MMSG-16871]
AddToCard.c(86): lr_think_time: 3.16 seconds (recorded think time was 5.00 seconds).	[MsgId: MMSG-15947]
RemoveTheProduct.c(23): Resource "https://petstore.octoperf.com/css/jpetstore.css" is in the cache already and will not be downloaded again  	[MsgId: MMSG-26655]
RemoveTheProduct.c(23): Resource "https://petstore.octoperf.com/images/logo-topbar.svg" is in the cache already and will not be downloaded again  	[MsgId: MMSG-26655]
RemoveTheProduct.c(23): Resource "https://petstore.octoperf.com/images/cart.gif" is in the cache already and will not be downloaded again  	[MsgId: MMSG-26655]
RemoveTheProduct.c(23): Resource "https://petstore.octoperf.com/images/separator.gif" is in the cache already and will not be downloaded again  	[MsgId: MMSG-26655]
RemoveTheProduct.c(23): Resource "https://petstore.octoperf.com/images/sm_fish.gif" is in the cache already and will not be downloaded again  	[MsgId: MMSG-26655]
RemoveTheProduct.c(23): Resource "https://petstore.octoperf.com/images/sm_dogs.gif" is in the cache already and will not be downloaded again  	[MsgId: MMSG-26655]
RemoveTheProduct.c(23): Resource "https://petstore.octoperf.com/images/sm_reptiles.gif" is in the cache already and will not be downloaded again  	[MsgId: MMSG-26655]
RemoveTheProduct.c(23): Resource "https://petstore.octoperf.com/images/sm_cats.gif" is in the cache already and will not be downloaded again  	[MsgId: MMSG-26655]
RemoveTheProduct.c(23): Resource "https://petstore.octoperf.com/images/sm_birds.gif" is in the cache already and will not be downloaded again  	[MsgId: MMSG-26655]
RemoveTheProduct.c(23): Resource "https://petstore.octoperf.com/images/banner_fish.gif" is in the cache already and will not be downloaded again  	[MsgId: MMSG-26655]
RemoveTheProduct.c(23): Registered web_reg_find successful for "Text=Your cart is empty." (count=1)  	[MsgId: MMSG-26364]
RemoveTheProduct.c(23): web_link("Remove") was successful, 4202 body bytes, 225 header bytes  	[MsgId: MMSG-26386]
RemoveTheProduct.c(28): Notify: Transaction "PetStore_ClickOnRemove_T02" ended with a "Pass" status (Duration: 0.1277 Wasted Time: 0.0000).	[MsgId: MMSG-16871]
Ending action RemoveTheProduct.	[MsgId: MMSG-15918]
Ending iteration 3.	[MsgId: MMSG-15965]
Waiting 7.1850 seconds for iteration pacing.	[MsgId: MMSG-15996]
AddToCard.c(40): Notify: Transaction "PetStore_SelectProductId_T02" started.	[MsgId: MMSG-16999]
AddToCard.c(43): Notify: Parameter Substitution: parameter "productId_count" =  "2"	[MsgId: MMSG-13992]
AddToCard.c(44): Notify: Parameter Substitution: parameter "productId_2" =  "AV-SB-02"	[MsgId: MMSG-13992]
AddToCard.c(46): Notify: Saving Parameter "RandproductId = AV-SB-02".	[MsgId: MMSG-13798]
AddToCard.c(47): Notify: Parameter Substitution: parameter "RandproductId" =  "AV-SB-02"	[MsgId: MMSG-13992]
AddToCard.c(47): Random category selected in Action2 = AV-SB-02	[MsgId: MMSG-17999]
AddToCard.c(49): web_reg_find started  	[MsgId: MMSG-26355]
AddToCard.c(49): Notify: Parameter Substitution: parameter "RandproductId" =  "AV-SB-02"	[MsgId: MMSG-13992]
AddToCard.c(49): Registering web_reg_find was successful  	[MsgId: MMSG-26390]
AddToCard.c(51): web_reg_save_param_regexp started  	[MsgId: MMSG-26355]
AddToCard.c(51): Registering web_reg_save_param_regexp was successful  	[MsgId: MMSG-26390]
AddToCard.c(58): web_link("{RandproductId}") started  	[MsgId: MMSG-26355]
AddToCard.c(58): Notify: Parameter Substitution: parameter "RandproductId" =  "AV-SB-02"	[MsgId: MMSG-13992]
AddToCard.c(58): Linking to "https://petstore.octoperf.com/actions/Catalog.action?viewProduct=&productId=AV-SB-02", Target Frame=""  	[MsgId: MMSG-27994]
RemoveTheProduct.c(18): Notify: Transaction "PetStore_ClickOnRemove_T02" started.	[MsgId: MMSG-16999]
RemoveTheProduct.c(20): web_reg_find started  	[MsgId: MMSG-26355]
RemoveTheProduct.c(20): Registering web_reg_find was successful  	[MsgId: MMSG-26390]
RemoveTheProduct.c(23): web_link("Remove") started  	[MsgId: MMSG-26355]
RemoveTheProduct.c(23): Linking to "https://petstore.octoperf.com/actions/Cart.action?removeItemFromCart=&workingItemId=EST-18", Target Frame=""  	[MsgId: MMSG-27994]
AddToCard.c(58): Resource "https://petstore.octoperf.com/css/jpetstore.css" is in the cache already and will not be downloaded again  	[MsgId: MMSG-26655]
AddToCard.c(58): Resource "https://petstore.octoperf.com/images/logo-topbar.svg" is in the cache already and will not be downloaded again  	[MsgId: MMSG-26655]
AddToCard.c(58): Resource "https://petstore.octoperf.com/images/cart.gif" is in the cache already and will not be downloaded again  	[MsgId: MMSG-26655]
AddToCard.c(58): Resource "https://petstore.octoperf.com/images/separator.gif" is in the cache already and will not be downloaded again  	[MsgId: MMSG-26655]
AddToCard.c(58): Resource "https://petstore.octoperf.com/images/sm_fish.gif" is in the cache already and will not be downloaded again  	[MsgId: MMSG-26655]
AddToCard.c(58): Resource "https://petstore.octoperf.com/images/sm_dogs.gif" is in the cache already and will not be downloaded again  	[MsgId: MMSG-26655]
AddToCard.c(58): Resource "https://petstore.octoperf.com/images/sm_reptiles.gif" is in the cache already and will not be downloaded again  	[MsgId: MMSG-26655]
AddToCard.c(58): Resource "https://petstore.octoperf.com/images/sm_cats.gif" is in the cache already and will not be downloaded again  	[MsgId: MMSG-26655]
AddToCard.c(58): Resource "https://petstore.octoperf.com/images/sm_birds.gif" is in the cache already and will not be downloaded again  	[MsgId: MMSG-26655]
AddToCard.c(58): Resource "https://petstore.octoperf.com/images/banner_fish.gif" is in the cache already and will not be downloaded again  	[MsgId: MMSG-26655]
AddToCard.c(58): Notify: Saving Parameter "itemId_1 = EST-19".	[MsgId: MMSG-13798]
AddToCard.c(58): Notify: Saving Parameter "itemId_count = 1".	[MsgId: MMSG-13798]
AddToCard.c(58): Registered web_reg_find successful for "Text=AV-SB-02" (count=1)  	[MsgId: MMSG-26364]
AddToCard.c(58): web_link("{RandproductId}") was successful, 3778 body bytes, 225 header bytes  	[MsgId: MMSG-26386]
AddToCard.c(63): Notify: Transaction "PetStore_SelectProductId_T02" ended with a "Pass" status (Duration: 0.1283 Wasted Time: 0.0002).	[MsgId: MMSG-16871]
AddToCard.c(65): lr_think_time: 4.74 seconds (recorded think time was 5.00 seconds).	[MsgId: MMSG-15947]
RemoveTheProduct.c(23): Resource "https://petstore.octoperf.com/css/jpetstore.css" is in the cache already and will not be downloaded again  	[MsgId: MMSG-26655]
RemoveTheProduct.c(23): Resource "https://petstore.octoperf.com/images/logo-topbar.svg" is in the cache already and will not be downloaded again  	[MsgId: MMSG-26655]
RemoveTheProduct.c(23): Resource "https://petstore.octoperf.com/images/cart.gif" is in the cache already and will not be downloaded again  	[MsgId: MMSG-26655]
RemoveTheProduct.c(23): Resource "https://petstore.octoperf.com/images/separator.gif" is in the cache already and will not be downloaded again  	[MsgId: MMSG-26655]
RemoveTheProduct.c(23): Resource "https://petstore.octoperf.com/images/sm_fish.gif" is in the cache already and will not be downloaded again  	[MsgId: MMSG-26655]
RemoveTheProduct.c(23): Resource "https://petstore.octoperf.com/images/sm_dogs.gif" is in the cache already and will not be downloaded again  	[MsgId: MMSG-26655]
RemoveTheProduct.c(23): Resource "https://petstore.octoperf.com/images/sm_reptiles.gif" is in the cache already and will not be downloaded again  	[MsgId: MMSG-26655]
RemoveTheProduct.c(23): Resource "https://petstore.octoperf.com/images/sm_cats.gif" is in the cache already and will not be downloaded again  	[MsgId: MMSG-26655]
RemoveTheProduct.c(23): Resource "https://petstore.octoperf.com/images/sm_birds.gif" is in the cache already and will not be downloaded again  	[MsgId: MMSG-26655]
RemoveTheProduct.c(23): Resource "https://petstore.octoperf.com/images/banner_fish.gif" is in the cache already and will not be downloaded again  	[MsgId: MMSG-26655]
RemoveTheProduct.c(23): Registered web_reg_find successful for "Text=Your cart is empty." (count=1)  	[MsgId: MMSG-26364]
RemoveTheProduct.c(23): web_link("Remove") was successful, 4202 body bytes, 225 header bytes  	[MsgId: MMSG-26386]
RemoveTheProduct.c(28): Notify: Transaction "PetStore_ClickOnRemove_T02" ended with a "Pass" status (Duration: 0.1293 Wasted Time: 0.0000).	[MsgId: MMSG-16871]
Ending action RemoveTheProduct.	[MsgId: MMSG-15918]
Ending iteration 3.	[MsgId: MMSG-15965]
Waiting 9.0120 seconds for iteration pacing.	[MsgId: MMSG-15996]
Registration.c(43): Notify: Transaction "PetStore_ClickOnRegistration_T03" started.	[MsgId: MMSG-16999]
Registration.c(45): web_reg_find started  	[MsgId: MMSG-26355]
Registration.c(45): Registering web_reg_find was successful  	[MsgId: MMSG-26390]
Registration.c(48): web_link("Register Now!") started  	[MsgId: MMSG-26355]
Registration.c(48): Linking to "https://petstore.octoperf.com/actions/Account.action?newAccountForm=", Target Frame=""  	[MsgId: MMSG-27994]
Registration.c(48): Resource "https://petstore.octoperf.com/css/jpetstore.css" is in the cache already and will not be downloaded again  	[MsgId: MMSG-26655]
Registration.c(48): Resource "https://petstore.octoperf.com/images/logo-topbar.svg" is in the cache already and will not be downloaded again  	[MsgId: MMSG-26655]
Registration.c(48): Resource "https://petstore.octoperf.com/images/cart.gif" is in the cache already and will not be downloaded again  	[MsgId: MMSG-26655]
Registration.c(48): Resource "https://petstore.octoperf.com/images/separator.gif" is in the cache already and will not be downloaded again  	[MsgId: MMSG-26655]
Registration.c(48): Resource "https://petstore.octoperf.com/images/sm_fish.gif" is in the cache already and will not be downloaded again  	[MsgId: MMSG-26655]
Registration.c(48): Resource "https://petstore.octoperf.com/images/sm_dogs.gif" is in the cache already and will not be downloaded again  	[MsgId: MMSG-26655]
Registration.c(48): Resource "https://petstore.octoperf.com/images/sm_reptiles.gif" is in the cache already and will not be downloaded again  	[MsgId: MMSG-26655]
Registration.c(48): Resource "https://petstore.octoperf.com/images/sm_cats.gif" is in the cache already and will not be downloaded again  	[MsgId: MMSG-26655]
Registration.c(48): Resource "https://petstore.octoperf.com/images/sm_birds.gif" is in the cache already and will not be downloaded again  	[MsgId: MMSG-26655]
Registration.c(48): Registered web_reg_find successful for "Text=User Information" (count=1)  	[MsgId: MMSG-26364]
Registration.c(48): web_link("Register Now!") was successful, 5821 body bytes, 225 header bytes  	[MsgId: MMSG-26386]
Registration.c(53): Notify: Transaction "PetStore_ClickOnRegistration_T03" ended with a "Pass" status (Duration: 0.1279 Wasted Time: 0.0000).	[MsgId: MMSG-16871]
Registration.c(55): lr_think_time: 3.16 seconds (recorded think time was 5.00 seconds).	[MsgId: MMSG-15947]
Registration.c(57): Notify: Transaction "PetStore_SubmitRegistration_T04" started.	[MsgId: MMSG-16999]
Registration.c(59): web_reg_find started  	[MsgId: MMSG-26355]
Registration.c(59): Registering web_reg_find was successful  	[MsgId: MMSG-26390]
Registration.c(66): Notify: Saving Parameter "randomUsername = KBJA".	[MsgId: MMSG-13798]
Registration.c(72): Notify: Saving Parameter "randompass = uzpt".	[MsgId: MMSG-13798]
Registration.c(86): Notify: Saving Parameter "randomFirstName = zfjsr".	[MsgId: MMSG-13798]
Registration.c(87): Notify: Saving Parameter "randomLastName = gehzf".	[MsgId: MMSG-13798]
Registration.c(99): Notify: Saving Parameter "RandomPhone = :013224043".	[MsgId: MMSG-13798]
Registration.c(108): Notify: Saving Parameter "RandomZip = 314285".	[MsgId: MMSG-13798]
Registration.c(111): web_submit_form("Account.action") started  	[MsgId: MMSG-26355]
Registration.c(111): Notify: Parameter Substitution: parameter "randomUsername" =  "KBJA"	[MsgId: MMSG-13992]
Registration.c(111): Notify: Parameter Substitution: parameter "randompass" =  "uzpt"	[MsgId: MMSG-13992]
Registration.c(111): Notify: Parameter Substitution: parameter "randompass" =  "uzpt"	[MsgId: MMSG-13992]
Registration.c(111): Notify: Parameter Substitution: parameter "randomFirstName" =  "zfjsr"	[MsgId: MMSG-13992]
Registration.c(111): Notify: Parameter Substitution: parameter "randomLastName" =  "gehzf"	[MsgId: MMSG-13992]
Registration.c(111): Notify: Parameter Substitution: parameter "randomFirstName" =  "zfjsr"	[MsgId: MMSG-13992]
Registration.c(111): Notify: Parameter Substitution: parameter "randomLastName" =  "gehzf"	[MsgId: MMSG-13992]
Registration.c(111): Notify: Parameter Substitution: parameter "RandomPhone" =  ":013224043"	[MsgId: MMSG-13992]
Registration.c(111): Notify: Parameter Substitution: parameter "RandomZip" =  "314285"	[MsgId: MMSG-13992]
Registration.c(111): Submitting form to "https://petstore.octoperf.com/actions/Account.action", Target Frame=""  	[MsgId: MMSG-27978]
Starting iteration 3.	[MsgId: MMSG-15968]
Notify: Next row for parameter UserName = 1 [table  = UserName].	[MsgId: MMSG-13876]
Notify: Getting new value for parameter 'UserName': table = 'UserName.dat' column = '0' row = '1'.	[MsgId: MMSG-13877]
Notify: Next row for parameter PetStoreEndtoEndFlow_UserName = 1 [table  = PetStoreEndtoEndFlow_UserName].	[MsgId: MMSG-13876]
Notify: Getting new value for parameter 'PetStoreEndtoEndFlow_UserName': table = 'UserCredentilas1.dat' column = '0' row = '1'.	[MsgId: MMSG-13877]
Notify: Next row for parameter PetStoreEndtoEndFlow_pass = 1 [table  = PetStoreEndtoEndFlow_pass].	[MsgId: MMSG-13876]
Notify: Getting new value for parameter 'PetStoreEndtoEndFlow_pass': table = 'UserCredentilas3.dat' column = '0' row = '1'.	[MsgId: MMSG-13877]
Notify: Next row for parameter pass = 1 [table  = pass].	[MsgId: MMSG-13876]
Notify: Getting new value for parameter 'pass': table = 'UserName.dat' column = '0' row = '1'.	[MsgId: MMSG-13877]
Starting action Login.	[MsgId: MMSG-15919]
Registration.c(13): Notify: Transaction "PetStore_EnterToPetStore_T01" started.	[MsgId: MMSG-16999]
Registration.c(14): web_reg_find started  	[MsgId: MMSG-26355]
Registration.c(14): Registering web_reg_find was successful  	[MsgId: MMSG-26390]
Registration.c(17): web_url("Catalog.action") started  	[MsgId: MMSG-26355]
AddToCard.c(40): Notify: Transaction "PetStore_SelectProductId_T02" started.	[MsgId: MMSG-16999]
AddToCard.c(43): Notify: Parameter Substitution: parameter "productId_count" =  "2"	[MsgId: MMSG-13992]
AddToCard.c(44): Notify: Parameter Substitution: parameter "productId_1" =  "RP-SN-01"	[MsgId: MMSG-13992]
AddToCard.c(46): Notify: Saving Parameter "RandproductId = RP-SN-01".	[MsgId: MMSG-13798]
AddToCard.c(47): Notify: Parameter Substitution: parameter "RandproductId" =  "RP-SN-01"	[MsgId: MMSG-13992]
AddToCard.c(47): Random category selected in Action2 = RP-SN-01	[MsgId: MMSG-17999]
AddToCard.c(49): web_reg_find started  	[MsgId: MMSG-26355]
AddToCard.c(49): Notify: Parameter Substitution: parameter "RandproductId" =  "RP-SN-01"	[MsgId: MMSG-13992]
AddToCard.c(49): Registering web_reg_find was successful  	[MsgId: MMSG-26390]
AddToCard.c(51): web_reg_save_param_regexp started  	[MsgId: MMSG-26355]
AddToCard.c(51): Registering web_reg_save_param_regexp was successful  	[MsgId: MMSG-26390]
AddToCard.c(58): web_link("{RandproductId}") started  	[MsgId: MMSG-26355]
AddToCard.c(58): Notify: Parameter Substitution: parameter "RandproductId" =  "RP-SN-01"	[MsgId: MMSG-13992]
AddToCard.c(58): Linking to "https://petstore.octoperf.com/actions/Catalog.action?viewProduct=&productId=RP-SN-01", Target Frame=""  	[MsgId: MMSG-27994]
Login.c(17): Notify: Transaction "PetStore_Login_T01" started.	[MsgId: MMSG-16999]
Login.c(18): web_reg_find started  	[MsgId: MMSG-26355]
Login.c(18): Registering web_reg_find was successful  	[MsgId: MMSG-26390]
Login.c(20): web_reg_save_param_regexp started  	[MsgId: MMSG-26355]
Login.c(20): Registering web_reg_save_param_regexp was successful  	[MsgId: MMSG-26390]
Login.c(26): web_submit_form("Account.action") started  	[MsgId: MMSG-26355]
Login.c(26): Notify: Parameter Substitution: parameter "randomUsername" =  "YYLN"	[MsgId: MMSG-13992]
Login.c(26): Notify: Parameter Substitution: parameter "randompass" =  "xads"	[MsgId: MMSG-13992]
Login.c(26): Submitting form to "https://petstore.octoperf.com/actions/Account.action", Target Frame=""  	[MsgId: MMSG-27978]
Registration.c(111): Redirecting "https://petstore.octoperf.com/actions/Account.action" (redirection depth is 0)  	[MsgId: MMSG-26694]
Registration.c(111): To location "https://petstore.octoperf.com/actions/Catalog.action"  	[MsgId: MMSG-26693]
AddToCard.c(58): Resource "https://petstore.octoperf.com/css/jpetstore.css" is in the cache already and will not be downloaded again  	[MsgId: MMSG-26655]
AddToCard.c(58): Resource "https://petstore.octoperf.com/images/logo-topbar.svg" is in the cache already and will not be downloaded again  	[MsgId: MMSG-26655]
AddToCard.c(58): Resource "https://petstore.octoperf.com/images/cart.gif" is in the cache already and will not be downloaded again  	[MsgId: MMSG-26655]
AddToCard.c(58): Resource "https://petstore.octoperf.com/images/separator.gif" is in the cache already and will not be downloaded again  	[MsgId: MMSG-26655]
AddToCard.c(58): Resource "https://petstore.octoperf.com/images/sm_fish.gif" is in the cache already and will not be downloaded again  	[MsgId: MMSG-26655]
AddToCard.c(58): Resource "https://petstore.octoperf.com/images/sm_dogs.gif" is in the cache already and will not be downloaded again  	[MsgId: MMSG-26655]
AddToCard.c(58): Resource "https://petstore.octoperf.com/images/sm_reptiles.gif" is in the cache already and will not be downloaded again  	[MsgId: MMSG-26655]
AddToCard.c(58): Resource "https://petstore.octoperf.com/images/sm_cats.gif" is in the cache already and will not be downloaded again  	[MsgId: MMSG-26655]
AddToCard.c(58): Resource "https://petstore.octoperf.com/images/sm_birds.gif" is in the cache already and will not be downloaded again  	[MsgId: MMSG-26655]
AddToCard.c(58): Resource "https://petstore.octoperf.com/images/banner_fish.gif" is in the cache already and will not be downloaded again  	[MsgId: MMSG-26655]
AddToCard.c(58): Notify: Saving Parameter "itemId_1 = EST-11".	[MsgId: MMSG-13798]
AddToCard.c(58): Notify: Saving Parameter "itemId_2 = EST-12".	[MsgId: MMSG-13798]
AddToCard.c(58): Notify: Saving Parameter "itemId_count = 2".	[MsgId: MMSG-13798]
AddToCard.c(58): Registered web_reg_find successful for "Text=RP-SN-01" (count=2)  	[MsgId: MMSG-26364]
AddToCard.c(58): web_link("{RandproductId}") was successful, 4092 body bytes, 225 header bytes  	[MsgId: MMSG-26386]
AddToCard.c(63): Notify: Transaction "PetStore_SelectProductId_T02" ended with a "Pass" status (Duration: 0.1293 Wasted Time: 0.0003).	[MsgId: MMSG-16871]
AddToCard.c(65): lr_think_time: 3.47 seconds (recorded think time was 5.00 seconds).	[MsgId: MMSG-15947]
Registration.c(111): Resource "https://petstore.octoperf.com/css/jpetstore.css" is in the cache already and will not be downloaded again  	[MsgId: MMSG-26655]
Registration.c(111): Resource "https://petstore.octoperf.com/images/logo-topbar.svg" is in the cache already and will not be downloaded again  	[MsgId: MMSG-26655]
Registration.c(111): Resource "https://petstore.octoperf.com/images/cart.gif" is in the cache already and will not be downloaded again  	[MsgId: MMSG-26655]
Registration.c(111): Resource "https://petstore.octoperf.com/images/separator.gif" is in the cache already and will not be downloaded again  	[MsgId: MMSG-26655]
Registration.c(111): Resource "https://petstore.octoperf.com/images/sm_fish.gif" is in the cache already and will not be downloaded again  	[MsgId: MMSG-26655]
Registration.c(111): Resource "https://petstore.octoperf.com/images/sm_dogs.gif" is in the cache already and will not be downloaded again  	[MsgId: MMSG-26655]
Registration.c(111): Resource "https://petstore.octoperf.com/images/sm_reptiles.gif" is in the cache already and will not be downloaded again  	[MsgId: MMSG-26655]
Registration.c(111): Resource "https://petstore.octoperf.com/images/sm_cats.gif" is in the cache already and will not be downloaded again  	[MsgId: MMSG-26655]
Registration.c(111): Resource "https://petstore.octoperf.com/images/sm_birds.gif" is in the cache already and will not be downloaded again  	[MsgId: MMSG-26655]
Registration.c(111): Resource "https://petstore.octoperf.com/images/fish_icon.gif" is in the cache already and will not be downloaded again  	[MsgId: MMSG-26655]
Registration.c(111): Resource "https://petstore.octoperf.com/images/dogs_icon.gif" is in the cache already and will not be downloaded again  	[MsgId: MMSG-26655]
Registration.c(111): Resource "https://petstore.octoperf.com/images/cats_icon.gif" is in the cache already and will not be downloaded again  	[MsgId: MMSG-26655]
Registration.c(111): Resource "https://petstore.octoperf.com/images/reptiles_icon.gif" is in the cache already and will not be downloaded again  	[MsgId: MMSG-26655]
Registration.c(111): Resource "https://petstore.octoperf.com/images/birds_icon.gif" is in the cache already and will not be downloaded again  	[MsgId: MMSG-26655]
Registration.c(111): Resource "https://petstore.octoperf.com/images/splash.gif" is in the cache already and will not be downloaded again  	[MsgId: MMSG-26655]
Registration.c(111): Registered web_reg_find successful for "Text=Elevate you load-testing" (count=1)  	[MsgId: MMSG-26364]
Registration.c(111): web_submit_form("Account.action") was successful, 4736 body bytes, 443 header bytes  	[MsgId: MMSG-26386]
Registration.c(133): Notify: Transaction "PetStore_SubmitRegistration_T04" ended with a "Pass" status (Duration: 0.3752 Wasted Time: 0.0000).	[MsgId: MMSG-16871]
Registration.c(135): lr_think_time: 4.18 seconds (recorded think time was 5.00 seconds).	[MsgId: MMSG-15947]
Login.c(26): Redirecting "https://petstore.octoperf.com/actions/Account.action" (redirection depth is 0)  	[MsgId: MMSG-26694]
Login.c(26): To location "https://petstore.octoperf.com/actions/Catalog.action"  	[MsgId: MMSG-26693]
AddToCard.c(88): Notify: Transaction "PetStore_AddToCard_T04" started.	[MsgId: MMSG-16999]
AddToCard.c(90): web_reg_find started  	[MsgId: MMSG-26355]
AddToCard.c(90): Registering web_reg_find was successful  	[MsgId: MMSG-26390]
AddToCard.c(94): web_link("Add to Cart") started  	[MsgId: MMSG-26355]
AddToCard.c(94): Linking to "https://petstore.octoperf.com/actions/Cart.action?addItemToCart=&workingItemId=EST-19", Target Frame=""  	[MsgId: MMSG-27994]
Login.c(26): Resource "https://petstore.octoperf.com/css/jpetstore.css" is in the cache already and will not be downloaded again  	[MsgId: MMSG-26655]
Login.c(26): Resource "https://petstore.octoperf.com/images/logo-topbar.svg" is in the cache already and will not be downloaded again  	[MsgId: MMSG-26655]
Login.c(26): Resource "https://petstore.octoperf.com/images/cart.gif" is in the cache already and will not be downloaded again  	[MsgId: MMSG-26655]
Login.c(26): Resource "https://petstore.octoperf.com/images/separator.gif" is in the cache already and will not be downloaded again  	[MsgId: MMSG-26655]
Login.c(26): Resource "https://petstore.octoperf.com/images/sm_fish.gif" is in the cache already and will not be downloaded again  	[MsgId: MMSG-26655]
Login.c(26): Resource "https://petstore.octoperf.com/images/sm_dogs.gif" is in the cache already and will not be downloaded again  	[MsgId: MMSG-26655]
Login.c(26): Resource "https://petstore.octoperf.com/images/sm_reptiles.gif" is in the cache already and will not be downloaded again  	[MsgId: MMSG-26655]
Login.c(26): Resource "https://petstore.octoperf.com/images/sm_cats.gif" is in the cache already and will not be downloaded again  	[MsgId: MMSG-26655]
Login.c(26): Resource "https://petstore.octoperf.com/images/sm_birds.gif" is in the cache already and will not be downloaded again  	[MsgId: MMSG-26655]
Login.c(26): Resource "https://petstore.octoperf.com/images/fish_icon.gif" is in the cache already and will not be downloaded again  	[MsgId: MMSG-26655]
Login.c(26): Resource "https://petstore.octoperf.com/images/dogs_icon.gif" is in the cache already and will not be downloaded again  	[MsgId: MMSG-26655]
Login.c(26): Resource "https://petstore.octoperf.com/images/cats_icon.gif" is in the cache already and will not be downloaded again  	[MsgId: MMSG-26655]
Login.c(26): Resource "https://petstore.octoperf.com/images/reptiles_icon.gif" is in the cache already and will not be downloaded again  	[MsgId: MMSG-26655]
Login.c(26): Resource "https://petstore.octoperf.com/images/birds_icon.gif" is in the cache already and will not be downloaded again  	[MsgId: MMSG-26655]
Login.c(26): Resource "https://petstore.octoperf.com/images/splash.gif" is in the cache already and will not be downloaded again  	[MsgId: MMSG-26655]
Login.c(26): Found resource "https://petstore.octoperf.com/images/banner_fish.gif" in HTML "https://petstore.octoperf.com/actions/Catalog.action"  	[MsgId: MMSG-26659]
Login.c(26): Notify: Saving Parameter "ProductName_1 = BIRDS".	[MsgId: MMSG-13798]
Login.c(26): Notify: Saving Parameter "ProductName_2 = FISH".	[MsgId: MMSG-13798]
Login.c(26): Notify: Saving Parameter "ProductName_3 = DOGS".	[MsgId: MMSG-13798]
Login.c(26): Notify: Saving Parameter "ProductName_4 = REPTILES".	[MsgId: MMSG-13798]
Login.c(26): Notify: Saving Parameter "ProductName_5 = CATS".	[MsgId: MMSG-13798]
Login.c(26): Notify: Saving Parameter "ProductName_6 = BIRDS".	[MsgId: MMSG-13798]
AddToCard.c(94): Resource "https://petstore.octoperf.com/css/jpetstore.css" is in the cache already and will not be downloaded again  	[MsgId: MMSG-26655]
AddToCard.c(94): Resource "https://petstore.octoperf.com/images/logo-topbar.svg" is in the cache already and will not be downloaded again  	[MsgId: MMSG-26655]
AddToCard.c(94): Resource "https://petstore.octoperf.com/images/cart.gif" is in the cache already and will not be downloaded again  	[MsgId: MMSG-26655]
AddToCard.c(94): Resource "https://petstore.octoperf.com/images/separator.gif" is in the cache already and will not be downloaded again  	[MsgId: MMSG-26655]
AddToCard.c(94): Resource "https://petstore.octoperf.com/images/sm_fish.gif" is in the cache already and will not be downloaded again  	[MsgId: MMSG-26655]
AddToCard.c(94): Resource "https://petstore.octoperf.com/images/sm_dogs.gif" is in the cache already and will not be downloaded again  	[MsgId: MMSG-26655]
AddToCard.c(94): Resource "https://petstore.octoperf.com/images/sm_reptiles.gif" is in the cache already and will not be downloaded again  	[MsgId: MMSG-26655]
AddToCard.c(94): Resource "https://petstore.octoperf.com/images/sm_cats.gif" is in the cache already and will not be downloaded again  	[MsgId: MMSG-26655]
AddToCard.c(94): Resource "https://petstore.octoperf.com/images/sm_birds.gif" is in the cache already and will not be downloaded again  	[MsgId: MMSG-26655]
AddToCard.c(94): Resource "https://petstore.octoperf.com/images/banner_fish.gif" is in the cache already and will not be downloaded again  	[MsgId: MMSG-26655]
AddToCard.c(94): Registered web_reg_find successful for "Text=Shopping Cart" (count=1)  	[MsgId: MMSG-26364]
AddToCard.c(94): web_link("Add to Cart") was successful, 4632 body bytes, 225 header bytes  	[MsgId: MMSG-26386]
AddToCard.c(99): Notify: Transaction "PetStore_AddToCard_T04" ended with a "Pass" status (Duration: 0.1301 Wasted Time: 0.0000).	[MsgId: MMSG-16871]
RemoveTheProduct.c(7): Notify: Transaction "PetStore_ClickOnViewCartR_T01" started.	[MsgId: MMSG-16999]
RemoveTheProduct.c(8): web_reg_find started  	[MsgId: MMSG-26355]
RemoveTheProduct.c(8): Registering web_reg_find was successful  	[MsgId: MMSG-26390]
RemoveTheProduct.c(10): web_image("cart.gif") started  	[MsgId: MMSG-26355]
RemoveTheProduct.c(10): Image-linking to "https://petstore.octoperf.com/actions/Cart.action?viewCart=", Target Frame=""  	[MsgId: MMSG-27993]
Login.c(26): Notify: Saving Parameter "ProductName_count = 6".	[MsgId: MMSG-13798]
Login.c(26): Registered web_reg_find successful for "Text=My Account" (count=1)  	[MsgId: MMSG-26364]
Login.c(26): web_submit_form("Account.action") was successful, 11416 body bytes, 727 header bytes  	[MsgId: MMSG-26386]
Login.c(34): Notify: Transaction "PetStore_Login_T01" ended with a "Pass" status (Duration: 0.5091 Wasted Time: 0.0003).	[MsgId: MMSG-16871]
Ending action Login.	[MsgId: MMSG-15918]
Starting action RemoveTheProduct.	[MsgId: MMSG-15919]
AddToCard.c(8): Notify: Transaction "PetStore_AddAproduct_T01" started.	[MsgId: MMSG-16999]
AddToCard.c(11): Notify: Parameter Substitution: parameter "ProductName_count" =  "6"	[MsgId: MMSG-13992]
AddToCard.c(12): Notify: Parameter Substitution: parameter "ProductName_5" =  "CATS"	[MsgId: MMSG-13992]
AddToCard.c(14): Notify: Saving Parameter "RandCategory = CATS".	[MsgId: MMSG-13798]
AddToCard.c(15): Notify: Parameter Substitution: parameter "RandCategory" =  "CATS"	[MsgId: MMSG-13992]
AddToCard.c(15): Random category selected in Action2 = CATS	[MsgId: MMSG-17999]
AddToCard.c(17): web_reg_find started  	[MsgId: MMSG-26355]
AddToCard.c(17): Notify: Parameter Substitution: parameter "RandCategory" =  "CATS"	[MsgId: MMSG-13992]
AddToCard.c(17): Registering web_reg_find was successful  	[MsgId: MMSG-26390]
AddToCard.c(20): web_reg_save_param_regexp started  	[MsgId: MMSG-26355]
AddToCard.c(20): Registering web_reg_save_param_regexp was successful  	[MsgId: MMSG-26390]
AddToCard.c(27): web_url("Catalog.action_2") started  	[MsgId: MMSG-26355]
AddToCard.c(27): Notify: Parameter Substitution: parameter "RandCategory" =  "CATS"	[MsgId: MMSG-13992]
Registration.c(17): Found resource "https://petstore.octoperf.com/css/jpetstore.css" in HTML "https://petstore.octoperf.com/actions/Catalog.action"  	[MsgId: MMSG-26659]
Registration.c(17): Found resource "https://petstore.octoperf.com/images/logo-topbar.svg" in HTML "https://petstore.octoperf.com/actions/Catalog.action"  	[MsgId: MMSG-26659]
Registration.c(17): Found resource "https://petstore.octoperf.com/images/cart.gif" in HTML "https://petstore.octoperf.com/actions/Catalog.action"  	[MsgId: MMSG-26659]
Registration.c(17): Found resource "https://petstore.octoperf.com/images/separator.gif" in HTML "https://petstore.octoperf.com/actions/Catalog.action"  	[MsgId: MMSG-26659]
Registration.c(17): Found resource "https://petstore.octoperf.com/images/sm_fish.gif" in HTML "https://petstore.octoperf.com/actions/Catalog.action"  	[MsgId: MMSG-26659]
Registration.c(17): Found resource "https://petstore.octoperf.com/images/sm_dogs.gif" in HTML "https://petstore.octoperf.com/actions/Catalog.action"  	[MsgId: MMSG-26659]
Registration.c(17): Found resource "https://petstore.octoperf.com/images/sm_reptiles.gif" in HTML "https://petstore.octoperf.com/actions/Catalog.action"  	[MsgId: MMSG-26659]
Registration.c(17): Found resource "https://petstore.octoperf.com/images/sm_cats.gif" in HTML "https://petstore.octoperf.com/actions/Catalog.action"  	[MsgId: MMSG-26659]
Registration.c(17): Found resource "https://petstore.octoperf.com/images/sm_birds.gif" in HTML "https://petstore.octoperf.com/actions/Catalog.action"  	[MsgId: MMSG-26659]
Registration.c(17): Found resource "https://petstore.octoperf.com/images/fish_icon.gif" in HTML "https://petstore.octoperf.com/actions/Catalog.action"  	[MsgId: MMSG-26659]
Registration.c(17): Found resource "https://petstore.octoperf.com/images/dogs_icon.gif" in HTML "https://petstore.octoperf.com/actions/Catalog.action"  	[MsgId: MMSG-26659]
Registration.c(17): Found resource "https://petstore.octoperf.com/images/cats_icon.gif" in HTML "https://petstore.octoperf.com/actions/Catalog.action"  	[MsgId: MMSG-26659]
Registration.c(17): Found resource "https://petstore.octoperf.com/images/reptiles_icon.gif" in HTML "https://petstore.octoperf.com/actions/Catalog.action"  	[MsgId: MMSG-26659]
Registration.c(17): Found resource "https://petstore.octoperf.com/images/birds_icon.gif" in HTML "https://petstore.octoperf.com/actions/Catalog.action"  	[MsgId: MMSG-26659]
Registration.c(17): Found resource "https://petstore.octoperf.com/images/splash.gif" in HTML "https://petstore.octoperf.com/actions/Catalog.action"  	[MsgId: MMSG-26659]
RemoveTheProduct.c(10): Resource "https://petstore.octoperf.com/css/jpetstore.css" is in the cache already and will not be downloaded again  	[MsgId: MMSG-26655]
RemoveTheProduct.c(10): Resource "https://petstore.octoperf.com/images/logo-topbar.svg" is in the cache already and will not be downloaded again  	[MsgId: MMSG-26655]
RemoveTheProduct.c(10): Resource "https://petstore.octoperf.com/images/cart.gif" is in the cache already and will not be downloaded again  	[MsgId: MMSG-26655]
RemoveTheProduct.c(10): Resource "https://petstore.octoperf.com/images/separator.gif" is in the cache already and will not be downloaded again  	[MsgId: MMSG-26655]
RemoveTheProduct.c(10): Resource "https://petstore.octoperf.com/images/sm_fish.gif" is in the cache already and will not be downloaded again  	[MsgId: MMSG-26655]
RemoveTheProduct.c(10): Resource "https://petstore.octoperf.com/images/sm_dogs.gif" is in the cache already and will not be downloaded again  	[MsgId: MMSG-26655]
RemoveTheProduct.c(10): Resource "https://petstore.octoperf.com/images/sm_reptiles.gif" is in the cache already and will not be downloaded again  	[MsgId: MMSG-26655]
RemoveTheProduct.c(10): Resource "https://petstore.octoperf.com/images/sm_cats.gif" is in the cache already and will not be downloaded again  	[MsgId: MMSG-26655]
RemoveTheProduct.c(10): Resource "https://petstore.octoperf.com/images/sm_birds.gif" is in the cache already and will not be downloaded again  	[MsgId: MMSG-26655]
RemoveTheProduct.c(10): Resource "https://petstore.octoperf.com/images/banner_fish.gif" is in the cache already and will not be downloaded again  	[MsgId: MMSG-26655]
RemoveTheProduct.c(10): Registered web_reg_find successful for "Text=Shopping Cart" (count=1)  	[MsgId: MMSG-26364]
RemoveTheProduct.c(10): web_image("cart.gif") was successful, 4632 body bytes, 225 header bytes  	[MsgId: MMSG-26386]
RemoveTheProduct.c(14): Notify: Transaction "PetStore_ClickOnViewCartR_T01" ended with a "Pass" status (Duration: 0.1294 Wasted Time: 0.0000).	[MsgId: MMSG-16871]
RemoveTheProduct.c(16): lr_think_time: 4.66 seconds (recorded think time was 5.00 seconds).	[MsgId: MMSG-15947]
AddToCard.c(27): Resource "https://petstore.octoperf.com/css/jpetstore.css" is in the cache already and will not be downloaded again  	[MsgId: MMSG-26655]
AddToCard.c(27): Resource "https://petstore.octoperf.com/images/logo-topbar.svg" is in the cache already and will not be downloaded again  	[MsgId: MMSG-26655]
AddToCard.c(27): Resource "https://petstore.octoperf.com/images/cart.gif" is in the cache already and will not be downloaded again  	[MsgId: MMSG-26655]
AddToCard.c(27): Resource "https://petstore.octoperf.com/images/separator.gif" is in the cache already and will not be downloaded again  	[MsgId: MMSG-26655]
AddToCard.c(27): Resource "https://petstore.octoperf.com/images/sm_fish.gif" is in the cache already and will not be downloaded again  	[MsgId: MMSG-26655]
AddToCard.c(27): Resource "https://petstore.octoperf.com/images/sm_dogs.gif" is in the cache already and will not be downloaded again  	[MsgId: MMSG-26655]
AddToCard.c(27): Resource "https://petstore.octoperf.com/images/sm_reptiles.gif" is in the cache already and will not be downloaded again  	[MsgId: MMSG-26655]
AddToCard.c(27): Resource "https://petstore.octoperf.com/images/sm_cats.gif" is in the cache already and will not be downloaded again  	[MsgId: MMSG-26655]
AddToCard.c(27): Resource "https://petstore.octoperf.com/images/sm_birds.gif" is in the cache already and will not be downloaded again  	[MsgId: MMSG-26655]
AddToCard.c(27): Resource "https://petstore.octoperf.com/images/banner_fish.gif" is in the cache already and will not be downloaded again  	[MsgId: MMSG-26655]
AddToCard.c(27): Notify: Saving Parameter "productId_1 = FL-DSH-01".	[MsgId: MMSG-13798]
AddToCard.c(27): Notify: Saving Parameter "productId_2 = FL-DLH-02".	[MsgId: MMSG-13798]
AddToCard.c(27): Notify: Saving Parameter "productId_count = 2".	[MsgId: MMSG-13798]
AddToCard.c(27): Registered web_reg_find successful for "Text=CATS" (count=1)  	[MsgId: MMSG-26364]
AddToCard.c(27): web_url("Catalog.action_2") was successful, 3621 body bytes, 225 header bytes  	[MsgId: MMSG-26386]
AddToCard.c(36): Notify: Transaction "PetStore_AddAproduct_T01" ended with a "Pass" status (Duration: 0.2937 Wasted Time: 0.0003).	[MsgId: MMSG-16871]
AddToCard.c(38): lr_think_time: 3.98 seconds (recorded think time was 5.00 seconds).	[MsgId: MMSG-15947]
Registration.c(17): Registered web_reg_find successful for "Text=OctoPerf" (count=1)  	[MsgId: MMSG-26364]
Registration.c(17): web_url("Catalog.action") was successful, 69386 body bytes, 4543 header bytes  	[MsgId: MMSG-26386]
Registration.c(25): Notify: Transaction "PetStore_EnterToPetStore_T01" ended with a "Pass" status (Duration: 1.1782 Wasted Time: 0.0002).	[MsgId: MMSG-16871]
Registration.c(27): lr_think_time: 4.93 seconds (recorded think time was 5.00 seconds).	[MsgId: MMSG-15947]
Starting iteration 3.	[MsgId: MMSG-15968]
Notify: Next row for parameter UserName = 1 [table  = UserName].	[MsgId: MMSG-13876]
Notify: Getting new value for parameter 'UserName': table = 'UserName.dat' column = '0' row = '1'.	[MsgId: MMSG-13877]
Notify: Next row for parameter PetStoreEndtoEndFlow_UserName = 1 [table  = PetStoreEndtoEndFlow_UserName].	[MsgId: MMSG-13876]
Notify: Getting new value for parameter 'PetStoreEndtoEndFlow_UserName': table = 'UserCredentilas1.dat' column = '0' row = '1'.	[MsgId: MMSG-13877]
Notify: Next row for parameter PetStoreEndtoEndFlow_pass = 1 [table  = PetStoreEndtoEndFlow_pass].	[MsgId: MMSG-13876]
Notify: Getting new value for parameter 'PetStoreEndtoEndFlow_pass': table = 'UserCredentilas3.dat' column = '0' row = '1'.	[MsgId: MMSG-13877]
Notify: Next row for parameter pass = 1 [table  = pass].	[MsgId: MMSG-13876]
Notify: Getting new value for parameter 'pass': table = 'UserName.dat' column = '0' row = '1'.	[MsgId: MMSG-13877]
Starting action Login.	[MsgId: MMSG-15919]
Registration.c(13): Notify: Transaction "PetStore_EnterToPetStore_T01" started.	[MsgId: MMSG-16999]
Registration.c(14): web_reg_find started  	[MsgId: MMSG-26355]
Registration.c(14): Registering web_reg_find was successful  	[MsgId: MMSG-26390]
Registration.c(17): web_url("Catalog.action") started  	[MsgId: MMSG-26355]
AddToCard.c(67): Notify: Transaction "PetStore_SelectItemId_T03" started.	[MsgId: MMSG-16999]
AddToCard.c(71): Notify: Parameter Substitution: parameter "itemId_count" =  "1"	[MsgId: MMSG-13992]
AddToCard.c(72): Notify: Parameter Substitution: parameter "itemId_1" =  "EST-19"	[MsgId: MMSG-13992]
AddToCard.c(74): Notify: Saving Parameter "RanditemId = EST-19".	[MsgId: MMSG-13798]
AddToCard.c(75): Notify: Parameter Substitution: parameter "RanditemId" =  "EST-19"	[MsgId: MMSG-13992]
AddToCard.c(75): Random category selected in Action2 = EST-19	[MsgId: MMSG-17999]
AddToCard.c(77): web_reg_find started  	[MsgId: MMSG-26355]
AddToCard.c(77): Notify: Parameter Substitution: parameter "RanditemId" =  "EST-19"	[MsgId: MMSG-13992]
AddToCard.c(77): Registering web_reg_find was successful  	[MsgId: MMSG-26390]
AddToCard.c(79): web_link("{RanditemId}") started  	[MsgId: MMSG-26355]
AddToCard.c(79): Notify: Parameter Substitution: parameter "RanditemId" =  "EST-19"	[MsgId: MMSG-13992]
AddToCard.c(79): Linking to "https://petstore.octoperf.com/actions/Catalog.action?viewItem=&itemId=EST-19", Target Frame=""  	[MsgId: MMSG-27994]
AddToCard.c(79): Resource "https://petstore.octoperf.com/css/jpetstore.css" is in the cache already and will not be downloaded again  	[MsgId: MMSG-26655]
AddToCard.c(79): Resource "https://petstore.octoperf.com/images/logo-topbar.svg" is in the cache already and will not be downloaded again  	[MsgId: MMSG-26655]
AddToCard.c(79): Resource "https://petstore.octoperf.com/images/cart.gif" is in the cache already and will not be downloaded again  	[MsgId: MMSG-26655]
AddToCard.c(79): Resource "https://petstore.octoperf.com/images/separator.gif" is in the cache already and will not be downloaded again  	[MsgId: MMSG-26655]
AddToCard.c(79): Resource "https://petstore.octoperf.com/images/sm_fish.gif" is in the cache already and will not be downloaded again  	[MsgId: MMSG-26655]
AddToCard.c(79): Resource "https://petstore.octoperf.com/images/sm_dogs.gif" is in the cache already and will not be downloaded again  	[MsgId: MMSG-26655]
AddToCard.c(79): Resource "https://petstore.octoperf.com/images/sm_reptiles.gif" is in the cache already and will not be downloaded again  	[MsgId: MMSG-26655]
AddToCard.c(79): Resource "https://petstore.octoperf.com/images/sm_cats.gif" is in the cache already and will not be downloaded again  	[MsgId: MMSG-26655]
AddToCard.c(79): Resource "https://petstore.octoperf.com/images/sm_birds.gif" is in the cache already and will not be downloaded again  	[MsgId: MMSG-26655]
AddToCard.c(79): Found resource "https://petstore.octoperf.com/images/bird1.gif" in HTML "https://petstore.octoperf.com/actions/Catalog.action?viewItem=&itemId=EST-19"  	[MsgId: MMSG-26659]
AddToCard.c(79): Resource "https://petstore.octoperf.com/images/banner_fish.gif" is in the cache already and will not be downloaded again  	[MsgId: MMSG-26655]
Registration.c(57): Notify: Transaction "PetStore_SubmitRegistration_T04" started.	[MsgId: MMSG-16999]
Registration.c(59): web_reg_find started  	[MsgId: MMSG-26355]
Registration.c(59): Registering web_reg_find was successful  	[MsgId: MMSG-26390]
Registration.c(66): Notify: Saving Parameter "randomUsername = DFGE".	[MsgId: MMSG-13798]
Registration.c(72): Notify: Saving Parameter "randompass = zpuv".	[MsgId: MMSG-13798]
Registration.c(86): Notify: Saving Parameter "randomFirstName = bugko".	[MsgId: MMSG-13798]
Registration.c(87): Notify: Saving Parameter "randomLastName = hmjrv".	[MsgId: MMSG-13798]
Registration.c(99): Notify: Saving Parameter "RandomPhone = 9360861773".	[MsgId: MMSG-13798]
Registration.c(108): Notify: Saving Parameter "RandomZip = 459136".	[MsgId: MMSG-13798]
Registration.c(111): web_submit_form("Account.action") started  	[MsgId: MMSG-26355]
Registration.c(111): Notify: Parameter Substitution: parameter "randomUsername" =  "DFGE"	[MsgId: MMSG-13992]
Registration.c(111): Notify: Parameter Substitution: parameter "randompass" =  "zpuv"	[MsgId: MMSG-13992]
Registration.c(111): Notify: Parameter Substitution: parameter "randompass" =  "zpuv"	[MsgId: MMSG-13992]
Registration.c(111): Notify: Parameter Substitution: parameter "randomFirstName" =  "bugko"	[MsgId: MMSG-13992]
Registration.c(111): Notify: Parameter Substitution: parameter "randomLastName" =  "hmjrv"	[MsgId: MMSG-13992]
Registration.c(111): Notify: Parameter Substitution: parameter "randomFirstName" =  "bugko"	[MsgId: MMSG-13992]
Registration.c(111): Notify: Parameter Substitution: parameter "randomLastName" =  "hmjrv"	[MsgId: MMSG-13992]
Registration.c(111): Notify: Parameter Substitution: parameter "RandomPhone" =  "9360861773"	[MsgId: MMSG-13992]
Registration.c(111): Notify: Parameter Substitution: parameter "RandomZip" =  "459136"	[MsgId: MMSG-13992]
Registration.c(111): Submitting form to "https://petstore.octoperf.com/actions/Account.action", Target Frame=""  	[MsgId: MMSG-27978]
AddToCard.c(79): Registered web_reg_find successful for "Text=EST-19" (count=2)  	[MsgId: MMSG-26364]
AddToCard.c(79): web_link("{RanditemId}") was successful, 15764 body bytes, 511 header bytes  	[MsgId: MMSG-26386]
AddToCard.c(84): Notify: Transaction "PetStore_SelectItemId_T03" ended with a "Pass" status (Duration: 0.2730 Wasted Time: 0.0000).	[MsgId: MMSG-16871]
AddToCard.c(86): lr_think_time: 3.44 seconds (recorded think time was 5.00 seconds).	[MsgId: MMSG-15947]
Registration.c(111): Redirecting "https://petstore.octoperf.com/actions/Account.action" (redirection depth is 0)  	[MsgId: MMSG-26694]
Registration.c(111): To location "https://petstore.octoperf.com/actions/Catalog.action"  	[MsgId: MMSG-26693]
Registration.c(17): Found resource "https://petstore.octoperf.com/css/jpetstore.css" in HTML "https://petstore.octoperf.com/actions/Catalog.action"  	[MsgId: MMSG-26659]
Registration.c(17): Found resource "https://petstore.octoperf.com/images/logo-topbar.svg" in HTML "https://petstore.octoperf.com/actions/Catalog.action"  	[MsgId: MMSG-26659]
Registration.c(17): Found resource "https://petstore.octoperf.com/images/cart.gif" in HTML "https://petstore.octoperf.com/actions/Catalog.action"  	[MsgId: MMSG-26659]
Registration.c(17): Found resource "https://petstore.octoperf.com/images/separator.gif" in HTML "https://petstore.octoperf.com/actions/Catalog.action"  	[MsgId: MMSG-26659]
Registration.c(17): Found resource "https://petstore.octoperf.com/images/sm_fish.gif" in HTML "https://petstore.octoperf.com/actions/Catalog.action"  	[MsgId: MMSG-26659]
Registration.c(17): Found resource "https://petstore.octoperf.com/images/sm_dogs.gif" in HTML "https://petstore.octoperf.com/actions/Catalog.action"  	[MsgId: MMSG-26659]
Registration.c(17): Found resource "https://petstore.octoperf.com/images/sm_reptiles.gif" in HTML "https://petstore.octoperf.com/actions/Catalog.action"  	[MsgId: MMSG-26659]
Registration.c(17): Found resource "https://petstore.octoperf.com/images/sm_cats.gif" in HTML "https://petstore.octoperf.com/actions/Catalog.action"  	[MsgId: MMSG-26659]
Registration.c(17): Found resource "https://petstore.octoperf.com/images/sm_birds.gif" in HTML "https://petstore.octoperf.com/actions/Catalog.action"  	[MsgId: MMSG-26659]
Registration.c(17): Found resource "https://petstore.octoperf.com/images/fish_icon.gif" in HTML "https://petstore.octoperf.com/actions/Catalog.action"  	[MsgId: MMSG-26659]
Registration.c(17): Found resource "https://petstore.octoperf.com/images/dogs_icon.gif" in HTML "https://petstore.octoperf.com/actions/Catalog.action"  	[MsgId: MMSG-26659]
Registration.c(17): Found resource "https://petstore.octoperf.com/images/cats_icon.gif" in HTML "https://petstore.octoperf.com/actions/Catalog.action"  	[MsgId: MMSG-26659]
Registration.c(17): Found resource "https://petstore.octoperf.com/images/reptiles_icon.gif" in HTML "https://petstore.octoperf.com/actions/Catalog.action"  	[MsgId: MMSG-26659]
Registration.c(17): Found resource "https://petstore.octoperf.com/images/birds_icon.gif" in HTML "https://petstore.octoperf.com/actions/Catalog.action"  	[MsgId: MMSG-26659]
Registration.c(17): Found resource "https://petstore.octoperf.com/images/splash.gif" in HTML "https://petstore.octoperf.com/actions/Catalog.action"  	[MsgId: MMSG-26659]
Registration.c(111): Resource "https://petstore.octoperf.com/css/jpetstore.css" is in the cache already and will not be downloaded again  	[MsgId: MMSG-26655]
Registration.c(111): Resource "https://petstore.octoperf.com/images/logo-topbar.svg" is in the cache already and will not be downloaded again  	[MsgId: MMSG-26655]
Registration.c(111): Resource "https://petstore.octoperf.com/images/cart.gif" is in the cache already and will not be downloaded again  	[MsgId: MMSG-26655]
Registration.c(111): Resource "https://petstore.octoperf.com/images/separator.gif" is in the cache already and will not be downloaded again  	[MsgId: MMSG-26655]
Registration.c(111): Resource "https://petstore.octoperf.com/images/sm_fish.gif" is in the cache already and will not be downloaded again  	[MsgId: MMSG-26655]
Registration.c(111): Resource "https://petstore.octoperf.com/images/sm_dogs.gif" is in the cache already and will not be downloaded again  	[MsgId: MMSG-26655]
Registration.c(111): Resource "https://petstore.octoperf.com/images/sm_reptiles.gif" is in the cache already and will not be downloaded again  	[MsgId: MMSG-26655]
Registration.c(111): Resource "https://petstore.octoperf.com/images/sm_cats.gif" is in the cache already and will not be downloaded again  	[MsgId: MMSG-26655]
Registration.c(111): Resource "https://petstore.octoperf.com/images/sm_birds.gif" is in the cache already and will not be downloaded again  	[MsgId: MMSG-26655]
Registration.c(111): Resource "https://petstore.octoperf.com/images/fish_icon.gif" is in the cache already and will not be downloaded again  	[MsgId: MMSG-26655]
Registration.c(111): Resource "https://petstore.octoperf.com/images/dogs_icon.gif" is in the cache already and will not be downloaded again  	[MsgId: MMSG-26655]
Registration.c(111): Resource "https://petstore.octoperf.com/images/cats_icon.gif" is in the cache already and will not be downloaded again  	[MsgId: MMSG-26655]
Registration.c(111): Resource "https://petstore.octoperf.com/images/reptiles_icon.gif" is in the cache already and will not be downloaded again  	[MsgId: MMSG-26655]
Registration.c(111): Resource "https://petstore.octoperf.com/images/birds_icon.gif" is in the cache already and will not be downloaded again  	[MsgId: MMSG-26655]
Registration.c(111): Resource "https://petstore.octoperf.com/images/splash.gif" is in the cache already and will not be downloaded again  	[MsgId: MMSG-26655]
Registration.c(111): Registered web_reg_find successful for "Text=Elevate you load-testing" (count=1)  	[MsgId: MMSG-26364]
Registration.c(111): web_submit_form("Account.action") was successful, 4736 body bytes, 443 header bytes  	[MsgId: MMSG-26386]
Registration.c(133): Notify: Transaction "PetStore_SubmitRegistration_T04" ended with a "Pass" status (Duration: 0.3756 Wasted Time: 0.0006).	[MsgId: MMSG-16871]
Registration.c(135): lr_think_time: 3.56 seconds (recorded think time was 5.00 seconds).	[MsgId: MMSG-15947]
AddToCard.c(67): Notify: Transaction "PetStore_SelectItemId_T03" started.	[MsgId: MMSG-16999]
AddToCard.c(71): Notify: Parameter Substitution: parameter "itemId_count" =  "2"	[MsgId: MMSG-13992]
AddToCard.c(72): Notify: Parameter Substitution: parameter "itemId_2" =  "EST-12"	[MsgId: MMSG-13992]
AddToCard.c(74): Notify: Saving Parameter "RanditemId = EST-12".	[MsgId: MMSG-13798]
AddToCard.c(75): Notify: Parameter Substitution: parameter "RanditemId" =  "EST-12"	[MsgId: MMSG-13992]
AddToCard.c(75): Random category selected in Action2 = EST-12	[MsgId: MMSG-17999]
AddToCard.c(77): web_reg_find started  	[MsgId: MMSG-26355]
AddToCard.c(77): Notify: Parameter Substitution: parameter "RanditemId" =  "EST-12"	[MsgId: MMSG-13992]
AddToCard.c(77): Registering web_reg_find was successful  	[MsgId: MMSG-26390]
AddToCard.c(79): web_link("{RanditemId}") started  	[MsgId: MMSG-26355]
AddToCard.c(79): Notify: Parameter Substitution: parameter "RanditemId" =  "EST-12"	[MsgId: MMSG-13992]
AddToCard.c(79): Linking to "https://petstore.octoperf.com/actions/Catalog.action?viewItem=&itemId=EST-12", Target Frame=""  	[MsgId: MMSG-27994]
AddToCard.c(79): Resource "https://petstore.octoperf.com/css/jpetstore.css" is in the cache already and will not be downloaded again  	[MsgId: MMSG-26655]
AddToCard.c(79): Resource "https://petstore.octoperf.com/images/logo-topbar.svg" is in the cache already and will not be downloaded again  	[MsgId: MMSG-26655]
AddToCard.c(79): Resource "https://petstore.octoperf.com/images/cart.gif" is in the cache already and will not be downloaded again  	[MsgId: MMSG-26655]
AddToCard.c(79): Resource "https://petstore.octoperf.com/images/separator.gif" is in the cache already and will not be downloaded again  	[MsgId: MMSG-26655]
AddToCard.c(79): Resource "https://petstore.octoperf.com/images/sm_fish.gif" is in the cache already and will not be downloaded again  	[MsgId: MMSG-26655]
AddToCard.c(79): Resource "https://petstore.octoperf.com/images/sm_dogs.gif" is in the cache already and will not be downloaded again  	[MsgId: MMSG-26655]
AddToCard.c(79): Resource "https://petstore.octoperf.com/images/sm_reptiles.gif" is in the cache already and will not be downloaded again  	[MsgId: MMSG-26655]
AddToCard.c(79): Resource "https://petstore.octoperf.com/images/sm_cats.gif" is in the cache already and will not be downloaded again  	[MsgId: MMSG-26655]
AddToCard.c(79): Resource "https://petstore.octoperf.com/images/sm_birds.gif" is in the cache already and will not be downloaded again  	[MsgId: MMSG-26655]
AddToCard.c(79): Found resource "https://petstore.octoperf.com/images/snake1.gif" in HTML "https://petstore.octoperf.com/actions/Catalog.action?viewItem=&itemId=EST-12"  	[MsgId: MMSG-26659]
AddToCard.c(79): Resource "https://petstore.octoperf.com/images/banner_fish.gif" is in the cache already and will not be downloaded again  	[MsgId: MMSG-26655]
Registration.c(17): Registered web_reg_find successful for "Text=OctoPerf" (count=1)  	[MsgId: MMSG-26364]
Registration.c(17): web_url("Catalog.action") was successful, 69386 body bytes, 4543 header bytes  	[MsgId: MMSG-26386]
Registration.c(25): Notify: Transaction "PetStore_EnterToPetStore_T01" ended with a "Pass" status (Duration: 1.1647 Wasted Time: 0.0002).	[MsgId: MMSG-16871]
Registration.c(27): lr_think_time: 2.73 seconds (recorded think time was 5.00 seconds).	[MsgId: MMSG-15947]
AddToCard.c(79): Registered web_reg_find successful for "Text=EST-12" (count=2)  	[MsgId: MMSG-26364]
AddToCard.c(79): web_link("{RanditemId}") was successful, 16844 body bytes, 511 header bytes  	[MsgId: MMSG-26386]
AddToCard.c(84): Notify: Transaction "PetStore_SelectItemId_T03" ended with a "Pass" status (Duration: 0.3784 Wasted Time: 0.0000).	[MsgId: MMSG-16871]
AddToCard.c(86): lr_think_time: 3.56 seconds (recorded think time was 5.00 seconds).	[MsgId: MMSG-15947]
Starting iteration 4.	[MsgId: MMSG-15968]
Notify: Next row for parameter UserName = 1 [table  = UserName].	[MsgId: MMSG-13876]
Notify: Getting new value for parameter 'UserName': table = 'UserName.dat' column = '0' row = '1'.	[MsgId: MMSG-13877]
Notify: Next row for parameter PetStoreEndtoEndFlow_UserName = 1 [table  = PetStoreEndtoEndFlow_UserName].	[MsgId: MMSG-13876]
Notify: Getting new value for parameter 'PetStoreEndtoEndFlow_UserName': table = 'UserCredentilas1.dat' column = '0' row = '1'.	[MsgId: MMSG-13877]
Notify: Next row for parameter PetStoreEndtoEndFlow_pass = 1 [table  = PetStoreEndtoEndFlow_pass].	[MsgId: MMSG-13876]
Notify: Getting new value for parameter 'PetStoreEndtoEndFlow_pass': table = 'UserCredentilas3.dat' column = '0' row = '1'.	[MsgId: MMSG-13877]
Notify: Next row for parameter pass = 1 [table  = pass].	[MsgId: MMSG-13876]
Notify: Getting new value for parameter 'pass': table = 'UserName.dat' column = '0' row = '1'.	[MsgId: MMSG-13877]
Starting action Login.	[MsgId: MMSG-15919]
Registration.c(13): Notify: Transaction "PetStore_EnterToPetStore_T01" started.	[MsgId: MMSG-16999]
Registration.c(14): web_reg_find started  	[MsgId: MMSG-26355]
Registration.c(14): Registering web_reg_find was successful  	[MsgId: MMSG-26390]
Registration.c(17): web_url("Catalog.action") started  	[MsgId: MMSG-26355]
Registration.c(137): Notify: Transaction "PetStore_SignOut_T05" started.	[MsgId: MMSG-16999]
Registration.c(139): web_reg_find started  	[MsgId: MMSG-26355]
Registration.c(139): Registering web_reg_find was successful  	[MsgId: MMSG-26390]
Registration.c(142): web_url("Account.action_2") started  	[MsgId: MMSG-26355]
Registration.c(142): Redirecting "https://petstore.octoperf.com/actions/Account.action?signoff=" (redirection depth is 0)  	[MsgId: MMSG-26694]
Registration.c(142): To location "https://petstore.octoperf.com/actions/Catalog.action"  	[MsgId: MMSG-26693]
Registration.c(142): Resource "https://petstore.octoperf.com/css/jpetstore.css" is in the cache already and will not be downloaded again  	[MsgId: MMSG-26655]
Registration.c(142): Resource "https://petstore.octoperf.com/images/logo-topbar.svg" is in the cache already and will not be downloaded again  	[MsgId: MMSG-26655]
Registration.c(142): Resource "https://petstore.octoperf.com/images/cart.gif" is in the cache already and will not be downloaded again  	[MsgId: MMSG-26655]
Registration.c(142): Resource "https://petstore.octoperf.com/images/separator.gif" is in the cache already and will not be downloaded again  	[MsgId: MMSG-26655]
Registration.c(142): Resource "https://petstore.octoperf.com/images/sm_fish.gif" is in the cache already and will not be downloaded again  	[MsgId: MMSG-26655]
Registration.c(142): Resource "https://petstore.octoperf.com/images/sm_dogs.gif" is in the cache already and will not be downloaded again  	[MsgId: MMSG-26655]
Registration.c(142): Resource "https://petstore.octoperf.com/images/sm_reptiles.gif" is in the cache already and will not be downloaded again  	[MsgId: MMSG-26655]
Registration.c(142): Resource "https://petstore.octoperf.com/images/sm_cats.gif" is in the cache already and will not be downloaded again  	[MsgId: MMSG-26655]
Registration.c(142): Resource "https://petstore.octoperf.com/images/sm_birds.gif" is in the cache already and will not be downloaded again  	[MsgId: MMSG-26655]
Registration.c(142): Resource "https://petstore.octoperf.com/images/fish_icon.gif" is in the cache already and will not be downloaded again  	[MsgId: MMSG-26655]
Registration.c(142): Resource "https://petstore.octoperf.com/images/dogs_icon.gif" is in the cache already and will not be downloaded again  	[MsgId: MMSG-26655]
Registration.c(142): Resource "https://petstore.octoperf.com/images/cats_icon.gif" is in the cache already and will not be downloaded again  	[MsgId: MMSG-26655]
Registration.c(142): Resource "https://petstore.octoperf.com/images/reptiles_icon.gif" is in the cache already and will not be downloaded again  	[MsgId: MMSG-26655]
Registration.c(142): Resource "https://petstore.octoperf.com/images/birds_icon.gif" is in the cache already and will not be downloaded again  	[MsgId: MMSG-26655]
Registration.c(142): Resource "https://petstore.octoperf.com/images/splash.gif" is in the cache already and will not be downloaded again  	[MsgId: MMSG-26655]
Registration.c(142): Registered web_reg_find successful for "Text=Sign In" (count=1)  	[MsgId: MMSG-26364]
Registration.c(142): web_url("Account.action_2") was successful, 4736 body bytes, 518 header bytes  	[MsgId: MMSG-26386]
Registration.c(151): Notify: Transaction "PetStore_SignOut_T05" ended with a "Pass" status (Duration: 0.2504 Wasted Time: 0.0000).	[MsgId: MMSG-16871]
Login.c(4): Notify: Transaction "PetStore_ClickOnSignIn_T01" started.	[MsgId: MMSG-16999]
Login.c(6): web_reg_find started  	[MsgId: MMSG-26355]
Login.c(6): Registering web_reg_find was successful  	[MsgId: MMSG-26390]
Login.c(9): web_link("Sign In") started  	[MsgId: MMSG-26355]
Login.c(9): Linking to "https://petstore.octoperf.com/actions/Account.action?signonForm=", Target Frame=""  	[MsgId: MMSG-27994]
AddToCard.c(40): Notify: Transaction "PetStore_SelectProductId_T02" started.	[MsgId: MMSG-16999]
AddToCard.c(43): Notify: Parameter Substitution: parameter "productId_count" =  "2"	[MsgId: MMSG-13992]
AddToCard.c(44): Notify: Parameter Substitution: parameter "productId_1" =  "FL-DSH-01"	[MsgId: MMSG-13992]
AddToCard.c(46): Notify: Saving Parameter "RandproductId = FL-DSH-01".	[MsgId: MMSG-13798]
AddToCard.c(47): Notify: Parameter Substitution: parameter "RandproductId" =  "FL-DSH-01"	[MsgId: MMSG-13992]
AddToCard.c(47): Random category selected in Action2 = FL-DSH-01	[MsgId: MMSG-17999]
AddToCard.c(49): web_reg_find started  	[MsgId: MMSG-26355]
AddToCard.c(49): Notify: Parameter Substitution: parameter "RandproductId" =  "FL-DSH-01"	[MsgId: MMSG-13992]
AddToCard.c(49): Registering web_reg_find was successful  	[MsgId: MMSG-26390]
AddToCard.c(51): web_reg_save_param_regexp started  	[MsgId: MMSG-26355]
AddToCard.c(51): Registering web_reg_save_param_regexp was successful  	[MsgId: MMSG-26390]
AddToCard.c(58): web_link("{RandproductId}") started  	[MsgId: MMSG-26355]
AddToCard.c(58): Notify: Parameter Substitution: parameter "RandproductId" =  "FL-DSH-01"	[MsgId: MMSG-13992]
AddToCard.c(58): Linking to "https://petstore.octoperf.com/actions/Catalog.action?viewProduct=&productId=FL-DSH-01", Target Frame=""  	[MsgId: MMSG-27994]
Login.c(9): Resource "https://petstore.octoperf.com/css/jpetstore.css" is in the cache already and will not be downloaded again  	[MsgId: MMSG-26655]
Login.c(9): Resource "https://petstore.octoperf.com/images/logo-topbar.svg" is in the cache already and will not be downloaded again  	[MsgId: MMSG-26655]
Login.c(9): Resource "https://petstore.octoperf.com/images/cart.gif" is in the cache already and will not be downloaded again  	[MsgId: MMSG-26655]
Login.c(9): Resource "https://petstore.octoperf.com/images/separator.gif" is in the cache already and will not be downloaded again  	[MsgId: MMSG-26655]
Login.c(9): Resource "https://petstore.octoperf.com/images/sm_fish.gif" is in the cache already and will not be downloaded again  	[MsgId: MMSG-26655]
Login.c(9): Resource "https://petstore.octoperf.com/images/sm_dogs.gif" is in the cache already and will not be downloaded again  	[MsgId: MMSG-26655]
Login.c(9): Resource "https://petstore.octoperf.com/images/sm_reptiles.gif" is in the cache already and will not be downloaded again  	[MsgId: MMSG-26655]
Login.c(9): Resource "https://petstore.octoperf.com/images/sm_cats.gif" is in the cache already and will not be downloaded again  	[MsgId: MMSG-26655]
Login.c(9): Resource "https://petstore.octoperf.com/images/sm_birds.gif" is in the cache already and will not be downloaded again  	[MsgId: MMSG-26655]
Login.c(9): Registered web_reg_find successful for "Text=Please enter your username and password" (count=1)  	[MsgId: MMSG-26364]
Login.c(9): web_link("Sign In") was successful, 3860 body bytes, 225 header bytes  	[MsgId: MMSG-26386]
Login.c(13): Notify: Transaction "PetStore_ClickOnSignIn_T01" ended with a "Pass" status (Duration: 0.1275 Wasted Time: 0.0000).	[MsgId: MMSG-16871]
Login.c(15): lr_think_time: 3.36 seconds (recorded think time was 5.00 seconds).	[MsgId: MMSG-15947]
AddToCard.c(58): Resource "https://petstore.octoperf.com/css/jpetstore.css" is in the cache already and will not be downloaded again  	[MsgId: MMSG-26655]
AddToCard.c(58): Resource "https://petstore.octoperf.com/images/logo-topbar.svg" is in the cache already and will not be downloaded again  	[MsgId: MMSG-26655]
AddToCard.c(58): Resource "https://petstore.octoperf.com/images/cart.gif" is in the cache already and will not be downloaded again  	[MsgId: MMSG-26655]
AddToCard.c(58): Resource "https://petstore.octoperf.com/images/separator.gif" is in the cache already and will not be downloaded again  	[MsgId: MMSG-26655]
AddToCard.c(58): Resource "https://petstore.octoperf.com/images/sm_fish.gif" is in the cache already and will not be downloaded again  	[MsgId: MMSG-26655]
AddToCard.c(58): Resource "https://petstore.octoperf.com/images/sm_dogs.gif" is in the cache already and will not be downloaded again  	[MsgId: MMSG-26655]
AddToCard.c(58): Resource "https://petstore.octoperf.com/images/sm_reptiles.gif" is in the cache already and will not be downloaded again  	[MsgId: MMSG-26655]
AddToCard.c(58): Resource "https://petstore.octoperf.com/images/sm_cats.gif" is in the cache already and will not be downloaded again  	[MsgId: MMSG-26655]
AddToCard.c(58): Resource "https://petstore.octoperf.com/images/sm_birds.gif" is in the cache already and will not be downloaded again  	[MsgId: MMSG-26655]
AddToCard.c(58): Resource "https://petstore.octoperf.com/images/banner_fish.gif" is in the cache already and will not be downloaded again  	[MsgId: MMSG-26655]
AddToCard.c(58): Notify: Saving Parameter "itemId_1 = EST-14".	[MsgId: MMSG-13798]
AddToCard.c(58): Notify: Saving Parameter "itemId_2 = EST-15".	[MsgId: MMSG-13798]
AddToCard.c(58): Notify: Saving Parameter "itemId_count = 2".	[MsgId: MMSG-13798]
AddToCard.c(58): Registered web_reg_find successful for "Text=FL-DSH-01" (count=2)  	[MsgId: MMSG-26364]
AddToCard.c(58): web_link("{RandproductId}") was successful, 4063 body bytes, 225 header bytes  	[MsgId: MMSG-26386]
AddToCard.c(63): Notify: Transaction "PetStore_SelectProductId_T02" ended with a "Pass" status (Duration: 0.1320 Wasted Time: 0.0004).	[MsgId: MMSG-16871]
AddToCard.c(65): lr_think_time: 2.70 seconds (recorded think time was 5.00 seconds).	[MsgId: MMSG-15947]
Registration.c(17): Found resource "https://petstore.octoperf.com/css/jpetstore.css" in HTML "https://petstore.octoperf.com/actions/Catalog.action"  	[MsgId: MMSG-26659]
Registration.c(17): Found resource "https://petstore.octoperf.com/images/logo-topbar.svg" in HTML "https://petstore.octoperf.com/actions/Catalog.action"  	[MsgId: MMSG-26659]
Registration.c(17): Found resource "https://petstore.octoperf.com/images/cart.gif" in HTML "https://petstore.octoperf.com/actions/Catalog.action"  	[MsgId: MMSG-26659]
Registration.c(17): Found resource "https://petstore.octoperf.com/images/separator.gif" in HTML "https://petstore.octoperf.com/actions/Catalog.action"  	[MsgId: MMSG-26659]
Registration.c(17): Found resource "https://petstore.octoperf.com/images/sm_fish.gif" in HTML "https://petstore.octoperf.com/actions/Catalog.action"  	[MsgId: MMSG-26659]
Registration.c(17): Found resource "https://petstore.octoperf.com/images/sm_dogs.gif" in HTML "https://petstore.octoperf.com/actions/Catalog.action"  	[MsgId: MMSG-26659]
Registration.c(17): Found resource "https://petstore.octoperf.com/images/sm_reptiles.gif" in HTML "https://petstore.octoperf.com/actions/Catalog.action"  	[MsgId: MMSG-26659]
Registration.c(17): Found resource "https://petstore.octoperf.com/images/sm_cats.gif" in HTML "https://petstore.octoperf.com/actions/Catalog.action"  	[MsgId: MMSG-26659]
Registration.c(17): Found resource "https://petstore.octoperf.com/images/sm_birds.gif" in HTML "https://petstore.octoperf.com/actions/Catalog.action"  	[MsgId: MMSG-26659]
Registration.c(17): Found resource "https://petstore.octoperf.com/images/fish_icon.gif" in HTML "https://petstore.octoperf.com/actions/Catalog.action"  	[MsgId: MMSG-26659]
Registration.c(17): Found resource "https://petstore.octoperf.com/images/dogs_icon.gif" in HTML "https://petstore.octoperf.com/actions/Catalog.action"  	[MsgId: MMSG-26659]
Registration.c(17): Found resource "https://petstore.octoperf.com/images/cats_icon.gif" in HTML "https://petstore.octoperf.com/actions/Catalog.action"  	[MsgId: MMSG-26659]
Registration.c(17): Found resource "https://petstore.octoperf.com/images/reptiles_icon.gif" in HTML "https://petstore.octoperf.com/actions/Catalog.action"  	[MsgId: MMSG-26659]
Registration.c(17): Found resource "https://petstore.octoperf.com/images/birds_icon.gif" in HTML "https://petstore.octoperf.com/actions/Catalog.action"  	[MsgId: MMSG-26659]
Registration.c(17): Found resource "https://petstore.octoperf.com/images/splash.gif" in HTML "https://petstore.octoperf.com/actions/Catalog.action"  	[MsgId: MMSG-26659]
RemoveTheProduct.c(18): Notify: Transaction "PetStore_ClickOnRemove_T02" started.	[MsgId: MMSG-16999]
RemoveTheProduct.c(20): web_reg_find started  	[MsgId: MMSG-26355]
RemoveTheProduct.c(20): Registering web_reg_find was successful  	[MsgId: MMSG-26390]
RemoveTheProduct.c(23): web_link("Remove") started  	[MsgId: MMSG-26355]
RemoveTheProduct.c(23): Linking to "https://petstore.octoperf.com/actions/Cart.action?removeItemFromCart=&workingItemId=EST-19", Target Frame=""  	[MsgId: MMSG-27994]
RemoveTheProduct.c(23): Resource "https://petstore.octoperf.com/css/jpetstore.css" is in the cache already and will not be downloaded again  	[MsgId: MMSG-26655]
RemoveTheProduct.c(23): Resource "https://petstore.octoperf.com/images/logo-topbar.svg" is in the cache already and will not be downloaded again  	[MsgId: MMSG-26655]
RemoveTheProduct.c(23): Resource "https://petstore.octoperf.com/images/cart.gif" is in the cache already and will not be downloaded again  	[MsgId: MMSG-26655]
RemoveTheProduct.c(23): Resource "https://petstore.octoperf.com/images/separator.gif" is in the cache already and will not be downloaded again  	[MsgId: MMSG-26655]
RemoveTheProduct.c(23): Resource "https://petstore.octoperf.com/images/sm_fish.gif" is in the cache already and will not be downloaded again  	[MsgId: MMSG-26655]
RemoveTheProduct.c(23): Resource "https://petstore.octoperf.com/images/sm_dogs.gif" is in the cache already and will not be downloaded again  	[MsgId: MMSG-26655]
RemoveTheProduct.c(23): Resource "https://petstore.octoperf.com/images/sm_reptiles.gif" is in the cache already and will not be downloaded again  	[MsgId: MMSG-26655]
RemoveTheProduct.c(23): Resource "https://petstore.octoperf.com/images/sm_cats.gif" is in the cache already and will not be downloaded again  	[MsgId: MMSG-26655]
RemoveTheProduct.c(23): Resource "https://petstore.octoperf.com/images/sm_birds.gif" is in the cache already and will not be downloaded again  	[MsgId: MMSG-26655]
RemoveTheProduct.c(23): Resource "https://petstore.octoperf.com/images/banner_fish.gif" is in the cache already and will not be downloaded again  	[MsgId: MMSG-26655]
RemoveTheProduct.c(23): Registered web_reg_find successful for "Text=Your cart is empty." (count=1)  	[MsgId: MMSG-26364]
RemoveTheProduct.c(23): web_link("Remove") was successful, 4202 body bytes, 225 header bytes  	[MsgId: MMSG-26386]
RemoveTheProduct.c(28): Notify: Transaction "PetStore_ClickOnRemove_T02" ended with a "Pass" status (Duration: 0.1292 Wasted Time: 0.0000).	[MsgId: MMSG-16871]
Ending action RemoveTheProduct.	[MsgId: MMSG-15918]
Ending iteration 3.	[MsgId: MMSG-15965]
Waiting 9.6500 seconds for iteration pacing.	[MsgId: MMSG-15996]
Registration.c(17): Registered web_reg_find successful for "Text=OctoPerf" (count=1)  	[MsgId: MMSG-26364]
Registration.c(17): web_url("Catalog.action") was successful, 69386 body bytes, 4543 header bytes  	[MsgId: MMSG-26386]
Registration.c(25): Notify: Transaction "PetStore_EnterToPetStore_T01" ended with a "Pass" status (Duration: 1.1766 Wasted Time: 0.0001).	[MsgId: MMSG-16871]
Registration.c(27): lr_think_time: 3.81 seconds (recorded think time was 5.00 seconds).	[MsgId: MMSG-15947]
Registration.c(29): Notify: Transaction "PetStore_ClickOnSignIn_T02" started.	[MsgId: MMSG-16999]
Registration.c(31): web_reg_find started  	[MsgId: MMSG-26355]
Registration.c(31): Registering web_reg_find was successful  	[MsgId: MMSG-26390]
Registration.c(34): web_link("Sign In") started  	[MsgId: MMSG-26355]
Registration.c(34): Linking to "https://petstore.octoperf.com/actions/Account.action;jsessionid=D90FE6B156098B7176157F2A93D520C6?signonForm=", Target Frame=""  	[MsgId: MMSG-27994]
Registration.c(34): Resource "https://petstore.octoperf.com/css/jpetstore.css" is in the cache already and will not be downloaded again  	[MsgId: MMSG-26655]
Registration.c(34): Resource "https://petstore.octoperf.com/images/logo-topbar.svg" is in the cache already and will not be downloaded again  	[MsgId: MMSG-26655]
Registration.c(34): Resource "https://petstore.octoperf.com/images/cart.gif" is in the cache already and will not be downloaded again  	[MsgId: MMSG-26655]
Registration.c(34): Resource "https://petstore.octoperf.com/images/separator.gif" is in the cache already and will not be downloaded again  	[MsgId: MMSG-26655]
Registration.c(34): Resource "https://petstore.octoperf.com/images/sm_fish.gif" is in the cache already and will not be downloaded again  	[MsgId: MMSG-26655]
Registration.c(34): Resource "https://petstore.octoperf.com/images/sm_dogs.gif" is in the cache already and will not be downloaded again  	[MsgId: MMSG-26655]
Registration.c(34): Resource "https://petstore.octoperf.com/images/sm_reptiles.gif" is in the cache already and will not be downloaded again  	[MsgId: MMSG-26655]
Registration.c(34): Resource "https://petstore.octoperf.com/images/sm_cats.gif" is in the cache already and will not be downloaded again  	[MsgId: MMSG-26655]
Registration.c(34): Resource "https://petstore.octoperf.com/images/sm_birds.gif" is in the cache already and will not be downloaded again  	[MsgId: MMSG-26655]
Registration.c(34): Registered web_reg_find successful for "Text=Please enter your username and password" (count=1)  	[MsgId: MMSG-26364]
Registration.c(34): web_link("Sign In") was successful, 3856 body bytes, 225 header bytes  	[MsgId: MMSG-26386]
Registration.c(39): Notify: Transaction "PetStore_ClickOnSignIn_T02" ended with a "Pass" status (Duration: 0.1277 Wasted Time: 0.0000).	[MsgId: MMSG-16871]
Registration.c(41): lr_think_time: 2.69 seconds (recorded think time was 5.00 seconds).	[MsgId: MMSG-15947]
AddToCard.c(88): Notify: Transaction "PetStore_AddToCard_T04" started.	[MsgId: MMSG-16999]
AddToCard.c(90): web_reg_find started  	[MsgId: MMSG-26355]
AddToCard.c(90): Registering web_reg_find was successful  	[MsgId: MMSG-26390]
AddToCard.c(94): web_link("Add to Cart") started  	[MsgId: MMSG-26355]
AddToCard.c(94): Linking to "https://petstore.octoperf.com/actions/Cart.action?addItemToCart=&workingItemId=EST-19", Target Frame=""  	[MsgId: MMSG-27994]
Registration.c(29): Notify: Transaction "PetStore_ClickOnSignIn_T02" started.	[MsgId: MMSG-16999]
Registration.c(31): web_reg_find started  	[MsgId: MMSG-26355]
Registration.c(31): Registering web_reg_find was successful  	[MsgId: MMSG-26390]
Registration.c(34): web_link("Sign In") started  	[MsgId: MMSG-26355]
Registration.c(34): Linking to "https://petstore.octoperf.com/actions/Account.action;jsessionid=92D16BA1E952E7F3A6D5B79A1F126FFF?signonForm=", Target Frame=""  	[MsgId: MMSG-27994]
AddToCard.c(94): Resource "https://petstore.octoperf.com/css/jpetstore.css" is in the cache already and will not be downloaded again  	[MsgId: MMSG-26655]
AddToCard.c(94): Resource "https://petstore.octoperf.com/images/logo-topbar.svg" is in the cache already and will not be downloaded again  	[MsgId: MMSG-26655]
AddToCard.c(94): Resource "https://petstore.octoperf.com/images/cart.gif" is in the cache already and will not be downloaded again  	[MsgId: MMSG-26655]
AddToCard.c(94): Resource "https://petstore.octoperf.com/images/separator.gif" is in the cache already and will not be downloaded again  	[MsgId: MMSG-26655]
AddToCard.c(94): Resource "https://petstore.octoperf.com/images/sm_fish.gif" is in the cache already and will not be downloaded again  	[MsgId: MMSG-26655]
AddToCard.c(94): Resource "https://petstore.octoperf.com/images/sm_dogs.gif" is in the cache already and will not be downloaded again  	[MsgId: MMSG-26655]
AddToCard.c(94): Resource "https://petstore.octoperf.com/images/sm_reptiles.gif" is in the cache already and will not be downloaded again  	[MsgId: MMSG-26655]
AddToCard.c(94): Resource "https://petstore.octoperf.com/images/sm_cats.gif" is in the cache already and will not be downloaded again  	[MsgId: MMSG-26655]
AddToCard.c(94): Resource "https://petstore.octoperf.com/images/sm_birds.gif" is in the cache already and will not be downloaded again  	[MsgId: MMSG-26655]
AddToCard.c(94): Resource "https://petstore.octoperf.com/images/banner_fish.gif" is in the cache already and will not be downloaded again  	[MsgId: MMSG-26655]
AddToCard.c(94): Registered web_reg_find successful for "Text=Shopping Cart" (count=1)  	[MsgId: MMSG-26364]
AddToCard.c(94): web_link("Add to Cart") was successful, 4632 body bytes, 225 header bytes  	[MsgId: MMSG-26386]
AddToCard.c(99): Notify: Transaction "PetStore_AddToCard_T04" ended with a "Pass" status (Duration: 0.1269 Wasted Time: 0.0000).	[MsgId: MMSG-16871]
RemoveTheProduct.c(7): Notify: Transaction "PetStore_ClickOnViewCartR_T01" started.	[MsgId: MMSG-16999]
RemoveTheProduct.c(8): web_reg_find started  	[MsgId: MMSG-26355]
RemoveTheProduct.c(8): Registering web_reg_find was successful  	[MsgId: MMSG-26390]
RemoveTheProduct.c(10): web_image("cart.gif") started  	[MsgId: MMSG-26355]
RemoveTheProduct.c(10): Image-linking to "https://petstore.octoperf.com/actions/Cart.action?viewCart=", Target Frame=""  	[MsgId: MMSG-27993]
Registration.c(34): Resource "https://petstore.octoperf.com/css/jpetstore.css" is in the cache already and will not be downloaded again  	[MsgId: MMSG-26655]
Registration.c(34): Resource "https://petstore.octoperf.com/images/logo-topbar.svg" is in the cache already and will not be downloaded again  	[MsgId: MMSG-26655]
Registration.c(34): Resource "https://petstore.octoperf.com/images/cart.gif" is in the cache already and will not be downloaded again  	[MsgId: MMSG-26655]
Registration.c(34): Resource "https://petstore.octoperf.com/images/separator.gif" is in the cache already and will not be downloaded again  	[MsgId: MMSG-26655]
Registration.c(34): Resource "https://petstore.octoperf.com/images/sm_fish.gif" is in the cache already and will not be downloaded again  	[MsgId: MMSG-26655]
Registration.c(34): Resource "https://petstore.octoperf.com/images/sm_dogs.gif" is in the cache already and will not be downloaded again  	[MsgId: MMSG-26655]
Registration.c(34): Resource "https://petstore.octoperf.com/images/sm_reptiles.gif" is in the cache already and will not be downloaded again  	[MsgId: MMSG-26655]
Registration.c(34): Resource "https://petstore.octoperf.com/images/sm_cats.gif" is in the cache already and will not be downloaded again  	[MsgId: MMSG-26655]
Registration.c(34): Resource "https://petstore.octoperf.com/images/sm_birds.gif" is in the cache already and will not be downloaded again  	[MsgId: MMSG-26655]
Registration.c(34): Registered web_reg_find successful for "Text=Please enter your username and password" (count=1)  	[MsgId: MMSG-26364]
Registration.c(34): web_link("Sign In") was successful, 3856 body bytes, 225 header bytes  	[MsgId: MMSG-26386]
Registration.c(39): Notify: Transaction "PetStore_ClickOnSignIn_T02" ended with a "Pass" status (Duration: 0.1263 Wasted Time: 0.0000).	[MsgId: MMSG-16871]
Registration.c(41): lr_think_time: 2.75 seconds (recorded think time was 5.00 seconds).	[MsgId: MMSG-15947]
RemoveTheProduct.c(10): Resource "https://petstore.octoperf.com/css/jpetstore.css" is in the cache already and will not be downloaded again  	[MsgId: MMSG-26655]
RemoveTheProduct.c(10): Resource "https://petstore.octoperf.com/images/logo-topbar.svg" is in the cache already and will not be downloaded again  	[MsgId: MMSG-26655]
RemoveTheProduct.c(10): Resource "https://petstore.octoperf.com/images/cart.gif" is in the cache already and will not be downloaded again  	[MsgId: MMSG-26655]
RemoveTheProduct.c(10): Resource "https://petstore.octoperf.com/images/separator.gif" is in the cache already and will not be downloaded again  	[MsgId: MMSG-26655]
RemoveTheProduct.c(10): Resource "https://petstore.octoperf.com/images/sm_fish.gif" is in the cache already and will not be downloaded again  	[MsgId: MMSG-26655]
RemoveTheProduct.c(10): Resource "https://petstore.octoperf.com/images/sm_dogs.gif" is in the cache already and will not be downloaded again  	[MsgId: MMSG-26655]
RemoveTheProduct.c(10): Resource "https://petstore.octoperf.com/images/sm_reptiles.gif" is in the cache already and will not be downloaded again  	[MsgId: MMSG-26655]
RemoveTheProduct.c(10): Resource "https://petstore.octoperf.com/images/sm_cats.gif" is in the cache already and will not be downloaded again  	[MsgId: MMSG-26655]
RemoveTheProduct.c(10): Resource "https://petstore.octoperf.com/images/sm_birds.gif" is in the cache already and will not be downloaded again  	[MsgId: MMSG-26655]
RemoveTheProduct.c(10): Resource "https://petstore.octoperf.com/images/banner_fish.gif" is in the cache already and will not be downloaded again  	[MsgId: MMSG-26655]
RemoveTheProduct.c(10): Registered web_reg_find successful for "Text=Shopping Cart" (count=1)  	[MsgId: MMSG-26364]
RemoveTheProduct.c(10): web_image("cart.gif") was successful, 4632 body bytes, 225 header bytes  	[MsgId: MMSG-26386]
RemoveTheProduct.c(14): Notify: Transaction "PetStore_ClickOnViewCartR_T01" ended with a "Pass" status (Duration: 0.1272 Wasted Time: 0.0000).	[MsgId: MMSG-16871]
RemoveTheProduct.c(16): lr_think_time: 4.61 seconds (recorded think time was 5.00 seconds).	[MsgId: MMSG-15947]
Registration.c(137): Notify: Transaction "PetStore_SignOut_T05" started.	[MsgId: MMSG-16999]
Registration.c(139): web_reg_find started  	[MsgId: MMSG-26355]
Registration.c(139): Registering web_reg_find was successful  	[MsgId: MMSG-26390]
Registration.c(142): web_url("Account.action_2") started  	[MsgId: MMSG-26355]
Registration.c(142): Redirecting "https://petstore.octoperf.com/actions/Account.action?signoff=" (redirection depth is 0)  	[MsgId: MMSG-26694]
Registration.c(142): To location "https://petstore.octoperf.com/actions/Catalog.action"  	[MsgId: MMSG-26693]
Starting iteration 4.	[MsgId: MMSG-15968]
Notify: Next row for parameter UserName = 1 [table  = UserName].	[MsgId: MMSG-13876]
Notify: Getting new value for parameter 'UserName': table = 'UserName.dat' column = '0' row = '1'.	[MsgId: MMSG-13877]
Notify: Next row for parameter PetStoreEndtoEndFlow_UserName = 1 [table  = PetStoreEndtoEndFlow_UserName].	[MsgId: MMSG-13876]
Notify: Getting new value for parameter 'PetStoreEndtoEndFlow_UserName': table = 'UserCredentilas1.dat' column = '0' row = '1'.	[MsgId: MMSG-13877]
Notify: Next row for parameter PetStoreEndtoEndFlow_pass = 1 [table  = PetStoreEndtoEndFlow_pass].	[MsgId: MMSG-13876]
Notify: Getting new value for parameter 'PetStoreEndtoEndFlow_pass': table = 'UserCredentilas3.dat' column = '0' row = '1'.	[MsgId: MMSG-13877]
Notify: Next row for parameter pass = 1 [table  = pass].	[MsgId: MMSG-13876]
Notify: Getting new value for parameter 'pass': table = 'UserName.dat' column = '0' row = '1'.	[MsgId: MMSG-13877]
Starting action Login.	[MsgId: MMSG-15919]
Registration.c(13): Notify: Transaction "PetStore_EnterToPetStore_T01" started.	[MsgId: MMSG-16999]
Registration.c(14): web_reg_find started  	[MsgId: MMSG-26355]
Registration.c(14): Registering web_reg_find was successful  	[MsgId: MMSG-26390]
Registration.c(17): web_url("Catalog.action") started  	[MsgId: MMSG-26355]
Registration.c(142): Resource "https://petstore.octoperf.com/css/jpetstore.css" is in the cache already and will not be downloaded again  	[MsgId: MMSG-26655]
Registration.c(142): Resource "https://petstore.octoperf.com/images/logo-topbar.svg" is in the cache already and will not be downloaded again  	[MsgId: MMSG-26655]
Registration.c(142): Resource "https://petstore.octoperf.com/images/cart.gif" is in the cache already and will not be downloaded again  	[MsgId: MMSG-26655]
Registration.c(142): Resource "https://petstore.octoperf.com/images/separator.gif" is in the cache already and will not be downloaded again  	[MsgId: MMSG-26655]
Registration.c(142): Resource "https://petstore.octoperf.com/images/sm_fish.gif" is in the cache already and will not be downloaded again  	[MsgId: MMSG-26655]
Registration.c(142): Resource "https://petstore.octoperf.com/images/sm_dogs.gif" is in the cache already and will not be downloaded again  	[MsgId: MMSG-26655]
Registration.c(142): Resource "https://petstore.octoperf.com/images/sm_reptiles.gif" is in the cache already and will not be downloaded again  	[MsgId: MMSG-26655]
Registration.c(142): Resource "https://petstore.octoperf.com/images/sm_cats.gif" is in the cache already and will not be downloaded again  	[MsgId: MMSG-26655]
Registration.c(142): Resource "https://petstore.octoperf.com/images/sm_birds.gif" is in the cache already and will not be downloaded again  	[MsgId: MMSG-26655]
Registration.c(142): Resource "https://petstore.octoperf.com/images/fish_icon.gif" is in the cache already and will not be downloaded again  	[MsgId: MMSG-26655]
Registration.c(142): Resource "https://petstore.octoperf.com/images/dogs_icon.gif" is in the cache already and will not be downloaded again  	[MsgId: MMSG-26655]
Registration.c(142): Resource "https://petstore.octoperf.com/images/cats_icon.gif" is in the cache already and will not be downloaded again  	[MsgId: MMSG-26655]
Registration.c(142): Resource "https://petstore.octoperf.com/images/reptiles_icon.gif" is in the cache already and will not be downloaded again  	[MsgId: MMSG-26655]
Registration.c(142): Resource "https://petstore.octoperf.com/images/birds_icon.gif" is in the cache already and will not be downloaded again  	[MsgId: MMSG-26655]
Registration.c(142): Resource "https://petstore.octoperf.com/images/splash.gif" is in the cache already and will not be downloaded again  	[MsgId: MMSG-26655]
Registration.c(142): Registered web_reg_find successful for "Text=Sign In" (count=1)  	[MsgId: MMSG-26364]
Registration.c(142): web_url("Account.action_2") was successful, 4736 body bytes, 518 header bytes  	[MsgId: MMSG-26386]
Registration.c(151): Notify: Transaction "PetStore_SignOut_T05" ended with a "Pass" status (Duration: 0.2485 Wasted Time: 0.0000).	[MsgId: MMSG-16871]
Login.c(4): Notify: Transaction "PetStore_ClickOnSignIn_T01" started.	[MsgId: MMSG-16999]
Login.c(6): web_reg_find started  	[MsgId: MMSG-26355]
Login.c(6): Registering web_reg_find was successful  	[MsgId: MMSG-26390]
Login.c(9): web_link("Sign In") started  	[MsgId: MMSG-26355]
Login.c(9): Linking to "https://petstore.octoperf.com/actions/Account.action?signonForm=", Target Frame=""  	[MsgId: MMSG-27994]
Login.c(9): Resource "https://petstore.octoperf.com/css/jpetstore.css" is in the cache already and will not be downloaded again  	[MsgId: MMSG-26655]
Login.c(9): Resource "https://petstore.octoperf.com/images/logo-topbar.svg" is in the cache already and will not be downloaded again  	[MsgId: MMSG-26655]
Login.c(9): Resource "https://petstore.octoperf.com/images/cart.gif" is in the cache already and will not be downloaded again  	[MsgId: MMSG-26655]
Login.c(9): Resource "https://petstore.octoperf.com/images/separator.gif" is in the cache already and will not be downloaded again  	[MsgId: MMSG-26655]
Login.c(9): Resource "https://petstore.octoperf.com/images/sm_fish.gif" is in the cache already and will not be downloaded again  	[MsgId: MMSG-26655]
Login.c(9): Resource "https://petstore.octoperf.com/images/sm_dogs.gif" is in the cache already and will not be downloaded again  	[MsgId: MMSG-26655]
Login.c(9): Resource "https://petstore.octoperf.com/images/sm_reptiles.gif" is in the cache already and will not be downloaded again  	[MsgId: MMSG-26655]
Login.c(9): Resource "https://petstore.octoperf.com/images/sm_cats.gif" is in the cache already and will not be downloaded again  	[MsgId: MMSG-26655]
Login.c(9): Resource "https://petstore.octoperf.com/images/sm_birds.gif" is in the cache already and will not be downloaded again  	[MsgId: MMSG-26655]
Login.c(9): Registered web_reg_find successful for "Text=Please enter your username and password" (count=1)  	[MsgId: MMSG-26364]
Login.c(9): web_link("Sign In") was successful, 3858 body bytes, 225 header bytes  	[MsgId: MMSG-26386]
Login.c(13): Notify: Transaction "PetStore_ClickOnSignIn_T01" ended with a "Pass" status (Duration: 0.1250 Wasted Time: 0.0000).	[MsgId: MMSG-16871]
Login.c(15): lr_think_time: 3.44 seconds (recorded think time was 5.00 seconds).	[MsgId: MMSG-15947]
AddToCard.c(88): Notify: Transaction "PetStore_AddToCard_T04" started.	[MsgId: MMSG-16999]
AddToCard.c(90): web_reg_find started  	[MsgId: MMSG-26355]
AddToCard.c(90): Registering web_reg_find was successful  	[MsgId: MMSG-26390]
AddToCard.c(94): web_link("Add to Cart") started  	[MsgId: MMSG-26355]
AddToCard.c(94): Linking to "https://petstore.octoperf.com/actions/Cart.action?addItemToCart=&workingItemId=EST-12", Target Frame=""  	[MsgId: MMSG-27994]
AddToCard.c(67): Notify: Transaction "PetStore_SelectItemId_T03" started.	[MsgId: MMSG-16999]
AddToCard.c(71): Notify: Parameter Substitution: parameter "itemId_count" =  "2"	[MsgId: MMSG-13992]
AddToCard.c(72): Notify: Parameter Substitution: parameter "itemId_2" =  "EST-15"	[MsgId: MMSG-13992]
AddToCard.c(74): Notify: Saving Parameter "RanditemId = EST-15".	[MsgId: MMSG-13798]
AddToCard.c(75): Notify: Parameter Substitution: parameter "RanditemId" =  "EST-15"	[MsgId: MMSG-13992]
AddToCard.c(75): Random category selected in Action2 = EST-15	[MsgId: MMSG-17999]
AddToCard.c(77): web_reg_find started  	[MsgId: MMSG-26355]
AddToCard.c(77): Notify: Parameter Substitution: parameter "RanditemId" =  "EST-15"	[MsgId: MMSG-13992]
AddToCard.c(77): Registering web_reg_find was successful  	[MsgId: MMSG-26390]
AddToCard.c(79): web_link("{RanditemId}") started  	[MsgId: MMSG-26355]
AddToCard.c(79): Notify: Parameter Substitution: parameter "RanditemId" =  "EST-15"	[MsgId: MMSG-13992]
AddToCard.c(79): Linking to "https://petstore.octoperf.com/actions/Catalog.action?viewItem=&itemId=EST-15", Target Frame=""  	[MsgId: MMSG-27994]
AddToCard.c(94): Resource "https://petstore.octoperf.com/css/jpetstore.css" is in the cache already and will not be downloaded again  	[MsgId: MMSG-26655]
AddToCard.c(94): Resource "https://petstore.octoperf.com/images/logo-topbar.svg" is in the cache already and will not be downloaded again  	[MsgId: MMSG-26655]
AddToCard.c(94): Resource "https://petstore.octoperf.com/images/cart.gif" is in the cache already and will not be downloaded again  	[MsgId: MMSG-26655]
AddToCard.c(94): Resource "https://petstore.octoperf.com/images/separator.gif" is in the cache already and will not be downloaded again  	[MsgId: MMSG-26655]
AddToCard.c(94): Resource "https://petstore.octoperf.com/images/sm_fish.gif" is in the cache already and will not be downloaded again  	[MsgId: MMSG-26655]
AddToCard.c(94): Resource "https://petstore.octoperf.com/images/sm_dogs.gif" is in the cache already and will not be downloaded again  	[MsgId: MMSG-26655]
AddToCard.c(94): Resource "https://petstore.octoperf.com/images/sm_reptiles.gif" is in the cache already and will not be downloaded again  	[MsgId: MMSG-26655]
AddToCard.c(94): Resource "https://petstore.octoperf.com/images/sm_cats.gif" is in the cache already and will not be downloaded again  	[MsgId: MMSG-26655]
AddToCard.c(94): Resource "https://petstore.octoperf.com/images/sm_birds.gif" is in the cache already and will not be downloaded again  	[MsgId: MMSG-26655]
AddToCard.c(94): Resource "https://petstore.octoperf.com/images/banner_fish.gif" is in the cache already and will not be downloaded again  	[MsgId: MMSG-26655]
AddToCard.c(94): Registered web_reg_find successful for "Text=Shopping Cart" (count=1)  	[MsgId: MMSG-26364]
AddToCard.c(94): web_link("Add to Cart") was successful, 4638 body bytes, 225 header bytes  	[MsgId: MMSG-26386]
AddToCard.c(99): Notify: Transaction "PetStore_AddToCard_T04" ended with a "Pass" status (Duration: 0.1296 Wasted Time: 0.0000).	[MsgId: MMSG-16871]
RemoveTheProduct.c(7): Notify: Transaction "PetStore_ClickOnViewCartR_T01" started.	[MsgId: MMSG-16999]
RemoveTheProduct.c(8): web_reg_find started  	[MsgId: MMSG-26355]
RemoveTheProduct.c(8): Registering web_reg_find was successful  	[MsgId: MMSG-26390]
RemoveTheProduct.c(10): web_image("cart.gif") started  	[MsgId: MMSG-26355]
RemoveTheProduct.c(10): Image-linking to "https://petstore.octoperf.com/actions/Cart.action?viewCart=", Target Frame=""  	[MsgId: MMSG-27993]
AddToCard.c(79): Resource "https://petstore.octoperf.com/css/jpetstore.css" is in the cache already and will not be downloaded again  	[MsgId: MMSG-26655]
AddToCard.c(79): Resource "https://petstore.octoperf.com/images/logo-topbar.svg" is in the cache already and will not be downloaded again  	[MsgId: MMSG-26655]
AddToCard.c(79): Resource "https://petstore.octoperf.com/images/cart.gif" is in the cache already and will not be downloaded again  	[MsgId: MMSG-26655]
AddToCard.c(79): Resource "https://petstore.octoperf.com/images/separator.gif" is in the cache already and will not be downloaded again  	[MsgId: MMSG-26655]
AddToCard.c(79): Resource "https://petstore.octoperf.com/images/sm_fish.gif" is in the cache already and will not be downloaded again  	[MsgId: MMSG-26655]
AddToCard.c(79): Resource "https://petstore.octoperf.com/images/sm_dogs.gif" is in the cache already and will not be downloaded again  	[MsgId: MMSG-26655]
AddToCard.c(79): Resource "https://petstore.octoperf.com/images/sm_reptiles.gif" is in the cache already and will not be downloaded again  	[MsgId: MMSG-26655]
AddToCard.c(79): Resource "https://petstore.octoperf.com/images/sm_cats.gif" is in the cache already and will not be downloaded again  	[MsgId: MMSG-26655]
AddToCard.c(79): Resource "https://petstore.octoperf.com/images/sm_birds.gif" is in the cache already and will not be downloaded again  	[MsgId: MMSG-26655]
AddToCard.c(79): Found resource "https://petstore.octoperf.com/images/cat2.gif" in HTML "https://petstore.octoperf.com/actions/Catalog.action?viewItem=&itemId=EST-15"  	[MsgId: MMSG-26659]
AddToCard.c(79): Resource "https://petstore.octoperf.com/images/banner_fish.gif" is in the cache already and will not be downloaded again  	[MsgId: MMSG-26655]
RemoveTheProduct.c(10): Resource "https://petstore.octoperf.com/css/jpetstore.css" is in the cache already and will not be downloaded again  	[MsgId: MMSG-26655]
RemoveTheProduct.c(10): Resource "https://petstore.octoperf.com/images/logo-topbar.svg" is in the cache already and will not be downloaded again  	[MsgId: MMSG-26655]
RemoveTheProduct.c(10): Resource "https://petstore.octoperf.com/images/cart.gif" is in the cache already and will not be downloaded again  	[MsgId: MMSG-26655]
RemoveTheProduct.c(10): Resource "https://petstore.octoperf.com/images/separator.gif" is in the cache already and will not be downloaded again  	[MsgId: MMSG-26655]
RemoveTheProduct.c(10): Resource "https://petstore.octoperf.com/images/sm_fish.gif" is in the cache already and will not be downloaded again  	[MsgId: MMSG-26655]
RemoveTheProduct.c(10): Resource "https://petstore.octoperf.com/images/sm_dogs.gif" is in the cache already and will not be downloaded again  	[MsgId: MMSG-26655]
RemoveTheProduct.c(10): Resource "https://petstore.octoperf.com/images/sm_reptiles.gif" is in the cache already and will not be downloaded again  	[MsgId: MMSG-26655]
RemoveTheProduct.c(10): Resource "https://petstore.octoperf.com/images/sm_cats.gif" is in the cache already and will not be downloaded again  	[MsgId: MMSG-26655]
RemoveTheProduct.c(10): Resource "https://petstore.octoperf.com/images/sm_birds.gif" is in the cache already and will not be downloaded again  	[MsgId: MMSG-26655]
RemoveTheProduct.c(10): Resource "https://petstore.octoperf.com/images/banner_fish.gif" is in the cache already and will not be downloaded again  	[MsgId: MMSG-26655]
RemoveTheProduct.c(10): Registered web_reg_find successful for "Text=Shopping Cart" (count=1)  	[MsgId: MMSG-26364]
RemoveTheProduct.c(10): web_image("cart.gif") was successful, 4638 body bytes, 225 header bytes  	[MsgId: MMSG-26386]
RemoveTheProduct.c(14): Notify: Transaction "PetStore_ClickOnViewCartR_T01" ended with a "Pass" status (Duration: 0.1336 Wasted Time: 0.0000).	[MsgId: MMSG-16871]
RemoveTheProduct.c(16): lr_think_time: 2.68 seconds (recorded think time was 5.00 seconds).	[MsgId: MMSG-15947]
Registration.c(17): Found resource "https://petstore.octoperf.com/css/jpetstore.css" in HTML "https://petstore.octoperf.com/actions/Catalog.action"  	[MsgId: MMSG-26659]
Registration.c(17): Found resource "https://petstore.octoperf.com/images/logo-topbar.svg" in HTML "https://petstore.octoperf.com/actions/Catalog.action"  	[MsgId: MMSG-26659]
Registration.c(17): Found resource "https://petstore.octoperf.com/images/cart.gif" in HTML "https://petstore.octoperf.com/actions/Catalog.action"  	[MsgId: MMSG-26659]
Registration.c(17): Found resource "https://petstore.octoperf.com/images/separator.gif" in HTML "https://petstore.octoperf.com/actions/Catalog.action"  	[MsgId: MMSG-26659]
Registration.c(17): Found resource "https://petstore.octoperf.com/images/sm_fish.gif" in HTML "https://petstore.octoperf.com/actions/Catalog.action"  	[MsgId: MMSG-26659]
Registration.c(17): Found resource "https://petstore.octoperf.com/images/sm_dogs.gif" in HTML "https://petstore.octoperf.com/actions/Catalog.action"  	[MsgId: MMSG-26659]
Registration.c(17): Found resource "https://petstore.octoperf.com/images/sm_reptiles.gif" in HTML "https://petstore.octoperf.com/actions/Catalog.action"  	[MsgId: MMSG-26659]
Registration.c(17): Found resource "https://petstore.octoperf.com/images/sm_cats.gif" in HTML "https://petstore.octoperf.com/actions/Catalog.action"  	[MsgId: MMSG-26659]
Registration.c(17): Found resource "https://petstore.octoperf.com/images/sm_birds.gif" in HTML "https://petstore.octoperf.com/actions/Catalog.action"  	[MsgId: MMSG-26659]
Registration.c(17): Found resource "https://petstore.octoperf.com/images/fish_icon.gif" in HTML "https://petstore.octoperf.com/actions/Catalog.action"  	[MsgId: MMSG-26659]
Registration.c(17): Found resource "https://petstore.octoperf.com/images/dogs_icon.gif" in HTML "https://petstore.octoperf.com/actions/Catalog.action"  	[MsgId: MMSG-26659]
Registration.c(17): Found resource "https://petstore.octoperf.com/images/cats_icon.gif" in HTML "https://petstore.octoperf.com/actions/Catalog.action"  	[MsgId: MMSG-26659]
Registration.c(17): Found resource "https://petstore.octoperf.com/images/reptiles_icon.gif" in HTML "https://petstore.octoperf.com/actions/Catalog.action"  	[MsgId: MMSG-26659]
Registration.c(17): Found resource "https://petstore.octoperf.com/images/birds_icon.gif" in HTML "https://petstore.octoperf.com/actions/Catalog.action"  	[MsgId: MMSG-26659]
Registration.c(17): Found resource "https://petstore.octoperf.com/images/splash.gif" in HTML "https://petstore.octoperf.com/actions/Catalog.action"  	[MsgId: MMSG-26659]
AddToCard.c(79): Registered web_reg_find successful for "Text=EST-15" (count=2)  	[MsgId: MMSG-26364]
AddToCard.c(79): web_link("{RanditemId}") was successful, 16468 body bytes, 511 header bytes  	[MsgId: MMSG-26386]
AddToCard.c(84): Notify: Transaction "PetStore_SelectItemId_T03" ended with a "Pass" status (Duration: 0.3814 Wasted Time: 0.0000).	[MsgId: MMSG-16871]
AddToCard.c(86): lr_think_time: 4.11 seconds (recorded think time was 5.00 seconds).	[MsgId: MMSG-15947]
Login.c(17): Notify: Transaction "PetStore_Login_T01" started.	[MsgId: MMSG-16999]
Login.c(18): web_reg_find started  	[MsgId: MMSG-26355]
Login.c(18): Registering web_reg_find was successful  	[MsgId: MMSG-26390]
Login.c(20): web_reg_save_param_regexp started  	[MsgId: MMSG-26355]
Login.c(20): Registering web_reg_save_param_regexp was successful  	[MsgId: MMSG-26390]
Login.c(26): web_submit_form("Account.action") started  	[MsgId: MMSG-26355]
Login.c(26): Notify: Parameter Substitution: parameter "randomUsername" =  "KBJA"	[MsgId: MMSG-13992]
Login.c(26): Notify: Parameter Substitution: parameter "randompass" =  "uzpt"	[MsgId: MMSG-13992]
Login.c(26): Submitting form to "https://petstore.octoperf.com/actions/Account.action", Target Frame=""  	[MsgId: MMSG-27978]
Registration.c(17): Registered web_reg_find successful for "Text=OctoPerf" (count=1)  	[MsgId: MMSG-26364]
Registration.c(17): web_url("Catalog.action") was successful, 69386 body bytes, 4543 header bytes  	[MsgId: MMSG-26386]
Registration.c(25): Notify: Transaction "PetStore_EnterToPetStore_T01" ended with a "Pass" status (Duration: 1.1691 Wasted Time: 0.0002).	[MsgId: MMSG-16871]
Registration.c(27): lr_think_time: 3.75 seconds (recorded think time was 5.00 seconds).	[MsgId: MMSG-15947]
Login.c(26): Redirecting "https://petstore.octoperf.com/actions/Account.action" (redirection depth is 0)  	[MsgId: MMSG-26694]
Login.c(26): To location "https://petstore.octoperf.com/actions/Catalog.action"  	[MsgId: MMSG-26693]
Login.c(26): Resource "https://petstore.octoperf.com/css/jpetstore.css" is in the cache already and will not be downloaded again  	[MsgId: MMSG-26655]
Login.c(26): Resource "https://petstore.octoperf.com/images/logo-topbar.svg" is in the cache already and will not be downloaded again  	[MsgId: MMSG-26655]
Login.c(26): Resource "https://petstore.octoperf.com/images/cart.gif" is in the cache already and will not be downloaded again  	[MsgId: MMSG-26655]
Login.c(26): Resource "https://petstore.octoperf.com/images/separator.gif" is in the cache already and will not be downloaded again  	[MsgId: MMSG-26655]
Login.c(26): Resource "https://petstore.octoperf.com/images/sm_fish.gif" is in the cache already and will not be downloaded again  	[MsgId: MMSG-26655]
Login.c(26): Resource "https://petstore.octoperf.com/images/sm_dogs.gif" is in the cache already and will not be downloaded again  	[MsgId: MMSG-26655]
Login.c(26): Resource "https://petstore.octoperf.com/images/sm_reptiles.gif" is in the cache already and will not be downloaded again  	[MsgId: MMSG-26655]
Login.c(26): Resource "https://petstore.octoperf.com/images/sm_cats.gif" is in the cache already and will not be downloaded again  	[MsgId: MMSG-26655]
Login.c(26): Resource "https://petstore.octoperf.com/images/sm_birds.gif" is in the cache already and will not be downloaded again  	[MsgId: MMSG-26655]
Login.c(26): Resource "https://petstore.octoperf.com/images/fish_icon.gif" is in the cache already and will not be downloaded again  	[MsgId: MMSG-26655]
Login.c(26): Resource "https://petstore.octoperf.com/images/dogs_icon.gif" is in the cache already and will not be downloaded again  	[MsgId: MMSG-26655]
Login.c(26): Resource "https://petstore.octoperf.com/images/cats_icon.gif" is in the cache already and will not be downloaded again  	[MsgId: MMSG-26655]
Login.c(26): Resource "https://petstore.octoperf.com/images/reptiles_icon.gif" is in the cache already and will not be downloaded again  	[MsgId: MMSG-26655]
Login.c(26): Resource "https://petstore.octoperf.com/images/birds_icon.gif" is in the cache already and will not be downloaded again  	[MsgId: MMSG-26655]
Login.c(26): Resource "https://petstore.octoperf.com/images/splash.gif" is in the cache already and will not be downloaded again  	[MsgId: MMSG-26655]
Login.c(26): Found resource "https://petstore.octoperf.com/images/banner_fish.gif" in HTML "https://petstore.octoperf.com/actions/Catalog.action"  	[MsgId: MMSG-26659]
Login.c(26): Notify: Saving Parameter "ProductName_1 = BIRDS".	[MsgId: MMSG-13798]
Login.c(26): Notify: Saving Parameter "ProductName_2 = FISH".	[MsgId: MMSG-13798]
Login.c(26): Notify: Saving Parameter "ProductName_3 = DOGS".	[MsgId: MMSG-13798]
Login.c(26): Notify: Saving Parameter "ProductName_4 = REPTILES".	[MsgId: MMSG-13798]
Login.c(26): Notify: Saving Parameter "ProductName_5 = CATS".	[MsgId: MMSG-13798]
Login.c(26): Notify: Saving Parameter "ProductName_6 = BIRDS".	[MsgId: MMSG-13798]
Login.c(26): Notify: Saving Parameter "ProductName_count = 6".	[MsgId: MMSG-13798]
Login.c(26): Registered web_reg_find successful for "Text=My Account" (count=1)  	[MsgId: MMSG-26364]
Login.c(26): web_submit_form("Account.action") was successful, 11416 body bytes, 727 header bytes  	[MsgId: MMSG-26386]
Login.c(34): Notify: Transaction "PetStore_Login_T01" ended with a "Pass" status (Duration: 0.4984 Wasted Time: 0.0003).	[MsgId: MMSG-16871]
Ending action Login.	[MsgId: MMSG-15918]
Starting action RemoveTheProduct.	[MsgId: MMSG-15919]
AddToCard.c(8): Notify: Transaction "PetStore_AddAproduct_T01" started.	[MsgId: MMSG-16999]
AddToCard.c(11): Notify: Parameter Substitution: parameter "ProductName_count" =  "6"	[MsgId: MMSG-13992]
AddToCard.c(12): Notify: Parameter Substitution: parameter "ProductName_6" =  "BIRDS"	[MsgId: MMSG-13992]
AddToCard.c(14): Notify: Saving Parameter "RandCategory = BIRDS".	[MsgId: MMSG-13798]
AddToCard.c(15): Notify: Parameter Substitution: parameter "RandCategory" =  "BIRDS"	[MsgId: MMSG-13992]
AddToCard.c(15): Random category selected in Action2 = BIRDS	[MsgId: MMSG-17999]
AddToCard.c(17): web_reg_find started  	[MsgId: MMSG-26355]
AddToCard.c(17): Notify: Parameter Substitution: parameter "RandCategory" =  "BIRDS"	[MsgId: MMSG-13992]
AddToCard.c(17): Registering web_reg_find was successful  	[MsgId: MMSG-26390]
AddToCard.c(20): web_reg_save_param_regexp started  	[MsgId: MMSG-26355]
AddToCard.c(20): Registering web_reg_save_param_regexp was successful  	[MsgId: MMSG-26390]
AddToCard.c(27): web_url("Catalog.action_2") started  	[MsgId: MMSG-26355]
AddToCard.c(27): Notify: Parameter Substitution: parameter "RandCategory" =  "BIRDS"	[MsgId: MMSG-13992]
Registration.c(43): Notify: Transaction "PetStore_ClickOnRegistration_T03" started.	[MsgId: MMSG-16999]
Registration.c(45): web_reg_find started  	[MsgId: MMSG-26355]
Registration.c(45): Registering web_reg_find was successful  	[MsgId: MMSG-26390]
Registration.c(48): web_link("Register Now!") started  	[MsgId: MMSG-26355]
Registration.c(48): Linking to "https://petstore.octoperf.com/actions/Account.action?newAccountForm=", Target Frame=""  	[MsgId: MMSG-27994]
Registration.c(48): Resource "https://petstore.octoperf.com/css/jpetstore.css" is in the cache already and will not be downloaded again  	[MsgId: MMSG-26655]
Registration.c(48): Resource "https://petstore.octoperf.com/images/logo-topbar.svg" is in the cache already and will not be downloaded again  	[MsgId: MMSG-26655]
Registration.c(48): Resource "https://petstore.octoperf.com/images/cart.gif" is in the cache already and will not be downloaded again  	[MsgId: MMSG-26655]
Registration.c(48): Resource "https://petstore.octoperf.com/images/separator.gif" is in the cache already and will not be downloaded again  	[MsgId: MMSG-26655]
Registration.c(48): Resource "https://petstore.octoperf.com/images/sm_fish.gif" is in the cache already and will not be downloaded again  	[MsgId: MMSG-26655]
Registration.c(48): Resource "https://petstore.octoperf.com/images/sm_dogs.gif" is in the cache already and will not be downloaded again  	[MsgId: MMSG-26655]
Registration.c(48): Resource "https://petstore.octoperf.com/images/sm_reptiles.gif" is in the cache already and will not be downloaded again  	[MsgId: MMSG-26655]
Registration.c(48): Resource "https://petstore.octoperf.com/images/sm_cats.gif" is in the cache already and will not be downloaded again  	[MsgId: MMSG-26655]
Registration.c(48): Resource "https://petstore.octoperf.com/images/sm_birds.gif" is in the cache already and will not be downloaded again  	[MsgId: MMSG-26655]
Registration.c(48): Registered web_reg_find successful for "Text=User Information" (count=1)  	[MsgId: MMSG-26364]
Registration.c(48): web_link("Register Now!") was successful, 5823 body bytes, 225 header bytes  	[MsgId: MMSG-26386]
Registration.c(53): Notify: Transaction "PetStore_ClickOnRegistration_T03" ended with a "Pass" status (Duration: 0.1285 Wasted Time: 0.0000).	[MsgId: MMSG-16871]
Registration.c(55): lr_think_time: 3.85 seconds (recorded think time was 5.00 seconds).	[MsgId: MMSG-15947]
AddToCard.c(27): Resource "https://petstore.octoperf.com/css/jpetstore.css" is in the cache already and will not be downloaded again  	[MsgId: MMSG-26655]
AddToCard.c(27): Resource "https://petstore.octoperf.com/images/logo-topbar.svg" is in the cache already and will not be downloaded again  	[MsgId: MMSG-26655]
AddToCard.c(27): Resource "https://petstore.octoperf.com/images/cart.gif" is in the cache already and will not be downloaded again  	[MsgId: MMSG-26655]
AddToCard.c(27): Resource "https://petstore.octoperf.com/images/separator.gif" is in the cache already and will not be downloaded again  	[MsgId: MMSG-26655]
AddToCard.c(27): Resource "https://petstore.octoperf.com/images/sm_fish.gif" is in the cache already and will not be downloaded again  	[MsgId: MMSG-26655]
AddToCard.c(27): Resource "https://petstore.octoperf.com/images/sm_dogs.gif" is in the cache already and will not be downloaded again  	[MsgId: MMSG-26655]
AddToCard.c(27): Resource "https://petstore.octoperf.com/images/sm_reptiles.gif" is in the cache already and will not be downloaded again  	[MsgId: MMSG-26655]
AddToCard.c(27): Resource "https://petstore.octoperf.com/images/sm_cats.gif" is in the cache already and will not be downloaded again  	[MsgId: MMSG-26655]
AddToCard.c(27): Resource "https://petstore.octoperf.com/images/sm_birds.gif" is in the cache already and will not be downloaded again  	[MsgId: MMSG-26655]
AddToCard.c(27): Resource "https://petstore.octoperf.com/images/banner_fish.gif" is in the cache already and will not be downloaded again  	[MsgId: MMSG-26655]
AddToCard.c(27): Notify: Saving Parameter "productId_1 = AV-CB-01".	[MsgId: MMSG-13798]
AddToCard.c(27): Notify: Saving Parameter "productId_2 = AV-SB-02".	[MsgId: MMSG-13798]
AddToCard.c(27): Notify: Saving Parameter "productId_count = 2".	[MsgId: MMSG-13798]
AddToCard.c(27): Registered web_reg_find successful for "Text=BIRDS" (count=1)  	[MsgId: MMSG-26364]
AddToCard.c(27): web_url("Catalog.action_2") was successful, 3625 body bytes, 225 header bytes  	[MsgId: MMSG-26386]
AddToCard.c(36): Notify: Transaction "PetStore_AddAproduct_T01" ended with a "Pass" status (Duration: 0.2886 Wasted Time: 0.0002).	[MsgId: MMSG-16871]
AddToCard.c(38): lr_think_time: 3.33 seconds (recorded think time was 5.00 seconds).	[MsgId: MMSG-15947]
Registration.c(29): Notify: Transaction "PetStore_ClickOnSignIn_T02" started.	[MsgId: MMSG-16999]
Registration.c(31): web_reg_find started  	[MsgId: MMSG-26355]
Registration.c(31): Registering web_reg_find was successful  	[MsgId: MMSG-26390]
Registration.c(34): web_link("Sign In") started  	[MsgId: MMSG-26355]
Registration.c(34): Linking to "https://petstore.octoperf.com/actions/Account.action;jsessionid=829DE01E248B43C09B2ABFB571B9BE0A?signonForm=", Target Frame=""  	[MsgId: MMSG-27994]
Registration.c(43): Notify: Transaction "PetStore_ClickOnRegistration_T03" started.	[MsgId: MMSG-16999]
Registration.c(45): web_reg_find started  	[MsgId: MMSG-26355]
Registration.c(45): Registering web_reg_find was successful  	[MsgId: MMSG-26390]
Registration.c(48): web_link("Register Now!") started  	[MsgId: MMSG-26355]
Registration.c(48): Linking to "https://petstore.octoperf.com/actions/Account.action?newAccountForm=", Target Frame=""  	[MsgId: MMSG-27994]
Registration.c(34): Resource "https://petstore.octoperf.com/css/jpetstore.css" is in the cache already and will not be downloaded again  	[MsgId: MMSG-26655]
Registration.c(34): Resource "https://petstore.octoperf.com/images/logo-topbar.svg" is in the cache already and will not be downloaded again  	[MsgId: MMSG-26655]
Registration.c(34): Resource "https://petstore.octoperf.com/images/cart.gif" is in the cache already and will not be downloaded again  	[MsgId: MMSG-26655]
Registration.c(34): Resource "https://petstore.octoperf.com/images/separator.gif" is in the cache already and will not be downloaded again  	[MsgId: MMSG-26655]
Registration.c(34): Resource "https://petstore.octoperf.com/images/sm_fish.gif" is in the cache already and will not be downloaded again  	[MsgId: MMSG-26655]
Registration.c(34): Resource "https://petstore.octoperf.com/images/sm_dogs.gif" is in the cache already and will not be downloaded again  	[MsgId: MMSG-26655]
Registration.c(34): Resource "https://petstore.octoperf.com/images/sm_reptiles.gif" is in the cache already and will not be downloaded again  	[MsgId: MMSG-26655]
Registration.c(34): Resource "https://petstore.octoperf.com/images/sm_cats.gif" is in the cache already and will not be downloaded again  	[MsgId: MMSG-26655]
Registration.c(34): Resource "https://petstore.octoperf.com/images/sm_birds.gif" is in the cache already and will not be downloaded again  	[MsgId: MMSG-26655]
Registration.c(34): Registered web_reg_find successful for "Text=Please enter your username and password" (count=1)  	[MsgId: MMSG-26364]
Registration.c(34): web_link("Sign In") was successful, 3856 body bytes, 225 header bytes  	[MsgId: MMSG-26386]
Registration.c(39): Notify: Transaction "PetStore_ClickOnSignIn_T02" ended with a "Pass" status (Duration: 0.1261 Wasted Time: 0.0000).	[MsgId: MMSG-16871]
Registration.c(41): lr_think_time: 2.68 seconds (recorded think time was 5.00 seconds).	[MsgId: MMSG-15947]
Registration.c(48): Resource "https://petstore.octoperf.com/css/jpetstore.css" is in the cache already and will not be downloaded again  	[MsgId: MMSG-26655]
Registration.c(48): Resource "https://petstore.octoperf.com/images/logo-topbar.svg" is in the cache already and will not be downloaded again  	[MsgId: MMSG-26655]
Registration.c(48): Resource "https://petstore.octoperf.com/images/cart.gif" is in the cache already and will not be downloaded again  	[MsgId: MMSG-26655]
Registration.c(48): Resource "https://petstore.octoperf.com/images/separator.gif" is in the cache already and will not be downloaded again  	[MsgId: MMSG-26655]
Registration.c(48): Resource "https://petstore.octoperf.com/images/sm_fish.gif" is in the cache already and will not be downloaded again  	[MsgId: MMSG-26655]
Registration.c(48): Resource "https://petstore.octoperf.com/images/sm_dogs.gif" is in the cache already and will not be downloaded again  	[MsgId: MMSG-26655]
Registration.c(48): Resource "https://petstore.octoperf.com/images/sm_reptiles.gif" is in the cache already and will not be downloaded again  	[MsgId: MMSG-26655]
Registration.c(48): Resource "https://petstore.octoperf.com/images/sm_cats.gif" is in the cache already and will not be downloaded again  	[MsgId: MMSG-26655]
Registration.c(48): Resource "https://petstore.octoperf.com/images/sm_birds.gif" is in the cache already and will not be downloaded again  	[MsgId: MMSG-26655]
Registration.c(48): Registered web_reg_find successful for "Text=User Information" (count=1)  	[MsgId: MMSG-26364]
Registration.c(48): web_link("Register Now!") was successful, 5821 body bytes, 225 header bytes  	[MsgId: MMSG-26386]
Registration.c(53): Notify: Transaction "PetStore_ClickOnRegistration_T03" ended with a "Pass" status (Duration: 0.1263 Wasted Time: 0.0000).	[MsgId: MMSG-16871]
Registration.c(55): lr_think_time: 3.76 seconds (recorded think time was 5.00 seconds).	[MsgId: MMSG-15947]
RemoveTheProduct.c(18): Notify: Transaction "PetStore_ClickOnRemove_T02" started.	[MsgId: MMSG-16999]
RemoveTheProduct.c(20): web_reg_find started  	[MsgId: MMSG-26355]
RemoveTheProduct.c(20): Registering web_reg_find was successful  	[MsgId: MMSG-26390]
RemoveTheProduct.c(23): web_link("Remove") started  	[MsgId: MMSG-26355]
RemoveTheProduct.c(23): Linking to "https://petstore.octoperf.com/actions/Cart.action?removeItemFromCart=&workingItemId=EST-12", Target Frame=""  	[MsgId: MMSG-27994]
RemoveTheProduct.c(23): Resource "https://petstore.octoperf.com/css/jpetstore.css" is in the cache already and will not be downloaded again  	[MsgId: MMSG-26655]
RemoveTheProduct.c(23): Resource "https://petstore.octoperf.com/images/logo-topbar.svg" is in the cache already and will not be downloaded again  	[MsgId: MMSG-26655]
RemoveTheProduct.c(23): Resource "https://petstore.octoperf.com/images/cart.gif" is in the cache already and will not be downloaded again  	[MsgId: MMSG-26655]
RemoveTheProduct.c(23): Resource "https://petstore.octoperf.com/images/separator.gif" is in the cache already and will not be downloaded again  	[MsgId: MMSG-26655]
RemoveTheProduct.c(23): Resource "https://petstore.octoperf.com/images/sm_fish.gif" is in the cache already and will not be downloaded again  	[MsgId: MMSG-26655]
RemoveTheProduct.c(23): Resource "https://petstore.octoperf.com/images/sm_dogs.gif" is in the cache already and will not be downloaded again  	[MsgId: MMSG-26655]
RemoveTheProduct.c(23): Resource "https://petstore.octoperf.com/images/sm_reptiles.gif" is in the cache already and will not be downloaded again  	[MsgId: MMSG-26655]
RemoveTheProduct.c(23): Resource "https://petstore.octoperf.com/images/sm_cats.gif" is in the cache already and will not be downloaded again  	[MsgId: MMSG-26655]
RemoveTheProduct.c(23): Resource "https://petstore.octoperf.com/images/sm_birds.gif" is in the cache already and will not be downloaded again  	[MsgId: MMSG-26655]
RemoveTheProduct.c(23): Resource "https://petstore.octoperf.com/images/banner_fish.gif" is in the cache already and will not be downloaded again  	[MsgId: MMSG-26655]
RemoveTheProduct.c(23): Registered web_reg_find successful for "Text=Your cart is empty." (count=1)  	[MsgId: MMSG-26364]
RemoveTheProduct.c(23): web_link("Remove") was successful, 4202 body bytes, 225 header bytes  	[MsgId: MMSG-26386]
RemoveTheProduct.c(28): Notify: Transaction "PetStore_ClickOnRemove_T02" ended with a "Pass" status (Duration: 0.1279 Wasted Time: 0.0000).	[MsgId: MMSG-16871]
Ending action RemoveTheProduct.	[MsgId: MMSG-15918]
Ending iteration 3.	[MsgId: MMSG-15965]
Waiting 8.7710 seconds for iteration pacing.	[MsgId: MMSG-15996]
Login.c(17): Notify: Transaction "PetStore_Login_T01" started.	[MsgId: MMSG-16999]
Login.c(18): web_reg_find started  	[MsgId: MMSG-26355]
Login.c(18): Registering web_reg_find was successful  	[MsgId: MMSG-26390]
Login.c(20): web_reg_save_param_regexp started  	[MsgId: MMSG-26355]
Login.c(20): Registering web_reg_save_param_regexp was successful  	[MsgId: MMSG-26390]
Login.c(26): web_submit_form("Account.action") started  	[MsgId: MMSG-26355]
Login.c(26): Notify: Parameter Substitution: parameter "randomUsername" =  "DFGE"	[MsgId: MMSG-13992]
Login.c(26): Notify: Parameter Substitution: parameter "randompass" =  "zpuv"	[MsgId: MMSG-13992]
Login.c(26): Submitting form to "https://petstore.octoperf.com/actions/Account.action", Target Frame=""  	[MsgId: MMSG-27978]
Login.c(26): Redirecting "https://petstore.octoperf.com/actions/Account.action" (redirection depth is 0)  	[MsgId: MMSG-26694]
Login.c(26): To location "https://petstore.octoperf.com/actions/Catalog.action"  	[MsgId: MMSG-26693]
Login.c(26): Resource "https://petstore.octoperf.com/css/jpetstore.css" is in the cache already and will not be downloaded again  	[MsgId: MMSG-26655]
Login.c(26): Resource "https://petstore.octoperf.com/images/logo-topbar.svg" is in the cache already and will not be downloaded again  	[MsgId: MMSG-26655]
Login.c(26): Resource "https://petstore.octoperf.com/images/cart.gif" is in the cache already and will not be downloaded again  	[MsgId: MMSG-26655]
Login.c(26): Resource "https://petstore.octoperf.com/images/separator.gif" is in the cache already and will not be downloaded again  	[MsgId: MMSG-26655]
Login.c(26): Resource "https://petstore.octoperf.com/images/sm_fish.gif" is in the cache already and will not be downloaded again  	[MsgId: MMSG-26655]
Login.c(26): Resource "https://petstore.octoperf.com/images/sm_dogs.gif" is in the cache already and will not be downloaded again  	[MsgId: MMSG-26655]
Login.c(26): Resource "https://petstore.octoperf.com/images/sm_reptiles.gif" is in the cache already and will not be downloaded again  	[MsgId: MMSG-26655]
Login.c(26): Resource "https://petstore.octoperf.com/images/sm_cats.gif" is in the cache already and will not be downloaded again  	[MsgId: MMSG-26655]
Login.c(26): Resource "https://petstore.octoperf.com/images/sm_birds.gif" is in the cache already and will not be downloaded again  	[MsgId: MMSG-26655]
Login.c(26): Resource "https://petstore.octoperf.com/images/fish_icon.gif" is in the cache already and will not be downloaded again  	[MsgId: MMSG-26655]
Login.c(26): Resource "https://petstore.octoperf.com/images/dogs_icon.gif" is in the cache already and will not be downloaded again  	[MsgId: MMSG-26655]
Login.c(26): Resource "https://petstore.octoperf.com/images/cats_icon.gif" is in the cache already and will not be downloaded again  	[MsgId: MMSG-26655]
Login.c(26): Resource "https://petstore.octoperf.com/images/reptiles_icon.gif" is in the cache already and will not be downloaded again  	[MsgId: MMSG-26655]
Login.c(26): Resource "https://petstore.octoperf.com/images/birds_icon.gif" is in the cache already and will not be downloaded again  	[MsgId: MMSG-26655]
Login.c(26): Resource "https://petstore.octoperf.com/images/splash.gif" is in the cache already and will not be downloaded again  	[MsgId: MMSG-26655]
Login.c(26): Found resource "https://petstore.octoperf.com/images/banner_fish.gif" in HTML "https://petstore.octoperf.com/actions/Catalog.action"  	[MsgId: MMSG-26659]
Login.c(26): Notify: Saving Parameter "ProductName_1 = BIRDS".	[MsgId: MMSG-13798]
Login.c(26): Notify: Saving Parameter "ProductName_2 = FISH".	[MsgId: MMSG-13798]
Login.c(26): Notify: Saving Parameter "ProductName_3 = DOGS".	[MsgId: MMSG-13798]
Login.c(26): Notify: Saving Parameter "ProductName_4 = REPTILES".	[MsgId: MMSG-13798]
Login.c(26): Notify: Saving Parameter "ProductName_5 = CATS".	[MsgId: MMSG-13798]
Login.c(26): Notify: Saving Parameter "ProductName_6 = BIRDS".	[MsgId: MMSG-13798]
Login.c(26): Notify: Saving Parameter "ProductName_count = 6".	[MsgId: MMSG-13798]
Login.c(26): Registered web_reg_find successful for "Text=My Account" (count=1)  	[MsgId: MMSG-26364]
Login.c(26): web_submit_form("Account.action") was successful, 11416 body bytes, 727 header bytes  	[MsgId: MMSG-26386]
Login.c(34): Notify: Transaction "PetStore_Login_T01" ended with a "Pass" status (Duration: 0.4973 Wasted Time: 0.0003).	[MsgId: MMSG-16871]
Ending action Login.	[MsgId: MMSG-15918]
Starting action RemoveTheProduct.	[MsgId: MMSG-15919]
AddToCard.c(8): Notify: Transaction "PetStore_AddAproduct_T01" started.	[MsgId: MMSG-16999]
AddToCard.c(11): Notify: Parameter Substitution: parameter "ProductName_count" =  "6"	[MsgId: MMSG-13992]
AddToCard.c(12): Notify: Parameter Substitution: parameter "ProductName_4" =  "REPTILES"	[MsgId: MMSG-13992]
AddToCard.c(14): Notify: Saving Parameter "RandCategory = REPTILES".	[MsgId: MMSG-13798]
AddToCard.c(15): Notify: Parameter Substitution: parameter "RandCategory" =  "REPTILES"	[MsgId: MMSG-13992]
AddToCard.c(15): Random category selected in Action2 = REPTILES	[MsgId: MMSG-17999]
AddToCard.c(17): web_reg_find started  	[MsgId: MMSG-26355]
AddToCard.c(17): Notify: Parameter Substitution: parameter "RandCategory" =  "REPTILES"	[MsgId: MMSG-13992]
AddToCard.c(17): Registering web_reg_find was successful  	[MsgId: MMSG-26390]
AddToCard.c(20): web_reg_save_param_regexp started  	[MsgId: MMSG-26355]
AddToCard.c(20): Registering web_reg_save_param_regexp was successful  	[MsgId: MMSG-26390]
AddToCard.c(27): web_url("Catalog.action_2") started  	[MsgId: MMSG-26355]
AddToCard.c(27): Notify: Parameter Substitution: parameter "RandCategory" =  "REPTILES"	[MsgId: MMSG-13992]
RemoveTheProduct.c(18): Notify: Transaction "PetStore_ClickOnRemove_T02" started.	[MsgId: MMSG-16999]
RemoveTheProduct.c(20): web_reg_find started  	[MsgId: MMSG-26355]
RemoveTheProduct.c(20): Registering web_reg_find was successful  	[MsgId: MMSG-26390]
RemoveTheProduct.c(23): web_link("Remove") started  	[MsgId: MMSG-26355]
RemoveTheProduct.c(23): Linking to "https://petstore.octoperf.com/actions/Cart.action?removeItemFromCart=&workingItemId=EST-19", Target Frame=""  	[MsgId: MMSG-27994]
RemoveTheProduct.c(23): Resource "https://petstore.octoperf.com/css/jpetstore.css" is in the cache already and will not be downloaded again  	[MsgId: MMSG-26655]
RemoveTheProduct.c(23): Resource "https://petstore.octoperf.com/images/logo-topbar.svg" is in the cache already and will not be downloaded again  	[MsgId: MMSG-26655]
RemoveTheProduct.c(23): Resource "https://petstore.octoperf.com/images/cart.gif" is in the cache already and will not be downloaded again  	[MsgId: MMSG-26655]
RemoveTheProduct.c(23): Resource "https://petstore.octoperf.com/images/separator.gif" is in the cache already and will not be downloaded again  	[MsgId: MMSG-26655]
RemoveTheProduct.c(23): Resource "https://petstore.octoperf.com/images/sm_fish.gif" is in the cache already and will not be downloaded again  	[MsgId: MMSG-26655]
RemoveTheProduct.c(23): Resource "https://petstore.octoperf.com/images/sm_dogs.gif" is in the cache already and will not be downloaded again  	[MsgId: MMSG-26655]
RemoveTheProduct.c(23): Resource "https://petstore.octoperf.com/images/sm_reptiles.gif" is in the cache already and will not be downloaded again  	[MsgId: MMSG-26655]
RemoveTheProduct.c(23): Resource "https://petstore.octoperf.com/images/sm_cats.gif" is in the cache already and will not be downloaded again  	[MsgId: MMSG-26655]
RemoveTheProduct.c(23): Resource "https://petstore.octoperf.com/images/sm_birds.gif" is in the cache already and will not be downloaded again  	[MsgId: MMSG-26655]
RemoveTheProduct.c(23): Resource "https://petstore.octoperf.com/images/banner_fish.gif" is in the cache already and will not be downloaded again  	[MsgId: MMSG-26655]
RemoveTheProduct.c(23): Registered web_reg_find successful for "Text=Your cart is empty." (count=1)  	[MsgId: MMSG-26364]
RemoveTheProduct.c(23): web_link("Remove") was successful, 4202 body bytes, 225 header bytes  	[MsgId: MMSG-26386]
RemoveTheProduct.c(28): Notify: Transaction "PetStore_ClickOnRemove_T02" ended with a "Pass" status (Duration: 0.1265 Wasted Time: 0.0000).	[MsgId: MMSG-16871]
Ending action RemoveTheProduct.	[MsgId: MMSG-15918]
Ending iteration 3.	[MsgId: MMSG-15965]
Waiting 5.2410 seconds for iteration pacing.	[MsgId: MMSG-15996]
AddToCard.c(27): Resource "https://petstore.octoperf.com/css/jpetstore.css" is in the cache already and will not be downloaded again  	[MsgId: MMSG-26655]
AddToCard.c(27): Resource "https://petstore.octoperf.com/images/logo-topbar.svg" is in the cache already and will not be downloaded again  	[MsgId: MMSG-26655]
AddToCard.c(27): Resource "https://petstore.octoperf.com/images/cart.gif" is in the cache already and will not be downloaded again  	[MsgId: MMSG-26655]
AddToCard.c(27): Resource "https://petstore.octoperf.com/images/separator.gif" is in the cache already and will not be downloaded again  	[MsgId: MMSG-26655]
AddToCard.c(27): Resource "https://petstore.octoperf.com/images/sm_fish.gif" is in the cache already and will not be downloaded again  	[MsgId: MMSG-26655]
AddToCard.c(27): Resource "https://petstore.octoperf.com/images/sm_dogs.gif" is in the cache already and will not be downloaded again  	[MsgId: MMSG-26655]
AddToCard.c(27): Resource "https://petstore.octoperf.com/images/sm_reptiles.gif" is in the cache already and will not be downloaded again  	[MsgId: MMSG-26655]
AddToCard.c(27): Resource "https://petstore.octoperf.com/images/sm_cats.gif" is in the cache already and will not be downloaded again  	[MsgId: MMSG-26655]
AddToCard.c(27): Resource "https://petstore.octoperf.com/images/sm_birds.gif" is in the cache already and will not be downloaded again  	[MsgId: MMSG-26655]
AddToCard.c(27): Resource "https://petstore.octoperf.com/images/banner_fish.gif" is in the cache already and will not be downloaded again  	[MsgId: MMSG-26655]
AddToCard.c(27): Notify: Saving Parameter "productId_1 = RP-SN-01".	[MsgId: MMSG-13798]
AddToCard.c(27): Notify: Saving Parameter "productId_2 = RP-LI-02".	[MsgId: MMSG-13798]
AddToCard.c(27): Notify: Saving Parameter "productId_count = 2".	[MsgId: MMSG-13798]
AddToCard.c(27): Registered web_reg_find successful for "Text=REPTILES" (count=1)  	[MsgId: MMSG-26364]
AddToCard.c(27): web_url("Catalog.action_2") was successful, 3627 body bytes, 225 header bytes  	[MsgId: MMSG-26386]
AddToCard.c(36): Notify: Transaction "PetStore_AddAproduct_T01" ended with a "Pass" status (Duration: 0.2942 Wasted Time: 0.0002).	[MsgId: MMSG-16871]
AddToCard.c(38): lr_think_time: 3.28 seconds (recorded think time was 5.00 seconds).	[MsgId: MMSG-15947]
Registration.c(29): Notify: Transaction "PetStore_ClickOnSignIn_T02" started.	[MsgId: MMSG-16999]
Registration.c(31): web_reg_find started  	[MsgId: MMSG-26355]
Registration.c(31): Registering web_reg_find was successful  	[MsgId: MMSG-26390]
Registration.c(34): web_link("Sign In") started  	[MsgId: MMSG-26355]
Registration.c(34): Linking to "https://petstore.octoperf.com/actions/Account.action;jsessionid=20A488BAD7827D3FC633691657B9A02C?signonForm=", Target Frame=""  	[MsgId: MMSG-27994]
AddToCard.c(88): Notify: Transaction "PetStore_AddToCard_T04" started.	[MsgId: MMSG-16999]
AddToCard.c(90): web_reg_find started  	[MsgId: MMSG-26355]
AddToCard.c(90): Registering web_reg_find was successful  	[MsgId: MMSG-26390]
AddToCard.c(94): web_link("Add to Cart") started  	[MsgId: MMSG-26355]
AddToCard.c(94): Linking to "https://petstore.octoperf.com/actions/Cart.action?addItemToCart=&workingItemId=EST-15", Target Frame=""  	[MsgId: MMSG-27994]
Registration.c(43): Notify: Transaction "PetStore_ClickOnRegistration_T03" started.	[MsgId: MMSG-16999]
Registration.c(45): web_reg_find started  	[MsgId: MMSG-26355]
Registration.c(45): Registering web_reg_find was successful  	[MsgId: MMSG-26390]
Registration.c(48): web_link("Register Now!") started  	[MsgId: MMSG-26355]
Registration.c(48): Linking to "https://petstore.octoperf.com/actions/Account.action?newAccountForm=", Target Frame=""  	[MsgId: MMSG-27994]
Registration.c(34): Resource "https://petstore.octoperf.com/css/jpetstore.css" is in the cache already and will not be downloaded again  	[MsgId: MMSG-26655]
Registration.c(34): Resource "https://petstore.octoperf.com/images/logo-topbar.svg" is in the cache already and will not be downloaded again  	[MsgId: MMSG-26655]
Registration.c(34): Resource "https://petstore.octoperf.com/images/cart.gif" is in the cache already and will not be downloaded again  	[MsgId: MMSG-26655]
Registration.c(34): Resource "https://petstore.octoperf.com/images/separator.gif" is in the cache already and will not be downloaded again  	[MsgId: MMSG-26655]
Registration.c(34): Resource "https://petstore.octoperf.com/images/sm_fish.gif" is in the cache already and will not be downloaded again  	[MsgId: MMSG-26655]
Registration.c(34): Resource "https://petstore.octoperf.com/images/sm_dogs.gif" is in the cache already and will not be downloaded again  	[MsgId: MMSG-26655]
Registration.c(34): Resource "https://petstore.octoperf.com/images/sm_reptiles.gif" is in the cache already and will not be downloaded again  	[MsgId: MMSG-26655]
Registration.c(34): Resource "https://petstore.octoperf.com/images/sm_cats.gif" is in the cache already and will not be downloaded again  	[MsgId: MMSG-26655]
Registration.c(34): Resource "https://petstore.octoperf.com/images/sm_birds.gif" is in the cache already and will not be downloaded again  	[MsgId: MMSG-26655]
Registration.c(34): Registered web_reg_find successful for "Text=Please enter your username and password" (count=1)  	[MsgId: MMSG-26364]
Registration.c(34): web_link("Sign In") was successful, 3856 body bytes, 225 header bytes  	[MsgId: MMSG-26386]
Registration.c(39): Notify: Transaction "PetStore_ClickOnSignIn_T02" ended with a "Pass" status (Duration: 0.1272 Wasted Time: 0.0000).	[MsgId: MMSG-16871]
Registration.c(41): lr_think_time: 2.51 seconds (recorded think time was 5.00 seconds).	[MsgId: MMSG-15947]
AddToCard.c(94): Resource "https://petstore.octoperf.com/css/jpetstore.css" is in the cache already and will not be downloaded again  	[MsgId: MMSG-26655]
AddToCard.c(94): Resource "https://petstore.octoperf.com/images/logo-topbar.svg" is in the cache already and will not be downloaded again  	[MsgId: MMSG-26655]
AddToCard.c(94): Resource "https://petstore.octoperf.com/images/cart.gif" is in the cache already and will not be downloaded again  	[MsgId: MMSG-26655]
AddToCard.c(94): Resource "https://petstore.octoperf.com/images/separator.gif" is in the cache already and will not be downloaded again  	[MsgId: MMSG-26655]
AddToCard.c(94): Resource "https://petstore.octoperf.com/images/sm_fish.gif" is in the cache already and will not be downloaded again  	[MsgId: MMSG-26655]
AddToCard.c(94): Resource "https://petstore.octoperf.com/images/sm_dogs.gif" is in the cache already and will not be downloaded again  	[MsgId: MMSG-26655]
AddToCard.c(94): Resource "https://petstore.octoperf.com/images/sm_reptiles.gif" is in the cache already and will not be downloaded again  	[MsgId: MMSG-26655]
AddToCard.c(94): Resource "https://petstore.octoperf.com/images/sm_cats.gif" is in the cache already and will not be downloaded again  	[MsgId: MMSG-26655]
AddToCard.c(94): Resource "https://petstore.octoperf.com/images/sm_birds.gif" is in the cache already and will not be downloaded again  	[MsgId: MMSG-26655]
AddToCard.c(94): Resource "https://petstore.octoperf.com/images/banner_fish.gif" is in the cache already and will not be downloaded again  	[MsgId: MMSG-26655]
AddToCard.c(94): Registered web_reg_find successful for "Text=Shopping Cart" (count=1)  	[MsgId: MMSG-26364]
AddToCard.c(94): web_link("Add to Cart") was successful, 4631 body bytes, 225 header bytes  	[MsgId: MMSG-26386]
AddToCard.c(99): Notify: Transaction "PetStore_AddToCard_T04" ended with a "Pass" status (Duration: 0.1301 Wasted Time: 0.0000).	[MsgId: MMSG-16871]
RemoveTheProduct.c(7): Notify: Transaction "PetStore_ClickOnViewCartR_T01" started.	[MsgId: MMSG-16999]
RemoveTheProduct.c(8): web_reg_find started  	[MsgId: MMSG-26355]
RemoveTheProduct.c(8): Registering web_reg_find was successful  	[MsgId: MMSG-26390]
RemoveTheProduct.c(10): web_image("cart.gif") started  	[MsgId: MMSG-26355]
RemoveTheProduct.c(10): Image-linking to "https://petstore.octoperf.com/actions/Cart.action?viewCart=", Target Frame=""  	[MsgId: MMSG-27993]
Registration.c(48): Resource "https://petstore.octoperf.com/css/jpetstore.css" is in the cache already and will not be downloaded again  	[MsgId: MMSG-26655]
Registration.c(48): Resource "https://petstore.octoperf.com/images/logo-topbar.svg" is in the cache already and will not be downloaded again  	[MsgId: MMSG-26655]
Registration.c(48): Resource "https://petstore.octoperf.com/images/cart.gif" is in the cache already and will not be downloaded again  	[MsgId: MMSG-26655]
Registration.c(48): Resource "https://petstore.octoperf.com/images/separator.gif" is in the cache already and will not be downloaded again  	[MsgId: MMSG-26655]
Registration.c(48): Resource "https://petstore.octoperf.com/images/sm_fish.gif" is in the cache already and will not be downloaded again  	[MsgId: MMSG-26655]
Registration.c(48): Resource "https://petstore.octoperf.com/images/sm_dogs.gif" is in the cache already and will not be downloaded again  	[MsgId: MMSG-26655]
Registration.c(48): Resource "https://petstore.octoperf.com/images/sm_reptiles.gif" is in the cache already and will not be downloaded again  	[MsgId: MMSG-26655]
Registration.c(48): Resource "https://petstore.octoperf.com/images/sm_cats.gif" is in the cache already and will not be downloaded again  	[MsgId: MMSG-26655]
Registration.c(48): Resource "https://petstore.octoperf.com/images/sm_birds.gif" is in the cache already and will not be downloaded again  	[MsgId: MMSG-26655]
Registration.c(48): Registered web_reg_find successful for "Text=User Information" (count=1)  	[MsgId: MMSG-26364]
Registration.c(48): web_link("Register Now!") was successful, 5821 body bytes, 225 header bytes  	[MsgId: MMSG-26386]
Registration.c(53): Notify: Transaction "PetStore_ClickOnRegistration_T03" ended with a "Pass" status (Duration: 0.1282 Wasted Time: 0.0000).	[MsgId: MMSG-16871]
Registration.c(55): lr_think_time: 4.96 seconds (recorded think time was 5.00 seconds).	[MsgId: MMSG-15947]
AddToCard.c(40): Notify: Transaction "PetStore_SelectProductId_T02" started.	[MsgId: MMSG-16999]
AddToCard.c(43): Notify: Parameter Substitution: parameter "productId_count" =  "2"	[MsgId: MMSG-13992]
AddToCard.c(44): Notify: Parameter Substitution: parameter "productId_1" =  "AV-CB-01"	[MsgId: MMSG-13992]
AddToCard.c(46): Notify: Saving Parameter "RandproductId = AV-CB-01".	[MsgId: MMSG-13798]
AddToCard.c(47): Notify: Parameter Substitution: parameter "RandproductId" =  "AV-CB-01"	[MsgId: MMSG-13992]
AddToCard.c(47): Random category selected in Action2 = AV-CB-01	[MsgId: MMSG-17999]
AddToCard.c(49): web_reg_find started  	[MsgId: MMSG-26355]
AddToCard.c(49): Notify: Parameter Substitution: parameter "RandproductId" =  "AV-CB-01"	[MsgId: MMSG-13992]
AddToCard.c(49): Registering web_reg_find was successful  	[MsgId: MMSG-26390]
AddToCard.c(51): web_reg_save_param_regexp started  	[MsgId: MMSG-26355]
AddToCard.c(51): Registering web_reg_save_param_regexp was successful  	[MsgId: MMSG-26390]
AddToCard.c(58): web_link("{RandproductId}") started  	[MsgId: MMSG-26355]
AddToCard.c(58): Notify: Parameter Substitution: parameter "RandproductId" =  "AV-CB-01"	[MsgId: MMSG-13992]
AddToCard.c(58): Linking to "https://petstore.octoperf.com/actions/Catalog.action?viewProduct=&productId=AV-CB-01", Target Frame=""  	[MsgId: MMSG-27994]
RemoveTheProduct.c(10): Resource "https://petstore.octoperf.com/css/jpetstore.css" is in the cache already and will not be downloaded again  	[MsgId: MMSG-26655]
RemoveTheProduct.c(10): Resource "https://petstore.octoperf.com/images/logo-topbar.svg" is in the cache already and will not be downloaded again  	[MsgId: MMSG-26655]
RemoveTheProduct.c(10): Resource "https://petstore.octoperf.com/images/cart.gif" is in the cache already and will not be downloaded again  	[MsgId: MMSG-26655]
RemoveTheProduct.c(10): Resource "https://petstore.octoperf.com/images/separator.gif" is in the cache already and will not be downloaded again  	[MsgId: MMSG-26655]
RemoveTheProduct.c(10): Resource "https://petstore.octoperf.com/images/sm_fish.gif" is in the cache already and will not be downloaded again  	[MsgId: MMSG-26655]
RemoveTheProduct.c(10): Resource "https://petstore.octoperf.com/images/sm_dogs.gif" is in the cache already and will not be downloaded again  	[MsgId: MMSG-26655]
RemoveTheProduct.c(10): Resource "https://petstore.octoperf.com/images/sm_reptiles.gif" is in the cache already and will not be downloaded again  	[MsgId: MMSG-26655]
RemoveTheProduct.c(10): Resource "https://petstore.octoperf.com/images/sm_cats.gif" is in the cache already and will not be downloaded again  	[MsgId: MMSG-26655]
RemoveTheProduct.c(10): Resource "https://petstore.octoperf.com/images/sm_birds.gif" is in the cache already and will not be downloaded again  	[MsgId: MMSG-26655]
RemoveTheProduct.c(10): Resource "https://petstore.octoperf.com/images/banner_fish.gif" is in the cache already and will not be downloaded again  	[MsgId: MMSG-26655]
RemoveTheProduct.c(10): Registered web_reg_find successful for "Text=Shopping Cart" (count=1)  	[MsgId: MMSG-26364]
RemoveTheProduct.c(10): web_image("cart.gif") was successful, 4631 body bytes, 225 header bytes  	[MsgId: MMSG-26386]
RemoveTheProduct.c(14): Notify: Transaction "PetStore_ClickOnViewCartR_T01" ended with a "Pass" status (Duration: 0.1298 Wasted Time: 0.0000).	[MsgId: MMSG-16871]
RemoveTheProduct.c(16): lr_think_time: 4.23 seconds (recorded think time was 5.00 seconds).	[MsgId: MMSG-15947]
AddToCard.c(58): Resource "https://petstore.octoperf.com/css/jpetstore.css" is in the cache already and will not be downloaded again  	[MsgId: MMSG-26655]
AddToCard.c(58): Resource "https://petstore.octoperf.com/images/logo-topbar.svg" is in the cache already and will not be downloaded again  	[MsgId: MMSG-26655]
AddToCard.c(58): Resource "https://petstore.octoperf.com/images/cart.gif" is in the cache already and will not be downloaded again  	[MsgId: MMSG-26655]
AddToCard.c(58): Resource "https://petstore.octoperf.com/images/separator.gif" is in the cache already and will not be downloaded again  	[MsgId: MMSG-26655]
AddToCard.c(58): Resource "https://petstore.octoperf.com/images/sm_fish.gif" is in the cache already and will not be downloaded again  	[MsgId: MMSG-26655]
AddToCard.c(58): Resource "https://petstore.octoperf.com/images/sm_dogs.gif" is in the cache already and will not be downloaded again  	[MsgId: MMSG-26655]
AddToCard.c(58): Resource "https://petstore.octoperf.com/images/sm_reptiles.gif" is in the cache already and will not be downloaded again  	[MsgId: MMSG-26655]
AddToCard.c(58): Resource "https://petstore.octoperf.com/images/sm_cats.gif" is in the cache already and will not be downloaded again  	[MsgId: MMSG-26655]
AddToCard.c(58): Resource "https://petstore.octoperf.com/images/sm_birds.gif" is in the cache already and will not be downloaded again  	[MsgId: MMSG-26655]
AddToCard.c(58): Resource "https://petstore.octoperf.com/images/banner_fish.gif" is in the cache already and will not be downloaded again  	[MsgId: MMSG-26655]
AddToCard.c(58): Notify: Saving Parameter "itemId_1 = EST-18".	[MsgId: MMSG-13798]
AddToCard.c(58): Notify: Saving Parameter "itemId_count = 1".	[MsgId: MMSG-13798]
AddToCard.c(58): Registered web_reg_find successful for "Text=AV-CB-01" (count=1)  	[MsgId: MMSG-26364]
AddToCard.c(58): web_link("{RandproductId}") was successful, 3795 body bytes, 225 header bytes  	[MsgId: MMSG-26386]
AddToCard.c(63): Notify: Transaction "PetStore_SelectProductId_T02" ended with a "Pass" status (Duration: 0.1278 Wasted Time: 0.0003).	[MsgId: MMSG-16871]
AddToCard.c(65): lr_think_time: 4.16 seconds (recorded think time was 5.00 seconds).	[MsgId: MMSG-15947]
Registration.c(57): Notify: Transaction "PetStore_SubmitRegistration_T04" started.	[MsgId: MMSG-16999]
Registration.c(59): web_reg_find started  	[MsgId: MMSG-26355]
Registration.c(59): Registering web_reg_find was successful  	[MsgId: MMSG-26390]
Registration.c(66): Notify: Saving Parameter "randomUsername = PJEI".	[MsgId: MMSG-13798]
Registration.c(72): Notify: Saving Parameter "randompass = eggo".	[MsgId: MMSG-13798]
Registration.c(86): Notify: Saving Parameter "randomFirstName = kieck".	[MsgId: MMSG-13798]
Registration.c(87): Notify: Saving Parameter "randomLastName = zmdsk".	[MsgId: MMSG-13798]
Registration.c(99): Notify: Saving Parameter "RandomPhone = :617507104".	[MsgId: MMSG-13798]
Registration.c(108): Notify: Saving Parameter "RandomZip = 694285".	[MsgId: MMSG-13798]
Registration.c(111): web_submit_form("Account.action") started  	[MsgId: MMSG-26355]
Registration.c(111): Notify: Parameter Substitution: parameter "randomUsername" =  "PJEI"	[MsgId: MMSG-13992]
Registration.c(111): Notify: Parameter Substitution: parameter "randompass" =  "eggo"	[MsgId: MMSG-13992]
Registration.c(111): Notify: Parameter Substitution: parameter "randompass" =  "eggo"	[MsgId: MMSG-13992]
Registration.c(111): Notify: Parameter Substitution: parameter "randomFirstName" =  "kieck"	[MsgId: MMSG-13992]
Registration.c(111): Notify: Parameter Substitution: parameter "randomLastName" =  "zmdsk"	[MsgId: MMSG-13992]
Registration.c(111): Notify: Parameter Substitution: parameter "randomFirstName" =  "kieck"	[MsgId: MMSG-13992]
Registration.c(111): Notify: Parameter Substitution: parameter "randomLastName" =  "zmdsk"	[MsgId: MMSG-13992]
Registration.c(111): Notify: Parameter Substitution: parameter "RandomPhone" =  ":617507104"	[MsgId: MMSG-13992]
Registration.c(111): Notify: Parameter Substitution: parameter "RandomZip" =  "694285"	[MsgId: MMSG-13992]
Registration.c(111): Submitting form to "https://petstore.octoperf.com/actions/Account.action", Target Frame=""  	[MsgId: MMSG-27978]
Registration.c(111): Redirecting "https://petstore.octoperf.com/actions/Account.action" (redirection depth is 0)  	[MsgId: MMSG-26694]
Registration.c(111): To location "https://petstore.octoperf.com/actions/Catalog.action"  	[MsgId: MMSG-26693]
Registration.c(111): Resource "https://petstore.octoperf.com/css/jpetstore.css" is in the cache already and will not be downloaded again  	[MsgId: MMSG-26655]
Registration.c(111): Resource "https://petstore.octoperf.com/images/logo-topbar.svg" is in the cache already and will not be downloaded again  	[MsgId: MMSG-26655]
Registration.c(111): Resource "https://petstore.octoperf.com/images/cart.gif" is in the cache already and will not be downloaded again  	[MsgId: MMSG-26655]
Registration.c(111): Resource "https://petstore.octoperf.com/images/separator.gif" is in the cache already and will not be downloaded again  	[MsgId: MMSG-26655]
Registration.c(111): Resource "https://petstore.octoperf.com/images/sm_fish.gif" is in the cache already and will not be downloaded again  	[MsgId: MMSG-26655]
Registration.c(111): Resource "https://petstore.octoperf.com/images/sm_dogs.gif" is in the cache already and will not be downloaded again  	[MsgId: MMSG-26655]
Registration.c(111): Resource "https://petstore.octoperf.com/images/sm_reptiles.gif" is in the cache already and will not be downloaded again  	[MsgId: MMSG-26655]
Registration.c(111): Resource "https://petstore.octoperf.com/images/sm_cats.gif" is in the cache already and will not be downloaded again  	[MsgId: MMSG-26655]
Registration.c(111): Resource "https://petstore.octoperf.com/images/sm_birds.gif" is in the cache already and will not be downloaded again  	[MsgId: MMSG-26655]
Registration.c(111): Resource "https://petstore.octoperf.com/images/fish_icon.gif" is in the cache already and will not be downloaded again  	[MsgId: MMSG-26655]
Registration.c(111): Resource "https://petstore.octoperf.com/images/dogs_icon.gif" is in the cache already and will not be downloaded again  	[MsgId: MMSG-26655]
Registration.c(111): Resource "https://petstore.octoperf.com/images/cats_icon.gif" is in the cache already and will not be downloaded again  	[MsgId: MMSG-26655]
Registration.c(111): Resource "https://petstore.octoperf.com/images/reptiles_icon.gif" is in the cache already and will not be downloaded again  	[MsgId: MMSG-26655]
Registration.c(111): Resource "https://petstore.octoperf.com/images/birds_icon.gif" is in the cache already and will not be downloaded again  	[MsgId: MMSG-26655]
Registration.c(111): Resource "https://petstore.octoperf.com/images/splash.gif" is in the cache already and will not be downloaded again  	[MsgId: MMSG-26655]
Registration.c(111): Registered web_reg_find successful for "Text=Elevate you load-testing" (count=1)  	[MsgId: MMSG-26364]
Registration.c(111): web_submit_form("Account.action") was successful, 4736 body bytes, 443 header bytes  	[MsgId: MMSG-26386]
Registration.c(133): Notify: Transaction "PetStore_SubmitRegistration_T04" ended with a "Pass" status (Duration: 0.3807 Wasted Time: 0.0000).	[MsgId: MMSG-16871]
Registration.c(135): lr_think_time: 3.35 seconds (recorded think time was 5.00 seconds).	[MsgId: MMSG-15947]
Registration.c(57): Notify: Transaction "PetStore_SubmitRegistration_T04" started.	[MsgId: MMSG-16999]
Registration.c(59): web_reg_find started  	[MsgId: MMSG-26355]
Registration.c(59): Registering web_reg_find was successful  	[MsgId: MMSG-26390]
Registration.c(66): Notify: Saving Parameter "randomUsername = JNBV".	[MsgId: MMSG-13798]
Registration.c(72): Notify: Saving Parameter "randompass = bwkq".	[MsgId: MMSG-13798]
Registration.c(86): Notify: Saving Parameter "randomFirstName = lpcuy".	[MsgId: MMSG-13798]
Registration.c(87): Notify: Saving Parameter "randomLastName = smfkh".	[MsgId: MMSG-13798]
Registration.c(99): Notify: Saving Parameter "RandomPhone = 9064155844".	[MsgId: MMSG-13798]
Registration.c(108): Notify: Saving Parameter "RandomZip = 711235".	[MsgId: MMSG-13798]
Registration.c(111): web_submit_form("Account.action") started  	[MsgId: MMSG-26355]
Registration.c(111): Notify: Parameter Substitution: parameter "randomUsername" =  "JNBV"	[MsgId: MMSG-13992]
Registration.c(111): Notify: Parameter Substitution: parameter "randompass" =  "bwkq"	[MsgId: MMSG-13992]
Registration.c(111): Notify: Parameter Substitution: parameter "randompass" =  "bwkq"	[MsgId: MMSG-13992]
Registration.c(111): Notify: Parameter Substitution: parameter "randomFirstName" =  "lpcuy"	[MsgId: MMSG-13992]
Registration.c(111): Notify: Parameter Substitution: parameter "randomLastName" =  "smfkh"	[MsgId: MMSG-13992]
Registration.c(111): Notify: Parameter Substitution: parameter "randomFirstName" =  "lpcuy"	[MsgId: MMSG-13992]
Registration.c(111): Notify: Parameter Substitution: parameter "randomLastName" =  "smfkh"	[MsgId: MMSG-13992]
Registration.c(111): Notify: Parameter Substitution: parameter "RandomPhone" =  "9064155844"	[MsgId: MMSG-13992]
Registration.c(111): Notify: Parameter Substitution: parameter "RandomZip" =  "711235"	[MsgId: MMSG-13992]
Registration.c(111): Submitting form to "https://petstore.octoperf.com/actions/Account.action", Target Frame=""  	[MsgId: MMSG-27978]
Registration.c(111): Redirecting "https://petstore.octoperf.com/actions/Account.action" (redirection depth is 0)  	[MsgId: MMSG-26694]
Registration.c(111): To location "https://petstore.octoperf.com/actions/Catalog.action"  	[MsgId: MMSG-26693]
Registration.c(111): Resource "https://petstore.octoperf.com/css/jpetstore.css" is in the cache already and will not be downloaded again  	[MsgId: MMSG-26655]
Registration.c(111): Resource "https://petstore.octoperf.com/images/logo-topbar.svg" is in the cache already and will not be downloaded again  	[MsgId: MMSG-26655]
Registration.c(111): Resource "https://petstore.octoperf.com/images/cart.gif" is in the cache already and will not be downloaded again  	[MsgId: MMSG-26655]
Registration.c(111): Resource "https://petstore.octoperf.com/images/separator.gif" is in the cache already and will not be downloaded again  	[MsgId: MMSG-26655]
Registration.c(111): Resource "https://petstore.octoperf.com/images/sm_fish.gif" is in the cache already and will not be downloaded again  	[MsgId: MMSG-26655]
Registration.c(111): Resource "https://petstore.octoperf.com/images/sm_dogs.gif" is in the cache already and will not be downloaded again  	[MsgId: MMSG-26655]
Registration.c(111): Resource "https://petstore.octoperf.com/images/sm_reptiles.gif" is in the cache already and will not be downloaded again  	[MsgId: MMSG-26655]
Registration.c(111): Resource "https://petstore.octoperf.com/images/sm_cats.gif" is in the cache already and will not be downloaded again  	[MsgId: MMSG-26655]
Registration.c(111): Resource "https://petstore.octoperf.com/images/sm_birds.gif" is in the cache already and will not be downloaded again  	[MsgId: MMSG-26655]
Registration.c(111): Resource "https://petstore.octoperf.com/images/fish_icon.gif" is in the cache already and will not be downloaded again  	[MsgId: MMSG-26655]
Registration.c(111): Resource "https://petstore.octoperf.com/images/dogs_icon.gif" is in the cache already and will not be downloaded again  	[MsgId: MMSG-26655]
Registration.c(111): Resource "https://petstore.octoperf.com/images/cats_icon.gif" is in the cache already and will not be downloaded again  	[MsgId: MMSG-26655]
Registration.c(111): Resource "https://petstore.octoperf.com/images/reptiles_icon.gif" is in the cache already and will not be downloaded again  	[MsgId: MMSG-26655]
Registration.c(111): Resource "https://petstore.octoperf.com/images/birds_icon.gif" is in the cache already and will not be downloaded again  	[MsgId: MMSG-26655]
Registration.c(111): Resource "https://petstore.octoperf.com/images/splash.gif" is in the cache already and will not be downloaded again  	[MsgId: MMSG-26655]
Registration.c(111): Registered web_reg_find successful for "Text=Elevate you load-testing" (count=1)  	[MsgId: MMSG-26364]
Registration.c(111): web_submit_form("Account.action") was successful, 4736 body bytes, 443 header bytes  	[MsgId: MMSG-26386]
Registration.c(133): Notify: Transaction "PetStore_SubmitRegistration_T04" ended with a "Pass" status (Duration: 0.3752 Wasted Time: 0.0000).	[MsgId: MMSG-16871]
Registration.c(135): lr_think_time: 2.80 seconds (recorded think time was 5.00 seconds).	[MsgId: MMSG-15947]
Registration.c(43): Notify: Transaction "PetStore_ClickOnRegistration_T03" started.	[MsgId: MMSG-16999]
Registration.c(45): web_reg_find started  	[MsgId: MMSG-26355]
Registration.c(45): Registering web_reg_find was successful  	[MsgId: MMSG-26390]
Registration.c(48): web_link("Register Now!") started  	[MsgId: MMSG-26355]
Registration.c(48): Linking to "https://petstore.octoperf.com/actions/Account.action?newAccountForm=", Target Frame=""  	[MsgId: MMSG-27994]
AddToCard.c(40): Notify: Transaction "PetStore_SelectProductId_T02" started.	[MsgId: MMSG-16999]
AddToCard.c(43): Notify: Parameter Substitution: parameter "productId_count" =  "2"	[MsgId: MMSG-13992]
AddToCard.c(44): Notify: Parameter Substitution: parameter "productId_2" =  "RP-LI-02"	[MsgId: MMSG-13992]
AddToCard.c(46): Notify: Saving Parameter "RandproductId = RP-LI-02".	[MsgId: MMSG-13798]
AddToCard.c(47): Notify: Parameter Substitution: parameter "RandproductId" =  "RP-LI-02"	[MsgId: MMSG-13992]
AddToCard.c(47): Random category selected in Action2 = RP-LI-02	[MsgId: MMSG-17999]
AddToCard.c(49): web_reg_find started  	[MsgId: MMSG-26355]
AddToCard.c(49): Notify: Parameter Substitution: parameter "RandproductId" =  "RP-LI-02"	[MsgId: MMSG-13992]
AddToCard.c(49): Registering web_reg_find was successful  	[MsgId: MMSG-26390]
AddToCard.c(51): web_reg_save_param_regexp started  	[MsgId: MMSG-26355]
AddToCard.c(51): Registering web_reg_save_param_regexp was successful  	[MsgId: MMSG-26390]
AddToCard.c(58): web_link("{RandproductId}") started  	[MsgId: MMSG-26355]
AddToCard.c(58): Notify: Parameter Substitution: parameter "RandproductId" =  "RP-LI-02"	[MsgId: MMSG-13992]
AddToCard.c(58): Linking to "https://petstore.octoperf.com/actions/Catalog.action?viewProduct=&productId=RP-LI-02", Target Frame=""  	[MsgId: MMSG-27994]
Registration.c(48): Resource "https://petstore.octoperf.com/css/jpetstore.css" is in the cache already and will not be downloaded again  	[MsgId: MMSG-26655]
Registration.c(48): Resource "https://petstore.octoperf.com/images/logo-topbar.svg" is in the cache already and will not be downloaded again  	[MsgId: MMSG-26655]
Registration.c(48): Resource "https://petstore.octoperf.com/images/cart.gif" is in the cache already and will not be downloaded again  	[MsgId: MMSG-26655]
Registration.c(48): Resource "https://petstore.octoperf.com/images/separator.gif" is in the cache already and will not be downloaded again  	[MsgId: MMSG-26655]
Registration.c(48): Resource "https://petstore.octoperf.com/images/sm_fish.gif" is in the cache already and will not be downloaded again  	[MsgId: MMSG-26655]
Registration.c(48): Resource "https://petstore.octoperf.com/images/sm_dogs.gif" is in the cache already and will not be downloaded again  	[MsgId: MMSG-26655]
Registration.c(48): Resource "https://petstore.octoperf.com/images/sm_reptiles.gif" is in the cache already and will not be downloaded again  	[MsgId: MMSG-26655]
Registration.c(48): Resource "https://petstore.octoperf.com/images/sm_cats.gif" is in the cache already and will not be downloaded again  	[MsgId: MMSG-26655]
Registration.c(48): Resource "https://petstore.octoperf.com/images/sm_birds.gif" is in the cache already and will not be downloaded again  	[MsgId: MMSG-26655]
Registration.c(48): Registered web_reg_find successful for "Text=User Information" (count=1)  	[MsgId: MMSG-26364]
Registration.c(48): web_link("Register Now!") was successful, 5823 body bytes, 225 header bytes  	[MsgId: MMSG-26386]
Registration.c(53): Notify: Transaction "PetStore_ClickOnRegistration_T03" ended with a "Pass" status (Duration: 0.1277 Wasted Time: 0.0000).	[MsgId: MMSG-16871]
Registration.c(55): lr_think_time: 4.08 seconds (recorded think time was 5.00 seconds).	[MsgId: MMSG-15947]
AddToCard.c(58): Resource "https://petstore.octoperf.com/css/jpetstore.css" is in the cache already and will not be downloaded again  	[MsgId: MMSG-26655]
AddToCard.c(58): Resource "https://petstore.octoperf.com/images/logo-topbar.svg" is in the cache already and will not be downloaded again  	[MsgId: MMSG-26655]
AddToCard.c(58): Resource "https://petstore.octoperf.com/images/cart.gif" is in the cache already and will not be downloaded again  	[MsgId: MMSG-26655]
AddToCard.c(58): Resource "https://petstore.octoperf.com/images/separator.gif" is in the cache already and will not be downloaded again  	[MsgId: MMSG-26655]
AddToCard.c(58): Resource "https://petstore.octoperf.com/images/sm_fish.gif" is in the cache already and will not be downloaded again  	[MsgId: MMSG-26655]
AddToCard.c(58): Resource "https://petstore.octoperf.com/images/sm_dogs.gif" is in the cache already and will not be downloaded again  	[MsgId: MMSG-26655]
AddToCard.c(58): Resource "https://petstore.octoperf.com/images/sm_reptiles.gif" is in the cache already and will not be downloaded again  	[MsgId: MMSG-26655]
AddToCard.c(58): Resource "https://petstore.octoperf.com/images/sm_cats.gif" is in the cache already and will not be downloaded again  	[MsgId: MMSG-26655]
AddToCard.c(58): Resource "https://petstore.octoperf.com/images/sm_birds.gif" is in the cache already and will not be downloaded again  	[MsgId: MMSG-26655]
AddToCard.c(58): Resource "https://petstore.octoperf.com/images/banner_fish.gif" is in the cache already and will not be downloaded again  	[MsgId: MMSG-26655]
AddToCard.c(58): Notify: Saving Parameter "itemId_1 = EST-13".	[MsgId: MMSG-13798]
AddToCard.c(58): Notify: Saving Parameter "itemId_count = 1".	[MsgId: MMSG-13798]
AddToCard.c(58): Registered web_reg_find successful for "Text=RP-LI-02" (count=1)  	[MsgId: MMSG-26364]
AddToCard.c(58): web_link("{RandproductId}") was successful, 3787 body bytes, 225 header bytes  	[MsgId: MMSG-26386]
AddToCard.c(63): Notify: Transaction "PetStore_SelectProductId_T02" ended with a "Pass" status (Duration: 0.1276 Wasted Time: 0.0005).	[MsgId: MMSG-16871]
AddToCard.c(65): lr_think_time: 4.83 seconds (recorded think time was 5.00 seconds).	[MsgId: MMSG-15947]
Starting iteration 4.	[MsgId: MMSG-15968]
Notify: Next row for parameter UserName = 1 [table  = UserName].	[MsgId: MMSG-13876]
Notify: Getting new value for parameter 'UserName': table = 'UserName.dat' column = '0' row = '1'.	[MsgId: MMSG-13877]
Notify: Next row for parameter PetStoreEndtoEndFlow_UserName = 1 [table  = PetStoreEndtoEndFlow_UserName].	[MsgId: MMSG-13876]
Notify: Getting new value for parameter 'PetStoreEndtoEndFlow_UserName': table = 'UserCredentilas1.dat' column = '0' row = '1'.	[MsgId: MMSG-13877]
Notify: Next row for parameter PetStoreEndtoEndFlow_pass = 1 [table  = PetStoreEndtoEndFlow_pass].	[MsgId: MMSG-13876]
Notify: Getting new value for parameter 'PetStoreEndtoEndFlow_pass': table = 'UserCredentilas3.dat' column = '0' row = '1'.	[MsgId: MMSG-13877]
Notify: Next row for parameter pass = 1 [table  = pass].	[MsgId: MMSG-13876]
Notify: Getting new value for parameter 'pass': table = 'UserName.dat' column = '0' row = '1'.	[MsgId: MMSG-13877]
Starting action Login.	[MsgId: MMSG-15919]
Registration.c(13): Notify: Transaction "PetStore_EnterToPetStore_T01" started.	[MsgId: MMSG-16999]
Registration.c(14): web_reg_find started  	[MsgId: MMSG-26355]
Registration.c(14): Registering web_reg_find was successful  	[MsgId: MMSG-26390]
Registration.c(17): web_url("Catalog.action") started  	[MsgId: MMSG-26355]
Registration.c(17): Found resource "https://petstore.octoperf.com/css/jpetstore.css" in HTML "https://petstore.octoperf.com/actions/Catalog.action"  	[MsgId: MMSG-26659]
Registration.c(17): Found resource "https://petstore.octoperf.com/images/logo-topbar.svg" in HTML "https://petstore.octoperf.com/actions/Catalog.action"  	[MsgId: MMSG-26659]
Registration.c(17): Found resource "https://petstore.octoperf.com/images/cart.gif" in HTML "https://petstore.octoperf.com/actions/Catalog.action"  	[MsgId: MMSG-26659]
Registration.c(17): Found resource "https://petstore.octoperf.com/images/separator.gif" in HTML "https://petstore.octoperf.com/actions/Catalog.action"  	[MsgId: MMSG-26659]
Registration.c(17): Found resource "https://petstore.octoperf.com/images/sm_fish.gif" in HTML "https://petstore.octoperf.com/actions/Catalog.action"  	[MsgId: MMSG-26659]
Registration.c(17): Found resource "https://petstore.octoperf.com/images/sm_dogs.gif" in HTML "https://petstore.octoperf.com/actions/Catalog.action"  	[MsgId: MMSG-26659]
Registration.c(17): Found resource "https://petstore.octoperf.com/images/sm_reptiles.gif" in HTML "https://petstore.octoperf.com/actions/Catalog.action"  	[MsgId: MMSG-26659]
Registration.c(17): Found resource "https://petstore.octoperf.com/images/sm_cats.gif" in HTML "https://petstore.octoperf.com/actions/Catalog.action"  	[MsgId: MMSG-26659]
Registration.c(17): Found resource "https://petstore.octoperf.com/images/sm_birds.gif" in HTML "https://petstore.octoperf.com/actions/Catalog.action"  	[MsgId: MMSG-26659]
Registration.c(17): Found resource "https://petstore.octoperf.com/images/fish_icon.gif" in HTML "https://petstore.octoperf.com/actions/Catalog.action"  	[MsgId: MMSG-26659]
Registration.c(17): Found resource "https://petstore.octoperf.com/images/dogs_icon.gif" in HTML "https://petstore.octoperf.com/actions/Catalog.action"  	[MsgId: MMSG-26659]
Registration.c(17): Found resource "https://petstore.octoperf.com/images/cats_icon.gif" in HTML "https://petstore.octoperf.com/actions/Catalog.action"  	[MsgId: MMSG-26659]
Registration.c(17): Found resource "https://petstore.octoperf.com/images/reptiles_icon.gif" in HTML "https://petstore.octoperf.com/actions/Catalog.action"  	[MsgId: MMSG-26659]
Registration.c(17): Found resource "https://petstore.octoperf.com/images/birds_icon.gif" in HTML "https://petstore.octoperf.com/actions/Catalog.action"  	[MsgId: MMSG-26659]
Registration.c(17): Found resource "https://petstore.octoperf.com/images/splash.gif" in HTML "https://petstore.octoperf.com/actions/Catalog.action"  	[MsgId: MMSG-26659]
Registration.c(17): Registered web_reg_find successful for "Text=OctoPerf" (count=1)  	[MsgId: MMSG-26364]
Registration.c(17): web_url("Catalog.action") was successful, 69386 body bytes, 4543 header bytes  	[MsgId: MMSG-26386]
Registration.c(25): Notify: Transaction "PetStore_EnterToPetStore_T01" ended with a "Pass" status (Duration: 1.1885 Wasted Time: 0.0002).	[MsgId: MMSG-16871]
Registration.c(27): lr_think_time: 3.76 seconds (recorded think time was 5.00 seconds).	[MsgId: MMSG-15947]
Registration.c(137): Notify: Transaction "PetStore_SignOut_T05" started.	[MsgId: MMSG-16999]
Registration.c(139): web_reg_find started  	[MsgId: MMSG-26355]
Registration.c(139): Registering web_reg_find was successful  	[MsgId: MMSG-26390]
Registration.c(142): web_url("Account.action_2") started  	[MsgId: MMSG-26355]
Registration.c(137): Notify: Transaction "PetStore_SignOut_T05" started.	[MsgId: MMSG-16999]
Registration.c(139): web_reg_find started  	[MsgId: MMSG-26355]
Registration.c(139): Registering web_reg_find was successful  	[MsgId: MMSG-26390]
Registration.c(142): web_url("Account.action_2") started  	[MsgId: MMSG-26355]
AddToCard.c(67): Notify: Transaction "PetStore_SelectItemId_T03" started.	[MsgId: MMSG-16999]
AddToCard.c(71): Notify: Parameter Substitution: parameter "itemId_count" =  "1"	[MsgId: MMSG-13992]
AddToCard.c(72): Notify: Parameter Substitution: parameter "itemId_1" =  "EST-18"	[MsgId: MMSG-13992]
AddToCard.c(74): Notify: Saving Parameter "RanditemId = EST-18".	[MsgId: MMSG-13798]
AddToCard.c(75): Notify: Parameter Substitution: parameter "RanditemId" =  "EST-18"	[MsgId: MMSG-13992]
AddToCard.c(75): Random category selected in Action2 = EST-18	[MsgId: MMSG-17999]
AddToCard.c(77): web_reg_find started  	[MsgId: MMSG-26355]
AddToCard.c(77): Notify: Parameter Substitution: parameter "RanditemId" =  "EST-18"	[MsgId: MMSG-13992]
AddToCard.c(77): Registering web_reg_find was successful  	[MsgId: MMSG-26390]
AddToCard.c(79): web_link("{RanditemId}") started  	[MsgId: MMSG-26355]
AddToCard.c(79): Notify: Parameter Substitution: parameter "RanditemId" =  "EST-18"	[MsgId: MMSG-13992]
AddToCard.c(79): Linking to "https://petstore.octoperf.com/actions/Catalog.action?viewItem=&itemId=EST-18", Target Frame=""  	[MsgId: MMSG-27994]
RemoveTheProduct.c(18): Notify: Transaction "PetStore_ClickOnRemove_T02" started.	[MsgId: MMSG-16999]
RemoveTheProduct.c(20): web_reg_find started  	[MsgId: MMSG-26355]
RemoveTheProduct.c(20): Registering web_reg_find was successful  	[MsgId: MMSG-26390]
RemoveTheProduct.c(23): web_link("Remove") started  	[MsgId: MMSG-26355]
RemoveTheProduct.c(23): Linking to "https://petstore.octoperf.com/actions/Cart.action?removeItemFromCart=&workingItemId=EST-15", Target Frame=""  	[MsgId: MMSG-27994]
Registration.c(142): Redirecting "https://petstore.octoperf.com/actions/Account.action?signoff=" (redirection depth is 0)  	[MsgId: MMSG-26694]
Registration.c(142): To location "https://petstore.octoperf.com/actions/Catalog.action"  	[MsgId: MMSG-26693]
Registration.c(142): Redirecting "https://petstore.octoperf.com/actions/Account.action?signoff=" (redirection depth is 0)  	[MsgId: MMSG-26694]
Registration.c(142): To location "https://petstore.octoperf.com/actions/Catalog.action"  	[MsgId: MMSG-26693]
AddToCard.c(79): Resource "https://petstore.octoperf.com/css/jpetstore.css" is in the cache already and will not be downloaded again  	[MsgId: MMSG-26655]
AddToCard.c(79): Resource "https://petstore.octoperf.com/images/logo-topbar.svg" is in the cache already and will not be downloaded again  	[MsgId: MMSG-26655]
AddToCard.c(79): Resource "https://petstore.octoperf.com/images/cart.gif" is in the cache already and will not be downloaded again  	[MsgId: MMSG-26655]
AddToCard.c(79): Resource "https://petstore.octoperf.com/images/separator.gif" is in the cache already and will not be downloaded again  	[MsgId: MMSG-26655]
AddToCard.c(79): Resource "https://petstore.octoperf.com/images/sm_fish.gif" is in the cache already and will not be downloaded again  	[MsgId: MMSG-26655]
AddToCard.c(79): Resource "https://petstore.octoperf.com/images/sm_dogs.gif" is in the cache already and will not be downloaded again  	[MsgId: MMSG-26655]
AddToCard.c(79): Resource "https://petstore.octoperf.com/images/sm_reptiles.gif" is in the cache already and will not be downloaded again  	[MsgId: MMSG-26655]
AddToCard.c(79): Resource "https://petstore.octoperf.com/images/sm_cats.gif" is in the cache already and will not be downloaded again  	[MsgId: MMSG-26655]
AddToCard.c(79): Resource "https://petstore.octoperf.com/images/sm_birds.gif" is in the cache already and will not be downloaded again  	[MsgId: MMSG-26655]
AddToCard.c(79): Found resource "https://petstore.octoperf.com/images/bird2.gif" in HTML "https://petstore.octoperf.com/actions/Catalog.action?viewItem=&itemId=EST-18"  	[MsgId: MMSG-26659]
AddToCard.c(79): Resource "https://petstore.octoperf.com/images/banner_fish.gif" is in the cache already and will not be downloaded again  	[MsgId: MMSG-26655]
RemoveTheProduct.c(23): Resource "https://petstore.octoperf.com/css/jpetstore.css" is in the cache already and will not be downloaded again  	[MsgId: MMSG-26655]
RemoveTheProduct.c(23): Resource "https://petstore.octoperf.com/images/logo-topbar.svg" is in the cache already and will not be downloaded again  	[MsgId: MMSG-26655]
RemoveTheProduct.c(23): Resource "https://petstore.octoperf.com/images/cart.gif" is in the cache already and will not be downloaded again  	[MsgId: MMSG-26655]
RemoveTheProduct.c(23): Resource "https://petstore.octoperf.com/images/separator.gif" is in the cache already and will not be downloaded again  	[MsgId: MMSG-26655]
RemoveTheProduct.c(23): Resource "https://petstore.octoperf.com/images/sm_fish.gif" is in the cache already and will not be downloaded again  	[MsgId: MMSG-26655]
RemoveTheProduct.c(23): Resource "https://petstore.octoperf.com/images/sm_dogs.gif" is in the cache already and will not be downloaded again  	[MsgId: MMSG-26655]
RemoveTheProduct.c(23): Resource "https://petstore.octoperf.com/images/sm_reptiles.gif" is in the cache already and will not be downloaded again  	[MsgId: MMSG-26655]
RemoveTheProduct.c(23): Resource "https://petstore.octoperf.com/images/sm_cats.gif" is in the cache already and will not be downloaded again  	[MsgId: MMSG-26655]
RemoveTheProduct.c(23): Resource "https://petstore.octoperf.com/images/sm_birds.gif" is in the cache already and will not be downloaded again  	[MsgId: MMSG-26655]
RemoveTheProduct.c(23): Resource "https://petstore.octoperf.com/images/banner_fish.gif" is in the cache already and will not be downloaded again  	[MsgId: MMSG-26655]
RemoveTheProduct.c(23): Registered web_reg_find successful for "Text=Your cart is empty." (count=1)  	[MsgId: MMSG-26364]
RemoveTheProduct.c(23): web_link("Remove") was successful, 4202 body bytes, 225 header bytes  	[MsgId: MMSG-26386]
RemoveTheProduct.c(28): Notify: Transaction "PetStore_ClickOnRemove_T02" ended with a "Pass" status (Duration: 0.1289 Wasted Time: 0.0000).	[MsgId: MMSG-16871]
Ending action RemoveTheProduct.	[MsgId: MMSG-15918]
Ending iteration 3.	[MsgId: MMSG-15965]
Waiting 6.7910 seconds for iteration pacing.	[MsgId: MMSG-15996]
Registration.c(142): Resource "https://petstore.octoperf.com/css/jpetstore.css" is in the cache already and will not be downloaded again  	[MsgId: MMSG-26655]
Registration.c(142): Resource "https://petstore.octoperf.com/images/logo-topbar.svg" is in the cache already and will not be downloaded again  	[MsgId: MMSG-26655]
Registration.c(142): Resource "https://petstore.octoperf.com/images/cart.gif" is in the cache already and will not be downloaded again  	[MsgId: MMSG-26655]
Registration.c(142): Resource "https://petstore.octoperf.com/images/separator.gif" is in the cache already and will not be downloaded again  	[MsgId: MMSG-26655]
Registration.c(142): Resource "https://petstore.octoperf.com/images/sm_fish.gif" is in the cache already and will not be downloaded again  	[MsgId: MMSG-26655]
Registration.c(142): Resource "https://petstore.octoperf.com/images/sm_dogs.gif" is in the cache already and will not be downloaded again  	[MsgId: MMSG-26655]
Registration.c(142): Resource "https://petstore.octoperf.com/images/sm_reptiles.gif" is in the cache already and will not be downloaded again  	[MsgId: MMSG-26655]
Registration.c(142): Resource "https://petstore.octoperf.com/images/sm_cats.gif" is in the cache already and will not be downloaded again  	[MsgId: MMSG-26655]
Registration.c(142): Resource "https://petstore.octoperf.com/images/sm_birds.gif" is in the cache already and will not be downloaded again  	[MsgId: MMSG-26655]
Registration.c(142): Resource "https://petstore.octoperf.com/images/fish_icon.gif" is in the cache already and will not be downloaded again  	[MsgId: MMSG-26655]
Registration.c(142): Resource "https://petstore.octoperf.com/images/dogs_icon.gif" is in the cache already and will not be downloaded again  	[MsgId: MMSG-26655]
Registration.c(142): Resource "https://petstore.octoperf.com/images/cats_icon.gif" is in the cache already and will not be downloaded again  	[MsgId: MMSG-26655]
Registration.c(142): Resource "https://petstore.octoperf.com/images/reptiles_icon.gif" is in the cache already and will not be downloaded again  	[MsgId: MMSG-26655]
Registration.c(142): Resource "https://petstore.octoperf.com/images/birds_icon.gif" is in the cache already and will not be downloaded again  	[MsgId: MMSG-26655]
Registration.c(142): Resource "https://petstore.octoperf.com/images/splash.gif" is in the cache already and will not be downloaded again  	[MsgId: MMSG-26655]
Registration.c(142): Registered web_reg_find successful for "Text=Sign In" (count=1)  	[MsgId: MMSG-26364]
Registration.c(142): web_url("Account.action_2") was successful, 4736 body bytes, 518 header bytes  	[MsgId: MMSG-26386]
Registration.c(151): Notify: Transaction "PetStore_SignOut_T05" ended with a "Pass" status (Duration: 0.2492 Wasted Time: 0.0000).	[MsgId: MMSG-16871]
Login.c(4): Notify: Transaction "PetStore_ClickOnSignIn_T01" started.	[MsgId: MMSG-16999]
Login.c(6): web_reg_find started  	[MsgId: MMSG-26355]
Login.c(6): Registering web_reg_find was successful  	[MsgId: MMSG-26390]
Login.c(9): web_link("Sign In") started  	[MsgId: MMSG-26355]
Login.c(9): Linking to "https://petstore.octoperf.com/actions/Account.action?signonForm=", Target Frame=""  	[MsgId: MMSG-27994]
Starting iteration 4.	[MsgId: MMSG-15968]
Notify: Next row for parameter UserName = 1 [table  = UserName].	[MsgId: MMSG-13876]
Notify: Getting new value for parameter 'UserName': table = 'UserName.dat' column = '0' row = '1'.	[MsgId: MMSG-13877]
Notify: Next row for parameter PetStoreEndtoEndFlow_UserName = 1 [table  = PetStoreEndtoEndFlow_UserName].	[MsgId: MMSG-13876]
Notify: Getting new value for parameter 'PetStoreEndtoEndFlow_UserName': table = 'UserCredentilas1.dat' column = '0' row = '1'.	[MsgId: MMSG-13877]
Notify: Next row for parameter PetStoreEndtoEndFlow_pass = 1 [table  = PetStoreEndtoEndFlow_pass].	[MsgId: MMSG-13876]
Notify: Getting new value for parameter 'PetStoreEndtoEndFlow_pass': table = 'UserCredentilas3.dat' column = '0' row = '1'.	[MsgId: MMSG-13877]
Notify: Next row for parameter pass = 1 [table  = pass].	[MsgId: MMSG-13876]
Notify: Getting new value for parameter 'pass': table = 'UserName.dat' column = '0' row = '1'.	[MsgId: MMSG-13877]
Starting action Login.	[MsgId: MMSG-15919]
Registration.c(13): Notify: Transaction "PetStore_EnterToPetStore_T01" started.	[MsgId: MMSG-16999]
Registration.c(14): web_reg_find started  	[MsgId: MMSG-26355]
Registration.c(14): Registering web_reg_find was successful  	[MsgId: MMSG-26390]
Registration.c(17): web_url("Catalog.action") started  	[MsgId: MMSG-26355]
Registration.c(142): Resource "https://petstore.octoperf.com/css/jpetstore.css" is in the cache already and will not be downloaded again  	[MsgId: MMSG-26655]
Registration.c(142): Resource "https://petstore.octoperf.com/images/logo-topbar.svg" is in the cache already and will not be downloaded again  	[MsgId: MMSG-26655]
Registration.c(142): Resource "https://petstore.octoperf.com/images/cart.gif" is in the cache already and will not be downloaded again  	[MsgId: MMSG-26655]
Registration.c(142): Resource "https://petstore.octoperf.com/images/separator.gif" is in the cache already and will not be downloaded again  	[MsgId: MMSG-26655]
Registration.c(142): Resource "https://petstore.octoperf.com/images/sm_fish.gif" is in the cache already and will not be downloaded again  	[MsgId: MMSG-26655]
Registration.c(142): Resource "https://petstore.octoperf.com/images/sm_dogs.gif" is in the cache already and will not be downloaded again  	[MsgId: MMSG-26655]
Registration.c(142): Resource "https://petstore.octoperf.com/images/sm_reptiles.gif" is in the cache already and will not be downloaded again  	[MsgId: MMSG-26655]
Registration.c(142): Resource "https://petstore.octoperf.com/images/sm_cats.gif" is in the cache already and will not be downloaded again  	[MsgId: MMSG-26655]
Registration.c(142): Resource "https://petstore.octoperf.com/images/sm_birds.gif" is in the cache already and will not be downloaded again  	[MsgId: MMSG-26655]
Registration.c(142): Resource "https://petstore.octoperf.com/images/fish_icon.gif" is in the cache already and will not be downloaded again  	[MsgId: MMSG-26655]
Registration.c(142): Resource "https://petstore.octoperf.com/images/dogs_icon.gif" is in the cache already and will not be downloaded again  	[MsgId: MMSG-26655]
Registration.c(142): Resource "https://petstore.octoperf.com/images/cats_icon.gif" is in the cache already and will not be downloaded again  	[MsgId: MMSG-26655]
Registration.c(142): Resource "https://petstore.octoperf.com/images/reptiles_icon.gif" is in the cache already and will not be downloaded again  	[MsgId: MMSG-26655]
Registration.c(142): Resource "https://petstore.octoperf.com/images/birds_icon.gif" is in the cache already and will not be downloaded again  	[MsgId: MMSG-26655]
Registration.c(142): Resource "https://petstore.octoperf.com/images/splash.gif" is in the cache already and will not be downloaded again  	[MsgId: MMSG-26655]
Registration.c(142): Registered web_reg_find successful for "Text=Sign In" (count=1)  	[MsgId: MMSG-26364]
Registration.c(142): web_url("Account.action_2") was successful, 4736 body bytes, 518 header bytes  	[MsgId: MMSG-26386]
Registration.c(151): Notify: Transaction "PetStore_SignOut_T05" ended with a "Pass" status (Duration: 0.2575 Wasted Time: 0.0000).	[MsgId: MMSG-16871]
Login.c(4): Notify: Transaction "PetStore_ClickOnSignIn_T01" started.	[MsgId: MMSG-16999]
Login.c(6): web_reg_find started  	[MsgId: MMSG-26355]
Login.c(6): Registering web_reg_find was successful  	[MsgId: MMSG-26390]
Login.c(9): web_link("Sign In") started  	[MsgId: MMSG-26355]
Login.c(9): Linking to "https://petstore.octoperf.com/actions/Account.action?signonForm=", Target Frame=""  	[MsgId: MMSG-27994]
AddToCard.c(79): Registered web_reg_find successful for "Text=EST-18" (count=2)  	[MsgId: MMSG-26364]
AddToCard.c(79): web_link("{RanditemId}") was successful, 15165 body bytes, 511 header bytes  	[MsgId: MMSG-26386]
AddToCard.c(84): Notify: Transaction "PetStore_SelectItemId_T03" ended with a "Pass" status (Duration: 0.2523 Wasted Time: 0.0000).	[MsgId: MMSG-16871]
AddToCard.c(86): lr_think_time: 3.06 seconds (recorded think time was 5.00 seconds).	[MsgId: MMSG-15947]
Login.c(9): Resource "https://petstore.octoperf.com/css/jpetstore.css" is in the cache already and will not be downloaded again  	[MsgId: MMSG-26655]
Login.c(9): Resource "https://petstore.octoperf.com/images/logo-topbar.svg" is in the cache already and will not be downloaded again  	[MsgId: MMSG-26655]
Login.c(9): Resource "https://petstore.octoperf.com/images/cart.gif" is in the cache already and will not be downloaded again  	[MsgId: MMSG-26655]
Login.c(9): Resource "https://petstore.octoperf.com/images/separator.gif" is in the cache already and will not be downloaded again  	[MsgId: MMSG-26655]
Login.c(9): Resource "https://petstore.octoperf.com/images/sm_fish.gif" is in the cache already and will not be downloaded again  	[MsgId: MMSG-26655]
Login.c(9): Resource "https://petstore.octoperf.com/images/sm_dogs.gif" is in the cache already and will not be downloaded again  	[MsgId: MMSG-26655]
Login.c(9): Resource "https://petstore.octoperf.com/images/sm_reptiles.gif" is in the cache already and will not be downloaded again  	[MsgId: MMSG-26655]
Login.c(9): Resource "https://petstore.octoperf.com/images/sm_cats.gif" is in the cache already and will not be downloaded again  	[MsgId: MMSG-26655]
Login.c(9): Resource "https://petstore.octoperf.com/images/sm_birds.gif" is in the cache already and will not be downloaded again  	[MsgId: MMSG-26655]
Login.c(9): Registered web_reg_find successful for "Text=Please enter your username and password" (count=1)  	[MsgId: MMSG-26364]
Login.c(9): web_link("Sign In") was successful, 3858 body bytes, 225 header bytes  	[MsgId: MMSG-26386]
Login.c(13): Notify: Transaction "PetStore_ClickOnSignIn_T01" ended with a "Pass" status (Duration: 0.1259 Wasted Time: 0.0000).	[MsgId: MMSG-16871]
Login.c(15): lr_think_time: 4.23 seconds (recorded think time was 5.00 seconds).	[MsgId: MMSG-15947]
Login.c(9): Resource "https://petstore.octoperf.com/css/jpetstore.css" is in the cache already and will not be downloaded again  	[MsgId: MMSG-26655]
Login.c(9): Resource "https://petstore.octoperf.com/images/logo-topbar.svg" is in the cache already and will not be downloaded again  	[MsgId: MMSG-26655]
Login.c(9): Resource "https://petstore.octoperf.com/images/cart.gif" is in the cache already and will not be downloaded again  	[MsgId: MMSG-26655]
Login.c(9): Resource "https://petstore.octoperf.com/images/separator.gif" is in the cache already and will not be downloaded again  	[MsgId: MMSG-26655]
Login.c(9): Resource "https://petstore.octoperf.com/images/sm_fish.gif" is in the cache already and will not be downloaded again  	[MsgId: MMSG-26655]
Login.c(9): Resource "https://petstore.octoperf.com/images/sm_dogs.gif" is in the cache already and will not be downloaded again  	[MsgId: MMSG-26655]
Login.c(9): Resource "https://petstore.octoperf.com/images/sm_reptiles.gif" is in the cache already and will not be downloaded again  	[MsgId: MMSG-26655]
Login.c(9): Resource "https://petstore.octoperf.com/images/sm_cats.gif" is in the cache already and will not be downloaded again  	[MsgId: MMSG-26655]
Login.c(9): Resource "https://petstore.octoperf.com/images/sm_birds.gif" is in the cache already and will not be downloaded again  	[MsgId: MMSG-26655]
Login.c(9): Registered web_reg_find successful for "Text=Please enter your username and password" (count=1)  	[MsgId: MMSG-26364]
Login.c(9): web_link("Sign In") was successful, 3858 body bytes, 225 header bytes  	[MsgId: MMSG-26386]
Login.c(13): Notify: Transaction "PetStore_ClickOnSignIn_T01" ended with a "Pass" status (Duration: 0.1277 Wasted Time: 0.0000).	[MsgId: MMSG-16871]
Login.c(15): lr_think_time: 3.25 seconds (recorded think time was 5.00 seconds).	[MsgId: MMSG-15947]
Registration.c(57): Notify: Transaction "PetStore_SubmitRegistration_T04" started.	[MsgId: MMSG-16999]
Registration.c(59): web_reg_find started  	[MsgId: MMSG-26355]
Registration.c(59): Registering web_reg_find was successful  	[MsgId: MMSG-26390]
Registration.c(66): Notify: Saving Parameter "randomUsername = UMNS".	[MsgId: MMSG-13798]
Registration.c(72): Notify: Saving Parameter "randompass = pmes".	[MsgId: MMSG-13798]
Registration.c(86): Notify: Saving Parameter "randomFirstName = wadim".	[MsgId: MMSG-13798]
Registration.c(87): Notify: Saving Parameter "randomLastName = rvufu".	[MsgId: MMSG-13798]
Registration.c(99): Notify: Saving Parameter "RandomPhone = 9841022119".	[MsgId: MMSG-13798]
Registration.c(108): Notify: Saving Parameter "RandomZip = 830202".	[MsgId: MMSG-13798]
Registration.c(111): web_submit_form("Account.action") started  	[MsgId: MMSG-26355]
Registration.c(111): Notify: Parameter Substitution: parameter "randomUsername" =  "UMNS"	[MsgId: MMSG-13992]
Registration.c(111): Notify: Parameter Substitution: parameter "randompass" =  "pmes"	[MsgId: MMSG-13992]
Registration.c(111): Notify: Parameter Substitution: parameter "randompass" =  "pmes"	[MsgId: MMSG-13992]
Registration.c(111): Notify: Parameter Substitution: parameter "randomFirstName" =  "wadim"	[MsgId: MMSG-13992]
Registration.c(111): Notify: Parameter Substitution: parameter "randomLastName" =  "rvufu"	[MsgId: MMSG-13992]
Registration.c(111): Notify: Parameter Substitution: parameter "randomFirstName" =  "wadim"	[MsgId: MMSG-13992]
Registration.c(111): Notify: Parameter Substitution: parameter "randomLastName" =  "rvufu"	[MsgId: MMSG-13992]
Registration.c(111): Notify: Parameter Substitution: parameter "RandomPhone" =  "9841022119"	[MsgId: MMSG-13992]
Registration.c(111): Notify: Parameter Substitution: parameter "RandomZip" =  "830202"	[MsgId: MMSG-13992]
Registration.c(111): Submitting form to "https://petstore.octoperf.com/actions/Account.action", Target Frame=""  	[MsgId: MMSG-27978]
Registration.c(17): Found resource "https://petstore.octoperf.com/css/jpetstore.css" in HTML "https://petstore.octoperf.com/actions/Catalog.action"  	[MsgId: MMSG-26659]
Registration.c(17): Found resource "https://petstore.octoperf.com/images/logo-topbar.svg" in HTML "https://petstore.octoperf.com/actions/Catalog.action"  	[MsgId: MMSG-26659]
Registration.c(17): Found resource "https://petstore.octoperf.com/images/cart.gif" in HTML "https://petstore.octoperf.com/actions/Catalog.action"  	[MsgId: MMSG-26659]
Registration.c(17): Found resource "https://petstore.octoperf.com/images/separator.gif" in HTML "https://petstore.octoperf.com/actions/Catalog.action"  	[MsgId: MMSG-26659]
Registration.c(17): Found resource "https://petstore.octoperf.com/images/sm_fish.gif" in HTML "https://petstore.octoperf.com/actions/Catalog.action"  	[MsgId: MMSG-26659]
Registration.c(17): Found resource "https://petstore.octoperf.com/images/sm_dogs.gif" in HTML "https://petstore.octoperf.com/actions/Catalog.action"  	[MsgId: MMSG-26659]
Registration.c(17): Found resource "https://petstore.octoperf.com/images/sm_reptiles.gif" in HTML "https://petstore.octoperf.com/actions/Catalog.action"  	[MsgId: MMSG-26659]
Registration.c(17): Found resource "https://petstore.octoperf.com/images/sm_cats.gif" in HTML "https://petstore.octoperf.com/actions/Catalog.action"  	[MsgId: MMSG-26659]
Registration.c(17): Found resource "https://petstore.octoperf.com/images/sm_birds.gif" in HTML "https://petstore.octoperf.com/actions/Catalog.action"  	[MsgId: MMSG-26659]
Registration.c(17): Found resource "https://petstore.octoperf.com/images/fish_icon.gif" in HTML "https://petstore.octoperf.com/actions/Catalog.action"  	[MsgId: MMSG-26659]
Registration.c(17): Found resource "https://petstore.octoperf.com/images/dogs_icon.gif" in HTML "https://petstore.octoperf.com/actions/Catalog.action"  	[MsgId: MMSG-26659]
Registration.c(17): Found resource "https://petstore.octoperf.com/images/cats_icon.gif" in HTML "https://petstore.octoperf.com/actions/Catalog.action"  	[MsgId: MMSG-26659]
Registration.c(17): Found resource "https://petstore.octoperf.com/images/reptiles_icon.gif" in HTML "https://petstore.octoperf.com/actions/Catalog.action"  	[MsgId: MMSG-26659]
Registration.c(17): Found resource "https://petstore.octoperf.com/images/birds_icon.gif" in HTML "https://petstore.octoperf.com/actions/Catalog.action"  	[MsgId: MMSG-26659]
Registration.c(17): Found resource "https://petstore.octoperf.com/images/splash.gif" in HTML "https://petstore.octoperf.com/actions/Catalog.action"  	[MsgId: MMSG-26659]
Registration.c(111): Redirecting "https://petstore.octoperf.com/actions/Account.action" (redirection depth is 0)  	[MsgId: MMSG-26694]
Registration.c(111): To location "https://petstore.octoperf.com/actions/Catalog.action"  	[MsgId: MMSG-26693]
Registration.c(111): Resource "https://petstore.octoperf.com/css/jpetstore.css" is in the cache already and will not be downloaded again  	[MsgId: MMSG-26655]
Registration.c(111): Resource "https://petstore.octoperf.com/images/logo-topbar.svg" is in the cache already and will not be downloaded again  	[MsgId: MMSG-26655]
Registration.c(111): Resource "https://petstore.octoperf.com/images/cart.gif" is in the cache already and will not be downloaded again  	[MsgId: MMSG-26655]
Registration.c(111): Resource "https://petstore.octoperf.com/images/separator.gif" is in the cache already and will not be downloaded again  	[MsgId: MMSG-26655]
Registration.c(111): Resource "https://petstore.octoperf.com/images/sm_fish.gif" is in the cache already and will not be downloaded again  	[MsgId: MMSG-26655]
Registration.c(111): Resource "https://petstore.octoperf.com/images/sm_dogs.gif" is in the cache already and will not be downloaded again  	[MsgId: MMSG-26655]
Registration.c(111): Resource "https://petstore.octoperf.com/images/sm_reptiles.gif" is in the cache already and will not be downloaded again  	[MsgId: MMSG-26655]
Registration.c(111): Resource "https://petstore.octoperf.com/images/sm_cats.gif" is in the cache already and will not be downloaded again  	[MsgId: MMSG-26655]
Registration.c(111): Resource "https://petstore.octoperf.com/images/sm_birds.gif" is in the cache already and will not be downloaded again  	[MsgId: MMSG-26655]
Registration.c(111): Resource "https://petstore.octoperf.com/images/fish_icon.gif" is in the cache already and will not be downloaded again  	[MsgId: MMSG-26655]
Registration.c(111): Resource "https://petstore.octoperf.com/images/dogs_icon.gif" is in the cache already and will not be downloaded again  	[MsgId: MMSG-26655]
Registration.c(111): Resource "https://petstore.octoperf.com/images/cats_icon.gif" is in the cache already and will not be downloaded again  	[MsgId: MMSG-26655]
Registration.c(111): Resource "https://petstore.octoperf.com/images/reptiles_icon.gif" is in the cache already and will not be downloaded again  	[MsgId: MMSG-26655]
Registration.c(111): Resource "https://petstore.octoperf.com/images/birds_icon.gif" is in the cache already and will not be downloaded again  	[MsgId: MMSG-26655]
Registration.c(111): Resource "https://petstore.octoperf.com/images/splash.gif" is in the cache already and will not be downloaded again  	[MsgId: MMSG-26655]
Registration.c(111): Registered web_reg_find successful for "Text=Elevate you load-testing" (count=1)  	[MsgId: MMSG-26364]
Registration.c(111): web_submit_form("Account.action") was successful, 4736 body bytes, 443 header bytes  	[MsgId: MMSG-26386]
Registration.c(133): Notify: Transaction "PetStore_SubmitRegistration_T04" ended with a "Pass" status (Duration: 0.3786 Wasted Time: 0.0000).	[MsgId: MMSG-16871]
Registration.c(135): lr_think_time: 2.71 seconds (recorded think time was 5.00 seconds).	[MsgId: MMSG-15947]
Registration.c(17): Registered web_reg_find successful for "Text=OctoPerf" (count=1)  	[MsgId: MMSG-26364]
Registration.c(17): web_url("Catalog.action") was successful, 69386 body bytes, 4543 header bytes  	[MsgId: MMSG-26386]
Registration.c(25): Notify: Transaction "PetStore_EnterToPetStore_T01" ended with a "Pass" status (Duration: 1.1640 Wasted Time: 0.0002).	[MsgId: MMSG-16871]
Registration.c(27): lr_think_time: 4.69 seconds (recorded think time was 5.00 seconds).	[MsgId: MMSG-15947]
Registration.c(57): Notify: Transaction "PetStore_SubmitRegistration_T04" started.	[MsgId: MMSG-16999]
Registration.c(59): web_reg_find started  	[MsgId: MMSG-26355]
Registration.c(59): Registering web_reg_find was successful  	[MsgId: MMSG-26390]
Registration.c(66): Notify: Saving Parameter "randomUsername = PAXS".	[MsgId: MMSG-13798]
Registration.c(72): Notify: Saving Parameter "randompass = qbkd".	[MsgId: MMSG-13798]
Registration.c(86): Notify: Saving Parameter "randomFirstName = erwqi".	[MsgId: MMSG-13798]
Registration.c(87): Notify: Saving Parameter "randomLastName = xxreh".	[MsgId: MMSG-13798]
Registration.c(99): Notify: Saving Parameter "RandomPhone = :209395395".	[MsgId: MMSG-13798]
Registration.c(108): Notify: Saving Parameter "RandomZip = 328178".	[MsgId: MMSG-13798]
Registration.c(111): web_submit_form("Account.action") started  	[MsgId: MMSG-26355]
Registration.c(111): Notify: Parameter Substitution: parameter "randomUsername" =  "PAXS"	[MsgId: MMSG-13992]
Registration.c(111): Notify: Parameter Substitution: parameter "randompass" =  "qbkd"	[MsgId: MMSG-13992]
Registration.c(111): Notify: Parameter Substitution: parameter "randompass" =  "qbkd"	[MsgId: MMSG-13992]
Registration.c(111): Notify: Parameter Substitution: parameter "randomFirstName" =  "erwqi"	[MsgId: MMSG-13992]
Registration.c(111): Notify: Parameter Substitution: parameter "randomLastName" =  "xxreh"	[MsgId: MMSG-13992]
Registration.c(111): Notify: Parameter Substitution: parameter "randomFirstName" =  "erwqi"	[MsgId: MMSG-13992]
Registration.c(111): Notify: Parameter Substitution: parameter "randomLastName" =  "xxreh"	[MsgId: MMSG-13992]
Registration.c(111): Notify: Parameter Substitution: parameter "RandomPhone" =  ":209395395"	[MsgId: MMSG-13992]
Registration.c(111): Notify: Parameter Substitution: parameter "RandomZip" =  "328178"	[MsgId: MMSG-13992]
Registration.c(111): Submitting form to "https://petstore.octoperf.com/actions/Account.action", Target Frame=""  	[MsgId: MMSG-27978]
Registration.c(111): Redirecting "https://petstore.octoperf.com/actions/Account.action" (redirection depth is 0)  	[MsgId: MMSG-26694]
Registration.c(111): To location "https://petstore.octoperf.com/actions/Catalog.action"  	[MsgId: MMSG-26693]
Registration.c(111): Resource "https://petstore.octoperf.com/css/jpetstore.css" is in the cache already and will not be downloaded again  	[MsgId: MMSG-26655]
Registration.c(111): Resource "https://petstore.octoperf.com/images/logo-topbar.svg" is in the cache already and will not be downloaded again  	[MsgId: MMSG-26655]
Registration.c(111): Resource "https://petstore.octoperf.com/images/cart.gif" is in the cache already and will not be downloaded again  	[MsgId: MMSG-26655]
Registration.c(111): Resource "https://petstore.octoperf.com/images/separator.gif" is in the cache already and will not be downloaded again  	[MsgId: MMSG-26655]
Registration.c(111): Resource "https://petstore.octoperf.com/images/sm_fish.gif" is in the cache already and will not be downloaded again  	[MsgId: MMSG-26655]
Registration.c(111): Resource "https://petstore.octoperf.com/images/sm_dogs.gif" is in the cache already and will not be downloaded again  	[MsgId: MMSG-26655]
Registration.c(111): Resource "https://petstore.octoperf.com/images/sm_reptiles.gif" is in the cache already and will not be downloaded again  	[MsgId: MMSG-26655]
Registration.c(111): Resource "https://petstore.octoperf.com/images/sm_cats.gif" is in the cache already and will not be downloaded again  	[MsgId: MMSG-26655]
Registration.c(111): Resource "https://petstore.octoperf.com/images/sm_birds.gif" is in the cache already and will not be downloaded again  	[MsgId: MMSG-26655]
Registration.c(111): Resource "https://petstore.octoperf.com/images/fish_icon.gif" is in the cache already and will not be downloaded again  	[MsgId: MMSG-26655]
Registration.c(111): Resource "https://petstore.octoperf.com/images/dogs_icon.gif" is in the cache already and will not be downloaded again  	[MsgId: MMSG-26655]
Registration.c(111): Resource "https://petstore.octoperf.com/images/cats_icon.gif" is in the cache already and will not be downloaded again  	[MsgId: MMSG-26655]
Registration.c(111): Resource "https://petstore.octoperf.com/images/reptiles_icon.gif" is in the cache already and will not be downloaded again  	[MsgId: MMSG-26655]
Registration.c(111): Resource "https://petstore.octoperf.com/images/birds_icon.gif" is in the cache already and will not be downloaded again  	[MsgId: MMSG-26655]
Registration.c(111): Resource "https://petstore.octoperf.com/images/splash.gif" is in the cache already and will not be downloaded again  	[MsgId: MMSG-26655]
Registration.c(111): Registered web_reg_find successful for "Text=Elevate you load-testing" (count=1)  	[MsgId: MMSG-26364]
Registration.c(111): web_submit_form("Account.action") was successful, 4736 body bytes, 443 header bytes  	[MsgId: MMSG-26386]
Registration.c(133): Notify: Transaction "PetStore_SubmitRegistration_T04" ended with a "Pass" status (Duration: 0.3776 Wasted Time: 0.0000).	[MsgId: MMSG-16871]
Registration.c(135): lr_think_time: 3.87 seconds (recorded think time was 5.00 seconds).	[MsgId: MMSG-15947]
Starting iteration 4.	[MsgId: MMSG-15968]
Notify: Next row for parameter UserName = 1 [table  = UserName].	[MsgId: MMSG-13876]
Notify: Getting new value for parameter 'UserName': table = 'UserName.dat' column = '0' row = '1'.	[MsgId: MMSG-13877]
Notify: Next row for parameter PetStoreEndtoEndFlow_UserName = 1 [table  = PetStoreEndtoEndFlow_UserName].	[MsgId: MMSG-13876]
Notify: Getting new value for parameter 'PetStoreEndtoEndFlow_UserName': table = 'UserCredentilas1.dat' column = '0' row = '1'.	[MsgId: MMSG-13877]
Notify: Next row for parameter PetStoreEndtoEndFlow_pass = 1 [table  = PetStoreEndtoEndFlow_pass].	[MsgId: MMSG-13876]
Notify: Getting new value for parameter 'PetStoreEndtoEndFlow_pass': table = 'UserCredentilas3.dat' column = '0' row = '1'.	[MsgId: MMSG-13877]
Notify: Next row for parameter pass = 1 [table  = pass].	[MsgId: MMSG-13876]
Notify: Getting new value for parameter 'pass': table = 'UserName.dat' column = '0' row = '1'.	[MsgId: MMSG-13877]
Starting action Login.	[MsgId: MMSG-15919]
Registration.c(13): Notify: Transaction "PetStore_EnterToPetStore_T01" started.	[MsgId: MMSG-16999]
Registration.c(14): web_reg_find started  	[MsgId: MMSG-26355]
Registration.c(14): Registering web_reg_find was successful  	[MsgId: MMSG-26390]
Registration.c(17): web_url("Catalog.action") started  	[MsgId: MMSG-26355]
AddToCard.c(67): Notify: Transaction "PetStore_SelectItemId_T03" started.	[MsgId: MMSG-16999]
AddToCard.c(71): Notify: Parameter Substitution: parameter "itemId_count" =  "1"	[MsgId: MMSG-13992]
AddToCard.c(72): Notify: Parameter Substitution: parameter "itemId_1" =  "EST-13"	[MsgId: MMSG-13992]
AddToCard.c(74): Notify: Saving Parameter "RanditemId = EST-13".	[MsgId: MMSG-13798]
AddToCard.c(75): Notify: Parameter Substitution: parameter "RanditemId" =  "EST-13"	[MsgId: MMSG-13992]
AddToCard.c(75): Random category selected in Action2 = EST-13	[MsgId: MMSG-17999]
AddToCard.c(77): web_reg_find started  	[MsgId: MMSG-26355]
AddToCard.c(77): Notify: Parameter Substitution: parameter "RanditemId" =  "EST-13"	[MsgId: MMSG-13992]
AddToCard.c(77): Registering web_reg_find was successful  	[MsgId: MMSG-26390]
AddToCard.c(79): web_link("{RanditemId}") started  	[MsgId: MMSG-26355]
AddToCard.c(79): Notify: Parameter Substitution: parameter "RanditemId" =  "EST-13"	[MsgId: MMSG-13992]
AddToCard.c(79): Linking to "https://petstore.octoperf.com/actions/Catalog.action?viewItem=&itemId=EST-13", Target Frame=""  	[MsgId: MMSG-27994]
AddToCard.c(88): Notify: Transaction "PetStore_AddToCard_T04" started.	[MsgId: MMSG-16999]
AddToCard.c(90): web_reg_find started  	[MsgId: MMSG-26355]
AddToCard.c(90): Registering web_reg_find was successful  	[MsgId: MMSG-26390]
AddToCard.c(94): web_link("Add to Cart") started  	[MsgId: MMSG-26355]
AddToCard.c(94): Linking to "https://petstore.octoperf.com/actions/Cart.action?addItemToCart=&workingItemId=EST-18", Target Frame=""  	[MsgId: MMSG-27994]
AddToCard.c(79): Resource "https://petstore.octoperf.com/css/jpetstore.css" is in the cache already and will not be downloaded again  	[MsgId: MMSG-26655]
AddToCard.c(79): Resource "https://petstore.octoperf.com/images/logo-topbar.svg" is in the cache already and will not be downloaded again  	[MsgId: MMSG-26655]
AddToCard.c(79): Resource "https://petstore.octoperf.com/images/cart.gif" is in the cache already and will not be downloaded again  	[MsgId: MMSG-26655]
AddToCard.c(79): Resource "https://petstore.octoperf.com/images/separator.gif" is in the cache already and will not be downloaded again  	[MsgId: MMSG-26655]
AddToCard.c(79): Resource "https://petstore.octoperf.com/images/sm_fish.gif" is in the cache already and will not be downloaded again  	[MsgId: MMSG-26655]
AddToCard.c(79): Resource "https://petstore.octoperf.com/images/sm_dogs.gif" is in the cache already and will not be downloaded again  	[MsgId: MMSG-26655]
AddToCard.c(79): Resource "https://petstore.octoperf.com/images/sm_reptiles.gif" is in the cache already and will not be downloaded again  	[MsgId: MMSG-26655]
AddToCard.c(79): Resource "https://petstore.octoperf.com/images/sm_cats.gif" is in the cache already and will not be downloaded again  	[MsgId: MMSG-26655]
AddToCard.c(79): Resource "https://petstore.octoperf.com/images/sm_birds.gif" is in the cache already and will not be downloaded again  	[MsgId: MMSG-26655]
AddToCard.c(79): Found resource "https://petstore.octoperf.com/images/lizard1.gif" in HTML "https://petstore.octoperf.com/actions/Catalog.action?viewItem=&itemId=EST-13"  	[MsgId: MMSG-26659]
AddToCard.c(79): Resource "https://petstore.octoperf.com/images/banner_fish.gif" is in the cache already and will not be downloaded again  	[MsgId: MMSG-26655]
Registration.c(29): Notify: Transaction "PetStore_ClickOnSignIn_T02" started.	[MsgId: MMSG-16999]
Registration.c(31): web_reg_find started  	[MsgId: MMSG-26355]
Registration.c(31): Registering web_reg_find was successful  	[MsgId: MMSG-26390]
Registration.c(34): web_link("Sign In") started  	[MsgId: MMSG-26355]
Registration.c(34): Linking to "https://petstore.octoperf.com/actions/Account.action;jsessionid=BC7B8CC90FDB14EC36A949445C5E6F19?signonForm=", Target Frame=""  	[MsgId: MMSG-27994]
AddToCard.c(94): Resource "https://petstore.octoperf.com/css/jpetstore.css" is in the cache already and will not be downloaded again  	[MsgId: MMSG-26655]
AddToCard.c(94): Resource "https://petstore.octoperf.com/images/logo-topbar.svg" is in the cache already and will not be downloaded again  	[MsgId: MMSG-26655]
AddToCard.c(94): Resource "https://petstore.octoperf.com/images/cart.gif" is in the cache already and will not be downloaded again  	[MsgId: MMSG-26655]
AddToCard.c(94): Resource "https://petstore.octoperf.com/images/separator.gif" is in the cache already and will not be downloaded again  	[MsgId: MMSG-26655]
AddToCard.c(94): Resource "https://petstore.octoperf.com/images/sm_fish.gif" is in the cache already and will not be downloaded again  	[MsgId: MMSG-26655]
AddToCard.c(94): Resource "https://petstore.octoperf.com/images/sm_dogs.gif" is in the cache already and will not be downloaded again  	[MsgId: MMSG-26655]
AddToCard.c(94): Resource "https://petstore.octoperf.com/images/sm_reptiles.gif" is in the cache already and will not be downloaded again  	[MsgId: MMSG-26655]
AddToCard.c(94): Resource "https://petstore.octoperf.com/images/sm_cats.gif" is in the cache already and will not be downloaded again  	[MsgId: MMSG-26655]
AddToCard.c(94): Resource "https://petstore.octoperf.com/images/sm_birds.gif" is in the cache already and will not be downloaded again  	[MsgId: MMSG-26655]
AddToCard.c(94): Resource "https://petstore.octoperf.com/images/banner_fish.gif" is in the cache already and will not be downloaded again  	[MsgId: MMSG-26655]
AddToCard.c(94): Registered web_reg_find successful for "Text=Shopping Cart" (count=1)  	[MsgId: MMSG-26364]
AddToCard.c(94): web_link("Add to Cart") was successful, 4643 body bytes, 225 header bytes  	[MsgId: MMSG-26386]
AddToCard.c(99): Notify: Transaction "PetStore_AddToCard_T04" ended with a "Pass" status (Duration: 0.1273 Wasted Time: 0.0000).	[MsgId: MMSG-16871]
RemoveTheProduct.c(7): Notify: Transaction "PetStore_ClickOnViewCartR_T01" started.	[MsgId: MMSG-16999]
RemoveTheProduct.c(8): web_reg_find started  	[MsgId: MMSG-26355]
RemoveTheProduct.c(8): Registering web_reg_find was successful  	[MsgId: MMSG-26390]
RemoveTheProduct.c(10): web_image("cart.gif") started  	[MsgId: MMSG-26355]
RemoveTheProduct.c(10): Image-linking to "https://petstore.octoperf.com/actions/Cart.action?viewCart=", Target Frame=""  	[MsgId: MMSG-27993]
Registration.c(17): Found resource "https://petstore.octoperf.com/css/jpetstore.css" in HTML "https://petstore.octoperf.com/actions/Catalog.action"  	[MsgId: MMSG-26659]
Registration.c(17): Found resource "https://petstore.octoperf.com/images/logo-topbar.svg" in HTML "https://petstore.octoperf.com/actions/Catalog.action"  	[MsgId: MMSG-26659]
Registration.c(17): Found resource "https://petstore.octoperf.com/images/cart.gif" in HTML "https://petstore.octoperf.com/actions/Catalog.action"  	[MsgId: MMSG-26659]
Registration.c(17): Found resource "https://petstore.octoperf.com/images/separator.gif" in HTML "https://petstore.octoperf.com/actions/Catalog.action"  	[MsgId: MMSG-26659]
Registration.c(17): Found resource "https://petstore.octoperf.com/images/sm_fish.gif" in HTML "https://petstore.octoperf.com/actions/Catalog.action"  	[MsgId: MMSG-26659]
Registration.c(17): Found resource "https://petstore.octoperf.com/images/sm_dogs.gif" in HTML "https://petstore.octoperf.com/actions/Catalog.action"  	[MsgId: MMSG-26659]
Registration.c(17): Found resource "https://petstore.octoperf.com/images/sm_reptiles.gif" in HTML "https://petstore.octoperf.com/actions/Catalog.action"  	[MsgId: MMSG-26659]
Registration.c(17): Found resource "https://petstore.octoperf.com/images/sm_cats.gif" in HTML "https://petstore.octoperf.com/actions/Catalog.action"  	[MsgId: MMSG-26659]
Registration.c(17): Found resource "https://petstore.octoperf.com/images/sm_birds.gif" in HTML "https://petstore.octoperf.com/actions/Catalog.action"  	[MsgId: MMSG-26659]
Registration.c(17): Found resource "https://petstore.octoperf.com/images/fish_icon.gif" in HTML "https://petstore.octoperf.com/actions/Catalog.action"  	[MsgId: MMSG-26659]
Registration.c(17): Found resource "https://petstore.octoperf.com/images/dogs_icon.gif" in HTML "https://petstore.octoperf.com/actions/Catalog.action"  	[MsgId: MMSG-26659]
Registration.c(17): Found resource "https://petstore.octoperf.com/images/cats_icon.gif" in HTML "https://petstore.octoperf.com/actions/Catalog.action"  	[MsgId: MMSG-26659]
Registration.c(17): Found resource "https://petstore.octoperf.com/images/reptiles_icon.gif" in HTML "https://petstore.octoperf.com/actions/Catalog.action"  	[MsgId: MMSG-26659]
Registration.c(17): Found resource "https://petstore.octoperf.com/images/birds_icon.gif" in HTML "https://petstore.octoperf.com/actions/Catalog.action"  	[MsgId: MMSG-26659]
Registration.c(17): Found resource "https://petstore.octoperf.com/images/splash.gif" in HTML "https://petstore.octoperf.com/actions/Catalog.action"  	[MsgId: MMSG-26659]
Registration.c(34): Resource "https://petstore.octoperf.com/css/jpetstore.css" is in the cache already and will not be downloaded again  	[MsgId: MMSG-26655]
Registration.c(34): Resource "https://petstore.octoperf.com/images/logo-topbar.svg" is in the cache already and will not be downloaded again  	[MsgId: MMSG-26655]
Registration.c(34): Resource "https://petstore.octoperf.com/images/cart.gif" is in the cache already and will not be downloaded again  	[MsgId: MMSG-26655]
Registration.c(34): Resource "https://petstore.octoperf.com/images/separator.gif" is in the cache already and will not be downloaded again  	[MsgId: MMSG-26655]
Registration.c(34): Resource "https://petstore.octoperf.com/images/sm_fish.gif" is in the cache already and will not be downloaded again  	[MsgId: MMSG-26655]
Registration.c(34): Resource "https://petstore.octoperf.com/images/sm_dogs.gif" is in the cache already and will not be downloaded again  	[MsgId: MMSG-26655]
Registration.c(34): Resource "https://petstore.octoperf.com/images/sm_reptiles.gif" is in the cache already and will not be downloaded again  	[MsgId: MMSG-26655]
Registration.c(34): Resource "https://petstore.octoperf.com/images/sm_cats.gif" is in the cache already and will not be downloaded again  	[MsgId: MMSG-26655]
Registration.c(34): Resource "https://petstore.octoperf.com/images/sm_birds.gif" is in the cache already and will not be downloaded again  	[MsgId: MMSG-26655]
Registration.c(34): Registered web_reg_find successful for "Text=Please enter your username and password" (count=1)  	[MsgId: MMSG-26364]
Registration.c(34): web_link("Sign In") was successful, 3858 body bytes, 225 header bytes  	[MsgId: MMSG-26386]
Registration.c(39): Notify: Transaction "PetStore_ClickOnSignIn_T02" ended with a "Pass" status (Duration: 0.1280 Wasted Time: 0.0000).	[MsgId: MMSG-16871]
Registration.c(41): lr_think_time: 3.13 seconds (recorded think time was 5.00 seconds).	[MsgId: MMSG-15947]
RemoveTheProduct.c(10): Resource "https://petstore.octoperf.com/css/jpetstore.css" is in the cache already and will not be downloaded again  	[MsgId: MMSG-26655]
RemoveTheProduct.c(10): Resource "https://petstore.octoperf.com/images/logo-topbar.svg" is in the cache already and will not be downloaded again  	[MsgId: MMSG-26655]
RemoveTheProduct.c(10): Resource "https://petstore.octoperf.com/images/cart.gif" is in the cache already and will not be downloaded again  	[MsgId: MMSG-26655]
RemoveTheProduct.c(10): Resource "https://petstore.octoperf.com/images/separator.gif" is in the cache already and will not be downloaded again  	[MsgId: MMSG-26655]
RemoveTheProduct.c(10): Resource "https://petstore.octoperf.com/images/sm_fish.gif" is in the cache already and will not be downloaded again  	[MsgId: MMSG-26655]
RemoveTheProduct.c(10): Resource "https://petstore.octoperf.com/images/sm_dogs.gif" is in the cache already and will not be downloaded again  	[MsgId: MMSG-26655]
RemoveTheProduct.c(10): Resource "https://petstore.octoperf.com/images/sm_reptiles.gif" is in the cache already and will not be downloaded again  	[MsgId: MMSG-26655]
RemoveTheProduct.c(10): Resource "https://petstore.octoperf.com/images/sm_cats.gif" is in the cache already and will not be downloaded again  	[MsgId: MMSG-26655]
RemoveTheProduct.c(10): Resource "https://petstore.octoperf.com/images/sm_birds.gif" is in the cache already and will not be downloaded again  	[MsgId: MMSG-26655]
RemoveTheProduct.c(10): Resource "https://petstore.octoperf.com/images/banner_fish.gif" is in the cache already and will not be downloaded again  	[MsgId: MMSG-26655]
RemoveTheProduct.c(10): Registered web_reg_find successful for "Text=Shopping Cart" (count=1)  	[MsgId: MMSG-26364]
RemoveTheProduct.c(10): web_image("cart.gif") was successful, 4643 body bytes, 225 header bytes  	[MsgId: MMSG-26386]
RemoveTheProduct.c(14): Notify: Transaction "PetStore_ClickOnViewCartR_T01" ended with a "Pass" status (Duration: 0.1282 Wasted Time: 0.0000).	[MsgId: MMSG-16871]
RemoveTheProduct.c(16): lr_think_time: 3.60 seconds (recorded think time was 5.00 seconds).	[MsgId: MMSG-15947]
AddToCard.c(79): Registered web_reg_find successful for "Text=EST-13" (count=2)  	[MsgId: MMSG-26364]
AddToCard.c(79): web_link("{RanditemId}") was successful, 17071 body bytes, 511 header bytes  	[MsgId: MMSG-26386]
AddToCard.c(84): Notify: Transaction "PetStore_SelectItemId_T03" ended with a "Pass" status (Duration: 0.3730 Wasted Time: 0.0000).	[MsgId: MMSG-16871]
AddToCard.c(86): lr_think_time: 3.43 seconds (recorded think time was 5.00 seconds).	[MsgId: MMSG-15947]
Login.c(17): Notify: Transaction "PetStore_Login_T01" started.	[MsgId: MMSG-16999]
Login.c(18): web_reg_find started  	[MsgId: MMSG-26355]
Login.c(18): Registering web_reg_find was successful  	[MsgId: MMSG-26390]
Login.c(20): web_reg_save_param_regexp started  	[MsgId: MMSG-26355]
Login.c(20): Registering web_reg_save_param_regexp was successful  	[MsgId: MMSG-26390]
Login.c(26): web_submit_form("Account.action") started  	[MsgId: MMSG-26355]
Login.c(26): Notify: Parameter Substitution: parameter "randomUsername" =  "PJEI"	[MsgId: MMSG-13992]
Login.c(26): Notify: Parameter Substitution: parameter "randompass" =  "eggo"	[MsgId: MMSG-13992]
Login.c(26): Submitting form to "https://petstore.octoperf.com/actions/Account.action", Target Frame=""  	[MsgId: MMSG-27978]
Registration.c(137): Notify: Transaction "PetStore_SignOut_T05" started.	[MsgId: MMSG-16999]
Registration.c(139): web_reg_find started  	[MsgId: MMSG-26355]
Registration.c(139): Registering web_reg_find was successful  	[MsgId: MMSG-26390]
Registration.c(142): web_url("Account.action_2") started  	[MsgId: MMSG-26355]
Login.c(26): Redirecting "https://petstore.octoperf.com/actions/Account.action" (redirection depth is 0)  	[MsgId: MMSG-26694]
Login.c(26): To location "https://petstore.octoperf.com/actions/Catalog.action"  	[MsgId: MMSG-26693]
Registration.c(142): Redirecting "https://petstore.octoperf.com/actions/Account.action?signoff=" (redirection depth is 0)  	[MsgId: MMSG-26694]
Registration.c(142): To location "https://petstore.octoperf.com/actions/Catalog.action"  	[MsgId: MMSG-26693]
Login.c(26): Resource "https://petstore.octoperf.com/css/jpetstore.css" is in the cache already and will not be downloaded again  	[MsgId: MMSG-26655]
Login.c(26): Resource "https://petstore.octoperf.com/images/logo-topbar.svg" is in the cache already and will not be downloaded again  	[MsgId: MMSG-26655]
Login.c(26): Resource "https://petstore.octoperf.com/images/cart.gif" is in the cache already and will not be downloaded again  	[MsgId: MMSG-26655]
Login.c(26): Resource "https://petstore.octoperf.com/images/separator.gif" is in the cache already and will not be downloaded again  	[MsgId: MMSG-26655]
Login.c(26): Resource "https://petstore.octoperf.com/images/sm_fish.gif" is in the cache already and will not be downloaded again  	[MsgId: MMSG-26655]
Login.c(26): Resource "https://petstore.octoperf.com/images/sm_dogs.gif" is in the cache already and will not be downloaded again  	[MsgId: MMSG-26655]
Login.c(26): Resource "https://petstore.octoperf.com/images/sm_reptiles.gif" is in the cache already and will not be downloaded again  	[MsgId: MMSG-26655]
Login.c(26): Resource "https://petstore.octoperf.com/images/sm_cats.gif" is in the cache already and will not be downloaded again  	[MsgId: MMSG-26655]
Login.c(26): Resource "https://petstore.octoperf.com/images/sm_birds.gif" is in the cache already and will not be downloaded again  	[MsgId: MMSG-26655]
Login.c(26): Resource "https://petstore.octoperf.com/images/fish_icon.gif" is in the cache already and will not be downloaded again  	[MsgId: MMSG-26655]
Login.c(26): Resource "https://petstore.octoperf.com/images/dogs_icon.gif" is in the cache already and will not be downloaded again  	[MsgId: MMSG-26655]
Login.c(26): Resource "https://petstore.octoperf.com/images/cats_icon.gif" is in the cache already and will not be downloaded again  	[MsgId: MMSG-26655]
Login.c(26): Resource "https://petstore.octoperf.com/images/reptiles_icon.gif" is in the cache already and will not be downloaded again  	[MsgId: MMSG-26655]
Login.c(26): Resource "https://petstore.octoperf.com/images/birds_icon.gif" is in the cache already and will not be downloaded again  	[MsgId: MMSG-26655]
Login.c(26): Resource "https://petstore.octoperf.com/images/splash.gif" is in the cache already and will not be downloaded again  	[MsgId: MMSG-26655]
Login.c(26): Found resource "https://petstore.octoperf.com/images/banner_fish.gif" in HTML "https://petstore.octoperf.com/actions/Catalog.action"  	[MsgId: MMSG-26659]
Login.c(26): Notify: Saving Parameter "ProductName_1 = BIRDS".	[MsgId: MMSG-13798]
Login.c(26): Notify: Saving Parameter "ProductName_2 = FISH".	[MsgId: MMSG-13798]
Login.c(26): Notify: Saving Parameter "ProductName_3 = DOGS".	[MsgId: MMSG-13798]
Login.c(26): Notify: Saving Parameter "ProductName_4 = REPTILES".	[MsgId: MMSG-13798]
Login.c(26): Notify: Saving Parameter "ProductName_5 = CATS".	[MsgId: MMSG-13798]
Login.c(26): Notify: Saving Parameter "ProductName_6 = BIRDS".	[MsgId: MMSG-13798]
Registration.c(17): Registered web_reg_find successful for "Text=OctoPerf" (count=1)  	[MsgId: MMSG-26364]
Registration.c(17): web_url("Catalog.action") was successful, 69386 body bytes, 4543 header bytes  	[MsgId: MMSG-26386]
Registration.c(25): Notify: Transaction "PetStore_EnterToPetStore_T01" ended with a "Pass" status (Duration: 1.1840 Wasted Time: 0.0002).	[MsgId: MMSG-16871]
Registration.c(27): lr_think_time: 2.58 seconds (recorded think time was 5.00 seconds).	[MsgId: MMSG-15947]
Registration.c(142): Resource "https://petstore.octoperf.com/css/jpetstore.css" is in the cache already and will not be downloaded again  	[MsgId: MMSG-26655]
Registration.c(142): Resource "https://petstore.octoperf.com/images/logo-topbar.svg" is in the cache already and will not be downloaded again  	[MsgId: MMSG-26655]
Registration.c(142): Resource "https://petstore.octoperf.com/images/cart.gif" is in the cache already and will not be downloaded again  	[MsgId: MMSG-26655]
Registration.c(142): Resource "https://petstore.octoperf.com/images/separator.gif" is in the cache already and will not be downloaded again  	[MsgId: MMSG-26655]
Registration.c(142): Resource "https://petstore.octoperf.com/images/sm_fish.gif" is in the cache already and will not be downloaded again  	[MsgId: MMSG-26655]
Registration.c(142): Resource "https://petstore.octoperf.com/images/sm_dogs.gif" is in the cache already and will not be downloaded again  	[MsgId: MMSG-26655]
Registration.c(142): Resource "https://petstore.octoperf.com/images/sm_reptiles.gif" is in the cache already and will not be downloaded again  	[MsgId: MMSG-26655]
Registration.c(142): Resource "https://petstore.octoperf.com/images/sm_cats.gif" is in the cache already and will not be downloaded again  	[MsgId: MMSG-26655]
Registration.c(142): Resource "https://petstore.octoperf.com/images/sm_birds.gif" is in the cache already and will not be downloaded again  	[MsgId: MMSG-26655]
Registration.c(142): Resource "https://petstore.octoperf.com/images/fish_icon.gif" is in the cache already and will not be downloaded again  	[MsgId: MMSG-26655]
Registration.c(142): Resource "https://petstore.octoperf.com/images/dogs_icon.gif" is in the cache already and will not be downloaded again  	[MsgId: MMSG-26655]
Registration.c(142): Resource "https://petstore.octoperf.com/images/cats_icon.gif" is in the cache already and will not be downloaded again  	[MsgId: MMSG-26655]
Registration.c(142): Resource "https://petstore.octoperf.com/images/reptiles_icon.gif" is in the cache already and will not be downloaded again  	[MsgId: MMSG-26655]
Registration.c(142): Resource "https://petstore.octoperf.com/images/birds_icon.gif" is in the cache already and will not be downloaded again  	[MsgId: MMSG-26655]
Registration.c(142): Resource "https://petstore.octoperf.com/images/splash.gif" is in the cache already and will not be downloaded again  	[MsgId: MMSG-26655]
Registration.c(142): Registered web_reg_find successful for "Text=Sign In" (count=1)  	[MsgId: MMSG-26364]
Registration.c(142): web_url("Account.action_2") was successful, 4736 body bytes, 518 header bytes  	[MsgId: MMSG-26386]
Registration.c(151): Notify: Transaction "PetStore_SignOut_T05" ended with a "Pass" status (Duration: 0.2537 Wasted Time: 0.0000).	[MsgId: MMSG-16871]
Login.c(4): Notify: Transaction "PetStore_ClickOnSignIn_T01" started.	[MsgId: MMSG-16999]
Login.c(6): web_reg_find started  	[MsgId: MMSG-26355]
Login.c(6): Registering web_reg_find was successful  	[MsgId: MMSG-26390]
Login.c(9): web_link("Sign In") started  	[MsgId: MMSG-26355]
Login.c(9): Linking to "https://petstore.octoperf.com/actions/Account.action?signonForm=", Target Frame=""  	[MsgId: MMSG-27994]
Login.c(26): Notify: Saving Parameter "ProductName_count = 6".	[MsgId: MMSG-13798]
Login.c(26): Registered web_reg_find successful for "Text=My Account" (count=1)  	[MsgId: MMSG-26364]
Login.c(26): web_submit_form("Account.action") was successful, 11416 body bytes, 727 header bytes  	[MsgId: MMSG-26386]
Login.c(34): Notify: Transaction "PetStore_Login_T01" ended with a "Pass" status (Duration: 0.5058 Wasted Time: 0.0003).	[MsgId: MMSG-16871]
Ending action Login.	[MsgId: MMSG-15918]
Starting action RemoveTheProduct.	[MsgId: MMSG-15919]
AddToCard.c(8): Notify: Transaction "PetStore_AddAproduct_T01" started.	[MsgId: MMSG-16999]
AddToCard.c(11): Notify: Parameter Substitution: parameter "ProductName_count" =  "6"	[MsgId: MMSG-13992]
AddToCard.c(12): Notify: Parameter Substitution: parameter "ProductName_5" =  "CATS"	[MsgId: MMSG-13992]
AddToCard.c(14): Notify: Saving Parameter "RandCategory = CATS".	[MsgId: MMSG-13798]
AddToCard.c(15): Notify: Parameter Substitution: parameter "RandCategory" =  "CATS"	[MsgId: MMSG-13992]
AddToCard.c(15): Random category selected in Action2 = CATS	[MsgId: MMSG-17999]
AddToCard.c(17): web_reg_find started  	[MsgId: MMSG-26355]
AddToCard.c(17): Notify: Parameter Substitution: parameter "RandCategory" =  "CATS"	[MsgId: MMSG-13992]
AddToCard.c(17): Registering web_reg_find was successful  	[MsgId: MMSG-26390]
AddToCard.c(20): web_reg_save_param_regexp started  	[MsgId: MMSG-26355]
AddToCard.c(20): Registering web_reg_save_param_regexp was successful  	[MsgId: MMSG-26390]
AddToCard.c(27): web_url("Catalog.action_2") started  	[MsgId: MMSG-26355]
AddToCard.c(27): Notify: Parameter Substitution: parameter "RandCategory" =  "CATS"	[MsgId: MMSG-13992]
Login.c(9): Resource "https://petstore.octoperf.com/css/jpetstore.css" is in the cache already and will not be downloaded again  	[MsgId: MMSG-26655]
Login.c(9): Resource "https://petstore.octoperf.com/images/logo-topbar.svg" is in the cache already and will not be downloaded again  	[MsgId: MMSG-26655]
Login.c(9): Resource "https://petstore.octoperf.com/images/cart.gif" is in the cache already and will not be downloaded again  	[MsgId: MMSG-26655]
Login.c(9): Resource "https://petstore.octoperf.com/images/separator.gif" is in the cache already and will not be downloaded again  	[MsgId: MMSG-26655]
Login.c(9): Resource "https://petstore.octoperf.com/images/sm_fish.gif" is in the cache already and will not be downloaded again  	[MsgId: MMSG-26655]
Login.c(9): Resource "https://petstore.octoperf.com/images/sm_dogs.gif" is in the cache already and will not be downloaded again  	[MsgId: MMSG-26655]
Login.c(9): Resource "https://petstore.octoperf.com/images/sm_reptiles.gif" is in the cache already and will not be downloaded again  	[MsgId: MMSG-26655]
Login.c(9): Resource "https://petstore.octoperf.com/images/sm_cats.gif" is in the cache already and will not be downloaded again  	[MsgId: MMSG-26655]
Login.c(9): Resource "https://petstore.octoperf.com/images/sm_birds.gif" is in the cache already and will not be downloaded again  	[MsgId: MMSG-26655]
Login.c(9): Registered web_reg_find successful for "Text=Please enter your username and password" (count=1)  	[MsgId: MMSG-26364]
Login.c(9): web_link("Sign In") was successful, 3858 body bytes, 225 header bytes  	[MsgId: MMSG-26386]
Login.c(13): Notify: Transaction "PetStore_ClickOnSignIn_T01" ended with a "Pass" status (Duration: 0.1279 Wasted Time: 0.0000).	[MsgId: MMSG-16871]
Login.c(15): lr_think_time: 3.80 seconds (recorded think time was 5.00 seconds).	[MsgId: MMSG-15947]
AddToCard.c(27): Resource "https://petstore.octoperf.com/css/jpetstore.css" is in the cache already and will not be downloaded again  	[MsgId: MMSG-26655]
AddToCard.c(27): Resource "https://petstore.octoperf.com/images/logo-topbar.svg" is in the cache already and will not be downloaded again  	[MsgId: MMSG-26655]
AddToCard.c(27): Resource "https://petstore.octoperf.com/images/cart.gif" is in the cache already and will not be downloaded again  	[MsgId: MMSG-26655]
AddToCard.c(27): Resource "https://petstore.octoperf.com/images/separator.gif" is in the cache already and will not be downloaded again  	[MsgId: MMSG-26655]
AddToCard.c(27): Resource "https://petstore.octoperf.com/images/sm_fish.gif" is in the cache already and will not be downloaded again  	[MsgId: MMSG-26655]
AddToCard.c(27): Resource "https://petstore.octoperf.com/images/sm_dogs.gif" is in the cache already and will not be downloaded again  	[MsgId: MMSG-26655]
AddToCard.c(27): Resource "https://petstore.octoperf.com/images/sm_reptiles.gif" is in the cache already and will not be downloaded again  	[MsgId: MMSG-26655]
AddToCard.c(27): Resource "https://petstore.octoperf.com/images/sm_cats.gif" is in the cache already and will not be downloaded again  	[MsgId: MMSG-26655]
AddToCard.c(27): Resource "https://petstore.octoperf.com/images/sm_birds.gif" is in the cache already and will not be downloaded again  	[MsgId: MMSG-26655]
AddToCard.c(27): Resource "https://petstore.octoperf.com/images/banner_fish.gif" is in the cache already and will not be downloaded again  	[MsgId: MMSG-26655]
AddToCard.c(27): Notify: Saving Parameter "productId_1 = FL-DSH-01".	[MsgId: MMSG-13798]
AddToCard.c(27): Notify: Saving Parameter "productId_2 = FL-DLH-02".	[MsgId: MMSG-13798]
AddToCard.c(27): Notify: Saving Parameter "productId_count = 2".	[MsgId: MMSG-13798]
AddToCard.c(27): Registered web_reg_find successful for "Text=CATS" (count=1)  	[MsgId: MMSG-26364]
AddToCard.c(27): web_url("Catalog.action_2") was successful, 3621 body bytes, 225 header bytes  	[MsgId: MMSG-26386]
AddToCard.c(36): Notify: Transaction "PetStore_AddAproduct_T01" ended with a "Pass" status (Duration: 0.2923 Wasted Time: 0.0004).	[MsgId: MMSG-16871]
AddToCard.c(38): lr_think_time: 4.54 seconds (recorded think time was 5.00 seconds).	[MsgId: MMSG-15947]
Login.c(17): Notify: Transaction "PetStore_Login_T01" started.	[MsgId: MMSG-16999]
Login.c(18): web_reg_find started  	[MsgId: MMSG-26355]
Login.c(18): Registering web_reg_find was successful  	[MsgId: MMSG-26390]
Login.c(20): web_reg_save_param_regexp started  	[MsgId: MMSG-26355]
Login.c(20): Registering web_reg_save_param_regexp was successful  	[MsgId: MMSG-26390]
Login.c(26): web_submit_form("Account.action") started  	[MsgId: MMSG-26355]
Login.c(26): Notify: Parameter Substitution: parameter "randomUsername" =  "JNBV"	[MsgId: MMSG-13992]
Login.c(26): Notify: Parameter Substitution: parameter "randompass" =  "bwkq"	[MsgId: MMSG-13992]
Login.c(26): Submitting form to "https://petstore.octoperf.com/actions/Account.action", Target Frame=""  	[MsgId: MMSG-27978]
Login.c(26): Redirecting "https://petstore.octoperf.com/actions/Account.action" (redirection depth is 0)  	[MsgId: MMSG-26694]
Login.c(26): To location "https://petstore.octoperf.com/actions/Catalog.action"  	[MsgId: MMSG-26693]
Login.c(26): Resource "https://petstore.octoperf.com/css/jpetstore.css" is in the cache already and will not be downloaded again  	[MsgId: MMSG-26655]
Login.c(26): Resource "https://petstore.octoperf.com/images/logo-topbar.svg" is in the cache already and will not be downloaded again  	[MsgId: MMSG-26655]
Login.c(26): Resource "https://petstore.octoperf.com/images/cart.gif" is in the cache already and will not be downloaded again  	[MsgId: MMSG-26655]
Login.c(26): Resource "https://petstore.octoperf.com/images/separator.gif" is in the cache already and will not be downloaded again  	[MsgId: MMSG-26655]
Login.c(26): Resource "https://petstore.octoperf.com/images/sm_fish.gif" is in the cache already and will not be downloaded again  	[MsgId: MMSG-26655]
Login.c(26): Resource "https://petstore.octoperf.com/images/sm_dogs.gif" is in the cache already and will not be downloaded again  	[MsgId: MMSG-26655]
Login.c(26): Resource "https://petstore.octoperf.com/images/sm_reptiles.gif" is in the cache already and will not be downloaded again  	[MsgId: MMSG-26655]
Login.c(26): Resource "https://petstore.octoperf.com/images/sm_cats.gif" is in the cache already and will not be downloaded again  	[MsgId: MMSG-26655]
Login.c(26): Resource "https://petstore.octoperf.com/images/sm_birds.gif" is in the cache already and will not be downloaded again  	[MsgId: MMSG-26655]
Login.c(26): Resource "https://petstore.octoperf.com/images/fish_icon.gif" is in the cache already and will not be downloaded again  	[MsgId: MMSG-26655]
Login.c(26): Resource "https://petstore.octoperf.com/images/dogs_icon.gif" is in the cache already and will not be downloaded again  	[MsgId: MMSG-26655]
Login.c(26): Resource "https://petstore.octoperf.com/images/cats_icon.gif" is in the cache already and will not be downloaded again  	[MsgId: MMSG-26655]
Login.c(26): Resource "https://petstore.octoperf.com/images/reptiles_icon.gif" is in the cache already and will not be downloaded again  	[MsgId: MMSG-26655]
Login.c(26): Resource "https://petstore.octoperf.com/images/birds_icon.gif" is in the cache already and will not be downloaded again  	[MsgId: MMSG-26655]
Login.c(26): Resource "https://petstore.octoperf.com/images/splash.gif" is in the cache already and will not be downloaded again  	[MsgId: MMSG-26655]
Login.c(26): Found resource "https://petstore.octoperf.com/images/banner_fish.gif" in HTML "https://petstore.octoperf.com/actions/Catalog.action"  	[MsgId: MMSG-26659]
Login.c(26): Notify: Saving Parameter "ProductName_1 = BIRDS".	[MsgId: MMSG-13798]
Login.c(26): Notify: Saving Parameter "ProductName_2 = FISH".	[MsgId: MMSG-13798]
Login.c(26): Notify: Saving Parameter "ProductName_3 = DOGS".	[MsgId: MMSG-13798]
Login.c(26): Notify: Saving Parameter "ProductName_4 = REPTILES".	[MsgId: MMSG-13798]
Login.c(26): Notify: Saving Parameter "ProductName_5 = CATS".	[MsgId: MMSG-13798]
Login.c(26): Notify: Saving Parameter "ProductName_6 = BIRDS".	[MsgId: MMSG-13798]
Login.c(26): Notify: Saving Parameter "ProductName_count = 6".	[MsgId: MMSG-13798]
Login.c(26): Registered web_reg_find successful for "Text=My Account" (count=1)  	[MsgId: MMSG-26364]
Login.c(26): web_submit_form("Account.action") was successful, 11416 body bytes, 727 header bytes  	[MsgId: MMSG-26386]
Login.c(34): Notify: Transaction "PetStore_Login_T01" ended with a "Pass" status (Duration: 0.4974 Wasted Time: 0.0004).	[MsgId: MMSG-16871]
Ending action Login.	[MsgId: MMSG-15918]
Starting action RemoveTheProduct.	[MsgId: MMSG-15919]
AddToCard.c(8): Notify: Transaction "PetStore_AddAproduct_T01" started.	[MsgId: MMSG-16999]
AddToCard.c(11): Notify: Parameter Substitution: parameter "ProductName_count" =  "6"	[MsgId: MMSG-13992]
AddToCard.c(12): Notify: Parameter Substitution: parameter "ProductName_3" =  "DOGS"	[MsgId: MMSG-13992]
AddToCard.c(14): Notify: Saving Parameter "RandCategory = DOGS".	[MsgId: MMSG-13798]
AddToCard.c(15): Notify: Parameter Substitution: parameter "RandCategory" =  "DOGS"	[MsgId: MMSG-13992]
AddToCard.c(15): Random category selected in Action2 = DOGS	[MsgId: MMSG-17999]
AddToCard.c(17): web_reg_find started  	[MsgId: MMSG-26355]
AddToCard.c(17): Notify: Parameter Substitution: parameter "RandCategory" =  "DOGS"	[MsgId: MMSG-13992]
AddToCard.c(17): Registering web_reg_find was successful  	[MsgId: MMSG-26390]
AddToCard.c(20): web_reg_save_param_regexp started  	[MsgId: MMSG-26355]
AddToCard.c(20): Registering web_reg_save_param_regexp was successful  	[MsgId: MMSG-26390]
AddToCard.c(27): web_url("Catalog.action_2") started  	[MsgId: MMSG-26355]
AddToCard.c(27): Notify: Parameter Substitution: parameter "RandCategory" =  "DOGS"	[MsgId: MMSG-13992]
AddToCard.c(27): Resource "https://petstore.octoperf.com/css/jpetstore.css" is in the cache already and will not be downloaded again  	[MsgId: MMSG-26655]
AddToCard.c(27): Resource "https://petstore.octoperf.com/images/logo-topbar.svg" is in the cache already and will not be downloaded again  	[MsgId: MMSG-26655]
AddToCard.c(27): Resource "https://petstore.octoperf.com/images/cart.gif" is in the cache already and will not be downloaded again  	[MsgId: MMSG-26655]
AddToCard.c(27): Resource "https://petstore.octoperf.com/images/separator.gif" is in the cache already and will not be downloaded again  	[MsgId: MMSG-26655]
AddToCard.c(27): Resource "https://petstore.octoperf.com/images/sm_fish.gif" is in the cache already and will not be downloaded again  	[MsgId: MMSG-26655]
AddToCard.c(27): Resource "https://petstore.octoperf.com/images/sm_dogs.gif" is in the cache already and will not be downloaded again  	[MsgId: MMSG-26655]
AddToCard.c(27): Resource "https://petstore.octoperf.com/images/sm_reptiles.gif" is in the cache already and will not be downloaded again  	[MsgId: MMSG-26655]
AddToCard.c(27): Resource "https://petstore.octoperf.com/images/sm_cats.gif" is in the cache already and will not be downloaded again  	[MsgId: MMSG-26655]
AddToCard.c(27): Resource "https://petstore.octoperf.com/images/sm_birds.gif" is in the cache already and will not be downloaded again  	[MsgId: MMSG-26655]
AddToCard.c(27): Resource "https://petstore.octoperf.com/images/banner_fish.gif" is in the cache already and will not be downloaded again  	[MsgId: MMSG-26655]
AddToCard.c(27): Notify: Saving Parameter "productId_1 = K9-BD-01".	[MsgId: MMSG-13798]
AddToCard.c(27): Notify: Saving Parameter "productId_2 = K9-PO-02".	[MsgId: MMSG-13798]
AddToCard.c(27): Notify: Saving Parameter "productId_3 = K9-DL-01".	[MsgId: MMSG-13798]
AddToCard.c(27): Notify: Saving Parameter "productId_4 = K9-RT-01".	[MsgId: MMSG-13798]
AddToCard.c(27): Notify: Saving Parameter "productId_5 = K9-RT-02".	[MsgId: MMSG-13798]
AddToCard.c(27): Notify: Saving Parameter "productId_6 = K9-CW-01".	[MsgId: MMSG-13798]
AddToCard.c(27): Notify: Saving Parameter "productId_count = 6".	[MsgId: MMSG-13798]
AddToCard.c(27): Registered web_reg_find successful for "Text=DOGS" (count=1)  	[MsgId: MMSG-26364]
AddToCard.c(27): web_url("Catalog.action_2") was successful, 4171 body bytes, 225 header bytes  	[MsgId: MMSG-26386]
AddToCard.c(36): Notify: Transaction "PetStore_AddAproduct_T01" ended with a "Pass" status (Duration: 0.2883 Wasted Time: 0.0003).	[MsgId: MMSG-16871]
AddToCard.c(38): lr_think_time: 3.04 seconds (recorded think time was 5.00 seconds).	[MsgId: MMSG-15947]
Registration.c(29): Notify: Transaction "PetStore_ClickOnSignIn_T02" started.	[MsgId: MMSG-16999]
Registration.c(31): web_reg_find started  	[MsgId: MMSG-26355]
Registration.c(31): Registering web_reg_find was successful  	[MsgId: MMSG-26390]
Registration.c(34): web_link("Sign In") started  	[MsgId: MMSG-26355]
Registration.c(34): Linking to "https://petstore.octoperf.com/actions/Account.action;jsessionid=A811E1A18BEA4BC37ED8EFD68F3F81EC?signonForm=", Target Frame=""  	[MsgId: MMSG-27994]
Registration.c(34): Resource "https://petstore.octoperf.com/css/jpetstore.css" is in the cache already and will not be downloaded again  	[MsgId: MMSG-26655]
Registration.c(34): Resource "https://petstore.octoperf.com/images/logo-topbar.svg" is in the cache already and will not be downloaded again  	[MsgId: MMSG-26655]
Registration.c(34): Resource "https://petstore.octoperf.com/images/cart.gif" is in the cache already and will not be downloaded again  	[MsgId: MMSG-26655]
Registration.c(34): Resource "https://petstore.octoperf.com/images/separator.gif" is in the cache already and will not be downloaded again  	[MsgId: MMSG-26655]
Registration.c(34): Resource "https://petstore.octoperf.com/images/sm_fish.gif" is in the cache already and will not be downloaded again  	[MsgId: MMSG-26655]
Registration.c(34): Resource "https://petstore.octoperf.com/images/sm_dogs.gif" is in the cache already and will not be downloaded again  	[MsgId: MMSG-26655]
Registration.c(34): Resource "https://petstore.octoperf.com/images/sm_reptiles.gif" is in the cache already and will not be downloaded again  	[MsgId: MMSG-26655]
Registration.c(34): Resource "https://petstore.octoperf.com/images/sm_cats.gif" is in the cache already and will not be downloaded again  	[MsgId: MMSG-26655]
Registration.c(34): Resource "https://petstore.octoperf.com/images/sm_birds.gif" is in the cache already and will not be downloaded again  	[MsgId: MMSG-26655]
Registration.c(34): Registered web_reg_find successful for "Text=Please enter your username and password" (count=1)  	[MsgId: MMSG-26364]
Registration.c(34): web_link("Sign In") was successful, 3860 body bytes, 225 header bytes  	[MsgId: MMSG-26386]
Registration.c(39): Notify: Transaction "PetStore_ClickOnSignIn_T02" ended with a "Pass" status (Duration: 0.1270 Wasted Time: 0.0000).	[MsgId: MMSG-16871]
Registration.c(41): lr_think_time: 3.69 seconds (recorded think time was 5.00 seconds).	[MsgId: MMSG-15947]
Registration.c(29): Notify: Transaction "PetStore_ClickOnSignIn_T02" started.	[MsgId: MMSG-16999]
Registration.c(31): web_reg_find started  	[MsgId: MMSG-26355]
Registration.c(31): Registering web_reg_find was successful  	[MsgId: MMSG-26390]
Registration.c(34): web_link("Sign In") started  	[MsgId: MMSG-26355]
Registration.c(34): Linking to "https://petstore.octoperf.com/actions/Account.action;jsessionid=30FAB003EFAB86DC5BA68DF25720F7AE?signonForm=", Target Frame=""  	[MsgId: MMSG-27994]
Registration.c(137): Notify: Transaction "PetStore_SignOut_T05" started.	[MsgId: MMSG-16999]
Registration.c(139): web_reg_find started  	[MsgId: MMSG-26355]
Registration.c(139): Registering web_reg_find was successful  	[MsgId: MMSG-26390]
Registration.c(142): web_url("Account.action_2") started  	[MsgId: MMSG-26355]
Registration.c(43): Notify: Transaction "PetStore_ClickOnRegistration_T03" started.	[MsgId: MMSG-16999]
Registration.c(45): web_reg_find started  	[MsgId: MMSG-26355]
Registration.c(45): Registering web_reg_find was successful  	[MsgId: MMSG-26390]
Registration.c(48): web_link("Register Now!") started  	[MsgId: MMSG-26355]
Registration.c(48): Linking to "https://petstore.octoperf.com/actions/Account.action?newAccountForm=", Target Frame=""  	[MsgId: MMSG-27994]
Registration.c(34): Resource "https://petstore.octoperf.com/css/jpetstore.css" is in the cache already and will not be downloaded again  	[MsgId: MMSG-26655]
Registration.c(34): Resource "https://petstore.octoperf.com/images/logo-topbar.svg" is in the cache already and will not be downloaded again  	[MsgId: MMSG-26655]
Registration.c(34): Resource "https://petstore.octoperf.com/images/cart.gif" is in the cache already and will not be downloaded again  	[MsgId: MMSG-26655]
Registration.c(34): Resource "https://petstore.octoperf.com/images/separator.gif" is in the cache already and will not be downloaded again  	[MsgId: MMSG-26655]
Registration.c(34): Resource "https://petstore.octoperf.com/images/sm_fish.gif" is in the cache already and will not be downloaded again  	[MsgId: MMSG-26655]
Registration.c(34): Resource "https://petstore.octoperf.com/images/sm_dogs.gif" is in the cache already and will not be downloaded again  	[MsgId: MMSG-26655]
Registration.c(34): Resource "https://petstore.octoperf.com/images/sm_reptiles.gif" is in the cache already and will not be downloaded again  	[MsgId: MMSG-26655]
Registration.c(34): Resource "https://petstore.octoperf.com/images/sm_cats.gif" is in the cache already and will not be downloaded again  	[MsgId: MMSG-26655]
Registration.c(34): Resource "https://petstore.octoperf.com/images/sm_birds.gif" is in the cache already and will not be downloaded again  	[MsgId: MMSG-26655]
Registration.c(34): Registered web_reg_find successful for "Text=Please enter your username and password" (count=1)  	[MsgId: MMSG-26364]
Registration.c(34): web_link("Sign In") was successful, 3858 body bytes, 225 header bytes  	[MsgId: MMSG-26386]
Registration.c(39): Notify: Transaction "PetStore_ClickOnSignIn_T02" ended with a "Pass" status (Duration: 0.1283 Wasted Time: 0.0000).	[MsgId: MMSG-16871]
Registration.c(41): lr_think_time: 4.97 seconds (recorded think time was 5.00 seconds).	[MsgId: MMSG-15947]
Registration.c(142): Redirecting "https://petstore.octoperf.com/actions/Account.action?signoff=" (redirection depth is 0)  	[MsgId: MMSG-26694]
Registration.c(142): To location "https://petstore.octoperf.com/actions/Catalog.action"  	[MsgId: MMSG-26693]
Registration.c(48): Resource "https://petstore.octoperf.com/css/jpetstore.css" is in the cache already and will not be downloaded again  	[MsgId: MMSG-26655]
Registration.c(48): Resource "https://petstore.octoperf.com/images/logo-topbar.svg" is in the cache already and will not be downloaded again  	[MsgId: MMSG-26655]
Registration.c(48): Resource "https://petstore.octoperf.com/images/cart.gif" is in the cache already and will not be downloaded again  	[MsgId: MMSG-26655]
Registration.c(48): Resource "https://petstore.octoperf.com/images/separator.gif" is in the cache already and will not be downloaded again  	[MsgId: MMSG-26655]
Registration.c(48): Resource "https://petstore.octoperf.com/images/sm_fish.gif" is in the cache already and will not be downloaded again  	[MsgId: MMSG-26655]
Registration.c(48): Resource "https://petstore.octoperf.com/images/sm_dogs.gif" is in the cache already and will not be downloaded again  	[MsgId: MMSG-26655]
Registration.c(48): Resource "https://petstore.octoperf.com/images/sm_reptiles.gif" is in the cache already and will not be downloaded again  	[MsgId: MMSG-26655]
Registration.c(48): Resource "https://petstore.octoperf.com/images/sm_cats.gif" is in the cache already and will not be downloaded again  	[MsgId: MMSG-26655]
Registration.c(48): Resource "https://petstore.octoperf.com/images/sm_birds.gif" is in the cache already and will not be downloaded again  	[MsgId: MMSG-26655]
Registration.c(48): Registered web_reg_find successful for "Text=User Information" (count=1)  	[MsgId: MMSG-26364]
Registration.c(48): web_link("Register Now!") was successful, 5821 body bytes, 225 header bytes  	[MsgId: MMSG-26386]
Registration.c(53): Notify: Transaction "PetStore_ClickOnRegistration_T03" ended with a "Pass" status (Duration: 0.1289 Wasted Time: 0.0000).	[MsgId: MMSG-16871]
Registration.c(55): lr_think_time: 2.91 seconds (recorded think time was 5.00 seconds).	[MsgId: MMSG-15947]
Registration.c(142): Resource "https://petstore.octoperf.com/css/jpetstore.css" is in the cache already and will not be downloaded again  	[MsgId: MMSG-26655]
Registration.c(142): Resource "https://petstore.octoperf.com/images/logo-topbar.svg" is in the cache already and will not be downloaded again  	[MsgId: MMSG-26655]
Registration.c(142): Resource "https://petstore.octoperf.com/images/cart.gif" is in the cache already and will not be downloaded again  	[MsgId: MMSG-26655]
Registration.c(142): Resource "https://petstore.octoperf.com/images/separator.gif" is in the cache already and will not be downloaded again  	[MsgId: MMSG-26655]
Registration.c(142): Resource "https://petstore.octoperf.com/images/sm_fish.gif" is in the cache already and will not be downloaded again  	[MsgId: MMSG-26655]
Registration.c(142): Resource "https://petstore.octoperf.com/images/sm_dogs.gif" is in the cache already and will not be downloaded again  	[MsgId: MMSG-26655]
Registration.c(142): Resource "https://petstore.octoperf.com/images/sm_reptiles.gif" is in the cache already and will not be downloaded again  	[MsgId: MMSG-26655]
Registration.c(142): Resource "https://petstore.octoperf.com/images/sm_cats.gif" is in the cache already and will not be downloaded again  	[MsgId: MMSG-26655]
Registration.c(142): Resource "https://petstore.octoperf.com/images/sm_birds.gif" is in the cache already and will not be downloaded again  	[MsgId: MMSG-26655]
Registration.c(142): Resource "https://petstore.octoperf.com/images/fish_icon.gif" is in the cache already and will not be downloaded again  	[MsgId: MMSG-26655]
Registration.c(142): Resource "https://petstore.octoperf.com/images/dogs_icon.gif" is in the cache already and will not be downloaded again  	[MsgId: MMSG-26655]
Registration.c(142): Resource "https://petstore.octoperf.com/images/cats_icon.gif" is in the cache already and will not be downloaded again  	[MsgId: MMSG-26655]
Registration.c(142): Resource "https://petstore.octoperf.com/images/reptiles_icon.gif" is in the cache already and will not be downloaded again  	[MsgId: MMSG-26655]
Registration.c(142): Resource "https://petstore.octoperf.com/images/birds_icon.gif" is in the cache already and will not be downloaded again  	[MsgId: MMSG-26655]
Registration.c(142): Resource "https://petstore.octoperf.com/images/splash.gif" is in the cache already and will not be downloaded again  	[MsgId: MMSG-26655]
Registration.c(142): Registered web_reg_find successful for "Text=Sign In" (count=1)  	[MsgId: MMSG-26364]
Registration.c(142): web_url("Account.action_2") was successful, 4736 body bytes, 518 header bytes  	[MsgId: MMSG-26386]
Registration.c(151): Notify: Transaction "PetStore_SignOut_T05" ended with a "Pass" status (Duration: 0.2517 Wasted Time: 0.0000).	[MsgId: MMSG-16871]
Login.c(4): Notify: Transaction "PetStore_ClickOnSignIn_T01" started.	[MsgId: MMSG-16999]
Login.c(6): web_reg_find started  	[MsgId: MMSG-26355]
Login.c(6): Registering web_reg_find was successful  	[MsgId: MMSG-26390]
Login.c(9): web_link("Sign In") started  	[MsgId: MMSG-26355]
Login.c(9): Linking to "https://petstore.octoperf.com/actions/Account.action?signonForm=", Target Frame=""  	[MsgId: MMSG-27994]
Starting iteration 4.	[MsgId: MMSG-15968]
Notify: Next row for parameter UserName = 1 [table  = UserName].	[MsgId: MMSG-13876]
Notify: Getting new value for parameter 'UserName': table = 'UserName.dat' column = '0' row = '1'.	[MsgId: MMSG-13877]
Notify: Next row for parameter PetStoreEndtoEndFlow_UserName = 1 [table  = PetStoreEndtoEndFlow_UserName].	[MsgId: MMSG-13876]
Notify: Getting new value for parameter 'PetStoreEndtoEndFlow_UserName': table = 'UserCredentilas1.dat' column = '0' row = '1'.	[MsgId: MMSG-13877]
Notify: Next row for parameter PetStoreEndtoEndFlow_pass = 1 [table  = PetStoreEndtoEndFlow_pass].	[MsgId: MMSG-13876]
Notify: Getting new value for parameter 'PetStoreEndtoEndFlow_pass': table = 'UserCredentilas3.dat' column = '0' row = '1'.	[MsgId: MMSG-13877]
Notify: Next row for parameter pass = 1 [table  = pass].	[MsgId: MMSG-13876]
Notify: Getting new value for parameter 'pass': table = 'UserName.dat' column = '0' row = '1'.	[MsgId: MMSG-13877]
Starting action Login.	[MsgId: MMSG-15919]
Registration.c(13): Notify: Transaction "PetStore_EnterToPetStore_T01" started.	[MsgId: MMSG-16999]
Registration.c(14): web_reg_find started  	[MsgId: MMSG-26355]
Registration.c(14): Registering web_reg_find was successful  	[MsgId: MMSG-26390]
Registration.c(17): web_url("Catalog.action") started  	[MsgId: MMSG-26355]
Login.c(9): Resource "https://petstore.octoperf.com/css/jpetstore.css" is in the cache already and will not be downloaded again  	[MsgId: MMSG-26655]
Login.c(9): Resource "https://petstore.octoperf.com/images/logo-topbar.svg" is in the cache already and will not be downloaded again  	[MsgId: MMSG-26655]
Login.c(9): Resource "https://petstore.octoperf.com/images/cart.gif" is in the cache already and will not be downloaded again  	[MsgId: MMSG-26655]
Login.c(9): Resource "https://petstore.octoperf.com/images/separator.gif" is in the cache already and will not be downloaded again  	[MsgId: MMSG-26655]
Login.c(9): Resource "https://petstore.octoperf.com/images/sm_fish.gif" is in the cache already and will not be downloaded again  	[MsgId: MMSG-26655]
Login.c(9): Resource "https://petstore.octoperf.com/images/sm_dogs.gif" is in the cache already and will not be downloaded again  	[MsgId: MMSG-26655]
Login.c(9): Resource "https://petstore.octoperf.com/images/sm_reptiles.gif" is in the cache already and will not be downloaded again  	[MsgId: MMSG-26655]
Login.c(9): Resource "https://petstore.octoperf.com/images/sm_cats.gif" is in the cache already and will not be downloaded again  	[MsgId: MMSG-26655]
Login.c(9): Resource "https://petstore.octoperf.com/images/sm_birds.gif" is in the cache already and will not be downloaded again  	[MsgId: MMSG-26655]
Login.c(9): Registered web_reg_find successful for "Text=Please enter your username and password" (count=1)  	[MsgId: MMSG-26364]
Login.c(9): web_link("Sign In") was successful, 3856 body bytes, 225 header bytes  	[MsgId: MMSG-26386]
Login.c(13): Notify: Transaction "PetStore_ClickOnSignIn_T01" ended with a "Pass" status (Duration: 0.1265 Wasted Time: 0.0000).	[MsgId: MMSG-16871]
Login.c(15): lr_think_time: 3.21 seconds (recorded think time was 5.00 seconds).	[MsgId: MMSG-15947]
AddToCard.c(88): Notify: Transaction "PetStore_AddToCard_T04" started.	[MsgId: MMSG-16999]
AddToCard.c(90): web_reg_find started  	[MsgId: MMSG-26355]
AddToCard.c(90): Registering web_reg_find was successful  	[MsgId: MMSG-26390]
AddToCard.c(94): web_link("Add to Cart") started  	[MsgId: MMSG-26355]
AddToCard.c(94): Linking to "https://petstore.octoperf.com/actions/Cart.action?addItemToCart=&workingItemId=EST-13", Target Frame=""  	[MsgId: MMSG-27994]
AddToCard.c(94): Resource "https://petstore.octoperf.com/css/jpetstore.css" is in the cache already and will not be downloaded again  	[MsgId: MMSG-26655]
AddToCard.c(94): Resource "https://petstore.octoperf.com/images/logo-topbar.svg" is in the cache already and will not be downloaded again  	[MsgId: MMSG-26655]
AddToCard.c(94): Resource "https://petstore.octoperf.com/images/cart.gif" is in the cache already and will not be downloaded again  	[MsgId: MMSG-26655]
AddToCard.c(94): Resource "https://petstore.octoperf.com/images/separator.gif" is in the cache already and will not be downloaded again  	[MsgId: MMSG-26655]
AddToCard.c(94): Resource "https://petstore.octoperf.com/images/sm_fish.gif" is in the cache already and will not be downloaded again  	[MsgId: MMSG-26655]
AddToCard.c(94): Resource "https://petstore.octoperf.com/images/sm_dogs.gif" is in the cache already and will not be downloaded again  	[MsgId: MMSG-26655]
AddToCard.c(94): Resource "https://petstore.octoperf.com/images/sm_reptiles.gif" is in the cache already and will not be downloaded again  	[MsgId: MMSG-26655]
AddToCard.c(94): Resource "https://petstore.octoperf.com/images/sm_cats.gif" is in the cache already and will not be downloaded again  	[MsgId: MMSG-26655]
AddToCard.c(94): Resource "https://petstore.octoperf.com/images/sm_birds.gif" is in the cache already and will not be downloaded again  	[MsgId: MMSG-26655]
AddToCard.c(94): Resource "https://petstore.octoperf.com/images/banner_fish.gif" is in the cache already and will not be downloaded again  	[MsgId: MMSG-26655]
AddToCard.c(94): Registered web_reg_find successful for "Text=Shopping Cart" (count=1)  	[MsgId: MMSG-26364]
AddToCard.c(94): web_link("Add to Cart") was successful, 4634 body bytes, 225 header bytes  	[MsgId: MMSG-26386]
AddToCard.c(99): Notify: Transaction "PetStore_AddToCard_T04" ended with a "Pass" status (Duration: 0.1275 Wasted Time: 0.0000).	[MsgId: MMSG-16871]
RemoveTheProduct.c(7): Notify: Transaction "PetStore_ClickOnViewCartR_T01" started.	[MsgId: MMSG-16999]
RemoveTheProduct.c(8): web_reg_find started  	[MsgId: MMSG-26355]
RemoveTheProduct.c(8): Registering web_reg_find was successful  	[MsgId: MMSG-26390]
RemoveTheProduct.c(10): web_image("cart.gif") started  	[MsgId: MMSG-26355]
RemoveTheProduct.c(10): Image-linking to "https://petstore.octoperf.com/actions/Cart.action?viewCart=", Target Frame=""  	[MsgId: MMSG-27993]
RemoveTheProduct.c(18): Notify: Transaction "PetStore_ClickOnRemove_T02" started.	[MsgId: MMSG-16999]
RemoveTheProduct.c(20): web_reg_find started  	[MsgId: MMSG-26355]
RemoveTheProduct.c(20): Registering web_reg_find was successful  	[MsgId: MMSG-26390]
RemoveTheProduct.c(23): web_link("Remove") started  	[MsgId: MMSG-26355]
RemoveTheProduct.c(23): Linking to "https://petstore.octoperf.com/actions/Cart.action?removeItemFromCart=&workingItemId=EST-18", Target Frame=""  	[MsgId: MMSG-27994]
RemoveTheProduct.c(10): Resource "https://petstore.octoperf.com/css/jpetstore.css" is in the cache already and will not be downloaded again  	[MsgId: MMSG-26655]
RemoveTheProduct.c(10): Resource "https://petstore.octoperf.com/images/logo-topbar.svg" is in the cache already and will not be downloaded again  	[MsgId: MMSG-26655]
RemoveTheProduct.c(10): Resource "https://petstore.octoperf.com/images/cart.gif" is in the cache already and will not be downloaded again  	[MsgId: MMSG-26655]
RemoveTheProduct.c(10): Resource "https://petstore.octoperf.com/images/separator.gif" is in the cache already and will not be downloaded again  	[MsgId: MMSG-26655]
RemoveTheProduct.c(10): Resource "https://petstore.octoperf.com/images/sm_fish.gif" is in the cache already and will not be downloaded again  	[MsgId: MMSG-26655]
RemoveTheProduct.c(10): Resource "https://petstore.octoperf.com/images/sm_dogs.gif" is in the cache already and will not be downloaded again  	[MsgId: MMSG-26655]
RemoveTheProduct.c(10): Resource "https://petstore.octoperf.com/images/sm_reptiles.gif" is in the cache already and will not be downloaded again  	[MsgId: MMSG-26655]
RemoveTheProduct.c(10): Resource "https://petstore.octoperf.com/images/sm_cats.gif" is in the cache already and will not be downloaded again  	[MsgId: MMSG-26655]
RemoveTheProduct.c(10): Resource "https://petstore.octoperf.com/images/sm_birds.gif" is in the cache already and will not be downloaded again  	[MsgId: MMSG-26655]
RemoveTheProduct.c(10): Resource "https://petstore.octoperf.com/images/banner_fish.gif" is in the cache already and will not be downloaded again  	[MsgId: MMSG-26655]
RemoveTheProduct.c(10): Registered web_reg_find successful for "Text=Shopping Cart" (count=1)  	[MsgId: MMSG-26364]
RemoveTheProduct.c(10): web_image("cart.gif") was successful, 4634 body bytes, 225 header bytes  	[MsgId: MMSG-26386]
RemoveTheProduct.c(14): Notify: Transaction "PetStore_ClickOnViewCartR_T01" ended with a "Pass" status (Duration: 0.1269 Wasted Time: 0.0000).	[MsgId: MMSG-16871]
RemoveTheProduct.c(16): lr_think_time: 3.61 seconds (recorded think time was 5.00 seconds).	[MsgId: MMSG-15947]
RemoveTheProduct.c(23): Resource "https://petstore.octoperf.com/css/jpetstore.css" is in the cache already and will not be downloaded again  	[MsgId: MMSG-26655]
RemoveTheProduct.c(23): Resource "https://petstore.octoperf.com/images/logo-topbar.svg" is in the cache already and will not be downloaded again  	[MsgId: MMSG-26655]
RemoveTheProduct.c(23): Resource "https://petstore.octoperf.com/images/cart.gif" is in the cache already and will not be downloaded again  	[MsgId: MMSG-26655]
RemoveTheProduct.c(23): Resource "https://petstore.octoperf.com/images/separator.gif" is in the cache already and will not be downloaded again  	[MsgId: MMSG-26655]
RemoveTheProduct.c(23): Resource "https://petstore.octoperf.com/images/sm_fish.gif" is in the cache already and will not be downloaded again  	[MsgId: MMSG-26655]
RemoveTheProduct.c(23): Resource "https://petstore.octoperf.com/images/sm_dogs.gif" is in the cache already and will not be downloaded again  	[MsgId: MMSG-26655]
RemoveTheProduct.c(23): Resource "https://petstore.octoperf.com/images/sm_reptiles.gif" is in the cache already and will not be downloaded again  	[MsgId: MMSG-26655]
RemoveTheProduct.c(23): Resource "https://petstore.octoperf.com/images/sm_cats.gif" is in the cache already and will not be downloaded again  	[MsgId: MMSG-26655]
RemoveTheProduct.c(23): Resource "https://petstore.octoperf.com/images/sm_birds.gif" is in the cache already and will not be downloaded again  	[MsgId: MMSG-26655]
RemoveTheProduct.c(23): Resource "https://petstore.octoperf.com/images/banner_fish.gif" is in the cache already and will not be downloaded again  	[MsgId: MMSG-26655]
RemoveTheProduct.c(23): Registered web_reg_find successful for "Text=Your cart is empty." (count=1)  	[MsgId: MMSG-26364]
RemoveTheProduct.c(23): web_link("Remove") was successful, 4202 body bytes, 225 header bytes  	[MsgId: MMSG-26386]
RemoveTheProduct.c(28): Notify: Transaction "PetStore_ClickOnRemove_T02" ended with a "Pass" status (Duration: 0.1267 Wasted Time: 0.0000).	[MsgId: MMSG-16871]
Ending action RemoveTheProduct.	[MsgId: MMSG-15918]
Ending iteration 3.	[MsgId: MMSG-15965]
Waiting 6.6340 seconds for iteration pacing.	[MsgId: MMSG-15996]
Registration.c(17): Found resource "https://petstore.octoperf.com/css/jpetstore.css" in HTML "https://petstore.octoperf.com/actions/Catalog.action"  	[MsgId: MMSG-26659]
Registration.c(17): Found resource "https://petstore.octoperf.com/images/logo-topbar.svg" in HTML "https://petstore.octoperf.com/actions/Catalog.action"  	[MsgId: MMSG-26659]
Registration.c(17): Found resource "https://petstore.octoperf.com/images/cart.gif" in HTML "https://petstore.octoperf.com/actions/Catalog.action"  	[MsgId: MMSG-26659]
Registration.c(17): Found resource "https://petstore.octoperf.com/images/separator.gif" in HTML "https://petstore.octoperf.com/actions/Catalog.action"  	[MsgId: MMSG-26659]
Registration.c(17): Found resource "https://petstore.octoperf.com/images/sm_fish.gif" in HTML "https://petstore.octoperf.com/actions/Catalog.action"  	[MsgId: MMSG-26659]
Registration.c(17): Found resource "https://petstore.octoperf.com/images/sm_dogs.gif" in HTML "https://petstore.octoperf.com/actions/Catalog.action"  	[MsgId: MMSG-26659]
Registration.c(17): Found resource "https://petstore.octoperf.com/images/sm_reptiles.gif" in HTML "https://petstore.octoperf.com/actions/Catalog.action"  	[MsgId: MMSG-26659]
Registration.c(17): Found resource "https://petstore.octoperf.com/images/sm_cats.gif" in HTML "https://petstore.octoperf.com/actions/Catalog.action"  	[MsgId: MMSG-26659]
Registration.c(17): Found resource "https://petstore.octoperf.com/images/sm_birds.gif" in HTML "https://petstore.octoperf.com/actions/Catalog.action"  	[MsgId: MMSG-26659]
Registration.c(17): Found resource "https://petstore.octoperf.com/images/fish_icon.gif" in HTML "https://petstore.octoperf.com/actions/Catalog.action"  	[MsgId: MMSG-26659]
Registration.c(17): Found resource "https://petstore.octoperf.com/images/dogs_icon.gif" in HTML "https://petstore.octoperf.com/actions/Catalog.action"  	[MsgId: MMSG-26659]
Registration.c(17): Found resource "https://petstore.octoperf.com/images/cats_icon.gif" in HTML "https://petstore.octoperf.com/actions/Catalog.action"  	[MsgId: MMSG-26659]
Registration.c(17): Found resource "https://petstore.octoperf.com/images/reptiles_icon.gif" in HTML "https://petstore.octoperf.com/actions/Catalog.action"  	[MsgId: MMSG-26659]
Registration.c(17): Found resource "https://petstore.octoperf.com/images/birds_icon.gif" in HTML "https://petstore.octoperf.com/actions/Catalog.action"  	[MsgId: MMSG-26659]
Registration.c(17): Found resource "https://petstore.octoperf.com/images/splash.gif" in HTML "https://petstore.octoperf.com/actions/Catalog.action"  	[MsgId: MMSG-26659]
Login.c(17): Notify: Transaction "PetStore_Login_T01" started.	[MsgId: MMSG-16999]
Login.c(18): web_reg_find started  	[MsgId: MMSG-26355]
Login.c(18): Registering web_reg_find was successful  	[MsgId: MMSG-26390]
Login.c(20): web_reg_save_param_regexp started  	[MsgId: MMSG-26355]
Login.c(20): Registering web_reg_save_param_regexp was successful  	[MsgId: MMSG-26390]
Login.c(26): web_submit_form("Account.action") started  	[MsgId: MMSG-26355]
Login.c(26): Notify: Parameter Substitution: parameter "randomUsername" =  "UMNS"	[MsgId: MMSG-13992]
Login.c(26): Notify: Parameter Substitution: parameter "randompass" =  "pmes"	[MsgId: MMSG-13992]
Login.c(26): Submitting form to "https://petstore.octoperf.com/actions/Account.action", Target Frame=""  	[MsgId: MMSG-27978]
Registration.c(17): Registered web_reg_find successful for "Text=OctoPerf" (count=1)  	[MsgId: MMSG-26364]
Registration.c(17): web_url("Catalog.action") was successful, 69386 body bytes, 4543 header bytes  	[MsgId: MMSG-26386]
Registration.c(25): Notify: Transaction "PetStore_EnterToPetStore_T01" ended with a "Pass" status (Duration: 1.1786 Wasted Time: 0.0002).	[MsgId: MMSG-16871]
Registration.c(27): lr_think_time: 3.38 seconds (recorded think time was 5.00 seconds).	[MsgId: MMSG-15947]
Login.c(26): Redirecting "https://petstore.octoperf.com/actions/Account.action" (redirection depth is 0)  	[MsgId: MMSG-26694]
Login.c(26): To location "https://petstore.octoperf.com/actions/Catalog.action"  	[MsgId: MMSG-26693]
Login.c(26): Resource "https://petstore.octoperf.com/css/jpetstore.css" is in the cache already and will not be downloaded again  	[MsgId: MMSG-26655]
Login.c(26): Resource "https://petstore.octoperf.com/images/logo-topbar.svg" is in the cache already and will not be downloaded again  	[MsgId: MMSG-26655]
Login.c(26): Resource "https://petstore.octoperf.com/images/cart.gif" is in the cache already and will not be downloaded again  	[MsgId: MMSG-26655]
Login.c(26): Resource "https://petstore.octoperf.com/images/separator.gif" is in the cache already and will not be downloaded again  	[MsgId: MMSG-26655]
Login.c(26): Resource "https://petstore.octoperf.com/images/sm_fish.gif" is in the cache already and will not be downloaded again  	[MsgId: MMSG-26655]
Login.c(26): Resource "https://petstore.octoperf.com/images/sm_dogs.gif" is in the cache already and will not be downloaded again  	[MsgId: MMSG-26655]
Login.c(26): Resource "https://petstore.octoperf.com/images/sm_reptiles.gif" is in the cache already and will not be downloaded again  	[MsgId: MMSG-26655]
Login.c(26): Resource "https://petstore.octoperf.com/images/sm_cats.gif" is in the cache already and will not be downloaded again  	[MsgId: MMSG-26655]
Login.c(26): Resource "https://petstore.octoperf.com/images/sm_birds.gif" is in the cache already and will not be downloaded again  	[MsgId: MMSG-26655]
Login.c(26): Resource "https://petstore.octoperf.com/images/fish_icon.gif" is in the cache already and will not be downloaded again  	[MsgId: MMSG-26655]
Login.c(26): Resource "https://petstore.octoperf.com/images/dogs_icon.gif" is in the cache already and will not be downloaded again  	[MsgId: MMSG-26655]
Login.c(26): Resource "https://petstore.octoperf.com/images/cats_icon.gif" is in the cache already and will not be downloaded again  	[MsgId: MMSG-26655]
Login.c(26): Resource "https://petstore.octoperf.com/images/reptiles_icon.gif" is in the cache already and will not be downloaded again  	[MsgId: MMSG-26655]
Login.c(26): Resource "https://petstore.octoperf.com/images/birds_icon.gif" is in the cache already and will not be downloaded again  	[MsgId: MMSG-26655]
Login.c(26): Resource "https://petstore.octoperf.com/images/splash.gif" is in the cache already and will not be downloaded again  	[MsgId: MMSG-26655]
Login.c(26): Found resource "https://petstore.octoperf.com/images/banner_fish.gif" in HTML "https://petstore.octoperf.com/actions/Catalog.action"  	[MsgId: MMSG-26659]
Login.c(26): Notify: Saving Parameter "ProductName_1 = BIRDS".	[MsgId: MMSG-13798]
Login.c(26): Notify: Saving Parameter "ProductName_2 = FISH".	[MsgId: MMSG-13798]
Login.c(26): Notify: Saving Parameter "ProductName_3 = DOGS".	[MsgId: MMSG-13798]
Login.c(26): Notify: Saving Parameter "ProductName_4 = REPTILES".	[MsgId: MMSG-13798]
Login.c(26): Notify: Saving Parameter "ProductName_5 = CATS".	[MsgId: MMSG-13798]
Login.c(26): Notify: Saving Parameter "ProductName_6 = BIRDS".	[MsgId: MMSG-13798]
AddToCard.c(40): Notify: Transaction "PetStore_SelectProductId_T02" started.	[MsgId: MMSG-16999]
AddToCard.c(43): Notify: Parameter Substitution: parameter "productId_count" =  "6"	[MsgId: MMSG-13992]
AddToCard.c(44): Notify: Parameter Substitution: parameter "productId_5" =  "K9-RT-02"	[MsgId: MMSG-13992]
AddToCard.c(46): Notify: Saving Parameter "RandproductId = K9-RT-02".	[MsgId: MMSG-13798]
AddToCard.c(47): Notify: Parameter Substitution: parameter "RandproductId" =  "K9-RT-02"	[MsgId: MMSG-13992]
AddToCard.c(47): Random category selected in Action2 = K9-RT-02	[MsgId: MMSG-17999]
AddToCard.c(49): web_reg_find started  	[MsgId: MMSG-26355]
AddToCard.c(49): Notify: Parameter Substitution: parameter "RandproductId" =  "K9-RT-02"	[MsgId: MMSG-13992]
AddToCard.c(49): Registering web_reg_find was successful  	[MsgId: MMSG-26390]
AddToCard.c(51): web_reg_save_param_regexp started  	[MsgId: MMSG-26355]
AddToCard.c(51): Registering web_reg_save_param_regexp was successful  	[MsgId: MMSG-26390]
AddToCard.c(58): web_link("{RandproductId}") started  	[MsgId: MMSG-26355]
AddToCard.c(58): Notify: Parameter Substitution: parameter "RandproductId" =  "K9-RT-02"	[MsgId: MMSG-13992]
AddToCard.c(58): Linking to "https://petstore.octoperf.com/actions/Catalog.action?viewProduct=&productId=K9-RT-02", Target Frame=""  	[MsgId: MMSG-27994]
Login.c(26): Notify: Saving Parameter "ProductName_count = 6".	[MsgId: MMSG-13798]
Login.c(26): Registered web_reg_find successful for "Text=My Account" (count=1)  	[MsgId: MMSG-26364]
Login.c(26): web_submit_form("Account.action") was successful, 11416 body bytes, 727 header bytes  	[MsgId: MMSG-26386]
Login.c(34): Notify: Transaction "PetStore_Login_T01" ended with a "Pass" status (Duration: 0.5038 Wasted Time: 0.0004).	[MsgId: MMSG-16871]
Ending action Login.	[MsgId: MMSG-15918]
Starting action RemoveTheProduct.	[MsgId: MMSG-15919]
AddToCard.c(8): Notify: Transaction "PetStore_AddAproduct_T01" started.	[MsgId: MMSG-16999]
AddToCard.c(11): Notify: Parameter Substitution: parameter "ProductName_count" =  "6"	[MsgId: MMSG-13992]
AddToCard.c(12): Notify: Parameter Substitution: parameter "ProductName_1" =  "BIRDS"	[MsgId: MMSG-13992]
AddToCard.c(14): Notify: Saving Parameter "RandCategory = BIRDS".	[MsgId: MMSG-13798]
AddToCard.c(15): Notify: Parameter Substitution: parameter "RandCategory" =  "BIRDS"	[MsgId: MMSG-13992]
AddToCard.c(15): Random category selected in Action2 = BIRDS	[MsgId: MMSG-17999]
AddToCard.c(17): web_reg_find started  	[MsgId: MMSG-26355]
AddToCard.c(17): Notify: Parameter Substitution: parameter "RandCategory" =  "BIRDS"	[MsgId: MMSG-13992]
AddToCard.c(17): Registering web_reg_find was successful  	[MsgId: MMSG-26390]
AddToCard.c(20): web_reg_save_param_regexp started  	[MsgId: MMSG-26355]
AddToCard.c(20): Registering web_reg_save_param_regexp was successful  	[MsgId: MMSG-26390]
AddToCard.c(27): web_url("Catalog.action_2") started  	[MsgId: MMSG-26355]
AddToCard.c(27): Notify: Parameter Substitution: parameter "RandCategory" =  "BIRDS"	[MsgId: MMSG-13992]
AddToCard.c(58): Resource "https://petstore.octoperf.com/css/jpetstore.css" is in the cache already and will not be downloaded again  	[MsgId: MMSG-26655]
AddToCard.c(58): Resource "https://petstore.octoperf.com/images/logo-topbar.svg" is in the cache already and will not be downloaded again  	[MsgId: MMSG-26655]
AddToCard.c(58): Resource "https://petstore.octoperf.com/images/cart.gif" is in the cache already and will not be downloaded again  	[MsgId: MMSG-26655]
AddToCard.c(58): Resource "https://petstore.octoperf.com/images/separator.gif" is in the cache already and will not be downloaded again  	[MsgId: MMSG-26655]
AddToCard.c(58): Resource "https://petstore.octoperf.com/images/sm_fish.gif" is in the cache already and will not be downloaded again  	[MsgId: MMSG-26655]
AddToCard.c(58): Resource "https://petstore.octoperf.com/images/sm_dogs.gif" is in the cache already and will not be downloaded again  	[MsgId: MMSG-26655]
AddToCard.c(58): Resource "https://petstore.octoperf.com/images/sm_reptiles.gif" is in the cache already and will not be downloaded again  	[MsgId: MMSG-26655]
AddToCard.c(58): Resource "https://petstore.octoperf.com/images/sm_cats.gif" is in the cache already and will not be downloaded again  	[MsgId: MMSG-26655]
AddToCard.c(58): Resource "https://petstore.octoperf.com/images/sm_birds.gif" is in the cache already and will not be downloaded again  	[MsgId: MMSG-26655]
AddToCard.c(58): Resource "https://petstore.octoperf.com/images/banner_fish.gif" is in the cache already and will not be downloaded again  	[MsgId: MMSG-26655]
AddToCard.c(58): Notify: Saving Parameter "itemId_1 = EST-22".	[MsgId: MMSG-13798]
AddToCard.c(58): Notify: Saving Parameter "itemId_2 = EST-23".	[MsgId: MMSG-13798]
AddToCard.c(58): Notify: Saving Parameter "itemId_3 = EST-24".	[MsgId: MMSG-13798]
AddToCard.c(58): Notify: Saving Parameter "itemId_4 = EST-25".	[MsgId: MMSG-13798]
AddToCard.c(58): Notify: Saving Parameter "itemId_count = 4".	[MsgId: MMSG-13798]
AddToCard.c(58): Registered web_reg_find successful for "Text=K9-RT-02" (count=4)  	[MsgId: MMSG-26364]
AddToCard.c(58): web_link("{RandproductId}") was successful, 4722 body bytes, 225 header bytes  	[MsgId: MMSG-26386]
AddToCard.c(63): Notify: Transaction "PetStore_SelectProductId_T02" ended with a "Pass" status (Duration: 0.1295 Wasted Time: 0.0003).	[MsgId: MMSG-16871]
AddToCard.c(65): lr_think_time: 2.56 seconds (recorded think time was 5.00 seconds).	[MsgId: MMSG-15947]
AddToCard.c(27): Resource "https://petstore.octoperf.com/css/jpetstore.css" is in the cache already and will not be downloaded again  	[MsgId: MMSG-26655]
AddToCard.c(27): Resource "https://petstore.octoperf.com/images/logo-topbar.svg" is in the cache already and will not be downloaded again  	[MsgId: MMSG-26655]
AddToCard.c(27): Resource "https://petstore.octoperf.com/images/cart.gif" is in the cache already and will not be downloaded again  	[MsgId: MMSG-26655]
AddToCard.c(27): Resource "https://petstore.octoperf.com/images/separator.gif" is in the cache already and will not be downloaded again  	[MsgId: MMSG-26655]
AddToCard.c(27): Resource "https://petstore.octoperf.com/images/sm_fish.gif" is in the cache already and will not be downloaded again  	[MsgId: MMSG-26655]
AddToCard.c(27): Resource "https://petstore.octoperf.com/images/sm_dogs.gif" is in the cache already and will not be downloaded again  	[MsgId: MMSG-26655]
AddToCard.c(27): Resource "https://petstore.octoperf.com/images/sm_reptiles.gif" is in the cache already and will not be downloaded again  	[MsgId: MMSG-26655]
AddToCard.c(27): Resource "https://petstore.octoperf.com/images/sm_cats.gif" is in the cache already and will not be downloaded again  	[MsgId: MMSG-26655]
AddToCard.c(27): Resource "https://petstore.octoperf.com/images/sm_birds.gif" is in the cache already and will not be downloaded again  	[MsgId: MMSG-26655]
AddToCard.c(27): Resource "https://petstore.octoperf.com/images/banner_fish.gif" is in the cache already and will not be downloaded again  	[MsgId: MMSG-26655]
AddToCard.c(27): Notify: Saving Parameter "productId_1 = AV-CB-01".	[MsgId: MMSG-13798]
AddToCard.c(27): Notify: Saving Parameter "productId_2 = AV-SB-02".	[MsgId: MMSG-13798]
AddToCard.c(27): Notify: Saving Parameter "productId_count = 2".	[MsgId: MMSG-13798]
AddToCard.c(27): Registered web_reg_find successful for "Text=BIRDS" (count=1)  	[MsgId: MMSG-26364]
AddToCard.c(27): web_url("Catalog.action_2") was successful, 3625 body bytes, 225 header bytes  	[MsgId: MMSG-26386]
AddToCard.c(36): Notify: Transaction "PetStore_AddAproduct_T01" ended with a "Pass" status (Duration: 0.2917 Wasted Time: 0.0002).	[MsgId: MMSG-16871]
AddToCard.c(38): lr_think_time: 3.30 seconds (recorded think time was 5.00 seconds).	[MsgId: MMSG-15947]
AddToCard.c(40): Notify: Transaction "PetStore_SelectProductId_T02" started.	[MsgId: MMSG-16999]
AddToCard.c(43): Notify: Parameter Substitution: parameter "productId_count" =  "2"	[MsgId: MMSG-13992]
AddToCard.c(44): Notify: Parameter Substitution: parameter "productId_2" =  "FL-DLH-02"	[MsgId: MMSG-13992]
AddToCard.c(46): Notify: Saving Parameter "RandproductId = FL-DLH-02".	[MsgId: MMSG-13798]
AddToCard.c(47): Notify: Parameter Substitution: parameter "RandproductId" =  "FL-DLH-02"	[MsgId: MMSG-13992]
AddToCard.c(47): Random category selected in Action2 = FL-DLH-02	[MsgId: MMSG-17999]
AddToCard.c(49): web_reg_find started  	[MsgId: MMSG-26355]
AddToCard.c(49): Notify: Parameter Substitution: parameter "RandproductId" =  "FL-DLH-02"	[MsgId: MMSG-13992]
AddToCard.c(49): Registering web_reg_find was successful  	[MsgId: MMSG-26390]
AddToCard.c(51): web_reg_save_param_regexp started  	[MsgId: MMSG-26355]
AddToCard.c(51): Registering web_reg_save_param_regexp was successful  	[MsgId: MMSG-26390]
AddToCard.c(58): web_link("{RandproductId}") started  	[MsgId: MMSG-26355]
AddToCard.c(58): Notify: Parameter Substitution: parameter "RandproductId" =  "FL-DLH-02"	[MsgId: MMSG-13992]
AddToCard.c(58): Linking to "https://petstore.octoperf.com/actions/Catalog.action?viewProduct=&productId=FL-DLH-02", Target Frame=""  	[MsgId: MMSG-27994]
AddToCard.c(58): Resource "https://petstore.octoperf.com/css/jpetstore.css" is in the cache already and will not be downloaded again  	[MsgId: MMSG-26655]
AddToCard.c(58): Resource "https://petstore.octoperf.com/images/logo-topbar.svg" is in the cache already and will not be downloaded again  	[MsgId: MMSG-26655]
AddToCard.c(58): Resource "https://petstore.octoperf.com/images/cart.gif" is in the cache already and will not be downloaded again  	[MsgId: MMSG-26655]
AddToCard.c(58): Resource "https://petstore.octoperf.com/images/separator.gif" is in the cache already and will not be downloaded again  	[MsgId: MMSG-26655]
AddToCard.c(58): Resource "https://petstore.octoperf.com/images/sm_fish.gif" is in the cache already and will not be downloaded again  	[MsgId: MMSG-26655]
AddToCard.c(58): Resource "https://petstore.octoperf.com/images/sm_dogs.gif" is in the cache already and will not be downloaded again  	[MsgId: MMSG-26655]
AddToCard.c(58): Resource "https://petstore.octoperf.com/images/sm_reptiles.gif" is in the cache already and will not be downloaded again  	[MsgId: MMSG-26655]
AddToCard.c(58): Resource "https://petstore.octoperf.com/images/sm_cats.gif" is in the cache already and will not be downloaded again  	[MsgId: MMSG-26655]
AddToCard.c(58): Resource "https://petstore.octoperf.com/images/sm_birds.gif" is in the cache already and will not be downloaded again  	[MsgId: MMSG-26655]
AddToCard.c(58): Resource "https://petstore.octoperf.com/images/banner_fish.gif" is in the cache already and will not be downloaded again  	[MsgId: MMSG-26655]
AddToCard.c(58): Notify: Saving Parameter "itemId_1 = EST-16".	[MsgId: MMSG-13798]
AddToCard.c(58): Notify: Saving Parameter "itemId_2 = EST-17".	[MsgId: MMSG-13798]
AddToCard.c(58): Notify: Saving Parameter "itemId_count = 2".	[MsgId: MMSG-13798]
AddToCard.c(58): Registered web_reg_find successful for "Text=FL-DLH-02" (count=2)  	[MsgId: MMSG-26364]
AddToCard.c(58): web_link("{RandproductId}") was successful, 4077 body bytes, 225 header bytes  	[MsgId: MMSG-26386]
AddToCard.c(63): Notify: Transaction "PetStore_SelectProductId_T02" ended with a "Pass" status (Duration: 0.1292 Wasted Time: 0.0003).	[MsgId: MMSG-16871]
AddToCard.c(65): lr_think_time: 3.33 seconds (recorded think time was 5.00 seconds).	[MsgId: MMSG-15947]
Registration.c(57): Notify: Transaction "PetStore_SubmitRegistration_T04" started.	[MsgId: MMSG-16999]
Registration.c(59): web_reg_find started  	[MsgId: MMSG-26355]
Registration.c(59): Registering web_reg_find was successful  	[MsgId: MMSG-26390]
Registration.c(66): Notify: Saving Parameter "randomUsername = NTTT".	[MsgId: MMSG-13798]
Registration.c(72): Notify: Saving Parameter "randompass = uwes".	[MsgId: MMSG-13798]
Registration.c(86): Notify: Saving Parameter "randomFirstName = yntmu".	[MsgId: MMSG-13798]
Registration.c(87): Notify: Saving Parameter "randomLastName = ovmee".	[MsgId: MMSG-13798]
Registration.c(99): Notify: Saving Parameter "RandomPhone = 9935643263".	[MsgId: MMSG-13798]
Registration.c(108): Notify: Saving Parameter "RandomZip = 512210".	[MsgId: MMSG-13798]
Registration.c(111): web_submit_form("Account.action") started  	[MsgId: MMSG-26355]
Registration.c(111): Notify: Parameter Substitution: parameter "randomUsername" =  "NTTT"	[MsgId: MMSG-13992]
Registration.c(111): Notify: Parameter Substitution: parameter "randompass" =  "uwes"	[MsgId: MMSG-13992]
Registration.c(111): Notify: Parameter Substitution: parameter "randompass" =  "uwes"	[MsgId: MMSG-13992]
Registration.c(111): Notify: Parameter Substitution: parameter "randomFirstName" =  "yntmu"	[MsgId: MMSG-13992]
Registration.c(111): Notify: Parameter Substitution: parameter "randomLastName" =  "ovmee"	[MsgId: MMSG-13992]
Registration.c(111): Notify: Parameter Substitution: parameter "randomFirstName" =  "yntmu"	[MsgId: MMSG-13992]
Registration.c(111): Notify: Parameter Substitution: parameter "randomLastName" =  "ovmee"	[MsgId: MMSG-13992]
Registration.c(111): Notify: Parameter Substitution: parameter "RandomPhone" =  "9935643263"	[MsgId: MMSG-13992]
Registration.c(111): Notify: Parameter Substitution: parameter "RandomZip" =  "512210"	[MsgId: MMSG-13992]
Registration.c(111): Submitting form to "https://petstore.octoperf.com/actions/Account.action", Target Frame=""  	[MsgId: MMSG-27978]
Registration.c(43): Notify: Transaction "PetStore_ClickOnRegistration_T03" started.	[MsgId: MMSG-16999]
Registration.c(45): web_reg_find started  	[MsgId: MMSG-26355]
Registration.c(45): Registering web_reg_find was successful  	[MsgId: MMSG-26390]
Registration.c(48): web_link("Register Now!") started  	[MsgId: MMSG-26355]
Registration.c(48): Linking to "https://petstore.octoperf.com/actions/Account.action?newAccountForm=", Target Frame=""  	[MsgId: MMSG-27994]
Registration.c(111): Redirecting "https://petstore.octoperf.com/actions/Account.action" (redirection depth is 0)  	[MsgId: MMSG-26694]
Registration.c(111): To location "https://petstore.octoperf.com/actions/Catalog.action"  	[MsgId: MMSG-26693]
Registration.c(48): Resource "https://petstore.octoperf.com/css/jpetstore.css" is in the cache already and will not be downloaded again  	[MsgId: MMSG-26655]
Registration.c(48): Resource "https://petstore.octoperf.com/images/logo-topbar.svg" is in the cache already and will not be downloaded again  	[MsgId: MMSG-26655]
Registration.c(48): Resource "https://petstore.octoperf.com/images/cart.gif" is in the cache already and will not be downloaded again  	[MsgId: MMSG-26655]
Registration.c(48): Resource "https://petstore.octoperf.com/images/separator.gif" is in the cache already and will not be downloaded again  	[MsgId: MMSG-26655]
Registration.c(48): Resource "https://petstore.octoperf.com/images/sm_fish.gif" is in the cache already and will not be downloaded again  	[MsgId: MMSG-26655]
Registration.c(48): Resource "https://petstore.octoperf.com/images/sm_dogs.gif" is in the cache already and will not be downloaded again  	[MsgId: MMSG-26655]
Registration.c(48): Resource "https://petstore.octoperf.com/images/sm_reptiles.gif" is in the cache already and will not be downloaded again  	[MsgId: MMSG-26655]
Registration.c(48): Resource "https://petstore.octoperf.com/images/sm_cats.gif" is in the cache already and will not be downloaded again  	[MsgId: MMSG-26655]
Registration.c(48): Resource "https://petstore.octoperf.com/images/sm_birds.gif" is in the cache already and will not be downloaded again  	[MsgId: MMSG-26655]
Registration.c(48): Registered web_reg_find successful for "Text=User Information" (count=1)  	[MsgId: MMSG-26364]
Registration.c(48): web_link("Register Now!") was successful, 5821 body bytes, 225 header bytes  	[MsgId: MMSG-26386]
Registration.c(53): Notify: Transaction "PetStore_ClickOnRegistration_T03" ended with a "Pass" status (Duration: 0.1263 Wasted Time: 0.0000).	[MsgId: MMSG-16871]
Registration.c(55): lr_think_time: 3.14 seconds (recorded think time was 5.00 seconds).	[MsgId: MMSG-15947]
Registration.c(111): Resource "https://petstore.octoperf.com/css/jpetstore.css" is in the cache already and will not be downloaded again  	[MsgId: MMSG-26655]
Registration.c(111): Resource "https://petstore.octoperf.com/images/logo-topbar.svg" is in the cache already and will not be downloaded again  	[MsgId: MMSG-26655]
Registration.c(111): Resource "https://petstore.octoperf.com/images/cart.gif" is in the cache already and will not be downloaded again  	[MsgId: MMSG-26655]
Registration.c(111): Resource "https://petstore.octoperf.com/images/separator.gif" is in the cache already and will not be downloaded again  	[MsgId: MMSG-26655]
Registration.c(111): Resource "https://petstore.octoperf.com/images/sm_fish.gif" is in the cache already and will not be downloaded again  	[MsgId: MMSG-26655]
Registration.c(111): Resource "https://petstore.octoperf.com/images/sm_dogs.gif" is in the cache already and will not be downloaded again  	[MsgId: MMSG-26655]
Registration.c(111): Resource "https://petstore.octoperf.com/images/sm_reptiles.gif" is in the cache already and will not be downloaded again  	[MsgId: MMSG-26655]
Registration.c(111): Resource "https://petstore.octoperf.com/images/sm_cats.gif" is in the cache already and will not be downloaded again  	[MsgId: MMSG-26655]
Registration.c(111): Resource "https://petstore.octoperf.com/images/sm_birds.gif" is in the cache already and will not be downloaded again  	[MsgId: MMSG-26655]
Registration.c(111): Resource "https://petstore.octoperf.com/images/fish_icon.gif" is in the cache already and will not be downloaded again  	[MsgId: MMSG-26655]
Registration.c(111): Resource "https://petstore.octoperf.com/images/dogs_icon.gif" is in the cache already and will not be downloaded again  	[MsgId: MMSG-26655]
Registration.c(111): Resource "https://petstore.octoperf.com/images/cats_icon.gif" is in the cache already and will not be downloaded again  	[MsgId: MMSG-26655]
Registration.c(111): Resource "https://petstore.octoperf.com/images/reptiles_icon.gif" is in the cache already and will not be downloaded again  	[MsgId: MMSG-26655]
Registration.c(111): Resource "https://petstore.octoperf.com/images/birds_icon.gif" is in the cache already and will not be downloaded again  	[MsgId: MMSG-26655]
Registration.c(111): Resource "https://petstore.octoperf.com/images/splash.gif" is in the cache already and will not be downloaded again  	[MsgId: MMSG-26655]
Registration.c(111): Registered web_reg_find successful for "Text=Elevate you load-testing" (count=1)  	[MsgId: MMSG-26364]
Registration.c(111): web_submit_form("Account.action") was successful, 4736 body bytes, 443 header bytes  	[MsgId: MMSG-26386]
Registration.c(133): Notify: Transaction "PetStore_SubmitRegistration_T04" ended with a "Pass" status (Duration: 0.3829 Wasted Time: 0.0000).	[MsgId: MMSG-16871]
Registration.c(135): lr_think_time: 3.85 seconds (recorded think time was 5.00 seconds).	[MsgId: MMSG-15947]
Login.c(17): Notify: Transaction "PetStore_Login_T01" started.	[MsgId: MMSG-16999]
Login.c(18): web_reg_find started  	[MsgId: MMSG-26355]
Login.c(18): Registering web_reg_find was successful  	[MsgId: MMSG-26390]
Login.c(20): web_reg_save_param_regexp started  	[MsgId: MMSG-26355]
Login.c(20): Registering web_reg_save_param_regexp was successful  	[MsgId: MMSG-26390]
Login.c(26): web_submit_form("Account.action") started  	[MsgId: MMSG-26355]
Login.c(26): Notify: Parameter Substitution: parameter "randomUsername" =  "PAXS"	[MsgId: MMSG-13992]
Login.c(26): Notify: Parameter Substitution: parameter "randompass" =  "qbkd"	[MsgId: MMSG-13992]
Login.c(26): Submitting form to "https://petstore.octoperf.com/actions/Account.action", Target Frame=""  	[MsgId: MMSG-27978]
Login.c(26): Redirecting "https://petstore.octoperf.com/actions/Account.action" (redirection depth is 0)  	[MsgId: MMSG-26694]
Login.c(26): To location "https://petstore.octoperf.com/actions/Catalog.action"  	[MsgId: MMSG-26693]
Login.c(26): Resource "https://petstore.octoperf.com/css/jpetstore.css" is in the cache already and will not be downloaded again  	[MsgId: MMSG-26655]
Login.c(26): Resource "https://petstore.octoperf.com/images/logo-topbar.svg" is in the cache already and will not be downloaded again  	[MsgId: MMSG-26655]
Login.c(26): Resource "https://petstore.octoperf.com/images/cart.gif" is in the cache already and will not be downloaded again  	[MsgId: MMSG-26655]
Login.c(26): Resource "https://petstore.octoperf.com/images/separator.gif" is in the cache already and will not be downloaded again  	[MsgId: MMSG-26655]
Login.c(26): Resource "https://petstore.octoperf.com/images/sm_fish.gif" is in the cache already and will not be downloaded again  	[MsgId: MMSG-26655]
Login.c(26): Resource "https://petstore.octoperf.com/images/sm_dogs.gif" is in the cache already and will not be downloaded again  	[MsgId: MMSG-26655]
Login.c(26): Resource "https://petstore.octoperf.com/images/sm_reptiles.gif" is in the cache already and will not be downloaded again  	[MsgId: MMSG-26655]
Login.c(26): Resource "https://petstore.octoperf.com/images/sm_cats.gif" is in the cache already and will not be downloaded again  	[MsgId: MMSG-26655]
Login.c(26): Resource "https://petstore.octoperf.com/images/sm_birds.gif" is in the cache already and will not be downloaded again  	[MsgId: MMSG-26655]
Login.c(26): Resource "https://petstore.octoperf.com/images/fish_icon.gif" is in the cache already and will not be downloaded again  	[MsgId: MMSG-26655]
Login.c(26): Resource "https://petstore.octoperf.com/images/dogs_icon.gif" is in the cache already and will not be downloaded again  	[MsgId: MMSG-26655]
Login.c(26): Resource "https://petstore.octoperf.com/images/cats_icon.gif" is in the cache already and will not be downloaded again  	[MsgId: MMSG-26655]
Login.c(26): Resource "https://petstore.octoperf.com/images/reptiles_icon.gif" is in the cache already and will not be downloaded again  	[MsgId: MMSG-26655]
Login.c(26): Resource "https://petstore.octoperf.com/images/birds_icon.gif" is in the cache already and will not be downloaded again  	[MsgId: MMSG-26655]
Login.c(26): Resource "https://petstore.octoperf.com/images/splash.gif" is in the cache already and will not be downloaded again  	[MsgId: MMSG-26655]
Login.c(26): Found resource "https://petstore.octoperf.com/images/banner_fish.gif" in HTML "https://petstore.octoperf.com/actions/Catalog.action"  	[MsgId: MMSG-26659]
Login.c(26): Notify: Saving Parameter "ProductName_1 = BIRDS".	[MsgId: MMSG-13798]
Login.c(26): Notify: Saving Parameter "ProductName_2 = FISH".	[MsgId: MMSG-13798]
Login.c(26): Notify: Saving Parameter "ProductName_3 = DOGS".	[MsgId: MMSG-13798]
Login.c(26): Notify: Saving Parameter "ProductName_4 = REPTILES".	[MsgId: MMSG-13798]
Login.c(26): Notify: Saving Parameter "ProductName_5 = CATS".	[MsgId: MMSG-13798]
Login.c(26): Notify: Saving Parameter "ProductName_6 = BIRDS".	[MsgId: MMSG-13798]
Login.c(26): Notify: Saving Parameter "ProductName_count = 6".	[MsgId: MMSG-13798]
Login.c(26): Registered web_reg_find successful for "Text=My Account" (count=1)  	[MsgId: MMSG-26364]
Login.c(26): web_submit_form("Account.action") was successful, 11416 body bytes, 727 header bytes  	[MsgId: MMSG-26386]
Login.c(34): Notify: Transaction "PetStore_Login_T01" ended with a "Pass" status (Duration: 0.5041 Wasted Time: 0.0005).	[MsgId: MMSG-16871]
Ending action Login.	[MsgId: MMSG-15918]
Starting action RemoveTheProduct.	[MsgId: MMSG-15919]
AddToCard.c(8): Notify: Transaction "PetStore_AddAproduct_T01" started.	[MsgId: MMSG-16999]
AddToCard.c(11): Notify: Parameter Substitution: parameter "ProductName_count" =  "6"	[MsgId: MMSG-13992]
AddToCard.c(12): Notify: Parameter Substitution: parameter "ProductName_5" =  "CATS"	[MsgId: MMSG-13992]
AddToCard.c(14): Notify: Saving Parameter "RandCategory = CATS".	[MsgId: MMSG-13798]
AddToCard.c(15): Notify: Parameter Substitution: parameter "RandCategory" =  "CATS"	[MsgId: MMSG-13992]
AddToCard.c(15): Random category selected in Action2 = CATS	[MsgId: MMSG-17999]
AddToCard.c(17): web_reg_find started  	[MsgId: MMSG-26355]
AddToCard.c(17): Notify: Parameter Substitution: parameter "RandCategory" =  "CATS"	[MsgId: MMSG-13992]
AddToCard.c(17): Registering web_reg_find was successful  	[MsgId: MMSG-26390]
AddToCard.c(20): web_reg_save_param_regexp started  	[MsgId: MMSG-26355]
AddToCard.c(20): Registering web_reg_save_param_regexp was successful  	[MsgId: MMSG-26390]
AddToCard.c(27): web_url("Catalog.action_2") started  	[MsgId: MMSG-26355]
AddToCard.c(27): Notify: Parameter Substitution: parameter "RandCategory" =  "CATS"	[MsgId: MMSG-13992]
RemoveTheProduct.c(18): Notify: Transaction "PetStore_ClickOnRemove_T02" started.	[MsgId: MMSG-16999]
RemoveTheProduct.c(20): web_reg_find started  	[MsgId: MMSG-26355]
RemoveTheProduct.c(20): Registering web_reg_find was successful  	[MsgId: MMSG-26390]
RemoveTheProduct.c(23): web_link("Remove") started  	[MsgId: MMSG-26355]
RemoveTheProduct.c(23): Linking to "https://petstore.octoperf.com/actions/Cart.action?removeItemFromCart=&workingItemId=EST-13", Target Frame=""  	[MsgId: MMSG-27994]
AddToCard.c(27): Resource "https://petstore.octoperf.com/css/jpetstore.css" is in the cache already and will not be downloaded again  	[MsgId: MMSG-26655]
AddToCard.c(27): Resource "https://petstore.octoperf.com/images/logo-topbar.svg" is in the cache already and will not be downloaded again  	[MsgId: MMSG-26655]
AddToCard.c(27): Resource "https://petstore.octoperf.com/images/cart.gif" is in the cache already and will not be downloaded again  	[MsgId: MMSG-26655]
AddToCard.c(27): Resource "https://petstore.octoperf.com/images/separator.gif" is in the cache already and will not be downloaded again  	[MsgId: MMSG-26655]
AddToCard.c(27): Resource "https://petstore.octoperf.com/images/sm_fish.gif" is in the cache already and will not be downloaded again  	[MsgId: MMSG-26655]
AddToCard.c(27): Resource "https://petstore.octoperf.com/images/sm_dogs.gif" is in the cache already and will not be downloaded again  	[MsgId: MMSG-26655]
AddToCard.c(27): Resource "https://petstore.octoperf.com/images/sm_reptiles.gif" is in the cache already and will not be downloaded again  	[MsgId: MMSG-26655]
AddToCard.c(27): Resource "https://petstore.octoperf.com/images/sm_cats.gif" is in the cache already and will not be downloaded again  	[MsgId: MMSG-26655]
AddToCard.c(27): Resource "https://petstore.octoperf.com/images/sm_birds.gif" is in the cache already and will not be downloaded again  	[MsgId: MMSG-26655]
AddToCard.c(27): Resource "https://petstore.octoperf.com/images/banner_fish.gif" is in the cache already and will not be downloaded again  	[MsgId: MMSG-26655]
AddToCard.c(27): Notify: Saving Parameter "productId_1 = FL-DSH-01".	[MsgId: MMSG-13798]
AddToCard.c(27): Notify: Saving Parameter "productId_2 = FL-DLH-02".	[MsgId: MMSG-13798]
AddToCard.c(27): Notify: Saving Parameter "productId_count = 2".	[MsgId: MMSG-13798]
AddToCard.c(27): Registered web_reg_find successful for "Text=CATS" (count=1)  	[MsgId: MMSG-26364]
AddToCard.c(27): web_url("Catalog.action_2") was successful, 3621 body bytes, 225 header bytes  	[MsgId: MMSG-26386]
AddToCard.c(36): Notify: Transaction "PetStore_AddAproduct_T01" ended with a "Pass" status (Duration: 0.2887 Wasted Time: 0.0002).	[MsgId: MMSG-16871]
AddToCard.c(38): lr_think_time: 3.60 seconds (recorded think time was 5.00 seconds).	[MsgId: MMSG-15947]
RemoveTheProduct.c(23): Resource "https://petstore.octoperf.com/css/jpetstore.css" is in the cache already and will not be downloaded again  	[MsgId: MMSG-26655]
RemoveTheProduct.c(23): Resource "https://petstore.octoperf.com/images/logo-topbar.svg" is in the cache already and will not be downloaded again  	[MsgId: MMSG-26655]
RemoveTheProduct.c(23): Resource "https://petstore.octoperf.com/images/cart.gif" is in the cache already and will not be downloaded again  	[MsgId: MMSG-26655]
RemoveTheProduct.c(23): Resource "https://petstore.octoperf.com/images/separator.gif" is in the cache already and will not be downloaded again  	[MsgId: MMSG-26655]
RemoveTheProduct.c(23): Resource "https://petstore.octoperf.com/images/sm_fish.gif" is in the cache already and will not be downloaded again  	[MsgId: MMSG-26655]
RemoveTheProduct.c(23): Resource "https://petstore.octoperf.com/images/sm_dogs.gif" is in the cache already and will not be downloaded again  	[MsgId: MMSG-26655]
RemoveTheProduct.c(23): Resource "https://petstore.octoperf.com/images/sm_reptiles.gif" is in the cache already and will not be downloaded again  	[MsgId: MMSG-26655]
RemoveTheProduct.c(23): Resource "https://petstore.octoperf.com/images/sm_cats.gif" is in the cache already and will not be downloaded again  	[MsgId: MMSG-26655]
RemoveTheProduct.c(23): Resource "https://petstore.octoperf.com/images/sm_birds.gif" is in the cache already and will not be downloaded again  	[MsgId: MMSG-26655]
RemoveTheProduct.c(23): Resource "https://petstore.octoperf.com/images/banner_fish.gif" is in the cache already and will not be downloaded again  	[MsgId: MMSG-26655]
RemoveTheProduct.c(23): Registered web_reg_find successful for "Text=Your cart is empty." (count=1)  	[MsgId: MMSG-26364]
RemoveTheProduct.c(23): web_link("Remove") was successful, 4202 body bytes, 225 header bytes  	[MsgId: MMSG-26386]
RemoveTheProduct.c(28): Notify: Transaction "PetStore_ClickOnRemove_T02" ended with a "Pass" status (Duration: 0.1240 Wasted Time: 0.0000).	[MsgId: MMSG-16871]
Ending action RemoveTheProduct.	[MsgId: MMSG-15918]
Ending iteration 3.	[MsgId: MMSG-15965]
Waiting 6.0190 seconds for iteration pacing.	[MsgId: MMSG-15996]
AddToCard.c(67): Notify: Transaction "PetStore_SelectItemId_T03" started.	[MsgId: MMSG-16999]
AddToCard.c(71): Notify: Parameter Substitution: parameter "itemId_count" =  "4"	[MsgId: MMSG-13992]
AddToCard.c(72): Notify: Parameter Substitution: parameter "itemId_3" =  "EST-24"	[MsgId: MMSG-13992]
AddToCard.c(74): Notify: Saving Parameter "RanditemId = EST-24".	[MsgId: MMSG-13798]
AddToCard.c(75): Notify: Parameter Substitution: parameter "RanditemId" =  "EST-24"	[MsgId: MMSG-13992]
AddToCard.c(75): Random category selected in Action2 = EST-24	[MsgId: MMSG-17999]
AddToCard.c(77): web_reg_find started  	[MsgId: MMSG-26355]
AddToCard.c(77): Notify: Parameter Substitution: parameter "RanditemId" =  "EST-24"	[MsgId: MMSG-13992]
AddToCard.c(77): Registering web_reg_find was successful  	[MsgId: MMSG-26390]
AddToCard.c(79): web_link("{RanditemId}") started  	[MsgId: MMSG-26355]
AddToCard.c(79): Notify: Parameter Substitution: parameter "RanditemId" =  "EST-24"	[MsgId: MMSG-13992]
AddToCard.c(79): Linking to "https://petstore.octoperf.com/actions/Catalog.action?viewItem=&itemId=EST-24", Target Frame=""  	[MsgId: MMSG-27994]
AddToCard.c(79): Resource "https://petstore.octoperf.com/css/jpetstore.css" is in the cache already and will not be downloaded again  	[MsgId: MMSG-26655]
AddToCard.c(79): Resource "https://petstore.octoperf.com/images/logo-topbar.svg" is in the cache already and will not be downloaded again  	[MsgId: MMSG-26655]
AddToCard.c(79): Resource "https://petstore.octoperf.com/images/cart.gif" is in the cache already and will not be downloaded again  	[MsgId: MMSG-26655]
AddToCard.c(79): Resource "https://petstore.octoperf.com/images/separator.gif" is in the cache already and will not be downloaded again  	[MsgId: MMSG-26655]
AddToCard.c(79): Resource "https://petstore.octoperf.com/images/sm_fish.gif" is in the cache already and will not be downloaded again  	[MsgId: MMSG-26655]
AddToCard.c(79): Resource "https://petstore.octoperf.com/images/sm_dogs.gif" is in the cache already and will not be downloaded again  	[MsgId: MMSG-26655]
AddToCard.c(79): Resource "https://petstore.octoperf.com/images/sm_reptiles.gif" is in the cache already and will not be downloaded again  	[MsgId: MMSG-26655]
AddToCard.c(79): Resource "https://petstore.octoperf.com/images/sm_cats.gif" is in the cache already and will not be downloaded again  	[MsgId: MMSG-26655]
AddToCard.c(79): Resource "https://petstore.octoperf.com/images/sm_birds.gif" is in the cache already and will not be downloaded again  	[MsgId: MMSG-26655]
AddToCard.c(79): Found resource "https://petstore.octoperf.com/images/dog5.gif" in HTML "https://petstore.octoperf.com/actions/Catalog.action?viewItem=&itemId=EST-24"  	[MsgId: MMSG-26659]
AddToCard.c(79): Resource "https://petstore.octoperf.com/images/banner_fish.gif" is in the cache already and will not be downloaded again  	[MsgId: MMSG-26655]
AddToCard.c(79): Registered web_reg_find successful for "Text=EST-24" (count=2)  	[MsgId: MMSG-26364]
AddToCard.c(79): web_link("{RanditemId}") was successful, 16484 body bytes, 511 header bytes  	[MsgId: MMSG-26386]
AddToCard.c(84): Notify: Transaction "PetStore_SelectItemId_T03" ended with a "Pass" status (Duration: 0.3766 Wasted Time: 0.0000).	[MsgId: MMSG-16871]
AddToCard.c(86): lr_think_time: 3.42 seconds (recorded think time was 5.00 seconds).	[MsgId: MMSG-15947]
Registration.c(29): Notify: Transaction "PetStore_ClickOnSignIn_T02" started.	[MsgId: MMSG-16999]
Registration.c(31): web_reg_find started  	[MsgId: MMSG-26355]
Registration.c(31): Registering web_reg_find was successful  	[MsgId: MMSG-26390]
Registration.c(34): web_link("Sign In") started  	[MsgId: MMSG-26355]
Registration.c(34): Linking to "https://petstore.octoperf.com/actions/Account.action;jsessionid=CD86AEF926E3DEA3E78EA569E247734E?signonForm=", Target Frame=""  	[MsgId: MMSG-27994]
Registration.c(34): Resource "https://petstore.octoperf.com/css/jpetstore.css" is in the cache already and will not be downloaded again  	[MsgId: MMSG-26655]
Registration.c(34): Resource "https://petstore.octoperf.com/images/logo-topbar.svg" is in the cache already and will not be downloaded again  	[MsgId: MMSG-26655]
Registration.c(34): Resource "https://petstore.octoperf.com/images/cart.gif" is in the cache already and will not be downloaded again  	[MsgId: MMSG-26655]
Registration.c(34): Resource "https://petstore.octoperf.com/images/separator.gif" is in the cache already and will not be downloaded again  	[MsgId: MMSG-26655]
Registration.c(34): Resource "https://petstore.octoperf.com/images/sm_fish.gif" is in the cache already and will not be downloaded again  	[MsgId: MMSG-26655]
Registration.c(34): Resource "https://petstore.octoperf.com/images/sm_dogs.gif" is in the cache already and will not be downloaded again  	[MsgId: MMSG-26655]
Registration.c(34): Resource "https://petstore.octoperf.com/images/sm_reptiles.gif" is in the cache already and will not be downloaded again  	[MsgId: MMSG-26655]
Registration.c(34): Resource "https://petstore.octoperf.com/images/sm_cats.gif" is in the cache already and will not be downloaded again  	[MsgId: MMSG-26655]
Registration.c(34): Resource "https://petstore.octoperf.com/images/sm_birds.gif" is in the cache already and will not be downloaded again  	[MsgId: MMSG-26655]
Registration.c(34): Registered web_reg_find successful for "Text=Please enter your username and password" (count=1)  	[MsgId: MMSG-26364]
Registration.c(34): web_link("Sign In") was successful, 3856 body bytes, 225 header bytes  	[MsgId: MMSG-26386]
Registration.c(39): Notify: Transaction "PetStore_ClickOnSignIn_T02" ended with a "Pass" status (Duration: 0.1274 Wasted Time: 0.0000).	[MsgId: MMSG-16871]
Registration.c(41): lr_think_time: 3.46 seconds (recorded think time was 5.00 seconds).	[MsgId: MMSG-15947]
Registration.c(43): Notify: Transaction "PetStore_ClickOnRegistration_T03" started.	[MsgId: MMSG-16999]
Registration.c(45): web_reg_find started  	[MsgId: MMSG-26355]
Registration.c(45): Registering web_reg_find was successful  	[MsgId: MMSG-26390]
Registration.c(48): web_link("Register Now!") started  	[MsgId: MMSG-26355]
Registration.c(48): Linking to "https://petstore.octoperf.com/actions/Account.action?newAccountForm=", Target Frame=""  	[MsgId: MMSG-27994]
Registration.c(48): Resource "https://petstore.octoperf.com/css/jpetstore.css" is in the cache already and will not be downloaded again  	[MsgId: MMSG-26655]
Registration.c(48): Resource "https://petstore.octoperf.com/images/logo-topbar.svg" is in the cache already and will not be downloaded again  	[MsgId: MMSG-26655]
Registration.c(48): Resource "https://petstore.octoperf.com/images/cart.gif" is in the cache already and will not be downloaded again  	[MsgId: MMSG-26655]
Registration.c(48): Resource "https://petstore.octoperf.com/images/separator.gif" is in the cache already and will not be downloaded again  	[MsgId: MMSG-26655]
Registration.c(48): Resource "https://petstore.octoperf.com/images/sm_fish.gif" is in the cache already and will not be downloaded again  	[MsgId: MMSG-26655]
Registration.c(48): Resource "https://petstore.octoperf.com/images/sm_dogs.gif" is in the cache already and will not be downloaded again  	[MsgId: MMSG-26655]
Registration.c(48): Resource "https://petstore.octoperf.com/images/sm_reptiles.gif" is in the cache already and will not be downloaded again  	[MsgId: MMSG-26655]
Registration.c(48): Resource "https://petstore.octoperf.com/images/sm_cats.gif" is in the cache already and will not be downloaded again  	[MsgId: MMSG-26655]
Registration.c(48): Resource "https://petstore.octoperf.com/images/sm_birds.gif" is in the cache already and will not be downloaded again  	[MsgId: MMSG-26655]
Registration.c(48): Registered web_reg_find successful for "Text=User Information" (count=1)  	[MsgId: MMSG-26364]
Registration.c(48): web_link("Register Now!") was successful, 5819 body bytes, 225 header bytes  	[MsgId: MMSG-26386]
Registration.c(53): Notify: Transaction "PetStore_ClickOnRegistration_T03" ended with a "Pass" status (Duration: 0.1285 Wasted Time: 0.0000).	[MsgId: MMSG-16871]
Registration.c(55): lr_think_time: 3.76 seconds (recorded think time was 5.00 seconds).	[MsgId: MMSG-15947]
AddToCard.c(40): Notify: Transaction "PetStore_SelectProductId_T02" started.	[MsgId: MMSG-16999]
AddToCard.c(43): Notify: Parameter Substitution: parameter "productId_count" =  "2"	[MsgId: MMSG-13992]
AddToCard.c(44): Notify: Parameter Substitution: parameter "productId_2" =  "AV-SB-02"	[MsgId: MMSG-13992]
AddToCard.c(46): Notify: Saving Parameter "RandproductId = AV-SB-02".	[MsgId: MMSG-13798]
AddToCard.c(47): Notify: Parameter Substitution: parameter "RandproductId" =  "AV-SB-02"	[MsgId: MMSG-13992]
AddToCard.c(47): Random category selected in Action2 = AV-SB-02	[MsgId: MMSG-17999]
AddToCard.c(49): web_reg_find started  	[MsgId: MMSG-26355]
AddToCard.c(49): Notify: Parameter Substitution: parameter "RandproductId" =  "AV-SB-02"	[MsgId: MMSG-13992]
AddToCard.c(49): Registering web_reg_find was successful  	[MsgId: MMSG-26390]
AddToCard.c(51): web_reg_save_param_regexp started  	[MsgId: MMSG-26355]
AddToCard.c(51): Registering web_reg_save_param_regexp was successful  	[MsgId: MMSG-26390]
AddToCard.c(58): web_link("{RandproductId}") started  	[MsgId: MMSG-26355]
AddToCard.c(58): Notify: Parameter Substitution: parameter "RandproductId" =  "AV-SB-02"	[MsgId: MMSG-13992]
AddToCard.c(58): Linking to "https://petstore.octoperf.com/actions/Catalog.action?viewProduct=&productId=AV-SB-02", Target Frame=""  	[MsgId: MMSG-27994]
AddToCard.c(58): Resource "https://petstore.octoperf.com/css/jpetstore.css" is in the cache already and will not be downloaded again  	[MsgId: MMSG-26655]
AddToCard.c(58): Resource "https://petstore.octoperf.com/images/logo-topbar.svg" is in the cache already and will not be downloaded again  	[MsgId: MMSG-26655]
AddToCard.c(58): Resource "https://petstore.octoperf.com/images/cart.gif" is in the cache already and will not be downloaded again  	[MsgId: MMSG-26655]
AddToCard.c(58): Resource "https://petstore.octoperf.com/images/separator.gif" is in the cache already and will not be downloaded again  	[MsgId: MMSG-26655]
AddToCard.c(58): Resource "https://petstore.octoperf.com/images/sm_fish.gif" is in the cache already and will not be downloaded again  	[MsgId: MMSG-26655]
AddToCard.c(58): Resource "https://petstore.octoperf.com/images/sm_dogs.gif" is in the cache already and will not be downloaded again  	[MsgId: MMSG-26655]
AddToCard.c(58): Resource "https://petstore.octoperf.com/images/sm_reptiles.gif" is in the cache already and will not be downloaded again  	[MsgId: MMSG-26655]
AddToCard.c(58): Resource "https://petstore.octoperf.com/images/sm_cats.gif" is in the cache already and will not be downloaded again  	[MsgId: MMSG-26655]
AddToCard.c(58): Resource "https://petstore.octoperf.com/images/sm_birds.gif" is in the cache already and will not be downloaded again  	[MsgId: MMSG-26655]
AddToCard.c(58): Resource "https://petstore.octoperf.com/images/banner_fish.gif" is in the cache already and will not be downloaded again  	[MsgId: MMSG-26655]
AddToCard.c(58): Notify: Saving Parameter "itemId_1 = EST-19".	[MsgId: MMSG-13798]
AddToCard.c(58): Notify: Saving Parameter "itemId_count = 1".	[MsgId: MMSG-13798]
AddToCard.c(58): Registered web_reg_find successful for "Text=AV-SB-02" (count=1)  	[MsgId: MMSG-26364]
AddToCard.c(58): web_link("{RandproductId}") was successful, 3778 body bytes, 225 header bytes  	[MsgId: MMSG-26386]
AddToCard.c(63): Notify: Transaction "PetStore_SelectProductId_T02" ended with a "Pass" status (Duration: 0.1550 Wasted Time: 0.0002).	[MsgId: MMSG-16871]
AddToCard.c(65): lr_think_time: 4.59 seconds (recorded think time was 5.00 seconds).	[MsgId: MMSG-15947]
AddToCard.c(67): Notify: Transaction "PetStore_SelectItemId_T03" started.	[MsgId: MMSG-16999]
AddToCard.c(71): Notify: Parameter Substitution: parameter "itemId_count" =  "2"	[MsgId: MMSG-13992]
AddToCard.c(72): Notify: Parameter Substitution: parameter "itemId_2" =  "EST-17"	[MsgId: MMSG-13992]
AddToCard.c(74): Notify: Saving Parameter "RanditemId = EST-17".	[MsgId: MMSG-13798]
AddToCard.c(75): Notify: Parameter Substitution: parameter "RanditemId" =  "EST-17"	[MsgId: MMSG-13992]
AddToCard.c(75): Random category selected in Action2 = EST-17	[MsgId: MMSG-17999]
AddToCard.c(77): web_reg_find started  	[MsgId: MMSG-26355]
AddToCard.c(77): Notify: Parameter Substitution: parameter "RanditemId" =  "EST-17"	[MsgId: MMSG-13992]
AddToCard.c(77): Registering web_reg_find was successful  	[MsgId: MMSG-26390]
AddToCard.c(79): web_link("{RanditemId}") started  	[MsgId: MMSG-26355]
AddToCard.c(79): Notify: Parameter Substitution: parameter "RanditemId" =  "EST-17"	[MsgId: MMSG-13992]
AddToCard.c(79): Linking to "https://petstore.octoperf.com/actions/Catalog.action?viewItem=&itemId=EST-17", Target Frame=""  	[MsgId: MMSG-27994]
AddToCard.c(79): Resource "https://petstore.octoperf.com/css/jpetstore.css" is in the cache already and will not be downloaded again  	[MsgId: MMSG-26655]
AddToCard.c(79): Resource "https://petstore.octoperf.com/images/logo-topbar.svg" is in the cache already and will not be downloaded again  	[MsgId: MMSG-26655]
AddToCard.c(79): Resource "https://petstore.octoperf.com/images/cart.gif" is in the cache already and will not be downloaded again  	[MsgId: MMSG-26655]
AddToCard.c(79): Resource "https://petstore.octoperf.com/images/separator.gif" is in the cache already and will not be downloaded again  	[MsgId: MMSG-26655]
AddToCard.c(79): Resource "https://petstore.octoperf.com/images/sm_fish.gif" is in the cache already and will not be downloaded again  	[MsgId: MMSG-26655]
AddToCard.c(79): Resource "https://petstore.octoperf.com/images/sm_dogs.gif" is in the cache already and will not be downloaded again  	[MsgId: MMSG-26655]
AddToCard.c(79): Resource "https://petstore.octoperf.com/images/sm_reptiles.gif" is in the cache already and will not be downloaded again  	[MsgId: MMSG-26655]
AddToCard.c(79): Resource "https://petstore.octoperf.com/images/sm_cats.gif" is in the cache already and will not be downloaded again  	[MsgId: MMSG-26655]
AddToCard.c(79): Resource "https://petstore.octoperf.com/images/sm_birds.gif" is in the cache already and will not be downloaded again  	[MsgId: MMSG-26655]
AddToCard.c(79): Found resource "https://petstore.octoperf.com/images/cat1.gif" in HTML "https://petstore.octoperf.com/actions/Catalog.action?viewItem=&itemId=EST-17"  	[MsgId: MMSG-26659]
AddToCard.c(79): Resource "https://petstore.octoperf.com/images/banner_fish.gif" is in the cache already and will not be downloaded again  	[MsgId: MMSG-26655]
AddToCard.c(79): Registered web_reg_find successful for "Text=EST-17" (count=2)  	[MsgId: MMSG-26364]
AddToCard.c(79): web_link("{RanditemId}") was successful, 16544 body bytes, 511 header bytes  	[MsgId: MMSG-26386]
AddToCard.c(84): Notify: Transaction "PetStore_SelectItemId_T03" ended with a "Pass" status (Duration: 0.3846 Wasted Time: 0.0000).	[MsgId: MMSG-16871]
AddToCard.c(86): lr_think_time: 4.31 seconds (recorded think time was 5.00 seconds).	[MsgId: MMSG-15947]
Registration.c(57): Notify: Transaction "PetStore_SubmitRegistration_T04" started.	[MsgId: MMSG-16999]
Registration.c(59): web_reg_find started  	[MsgId: MMSG-26355]
Registration.c(59): Registering web_reg_find was successful  	[MsgId: MMSG-26390]
Registration.c(66): Notify: Saving Parameter "randomUsername = TYFI".	[MsgId: MMSG-13798]
Registration.c(72): Notify: Saving Parameter "randompass = chik".	[MsgId: MMSG-13798]
Registration.c(86): Notify: Saving Parameter "randomFirstName = ywwxz".	[MsgId: MMSG-13798]
Registration.c(87): Notify: Saving Parameter "randomLastName = xtbhz".	[MsgId: MMSG-13798]
Registration.c(99): Notify: Saving Parameter "RandomPhone = ;054070710".	[MsgId: MMSG-13798]
Registration.c(108): Notify: Saving Parameter "RandomZip = 952604".	[MsgId: MMSG-13798]
Registration.c(111): web_submit_form("Account.action") started  	[MsgId: MMSG-26355]
Registration.c(111): Notify: Parameter Substitution: parameter "randomUsername" =  "TYFI"	[MsgId: MMSG-13992]
Registration.c(111): Notify: Parameter Substitution: parameter "randompass" =  "chik"	[MsgId: MMSG-13992]
Registration.c(111): Notify: Parameter Substitution: parameter "randompass" =  "chik"	[MsgId: MMSG-13992]
Registration.c(111): Notify: Parameter Substitution: parameter "randomFirstName" =  "ywwxz"	[MsgId: MMSG-13992]
Registration.c(111): Notify: Parameter Substitution: parameter "randomLastName" =  "xtbhz"	[MsgId: MMSG-13992]
Registration.c(111): Notify: Parameter Substitution: parameter "randomFirstName" =  "ywwxz"	[MsgId: MMSG-13992]
Registration.c(111): Notify: Parameter Substitution: parameter "randomLastName" =  "xtbhz"	[MsgId: MMSG-13992]
Registration.c(111): Notify: Parameter Substitution: parameter "RandomPhone" =  ";054070710"	[MsgId: MMSG-13992]
Registration.c(111): Notify: Parameter Substitution: parameter "RandomZip" =  "952604"	[MsgId: MMSG-13992]
Registration.c(111): Submitting form to "https://petstore.octoperf.com/actions/Account.action", Target Frame=""  	[MsgId: MMSG-27978]
Registration.c(111): Redirecting "https://petstore.octoperf.com/actions/Account.action" (redirection depth is 0)  	[MsgId: MMSG-26694]
Registration.c(111): To location "https://petstore.octoperf.com/actions/Catalog.action"  	[MsgId: MMSG-26693]
Registration.c(111): Resource "https://petstore.octoperf.com/css/jpetstore.css" is in the cache already and will not be downloaded again  	[MsgId: MMSG-26655]
Registration.c(111): Resource "https://petstore.octoperf.com/images/logo-topbar.svg" is in the cache already and will not be downloaded again  	[MsgId: MMSG-26655]
Registration.c(111): Resource "https://petstore.octoperf.com/images/cart.gif" is in the cache already and will not be downloaded again  	[MsgId: MMSG-26655]
Registration.c(111): Resource "https://petstore.octoperf.com/images/separator.gif" is in the cache already and will not be downloaded again  	[MsgId: MMSG-26655]
Registration.c(111): Resource "https://petstore.octoperf.com/images/sm_fish.gif" is in the cache already and will not be downloaded again  	[MsgId: MMSG-26655]
Registration.c(111): Resource "https://petstore.octoperf.com/images/sm_dogs.gif" is in the cache already and will not be downloaded again  	[MsgId: MMSG-26655]
Registration.c(111): Resource "https://petstore.octoperf.com/images/sm_reptiles.gif" is in the cache already and will not be downloaded again  	[MsgId: MMSG-26655]
Registration.c(111): Resource "https://petstore.octoperf.com/images/sm_cats.gif" is in the cache already and will not be downloaded again  	[MsgId: MMSG-26655]
Registration.c(111): Resource "https://petstore.octoperf.com/images/sm_birds.gif" is in the cache already and will not be downloaded again  	[MsgId: MMSG-26655]
Registration.c(111): Resource "https://petstore.octoperf.com/images/fish_icon.gif" is in the cache already and will not be downloaded again  	[MsgId: MMSG-26655]
Registration.c(111): Resource "https://petstore.octoperf.com/images/dogs_icon.gif" is in the cache already and will not be downloaded again  	[MsgId: MMSG-26655]
Registration.c(111): Resource "https://petstore.octoperf.com/images/cats_icon.gif" is in the cache already and will not be downloaded again  	[MsgId: MMSG-26655]
Registration.c(111): Resource "https://petstore.octoperf.com/images/reptiles_icon.gif" is in the cache already and will not be downloaded again  	[MsgId: MMSG-26655]
Registration.c(111): Resource "https://petstore.octoperf.com/images/birds_icon.gif" is in the cache already and will not be downloaded again  	[MsgId: MMSG-26655]
Registration.c(111): Resource "https://petstore.octoperf.com/images/splash.gif" is in the cache already and will not be downloaded again  	[MsgId: MMSG-26655]
Registration.c(111): Registered web_reg_find successful for "Text=Elevate you load-testing" (count=1)  	[MsgId: MMSG-26364]
Registration.c(111): web_submit_form("Account.action") was successful, 4736 body bytes, 443 header bytes  	[MsgId: MMSG-26386]
Registration.c(133): Notify: Transaction "PetStore_SubmitRegistration_T04" ended with a "Pass" status (Duration: 0.3746 Wasted Time: 0.0000).	[MsgId: MMSG-16871]
Registration.c(135): lr_think_time: 4.72 seconds (recorded think time was 5.00 seconds).	[MsgId: MMSG-15947]
Registration.c(137): Notify: Transaction "PetStore_SignOut_T05" started.	[MsgId: MMSG-16999]
Starting iteration 4.	[MsgId: MMSG-15968]
Registration.c(139): web_reg_find started  	[MsgId: MMSG-26355]
Registration.c(139): Registering web_reg_find was successful  	[MsgId: MMSG-26390]
Registration.c(142): web_url("Account.action_2") started  	[MsgId: MMSG-26355]
Notify: Next row for parameter UserName = 1 [table  = UserName].	[MsgId: MMSG-13876]
Notify: Getting new value for parameter 'UserName': table = 'UserName.dat' column = '0' row = '1'.	[MsgId: MMSG-13877]
Notify: Next row for parameter PetStoreEndtoEndFlow_UserName = 1 [table  = PetStoreEndtoEndFlow_UserName].	[MsgId: MMSG-13876]
Notify: Getting new value for parameter 'PetStoreEndtoEndFlow_UserName': table = 'UserCredentilas1.dat' column = '0' row = '1'.	[MsgId: MMSG-13877]
Notify: Next row for parameter PetStoreEndtoEndFlow_pass = 1 [table  = PetStoreEndtoEndFlow_pass].	[MsgId: MMSG-13876]
Notify: Getting new value for parameter 'PetStoreEndtoEndFlow_pass': table = 'UserCredentilas3.dat' column = '0' row = '1'.	[MsgId: MMSG-13877]
Notify: Next row for parameter pass = 1 [table  = pass].	[MsgId: MMSG-13876]
Notify: Getting new value for parameter 'pass': table = 'UserName.dat' column = '0' row = '1'.	[MsgId: MMSG-13877]
Starting action Login.	[MsgId: MMSG-15919]
Registration.c(13): Notify: Transaction "PetStore_EnterToPetStore_T01" started.	[MsgId: MMSG-16999]
Registration.c(14): web_reg_find started  	[MsgId: MMSG-26355]
Registration.c(14): Registering web_reg_find was successful  	[MsgId: MMSG-26390]
Registration.c(17): web_url("Catalog.action") started  	[MsgId: MMSG-26355]
Registration.c(142): Redirecting "https://petstore.octoperf.com/actions/Account.action?signoff=" (redirection depth is 0)  	[MsgId: MMSG-26694]
Registration.c(142): To location "https://petstore.octoperf.com/actions/Catalog.action"  	[MsgId: MMSG-26693]
Registration.c(142): Resource "https://petstore.octoperf.com/css/jpetstore.css" is in the cache already and will not be downloaded again  	[MsgId: MMSG-26655]
Registration.c(142): Resource "https://petstore.octoperf.com/images/logo-topbar.svg" is in the cache already and will not be downloaded again  	[MsgId: MMSG-26655]
Registration.c(142): Resource "https://petstore.octoperf.com/images/cart.gif" is in the cache already and will not be downloaded again  	[MsgId: MMSG-26655]
Registration.c(142): Resource "https://petstore.octoperf.com/images/separator.gif" is in the cache already and will not be downloaded again  	[MsgId: MMSG-26655]
Registration.c(142): Resource "https://petstore.octoperf.com/images/sm_fish.gif" is in the cache already and will not be downloaded again  	[MsgId: MMSG-26655]
Registration.c(142): Resource "https://petstore.octoperf.com/images/sm_dogs.gif" is in the cache already and will not be downloaded again  	[MsgId: MMSG-26655]
Registration.c(142): Resource "https://petstore.octoperf.com/images/sm_reptiles.gif" is in the cache already and will not be downloaded again  	[MsgId: MMSG-26655]
Registration.c(142): Resource "https://petstore.octoperf.com/images/sm_cats.gif" is in the cache already and will not be downloaded again  	[MsgId: MMSG-26655]
Registration.c(142): Resource "https://petstore.octoperf.com/images/sm_birds.gif" is in the cache already and will not be downloaded again  	[MsgId: MMSG-26655]
Registration.c(142): Resource "https://petstore.octoperf.com/images/fish_icon.gif" is in the cache already and will not be downloaded again  	[MsgId: MMSG-26655]
Registration.c(142): Resource "https://petstore.octoperf.com/images/dogs_icon.gif" is in the cache already and will not be downloaded again  	[MsgId: MMSG-26655]
Registration.c(142): Resource "https://petstore.octoperf.com/images/cats_icon.gif" is in the cache already and will not be downloaded again  	[MsgId: MMSG-26655]
Registration.c(142): Resource "https://petstore.octoperf.com/images/reptiles_icon.gif" is in the cache already and will not be downloaded again  	[MsgId: MMSG-26655]
Registration.c(142): Resource "https://petstore.octoperf.com/images/birds_icon.gif" is in the cache already and will not be downloaded again  	[MsgId: MMSG-26655]
Registration.c(142): Resource "https://petstore.octoperf.com/images/splash.gif" is in the cache already and will not be downloaded again  	[MsgId: MMSG-26655]
Registration.c(142): Registered web_reg_find successful for "Text=Sign In" (count=1)  	[MsgId: MMSG-26364]
Registration.c(142): web_url("Account.action_2") was successful, 4736 body bytes, 518 header bytes  	[MsgId: MMSG-26386]
Registration.c(151): Notify: Transaction "PetStore_SignOut_T05" ended with a "Pass" status (Duration: 0.2562 Wasted Time: 0.0000).	[MsgId: MMSG-16871]
Login.c(4): Notify: Transaction "PetStore_ClickOnSignIn_T01" started.	[MsgId: MMSG-16999]
Login.c(6): web_reg_find started  	[MsgId: MMSG-26355]
Login.c(6): Registering web_reg_find was successful  	[MsgId: MMSG-26390]
Login.c(9): web_link("Sign In") started  	[MsgId: MMSG-26355]
Login.c(9): Linking to "https://petstore.octoperf.com/actions/Account.action?signonForm=", Target Frame=""  	[MsgId: MMSG-27994]
Login.c(9): Resource "https://petstore.octoperf.com/css/jpetstore.css" is in the cache already and will not be downloaded again  	[MsgId: MMSG-26655]
Login.c(9): Resource "https://petstore.octoperf.com/images/logo-topbar.svg" is in the cache already and will not be downloaded again  	[MsgId: MMSG-26655]
Login.c(9): Resource "https://petstore.octoperf.com/images/cart.gif" is in the cache already and will not be downloaded again  	[MsgId: MMSG-26655]
Login.c(9): Resource "https://petstore.octoperf.com/images/separator.gif" is in the cache already and will not be downloaded again  	[MsgId: MMSG-26655]
Login.c(9): Resource "https://petstore.octoperf.com/images/sm_fish.gif" is in the cache already and will not be downloaded again  	[MsgId: MMSG-26655]
Login.c(9): Resource "https://petstore.octoperf.com/images/sm_dogs.gif" is in the cache already and will not be downloaded again  	[MsgId: MMSG-26655]
Login.c(9): Resource "https://petstore.octoperf.com/images/sm_reptiles.gif" is in the cache already and will not be downloaded again  	[MsgId: MMSG-26655]
Login.c(9): Resource "https://petstore.octoperf.com/images/sm_cats.gif" is in the cache already and will not be downloaded again  	[MsgId: MMSG-26655]
Login.c(9): Resource "https://petstore.octoperf.com/images/sm_birds.gif" is in the cache already and will not be downloaded again  	[MsgId: MMSG-26655]
Login.c(9): Registered web_reg_find successful for "Text=Please enter your username and password" (count=1)  	[MsgId: MMSG-26364]
Login.c(9): web_link("Sign In") was successful, 3860 body bytes, 225 header bytes  	[MsgId: MMSG-26386]
Login.c(13): Notify: Transaction "PetStore_ClickOnSignIn_T01" ended with a "Pass" status (Duration: 0.1279 Wasted Time: 0.0000).	[MsgId: MMSG-16871]
Login.c(15): lr_think_time: 3.25 seconds (recorded think time was 5.00 seconds).	[MsgId: MMSG-15947]
Registration.c(17): Found resource "https://petstore.octoperf.com/css/jpetstore.css" in HTML "https://petstore.octoperf.com/actions/Catalog.action"  	[MsgId: MMSG-26659]
Registration.c(17): Found resource "https://petstore.octoperf.com/images/logo-topbar.svg" in HTML "https://petstore.octoperf.com/actions/Catalog.action"  	[MsgId: MMSG-26659]
Registration.c(17): Found resource "https://petstore.octoperf.com/images/cart.gif" in HTML "https://petstore.octoperf.com/actions/Catalog.action"  	[MsgId: MMSG-26659]
Registration.c(17): Found resource "https://petstore.octoperf.com/images/separator.gif" in HTML "https://petstore.octoperf.com/actions/Catalog.action"  	[MsgId: MMSG-26659]
Registration.c(17): Found resource "https://petstore.octoperf.com/images/sm_fish.gif" in HTML "https://petstore.octoperf.com/actions/Catalog.action"  	[MsgId: MMSG-26659]
Registration.c(17): Found resource "https://petstore.octoperf.com/images/sm_dogs.gif" in HTML "https://petstore.octoperf.com/actions/Catalog.action"  	[MsgId: MMSG-26659]
Registration.c(17): Found resource "https://petstore.octoperf.com/images/sm_reptiles.gif" in HTML "https://petstore.octoperf.com/actions/Catalog.action"  	[MsgId: MMSG-26659]
Registration.c(17): Found resource "https://petstore.octoperf.com/images/sm_cats.gif" in HTML "https://petstore.octoperf.com/actions/Catalog.action"  	[MsgId: MMSG-26659]
Registration.c(17): Found resource "https://petstore.octoperf.com/images/sm_birds.gif" in HTML "https://petstore.octoperf.com/actions/Catalog.action"  	[MsgId: MMSG-26659]
Registration.c(17): Found resource "https://petstore.octoperf.com/images/fish_icon.gif" in HTML "https://petstore.octoperf.com/actions/Catalog.action"  	[MsgId: MMSG-26659]
Registration.c(17): Found resource "https://petstore.octoperf.com/images/dogs_icon.gif" in HTML "https://petstore.octoperf.com/actions/Catalog.action"  	[MsgId: MMSG-26659]
Registration.c(17): Found resource "https://petstore.octoperf.com/images/cats_icon.gif" in HTML "https://petstore.octoperf.com/actions/Catalog.action"  	[MsgId: MMSG-26659]
Registration.c(17): Found resource "https://petstore.octoperf.com/images/reptiles_icon.gif" in HTML "https://petstore.octoperf.com/actions/Catalog.action"  	[MsgId: MMSG-26659]
Registration.c(17): Found resource "https://petstore.octoperf.com/images/birds_icon.gif" in HTML "https://petstore.octoperf.com/actions/Catalog.action"  	[MsgId: MMSG-26659]
Registration.c(17): Found resource "https://petstore.octoperf.com/images/splash.gif" in HTML "https://petstore.octoperf.com/actions/Catalog.action"  	[MsgId: MMSG-26659]
AddToCard.c(40): Notify: Transaction "PetStore_SelectProductId_T02" started.	[MsgId: MMSG-16999]
AddToCard.c(43): Notify: Parameter Substitution: parameter "productId_count" =  "2"	[MsgId: MMSG-13992]
AddToCard.c(44): Notify: Parameter Substitution: parameter "productId_2" =  "FL-DLH-02"	[MsgId: MMSG-13992]
AddToCard.c(46): Notify: Saving Parameter "RandproductId = FL-DLH-02".	[MsgId: MMSG-13798]
AddToCard.c(47): Notify: Parameter Substitution: parameter "RandproductId" =  "FL-DLH-02"	[MsgId: MMSG-13992]
AddToCard.c(47): Random category selected in Action2 = FL-DLH-02	[MsgId: MMSG-17999]
AddToCard.c(49): web_reg_find started  	[MsgId: MMSG-26355]
AddToCard.c(49): Notify: Parameter Substitution: parameter "RandproductId" =  "FL-DLH-02"	[MsgId: MMSG-13992]
AddToCard.c(49): Registering web_reg_find was successful  	[MsgId: MMSG-26390]
AddToCard.c(51): web_reg_save_param_regexp started  	[MsgId: MMSG-26355]
AddToCard.c(51): Registering web_reg_save_param_regexp was successful  	[MsgId: MMSG-26390]
AddToCard.c(58): web_link("{RandproductId}") started  	[MsgId: MMSG-26355]
AddToCard.c(58): Notify: Parameter Substitution: parameter "RandproductId" =  "FL-DLH-02"	[MsgId: MMSG-13992]
AddToCard.c(58): Linking to "https://petstore.octoperf.com/actions/Catalog.action?viewProduct=&productId=FL-DLH-02", Target Frame=""  	[MsgId: MMSG-27994]
AddToCard.c(58): Resource "https://petstore.octoperf.com/css/jpetstore.css" is in the cache already and will not be downloaded again  	[MsgId: MMSG-26655]
AddToCard.c(58): Resource "https://petstore.octoperf.com/images/logo-topbar.svg" is in the cache already and will not be downloaded again  	[MsgId: MMSG-26655]
AddToCard.c(58): Resource "https://petstore.octoperf.com/images/cart.gif" is in the cache already and will not be downloaded again  	[MsgId: MMSG-26655]
AddToCard.c(58): Resource "https://petstore.octoperf.com/images/separator.gif" is in the cache already and will not be downloaded again  	[MsgId: MMSG-26655]
AddToCard.c(58): Resource "https://petstore.octoperf.com/images/sm_fish.gif" is in the cache already and will not be downloaded again  	[MsgId: MMSG-26655]
AddToCard.c(58): Resource "https://petstore.octoperf.com/images/sm_dogs.gif" is in the cache already and will not be downloaded again  	[MsgId: MMSG-26655]
AddToCard.c(58): Resource "https://petstore.octoperf.com/images/sm_reptiles.gif" is in the cache already and will not be downloaded again  	[MsgId: MMSG-26655]
AddToCard.c(58): Resource "https://petstore.octoperf.com/images/sm_cats.gif" is in the cache already and will not be downloaded again  	[MsgId: MMSG-26655]
AddToCard.c(58): Resource "https://petstore.octoperf.com/images/sm_birds.gif" is in the cache already and will not be downloaded again  	[MsgId: MMSG-26655]
AddToCard.c(58): Resource "https://petstore.octoperf.com/images/banner_fish.gif" is in the cache already and will not be downloaded again  	[MsgId: MMSG-26655]
AddToCard.c(58): Notify: Saving Parameter "itemId_1 = EST-16".	[MsgId: MMSG-13798]
AddToCard.c(58): Notify: Saving Parameter "itemId_2 = EST-17".	[MsgId: MMSG-13798]
AddToCard.c(58): Notify: Saving Parameter "itemId_count = 2".	[MsgId: MMSG-13798]
AddToCard.c(58): Registered web_reg_find successful for "Text=FL-DLH-02" (count=2)  	[MsgId: MMSG-26364]
AddToCard.c(58): web_link("{RandproductId}") was successful, 4077 body bytes, 225 header bytes  	[MsgId: MMSG-26386]
AddToCard.c(63): Notify: Transaction "PetStore_SelectProductId_T02" ended with a "Pass" status (Duration: 0.1427 Wasted Time: 0.0002).	[MsgId: MMSG-16871]
AddToCard.c(65): lr_think_time: 4.38 seconds (recorded think time was 5.00 seconds).	[MsgId: MMSG-15947]
AddToCard.c(88): Notify: Transaction "PetStore_AddToCard_T04" started.	[MsgId: MMSG-16999]
AddToCard.c(90): web_reg_find started  	[MsgId: MMSG-26355]
AddToCard.c(90): Registering web_reg_find was successful  	[MsgId: MMSG-26390]
AddToCard.c(94): web_link("Add to Cart") started  	[MsgId: MMSG-26355]
AddToCard.c(94): Linking to "https://petstore.octoperf.com/actions/Cart.action?addItemToCart=&workingItemId=EST-24", Target Frame=""  	[MsgId: MMSG-27994]
AddToCard.c(94): Resource "https://petstore.octoperf.com/css/jpetstore.css" is in the cache already and will not be downloaded again  	[MsgId: MMSG-26655]
AddToCard.c(94): Resource "https://petstore.octoperf.com/images/logo-topbar.svg" is in the cache already and will not be downloaded again  	[MsgId: MMSG-26655]
AddToCard.c(94): Resource "https://petstore.octoperf.com/images/cart.gif" is in the cache already and will not be downloaded again  	[MsgId: MMSG-26655]
AddToCard.c(94): Resource "https://petstore.octoperf.com/images/separator.gif" is in the cache already and will not be downloaded again  	[MsgId: MMSG-26655]
AddToCard.c(94): Resource "https://petstore.octoperf.com/images/sm_fish.gif" is in the cache already and will not be downloaded again  	[MsgId: MMSG-26655]
AddToCard.c(94): Resource "https://petstore.octoperf.com/images/sm_dogs.gif" is in the cache already and will not be downloaded again  	[MsgId: MMSG-26655]
AddToCard.c(94): Resource "https://petstore.octoperf.com/images/sm_reptiles.gif" is in the cache already and will not be downloaded again  	[MsgId: MMSG-26655]
AddToCard.c(94): Resource "https://petstore.octoperf.com/images/sm_cats.gif" is in the cache already and will not be downloaded again  	[MsgId: MMSG-26655]
AddToCard.c(94): Resource "https://petstore.octoperf.com/images/sm_birds.gif" is in the cache already and will not be downloaded again  	[MsgId: MMSG-26655]
AddToCard.c(94): Resource "https://petstore.octoperf.com/images/banner_fish.gif" is in the cache already and will not be downloaded again  	[MsgId: MMSG-26655]
AddToCard.c(94): Registered web_reg_find successful for "Text=Shopping Cart" (count=1)  	[MsgId: MMSG-26364]
AddToCard.c(94): web_link("Add to Cart") was successful, 4648 body bytes, 225 header bytes  	[MsgId: MMSG-26386]
AddToCard.c(99): Notify: Transaction "PetStore_AddToCard_T04" ended with a "Pass" status (Duration: 0.1274 Wasted Time: 0.0000).	[MsgId: MMSG-16871]
RemoveTheProduct.c(7): Notify: Transaction "PetStore_ClickOnViewCartR_T01" started.	[MsgId: MMSG-16999]
RemoveTheProduct.c(8): web_reg_find started  	[MsgId: MMSG-26355]
RemoveTheProduct.c(8): Registering web_reg_find was successful  	[MsgId: MMSG-26390]
RemoveTheProduct.c(10): web_image("cart.gif") started  	[MsgId: MMSG-26355]
RemoveTheProduct.c(10): Image-linking to "https://petstore.octoperf.com/actions/Cart.action?viewCart=", Target Frame=""  	[MsgId: MMSG-27993]
Registration.c(17): Registered web_reg_find successful for "Text=OctoPerf" (count=1)  	[MsgId: MMSG-26364]
Registration.c(17): web_url("Catalog.action") was successful, 69386 body bytes, 4543 header bytes  	[MsgId: MMSG-26386]
Registration.c(25): Notify: Transaction "PetStore_EnterToPetStore_T01" ended with a "Pass" status (Duration: 1.1709 Wasted Time: 0.0001).	[MsgId: MMSG-16871]
Registration.c(27): lr_think_time: 3.88 seconds (recorded think time was 5.00 seconds).	[MsgId: MMSG-15947]
Registration.c(43): Notify: Transaction "PetStore_ClickOnRegistration_T03" started.	[MsgId: MMSG-16999]
Registration.c(45): web_reg_find started  	[MsgId: MMSG-26355]
Registration.c(45): Registering web_reg_find was successful  	[MsgId: MMSG-26390]
Registration.c(48): web_link("Register Now!") started  	[MsgId: MMSG-26355]
Registration.c(48): Linking to "https://petstore.octoperf.com/actions/Account.action?newAccountForm=", Target Frame=""  	[MsgId: MMSG-27994]
RemoveTheProduct.c(10): Resource "https://petstore.octoperf.com/css/jpetstore.css" is in the cache already and will not be downloaded again  	[MsgId: MMSG-26655]
RemoveTheProduct.c(10): Resource "https://petstore.octoperf.com/images/logo-topbar.svg" is in the cache already and will not be downloaded again  	[MsgId: MMSG-26655]
RemoveTheProduct.c(10): Resource "https://petstore.octoperf.com/images/cart.gif" is in the cache already and will not be downloaded again  	[MsgId: MMSG-26655]
RemoveTheProduct.c(10): Resource "https://petstore.octoperf.com/images/separator.gif" is in the cache already and will not be downloaded again  	[MsgId: MMSG-26655]
RemoveTheProduct.c(10): Resource "https://petstore.octoperf.com/images/sm_fish.gif" is in the cache already and will not be downloaded again  	[MsgId: MMSG-26655]
RemoveTheProduct.c(10): Resource "https://petstore.octoperf.com/images/sm_dogs.gif" is in the cache already and will not be downloaded again  	[MsgId: MMSG-26655]
RemoveTheProduct.c(10): Resource "https://petstore.octoperf.com/images/sm_reptiles.gif" is in the cache already and will not be downloaded again  	[MsgId: MMSG-26655]
RemoveTheProduct.c(10): Resource "https://petstore.octoperf.com/images/sm_cats.gif" is in the cache already and will not be downloaded again  	[MsgId: MMSG-26655]
RemoveTheProduct.c(10): Resource "https://petstore.octoperf.com/images/sm_birds.gif" is in the cache already and will not be downloaded again  	[MsgId: MMSG-26655]
RemoveTheProduct.c(10): Resource "https://petstore.octoperf.com/images/banner_fish.gif" is in the cache already and will not be downloaded again  	[MsgId: MMSG-26655]
RemoveTheProduct.c(10): Registered web_reg_find successful for "Text=Shopping Cart" (count=1)  	[MsgId: MMSG-26364]
RemoveTheProduct.c(10): web_image("cart.gif") was successful, 4648 body bytes, 225 header bytes  	[MsgId: MMSG-26386]
RemoveTheProduct.c(14): Notify: Transaction "PetStore_ClickOnViewCartR_T01" ended with a "Pass" status (Duration: 0.1268 Wasted Time: 0.0000).	[MsgId: MMSG-16871]
RemoveTheProduct.c(16): lr_think_time: 3.55 seconds (recorded think time was 5.00 seconds).	[MsgId: MMSG-15947]
Registration.c(48): Resource "https://petstore.octoperf.com/css/jpetstore.css" is in the cache already and will not be downloaded again  	[MsgId: MMSG-26655]
Registration.c(48): Resource "https://petstore.octoperf.com/images/logo-topbar.svg" is in the cache already and will not be downloaded again  	[MsgId: MMSG-26655]
Registration.c(48): Resource "https://petstore.octoperf.com/images/cart.gif" is in the cache already and will not be downloaded again  	[MsgId: MMSG-26655]
Registration.c(48): Resource "https://petstore.octoperf.com/images/separator.gif" is in the cache already and will not be downloaded again  	[MsgId: MMSG-26655]
Registration.c(48): Resource "https://petstore.octoperf.com/images/sm_fish.gif" is in the cache already and will not be downloaded again  	[MsgId: MMSG-26655]
Registration.c(48): Resource "https://petstore.octoperf.com/images/sm_dogs.gif" is in the cache already and will not be downloaded again  	[MsgId: MMSG-26655]
Registration.c(48): Resource "https://petstore.octoperf.com/images/sm_reptiles.gif" is in the cache already and will not be downloaded again  	[MsgId: MMSG-26655]
Registration.c(48): Resource "https://petstore.octoperf.com/images/sm_cats.gif" is in the cache already and will not be downloaded again  	[MsgId: MMSG-26655]
Registration.c(48): Resource "https://petstore.octoperf.com/images/sm_birds.gif" is in the cache already and will not be downloaded again  	[MsgId: MMSG-26655]
Registration.c(48): Registered web_reg_find successful for "Text=User Information" (count=1)  	[MsgId: MMSG-26364]
Registration.c(48): web_link("Register Now!") was successful, 5823 body bytes, 225 header bytes  	[MsgId: MMSG-26386]
Registration.c(53): Notify: Transaction "PetStore_ClickOnRegistration_T03" ended with a "Pass" status (Duration: 0.1288 Wasted Time: 0.0000).	[MsgId: MMSG-16871]
Registration.c(55): lr_think_time: 2.92 seconds (recorded think time was 5.00 seconds).	[MsgId: MMSG-15947]
Registration.c(57): Notify: Transaction "PetStore_SubmitRegistration_T04" started.	[MsgId: MMSG-16999]
Registration.c(59): web_reg_find started  	[MsgId: MMSG-26355]
Registration.c(59): Registering web_reg_find was successful  	[MsgId: MMSG-26390]
Registration.c(66): Notify: Saving Parameter "randomUsername = IVRX".	[MsgId: MMSG-13798]
Registration.c(72): Notify: Saving Parameter "randompass = kadb".	[MsgId: MMSG-13798]
Registration.c(86): Notify: Saving Parameter "randomFirstName = hfhjf".	[MsgId: MMSG-13798]
Registration.c(87): Notify: Saving Parameter "randomLastName = yrhru".	[MsgId: MMSG-13798]
Registration.c(99): Notify: Saving Parameter "RandomPhone = :256529378".	[MsgId: MMSG-13798]
Registration.c(108): Notify: Saving Parameter "RandomZip = 669105".	[MsgId: MMSG-13798]
Registration.c(111): web_submit_form("Account.action") started  	[MsgId: MMSG-26355]
Registration.c(111): Notify: Parameter Substitution: parameter "randomUsername" =  "IVRX"	[MsgId: MMSG-13992]
Registration.c(111): Notify: Parameter Substitution: parameter "randompass" =  "kadb"	[MsgId: MMSG-13992]
Registration.c(111): Notify: Parameter Substitution: parameter "randompass" =  "kadb"	[MsgId: MMSG-13992]
Registration.c(111): Notify: Parameter Substitution: parameter "randomFirstName" =  "hfhjf"	[MsgId: MMSG-13992]
Registration.c(111): Notify: Parameter Substitution: parameter "randomLastName" =  "yrhru"	[MsgId: MMSG-13992]
Registration.c(111): Notify: Parameter Substitution: parameter "randomFirstName" =  "hfhjf"	[MsgId: MMSG-13992]
Registration.c(111): Notify: Parameter Substitution: parameter "randomLastName" =  "yrhru"	[MsgId: MMSG-13992]
Registration.c(111): Notify: Parameter Substitution: parameter "RandomPhone" =  ":256529378"	[MsgId: MMSG-13992]
Registration.c(111): Notify: Parameter Substitution: parameter "RandomZip" =  "669105"	[MsgId: MMSG-13992]
Registration.c(111): Submitting form to "https://petstore.octoperf.com/actions/Account.action", Target Frame=""  	[MsgId: MMSG-27978]
Registration.c(111): Redirecting "https://petstore.octoperf.com/actions/Account.action" (redirection depth is 0)  	[MsgId: MMSG-26694]
Registration.c(111): To location "https://petstore.octoperf.com/actions/Catalog.action"  	[MsgId: MMSG-26693]
Registration.c(111): Resource "https://petstore.octoperf.com/css/jpetstore.css" is in the cache already and will not be downloaded again  	[MsgId: MMSG-26655]
Registration.c(111): Resource "https://petstore.octoperf.com/images/logo-topbar.svg" is in the cache already and will not be downloaded again  	[MsgId: MMSG-26655]
Registration.c(111): Resource "https://petstore.octoperf.com/images/cart.gif" is in the cache already and will not be downloaded again  	[MsgId: MMSG-26655]
Registration.c(111): Resource "https://petstore.octoperf.com/images/separator.gif" is in the cache already and will not be downloaded again  	[MsgId: MMSG-26655]
Registration.c(111): Resource "https://petstore.octoperf.com/images/sm_fish.gif" is in the cache already and will not be downloaded again  	[MsgId: MMSG-26655]
Registration.c(111): Resource "https://petstore.octoperf.com/images/sm_dogs.gif" is in the cache already and will not be downloaded again  	[MsgId: MMSG-26655]
Registration.c(111): Resource "https://petstore.octoperf.com/images/sm_reptiles.gif" is in the cache already and will not be downloaded again  	[MsgId: MMSG-26655]
Registration.c(111): Resource "https://petstore.octoperf.com/images/sm_cats.gif" is in the cache already and will not be downloaded again  	[MsgId: MMSG-26655]
Registration.c(111): Resource "https://petstore.octoperf.com/images/sm_birds.gif" is in the cache already and will not be downloaded again  	[MsgId: MMSG-26655]
Registration.c(111): Resource "https://petstore.octoperf.com/images/fish_icon.gif" is in the cache already and will not be downloaded again  	[MsgId: MMSG-26655]
Registration.c(111): Resource "https://petstore.octoperf.com/images/dogs_icon.gif" is in the cache already and will not be downloaded again  	[MsgId: MMSG-26655]
Registration.c(111): Resource "https://petstore.octoperf.com/images/cats_icon.gif" is in the cache already and will not be downloaded again  	[MsgId: MMSG-26655]
Registration.c(111): Resource "https://petstore.octoperf.com/images/reptiles_icon.gif" is in the cache already and will not be downloaded again  	[MsgId: MMSG-26655]
Registration.c(111): Resource "https://petstore.octoperf.com/images/birds_icon.gif" is in the cache already and will not be downloaded again  	[MsgId: MMSG-26655]
Registration.c(111): Resource "https://petstore.octoperf.com/images/splash.gif" is in the cache already and will not be downloaded again  	[MsgId: MMSG-26655]
Registration.c(111): Registered web_reg_find successful for "Text=Elevate you load-testing" (count=1)  	[MsgId: MMSG-26364]
Registration.c(111): web_submit_form("Account.action") was successful, 4736 body bytes, 443 header bytes  	[MsgId: MMSG-26386]
Registration.c(133): Notify: Transaction "PetStore_SubmitRegistration_T04" ended with a "Pass" status (Duration: 0.3773 Wasted Time: 0.0000).	[MsgId: MMSG-16871]
Registration.c(135): lr_think_time: 4.38 seconds (recorded think time was 5.00 seconds).	[MsgId: MMSG-15947]
AddToCard.c(67): Notify: Transaction "PetStore_SelectItemId_T03" started.	[MsgId: MMSG-16999]
AddToCard.c(71): Notify: Parameter Substitution: parameter "itemId_count" =  "1"	[MsgId: MMSG-13992]
AddToCard.c(72): Notify: Parameter Substitution: parameter "itemId_1" =  "EST-19"	[MsgId: MMSG-13992]
AddToCard.c(74): Notify: Saving Parameter "RanditemId = EST-19".	[MsgId: MMSG-13798]
AddToCard.c(75): Notify: Parameter Substitution: parameter "RanditemId" =  "EST-19"	[MsgId: MMSG-13992]
AddToCard.c(75): Random category selected in Action2 = EST-19	[MsgId: MMSG-17999]
AddToCard.c(77): web_reg_find started  	[MsgId: MMSG-26355]
AddToCard.c(77): Notify: Parameter Substitution: parameter "RanditemId" =  "EST-19"	[MsgId: MMSG-13992]
AddToCard.c(77): Registering web_reg_find was successful  	[MsgId: MMSG-26390]
AddToCard.c(79): web_link("{RanditemId}") started  	[MsgId: MMSG-26355]
AddToCard.c(79): Notify: Parameter Substitution: parameter "RanditemId" =  "EST-19"	[MsgId: MMSG-13992]
AddToCard.c(79): Linking to "https://petstore.octoperf.com/actions/Catalog.action?viewItem=&itemId=EST-19", Target Frame=""  	[MsgId: MMSG-27994]
AddToCard.c(79): Resource "https://petstore.octoperf.com/css/jpetstore.css" is in the cache already and will not be downloaded again  	[MsgId: MMSG-26655]
AddToCard.c(79): Resource "https://petstore.octoperf.com/images/logo-topbar.svg" is in the cache already and will not be downloaded again  	[MsgId: MMSG-26655]
AddToCard.c(79): Resource "https://petstore.octoperf.com/images/cart.gif" is in the cache already and will not be downloaded again  	[MsgId: MMSG-26655]
AddToCard.c(79): Resource "https://petstore.octoperf.com/images/separator.gif" is in the cache already and will not be downloaded again  	[MsgId: MMSG-26655]
AddToCard.c(79): Resource "https://petstore.octoperf.com/images/sm_fish.gif" is in the cache already and will not be downloaded again  	[MsgId: MMSG-26655]
AddToCard.c(79): Resource "https://petstore.octoperf.com/images/sm_dogs.gif" is in the cache already and will not be downloaded again  	[MsgId: MMSG-26655]
AddToCard.c(79): Resource "https://petstore.octoperf.com/images/sm_reptiles.gif" is in the cache already and will not be downloaded again  	[MsgId: MMSG-26655]
AddToCard.c(79): Resource "https://petstore.octoperf.com/images/sm_cats.gif" is in the cache already and will not be downloaded again  	[MsgId: MMSG-26655]
AddToCard.c(79): Resource "https://petstore.octoperf.com/images/sm_birds.gif" is in the cache already and will not be downloaded again  	[MsgId: MMSG-26655]
AddToCard.c(79): Found resource "https://petstore.octoperf.com/images/bird1.gif" in HTML "https://petstore.octoperf.com/actions/Catalog.action?viewItem=&itemId=EST-19"  	[MsgId: MMSG-26659]
AddToCard.c(79): Resource "https://petstore.octoperf.com/images/banner_fish.gif" is in the cache already and will not be downloaded again  	[MsgId: MMSG-26655]
Starting iteration 4.	[MsgId: MMSG-15968]
Notify: Next row for parameter UserName = 1 [table  = UserName].	[MsgId: MMSG-13876]
Notify: Getting new value for parameter 'UserName': table = 'UserName.dat' column = '0' row = '1'.	[MsgId: MMSG-13877]
Notify: Next row for parameter PetStoreEndtoEndFlow_UserName = 1 [table  = PetStoreEndtoEndFlow_UserName].	[MsgId: MMSG-13876]
Notify: Getting new value for parameter 'PetStoreEndtoEndFlow_UserName': table = 'UserCredentilas1.dat' column = '0' row = '1'.	[MsgId: MMSG-13877]
Notify: Next row for parameter PetStoreEndtoEndFlow_pass = 1 [table  = PetStoreEndtoEndFlow_pass].	[MsgId: MMSG-13876]
Notify: Getting new value for parameter 'PetStoreEndtoEndFlow_pass': table = 'UserCredentilas3.dat' column = '0' row = '1'.	[MsgId: MMSG-13877]
Notify: Next row for parameter pass = 1 [table  = pass].	[MsgId: MMSG-13876]
Notify: Getting new value for parameter 'pass': table = 'UserName.dat' column = '0' row = '1'.	[MsgId: MMSG-13877]
Starting action Login.	[MsgId: MMSG-15919]
Registration.c(13): Notify: Transaction "PetStore_EnterToPetStore_T01" started.	[MsgId: MMSG-16999]
Registration.c(14): web_reg_find started  	[MsgId: MMSG-26355]
Registration.c(14): Registering web_reg_find was successful  	[MsgId: MMSG-26390]
Registration.c(17): web_url("Catalog.action") started  	[MsgId: MMSG-26355]
AddToCard.c(79): Registered web_reg_find successful for "Text=EST-19" (count=2)  	[MsgId: MMSG-26364]
AddToCard.c(79): web_link("{RanditemId}") was successful, 15764 body bytes, 511 header bytes  	[MsgId: MMSG-26386]
AddToCard.c(84): Notify: Transaction "PetStore_SelectItemId_T03" ended with a "Pass" status (Duration: 0.2536 Wasted Time: 0.0000).	[MsgId: MMSG-16871]
AddToCard.c(86): lr_think_time: 2.70 seconds (recorded think time was 5.00 seconds).	[MsgId: MMSG-15947]
AddToCard.c(88): Notify: Transaction "PetStore_AddToCard_T04" started.	[MsgId: MMSG-16999]
AddToCard.c(90): web_reg_find started  	[MsgId: MMSG-26355]
AddToCard.c(90): Registering web_reg_find was successful  	[MsgId: MMSG-26390]
AddToCard.c(94): web_link("Add to Cart") started  	[MsgId: MMSG-26355]
AddToCard.c(94): Linking to "https://petstore.octoperf.com/actions/Cart.action?addItemToCart=&workingItemId=EST-17", Target Frame=""  	[MsgId: MMSG-27994]
AddToCard.c(94): Resource "https://petstore.octoperf.com/css/jpetstore.css" is in the cache already and will not be downloaded again  	[MsgId: MMSG-26655]
AddToCard.c(94): Resource "https://petstore.octoperf.com/images/logo-topbar.svg" is in the cache already and will not be downloaded again  	[MsgId: MMSG-26655]
AddToCard.c(94): Resource "https://petstore.octoperf.com/images/cart.gif" is in the cache already and will not be downloaded again  	[MsgId: MMSG-26655]
AddToCard.c(94): Resource "https://petstore.octoperf.com/images/separator.gif" is in the cache already and will not be downloaded again  	[MsgId: MMSG-26655]
AddToCard.c(94): Resource "https://petstore.octoperf.com/images/sm_fish.gif" is in the cache already and will not be downloaded again  	[MsgId: MMSG-26655]
AddToCard.c(94): Resource "https://petstore.octoperf.com/images/sm_dogs.gif" is in the cache already and will not be downloaded again  	[MsgId: MMSG-26655]
AddToCard.c(94): Resource "https://petstore.octoperf.com/images/sm_reptiles.gif" is in the cache already and will not be downloaded again  	[MsgId: MMSG-26655]
AddToCard.c(94): Resource "https://petstore.octoperf.com/images/sm_cats.gif" is in the cache already and will not be downloaded again  	[MsgId: MMSG-26655]
AddToCard.c(94): Resource "https://petstore.octoperf.com/images/sm_birds.gif" is in the cache already and will not be downloaded again  	[MsgId: MMSG-26655]
AddToCard.c(94): Resource "https://petstore.octoperf.com/images/banner_fish.gif" is in the cache already and will not be downloaded again  	[MsgId: MMSG-26655]
AddToCard.c(94): Registered web_reg_find successful for "Text=Shopping Cart" (count=1)  	[MsgId: MMSG-26364]
AddToCard.c(94): web_link("Add to Cart") was successful, 4635 body bytes, 225 header bytes  	[MsgId: MMSG-26386]
AddToCard.c(99): Notify: Transaction "PetStore_AddToCard_T04" ended with a "Pass" status (Duration: 0.1306 Wasted Time: 0.0000).	[MsgId: MMSG-16871]
RemoveTheProduct.c(7): Notify: Transaction "PetStore_ClickOnViewCartR_T01" started.	[MsgId: MMSG-16999]
RemoveTheProduct.c(8): web_reg_find started  	[MsgId: MMSG-26355]
RemoveTheProduct.c(8): Registering web_reg_find was successful  	[MsgId: MMSG-26390]
RemoveTheProduct.c(10): web_image("cart.gif") started  	[MsgId: MMSG-26355]
RemoveTheProduct.c(10): Image-linking to "https://petstore.octoperf.com/actions/Cart.action?viewCart=", Target Frame=""  	[MsgId: MMSG-27993]
RemoveTheProduct.c(10): Resource "https://petstore.octoperf.com/css/jpetstore.css" is in the cache already and will not be downloaded again  	[MsgId: MMSG-26655]
RemoveTheProduct.c(10): Resource "https://petstore.octoperf.com/images/logo-topbar.svg" is in the cache already and will not be downloaded again  	[MsgId: MMSG-26655]
RemoveTheProduct.c(10): Resource "https://petstore.octoperf.com/images/cart.gif" is in the cache already and will not be downloaded again  	[MsgId: MMSG-26655]
RemoveTheProduct.c(10): Resource "https://petstore.octoperf.com/images/separator.gif" is in the cache already and will not be downloaded again  	[MsgId: MMSG-26655]
RemoveTheProduct.c(10): Resource "https://petstore.octoperf.com/images/sm_fish.gif" is in the cache already and will not be downloaded again  	[MsgId: MMSG-26655]
RemoveTheProduct.c(10): Resource "https://petstore.octoperf.com/images/sm_dogs.gif" is in the cache already and will not be downloaded again  	[MsgId: MMSG-26655]
RemoveTheProduct.c(10): Resource "https://petstore.octoperf.com/images/sm_reptiles.gif" is in the cache already and will not be downloaded again  	[MsgId: MMSG-26655]
RemoveTheProduct.c(10): Resource "https://petstore.octoperf.com/images/sm_cats.gif" is in the cache already and will not be downloaded again  	[MsgId: MMSG-26655]
RemoveTheProduct.c(10): Resource "https://petstore.octoperf.com/images/sm_birds.gif" is in the cache already and will not be downloaded again  	[MsgId: MMSG-26655]
RemoveTheProduct.c(10): Resource "https://petstore.octoperf.com/images/banner_fish.gif" is in the cache already and will not be downloaded again  	[MsgId: MMSG-26655]
RemoveTheProduct.c(10): Registered web_reg_find successful for "Text=Shopping Cart" (count=1)  	[MsgId: MMSG-26364]
RemoveTheProduct.c(10): web_image("cart.gif") was successful, 4635 body bytes, 225 header bytes  	[MsgId: MMSG-26386]
RemoveTheProduct.c(14): Notify: Transaction "PetStore_ClickOnViewCartR_T01" ended with a "Pass" status (Duration: 0.1287 Wasted Time: 0.0000).	[MsgId: MMSG-16871]
RemoveTheProduct.c(16): lr_think_time: 4.96 seconds (recorded think time was 5.00 seconds).	[MsgId: MMSG-15947]
Login.c(17): Notify: Transaction "PetStore_Login_T01" started.	[MsgId: MMSG-16999]
Login.c(18): web_reg_find started  	[MsgId: MMSG-26355]
Login.c(18): Registering web_reg_find was successful  	[MsgId: MMSG-26390]
Login.c(20): web_reg_save_param_regexp started  	[MsgId: MMSG-26355]
Login.c(20): Registering web_reg_save_param_regexp was successful  	[MsgId: MMSG-26390]
Login.c(26): web_submit_form("Account.action") started  	[MsgId: MMSG-26355]
Login.c(26): Notify: Parameter Substitution: parameter "randomUsername" =  "NTTT"	[MsgId: MMSG-13992]
Login.c(26): Notify: Parameter Substitution: parameter "randompass" =  "uwes"	[MsgId: MMSG-13992]
Login.c(26): Submitting form to "https://petstore.octoperf.com/actions/Account.action", Target Frame=""  	[MsgId: MMSG-27978]
Registration.c(17): Found resource "https://petstore.octoperf.com/css/jpetstore.css" in HTML "https://petstore.octoperf.com/actions/Catalog.action"  	[MsgId: MMSG-26659]
Registration.c(17): Found resource "https://petstore.octoperf.com/images/logo-topbar.svg" in HTML "https://petstore.octoperf.com/actions/Catalog.action"  	[MsgId: MMSG-26659]
Registration.c(17): Found resource "https://petstore.octoperf.com/images/cart.gif" in HTML "https://petstore.octoperf.com/actions/Catalog.action"  	[MsgId: MMSG-26659]
Registration.c(17): Found resource "https://petstore.octoperf.com/images/separator.gif" in HTML "https://petstore.octoperf.com/actions/Catalog.action"  	[MsgId: MMSG-26659]
Registration.c(17): Found resource "https://petstore.octoperf.com/images/sm_fish.gif" in HTML "https://petstore.octoperf.com/actions/Catalog.action"  	[MsgId: MMSG-26659]
Registration.c(17): Found resource "https://petstore.octoperf.com/images/sm_dogs.gif" in HTML "https://petstore.octoperf.com/actions/Catalog.action"  	[MsgId: MMSG-26659]
Registration.c(17): Found resource "https://petstore.octoperf.com/images/sm_reptiles.gif" in HTML "https://petstore.octoperf.com/actions/Catalog.action"  	[MsgId: MMSG-26659]
Registration.c(17): Found resource "https://petstore.octoperf.com/images/sm_cats.gif" in HTML "https://petstore.octoperf.com/actions/Catalog.action"  	[MsgId: MMSG-26659]
Registration.c(17): Found resource "https://petstore.octoperf.com/images/sm_birds.gif" in HTML "https://petstore.octoperf.com/actions/Catalog.action"  	[MsgId: MMSG-26659]
Registration.c(17): Found resource "https://petstore.octoperf.com/images/fish_icon.gif" in HTML "https://petstore.octoperf.com/actions/Catalog.action"  	[MsgId: MMSG-26659]
Registration.c(17): Found resource "https://petstore.octoperf.com/images/dogs_icon.gif" in HTML "https://petstore.octoperf.com/actions/Catalog.action"  	[MsgId: MMSG-26659]
Registration.c(17): Found resource "https://petstore.octoperf.com/images/cats_icon.gif" in HTML "https://petstore.octoperf.com/actions/Catalog.action"  	[MsgId: MMSG-26659]
Registration.c(17): Found resource "https://petstore.octoperf.com/images/reptiles_icon.gif" in HTML "https://petstore.octoperf.com/actions/Catalog.action"  	[MsgId: MMSG-26659]
Registration.c(17): Found resource "https://petstore.octoperf.com/images/birds_icon.gif" in HTML "https://petstore.octoperf.com/actions/Catalog.action"  	[MsgId: MMSG-26659]
Registration.c(17): Found resource "https://petstore.octoperf.com/images/splash.gif" in HTML "https://petstore.octoperf.com/actions/Catalog.action"  	[MsgId: MMSG-26659]
Login.c(26): Redirecting "https://petstore.octoperf.com/actions/Account.action" (redirection depth is 0)  	[MsgId: MMSG-26694]
Login.c(26): To location "https://petstore.octoperf.com/actions/Catalog.action"  	[MsgId: MMSG-26693]
Login.c(26): Resource "https://petstore.octoperf.com/css/jpetstore.css" is in the cache already and will not be downloaded again  	[MsgId: MMSG-26655]
Login.c(26): Resource "https://petstore.octoperf.com/images/logo-topbar.svg" is in the cache already and will not be downloaded again  	[MsgId: MMSG-26655]
Login.c(26): Resource "https://petstore.octoperf.com/images/cart.gif" is in the cache already and will not be downloaded again  	[MsgId: MMSG-26655]
Login.c(26): Resource "https://petstore.octoperf.com/images/separator.gif" is in the cache already and will not be downloaded again  	[MsgId: MMSG-26655]
Login.c(26): Resource "https://petstore.octoperf.com/images/sm_fish.gif" is in the cache already and will not be downloaded again  	[MsgId: MMSG-26655]
Login.c(26): Resource "https://petstore.octoperf.com/images/sm_dogs.gif" is in the cache already and will not be downloaded again  	[MsgId: MMSG-26655]
Login.c(26): Resource "https://petstore.octoperf.com/images/sm_reptiles.gif" is in the cache already and will not be downloaded again  	[MsgId: MMSG-26655]
Login.c(26): Resource "https://petstore.octoperf.com/images/sm_cats.gif" is in the cache already and will not be downloaded again  	[MsgId: MMSG-26655]
Login.c(26): Resource "https://petstore.octoperf.com/images/sm_birds.gif" is in the cache already and will not be downloaded again  	[MsgId: MMSG-26655]
Login.c(26): Resource "https://petstore.octoperf.com/images/fish_icon.gif" is in the cache already and will not be downloaded again  	[MsgId: MMSG-26655]
Login.c(26): Resource "https://petstore.octoperf.com/images/dogs_icon.gif" is in the cache already and will not be downloaded again  	[MsgId: MMSG-26655]
Login.c(26): Resource "https://petstore.octoperf.com/images/cats_icon.gif" is in the cache already and will not be downloaded again  	[MsgId: MMSG-26655]
Login.c(26): Resource "https://petstore.octoperf.com/images/reptiles_icon.gif" is in the cache already and will not be downloaded again  	[MsgId: MMSG-26655]
Login.c(26): Resource "https://petstore.octoperf.com/images/birds_icon.gif" is in the cache already and will not be downloaded again  	[MsgId: MMSG-26655]
Login.c(26): Resource "https://petstore.octoperf.com/images/splash.gif" is in the cache already and will not be downloaded again  	[MsgId: MMSG-26655]
Login.c(26): Found resource "https://petstore.octoperf.com/images/banner_fish.gif" in HTML "https://petstore.octoperf.com/actions/Catalog.action"  	[MsgId: MMSG-26659]
Login.c(26): Notify: Saving Parameter "ProductName_1 = BIRDS".	[MsgId: MMSG-13798]
Login.c(26): Notify: Saving Parameter "ProductName_2 = FISH".	[MsgId: MMSG-13798]
Login.c(26): Notify: Saving Parameter "ProductName_3 = DOGS".	[MsgId: MMSG-13798]
Login.c(26): Notify: Saving Parameter "ProductName_4 = REPTILES".	[MsgId: MMSG-13798]
Login.c(26): Notify: Saving Parameter "ProductName_5 = CATS".	[MsgId: MMSG-13798]
Login.c(26): Notify: Saving Parameter "ProductName_6 = BIRDS".	[MsgId: MMSG-13798]
Login.c(26): Notify: Saving Parameter "ProductName_count = 6".	[MsgId: MMSG-13798]
Login.c(26): Registered web_reg_find successful for "Text=My Account" (count=1)  	[MsgId: MMSG-26364]
Login.c(26): web_submit_form("Account.action") was successful, 11416 body bytes, 727 header bytes  	[MsgId: MMSG-26386]
Login.c(34): Notify: Transaction "PetStore_Login_T01" ended with a "Pass" status (Duration: 0.5092 Wasted Time: 0.0003).	[MsgId: MMSG-16871]
Ending action Login.	[MsgId: MMSG-15918]
Starting action RemoveTheProduct.	[MsgId: MMSG-15919]
AddToCard.c(8): Notify: Transaction "PetStore_AddAproduct_T01" started.	[MsgId: MMSG-16999]
AddToCard.c(11): Notify: Parameter Substitution: parameter "ProductName_count" =  "6"	[MsgId: MMSG-13992]
AddToCard.c(12): Notify: Parameter Substitution: parameter "ProductName_5" =  "CATS"	[MsgId: MMSG-13992]
AddToCard.c(14): Notify: Saving Parameter "RandCategory = CATS".	[MsgId: MMSG-13798]
AddToCard.c(15): Notify: Parameter Substitution: parameter "RandCategory" =  "CATS"	[MsgId: MMSG-13992]
AddToCard.c(15): Random category selected in Action2 = CATS	[MsgId: MMSG-17999]
AddToCard.c(17): web_reg_find started  	[MsgId: MMSG-26355]
AddToCard.c(17): Notify: Parameter Substitution: parameter "RandCategory" =  "CATS"	[MsgId: MMSG-13992]
AddToCard.c(17): Registering web_reg_find was successful  	[MsgId: MMSG-26390]
AddToCard.c(20): web_reg_save_param_regexp started  	[MsgId: MMSG-26355]
AddToCard.c(20): Registering web_reg_save_param_regexp was successful  	[MsgId: MMSG-26390]
AddToCard.c(27): web_url("Catalog.action_2") started  	[MsgId: MMSG-26355]
AddToCard.c(27): Notify: Parameter Substitution: parameter "RandCategory" =  "CATS"	[MsgId: MMSG-13992]
Registration.c(57): Notify: Transaction "PetStore_SubmitRegistration_T04" started.	[MsgId: MMSG-16999]
Registration.c(59): web_reg_find started  	[MsgId: MMSG-26355]
Registration.c(59): Registering web_reg_find was successful  	[MsgId: MMSG-26390]
Registration.c(66): Notify: Saving Parameter "randomUsername = ECUC".	[MsgId: MMSG-13798]
Registration.c(72): Notify: Saving Parameter "randompass = wsqo".	[MsgId: MMSG-13798]
Registration.c(86): Notify: Saving Parameter "randomFirstName = ucylf".	[MsgId: MMSG-13798]
Registration.c(87): Notify: Saving Parameter "randomLastName = aahed".	[MsgId: MMSG-13798]
Registration.c(99): Notify: Saving Parameter "RandomPhone = ;643298385".	[MsgId: MMSG-13798]
Registration.c(108): Notify: Saving Parameter "RandomZip = 305065".	[MsgId: MMSG-13798]
Registration.c(111): web_submit_form("Account.action") started  	[MsgId: MMSG-26355]
Registration.c(111): Notify: Parameter Substitution: parameter "randomUsername" =  "ECUC"	[MsgId: MMSG-13992]
Registration.c(111): Notify: Parameter Substitution: parameter "randompass" =  "wsqo"	[MsgId: MMSG-13992]
Registration.c(111): Notify: Parameter Substitution: parameter "randompass" =  "wsqo"	[MsgId: MMSG-13992]
Registration.c(111): Notify: Parameter Substitution: parameter "randomFirstName" =  "ucylf"	[MsgId: MMSG-13992]
Registration.c(111): Notify: Parameter Substitution: parameter "randomLastName" =  "aahed"	[MsgId: MMSG-13992]
Registration.c(111): Notify: Parameter Substitution: parameter "randomFirstName" =  "ucylf"	[MsgId: MMSG-13992]
Registration.c(111): Notify: Parameter Substitution: parameter "randomLastName" =  "aahed"	[MsgId: MMSG-13992]
Registration.c(111): Notify: Parameter Substitution: parameter "RandomPhone" =  ";643298385"	[MsgId: MMSG-13992]
Registration.c(111): Notify: Parameter Substitution: parameter "RandomZip" =  "305065"	[MsgId: MMSG-13992]
Registration.c(111): Submitting form to "https://petstore.octoperf.com/actions/Account.action", Target Frame=""  	[MsgId: MMSG-27978]
Registration.c(17): Registered web_reg_find successful for "Text=OctoPerf" (count=1)  	[MsgId: MMSG-26364]
Registration.c(17): web_url("Catalog.action") was successful, 69386 body bytes, 4543 header bytes  	[MsgId: MMSG-26386]
Registration.c(25): Notify: Transaction "PetStore_EnterToPetStore_T01" ended with a "Pass" status (Duration: 1.1621 Wasted Time: 0.0002).	[MsgId: MMSG-16871]
Registration.c(27): lr_think_time: 2.86 seconds (recorded think time was 5.00 seconds).	[MsgId: MMSG-15947]
Registration.c(137): Notify: Transaction "PetStore_SignOut_T05" started.	[MsgId: MMSG-16999]
Registration.c(139): web_reg_find started  	[MsgId: MMSG-26355]
Registration.c(139): Registering web_reg_find was successful  	[MsgId: MMSG-26390]
Registration.c(142): web_url("Account.action_2") started  	[MsgId: MMSG-26355]
AddToCard.c(27): Resource "https://petstore.octoperf.com/css/jpetstore.css" is in the cache already and will not be downloaded again  	[MsgId: MMSG-26655]
AddToCard.c(27): Resource "https://petstore.octoperf.com/images/logo-topbar.svg" is in the cache already and will not be downloaded again  	[MsgId: MMSG-26655]
AddToCard.c(27): Resource "https://petstore.octoperf.com/images/cart.gif" is in the cache already and will not be downloaded again  	[MsgId: MMSG-26655]
AddToCard.c(27): Resource "https://petstore.octoperf.com/images/separator.gif" is in the cache already and will not be downloaded again  	[MsgId: MMSG-26655]
AddToCard.c(27): Resource "https://petstore.octoperf.com/images/sm_fish.gif" is in the cache already and will not be downloaded again  	[MsgId: MMSG-26655]
AddToCard.c(27): Resource "https://petstore.octoperf.com/images/sm_dogs.gif" is in the cache already and will not be downloaded again  	[MsgId: MMSG-26655]
AddToCard.c(27): Resource "https://petstore.octoperf.com/images/sm_reptiles.gif" is in the cache already and will not be downloaded again  	[MsgId: MMSG-26655]
AddToCard.c(27): Resource "https://petstore.octoperf.com/images/sm_cats.gif" is in the cache already and will not be downloaded again  	[MsgId: MMSG-26655]
AddToCard.c(27): Resource "https://petstore.octoperf.com/images/sm_birds.gif" is in the cache already and will not be downloaded again  	[MsgId: MMSG-26655]
AddToCard.c(27): Resource "https://petstore.octoperf.com/images/banner_fish.gif" is in the cache already and will not be downloaded again  	[MsgId: MMSG-26655]
AddToCard.c(27): Notify: Saving Parameter "productId_1 = FL-DSH-01".	[MsgId: MMSG-13798]
AddToCard.c(27): Notify: Saving Parameter "productId_2 = FL-DLH-02".	[MsgId: MMSG-13798]
AddToCard.c(27): Notify: Saving Parameter "productId_count = 2".	[MsgId: MMSG-13798]
AddToCard.c(27): Registered web_reg_find successful for "Text=CATS" (count=1)  	[MsgId: MMSG-26364]
AddToCard.c(27): web_url("Catalog.action_2") was successful, 3621 body bytes, 225 header bytes  	[MsgId: MMSG-26386]
AddToCard.c(36): Notify: Transaction "PetStore_AddAproduct_T01" ended with a "Pass" status (Duration: 0.2927 Wasted Time: 0.0002).	[MsgId: MMSG-16871]
AddToCard.c(38): lr_think_time: 3.79 seconds (recorded think time was 5.00 seconds).	[MsgId: MMSG-15947]
Registration.c(142): Redirecting "https://petstore.octoperf.com/actions/Account.action?signoff=" (redirection depth is 0)  	[MsgId: MMSG-26694]
Registration.c(142): To location "https://petstore.octoperf.com/actions/Catalog.action"  	[MsgId: MMSG-26693]
Registration.c(111): Redirecting "https://petstore.octoperf.com/actions/Account.action" (redirection depth is 0)  	[MsgId: MMSG-26694]
Registration.c(111): To location "https://petstore.octoperf.com/actions/Catalog.action"  	[MsgId: MMSG-26693]
Registration.c(142): Resource "https://petstore.octoperf.com/css/jpetstore.css" is in the cache already and will not be downloaded again  	[MsgId: MMSG-26655]
Registration.c(142): Resource "https://petstore.octoperf.com/images/logo-topbar.svg" is in the cache already and will not be downloaded again  	[MsgId: MMSG-26655]
Registration.c(142): Resource "https://petstore.octoperf.com/images/cart.gif" is in the cache already and will not be downloaded again  	[MsgId: MMSG-26655]
Registration.c(142): Resource "https://petstore.octoperf.com/images/separator.gif" is in the cache already and will not be downloaded again  	[MsgId: MMSG-26655]
Registration.c(142): Resource "https://petstore.octoperf.com/images/sm_fish.gif" is in the cache already and will not be downloaded again  	[MsgId: MMSG-26655]
Registration.c(142): Resource "https://petstore.octoperf.com/images/sm_dogs.gif" is in the cache already and will not be downloaded again  	[MsgId: MMSG-26655]
Registration.c(142): Resource "https://petstore.octoperf.com/images/sm_reptiles.gif" is in the cache already and will not be downloaded again  	[MsgId: MMSG-26655]
Registration.c(142): Resource "https://petstore.octoperf.com/images/sm_cats.gif" is in the cache already and will not be downloaded again  	[MsgId: MMSG-26655]
Registration.c(142): Resource "https://petstore.octoperf.com/images/sm_birds.gif" is in the cache already and will not be downloaded again  	[MsgId: MMSG-26655]
Registration.c(142): Resource "https://petstore.octoperf.com/images/fish_icon.gif" is in the cache already and will not be downloaded again  	[MsgId: MMSG-26655]
Registration.c(142): Resource "https://petstore.octoperf.com/images/dogs_icon.gif" is in the cache already and will not be downloaded again  	[MsgId: MMSG-26655]
Registration.c(142): Resource "https://petstore.octoperf.com/images/cats_icon.gif" is in the cache already and will not be downloaded again  	[MsgId: MMSG-26655]
Registration.c(142): Resource "https://petstore.octoperf.com/images/reptiles_icon.gif" is in the cache already and will not be downloaded again  	[MsgId: MMSG-26655]
Registration.c(142): Resource "https://petstore.octoperf.com/images/birds_icon.gif" is in the cache already and will not be downloaded again  	[MsgId: MMSG-26655]
Registration.c(142): Resource "https://petstore.octoperf.com/images/splash.gif" is in the cache already and will not be downloaded again  	[MsgId: MMSG-26655]
Registration.c(142): Registered web_reg_find successful for "Text=Sign In" (count=1)  	[MsgId: MMSG-26364]
Registration.c(142): web_url("Account.action_2") was successful, 4736 body bytes, 518 header bytes  	[MsgId: MMSG-26386]
Registration.c(151): Notify: Transaction "PetStore_SignOut_T05" ended with a "Pass" status (Duration: 0.2508 Wasted Time: 0.0000).	[MsgId: MMSG-16871]
Login.c(4): Notify: Transaction "PetStore_ClickOnSignIn_T01" started.	[MsgId: MMSG-16999]
Login.c(6): web_reg_find started  	[MsgId: MMSG-26355]
Login.c(6): Registering web_reg_find was successful  	[MsgId: MMSG-26390]
Login.c(9): web_link("Sign In") started  	[MsgId: MMSG-26355]
Login.c(9): Linking to "https://petstore.octoperf.com/actions/Account.action?signonForm=", Target Frame=""  	[MsgId: MMSG-27994]
Registration.c(111): Resource "https://petstore.octoperf.com/css/jpetstore.css" is in the cache already and will not be downloaded again  	[MsgId: MMSG-26655]
Registration.c(111): Resource "https://petstore.octoperf.com/images/logo-topbar.svg" is in the cache already and will not be downloaded again  	[MsgId: MMSG-26655]
Registration.c(111): Resource "https://petstore.octoperf.com/images/cart.gif" is in the cache already and will not be downloaded again  	[MsgId: MMSG-26655]
Registration.c(111): Resource "https://petstore.octoperf.com/images/separator.gif" is in the cache already and will not be downloaded again  	[MsgId: MMSG-26655]
Registration.c(111): Resource "https://petstore.octoperf.com/images/sm_fish.gif" is in the cache already and will not be downloaded again  	[MsgId: MMSG-26655]
Registration.c(111): Resource "https://petstore.octoperf.com/images/sm_dogs.gif" is in the cache already and will not be downloaded again  	[MsgId: MMSG-26655]
Registration.c(111): Resource "https://petstore.octoperf.com/images/sm_reptiles.gif" is in the cache already and will not be downloaded again  	[MsgId: MMSG-26655]
Registration.c(111): Resource "https://petstore.octoperf.com/images/sm_cats.gif" is in the cache already and will not be downloaded again  	[MsgId: MMSG-26655]
Registration.c(111): Resource "https://petstore.octoperf.com/images/sm_birds.gif" is in the cache already and will not be downloaded again  	[MsgId: MMSG-26655]
Registration.c(111): Resource "https://petstore.octoperf.com/images/fish_icon.gif" is in the cache already and will not be downloaded again  	[MsgId: MMSG-26655]
Registration.c(111): Resource "https://petstore.octoperf.com/images/dogs_icon.gif" is in the cache already and will not be downloaded again  	[MsgId: MMSG-26655]
Registration.c(111): Resource "https://petstore.octoperf.com/images/cats_icon.gif" is in the cache already and will not be downloaded again  	[MsgId: MMSG-26655]
Registration.c(111): Resource "https://petstore.octoperf.com/images/reptiles_icon.gif" is in the cache already and will not be downloaded again  	[MsgId: MMSG-26655]
Registration.c(111): Resource "https://petstore.octoperf.com/images/birds_icon.gif" is in the cache already and will not be downloaded again  	[MsgId: MMSG-26655]
Registration.c(111): Resource "https://petstore.octoperf.com/images/splash.gif" is in the cache already and will not be downloaded again  	[MsgId: MMSG-26655]
Registration.c(111): Registered web_reg_find successful for "Text=Elevate you load-testing" (count=1)  	[MsgId: MMSG-26364]
Registration.c(111): web_submit_form("Account.action") was successful, 4736 body bytes, 443 header bytes  	[MsgId: MMSG-26386]
Registration.c(133): Notify: Transaction "PetStore_SubmitRegistration_T04" ended with a "Pass" status (Duration: 0.3800 Wasted Time: 0.0000).	[MsgId: MMSG-16871]
Registration.c(135): lr_think_time: 3.39 seconds (recorded think time was 5.00 seconds).	[MsgId: MMSG-15947]
Login.c(9): Resource "https://petstore.octoperf.com/css/jpetstore.css" is in the cache already and will not be downloaded again  	[MsgId: MMSG-26655]
Login.c(9): Resource "https://petstore.octoperf.com/images/logo-topbar.svg" is in the cache already and will not be downloaded again  	[MsgId: MMSG-26655]
Login.c(9): Resource "https://petstore.octoperf.com/images/cart.gif" is in the cache already and will not be downloaded again  	[MsgId: MMSG-26655]
Login.c(9): Resource "https://petstore.octoperf.com/images/separator.gif" is in the cache already and will not be downloaded again  	[MsgId: MMSG-26655]
Login.c(9): Resource "https://petstore.octoperf.com/images/sm_fish.gif" is in the cache already and will not be downloaded again  	[MsgId: MMSG-26655]
Login.c(9): Resource "https://petstore.octoperf.com/images/sm_dogs.gif" is in the cache already and will not be downloaded again  	[MsgId: MMSG-26655]
Login.c(9): Resource "https://petstore.octoperf.com/images/sm_reptiles.gif" is in the cache already and will not be downloaded again  	[MsgId: MMSG-26655]
Login.c(9): Resource "https://petstore.octoperf.com/images/sm_cats.gif" is in the cache already and will not be downloaded again  	[MsgId: MMSG-26655]
Login.c(9): Resource "https://petstore.octoperf.com/images/sm_birds.gif" is in the cache already and will not be downloaded again  	[MsgId: MMSG-26655]
Login.c(9): Registered web_reg_find successful for "Text=Please enter your username and password" (count=1)  	[MsgId: MMSG-26364]
Login.c(9): web_link("Sign In") was successful, 3860 body bytes, 225 header bytes  	[MsgId: MMSG-26386]
Login.c(13): Notify: Transaction "PetStore_ClickOnSignIn_T01" ended with a "Pass" status (Duration: 0.1275 Wasted Time: 0.0000).	[MsgId: MMSG-16871]
Login.c(15): lr_think_time: 2.57 seconds (recorded think time was 5.00 seconds).	[MsgId: MMSG-15947]
RemoveTheProduct.c(18): Notify: Transaction "PetStore_ClickOnRemove_T02" started.	[MsgId: MMSG-16999]
RemoveTheProduct.c(20): web_reg_find started  	[MsgId: MMSG-26355]
RemoveTheProduct.c(20): Registering web_reg_find was successful  	[MsgId: MMSG-26390]
RemoveTheProduct.c(23): web_link("Remove") started  	[MsgId: MMSG-26355]
RemoveTheProduct.c(23): Linking to "https://petstore.octoperf.com/actions/Cart.action?removeItemFromCart=&workingItemId=EST-24", Target Frame=""  	[MsgId: MMSG-27994]
RemoveTheProduct.c(23): Resource "https://petstore.octoperf.com/css/jpetstore.css" is in the cache already and will not be downloaded again  	[MsgId: MMSG-26655]
RemoveTheProduct.c(23): Resource "https://petstore.octoperf.com/images/logo-topbar.svg" is in the cache already and will not be downloaded again  	[MsgId: MMSG-26655]
RemoveTheProduct.c(23): Resource "https://petstore.octoperf.com/images/cart.gif" is in the cache already and will not be downloaded again  	[MsgId: MMSG-26655]
RemoveTheProduct.c(23): Resource "https://petstore.octoperf.com/images/separator.gif" is in the cache already and will not be downloaded again  	[MsgId: MMSG-26655]
RemoveTheProduct.c(23): Resource "https://petstore.octoperf.com/images/sm_fish.gif" is in the cache already and will not be downloaded again  	[MsgId: MMSG-26655]
RemoveTheProduct.c(23): Resource "https://petstore.octoperf.com/images/sm_dogs.gif" is in the cache already and will not be downloaded again  	[MsgId: MMSG-26655]
RemoveTheProduct.c(23): Resource "https://petstore.octoperf.com/images/sm_reptiles.gif" is in the cache already and will not be downloaded again  	[MsgId: MMSG-26655]
RemoveTheProduct.c(23): Resource "https://petstore.octoperf.com/images/sm_cats.gif" is in the cache already and will not be downloaded again  	[MsgId: MMSG-26655]
RemoveTheProduct.c(23): Resource "https://petstore.octoperf.com/images/sm_birds.gif" is in the cache already and will not be downloaded again  	[MsgId: MMSG-26655]
RemoveTheProduct.c(23): Resource "https://petstore.octoperf.com/images/banner_fish.gif" is in the cache already and will not be downloaded again  	[MsgId: MMSG-26655]
RemoveTheProduct.c(23): Registered web_reg_find successful for "Text=Your cart is empty." (count=1)  	[MsgId: MMSG-26364]
RemoveTheProduct.c(23): web_link("Remove") was successful, 4202 body bytes, 225 header bytes  	[MsgId: MMSG-26386]
RemoveTheProduct.c(28): Notify: Transaction "PetStore_ClickOnRemove_T02" ended with a "Pass" status (Duration: 0.1263 Wasted Time: 0.0000).	[MsgId: MMSG-16871]
Ending action RemoveTheProduct.	[MsgId: MMSG-15918]
Action was aborted.	[MsgId: MMSG-10694]
Ending Vuser...	[MsgId: MMSG-15966]
Starting action vuser_end.	[MsgId: MMSG-15919]
vuser_end.c(4): Notify: Transaction "PetStore_SignOut_T01" started.	[MsgId: MMSG-16999]
vuser_end.c(6): web_reg_find started  	[MsgId: MMSG-26355]
vuser_end.c(6): Registering web_reg_find was successful  	[MsgId: MMSG-26390]
vuser_end.c(9): web_url("Account.action_2") started  	[MsgId: MMSG-26355]
vuser_end.c(9): Redirecting "https://petstore.octoperf.com/actions/Account.action?signoff=" (redirection depth is 0)  	[MsgId: MMSG-26694]
vuser_end.c(9): To location "https://petstore.octoperf.com/actions/Catalog.action"  	[MsgId: MMSG-26693]
Registration.c(29): Notify: Transaction "PetStore_ClickOnSignIn_T02" started.	[MsgId: MMSG-16999]
Registration.c(31): web_reg_find started  	[MsgId: MMSG-26355]
Registration.c(31): Registering web_reg_find was successful  	[MsgId: MMSG-26390]
Registration.c(34): web_link("Sign In") started  	[MsgId: MMSG-26355]
Registration.c(34): Linking to "https://petstore.octoperf.com/actions/Account.action;jsessionid=6E71223DA59DB4387FF1201AFB84DE1A?signonForm=", Target Frame=""  	[MsgId: MMSG-27994]
vuser_end.c(9): Resource "https://petstore.octoperf.com/css/jpetstore.css" is in the cache already and will not be downloaded again  	[MsgId: MMSG-26655]
vuser_end.c(9): Resource "https://petstore.octoperf.com/images/logo-topbar.svg" is in the cache already and will not be downloaded again  	[MsgId: MMSG-26655]
vuser_end.c(9): Resource "https://petstore.octoperf.com/images/cart.gif" is in the cache already and will not be downloaded again  	[MsgId: MMSG-26655]
vuser_end.c(9): Resource "https://petstore.octoperf.com/images/separator.gif" is in the cache already and will not be downloaded again  	[MsgId: MMSG-26655]
vuser_end.c(9): Resource "https://petstore.octoperf.com/images/sm_fish.gif" is in the cache already and will not be downloaded again  	[MsgId: MMSG-26655]
vuser_end.c(9): Resource "https://petstore.octoperf.com/images/sm_dogs.gif" is in the cache already and will not be downloaded again  	[MsgId: MMSG-26655]
vuser_end.c(9): Resource "https://petstore.octoperf.com/images/sm_reptiles.gif" is in the cache already and will not be downloaded again  	[MsgId: MMSG-26655]
vuser_end.c(9): Resource "https://petstore.octoperf.com/images/sm_cats.gif" is in the cache already and will not be downloaded again  	[MsgId: MMSG-26655]
vuser_end.c(9): Resource "https://petstore.octoperf.com/images/sm_birds.gif" is in the cache already and will not be downloaded again  	[MsgId: MMSG-26655]
vuser_end.c(9): Resource "https://petstore.octoperf.com/images/fish_icon.gif" is in the cache already and will not be downloaded again  	[MsgId: MMSG-26655]
vuser_end.c(9): Resource "https://petstore.octoperf.com/images/dogs_icon.gif" is in the cache already and will not be downloaded again  	[MsgId: MMSG-26655]
vuser_end.c(9): Resource "https://petstore.octoperf.com/images/cats_icon.gif" is in the cache already and will not be downloaded again  	[MsgId: MMSG-26655]
vuser_end.c(9): Resource "https://petstore.octoperf.com/images/reptiles_icon.gif" is in the cache already and will not be downloaded again  	[MsgId: MMSG-26655]
vuser_end.c(9): Resource "https://petstore.octoperf.com/images/birds_icon.gif" is in the cache already and will not be downloaded again  	[MsgId: MMSG-26655]
vuser_end.c(9): Resource "https://petstore.octoperf.com/images/splash.gif" is in the cache already and will not be downloaded again  	[MsgId: MMSG-26655]
vuser_end.c(9): Registered web_reg_find successful for "Text=Sign In" (count=1)  	[MsgId: MMSG-26364]
vuser_end.c(9): web_url("Account.action_2") was successful, 4736 body bytes, 518 header bytes  	[MsgId: MMSG-26386]
vuser_end.c(18): Notify: Transaction "PetStore_SignOut_T01" ended with a "Pass" status (Duration: 0.2543 Wasted Time: 0.0000).	[MsgId: MMSG-16871]
vuser_end.c(20): Script Exection done sucessfully	[MsgId: MMSG-17999]
vuser_end.c(21): web_cache_cleanup started  	[MsgId: MMSG-26355]
vuser_end.c(21): web_cache_cleanup was successful  	[MsgId: MMSG-26392]
vuser_end.c(22): web_cleanup_cookies started  	[MsgId: MMSG-26355]
vuser_end.c(22): web_cleanup_cookies was successful  	[MsgId: MMSG-26392]
Ending action vuser_end.	[MsgId: MMSG-15918]
Vuser Terminated.	[MsgId: MMSG-15963]
Vuser 9 (thread 6940), ended OK."	[MsgId: MMSG-10695]
Registration.c(34): Resource "https://petstore.octoperf.com/css/jpetstore.css" is in the cache already and will not be downloaded again  	[MsgId: MMSG-26655]
Registration.c(34): Resource "https://petstore.octoperf.com/images/logo-topbar.svg" is in the cache already and will not be downloaded again  	[MsgId: MMSG-26655]
Registration.c(34): Resource "https://petstore.octoperf.com/images/cart.gif" is in the cache already and will not be downloaded again  	[MsgId: MMSG-26655]
Registration.c(34): Resource "https://petstore.octoperf.com/images/separator.gif" is in the cache already and will not be downloaded again  	[MsgId: MMSG-26655]
Registration.c(34): Resource "https://petstore.octoperf.com/images/sm_fish.gif" is in the cache already and will not be downloaded again  	[MsgId: MMSG-26655]
Registration.c(34): Resource "https://petstore.octoperf.com/images/sm_dogs.gif" is in the cache already and will not be downloaded again  	[MsgId: MMSG-26655]
Registration.c(34): Resource "https://petstore.octoperf.com/images/sm_reptiles.gif" is in the cache already and will not be downloaded again  	[MsgId: MMSG-26655]
Registration.c(34): Resource "https://petstore.octoperf.com/images/sm_cats.gif" is in the cache already and will not be downloaded again  	[MsgId: MMSG-26655]
Registration.c(34): Resource "https://petstore.octoperf.com/images/sm_birds.gif" is in the cache already and will not be downloaded again  	[MsgId: MMSG-26655]
Registration.c(34): Registered web_reg_find successful for "Text=Please enter your username and password" (count=1)  	[MsgId: MMSG-26364]
Registration.c(34): web_link("Sign In") was successful, 3858 body bytes, 225 header bytes  	[MsgId: MMSG-26386]
Registration.c(39): Notify: Transaction "PetStore_ClickOnSignIn_T02" ended with a "Pass" status (Duration: 0.1252 Wasted Time: 0.0000).	[MsgId: MMSG-16871]
Registration.c(41): lr_think_time: 2.76 seconds (recorded think time was 5.00 seconds).	[MsgId: MMSG-15947]
AddToCard.c(67): Notify: Transaction "PetStore_SelectItemId_T03" started.	[MsgId: MMSG-16999]
AddToCard.c(71): Notify: Parameter Substitution: parameter "itemId_count" =  "2"	[MsgId: MMSG-13992]
AddToCard.c(72): Notify: Parameter Substitution: parameter "itemId_2" =  "EST-17"	[MsgId: MMSG-13992]
AddToCard.c(74): Notify: Saving Parameter "RanditemId = EST-17".	[MsgId: MMSG-13798]
AddToCard.c(75): Notify: Parameter Substitution: parameter "RanditemId" =  "EST-17"	[MsgId: MMSG-13992]
AddToCard.c(75): Random category selected in Action2 = EST-17	[MsgId: MMSG-17999]
AddToCard.c(77): web_reg_find started  	[MsgId: MMSG-26355]
AddToCard.c(77): Notify: Parameter Substitution: parameter "RanditemId" =  "EST-17"	[MsgId: MMSG-13992]
AddToCard.c(77): Registering web_reg_find was successful  	[MsgId: MMSG-26390]
AddToCard.c(79): web_link("{RanditemId}") started  	[MsgId: MMSG-26355]
AddToCard.c(79): Notify: Parameter Substitution: parameter "RanditemId" =  "EST-17"	[MsgId: MMSG-13992]
AddToCard.c(79): Linking to "https://petstore.octoperf.com/actions/Catalog.action?viewItem=&itemId=EST-17", Target Frame=""  	[MsgId: MMSG-27994]
AddToCard.c(79): Resource "https://petstore.octoperf.com/css/jpetstore.css" is in the cache already and will not be downloaded again  	[MsgId: MMSG-26655]
AddToCard.c(79): Resource "https://petstore.octoperf.com/images/logo-topbar.svg" is in the cache already and will not be downloaded again  	[MsgId: MMSG-26655]
AddToCard.c(79): Resource "https://petstore.octoperf.com/images/cart.gif" is in the cache already and will not be downloaded again  	[MsgId: MMSG-26655]
AddToCard.c(79): Resource "https://petstore.octoperf.com/images/separator.gif" is in the cache already and will not be downloaded again  	[MsgId: MMSG-26655]
AddToCard.c(79): Resource "https://petstore.octoperf.com/images/sm_fish.gif" is in the cache already and will not be downloaded again  	[MsgId: MMSG-26655]
AddToCard.c(79): Resource "https://petstore.octoperf.com/images/sm_dogs.gif" is in the cache already and will not be downloaded again  	[MsgId: MMSG-26655]
AddToCard.c(79): Resource "https://petstore.octoperf.com/images/sm_reptiles.gif" is in the cache already and will not be downloaded again  	[MsgId: MMSG-26655]
AddToCard.c(79): Resource "https://petstore.octoperf.com/images/sm_cats.gif" is in the cache already and will not be downloaded again  	[MsgId: MMSG-26655]
AddToCard.c(79): Resource "https://petstore.octoperf.com/images/sm_birds.gif" is in the cache already and will not be downloaded again  	[MsgId: MMSG-26655]
AddToCard.c(79): Found resource "https://petstore.octoperf.com/images/cat1.gif" in HTML "https://petstore.octoperf.com/actions/Catalog.action?viewItem=&itemId=EST-17"  	[MsgId: MMSG-26659]
AddToCard.c(79): Resource "https://petstore.octoperf.com/images/banner_fish.gif" is in the cache already and will not be downloaded again  	[MsgId: MMSG-26655]
AddToCard.c(79): Registered web_reg_find successful for "Text=EST-17" (count=2)  	[MsgId: MMSG-26364]
AddToCard.c(79): web_link("{RanditemId}") was successful, 16544 body bytes, 511 header bytes  	[MsgId: MMSG-26386]
AddToCard.c(84): Notify: Transaction "PetStore_SelectItemId_T03" ended with a "Pass" status (Duration: 0.3766 Wasted Time: 0.0000).	[MsgId: MMSG-16871]
AddToCard.c(86): lr_think_time: 3.27 seconds (recorded think time was 5.00 seconds).	[MsgId: MMSG-15947]
AddToCard.c(88): Notify: Transaction "PetStore_AddToCard_T04" started.	[MsgId: MMSG-16999]
AddToCard.c(90): web_reg_find started  	[MsgId: MMSG-26355]
AddToCard.c(90): Registering web_reg_find was successful  	[MsgId: MMSG-26390]
AddToCard.c(94): web_link("Add to Cart") started  	[MsgId: MMSG-26355]
AddToCard.c(94): Linking to "https://petstore.octoperf.com/actions/Cart.action?addItemToCart=&workingItemId=EST-19", Target Frame=""  	[MsgId: MMSG-27994]
AddToCard.c(94): Resource "https://petstore.octoperf.com/css/jpetstore.css" is in the cache already and will not be downloaded again  	[MsgId: MMSG-26655]
AddToCard.c(94): Resource "https://petstore.octoperf.com/images/logo-topbar.svg" is in the cache already and will not be downloaded again  	[MsgId: MMSG-26655]
AddToCard.c(94): Resource "https://petstore.octoperf.com/images/cart.gif" is in the cache already and will not be downloaded again  	[MsgId: MMSG-26655]
AddToCard.c(94): Resource "https://petstore.octoperf.com/images/separator.gif" is in the cache already and will not be downloaded again  	[MsgId: MMSG-26655]
AddToCard.c(94): Resource "https://petstore.octoperf.com/images/sm_fish.gif" is in the cache already and will not be downloaded again  	[MsgId: MMSG-26655]
AddToCard.c(94): Resource "https://petstore.octoperf.com/images/sm_dogs.gif" is in the cache already and will not be downloaded again  	[MsgId: MMSG-26655]
AddToCard.c(94): Resource "https://petstore.octoperf.com/images/sm_reptiles.gif" is in the cache already and will not be downloaded again  	[MsgId: MMSG-26655]
AddToCard.c(94): Resource "https://petstore.octoperf.com/images/sm_cats.gif" is in the cache already and will not be downloaded again  	[MsgId: MMSG-26655]
AddToCard.c(94): Resource "https://petstore.octoperf.com/images/sm_birds.gif" is in the cache already and will not be downloaded again  	[MsgId: MMSG-26655]
AddToCard.c(94): Resource "https://petstore.octoperf.com/images/banner_fish.gif" is in the cache already and will not be downloaded again  	[MsgId: MMSG-26655]
AddToCard.c(94): Registered web_reg_find successful for "Text=Shopping Cart" (count=1)  	[MsgId: MMSG-26364]
AddToCard.c(94): web_link("Add to Cart") was successful, 4632 body bytes, 225 header bytes  	[MsgId: MMSG-26386]
AddToCard.c(99): Notify: Transaction "PetStore_AddToCard_T04" ended with a "Pass" status (Duration: 0.1303 Wasted Time: 0.0000).	[MsgId: MMSG-16871]
RemoveTheProduct.c(7): Notify: Transaction "PetStore_ClickOnViewCartR_T01" started.	[MsgId: MMSG-16999]
RemoveTheProduct.c(8): web_reg_find started  	[MsgId: MMSG-26355]
RemoveTheProduct.c(8): Registering web_reg_find was successful  	[MsgId: MMSG-26390]
RemoveTheProduct.c(10): web_image("cart.gif") started  	[MsgId: MMSG-26355]
RemoveTheProduct.c(10): Image-linking to "https://petstore.octoperf.com/actions/Cart.action?viewCart=", Target Frame=""  	[MsgId: MMSG-27993]
RemoveTheProduct.c(10): Resource "https://petstore.octoperf.com/css/jpetstore.css" is in the cache already and will not be downloaded again  	[MsgId: MMSG-26655]
RemoveTheProduct.c(10): Resource "https://petstore.octoperf.com/images/logo-topbar.svg" is in the cache already and will not be downloaded again  	[MsgId: MMSG-26655]
RemoveTheProduct.c(10): Resource "https://petstore.octoperf.com/images/cart.gif" is in the cache already and will not be downloaded again  	[MsgId: MMSG-26655]
RemoveTheProduct.c(10): Resource "https://petstore.octoperf.com/images/separator.gif" is in the cache already and will not be downloaded again  	[MsgId: MMSG-26655]
RemoveTheProduct.c(10): Resource "https://petstore.octoperf.com/images/sm_fish.gif" is in the cache already and will not be downloaded again  	[MsgId: MMSG-26655]
RemoveTheProduct.c(10): Resource "https://petstore.octoperf.com/images/sm_dogs.gif" is in the cache already and will not be downloaded again  	[MsgId: MMSG-26655]
RemoveTheProduct.c(10): Resource "https://petstore.octoperf.com/images/sm_reptiles.gif" is in the cache already and will not be downloaded again  	[MsgId: MMSG-26655]
RemoveTheProduct.c(10): Resource "https://petstore.octoperf.com/images/sm_cats.gif" is in the cache already and will not be downloaded again  	[MsgId: MMSG-26655]
RemoveTheProduct.c(10): Resource "https://petstore.octoperf.com/images/sm_birds.gif" is in the cache already and will not be downloaded again  	[MsgId: MMSG-26655]
RemoveTheProduct.c(10): Resource "https://petstore.octoperf.com/images/banner_fish.gif" is in the cache already and will not be downloaded again  	[MsgId: MMSG-26655]
RemoveTheProduct.c(10): Registered web_reg_find successful for "Text=Shopping Cart" (count=1)  	[MsgId: MMSG-26364]
RemoveTheProduct.c(10): web_image("cart.gif") was successful, 4632 body bytes, 225 header bytes  	[MsgId: MMSG-26386]
RemoveTheProduct.c(14): Notify: Transaction "PetStore_ClickOnViewCartR_T01" ended with a "Pass" status (Duration: 0.1279 Wasted Time: 0.0000).	[MsgId: MMSG-16871]
RemoveTheProduct.c(16): lr_think_time: 4.72 seconds (recorded think time was 5.00 seconds).	[MsgId: MMSG-15947]
Registration.c(137): Notify: Transaction "PetStore_SignOut_T05" started.	[MsgId: MMSG-16999]
Registration.c(139): web_reg_find started  	[MsgId: MMSG-26355]
Registration.c(139): Registering web_reg_find was successful  	[MsgId: MMSG-26390]
Registration.c(142): web_url("Account.action_2") started  	[MsgId: MMSG-26355]
Registration.c(142): Redirecting "https://petstore.octoperf.com/actions/Account.action?signoff=" (redirection depth is 0)  	[MsgId: MMSG-26694]
Registration.c(142): To location "https://petstore.octoperf.com/actions/Catalog.action"  	[MsgId: MMSG-26693]
Registration.c(142): Resource "https://petstore.octoperf.com/css/jpetstore.css" is in the cache already and will not be downloaded again  	[MsgId: MMSG-26655]
Registration.c(142): Resource "https://petstore.octoperf.com/images/logo-topbar.svg" is in the cache already and will not be downloaded again  	[MsgId: MMSG-26655]
Registration.c(142): Resource "https://petstore.octoperf.com/images/cart.gif" is in the cache already and will not be downloaded again  	[MsgId: MMSG-26655]
Registration.c(142): Resource "https://petstore.octoperf.com/images/separator.gif" is in the cache already and will not be downloaded again  	[MsgId: MMSG-26655]
Registration.c(142): Resource "https://petstore.octoperf.com/images/sm_fish.gif" is in the cache already and will not be downloaded again  	[MsgId: MMSG-26655]
Registration.c(142): Resource "https://petstore.octoperf.com/images/sm_dogs.gif" is in the cache already and will not be downloaded again  	[MsgId: MMSG-26655]
Registration.c(142): Resource "https://petstore.octoperf.com/images/sm_reptiles.gif" is in the cache already and will not be downloaded again  	[MsgId: MMSG-26655]
Registration.c(142): Resource "https://petstore.octoperf.com/images/sm_cats.gif" is in the cache already and will not be downloaded again  	[MsgId: MMSG-26655]
Registration.c(142): Resource "https://petstore.octoperf.com/images/sm_birds.gif" is in the cache already and will not be downloaded again  	[MsgId: MMSG-26655]
Registration.c(142): Resource "https://petstore.octoperf.com/images/fish_icon.gif" is in the cache already and will not be downloaded again  	[MsgId: MMSG-26655]
Registration.c(142): Resource "https://petstore.octoperf.com/images/dogs_icon.gif" is in the cache already and will not be downloaded again  	[MsgId: MMSG-26655]
Registration.c(142): Resource "https://petstore.octoperf.com/images/cats_icon.gif" is in the cache already and will not be downloaded again  	[MsgId: MMSG-26655]
Registration.c(142): Resource "https://petstore.octoperf.com/images/reptiles_icon.gif" is in the cache already and will not be downloaded again  	[MsgId: MMSG-26655]
Registration.c(142): Resource "https://petstore.octoperf.com/images/birds_icon.gif" is in the cache already and will not be downloaded again  	[MsgId: MMSG-26655]
Registration.c(142): Resource "https://petstore.octoperf.com/images/splash.gif" is in the cache already and will not be downloaded again  	[MsgId: MMSG-26655]
Registration.c(142): Registered web_reg_find successful for "Text=Sign In" (count=1)  	[MsgId: MMSG-26364]
Registration.c(142): web_url("Account.action_2") was successful, 4736 body bytes, 518 header bytes  	[MsgId: MMSG-26386]
Registration.c(151): Notify: Transaction "PetStore_SignOut_T05" ended with a "Pass" status (Duration: 0.2527 Wasted Time: 0.0000).	[MsgId: MMSG-16871]
Login.c(4): Notify: Transaction "PetStore_ClickOnSignIn_T01" started.	[MsgId: MMSG-16999]
Login.c(6): web_reg_find started  	[MsgId: MMSG-26355]
Login.c(6): Registering web_reg_find was successful  	[MsgId: MMSG-26390]
Login.c(9): web_link("Sign In") started  	[MsgId: MMSG-26355]
Login.c(9): Linking to "https://petstore.octoperf.com/actions/Account.action?signonForm=", Target Frame=""  	[MsgId: MMSG-27994]
Login.c(9): Resource "https://petstore.octoperf.com/css/jpetstore.css" is in the cache already and will not be downloaded again  	[MsgId: MMSG-26655]
Login.c(9): Resource "https://petstore.octoperf.com/images/logo-topbar.svg" is in the cache already and will not be downloaded again  	[MsgId: MMSG-26655]
Login.c(9): Resource "https://petstore.octoperf.com/images/cart.gif" is in the cache already and will not be downloaded again  	[MsgId: MMSG-26655]
Login.c(9): Resource "https://petstore.octoperf.com/images/separator.gif" is in the cache already and will not be downloaded again  	[MsgId: MMSG-26655]
Login.c(9): Resource "https://petstore.octoperf.com/images/sm_fish.gif" is in the cache already and will not be downloaded again  	[MsgId: MMSG-26655]
Login.c(9): Resource "https://petstore.octoperf.com/images/sm_dogs.gif" is in the cache already and will not be downloaded again  	[MsgId: MMSG-26655]
Login.c(9): Resource "https://petstore.octoperf.com/images/sm_reptiles.gif" is in the cache already and will not be downloaded again  	[MsgId: MMSG-26655]
Login.c(9): Resource "https://petstore.octoperf.com/images/sm_cats.gif" is in the cache already and will not be downloaded again  	[MsgId: MMSG-26655]
Login.c(9): Resource "https://petstore.octoperf.com/images/sm_birds.gif" is in the cache already and will not be downloaded again  	[MsgId: MMSG-26655]
Login.c(9): Registered web_reg_find successful for "Text=Please enter your username and password" (count=1)  	[MsgId: MMSG-26364]
Login.c(9): web_link("Sign In") was successful, 3858 body bytes, 225 header bytes  	[MsgId: MMSG-26386]
Login.c(13): Notify: Transaction "PetStore_ClickOnSignIn_T01" ended with a "Pass" status (Duration: 0.1283 Wasted Time: 0.0000).	[MsgId: MMSG-16871]
Login.c(15): lr_think_time: 4.94 seconds (recorded think time was 5.00 seconds).	[MsgId: MMSG-15947]
Registration.c(29): Notify: Transaction "PetStore_ClickOnSignIn_T02" started.	[MsgId: MMSG-16999]
Registration.c(31): web_reg_find started  	[MsgId: MMSG-26355]
Registration.c(31): Registering web_reg_find was successful  	[MsgId: MMSG-26390]
Registration.c(34): web_link("Sign In") started  	[MsgId: MMSG-26355]
Registration.c(34): Linking to "https://petstore.octoperf.com/actions/Account.action;jsessionid=5728477DCD1FE09496D58EDD4361862B?signonForm=", Target Frame=""  	[MsgId: MMSG-27994]
Registration.c(34): Resource "https://petstore.octoperf.com/css/jpetstore.css" is in the cache already and will not be downloaded again  	[MsgId: MMSG-26655]
Registration.c(34): Resource "https://petstore.octoperf.com/images/logo-topbar.svg" is in the cache already and will not be downloaded again  	[MsgId: MMSG-26655]
Registration.c(34): Resource "https://petstore.octoperf.com/images/cart.gif" is in the cache already and will not be downloaded again  	[MsgId: MMSG-26655]
Registration.c(34): Resource "https://petstore.octoperf.com/images/separator.gif" is in the cache already and will not be downloaded again  	[MsgId: MMSG-26655]
Registration.c(34): Resource "https://petstore.octoperf.com/images/sm_fish.gif" is in the cache already and will not be downloaded again  	[MsgId: MMSG-26655]
Registration.c(34): Resource "https://petstore.octoperf.com/images/sm_dogs.gif" is in the cache already and will not be downloaded again  	[MsgId: MMSG-26655]
Registration.c(34): Resource "https://petstore.octoperf.com/images/sm_reptiles.gif" is in the cache already and will not be downloaded again  	[MsgId: MMSG-26655]
Registration.c(34): Resource "https://petstore.octoperf.com/images/sm_cats.gif" is in the cache already and will not be downloaded again  	[MsgId: MMSG-26655]
Registration.c(34): Resource "https://petstore.octoperf.com/images/sm_birds.gif" is in the cache already and will not be downloaded again  	[MsgId: MMSG-26655]
Registration.c(34): Registered web_reg_find successful for "Text=Please enter your username and password" (count=1)  	[MsgId: MMSG-26364]
Registration.c(34): web_link("Sign In") was successful, 3856 body bytes, 225 header bytes  	[MsgId: MMSG-26386]
Registration.c(39): Notify: Transaction "PetStore_ClickOnSignIn_T02" ended with a "Pass" status (Duration: 0.1261 Wasted Time: 0.0000).	[MsgId: MMSG-16871]
Registration.c(41): lr_think_time: 3.15 seconds (recorded think time was 5.00 seconds).	[MsgId: MMSG-15947]
Login.c(17): Notify: Transaction "PetStore_Login_T01" started.	[MsgId: MMSG-16999]
Login.c(18): web_reg_find started  	[MsgId: MMSG-26355]
Login.c(18): Registering web_reg_find was successful  	[MsgId: MMSG-26390]
Login.c(20): web_reg_save_param_regexp started  	[MsgId: MMSG-26355]
Login.c(20): Registering web_reg_save_param_regexp was successful  	[MsgId: MMSG-26390]
Login.c(26): web_submit_form("Account.action") started  	[MsgId: MMSG-26355]
Login.c(26): Notify: Parameter Substitution: parameter "randomUsername" =  "TYFI"	[MsgId: MMSG-13992]
Login.c(26): Notify: Parameter Substitution: parameter "randompass" =  "chik"	[MsgId: MMSG-13992]
Login.c(26): Submitting form to "https://petstore.octoperf.com/actions/Account.action", Target Frame=""  	[MsgId: MMSG-27978]
Login.c(26): Redirecting "https://petstore.octoperf.com/actions/Account.action" (redirection depth is 0)  	[MsgId: MMSG-26694]
Login.c(26): To location "https://petstore.octoperf.com/actions/Catalog.action"  	[MsgId: MMSG-26693]
Login.c(26): Resource "https://petstore.octoperf.com/css/jpetstore.css" is in the cache already and will not be downloaded again  	[MsgId: MMSG-26655]
Login.c(26): Resource "https://petstore.octoperf.com/images/logo-topbar.svg" is in the cache already and will not be downloaded again  	[MsgId: MMSG-26655]
Login.c(26): Resource "https://petstore.octoperf.com/images/cart.gif" is in the cache already and will not be downloaded again  	[MsgId: MMSG-26655]
Login.c(26): Resource "https://petstore.octoperf.com/images/separator.gif" is in the cache already and will not be downloaded again  	[MsgId: MMSG-26655]
Login.c(26): Resource "https://petstore.octoperf.com/images/sm_fish.gif" is in the cache already and will not be downloaded again  	[MsgId: MMSG-26655]
Login.c(26): Resource "https://petstore.octoperf.com/images/sm_dogs.gif" is in the cache already and will not be downloaded again  	[MsgId: MMSG-26655]
Login.c(26): Resource "https://petstore.octoperf.com/images/sm_reptiles.gif" is in the cache already and will not be downloaded again  	[MsgId: MMSG-26655]
Login.c(26): Resource "https://petstore.octoperf.com/images/sm_cats.gif" is in the cache already and will not be downloaded again  	[MsgId: MMSG-26655]
Login.c(26): Resource "https://petstore.octoperf.com/images/sm_birds.gif" is in the cache already and will not be downloaded again  	[MsgId: MMSG-26655]
Login.c(26): Resource "https://petstore.octoperf.com/images/fish_icon.gif" is in the cache already and will not be downloaded again  	[MsgId: MMSG-26655]
Login.c(26): Resource "https://petstore.octoperf.com/images/dogs_icon.gif" is in the cache already and will not be downloaded again  	[MsgId: MMSG-26655]
Login.c(26): Resource "https://petstore.octoperf.com/images/cats_icon.gif" is in the cache already and will not be downloaded again  	[MsgId: MMSG-26655]
Login.c(26): Resource "https://petstore.octoperf.com/images/reptiles_icon.gif" is in the cache already and will not be downloaded again  	[MsgId: MMSG-26655]
Login.c(26): Resource "https://petstore.octoperf.com/images/birds_icon.gif" is in the cache already and will not be downloaded again  	[MsgId: MMSG-26655]
Login.c(26): Resource "https://petstore.octoperf.com/images/splash.gif" is in the cache already and will not be downloaded again  	[MsgId: MMSG-26655]
Login.c(26): Found resource "https://petstore.octoperf.com/images/banner_fish.gif" in HTML "https://petstore.octoperf.com/actions/Catalog.action"  	[MsgId: MMSG-26659]
Login.c(26): Notify: Saving Parameter "ProductName_1 = BIRDS".	[MsgId: MMSG-13798]
Login.c(26): Notify: Saving Parameter "ProductName_2 = FISH".	[MsgId: MMSG-13798]
Login.c(26): Notify: Saving Parameter "ProductName_3 = DOGS".	[MsgId: MMSG-13798]
Login.c(26): Notify: Saving Parameter "ProductName_4 = REPTILES".	[MsgId: MMSG-13798]
Login.c(26): Notify: Saving Parameter "ProductName_5 = CATS".	[MsgId: MMSG-13798]
Login.c(26): Notify: Saving Parameter "ProductName_6 = BIRDS".	[MsgId: MMSG-13798]
Login.c(26): Notify: Saving Parameter "ProductName_count = 6".	[MsgId: MMSG-13798]
Login.c(26): Registered web_reg_find successful for "Text=My Account" (count=1)  	[MsgId: MMSG-26364]
Login.c(26): web_submit_form("Account.action") was successful, 11416 body bytes, 727 header bytes  	[MsgId: MMSG-26386]
Login.c(34): Notify: Transaction "PetStore_Login_T01" ended with a "Pass" status (Duration: 0.4994 Wasted Time: 0.0004).	[MsgId: MMSG-16871]
Ending action Login.	[MsgId: MMSG-15918]
Starting action RemoveTheProduct.	[MsgId: MMSG-15919]
AddToCard.c(8): Notify: Transaction "PetStore_AddAproduct_T01" started.	[MsgId: MMSG-16999]
AddToCard.c(11): Notify: Parameter Substitution: parameter "ProductName_count" =  "6"	[MsgId: MMSG-13992]
AddToCard.c(12): Notify: Parameter Substitution: parameter "ProductName_3" =  "DOGS"	[MsgId: MMSG-13992]
AddToCard.c(14): Notify: Saving Parameter "RandCategory = DOGS".	[MsgId: MMSG-13798]
AddToCard.c(15): Notify: Parameter Substitution: parameter "RandCategory" =  "DOGS"	[MsgId: MMSG-13992]
AddToCard.c(15): Random category selected in Action2 = DOGS	[MsgId: MMSG-17999]
AddToCard.c(17): web_reg_find started  	[MsgId: MMSG-26355]
AddToCard.c(17): Notify: Parameter Substitution: parameter "RandCategory" =  "DOGS"	[MsgId: MMSG-13992]
AddToCard.c(17): Registering web_reg_find was successful  	[MsgId: MMSG-26390]
AddToCard.c(20): web_reg_save_param_regexp started  	[MsgId: MMSG-26355]
AddToCard.c(20): Registering web_reg_save_param_regexp was successful  	[MsgId: MMSG-26390]
AddToCard.c(27): web_url("Catalog.action_2") started  	[MsgId: MMSG-26355]
AddToCard.c(27): Notify: Parameter Substitution: parameter "RandCategory" =  "DOGS"	[MsgId: MMSG-13992]
Registration.c(43): Notify: Transaction "PetStore_ClickOnRegistration_T03" started.	[MsgId: MMSG-16999]
Registration.c(45): web_reg_find started  	[MsgId: MMSG-26355]
Registration.c(45): Registering web_reg_find was successful  	[MsgId: MMSG-26390]
Registration.c(48): web_link("Register Now!") started  	[MsgId: MMSG-26355]
Registration.c(48): Linking to "https://petstore.octoperf.com/actions/Account.action?newAccountForm=", Target Frame=""  	[MsgId: MMSG-27994]
Registration.c(137): Notify: Transaction "PetStore_SignOut_T05" started.	[MsgId: MMSG-16999]
Registration.c(139): web_reg_find started  	[MsgId: MMSG-26355]
Registration.c(139): Registering web_reg_find was successful  	[MsgId: MMSG-26390]
Registration.c(142): web_url("Account.action_2") started  	[MsgId: MMSG-26355]
AddToCard.c(27): Resource "https://petstore.octoperf.com/css/jpetstore.css" is in the cache already and will not be downloaded again  	[MsgId: MMSG-26655]
AddToCard.c(27): Resource "https://petstore.octoperf.com/images/logo-topbar.svg" is in the cache already and will not be downloaded again  	[MsgId: MMSG-26655]
AddToCard.c(27): Resource "https://petstore.octoperf.com/images/cart.gif" is in the cache already and will not be downloaded again  	[MsgId: MMSG-26655]
AddToCard.c(27): Resource "https://petstore.octoperf.com/images/separator.gif" is in the cache already and will not be downloaded again  	[MsgId: MMSG-26655]
AddToCard.c(27): Resource "https://petstore.octoperf.com/images/sm_fish.gif" is in the cache already and will not be downloaded again  	[MsgId: MMSG-26655]
AddToCard.c(27): Resource "https://petstore.octoperf.com/images/sm_dogs.gif" is in the cache already and will not be downloaded again  	[MsgId: MMSG-26655]
AddToCard.c(27): Resource "https://petstore.octoperf.com/images/sm_reptiles.gif" is in the cache already and will not be downloaded again  	[MsgId: MMSG-26655]
AddToCard.c(27): Resource "https://petstore.octoperf.com/images/sm_cats.gif" is in the cache already and will not be downloaded again  	[MsgId: MMSG-26655]
AddToCard.c(27): Resource "https://petstore.octoperf.com/images/sm_birds.gif" is in the cache already and will not be downloaded again  	[MsgId: MMSG-26655]
AddToCard.c(27): Resource "https://petstore.octoperf.com/images/banner_fish.gif" is in the cache already and will not be downloaded again  	[MsgId: MMSG-26655]
AddToCard.c(27): Notify: Saving Parameter "productId_1 = K9-BD-01".	[MsgId: MMSG-13798]
AddToCard.c(27): Notify: Saving Parameter "productId_2 = K9-PO-02".	[MsgId: MMSG-13798]
AddToCard.c(27): Notify: Saving Parameter "productId_3 = K9-DL-01".	[MsgId: MMSG-13798]
AddToCard.c(27): Notify: Saving Parameter "productId_4 = K9-RT-01".	[MsgId: MMSG-13798]
AddToCard.c(27): Notify: Saving Parameter "productId_5 = K9-RT-02".	[MsgId: MMSG-13798]
AddToCard.c(27): Notify: Saving Parameter "productId_6 = K9-CW-01".	[MsgId: MMSG-13798]
AddToCard.c(27): Notify: Saving Parameter "productId_count = 6".	[MsgId: MMSG-13798]
AddToCard.c(27): Registered web_reg_find successful for "Text=DOGS" (count=1)  	[MsgId: MMSG-26364]
AddToCard.c(27): web_url("Catalog.action_2") was successful, 4171 body bytes, 225 header bytes  	[MsgId: MMSG-26386]
AddToCard.c(36): Notify: Transaction "PetStore_AddAproduct_T01" ended with a "Pass" status (Duration: 0.2887 Wasted Time: 0.0004).	[MsgId: MMSG-16871]
AddToCard.c(38): lr_think_time: 2.67 seconds (recorded think time was 5.00 seconds).	[MsgId: MMSG-15947]
Registration.c(48): Resource "https://petstore.octoperf.com/css/jpetstore.css" is in the cache already and will not be downloaded again  	[MsgId: MMSG-26655]
Registration.c(48): Resource "https://petstore.octoperf.com/images/logo-topbar.svg" is in the cache already and will not be downloaded again  	[MsgId: MMSG-26655]
Registration.c(48): Resource "https://petstore.octoperf.com/images/cart.gif" is in the cache already and will not be downloaded again  	[MsgId: MMSG-26655]
Registration.c(48): Resource "https://petstore.octoperf.com/images/separator.gif" is in the cache already and will not be downloaded again  	[MsgId: MMSG-26655]
Registration.c(48): Resource "https://petstore.octoperf.com/images/sm_fish.gif" is in the cache already and will not be downloaded again  	[MsgId: MMSG-26655]
Registration.c(48): Resource "https://petstore.octoperf.com/images/sm_dogs.gif" is in the cache already and will not be downloaded again  	[MsgId: MMSG-26655]
Registration.c(48): Resource "https://petstore.octoperf.com/images/sm_reptiles.gif" is in the cache already and will not be downloaded again  	[MsgId: MMSG-26655]
Registration.c(48): Resource "https://petstore.octoperf.com/images/sm_cats.gif" is in the cache already and will not be downloaded again  	[MsgId: MMSG-26655]
Registration.c(48): Resource "https://petstore.octoperf.com/images/sm_birds.gif" is in the cache already and will not be downloaded again  	[MsgId: MMSG-26655]
Registration.c(48): Registered web_reg_find successful for "Text=User Information" (count=1)  	[MsgId: MMSG-26364]
Registration.c(48): web_link("Register Now!") was successful, 5823 body bytes, 225 header bytes  	[MsgId: MMSG-26386]
Registration.c(53): Notify: Transaction "PetStore_ClickOnRegistration_T03" ended with a "Pass" status (Duration: 0.1287 Wasted Time: 0.0000).	[MsgId: MMSG-16871]
Registration.c(55): lr_think_time: 2.79 seconds (recorded think time was 5.00 seconds).	[MsgId: MMSG-15947]
Registration.c(142): Redirecting "https://petstore.octoperf.com/actions/Account.action?signoff=" (redirection depth is 0)  	[MsgId: MMSG-26694]
Registration.c(142): To location "https://petstore.octoperf.com/actions/Catalog.action"  	[MsgId: MMSG-26693]
AddToCard.c(40): Notify: Transaction "PetStore_SelectProductId_T02" started.	[MsgId: MMSG-16999]
AddToCard.c(43): Notify: Parameter Substitution: parameter "productId_count" =  "2"	[MsgId: MMSG-13992]
AddToCard.c(44): Notify: Parameter Substitution: parameter "productId_2" =  "FL-DLH-02"	[MsgId: MMSG-13992]
AddToCard.c(46): Notify: Saving Parameter "RandproductId = FL-DLH-02".	[MsgId: MMSG-13798]
AddToCard.c(47): Notify: Parameter Substitution: parameter "RandproductId" =  "FL-DLH-02"	[MsgId: MMSG-13992]
AddToCard.c(47): Random category selected in Action2 = FL-DLH-02	[MsgId: MMSG-17999]
AddToCard.c(49): web_reg_find started  	[MsgId: MMSG-26355]
AddToCard.c(49): Notify: Parameter Substitution: parameter "RandproductId" =  "FL-DLH-02"	[MsgId: MMSG-13992]
AddToCard.c(49): Registering web_reg_find was successful  	[MsgId: MMSG-26390]
AddToCard.c(51): web_reg_save_param_regexp started  	[MsgId: MMSG-26355]
AddToCard.c(51): Registering web_reg_save_param_regexp was successful  	[MsgId: MMSG-26390]
AddToCard.c(58): web_link("{RandproductId}") started  	[MsgId: MMSG-26355]
AddToCard.c(58): Notify: Parameter Substitution: parameter "RandproductId" =  "FL-DLH-02"	[MsgId: MMSG-13992]
AddToCard.c(58): Linking to "https://petstore.octoperf.com/actions/Catalog.action?viewProduct=&productId=FL-DLH-02", Target Frame=""  	[MsgId: MMSG-27994]
Registration.c(142): Resource "https://petstore.octoperf.com/css/jpetstore.css" is in the cache already and will not be downloaded again  	[MsgId: MMSG-26655]
Registration.c(142): Resource "https://petstore.octoperf.com/images/logo-topbar.svg" is in the cache already and will not be downloaded again  	[MsgId: MMSG-26655]
Registration.c(142): Resource "https://petstore.octoperf.com/images/cart.gif" is in the cache already and will not be downloaded again  	[MsgId: MMSG-26655]
Registration.c(142): Resource "https://petstore.octoperf.com/images/separator.gif" is in the cache already and will not be downloaded again  	[MsgId: MMSG-26655]
Registration.c(142): Resource "https://petstore.octoperf.com/images/sm_fish.gif" is in the cache already and will not be downloaded again  	[MsgId: MMSG-26655]
Registration.c(142): Resource "https://petstore.octoperf.com/images/sm_dogs.gif" is in the cache already and will not be downloaded again  	[MsgId: MMSG-26655]
Registration.c(142): Resource "https://petstore.octoperf.com/images/sm_reptiles.gif" is in the cache already and will not be downloaded again  	[MsgId: MMSG-26655]
Registration.c(142): Resource "https://petstore.octoperf.com/images/sm_cats.gif" is in the cache already and will not be downloaded again  	[MsgId: MMSG-26655]
Registration.c(142): Resource "https://petstore.octoperf.com/images/sm_birds.gif" is in the cache already and will not be downloaded again  	[MsgId: MMSG-26655]
Registration.c(142): Resource "https://petstore.octoperf.com/images/fish_icon.gif" is in the cache already and will not be downloaded again  	[MsgId: MMSG-26655]
Registration.c(142): Resource "https://petstore.octoperf.com/images/dogs_icon.gif" is in the cache already and will not be downloaded again  	[MsgId: MMSG-26655]
Registration.c(142): Resource "https://petstore.octoperf.com/images/cats_icon.gif" is in the cache already and will not be downloaded again  	[MsgId: MMSG-26655]
Registration.c(142): Resource "https://petstore.octoperf.com/images/reptiles_icon.gif" is in the cache already and will not be downloaded again  	[MsgId: MMSG-26655]
Registration.c(142): Resource "https://petstore.octoperf.com/images/birds_icon.gif" is in the cache already and will not be downloaded again  	[MsgId: MMSG-26655]
Registration.c(142): Resource "https://petstore.octoperf.com/images/splash.gif" is in the cache already and will not be downloaded again  	[MsgId: MMSG-26655]
Registration.c(142): Registered web_reg_find successful for "Text=Sign In" (count=1)  	[MsgId: MMSG-26364]
Registration.c(142): web_url("Account.action_2") was successful, 4736 body bytes, 518 header bytes  	[MsgId: MMSG-26386]
Registration.c(151): Notify: Transaction "PetStore_SignOut_T05" ended with a "Pass" status (Duration: 0.2531 Wasted Time: 0.0000).	[MsgId: MMSG-16871]
Login.c(4): Notify: Transaction "PetStore_ClickOnSignIn_T01" started.	[MsgId: MMSG-16999]
Login.c(6): web_reg_find started  	[MsgId: MMSG-26355]
Login.c(6): Registering web_reg_find was successful  	[MsgId: MMSG-26390]
Login.c(9): web_link("Sign In") started  	[MsgId: MMSG-26355]
Login.c(9): Linking to "https://petstore.octoperf.com/actions/Account.action?signonForm=", Target Frame=""  	[MsgId: MMSG-27994]
AddToCard.c(58): Resource "https://petstore.octoperf.com/css/jpetstore.css" is in the cache already and will not be downloaded again  	[MsgId: MMSG-26655]
AddToCard.c(58): Resource "https://petstore.octoperf.com/images/logo-topbar.svg" is in the cache already and will not be downloaded again  	[MsgId: MMSG-26655]
AddToCard.c(58): Resource "https://petstore.octoperf.com/images/cart.gif" is in the cache already and will not be downloaded again  	[MsgId: MMSG-26655]
AddToCard.c(58): Resource "https://petstore.octoperf.com/images/separator.gif" is in the cache already and will not be downloaded again  	[MsgId: MMSG-26655]
AddToCard.c(58): Resource "https://petstore.octoperf.com/images/sm_fish.gif" is in the cache already and will not be downloaded again  	[MsgId: MMSG-26655]
AddToCard.c(58): Resource "https://petstore.octoperf.com/images/sm_dogs.gif" is in the cache already and will not be downloaded again  	[MsgId: MMSG-26655]
AddToCard.c(58): Resource "https://petstore.octoperf.com/images/sm_reptiles.gif" is in the cache already and will not be downloaded again  	[MsgId: MMSG-26655]
AddToCard.c(58): Resource "https://petstore.octoperf.com/images/sm_cats.gif" is in the cache already and will not be downloaded again  	[MsgId: MMSG-26655]
AddToCard.c(58): Resource "https://petstore.octoperf.com/images/sm_birds.gif" is in the cache already and will not be downloaded again  	[MsgId: MMSG-26655]
AddToCard.c(58): Resource "https://petstore.octoperf.com/images/banner_fish.gif" is in the cache already and will not be downloaded again  	[MsgId: MMSG-26655]
AddToCard.c(58): Notify: Saving Parameter "itemId_1 = EST-16".	[MsgId: MMSG-13798]
AddToCard.c(58): Notify: Saving Parameter "itemId_2 = EST-17".	[MsgId: MMSG-13798]
AddToCard.c(58): Notify: Saving Parameter "itemId_count = 2".	[MsgId: MMSG-13798]
AddToCard.c(58): Registered web_reg_find successful for "Text=FL-DLH-02" (count=2)  	[MsgId: MMSG-26364]
AddToCard.c(58): web_link("{RandproductId}") was successful, 4077 body bytes, 225 header bytes  	[MsgId: MMSG-26386]
AddToCard.c(63): Notify: Transaction "PetStore_SelectProductId_T02" ended with a "Pass" status (Duration: 0.1306 Wasted Time: 0.0004).	[MsgId: MMSG-16871]
AddToCard.c(65): lr_think_time: 4.65 seconds (recorded think time was 5.00 seconds).	[MsgId: MMSG-15947]
RemoveTheProduct.c(18): Notify: Transaction "PetStore_ClickOnRemove_T02" started.	[MsgId: MMSG-16999]
RemoveTheProduct.c(20): web_reg_find started  	[MsgId: MMSG-26355]
RemoveTheProduct.c(20): Registering web_reg_find was successful  	[MsgId: MMSG-26390]
RemoveTheProduct.c(23): web_link("Remove") started  	[MsgId: MMSG-26355]
RemoveTheProduct.c(23): Linking to "https://petstore.octoperf.com/actions/Cart.action?removeItemFromCart=&workingItemId=EST-17", Target Frame=""  	[MsgId: MMSG-27994]
Login.c(9): Resource "https://petstore.octoperf.com/css/jpetstore.css" is in the cache already and will not be downloaded again  	[MsgId: MMSG-26655]
Login.c(9): Resource "https://petstore.octoperf.com/images/logo-topbar.svg" is in the cache already and will not be downloaded again  	[MsgId: MMSG-26655]
Login.c(9): Resource "https://petstore.octoperf.com/images/cart.gif" is in the cache already and will not be downloaded again  	[MsgId: MMSG-26655]
Login.c(9): Resource "https://petstore.octoperf.com/images/separator.gif" is in the cache already and will not be downloaded again  	[MsgId: MMSG-26655]
Login.c(9): Resource "https://petstore.octoperf.com/images/sm_fish.gif" is in the cache already and will not be downloaded again  	[MsgId: MMSG-26655]
Login.c(9): Resource "https://petstore.octoperf.com/images/sm_dogs.gif" is in the cache already and will not be downloaded again  	[MsgId: MMSG-26655]
Login.c(9): Resource "https://petstore.octoperf.com/images/sm_reptiles.gif" is in the cache already and will not be downloaded again  	[MsgId: MMSG-26655]
Login.c(9): Resource "https://petstore.octoperf.com/images/sm_cats.gif" is in the cache already and will not be downloaded again  	[MsgId: MMSG-26655]
Login.c(9): Resource "https://petstore.octoperf.com/images/sm_birds.gif" is in the cache already and will not be downloaded again  	[MsgId: MMSG-26655]
Login.c(9): Registered web_reg_find successful for "Text=Please enter your username and password" (count=1)  	[MsgId: MMSG-26364]
Login.c(9): web_link("Sign In") was successful, 3860 body bytes, 225 header bytes  	[MsgId: MMSG-26386]
Login.c(13): Notify: Transaction "PetStore_ClickOnSignIn_T01" ended with a "Pass" status (Duration: 0.1276 Wasted Time: 0.0000).	[MsgId: MMSG-16871]
Login.c(15): lr_think_time: 4.24 seconds (recorded think time was 5.00 seconds).	[MsgId: MMSG-15947]
RemoveTheProduct.c(23): Resource "https://petstore.octoperf.com/css/jpetstore.css" is in the cache already and will not be downloaded again  	[MsgId: MMSG-26655]
RemoveTheProduct.c(23): Resource "https://petstore.octoperf.com/images/logo-topbar.svg" is in the cache already and will not be downloaded again  	[MsgId: MMSG-26655]
RemoveTheProduct.c(23): Resource "https://petstore.octoperf.com/images/cart.gif" is in the cache already and will not be downloaded again  	[MsgId: MMSG-26655]
RemoveTheProduct.c(23): Resource "https://petstore.octoperf.com/images/separator.gif" is in the cache already and will not be downloaded again  	[MsgId: MMSG-26655]
RemoveTheProduct.c(23): Resource "https://petstore.octoperf.com/images/sm_fish.gif" is in the cache already and will not be downloaded again  	[MsgId: MMSG-26655]
RemoveTheProduct.c(23): Resource "https://petstore.octoperf.com/images/sm_dogs.gif" is in the cache already and will not be downloaded again  	[MsgId: MMSG-26655]
RemoveTheProduct.c(23): Resource "https://petstore.octoperf.com/images/sm_reptiles.gif" is in the cache already and will not be downloaded again  	[MsgId: MMSG-26655]
RemoveTheProduct.c(23): Resource "https://petstore.octoperf.com/images/sm_cats.gif" is in the cache already and will not be downloaded again  	[MsgId: MMSG-26655]
RemoveTheProduct.c(23): Resource "https://petstore.octoperf.com/images/sm_birds.gif" is in the cache already and will not be downloaded again  	[MsgId: MMSG-26655]
RemoveTheProduct.c(23): Resource "https://petstore.octoperf.com/images/banner_fish.gif" is in the cache already and will not be downloaded again  	[MsgId: MMSG-26655]
RemoveTheProduct.c(23): Registered web_reg_find successful for "Text=Your cart is empty." (count=1)  	[MsgId: MMSG-26364]
RemoveTheProduct.c(23): web_link("Remove") was successful, 4202 body bytes, 225 header bytes  	[MsgId: MMSG-26386]
RemoveTheProduct.c(28): Notify: Transaction "PetStore_ClickOnRemove_T02" ended with a "Pass" status (Duration: 0.1284 Wasted Time: 0.0000).	[MsgId: MMSG-16871]
Ending action RemoveTheProduct.	[MsgId: MMSG-15918]
Action was aborted.	[MsgId: MMSG-10694]
Ending Vuser...	[MsgId: MMSG-15966]
Starting action vuser_end.	[MsgId: MMSG-15919]
vuser_end.c(4): Notify: Transaction "PetStore_SignOut_T01" started.	[MsgId: MMSG-16999]
vuser_end.c(6): web_reg_find started  	[MsgId: MMSG-26355]
vuser_end.c(6): Registering web_reg_find was successful  	[MsgId: MMSG-26390]
vuser_end.c(9): web_url("Account.action_2") started  	[MsgId: MMSG-26355]
vuser_end.c(9): Redirecting "https://petstore.octoperf.com/actions/Account.action?signoff=" (redirection depth is 0)  	[MsgId: MMSG-26694]
vuser_end.c(9): To location "https://petstore.octoperf.com/actions/Catalog.action"  	[MsgId: MMSG-26693]
vuser_end.c(9): Resource "https://petstore.octoperf.com/css/jpetstore.css" is in the cache already and will not be downloaded again  	[MsgId: MMSG-26655]
vuser_end.c(9): Resource "https://petstore.octoperf.com/images/logo-topbar.svg" is in the cache already and will not be downloaded again  	[MsgId: MMSG-26655]
vuser_end.c(9): Resource "https://petstore.octoperf.com/images/cart.gif" is in the cache already and will not be downloaded again  	[MsgId: MMSG-26655]
vuser_end.c(9): Resource "https://petstore.octoperf.com/images/separator.gif" is in the cache already and will not be downloaded again  	[MsgId: MMSG-26655]
vuser_end.c(9): Resource "https://petstore.octoperf.com/images/sm_fish.gif" is in the cache already and will not be downloaded again  	[MsgId: MMSG-26655]
vuser_end.c(9): Resource "https://petstore.octoperf.com/images/sm_dogs.gif" is in the cache already and will not be downloaded again  	[MsgId: MMSG-26655]
vuser_end.c(9): Resource "https://petstore.octoperf.com/images/sm_reptiles.gif" is in the cache already and will not be downloaded again  	[MsgId: MMSG-26655]
vuser_end.c(9): Resource "https://petstore.octoperf.com/images/sm_cats.gif" is in the cache already and will not be downloaded again  	[MsgId: MMSG-26655]
vuser_end.c(9): Resource "https://petstore.octoperf.com/images/sm_birds.gif" is in the cache already and will not be downloaded again  	[MsgId: MMSG-26655]
vuser_end.c(9): Resource "https://petstore.octoperf.com/images/fish_icon.gif" is in the cache already and will not be downloaded again  	[MsgId: MMSG-26655]
vuser_end.c(9): Resource "https://petstore.octoperf.com/images/dogs_icon.gif" is in the cache already and will not be downloaded again  	[MsgId: MMSG-26655]
vuser_end.c(9): Resource "https://petstore.octoperf.com/images/cats_icon.gif" is in the cache already and will not be downloaded again  	[MsgId: MMSG-26655]
vuser_end.c(9): Resource "https://petstore.octoperf.com/images/reptiles_icon.gif" is in the cache already and will not be downloaded again  	[MsgId: MMSG-26655]
vuser_end.c(9): Resource "https://petstore.octoperf.com/images/birds_icon.gif" is in the cache already and will not be downloaded again  	[MsgId: MMSG-26655]
vuser_end.c(9): Resource "https://petstore.octoperf.com/images/splash.gif" is in the cache already and will not be downloaded again  	[MsgId: MMSG-26655]
vuser_end.c(9): Registered web_reg_find successful for "Text=Sign In" (count=1)  	[MsgId: MMSG-26364]
vuser_end.c(9): web_url("Account.action_2") was successful, 4736 body bytes, 518 header bytes  	[MsgId: MMSG-26386]
vuser_end.c(18): Notify: Transaction "PetStore_SignOut_T01" ended with a "Pass" status (Duration: 0.2540 Wasted Time: 0.0000).	[MsgId: MMSG-16871]
vuser_end.c(20): Script Exection done sucessfully	[MsgId: MMSG-17999]
vuser_end.c(21): web_cache_cleanup started  	[MsgId: MMSG-26355]
vuser_end.c(21): web_cache_cleanup was successful  	[MsgId: MMSG-26392]
vuser_end.c(22): web_cleanup_cookies started  	[MsgId: MMSG-26355]
vuser_end.c(22): web_cleanup_cookies was successful  	[MsgId: MMSG-26392]
Ending action vuser_end.	[MsgId: MMSG-15918]
Vuser Terminated.	[MsgId: MMSG-15963]
Vuser 8 (thread 5544), ended OK."	[MsgId: MMSG-10695]
AddToCard.c(88): Notify: Transaction "PetStore_AddToCard_T04" started.	[MsgId: MMSG-16999]
AddToCard.c(90): web_reg_find started  	[MsgId: MMSG-26355]
AddToCard.c(90): Registering web_reg_find was successful  	[MsgId: MMSG-26390]
AddToCard.c(94): web_link("Add to Cart") started  	[MsgId: MMSG-26355]
AddToCard.c(94): Linking to "https://petstore.octoperf.com/actions/Cart.action?addItemToCart=&workingItemId=EST-17", Target Frame=""  	[MsgId: MMSG-27994]
AddToCard.c(94): Resource "https://petstore.octoperf.com/css/jpetstore.css" is in the cache already and will not be downloaded again  	[MsgId: MMSG-26655]
AddToCard.c(94): Resource "https://petstore.octoperf.com/images/logo-topbar.svg" is in the cache already and will not be downloaded again  	[MsgId: MMSG-26655]
AddToCard.c(94): Resource "https://petstore.octoperf.com/images/cart.gif" is in the cache already and will not be downloaded again  	[MsgId: MMSG-26655]
AddToCard.c(94): Resource "https://petstore.octoperf.com/images/separator.gif" is in the cache already and will not be downloaded again  	[MsgId: MMSG-26655]
AddToCard.c(94): Resource "https://petstore.octoperf.com/images/sm_fish.gif" is in the cache already and will not be downloaded again  	[MsgId: MMSG-26655]
AddToCard.c(94): Resource "https://petstore.octoperf.com/images/sm_dogs.gif" is in the cache already and will not be downloaded again  	[MsgId: MMSG-26655]
AddToCard.c(94): Resource "https://petstore.octoperf.com/images/sm_reptiles.gif" is in the cache already and will not be downloaded again  	[MsgId: MMSG-26655]
AddToCard.c(94): Resource "https://petstore.octoperf.com/images/sm_cats.gif" is in the cache already and will not be downloaded again  	[MsgId: MMSG-26655]
AddToCard.c(94): Resource "https://petstore.octoperf.com/images/sm_birds.gif" is in the cache already and will not be downloaded again  	[MsgId: MMSG-26655]
AddToCard.c(94): Resource "https://petstore.octoperf.com/images/banner_fish.gif" is in the cache already and will not be downloaded again  	[MsgId: MMSG-26655]
AddToCard.c(94): Registered web_reg_find successful for "Text=Shopping Cart" (count=1)  	[MsgId: MMSG-26364]
AddToCard.c(94): web_link("Add to Cart") was successful, 4635 body bytes, 225 header bytes  	[MsgId: MMSG-26386]
AddToCard.c(99): Notify: Transaction "PetStore_AddToCard_T04" ended with a "Pass" status (Duration: 0.1306 Wasted Time: 0.0000).	[MsgId: MMSG-16871]
RemoveTheProduct.c(7): Notify: Transaction "PetStore_ClickOnViewCartR_T01" started.	[MsgId: MMSG-16999]
RemoveTheProduct.c(8): web_reg_find started  	[MsgId: MMSG-26355]
RemoveTheProduct.c(8): Registering web_reg_find was successful  	[MsgId: MMSG-26390]
RemoveTheProduct.c(10): web_image("cart.gif") started  	[MsgId: MMSG-26355]
RemoveTheProduct.c(10): Image-linking to "https://petstore.octoperf.com/actions/Cart.action?viewCart=", Target Frame=""  	[MsgId: MMSG-27993]
RemoveTheProduct.c(10): Resource "https://petstore.octoperf.com/css/jpetstore.css" is in the cache already and will not be downloaded again  	[MsgId: MMSG-26655]
RemoveTheProduct.c(10): Resource "https://petstore.octoperf.com/images/logo-topbar.svg" is in the cache already and will not be downloaded again  	[MsgId: MMSG-26655]
RemoveTheProduct.c(10): Resource "https://petstore.octoperf.com/images/cart.gif" is in the cache already and will not be downloaded again  	[MsgId: MMSG-26655]
RemoveTheProduct.c(10): Resource "https://petstore.octoperf.com/images/separator.gif" is in the cache already and will not be downloaded again  	[MsgId: MMSG-26655]
RemoveTheProduct.c(10): Resource "https://petstore.octoperf.com/images/sm_fish.gif" is in the cache already and will not be downloaded again  	[MsgId: MMSG-26655]
RemoveTheProduct.c(10): Resource "https://petstore.octoperf.com/images/sm_dogs.gif" is in the cache already and will not be downloaded again  	[MsgId: MMSG-26655]
RemoveTheProduct.c(10): Resource "https://petstore.octoperf.com/images/sm_reptiles.gif" is in the cache already and will not be downloaded again  	[MsgId: MMSG-26655]
RemoveTheProduct.c(10): Resource "https://petstore.octoperf.com/images/sm_cats.gif" is in the cache already and will not be downloaded again  	[MsgId: MMSG-26655]
RemoveTheProduct.c(10): Resource "https://petstore.octoperf.com/images/sm_birds.gif" is in the cache already and will not be downloaded again  	[MsgId: MMSG-26655]
RemoveTheProduct.c(10): Resource "https://petstore.octoperf.com/images/banner_fish.gif" is in the cache already and will not be downloaded again  	[MsgId: MMSG-26655]
RemoveTheProduct.c(10): Registered web_reg_find successful for "Text=Shopping Cart" (count=1)  	[MsgId: MMSG-26364]
RemoveTheProduct.c(10): web_image("cart.gif") was successful, 4635 body bytes, 225 header bytes  	[MsgId: MMSG-26386]
RemoveTheProduct.c(14): Notify: Transaction "PetStore_ClickOnViewCartR_T01" ended with a "Pass" status (Duration: 0.1275 Wasted Time: 0.0000).	[MsgId: MMSG-16871]
RemoveTheProduct.c(16): lr_think_time: 3.66 seconds (recorded think time was 5.00 seconds).	[MsgId: MMSG-15947]
Registration.c(43): Notify: Transaction "PetStore_ClickOnRegistration_T03" started.	[MsgId: MMSG-16999]
Registration.c(45): web_reg_find started  	[MsgId: MMSG-26355]
Registration.c(45): Registering web_reg_find was successful  	[MsgId: MMSG-26390]
Registration.c(48): web_link("Register Now!") started  	[MsgId: MMSG-26355]
Registration.c(48): Linking to "https://petstore.octoperf.com/actions/Account.action?newAccountForm=", Target Frame=""  	[MsgId: MMSG-27994]
Registration.c(48): Resource "https://petstore.octoperf.com/css/jpetstore.css" is in the cache already and will not be downloaded again  	[MsgId: MMSG-26655]
Registration.c(48): Resource "https://petstore.octoperf.com/images/logo-topbar.svg" is in the cache already and will not be downloaded again  	[MsgId: MMSG-26655]
Registration.c(48): Resource "https://petstore.octoperf.com/images/cart.gif" is in the cache already and will not be downloaded again  	[MsgId: MMSG-26655]
Registration.c(48): Resource "https://petstore.octoperf.com/images/separator.gif" is in the cache already and will not be downloaded again  	[MsgId: MMSG-26655]
Registration.c(48): Resource "https://petstore.octoperf.com/images/sm_fish.gif" is in the cache already and will not be downloaded again  	[MsgId: MMSG-26655]
Registration.c(48): Resource "https://petstore.octoperf.com/images/sm_dogs.gif" is in the cache already and will not be downloaded again  	[MsgId: MMSG-26655]
Registration.c(48): Resource "https://petstore.octoperf.com/images/sm_reptiles.gif" is in the cache already and will not be downloaded again  	[MsgId: MMSG-26655]
Registration.c(48): Resource "https://petstore.octoperf.com/images/sm_cats.gif" is in the cache already and will not be downloaded again  	[MsgId: MMSG-26655]
Registration.c(48): Resource "https://petstore.octoperf.com/images/sm_birds.gif" is in the cache already and will not be downloaded again  	[MsgId: MMSG-26655]
Registration.c(48): Registered web_reg_find successful for "Text=User Information" (count=1)  	[MsgId: MMSG-26364]
Registration.c(48): web_link("Register Now!") was successful, 5821 body bytes, 225 header bytes  	[MsgId: MMSG-26386]
Registration.c(53): Notify: Transaction "PetStore_ClickOnRegistration_T03" ended with a "Pass" status (Duration: 0.1268 Wasted Time: 0.0000).	[MsgId: MMSG-16871]
Registration.c(55): lr_think_time: 3.48 seconds (recorded think time was 5.00 seconds).	[MsgId: MMSG-15947]
AddToCard.c(40): Notify: Transaction "PetStore_SelectProductId_T02" started.	[MsgId: MMSG-16999]
AddToCard.c(43): Notify: Parameter Substitution: parameter "productId_count" =  "6"	[MsgId: MMSG-13992]
AddToCard.c(44): Notify: Parameter Substitution: parameter "productId_2" =  "K9-PO-02"	[MsgId: MMSG-13992]
AddToCard.c(46): Notify: Saving Parameter "RandproductId = K9-PO-02".	[MsgId: MMSG-13798]
AddToCard.c(47): Notify: Parameter Substitution: parameter "RandproductId" =  "K9-PO-02"	[MsgId: MMSG-13992]
AddToCard.c(47): Random category selected in Action2 = K9-PO-02	[MsgId: MMSG-17999]
AddToCard.c(49): web_reg_find started  	[MsgId: MMSG-26355]
AddToCard.c(49): Notify: Parameter Substitution: parameter "RandproductId" =  "K9-PO-02"	[MsgId: MMSG-13992]
AddToCard.c(49): Registering web_reg_find was successful  	[MsgId: MMSG-26390]
AddToCard.c(51): web_reg_save_param_regexp started  	[MsgId: MMSG-26355]
AddToCard.c(51): Registering web_reg_save_param_regexp was successful  	[MsgId: MMSG-26390]
AddToCard.c(58): web_link("{RandproductId}") started  	[MsgId: MMSG-26355]
AddToCard.c(58): Notify: Parameter Substitution: parameter "RandproductId" =  "K9-PO-02"	[MsgId: MMSG-13992]
AddToCard.c(58): Linking to "https://petstore.octoperf.com/actions/Catalog.action?viewProduct=&productId=K9-PO-02", Target Frame=""  	[MsgId: MMSG-27994]
RemoveTheProduct.c(18): Notify: Transaction "PetStore_ClickOnRemove_T02" started.	[MsgId: MMSG-16999]
RemoveTheProduct.c(20): web_reg_find started  	[MsgId: MMSG-26355]
RemoveTheProduct.c(20): Registering web_reg_find was successful  	[MsgId: MMSG-26390]
RemoveTheProduct.c(23): web_link("Remove") started  	[MsgId: MMSG-26355]
RemoveTheProduct.c(23): Linking to "https://petstore.octoperf.com/actions/Cart.action?removeItemFromCart=&workingItemId=EST-19", Target Frame=""  	[MsgId: MMSG-27994]
AddToCard.c(58): Resource "https://petstore.octoperf.com/css/jpetstore.css" is in the cache already and will not be downloaded again  	[MsgId: MMSG-26655]
AddToCard.c(58): Resource "https://petstore.octoperf.com/images/logo-topbar.svg" is in the cache already and will not be downloaded again  	[MsgId: MMSG-26655]
AddToCard.c(58): Resource "https://petstore.octoperf.com/images/cart.gif" is in the cache already and will not be downloaded again  	[MsgId: MMSG-26655]
AddToCard.c(58): Resource "https://petstore.octoperf.com/images/separator.gif" is in the cache already and will not be downloaded again  	[MsgId: MMSG-26655]
AddToCard.c(58): Resource "https://petstore.octoperf.com/images/sm_fish.gif" is in the cache already and will not be downloaded again  	[MsgId: MMSG-26655]
AddToCard.c(58): Resource "https://petstore.octoperf.com/images/sm_dogs.gif" is in the cache already and will not be downloaded again  	[MsgId: MMSG-26655]
AddToCard.c(58): Resource "https://petstore.octoperf.com/images/sm_reptiles.gif" is in the cache already and will not be downloaded again  	[MsgId: MMSG-26655]
AddToCard.c(58): Resource "https://petstore.octoperf.com/images/sm_cats.gif" is in the cache already and will not be downloaded again  	[MsgId: MMSG-26655]
AddToCard.c(58): Resource "https://petstore.octoperf.com/images/sm_birds.gif" is in the cache already and will not be downloaded again  	[MsgId: MMSG-26655]
AddToCard.c(58): Resource "https://petstore.octoperf.com/images/banner_fish.gif" is in the cache already and will not be downloaded again  	[MsgId: MMSG-26655]
AddToCard.c(58): Notify: Saving Parameter "itemId_1 = EST-8".	[MsgId: MMSG-13798]
AddToCard.c(58): Notify: Saving Parameter "itemId_count = 1".	[MsgId: MMSG-13798]
AddToCard.c(58): Registered web_reg_find successful for "Text=K9-PO-02" (count=1)  	[MsgId: MMSG-26364]
AddToCard.c(58): web_link("{RandproductId}") was successful, 3775 body bytes, 225 header bytes  	[MsgId: MMSG-26386]
AddToCard.c(63): Notify: Transaction "PetStore_SelectProductId_T02" ended with a "Pass" status (Duration: 0.1278 Wasted Time: 0.0003).	[MsgId: MMSG-16871]
AddToCard.c(65): lr_think_time: 4.05 seconds (recorded think time was 5.00 seconds).	[MsgId: MMSG-15947]
Registration.c(57): Notify: Transaction "PetStore_SubmitRegistration_T04" started.	[MsgId: MMSG-16999]
Registration.c(59): web_reg_find started  	[MsgId: MMSG-26355]
Registration.c(59): Registering web_reg_find was successful  	[MsgId: MMSG-26390]
Registration.c(66): Notify: Saving Parameter "randomUsername = LZGR".	[MsgId: MMSG-13798]
Registration.c(72): Notify: Saving Parameter "randompass = emug".	[MsgId: MMSG-13798]
Registration.c(86): Notify: Saving Parameter "randomFirstName = vljxk".	[MsgId: MMSG-13798]
Registration.c(87): Notify: Saving Parameter "randomLastName = kyooz".	[MsgId: MMSG-13798]
Registration.c(99): Notify: Saving Parameter "RandomPhone = :965757841".	[MsgId: MMSG-13798]
Registration.c(108): Notify: Saving Parameter "RandomZip = 725657".	[MsgId: MMSG-13798]
Registration.c(111): web_submit_form("Account.action") started  	[MsgId: MMSG-26355]
Registration.c(111): Notify: Parameter Substitution: parameter "randomUsername" =  "LZGR"	[MsgId: MMSG-13992]
Registration.c(111): Notify: Parameter Substitution: parameter "randompass" =  "emug"	[MsgId: MMSG-13992]
Registration.c(111): Notify: Parameter Substitution: parameter "randompass" =  "emug"	[MsgId: MMSG-13992]
Registration.c(111): Notify: Parameter Substitution: parameter "randomFirstName" =  "vljxk"	[MsgId: MMSG-13992]
Registration.c(111): Notify: Parameter Substitution: parameter "randomLastName" =  "kyooz"	[MsgId: MMSG-13992]
Registration.c(111): Notify: Parameter Substitution: parameter "randomFirstName" =  "vljxk"	[MsgId: MMSG-13992]
Registration.c(111): Notify: Parameter Substitution: parameter "randomLastName" =  "kyooz"	[MsgId: MMSG-13992]
Registration.c(111): Notify: Parameter Substitution: parameter "RandomPhone" =  ":965757841"	[MsgId: MMSG-13992]
Registration.c(111): Notify: Parameter Substitution: parameter "RandomZip" =  "725657"	[MsgId: MMSG-13992]
Registration.c(111): Submitting form to "https://petstore.octoperf.com/actions/Account.action", Target Frame=""  	[MsgId: MMSG-27978]
RemoveTheProduct.c(23): Resource "https://petstore.octoperf.com/css/jpetstore.css" is in the cache already and will not be downloaded again  	[MsgId: MMSG-26655]
RemoveTheProduct.c(23): Resource "https://petstore.octoperf.com/images/logo-topbar.svg" is in the cache already and will not be downloaded again  	[MsgId: MMSG-26655]
RemoveTheProduct.c(23): Resource "https://petstore.octoperf.com/images/cart.gif" is in the cache already and will not be downloaded again  	[MsgId: MMSG-26655]
RemoveTheProduct.c(23): Resource "https://petstore.octoperf.com/images/separator.gif" is in the cache already and will not be downloaded again  	[MsgId: MMSG-26655]
RemoveTheProduct.c(23): Resource "https://petstore.octoperf.com/images/sm_fish.gif" is in the cache already and will not be downloaded again  	[MsgId: MMSG-26655]
RemoveTheProduct.c(23): Resource "https://petstore.octoperf.com/images/sm_dogs.gif" is in the cache already and will not be downloaded again  	[MsgId: MMSG-26655]
RemoveTheProduct.c(23): Resource "https://petstore.octoperf.com/images/sm_reptiles.gif" is in the cache already and will not be downloaded again  	[MsgId: MMSG-26655]
RemoveTheProduct.c(23): Resource "https://petstore.octoperf.com/images/sm_cats.gif" is in the cache already and will not be downloaded again  	[MsgId: MMSG-26655]
RemoveTheProduct.c(23): Resource "https://petstore.octoperf.com/images/sm_birds.gif" is in the cache already and will not be downloaded again  	[MsgId: MMSG-26655]
RemoveTheProduct.c(23): Resource "https://petstore.octoperf.com/images/banner_fish.gif" is in the cache already and will not be downloaded again  	[MsgId: MMSG-26655]
RemoveTheProduct.c(23): Registered web_reg_find successful for "Text=Your cart is empty." (count=1)  	[MsgId: MMSG-26364]
RemoveTheProduct.c(23): web_link("Remove") was successful, 4202 body bytes, 225 header bytes  	[MsgId: MMSG-26386]
RemoveTheProduct.c(28): Notify: Transaction "PetStore_ClickOnRemove_T02" ended with a "Pass" status (Duration: 0.1295 Wasted Time: 0.0000).	[MsgId: MMSG-16871]
Ending action RemoveTheProduct.	[MsgId: MMSG-15918]
Action was aborted.	[MsgId: MMSG-10694]
Ending Vuser...	[MsgId: MMSG-15966]
Starting action vuser_end.	[MsgId: MMSG-15919]
vuser_end.c(4): Notify: Transaction "PetStore_SignOut_T01" started.	[MsgId: MMSG-16999]
vuser_end.c(6): web_reg_find started  	[MsgId: MMSG-26355]
vuser_end.c(6): Registering web_reg_find was successful  	[MsgId: MMSG-26390]
vuser_end.c(9): web_url("Account.action_2") started  	[MsgId: MMSG-26355]
Registration.c(111): Redirecting "https://petstore.octoperf.com/actions/Account.action" (redirection depth is 0)  	[MsgId: MMSG-26694]
Registration.c(111): To location "https://petstore.octoperf.com/actions/Catalog.action"  	[MsgId: MMSG-26693]
vuser_end.c(9): Redirecting "https://petstore.octoperf.com/actions/Account.action?signoff=" (redirection depth is 0)  	[MsgId: MMSG-26694]
vuser_end.c(9): To location "https://petstore.octoperf.com/actions/Catalog.action"  	[MsgId: MMSG-26693]
Registration.c(111): Resource "https://petstore.octoperf.com/css/jpetstore.css" is in the cache already and will not be downloaded again  	[MsgId: MMSG-26655]
Registration.c(111): Resource "https://petstore.octoperf.com/images/logo-topbar.svg" is in the cache already and will not be downloaded again  	[MsgId: MMSG-26655]
Registration.c(111): Resource "https://petstore.octoperf.com/images/cart.gif" is in the cache already and will not be downloaded again  	[MsgId: MMSG-26655]
Registration.c(111): Resource "https://petstore.octoperf.com/images/separator.gif" is in the cache already and will not be downloaded again  	[MsgId: MMSG-26655]
Registration.c(111): Resource "https://petstore.octoperf.com/images/sm_fish.gif" is in the cache already and will not be downloaded again  	[MsgId: MMSG-26655]
Registration.c(111): Resource "https://petstore.octoperf.com/images/sm_dogs.gif" is in the cache already and will not be downloaded again  	[MsgId: MMSG-26655]
Registration.c(111): Resource "https://petstore.octoperf.com/images/sm_reptiles.gif" is in the cache already and will not be downloaded again  	[MsgId: MMSG-26655]
Registration.c(111): Resource "https://petstore.octoperf.com/images/sm_cats.gif" is in the cache already and will not be downloaded again  	[MsgId: MMSG-26655]
Registration.c(111): Resource "https://petstore.octoperf.com/images/sm_birds.gif" is in the cache already and will not be downloaded again  	[MsgId: MMSG-26655]
Registration.c(111): Resource "https://petstore.octoperf.com/images/fish_icon.gif" is in the cache already and will not be downloaded again  	[MsgId: MMSG-26655]
Registration.c(111): Resource "https://petstore.octoperf.com/images/dogs_icon.gif" is in the cache already and will not be downloaded again  	[MsgId: MMSG-26655]
Registration.c(111): Resource "https://petstore.octoperf.com/images/cats_icon.gif" is in the cache already and will not be downloaded again  	[MsgId: MMSG-26655]
Registration.c(111): Resource "https://petstore.octoperf.com/images/reptiles_icon.gif" is in the cache already and will not be downloaded again  	[MsgId: MMSG-26655]
Registration.c(111): Resource "https://petstore.octoperf.com/images/birds_icon.gif" is in the cache already and will not be downloaded again  	[MsgId: MMSG-26655]
Registration.c(111): Resource "https://petstore.octoperf.com/images/splash.gif" is in the cache already and will not be downloaded again  	[MsgId: MMSG-26655]
Registration.c(111): Registered web_reg_find successful for "Text=Elevate you load-testing" (count=1)  	[MsgId: MMSG-26364]
Registration.c(111): web_submit_form("Account.action") was successful, 4736 body bytes, 443 header bytes  	[MsgId: MMSG-26386]
Registration.c(133): Notify: Transaction "PetStore_SubmitRegistration_T04" ended with a "Pass" status (Duration: 0.3795 Wasted Time: 0.0000).	[MsgId: MMSG-16871]
Registration.c(135): lr_think_time: 3.74 seconds (recorded think time was 5.00 seconds).	[MsgId: MMSG-15947]
vuser_end.c(9): Resource "https://petstore.octoperf.com/css/jpetstore.css" is in the cache already and will not be downloaded again  	[MsgId: MMSG-26655]
vuser_end.c(9): Resource "https://petstore.octoperf.com/images/logo-topbar.svg" is in the cache already and will not be downloaded again  	[MsgId: MMSG-26655]
vuser_end.c(9): Resource "https://petstore.octoperf.com/images/cart.gif" is in the cache already and will not be downloaded again  	[MsgId: MMSG-26655]
vuser_end.c(9): Resource "https://petstore.octoperf.com/images/separator.gif" is in the cache already and will not be downloaded again  	[MsgId: MMSG-26655]
vuser_end.c(9): Resource "https://petstore.octoperf.com/images/sm_fish.gif" is in the cache already and will not be downloaded again  	[MsgId: MMSG-26655]
vuser_end.c(9): Resource "https://petstore.octoperf.com/images/sm_dogs.gif" is in the cache already and will not be downloaded again  	[MsgId: MMSG-26655]
vuser_end.c(9): Resource "https://petstore.octoperf.com/images/sm_reptiles.gif" is in the cache already and will not be downloaded again  	[MsgId: MMSG-26655]
vuser_end.c(9): Resource "https://petstore.octoperf.com/images/sm_cats.gif" is in the cache already and will not be downloaded again  	[MsgId: MMSG-26655]
vuser_end.c(9): Resource "https://petstore.octoperf.com/images/sm_birds.gif" is in the cache already and will not be downloaded again  	[MsgId: MMSG-26655]
vuser_end.c(9): Resource "https://petstore.octoperf.com/images/fish_icon.gif" is in the cache already and will not be downloaded again  	[MsgId: MMSG-26655]
vuser_end.c(9): Resource "https://petstore.octoperf.com/images/dogs_icon.gif" is in the cache already and will not be downloaded again  	[MsgId: MMSG-26655]
vuser_end.c(9): Resource "https://petstore.octoperf.com/images/cats_icon.gif" is in the cache already and will not be downloaded again  	[MsgId: MMSG-26655]
vuser_end.c(9): Resource "https://petstore.octoperf.com/images/reptiles_icon.gif" is in the cache already and will not be downloaded again  	[MsgId: MMSG-26655]
vuser_end.c(9): Resource "https://petstore.octoperf.com/images/birds_icon.gif" is in the cache already and will not be downloaded again  	[MsgId: MMSG-26655]
vuser_end.c(9): Resource "https://petstore.octoperf.com/images/splash.gif" is in the cache already and will not be downloaded again  	[MsgId: MMSG-26655]
vuser_end.c(9): Registered web_reg_find successful for "Text=Sign In" (count=1)  	[MsgId: MMSG-26364]
vuser_end.c(9): web_url("Account.action_2") was successful, 4736 body bytes, 518 header bytes  	[MsgId: MMSG-26386]
vuser_end.c(18): Notify: Transaction "PetStore_SignOut_T01" ended with a "Pass" status (Duration: 0.4153 Wasted Time: 0.0000).	[MsgId: MMSG-16871]
vuser_end.c(20): Script Exection done sucessfully	[MsgId: MMSG-17999]
vuser_end.c(21): web_cache_cleanup started  	[MsgId: MMSG-26355]
vuser_end.c(21): web_cache_cleanup was successful  	[MsgId: MMSG-26392]
vuser_end.c(22): web_cleanup_cookies started  	[MsgId: MMSG-26355]
vuser_end.c(22): web_cleanup_cookies was successful  	[MsgId: MMSG-26392]
Ending action vuser_end.	[MsgId: MMSG-15918]
Vuser Terminated.	[MsgId: MMSG-15963]
Vuser 0 (thread 496), ended OK."	[MsgId: MMSG-10695]
Login.c(17): Notify: Transaction "PetStore_Login_T01" started.	[MsgId: MMSG-16999]
Login.c(18): web_reg_find started  	[MsgId: MMSG-26355]
Login.c(18): Registering web_reg_find was successful  	[MsgId: MMSG-26390]
Login.c(20): web_reg_save_param_regexp started  	[MsgId: MMSG-26355]
Login.c(20): Registering web_reg_save_param_regexp was successful  	[MsgId: MMSG-26390]
Login.c(26): web_submit_form("Account.action") started  	[MsgId: MMSG-26355]
Login.c(26): Notify: Parameter Substitution: parameter "randomUsername" =  "IVRX"	[MsgId: MMSG-13992]
Login.c(26): Notify: Parameter Substitution: parameter "randompass" =  "kadb"	[MsgId: MMSG-13992]
Login.c(26): Submitting form to "https://petstore.octoperf.com/actions/Account.action", Target Frame=""  	[MsgId: MMSG-27978]
Login.c(26): Redirecting "https://petstore.octoperf.com/actions/Account.action" (redirection depth is 0)  	[MsgId: MMSG-26694]
Login.c(26): To location "https://petstore.octoperf.com/actions/Catalog.action"  	[MsgId: MMSG-26693]
Login.c(26): Resource "https://petstore.octoperf.com/css/jpetstore.css" is in the cache already and will not be downloaded again  	[MsgId: MMSG-26655]
Login.c(26): Resource "https://petstore.octoperf.com/images/logo-topbar.svg" is in the cache already and will not be downloaded again  	[MsgId: MMSG-26655]
Login.c(26): Resource "https://petstore.octoperf.com/images/cart.gif" is in the cache already and will not be downloaded again  	[MsgId: MMSG-26655]
Login.c(26): Resource "https://petstore.octoperf.com/images/separator.gif" is in the cache already and will not be downloaded again  	[MsgId: MMSG-26655]
Login.c(26): Resource "https://petstore.octoperf.com/images/sm_fish.gif" is in the cache already and will not be downloaded again  	[MsgId: MMSG-26655]
Login.c(26): Resource "https://petstore.octoperf.com/images/sm_dogs.gif" is in the cache already and will not be downloaded again  	[MsgId: MMSG-26655]
Login.c(26): Resource "https://petstore.octoperf.com/images/sm_reptiles.gif" is in the cache already and will not be downloaded again  	[MsgId: MMSG-26655]
Login.c(26): Resource "https://petstore.octoperf.com/images/sm_cats.gif" is in the cache already and will not be downloaded again  	[MsgId: MMSG-26655]
Login.c(26): Resource "https://petstore.octoperf.com/images/sm_birds.gif" is in the cache already and will not be downloaded again  	[MsgId: MMSG-26655]
Login.c(26): Resource "https://petstore.octoperf.com/images/fish_icon.gif" is in the cache already and will not be downloaded again  	[MsgId: MMSG-26655]
Login.c(26): Resource "https://petstore.octoperf.com/images/dogs_icon.gif" is in the cache already and will not be downloaded again  	[MsgId: MMSG-26655]
Login.c(26): Resource "https://petstore.octoperf.com/images/cats_icon.gif" is in the cache already and will not be downloaded again  	[MsgId: MMSG-26655]
Login.c(26): Resource "https://petstore.octoperf.com/images/reptiles_icon.gif" is in the cache already and will not be downloaded again  	[MsgId: MMSG-26655]
Login.c(26): Resource "https://petstore.octoperf.com/images/birds_icon.gif" is in the cache already and will not be downloaded again  	[MsgId: MMSG-26655]
Login.c(26): Resource "https://petstore.octoperf.com/images/splash.gif" is in the cache already and will not be downloaded again  	[MsgId: MMSG-26655]
Login.c(26): Found resource "https://petstore.octoperf.com/images/banner_fish.gif" in HTML "https://petstore.octoperf.com/actions/Catalog.action"  	[MsgId: MMSG-26659]
Login.c(26): Notify: Saving Parameter "ProductName_1 = BIRDS".	[MsgId: MMSG-13798]
Login.c(26): Notify: Saving Parameter "ProductName_2 = FISH".	[MsgId: MMSG-13798]
Login.c(26): Notify: Saving Parameter "ProductName_3 = DOGS".	[MsgId: MMSG-13798]
Login.c(26): Notify: Saving Parameter "ProductName_4 = REPTILES".	[MsgId: MMSG-13798]
Login.c(26): Notify: Saving Parameter "ProductName_5 = CATS".	[MsgId: MMSG-13798]
Login.c(26): Notify: Saving Parameter "ProductName_6 = BIRDS".	[MsgId: MMSG-13798]
Login.c(26): Notify: Saving Parameter "ProductName_count = 6".	[MsgId: MMSG-13798]
Login.c(26): Registered web_reg_find successful for "Text=My Account" (count=1)  	[MsgId: MMSG-26364]
Login.c(26): web_submit_form("Account.action") was successful, 11416 body bytes, 727 header bytes  	[MsgId: MMSG-26386]
Login.c(34): Notify: Transaction "PetStore_Login_T01" ended with a "Pass" status (Duration: 0.5039 Wasted Time: 0.0004).	[MsgId: MMSG-16871]
Ending action Login.	[MsgId: MMSG-15918]
Starting action RemoveTheProduct.	[MsgId: MMSG-15919]
AddToCard.c(8): Notify: Transaction "PetStore_AddAproduct_T01" started.	[MsgId: MMSG-16999]
AddToCard.c(11): Notify: Parameter Substitution: parameter "ProductName_count" =  "6"	[MsgId: MMSG-13992]
AddToCard.c(12): Notify: Parameter Substitution: parameter "ProductName_5" =  "CATS"	[MsgId: MMSG-13992]
AddToCard.c(14): Notify: Saving Parameter "RandCategory = CATS".	[MsgId: MMSG-13798]
AddToCard.c(15): Notify: Parameter Substitution: parameter "RandCategory" =  "CATS"	[MsgId: MMSG-13992]
AddToCard.c(15): Random category selected in Action2 = CATS	[MsgId: MMSG-17999]
AddToCard.c(17): web_reg_find started  	[MsgId: MMSG-26355]
AddToCard.c(17): Notify: Parameter Substitution: parameter "RandCategory" =  "CATS"	[MsgId: MMSG-13992]
AddToCard.c(17): Registering web_reg_find was successful  	[MsgId: MMSG-26390]
AddToCard.c(20): web_reg_save_param_regexp started  	[MsgId: MMSG-26355]
AddToCard.c(20): Registering web_reg_save_param_regexp was successful  	[MsgId: MMSG-26390]
AddToCard.c(27): web_url("Catalog.action_2") started  	[MsgId: MMSG-26355]
AddToCard.c(27): Notify: Parameter Substitution: parameter "RandCategory" =  "CATS"	[MsgId: MMSG-13992]
AddToCard.c(27): Resource "https://petstore.octoperf.com/css/jpetstore.css" is in the cache already and will not be downloaded again  	[MsgId: MMSG-26655]
AddToCard.c(27): Resource "https://petstore.octoperf.com/images/logo-topbar.svg" is in the cache already and will not be downloaded again  	[MsgId: MMSG-26655]
AddToCard.c(27): Resource "https://petstore.octoperf.com/images/cart.gif" is in the cache already and will not be downloaded again  	[MsgId: MMSG-26655]
AddToCard.c(27): Resource "https://petstore.octoperf.com/images/separator.gif" is in the cache already and will not be downloaded again  	[MsgId: MMSG-26655]
AddToCard.c(27): Resource "https://petstore.octoperf.com/images/sm_fish.gif" is in the cache already and will not be downloaded again  	[MsgId: MMSG-26655]
AddToCard.c(27): Resource "https://petstore.octoperf.com/images/sm_dogs.gif" is in the cache already and will not be downloaded again  	[MsgId: MMSG-26655]
AddToCard.c(27): Resource "https://petstore.octoperf.com/images/sm_reptiles.gif" is in the cache already and will not be downloaded again  	[MsgId: MMSG-26655]
AddToCard.c(27): Resource "https://petstore.octoperf.com/images/sm_cats.gif" is in the cache already and will not be downloaded again  	[MsgId: MMSG-26655]
AddToCard.c(27): Resource "https://petstore.octoperf.com/images/sm_birds.gif" is in the cache already and will not be downloaded again  	[MsgId: MMSG-26655]
AddToCard.c(27): Resource "https://petstore.octoperf.com/images/banner_fish.gif" is in the cache already and will not be downloaded again  	[MsgId: MMSG-26655]
AddToCard.c(27): Notify: Saving Parameter "productId_1 = FL-DSH-01".	[MsgId: MMSG-13798]
AddToCard.c(27): Notify: Saving Parameter "productId_2 = FL-DLH-02".	[MsgId: MMSG-13798]
AddToCard.c(27): Notify: Saving Parameter "productId_count = 2".	[MsgId: MMSG-13798]
AddToCard.c(27): Registered web_reg_find successful for "Text=CATS" (count=1)  	[MsgId: MMSG-26364]
AddToCard.c(27): web_url("Catalog.action_2") was successful, 3621 body bytes, 225 header bytes  	[MsgId: MMSG-26386]
AddToCard.c(36): Notify: Transaction "PetStore_AddAproduct_T01" ended with a "Pass" status (Duration: 0.2908 Wasted Time: 0.0002).	[MsgId: MMSG-16871]
AddToCard.c(38): lr_think_time: 4.09 seconds (recorded think time was 5.00 seconds).	[MsgId: MMSG-15947]
Login.c(17): Notify: Transaction "PetStore_Login_T01" started.	[MsgId: MMSG-16999]
Login.c(18): web_reg_find started  	[MsgId: MMSG-26355]
Login.c(18): Registering web_reg_find was successful  	[MsgId: MMSG-26390]
Login.c(20): web_reg_save_param_regexp started  	[MsgId: MMSG-26355]
Login.c(20): Registering web_reg_save_param_regexp was successful  	[MsgId: MMSG-26390]
Login.c(26): web_submit_form("Account.action") started  	[MsgId: MMSG-26355]
Login.c(26): Notify: Parameter Substitution: parameter "randomUsername" =  "ECUC"	[MsgId: MMSG-13992]
Login.c(26): Notify: Parameter Substitution: parameter "randompass" =  "wsqo"	[MsgId: MMSG-13992]
Login.c(26): Submitting form to "https://petstore.octoperf.com/actions/Account.action", Target Frame=""  	[MsgId: MMSG-27978]
RemoveTheProduct.c(18): Notify: Transaction "PetStore_ClickOnRemove_T02" started.	[MsgId: MMSG-16999]
RemoveTheProduct.c(20): web_reg_find started  	[MsgId: MMSG-26355]
RemoveTheProduct.c(20): Registering web_reg_find was successful  	[MsgId: MMSG-26390]
RemoveTheProduct.c(23): web_link("Remove") started  	[MsgId: MMSG-26355]
RemoveTheProduct.c(23): Linking to "https://petstore.octoperf.com/actions/Cart.action?removeItemFromCart=&workingItemId=EST-17", Target Frame=""  	[MsgId: MMSG-27994]
Login.c(26): Redirecting "https://petstore.octoperf.com/actions/Account.action" (redirection depth is 0)  	[MsgId: MMSG-26694]
Login.c(26): To location "https://petstore.octoperf.com/actions/Catalog.action"  	[MsgId: MMSG-26693]
RemoveTheProduct.c(23): Resource "https://petstore.octoperf.com/css/jpetstore.css" is in the cache already and will not be downloaded again  	[MsgId: MMSG-26655]
RemoveTheProduct.c(23): Resource "https://petstore.octoperf.com/images/logo-topbar.svg" is in the cache already and will not be downloaded again  	[MsgId: MMSG-26655]
RemoveTheProduct.c(23): Resource "https://petstore.octoperf.com/images/cart.gif" is in the cache already and will not be downloaded again  	[MsgId: MMSG-26655]
RemoveTheProduct.c(23): Resource "https://petstore.octoperf.com/images/separator.gif" is in the cache already and will not be downloaded again  	[MsgId: MMSG-26655]
RemoveTheProduct.c(23): Resource "https://petstore.octoperf.com/images/sm_fish.gif" is in the cache already and will not be downloaded again  	[MsgId: MMSG-26655]
RemoveTheProduct.c(23): Resource "https://petstore.octoperf.com/images/sm_dogs.gif" is in the cache already and will not be downloaded again  	[MsgId: MMSG-26655]
RemoveTheProduct.c(23): Resource "https://petstore.octoperf.com/images/sm_reptiles.gif" is in the cache already and will not be downloaded again  	[MsgId: MMSG-26655]
RemoveTheProduct.c(23): Resource "https://petstore.octoperf.com/images/sm_cats.gif" is in the cache already and will not be downloaded again  	[MsgId: MMSG-26655]
RemoveTheProduct.c(23): Resource "https://petstore.octoperf.com/images/sm_birds.gif" is in the cache already and will not be downloaded again  	[MsgId: MMSG-26655]
RemoveTheProduct.c(23): Resource "https://petstore.octoperf.com/images/banner_fish.gif" is in the cache already and will not be downloaded again  	[MsgId: MMSG-26655]
RemoveTheProduct.c(23): Registered web_reg_find successful for "Text=Your cart is empty." (count=1)  	[MsgId: MMSG-26364]
RemoveTheProduct.c(23): web_link("Remove") was successful, 4202 body bytes, 225 header bytes  	[MsgId: MMSG-26386]
RemoveTheProduct.c(28): Notify: Transaction "PetStore_ClickOnRemove_T02" ended with a "Pass" status (Duration: 0.1272 Wasted Time: 0.0000).	[MsgId: MMSG-16871]
Ending action RemoveTheProduct.	[MsgId: MMSG-15918]
Action was aborted.	[MsgId: MMSG-10694]
Ending Vuser...	[MsgId: MMSG-15966]
Starting action vuser_end.	[MsgId: MMSG-15919]
vuser_end.c(4): Notify: Transaction "PetStore_SignOut_T01" started.	[MsgId: MMSG-16999]
vuser_end.c(6): web_reg_find started  	[MsgId: MMSG-26355]
vuser_end.c(6): Registering web_reg_find was successful  	[MsgId: MMSG-26390]
vuser_end.c(9): web_url("Account.action_2") started  	[MsgId: MMSG-26355]
Login.c(26): Resource "https://petstore.octoperf.com/css/jpetstore.css" is in the cache already and will not be downloaded again  	[MsgId: MMSG-26655]
Login.c(26): Resource "https://petstore.octoperf.com/images/logo-topbar.svg" is in the cache already and will not be downloaded again  	[MsgId: MMSG-26655]
Login.c(26): Resource "https://petstore.octoperf.com/images/cart.gif" is in the cache already and will not be downloaded again  	[MsgId: MMSG-26655]
Login.c(26): Resource "https://petstore.octoperf.com/images/separator.gif" is in the cache already and will not be downloaded again  	[MsgId: MMSG-26655]
Login.c(26): Resource "https://petstore.octoperf.com/images/sm_fish.gif" is in the cache already and will not be downloaded again  	[MsgId: MMSG-26655]
Login.c(26): Resource "https://petstore.octoperf.com/images/sm_dogs.gif" is in the cache already and will not be downloaded again  	[MsgId: MMSG-26655]
Login.c(26): Resource "https://petstore.octoperf.com/images/sm_reptiles.gif" is in the cache already and will not be downloaded again  	[MsgId: MMSG-26655]
Login.c(26): Resource "https://petstore.octoperf.com/images/sm_cats.gif" is in the cache already and will not be downloaded again  	[MsgId: MMSG-26655]
Login.c(26): Resource "https://petstore.octoperf.com/images/sm_birds.gif" is in the cache already and will not be downloaded again  	[MsgId: MMSG-26655]
Login.c(26): Resource "https://petstore.octoperf.com/images/fish_icon.gif" is in the cache already and will not be downloaded again  	[MsgId: MMSG-26655]
Login.c(26): Resource "https://petstore.octoperf.com/images/dogs_icon.gif" is in the cache already and will not be downloaded again  	[MsgId: MMSG-26655]
Login.c(26): Resource "https://petstore.octoperf.com/images/cats_icon.gif" is in the cache already and will not be downloaded again  	[MsgId: MMSG-26655]
Login.c(26): Resource "https://petstore.octoperf.com/images/reptiles_icon.gif" is in the cache already and will not be downloaded again  	[MsgId: MMSG-26655]
Login.c(26): Resource "https://petstore.octoperf.com/images/birds_icon.gif" is in the cache already and will not be downloaded again  	[MsgId: MMSG-26655]
Login.c(26): Resource "https://petstore.octoperf.com/images/splash.gif" is in the cache already and will not be downloaded again  	[MsgId: MMSG-26655]
Login.c(26): Found resource "https://petstore.octoperf.com/images/banner_fish.gif" in HTML "https://petstore.octoperf.com/actions/Catalog.action"  	[MsgId: MMSG-26659]
Login.c(26): Notify: Saving Parameter "ProductName_1 = BIRDS".	[MsgId: MMSG-13798]
Login.c(26): Notify: Saving Parameter "ProductName_2 = FISH".	[MsgId: MMSG-13798]
Login.c(26): Notify: Saving Parameter "ProductName_3 = DOGS".	[MsgId: MMSG-13798]
Login.c(26): Notify: Saving Parameter "ProductName_4 = REPTILES".	[MsgId: MMSG-13798]
Login.c(26): Notify: Saving Parameter "ProductName_5 = CATS".	[MsgId: MMSG-13798]
Login.c(26): Notify: Saving Parameter "ProductName_6 = BIRDS".	[MsgId: MMSG-13798]
vuser_end.c(9): Redirecting "https://petstore.octoperf.com/actions/Account.action?signoff=" (redirection depth is 0)  	[MsgId: MMSG-26694]
vuser_end.c(9): To location "https://petstore.octoperf.com/actions/Catalog.action"  	[MsgId: MMSG-26693]
AddToCard.c(67): Notify: Transaction "PetStore_SelectItemId_T03" started.	[MsgId: MMSG-16999]
AddToCard.c(71): Notify: Parameter Substitution: parameter "itemId_count" =  "2"	[MsgId: MMSG-13992]
AddToCard.c(72): Notify: Parameter Substitution: parameter "itemId_1" =  "EST-16"	[MsgId: MMSG-13992]
AddToCard.c(74): Notify: Saving Parameter "RanditemId = EST-16".	[MsgId: MMSG-13798]
AddToCard.c(75): Notify: Parameter Substitution: parameter "RanditemId" =  "EST-16"	[MsgId: MMSG-13992]
AddToCard.c(75): Random category selected in Action2 = EST-16	[MsgId: MMSG-17999]
AddToCard.c(77): web_reg_find started  	[MsgId: MMSG-26355]
AddToCard.c(77): Notify: Parameter Substitution: parameter "RanditemId" =  "EST-16"	[MsgId: MMSG-13992]
AddToCard.c(77): Registering web_reg_find was successful  	[MsgId: MMSG-26390]
AddToCard.c(79): web_link("{RanditemId}") started  	[MsgId: MMSG-26355]
AddToCard.c(79): Notify: Parameter Substitution: parameter "RanditemId" =  "EST-16"	[MsgId: MMSG-13992]
AddToCard.c(79): Linking to "https://petstore.octoperf.com/actions/Catalog.action?viewItem=&itemId=EST-16", Target Frame=""  	[MsgId: MMSG-27994]
Login.c(26): Notify: Saving Parameter "ProductName_count = 6".	[MsgId: MMSG-13798]
Login.c(26): Registered web_reg_find successful for "Text=My Account" (count=1)  	[MsgId: MMSG-26364]
Login.c(26): web_submit_form("Account.action") was successful, 11416 body bytes, 727 header bytes  	[MsgId: MMSG-26386]
Login.c(34): Notify: Transaction "PetStore_Login_T01" ended with a "Pass" status (Duration: 0.5071 Wasted Time: 0.0004).	[MsgId: MMSG-16871]
Ending action Login.	[MsgId: MMSG-15918]
Starting action RemoveTheProduct.	[MsgId: MMSG-15919]
AddToCard.c(8): Notify: Transaction "PetStore_AddAproduct_T01" started.	[MsgId: MMSG-16999]
AddToCard.c(11): Notify: Parameter Substitution: parameter "ProductName_count" =  "6"	[MsgId: MMSG-13992]
AddToCard.c(12): Notify: Parameter Substitution: parameter "ProductName_1" =  "BIRDS"	[MsgId: MMSG-13992]
AddToCard.c(14): Notify: Saving Parameter "RandCategory = BIRDS".	[MsgId: MMSG-13798]
AddToCard.c(15): Notify: Parameter Substitution: parameter "RandCategory" =  "BIRDS"	[MsgId: MMSG-13992]
AddToCard.c(15): Random category selected in Action2 = BIRDS	[MsgId: MMSG-17999]
AddToCard.c(17): web_reg_find started  	[MsgId: MMSG-26355]
AddToCard.c(17): Notify: Parameter Substitution: parameter "RandCategory" =  "BIRDS"	[MsgId: MMSG-13992]
AddToCard.c(17): Registering web_reg_find was successful  	[MsgId: MMSG-26390]
AddToCard.c(20): web_reg_save_param_regexp started  	[MsgId: MMSG-26355]
AddToCard.c(20): Registering web_reg_save_param_regexp was successful  	[MsgId: MMSG-26390]
AddToCard.c(27): web_url("Catalog.action_2") started  	[MsgId: MMSG-26355]
AddToCard.c(27): Notify: Parameter Substitution: parameter "RandCategory" =  "BIRDS"	[MsgId: MMSG-13992]
vuser_end.c(9): Resource "https://petstore.octoperf.com/css/jpetstore.css" is in the cache already and will not be downloaded again  	[MsgId: MMSG-26655]
vuser_end.c(9): Resource "https://petstore.octoperf.com/images/logo-topbar.svg" is in the cache already and will not be downloaded again  	[MsgId: MMSG-26655]
vuser_end.c(9): Resource "https://petstore.octoperf.com/images/cart.gif" is in the cache already and will not be downloaded again  	[MsgId: MMSG-26655]
vuser_end.c(9): Resource "https://petstore.octoperf.com/images/separator.gif" is in the cache already and will not be downloaded again  	[MsgId: MMSG-26655]
vuser_end.c(9): Resource "https://petstore.octoperf.com/images/sm_fish.gif" is in the cache already and will not be downloaded again  	[MsgId: MMSG-26655]
vuser_end.c(9): Resource "https://petstore.octoperf.com/images/sm_dogs.gif" is in the cache already and will not be downloaded again  	[MsgId: MMSG-26655]
vuser_end.c(9): Resource "https://petstore.octoperf.com/images/sm_reptiles.gif" is in the cache already and will not be downloaded again  	[MsgId: MMSG-26655]
vuser_end.c(9): Resource "https://petstore.octoperf.com/images/sm_cats.gif" is in the cache already and will not be downloaded again  	[MsgId: MMSG-26655]
vuser_end.c(9): Resource "https://petstore.octoperf.com/images/sm_birds.gif" is in the cache already and will not be downloaded again  	[MsgId: MMSG-26655]
vuser_end.c(9): Resource "https://petstore.octoperf.com/images/fish_icon.gif" is in the cache already and will not be downloaded again  	[MsgId: MMSG-26655]
vuser_end.c(9): Resource "https://petstore.octoperf.com/images/dogs_icon.gif" is in the cache already and will not be downloaded again  	[MsgId: MMSG-26655]
vuser_end.c(9): Resource "https://petstore.octoperf.com/images/cats_icon.gif" is in the cache already and will not be downloaded again  	[MsgId: MMSG-26655]
vuser_end.c(9): Resource "https://petstore.octoperf.com/images/reptiles_icon.gif" is in the cache already and will not be downloaded again  	[MsgId: MMSG-26655]
vuser_end.c(9): Resource "https://petstore.octoperf.com/images/birds_icon.gif" is in the cache already and will not be downloaded again  	[MsgId: MMSG-26655]
vuser_end.c(9): Resource "https://petstore.octoperf.com/images/splash.gif" is in the cache already and will not be downloaded again  	[MsgId: MMSG-26655]
vuser_end.c(9): Registered web_reg_find successful for "Text=Sign In" (count=1)  	[MsgId: MMSG-26364]
vuser_end.c(9): web_url("Account.action_2") was successful, 4736 body bytes, 518 header bytes  	[MsgId: MMSG-26386]
vuser_end.c(18): Notify: Transaction "PetStore_SignOut_T01" ended with a "Pass" status (Duration: 0.2527 Wasted Time: 0.0000).	[MsgId: MMSG-16871]
vuser_end.c(20): Script Exection done sucessfully	[MsgId: MMSG-17999]
vuser_end.c(21): web_cache_cleanup started  	[MsgId: MMSG-26355]
vuser_end.c(21): web_cache_cleanup was successful  	[MsgId: MMSG-26392]
vuser_end.c(22): web_cleanup_cookies started  	[MsgId: MMSG-26355]
vuser_end.c(22): web_cleanup_cookies was successful  	[MsgId: MMSG-26392]
Ending action vuser_end.	[MsgId: MMSG-15918]
Vuser Terminated.	[MsgId: MMSG-15963]
Vuser 1 (thread 5084), ended OK."	[MsgId: MMSG-10695]
AddToCard.c(79): Resource "https://petstore.octoperf.com/css/jpetstore.css" is in the cache already and will not be downloaded again  	[MsgId: MMSG-26655]
AddToCard.c(79): Resource "https://petstore.octoperf.com/images/logo-topbar.svg" is in the cache already and will not be downloaded again  	[MsgId: MMSG-26655]
AddToCard.c(79): Resource "https://petstore.octoperf.com/images/cart.gif" is in the cache already and will not be downloaded again  	[MsgId: MMSG-26655]
AddToCard.c(79): Resource "https://petstore.octoperf.com/images/separator.gif" is in the cache already and will not be downloaded again  	[MsgId: MMSG-26655]
AddToCard.c(79): Resource "https://petstore.octoperf.com/images/sm_fish.gif" is in the cache already and will not be downloaded again  	[MsgId: MMSG-26655]
AddToCard.c(79): Resource "https://petstore.octoperf.com/images/sm_dogs.gif" is in the cache already and will not be downloaded again  	[MsgId: MMSG-26655]
AddToCard.c(79): Resource "https://petstore.octoperf.com/images/sm_reptiles.gif" is in the cache already and will not be downloaded again  	[MsgId: MMSG-26655]
AddToCard.c(79): Resource "https://petstore.octoperf.com/images/sm_cats.gif" is in the cache already and will not be downloaded again  	[MsgId: MMSG-26655]
AddToCard.c(79): Resource "https://petstore.octoperf.com/images/sm_birds.gif" is in the cache already and will not be downloaded again  	[MsgId: MMSG-26655]
AddToCard.c(79): Found resource "https://petstore.octoperf.com/images/cat1.gif" in HTML "https://petstore.octoperf.com/actions/Catalog.action?viewItem=&itemId=EST-16"  	[MsgId: MMSG-26659]
AddToCard.c(79): Resource "https://petstore.octoperf.com/images/banner_fish.gif" is in the cache already and will not be downloaded again  	[MsgId: MMSG-26655]
AddToCard.c(27): Resource "https://petstore.octoperf.com/css/jpetstore.css" is in the cache already and will not be downloaded again  	[MsgId: MMSG-26655]
AddToCard.c(27): Resource "https://petstore.octoperf.com/images/logo-topbar.svg" is in the cache already and will not be downloaded again  	[MsgId: MMSG-26655]
AddToCard.c(27): Resource "https://petstore.octoperf.com/images/cart.gif" is in the cache already and will not be downloaded again  	[MsgId: MMSG-26655]
AddToCard.c(27): Resource "https://petstore.octoperf.com/images/separator.gif" is in the cache already and will not be downloaded again  	[MsgId: MMSG-26655]
AddToCard.c(27): Resource "https://petstore.octoperf.com/images/sm_fish.gif" is in the cache already and will not be downloaded again  	[MsgId: MMSG-26655]
AddToCard.c(27): Resource "https://petstore.octoperf.com/images/sm_dogs.gif" is in the cache already and will not be downloaded again  	[MsgId: MMSG-26655]
AddToCard.c(27): Resource "https://petstore.octoperf.com/images/sm_reptiles.gif" is in the cache already and will not be downloaded again  	[MsgId: MMSG-26655]
AddToCard.c(27): Resource "https://petstore.octoperf.com/images/sm_cats.gif" is in the cache already and will not be downloaded again  	[MsgId: MMSG-26655]
AddToCard.c(27): Resource "https://petstore.octoperf.com/images/sm_birds.gif" is in the cache already and will not be downloaded again  	[MsgId: MMSG-26655]
AddToCard.c(27): Resource "https://petstore.octoperf.com/images/banner_fish.gif" is in the cache already and will not be downloaded again  	[MsgId: MMSG-26655]
AddToCard.c(27): Notify: Saving Parameter "productId_1 = AV-CB-01".	[MsgId: MMSG-13798]
AddToCard.c(27): Notify: Saving Parameter "productId_2 = AV-SB-02".	[MsgId: MMSG-13798]
AddToCard.c(27): Notify: Saving Parameter "productId_count = 2".	[MsgId: MMSG-13798]
AddToCard.c(27): Registered web_reg_find successful for "Text=BIRDS" (count=1)  	[MsgId: MMSG-26364]
AddToCard.c(27): web_url("Catalog.action_2") was successful, 3625 body bytes, 225 header bytes  	[MsgId: MMSG-26386]
AddToCard.c(36): Notify: Transaction "PetStore_AddAproduct_T01" ended with a "Pass" status (Duration: 0.2945 Wasted Time: 0.0002).	[MsgId: MMSG-16871]
AddToCard.c(38): lr_think_time: 3.70 seconds (recorded think time was 5.00 seconds).	[MsgId: MMSG-15947]
AddToCard.c(79): Registered web_reg_find successful for "Text=EST-16" (count=2)  	[MsgId: MMSG-26364]
AddToCard.c(79): web_link("{RanditemId}") was successful, 16546 body bytes, 511 header bytes  	[MsgId: MMSG-26386]
AddToCard.c(84): Notify: Transaction "PetStore_SelectItemId_T03" ended with a "Pass" status (Duration: 0.3905 Wasted Time: 0.0000).	[MsgId: MMSG-16871]
AddToCard.c(86): lr_think_time: 4.58 seconds (recorded think time was 5.00 seconds).	[MsgId: MMSG-15947]
Registration.c(57): Notify: Transaction "PetStore_SubmitRegistration_T04" started.	[MsgId: MMSG-16999]
Registration.c(59): web_reg_find started  	[MsgId: MMSG-26355]
Registration.c(59): Registering web_reg_find was successful  	[MsgId: MMSG-26390]
Registration.c(66): Notify: Saving Parameter "randomUsername = RDSH".	[MsgId: MMSG-13798]
Registration.c(72): Notify: Saving Parameter "randompass = mfpq".	[MsgId: MMSG-13798]
Registration.c(86): Notify: Saving Parameter "randomFirstName = vumiq".	[MsgId: MMSG-13798]
Registration.c(87): Notify: Saving Parameter "randomLastName = twuru".	[MsgId: MMSG-13798]
Registration.c(99): Notify: Saving Parameter "RandomPhone = 9975907590".	[MsgId: MMSG-13798]
Registration.c(108): Notify: Saving Parameter "RandomZip = 453058".	[MsgId: MMSG-13798]
Registration.c(111): web_submit_form("Account.action") started  	[MsgId: MMSG-26355]
Registration.c(111): Notify: Parameter Substitution: parameter "randomUsername" =  "RDSH"	[MsgId: MMSG-13992]
Registration.c(111): Notify: Parameter Substitution: parameter "randompass" =  "mfpq"	[MsgId: MMSG-13992]
Registration.c(111): Notify: Parameter Substitution: parameter "randompass" =  "mfpq"	[MsgId: MMSG-13992]
Registration.c(111): Notify: Parameter Substitution: parameter "randomFirstName" =  "vumiq"	[MsgId: MMSG-13992]
Registration.c(111): Notify: Parameter Substitution: parameter "randomLastName" =  "twuru"	[MsgId: MMSG-13992]
Registration.c(111): Notify: Parameter Substitution: parameter "randomFirstName" =  "vumiq"	[MsgId: MMSG-13992]
Registration.c(111): Notify: Parameter Substitution: parameter "randomLastName" =  "twuru"	[MsgId: MMSG-13992]
Registration.c(111): Notify: Parameter Substitution: parameter "RandomPhone" =  "9975907590"	[MsgId: MMSG-13992]
Registration.c(111): Notify: Parameter Substitution: parameter "RandomZip" =  "453058"	[MsgId: MMSG-13992]
Registration.c(111): Submitting form to "https://petstore.octoperf.com/actions/Account.action", Target Frame=""  	[MsgId: MMSG-27978]
Registration.c(111): Redirecting "https://petstore.octoperf.com/actions/Account.action" (redirection depth is 0)  	[MsgId: MMSG-26694]
Registration.c(111): To location "https://petstore.octoperf.com/actions/Catalog.action"  	[MsgId: MMSG-26693]
Registration.c(111): Resource "https://petstore.octoperf.com/css/jpetstore.css" is in the cache already and will not be downloaded again  	[MsgId: MMSG-26655]
Registration.c(111): Resource "https://petstore.octoperf.com/images/logo-topbar.svg" is in the cache already and will not be downloaded again  	[MsgId: MMSG-26655]
Registration.c(111): Resource "https://petstore.octoperf.com/images/cart.gif" is in the cache already and will not be downloaded again  	[MsgId: MMSG-26655]
Registration.c(111): Resource "https://petstore.octoperf.com/images/separator.gif" is in the cache already and will not be downloaded again  	[MsgId: MMSG-26655]
Registration.c(111): Resource "https://petstore.octoperf.com/images/sm_fish.gif" is in the cache already and will not be downloaded again  	[MsgId: MMSG-26655]
Registration.c(111): Resource "https://petstore.octoperf.com/images/sm_dogs.gif" is in the cache already and will not be downloaded again  	[MsgId: MMSG-26655]
Registration.c(111): Resource "https://petstore.octoperf.com/images/sm_reptiles.gif" is in the cache already and will not be downloaded again  	[MsgId: MMSG-26655]
Registration.c(111): Resource "https://petstore.octoperf.com/images/sm_cats.gif" is in the cache already and will not be downloaded again  	[MsgId: MMSG-26655]
Registration.c(111): Resource "https://petstore.octoperf.com/images/sm_birds.gif" is in the cache already and will not be downloaded again  	[MsgId: MMSG-26655]
Registration.c(111): Resource "https://petstore.octoperf.com/images/fish_icon.gif" is in the cache already and will not be downloaded again  	[MsgId: MMSG-26655]
Registration.c(111): Resource "https://petstore.octoperf.com/images/dogs_icon.gif" is in the cache already and will not be downloaded again  	[MsgId: MMSG-26655]
Registration.c(111): Resource "https://petstore.octoperf.com/images/cats_icon.gif" is in the cache already and will not be downloaded again  	[MsgId: MMSG-26655]
Registration.c(111): Resource "https://petstore.octoperf.com/images/reptiles_icon.gif" is in the cache already and will not be downloaded again  	[MsgId: MMSG-26655]
Registration.c(111): Resource "https://petstore.octoperf.com/images/birds_icon.gif" is in the cache already and will not be downloaded again  	[MsgId: MMSG-26655]
Registration.c(111): Resource "https://petstore.octoperf.com/images/splash.gif" is in the cache already and will not be downloaded again  	[MsgId: MMSG-26655]
Registration.c(111): Registered web_reg_find successful for "Text=Elevate you load-testing" (count=1)  	[MsgId: MMSG-26364]
Registration.c(111): web_submit_form("Account.action") was successful, 4736 body bytes, 443 header bytes  	[MsgId: MMSG-26386]
Registration.c(133): Notify: Transaction "PetStore_SubmitRegistration_T04" ended with a "Pass" status (Duration: 0.3753 Wasted Time: 0.0000).	[MsgId: MMSG-16871]
Registration.c(135): lr_think_time: 3.30 seconds (recorded think time was 5.00 seconds).	[MsgId: MMSG-15947]
AddToCard.c(67): Notify: Transaction "PetStore_SelectItemId_T03" started.	[MsgId: MMSG-16999]
AddToCard.c(71): Notify: Parameter Substitution: parameter "itemId_count" =  "1"	[MsgId: MMSG-13992]
AddToCard.c(72): Notify: Parameter Substitution: parameter "itemId_1" =  "EST-8"	[MsgId: MMSG-13992]
AddToCard.c(74): Notify: Saving Parameter "RanditemId = EST-8".	[MsgId: MMSG-13798]
AddToCard.c(75): Notify: Parameter Substitution: parameter "RanditemId" =  "EST-8"	[MsgId: MMSG-13992]
AddToCard.c(75): Random category selected in Action2 = EST-8	[MsgId: MMSG-17999]
AddToCard.c(77): web_reg_find started  	[MsgId: MMSG-26355]
AddToCard.c(77): Notify: Parameter Substitution: parameter "RanditemId" =  "EST-8"	[MsgId: MMSG-13992]
AddToCard.c(77): Registering web_reg_find was successful  	[MsgId: MMSG-26390]
AddToCard.c(79): web_link("{RanditemId}") started  	[MsgId: MMSG-26355]
AddToCard.c(79): Notify: Parameter Substitution: parameter "RanditemId" =  "EST-8"	[MsgId: MMSG-13992]
AddToCard.c(79): Linking to "https://petstore.octoperf.com/actions/Catalog.action?viewItem=&itemId=EST-8", Target Frame=""  	[MsgId: MMSG-27994]
Registration.c(137): Notify: Transaction "PetStore_SignOut_T05" started.	[MsgId: MMSG-16999]
Registration.c(139): web_reg_find started  	[MsgId: MMSG-26355]
Registration.c(139): Registering web_reg_find was successful  	[MsgId: MMSG-26390]
Registration.c(142): web_url("Account.action_2") started  	[MsgId: MMSG-26355]
AddToCard.c(79): Resource "https://petstore.octoperf.com/css/jpetstore.css" is in the cache already and will not be downloaded again  	[MsgId: MMSG-26655]
AddToCard.c(79): Resource "https://petstore.octoperf.com/images/logo-topbar.svg" is in the cache already and will not be downloaded again  	[MsgId: MMSG-26655]
AddToCard.c(79): Resource "https://petstore.octoperf.com/images/cart.gif" is in the cache already and will not be downloaded again  	[MsgId: MMSG-26655]
AddToCard.c(79): Resource "https://petstore.octoperf.com/images/separator.gif" is in the cache already and will not be downloaded again  	[MsgId: MMSG-26655]
AddToCard.c(79): Resource "https://petstore.octoperf.com/images/sm_fish.gif" is in the cache already and will not be downloaded again  	[MsgId: MMSG-26655]
AddToCard.c(79): Resource "https://petstore.octoperf.com/images/sm_dogs.gif" is in the cache already and will not be downloaded again  	[MsgId: MMSG-26655]
AddToCard.c(79): Resource "https://petstore.octoperf.com/images/sm_reptiles.gif" is in the cache already and will not be downloaded again  	[MsgId: MMSG-26655]
AddToCard.c(79): Resource "https://petstore.octoperf.com/images/sm_cats.gif" is in the cache already and will not be downloaded again  	[MsgId: MMSG-26655]
AddToCard.c(79): Resource "https://petstore.octoperf.com/images/sm_birds.gif" is in the cache already and will not be downloaded again  	[MsgId: MMSG-26655]
AddToCard.c(79): Found resource "https://petstore.octoperf.com/images/dog6.gif" in HTML "https://petstore.octoperf.com/actions/Catalog.action?viewItem=&itemId=EST-8"  	[MsgId: MMSG-26659]
AddToCard.c(79): Resource "https://petstore.octoperf.com/images/banner_fish.gif" is in the cache already and will not be downloaded again  	[MsgId: MMSG-26655]
Registration.c(142): Redirecting "https://petstore.octoperf.com/actions/Account.action?signoff=" (redirection depth is 0)  	[MsgId: MMSG-26694]
Registration.c(142): To location "https://petstore.octoperf.com/actions/Catalog.action"  	[MsgId: MMSG-26693]
Registration.c(142): Resource "https://petstore.octoperf.com/css/jpetstore.css" is in the cache already and will not be downloaded again  	[MsgId: MMSG-26655]
Registration.c(142): Resource "https://petstore.octoperf.com/images/logo-topbar.svg" is in the cache already and will not be downloaded again  	[MsgId: MMSG-26655]
Registration.c(142): Resource "https://petstore.octoperf.com/images/cart.gif" is in the cache already and will not be downloaded again  	[MsgId: MMSG-26655]
Registration.c(142): Resource "https://petstore.octoperf.com/images/separator.gif" is in the cache already and will not be downloaded again  	[MsgId: MMSG-26655]
Registration.c(142): Resource "https://petstore.octoperf.com/images/sm_fish.gif" is in the cache already and will not be downloaded again  	[MsgId: MMSG-26655]
Registration.c(142): Resource "https://petstore.octoperf.com/images/sm_dogs.gif" is in the cache already and will not be downloaded again  	[MsgId: MMSG-26655]
Registration.c(142): Resource "https://petstore.octoperf.com/images/sm_reptiles.gif" is in the cache already and will not be downloaded again  	[MsgId: MMSG-26655]
Registration.c(142): Resource "https://petstore.octoperf.com/images/sm_cats.gif" is in the cache already and will not be downloaded again  	[MsgId: MMSG-26655]
Registration.c(142): Resource "https://petstore.octoperf.com/images/sm_birds.gif" is in the cache already and will not be downloaded again  	[MsgId: MMSG-26655]
Registration.c(142): Resource "https://petstore.octoperf.com/images/fish_icon.gif" is in the cache already and will not be downloaded again  	[MsgId: MMSG-26655]
Registration.c(142): Resource "https://petstore.octoperf.com/images/dogs_icon.gif" is in the cache already and will not be downloaded again  	[MsgId: MMSG-26655]
Registration.c(142): Resource "https://petstore.octoperf.com/images/cats_icon.gif" is in the cache already and will not be downloaded again  	[MsgId: MMSG-26655]
Registration.c(142): Resource "https://petstore.octoperf.com/images/reptiles_icon.gif" is in the cache already and will not be downloaded again  	[MsgId: MMSG-26655]
Registration.c(142): Resource "https://petstore.octoperf.com/images/birds_icon.gif" is in the cache already and will not be downloaded again  	[MsgId: MMSG-26655]
Registration.c(142): Resource "https://petstore.octoperf.com/images/splash.gif" is in the cache already and will not be downloaded again  	[MsgId: MMSG-26655]
Registration.c(142): Registered web_reg_find successful for "Text=Sign In" (count=1)  	[MsgId: MMSG-26364]
Registration.c(142): web_url("Account.action_2") was successful, 4736 body bytes, 518 header bytes  	[MsgId: MMSG-26386]
Registration.c(151): Notify: Transaction "PetStore_SignOut_T05" ended with a "Pass" status (Duration: 0.2509 Wasted Time: 0.0000).	[MsgId: MMSG-16871]
Login.c(4): Notify: Transaction "PetStore_ClickOnSignIn_T01" started.	[MsgId: MMSG-16999]
Login.c(6): web_reg_find started  	[MsgId: MMSG-26355]
Login.c(6): Registering web_reg_find was successful  	[MsgId: MMSG-26390]
Login.c(9): web_link("Sign In") started  	[MsgId: MMSG-26355]
Login.c(9): Linking to "https://petstore.octoperf.com/actions/Account.action?signonForm=", Target Frame=""  	[MsgId: MMSG-27994]
AddToCard.c(79): Registered web_reg_find successful for "Text=EST-8" (count=2)  	[MsgId: MMSG-26364]
AddToCard.c(79): web_link("{RanditemId}") was successful, 16438 body bytes, 511 header bytes  	[MsgId: MMSG-26386]
AddToCard.c(84): Notify: Transaction "PetStore_SelectItemId_T03" ended with a "Pass" status (Duration: 0.3786 Wasted Time: 0.0001).	[MsgId: MMSG-16871]
AddToCard.c(86): lr_think_time: 3.65 seconds (recorded think time was 5.00 seconds).	[MsgId: MMSG-15947]
Login.c(9): Resource "https://petstore.octoperf.com/css/jpetstore.css" is in the cache already and will not be downloaded again  	[MsgId: MMSG-26655]
Login.c(9): Resource "https://petstore.octoperf.com/images/logo-topbar.svg" is in the cache already and will not be downloaded again  	[MsgId: MMSG-26655]
Login.c(9): Resource "https://petstore.octoperf.com/images/cart.gif" is in the cache already and will not be downloaded again  	[MsgId: MMSG-26655]
Login.c(9): Resource "https://petstore.octoperf.com/images/separator.gif" is in the cache already and will not be downloaded again  	[MsgId: MMSG-26655]
Login.c(9): Resource "https://petstore.octoperf.com/images/sm_fish.gif" is in the cache already and will not be downloaded again  	[MsgId: MMSG-26655]
Login.c(9): Resource "https://petstore.octoperf.com/images/sm_dogs.gif" is in the cache already and will not be downloaded again  	[MsgId: MMSG-26655]
Login.c(9): Resource "https://petstore.octoperf.com/images/sm_reptiles.gif" is in the cache already and will not be downloaded again  	[MsgId: MMSG-26655]
Login.c(9): Resource "https://petstore.octoperf.com/images/sm_cats.gif" is in the cache already and will not be downloaded again  	[MsgId: MMSG-26655]
Login.c(9): Resource "https://petstore.octoperf.com/images/sm_birds.gif" is in the cache already and will not be downloaded again  	[MsgId: MMSG-26655]
Login.c(9): Registered web_reg_find successful for "Text=Please enter your username and password" (count=1)  	[MsgId: MMSG-26364]
Login.c(9): web_link("Sign In") was successful, 3860 body bytes, 225 header bytes  	[MsgId: MMSG-26386]
Login.c(13): Notify: Transaction "PetStore_ClickOnSignIn_T01" ended with a "Pass" status (Duration: 0.1282 Wasted Time: 0.0000).	[MsgId: MMSG-16871]
Login.c(15): lr_think_time: 2.83 seconds (recorded think time was 5.00 seconds).	[MsgId: MMSG-15947]
AddToCard.c(40): Notify: Transaction "PetStore_SelectProductId_T02" started.	[MsgId: MMSG-16999]
AddToCard.c(43): Notify: Parameter Substitution: parameter "productId_count" =  "2"	[MsgId: MMSG-13992]
AddToCard.c(44): Notify: Parameter Substitution: parameter "productId_1" =  "FL-DSH-01"	[MsgId: MMSG-13992]
AddToCard.c(46): Notify: Saving Parameter "RandproductId = FL-DSH-01".	[MsgId: MMSG-13798]
AddToCard.c(47): Notify: Parameter Substitution: parameter "RandproductId" =  "FL-DSH-01"	[MsgId: MMSG-13992]
AddToCard.c(47): Random category selected in Action2 = FL-DSH-01	[MsgId: MMSG-17999]
AddToCard.c(49): web_reg_find started  	[MsgId: MMSG-26355]
AddToCard.c(49): Notify: Parameter Substitution: parameter "RandproductId" =  "FL-DSH-01"	[MsgId: MMSG-13992]
AddToCard.c(49): Registering web_reg_find was successful  	[MsgId: MMSG-26390]
AddToCard.c(51): web_reg_save_param_regexp started  	[MsgId: MMSG-26355]
AddToCard.c(51): Registering web_reg_save_param_regexp was successful  	[MsgId: MMSG-26390]
AddToCard.c(58): web_link("{RandproductId}") started  	[MsgId: MMSG-26355]
AddToCard.c(58): Notify: Parameter Substitution: parameter "RandproductId" =  "FL-DSH-01"	[MsgId: MMSG-13992]
AddToCard.c(58): Linking to "https://petstore.octoperf.com/actions/Catalog.action?viewProduct=&productId=FL-DSH-01", Target Frame=""  	[MsgId: MMSG-27994]
AddToCard.c(58): Resource "https://petstore.octoperf.com/css/jpetstore.css" is in the cache already and will not be downloaded again  	[MsgId: MMSG-26655]
AddToCard.c(58): Resource "https://petstore.octoperf.com/images/logo-topbar.svg" is in the cache already and will not be downloaded again  	[MsgId: MMSG-26655]
AddToCard.c(58): Resource "https://petstore.octoperf.com/images/cart.gif" is in the cache already and will not be downloaded again  	[MsgId: MMSG-26655]
AddToCard.c(58): Resource "https://petstore.octoperf.com/images/separator.gif" is in the cache already and will not be downloaded again  	[MsgId: MMSG-26655]
AddToCard.c(58): Resource "https://petstore.octoperf.com/images/sm_fish.gif" is in the cache already and will not be downloaded again  	[MsgId: MMSG-26655]
AddToCard.c(58): Resource "https://petstore.octoperf.com/images/sm_dogs.gif" is in the cache already and will not be downloaded again  	[MsgId: MMSG-26655]
AddToCard.c(58): Resource "https://petstore.octoperf.com/images/sm_reptiles.gif" is in the cache already and will not be downloaded again  	[MsgId: MMSG-26655]
AddToCard.c(58): Resource "https://petstore.octoperf.com/images/sm_cats.gif" is in the cache already and will not be downloaded again  	[MsgId: MMSG-26655]
AddToCard.c(58): Resource "https://petstore.octoperf.com/images/sm_birds.gif" is in the cache already and will not be downloaded again  	[MsgId: MMSG-26655]
AddToCard.c(58): Resource "https://petstore.octoperf.com/images/banner_fish.gif" is in the cache already and will not be downloaded again  	[MsgId: MMSG-26655]
AddToCard.c(58): Notify: Saving Parameter "itemId_1 = EST-14".	[MsgId: MMSG-13798]
AddToCard.c(58): Notify: Saving Parameter "itemId_2 = EST-15".	[MsgId: MMSG-13798]
AddToCard.c(58): Notify: Saving Parameter "itemId_count = 2".	[MsgId: MMSG-13798]
AddToCard.c(58): Registered web_reg_find successful for "Text=FL-DSH-01" (count=2)  	[MsgId: MMSG-26364]
AddToCard.c(58): web_link("{RandproductId}") was successful, 4063 body bytes, 225 header bytes  	[MsgId: MMSG-26386]
AddToCard.c(63): Notify: Transaction "PetStore_SelectProductId_T02" ended with a "Pass" status (Duration: 0.1294 Wasted Time: 0.0002).	[MsgId: MMSG-16871]
AddToCard.c(65): lr_think_time: 3.97 seconds (recorded think time was 5.00 seconds).	[MsgId: MMSG-15947]
AddToCard.c(40): Notify: Transaction "PetStore_SelectProductId_T02" started.	[MsgId: MMSG-16999]
AddToCard.c(43): Notify: Parameter Substitution: parameter "productId_count" =  "2"	[MsgId: MMSG-13992]
AddToCard.c(44): Notify: Parameter Substitution: parameter "productId_1" =  "AV-CB-01"	[MsgId: MMSG-13992]
AddToCard.c(46): Notify: Saving Parameter "RandproductId = AV-CB-01".	[MsgId: MMSG-13798]
AddToCard.c(47): Notify: Parameter Substitution: parameter "RandproductId" =  "AV-CB-01"	[MsgId: MMSG-13992]
AddToCard.c(47): Random category selected in Action2 = AV-CB-01	[MsgId: MMSG-17999]
AddToCard.c(49): web_reg_find started  	[MsgId: MMSG-26355]
AddToCard.c(49): Notify: Parameter Substitution: parameter "RandproductId" =  "AV-CB-01"	[MsgId: MMSG-13992]
AddToCard.c(49): Registering web_reg_find was successful  	[MsgId: MMSG-26390]
AddToCard.c(51): web_reg_save_param_regexp started  	[MsgId: MMSG-26355]
AddToCard.c(51): Registering web_reg_save_param_regexp was successful  	[MsgId: MMSG-26390]
AddToCard.c(58): web_link("{RandproductId}") started  	[MsgId: MMSG-26355]
AddToCard.c(58): Notify: Parameter Substitution: parameter "RandproductId" =  "AV-CB-01"	[MsgId: MMSG-13992]
AddToCard.c(58): Linking to "https://petstore.octoperf.com/actions/Catalog.action?viewProduct=&productId=AV-CB-01", Target Frame=""  	[MsgId: MMSG-27994]
AddToCard.c(58): Resource "https://petstore.octoperf.com/css/jpetstore.css" is in the cache already and will not be downloaded again  	[MsgId: MMSG-26655]
AddToCard.c(58): Resource "https://petstore.octoperf.com/images/logo-topbar.svg" is in the cache already and will not be downloaded again  	[MsgId: MMSG-26655]
AddToCard.c(58): Resource "https://petstore.octoperf.com/images/cart.gif" is in the cache already and will not be downloaded again  	[MsgId: MMSG-26655]
AddToCard.c(58): Resource "https://petstore.octoperf.com/images/separator.gif" is in the cache already and will not be downloaded again  	[MsgId: MMSG-26655]
AddToCard.c(58): Resource "https://petstore.octoperf.com/images/sm_fish.gif" is in the cache already and will not be downloaded again  	[MsgId: MMSG-26655]
AddToCard.c(58): Resource "https://petstore.octoperf.com/images/sm_dogs.gif" is in the cache already and will not be downloaded again  	[MsgId: MMSG-26655]
AddToCard.c(58): Resource "https://petstore.octoperf.com/images/sm_reptiles.gif" is in the cache already and will not be downloaded again  	[MsgId: MMSG-26655]
AddToCard.c(58): Resource "https://petstore.octoperf.com/images/sm_cats.gif" is in the cache already and will not be downloaded again  	[MsgId: MMSG-26655]
AddToCard.c(58): Resource "https://petstore.octoperf.com/images/sm_birds.gif" is in the cache already and will not be downloaded again  	[MsgId: MMSG-26655]
AddToCard.c(58): Resource "https://petstore.octoperf.com/images/banner_fish.gif" is in the cache already and will not be downloaded again  	[MsgId: MMSG-26655]
AddToCard.c(58): Notify: Saving Parameter "itemId_1 = EST-18".	[MsgId: MMSG-13798]
AddToCard.c(58): Notify: Saving Parameter "itemId_count = 1".	[MsgId: MMSG-13798]
AddToCard.c(58): Registered web_reg_find successful for "Text=AV-CB-01" (count=1)  	[MsgId: MMSG-26364]
AddToCard.c(58): web_link("{RandproductId}") was successful, 3795 body bytes, 225 header bytes  	[MsgId: MMSG-26386]
AddToCard.c(63): Notify: Transaction "PetStore_SelectProductId_T02" ended with a "Pass" status (Duration: 0.1317 Wasted Time: 0.0010).	[MsgId: MMSG-16871]
AddToCard.c(65): lr_think_time: 4.83 seconds (recorded think time was 5.00 seconds).	[MsgId: MMSG-15947]
Registration.c(137): Notify: Transaction "PetStore_SignOut_T05" started.	[MsgId: MMSG-16999]
Registration.c(139): web_reg_find started  	[MsgId: MMSG-26355]
Registration.c(139): Registering web_reg_find was successful  	[MsgId: MMSG-26390]
Registration.c(142): web_url("Account.action_2") started  	[MsgId: MMSG-26355]
Registration.c(142): Redirecting "https://petstore.octoperf.com/actions/Account.action?signoff=" (redirection depth is 0)  	[MsgId: MMSG-26694]
Registration.c(142): To location "https://petstore.octoperf.com/actions/Catalog.action"  	[MsgId: MMSG-26693]
Registration.c(142): Resource "https://petstore.octoperf.com/css/jpetstore.css" is in the cache already and will not be downloaded again  	[MsgId: MMSG-26655]
Registration.c(142): Resource "https://petstore.octoperf.com/images/logo-topbar.svg" is in the cache already and will not be downloaded again  	[MsgId: MMSG-26655]
Registration.c(142): Resource "https://petstore.octoperf.com/images/cart.gif" is in the cache already and will not be downloaded again  	[MsgId: MMSG-26655]
Registration.c(142): Resource "https://petstore.octoperf.com/images/separator.gif" is in the cache already and will not be downloaded again  	[MsgId: MMSG-26655]
Registration.c(142): Resource "https://petstore.octoperf.com/images/sm_fish.gif" is in the cache already and will not be downloaded again  	[MsgId: MMSG-26655]
Registration.c(142): Resource "https://petstore.octoperf.com/images/sm_dogs.gif" is in the cache already and will not be downloaded again  	[MsgId: MMSG-26655]
Registration.c(142): Resource "https://petstore.octoperf.com/images/sm_reptiles.gif" is in the cache already and will not be downloaded again  	[MsgId: MMSG-26655]
Registration.c(142): Resource "https://petstore.octoperf.com/images/sm_cats.gif" is in the cache already and will not be downloaded again  	[MsgId: MMSG-26655]
Registration.c(142): Resource "https://petstore.octoperf.com/images/sm_birds.gif" is in the cache already and will not be downloaded again  	[MsgId: MMSG-26655]
Registration.c(142): Resource "https://petstore.octoperf.com/images/fish_icon.gif" is in the cache already and will not be downloaded again  	[MsgId: MMSG-26655]
Registration.c(142): Resource "https://petstore.octoperf.com/images/dogs_icon.gif" is in the cache already and will not be downloaded again  	[MsgId: MMSG-26655]
Registration.c(142): Resource "https://petstore.octoperf.com/images/cats_icon.gif" is in the cache already and will not be downloaded again  	[MsgId: MMSG-26655]
Registration.c(142): Resource "https://petstore.octoperf.com/images/reptiles_icon.gif" is in the cache already and will not be downloaded again  	[MsgId: MMSG-26655]
Registration.c(142): Resource "https://petstore.octoperf.com/images/birds_icon.gif" is in the cache already and will not be downloaded again  	[MsgId: MMSG-26655]
Registration.c(142): Resource "https://petstore.octoperf.com/images/splash.gif" is in the cache already and will not be downloaded again  	[MsgId: MMSG-26655]
Registration.c(142): Registered web_reg_find successful for "Text=Sign In" (count=1)  	[MsgId: MMSG-26364]
Registration.c(142): web_url("Account.action_2") was successful, 4736 body bytes, 518 header bytes  	[MsgId: MMSG-26386]
Registration.c(151): Notify: Transaction "PetStore_SignOut_T05" ended with a "Pass" status (Duration: 0.2494 Wasted Time: 0.0000).	[MsgId: MMSG-16871]
Login.c(4): Notify: Transaction "PetStore_ClickOnSignIn_T01" started.	[MsgId: MMSG-16999]
Login.c(6): web_reg_find started  	[MsgId: MMSG-26355]
Login.c(6): Registering web_reg_find was successful  	[MsgId: MMSG-26390]
Login.c(9): web_link("Sign In") started  	[MsgId: MMSG-26355]
Login.c(9): Linking to "https://petstore.octoperf.com/actions/Account.action?signonForm=", Target Frame=""  	[MsgId: MMSG-27994]
AddToCard.c(88): Notify: Transaction "PetStore_AddToCard_T04" started.	[MsgId: MMSG-16999]
AddToCard.c(90): web_reg_find started  	[MsgId: MMSG-26355]
AddToCard.c(90): Registering web_reg_find was successful  	[MsgId: MMSG-26390]
AddToCard.c(94): web_link("Add to Cart") started  	[MsgId: MMSG-26355]
AddToCard.c(94): Linking to "https://petstore.octoperf.com/actions/Cart.action?addItemToCart=&workingItemId=EST-16", Target Frame=""  	[MsgId: MMSG-27994]
Login.c(9): Resource "https://petstore.octoperf.com/css/jpetstore.css" is in the cache already and will not be downloaded again  	[MsgId: MMSG-26655]
Login.c(9): Resource "https://petstore.octoperf.com/images/logo-topbar.svg" is in the cache already and will not be downloaded again  	[MsgId: MMSG-26655]
Login.c(9): Resource "https://petstore.octoperf.com/images/cart.gif" is in the cache already and will not be downloaded again  	[MsgId: MMSG-26655]
Login.c(9): Resource "https://petstore.octoperf.com/images/separator.gif" is in the cache already and will not be downloaded again  	[MsgId: MMSG-26655]
Login.c(9): Resource "https://petstore.octoperf.com/images/sm_fish.gif" is in the cache already and will not be downloaded again  	[MsgId: MMSG-26655]
Login.c(9): Resource "https://petstore.octoperf.com/images/sm_dogs.gif" is in the cache already and will not be downloaded again  	[MsgId: MMSG-26655]
Login.c(9): Resource "https://petstore.octoperf.com/images/sm_reptiles.gif" is in the cache already and will not be downloaded again  	[MsgId: MMSG-26655]
Login.c(9): Resource "https://petstore.octoperf.com/images/sm_cats.gif" is in the cache already and will not be downloaded again  	[MsgId: MMSG-26655]
Login.c(9): Resource "https://petstore.octoperf.com/images/sm_birds.gif" is in the cache already and will not be downloaded again  	[MsgId: MMSG-26655]
Login.c(9): Registered web_reg_find successful for "Text=Please enter your username and password" (count=1)  	[MsgId: MMSG-26364]
Login.c(9): web_link("Sign In") was successful, 3856 body bytes, 225 header bytes  	[MsgId: MMSG-26386]
Login.c(13): Notify: Transaction "PetStore_ClickOnSignIn_T01" ended with a "Pass" status (Duration: 0.1252 Wasted Time: 0.0000).	[MsgId: MMSG-16871]
Login.c(15): lr_think_time: 3.65 seconds (recorded think time was 5.00 seconds).	[MsgId: MMSG-15947]
AddToCard.c(94): Resource "https://petstore.octoperf.com/css/jpetstore.css" is in the cache already and will not be downloaded again  	[MsgId: MMSG-26655]
AddToCard.c(94): Resource "https://petstore.octoperf.com/images/logo-topbar.svg" is in the cache already and will not be downloaded again  	[MsgId: MMSG-26655]
AddToCard.c(94): Resource "https://petstore.octoperf.com/images/cart.gif" is in the cache already and will not be downloaded again  	[MsgId: MMSG-26655]
AddToCard.c(94): Resource "https://petstore.octoperf.com/images/separator.gif" is in the cache already and will not be downloaded again  	[MsgId: MMSG-26655]
AddToCard.c(94): Resource "https://petstore.octoperf.com/images/sm_fish.gif" is in the cache already and will not be downloaded again  	[MsgId: MMSG-26655]
AddToCard.c(94): Resource "https://petstore.octoperf.com/images/sm_dogs.gif" is in the cache already and will not be downloaded again  	[MsgId: MMSG-26655]
AddToCard.c(94): Resource "https://petstore.octoperf.com/images/sm_reptiles.gif" is in the cache already and will not be downloaded again  	[MsgId: MMSG-26655]
AddToCard.c(94): Resource "https://petstore.octoperf.com/images/sm_cats.gif" is in the cache already and will not be downloaded again  	[MsgId: MMSG-26655]
AddToCard.c(94): Resource "https://petstore.octoperf.com/images/sm_birds.gif" is in the cache already and will not be downloaded again  	[MsgId: MMSG-26655]
AddToCard.c(94): Resource "https://petstore.octoperf.com/images/banner_fish.gif" is in the cache already and will not be downloaded again  	[MsgId: MMSG-26655]
AddToCard.c(94): Registered web_reg_find successful for "Text=Shopping Cart" (count=1)  	[MsgId: MMSG-26364]
AddToCard.c(94): web_link("Add to Cart") was successful, 4637 body bytes, 225 header bytes  	[MsgId: MMSG-26386]
AddToCard.c(99): Notify: Transaction "PetStore_AddToCard_T04" ended with a "Pass" status (Duration: 0.1308 Wasted Time: 0.0000).	[MsgId: MMSG-16871]
RemoveTheProduct.c(7): Notify: Transaction "PetStore_ClickOnViewCartR_T01" started.	[MsgId: MMSG-16999]
RemoveTheProduct.c(8): web_reg_find started  	[MsgId: MMSG-26355]
RemoveTheProduct.c(8): Registering web_reg_find was successful  	[MsgId: MMSG-26390]
RemoveTheProduct.c(10): web_image("cart.gif") started  	[MsgId: MMSG-26355]
RemoveTheProduct.c(10): Image-linking to "https://petstore.octoperf.com/actions/Cart.action?viewCart=", Target Frame=""  	[MsgId: MMSG-27993]
Login.c(17): Notify: Transaction "PetStore_Login_T01" started.	[MsgId: MMSG-16999]
Login.c(18): web_reg_find started  	[MsgId: MMSG-26355]
Login.c(18): Registering web_reg_find was successful  	[MsgId: MMSG-26390]
Login.c(20): web_reg_save_param_regexp started  	[MsgId: MMSG-26355]
Login.c(20): Registering web_reg_save_param_regexp was successful  	[MsgId: MMSG-26390]
Login.c(26): web_submit_form("Account.action") started  	[MsgId: MMSG-26355]
Login.c(26): Notify: Parameter Substitution: parameter "randomUsername" =  "LZGR"	[MsgId: MMSG-13992]
Login.c(26): Notify: Parameter Substitution: parameter "randompass" =  "emug"	[MsgId: MMSG-13992]
Login.c(26): Submitting form to "https://petstore.octoperf.com/actions/Account.action", Target Frame=""  	[MsgId: MMSG-27978]
RemoveTheProduct.c(10): Resource "https://petstore.octoperf.com/css/jpetstore.css" is in the cache already and will not be downloaded again  	[MsgId: MMSG-26655]
RemoveTheProduct.c(10): Resource "https://petstore.octoperf.com/images/logo-topbar.svg" is in the cache already and will not be downloaded again  	[MsgId: MMSG-26655]
RemoveTheProduct.c(10): Resource "https://petstore.octoperf.com/images/cart.gif" is in the cache already and will not be downloaded again  	[MsgId: MMSG-26655]
RemoveTheProduct.c(10): Resource "https://petstore.octoperf.com/images/separator.gif" is in the cache already and will not be downloaded again  	[MsgId: MMSG-26655]
RemoveTheProduct.c(10): Resource "https://petstore.octoperf.com/images/sm_fish.gif" is in the cache already and will not be downloaded again  	[MsgId: MMSG-26655]
RemoveTheProduct.c(10): Resource "https://petstore.octoperf.com/images/sm_dogs.gif" is in the cache already and will not be downloaded again  	[MsgId: MMSG-26655]
RemoveTheProduct.c(10): Resource "https://petstore.octoperf.com/images/sm_reptiles.gif" is in the cache already and will not be downloaded again  	[MsgId: MMSG-26655]
RemoveTheProduct.c(10): Resource "https://petstore.octoperf.com/images/sm_cats.gif" is in the cache already and will not be downloaded again  	[MsgId: MMSG-26655]
RemoveTheProduct.c(10): Resource "https://petstore.octoperf.com/images/sm_birds.gif" is in the cache already and will not be downloaded again  	[MsgId: MMSG-26655]
RemoveTheProduct.c(10): Resource "https://petstore.octoperf.com/images/banner_fish.gif" is in the cache already and will not be downloaded again  	[MsgId: MMSG-26655]
RemoveTheProduct.c(10): Registered web_reg_find successful for "Text=Shopping Cart" (count=1)  	[MsgId: MMSG-26364]
RemoveTheProduct.c(10): web_image("cart.gif") was successful, 4637 body bytes, 225 header bytes  	[MsgId: MMSG-26386]
RemoveTheProduct.c(14): Notify: Transaction "PetStore_ClickOnViewCartR_T01" ended with a "Pass" status (Duration: 0.1301 Wasted Time: 0.0000).	[MsgId: MMSG-16871]
RemoveTheProduct.c(16): lr_think_time: 4.99 seconds (recorded think time was 5.00 seconds).	[MsgId: MMSG-15947]
Login.c(26): Redirecting "https://petstore.octoperf.com/actions/Account.action" (redirection depth is 0)  	[MsgId: MMSG-26694]
Login.c(26): To location "https://petstore.octoperf.com/actions/Catalog.action"  	[MsgId: MMSG-26693]
Login.c(26): Resource "https://petstore.octoperf.com/css/jpetstore.css" is in the cache already and will not be downloaded again  	[MsgId: MMSG-26655]
Login.c(26): Resource "https://petstore.octoperf.com/images/logo-topbar.svg" is in the cache already and will not be downloaded again  	[MsgId: MMSG-26655]
Login.c(26): Resource "https://petstore.octoperf.com/images/cart.gif" is in the cache already and will not be downloaded again  	[MsgId: MMSG-26655]
Login.c(26): Resource "https://petstore.octoperf.com/images/separator.gif" is in the cache already and will not be downloaded again  	[MsgId: MMSG-26655]
Login.c(26): Resource "https://petstore.octoperf.com/images/sm_fish.gif" is in the cache already and will not be downloaded again  	[MsgId: MMSG-26655]
Login.c(26): Resource "https://petstore.octoperf.com/images/sm_dogs.gif" is in the cache already and will not be downloaded again  	[MsgId: MMSG-26655]
Login.c(26): Resource "https://petstore.octoperf.com/images/sm_reptiles.gif" is in the cache already and will not be downloaded again  	[MsgId: MMSG-26655]
Login.c(26): Resource "https://petstore.octoperf.com/images/sm_cats.gif" is in the cache already and will not be downloaded again  	[MsgId: MMSG-26655]
Login.c(26): Resource "https://petstore.octoperf.com/images/sm_birds.gif" is in the cache already and will not be downloaded again  	[MsgId: MMSG-26655]
Login.c(26): Resource "https://petstore.octoperf.com/images/fish_icon.gif" is in the cache already and will not be downloaded again  	[MsgId: MMSG-26655]
Login.c(26): Resource "https://petstore.octoperf.com/images/dogs_icon.gif" is in the cache already and will not be downloaded again  	[MsgId: MMSG-26655]
Login.c(26): Resource "https://petstore.octoperf.com/images/cats_icon.gif" is in the cache already and will not be downloaded again  	[MsgId: MMSG-26655]
Login.c(26): Resource "https://petstore.octoperf.com/images/reptiles_icon.gif" is in the cache already and will not be downloaded again  	[MsgId: MMSG-26655]
Login.c(26): Resource "https://petstore.octoperf.com/images/birds_icon.gif" is in the cache already and will not be downloaded again  	[MsgId: MMSG-26655]
Login.c(26): Resource "https://petstore.octoperf.com/images/splash.gif" is in the cache already and will not be downloaded again  	[MsgId: MMSG-26655]
Login.c(26): Found resource "https://petstore.octoperf.com/images/banner_fish.gif" in HTML "https://petstore.octoperf.com/actions/Catalog.action"  	[MsgId: MMSG-26659]
Login.c(26): Notify: Saving Parameter "ProductName_1 = BIRDS".	[MsgId: MMSG-13798]
Login.c(26): Notify: Saving Parameter "ProductName_2 = FISH".	[MsgId: MMSG-13798]
Login.c(26): Notify: Saving Parameter "ProductName_3 = DOGS".	[MsgId: MMSG-13798]
Login.c(26): Notify: Saving Parameter "ProductName_4 = REPTILES".	[MsgId: MMSG-13798]
Login.c(26): Notify: Saving Parameter "ProductName_5 = CATS".	[MsgId: MMSG-13798]
Login.c(26): Notify: Saving Parameter "ProductName_6 = BIRDS".	[MsgId: MMSG-13798]
Login.c(26): Notify: Saving Parameter "ProductName_count = 6".	[MsgId: MMSG-13798]
Login.c(26): Registered web_reg_find successful for "Text=My Account" (count=1)  	[MsgId: MMSG-26364]
Login.c(26): web_submit_form("Account.action") was successful, 11416 body bytes, 727 header bytes  	[MsgId: MMSG-26386]
Login.c(34): Notify: Transaction "PetStore_Login_T01" ended with a "Pass" status (Duration: 0.5026 Wasted Time: 0.0003).	[MsgId: MMSG-16871]
Ending action Login.	[MsgId: MMSG-15918]
Starting action RemoveTheProduct.	[MsgId: MMSG-15919]
AddToCard.c(8): Notify: Transaction "PetStore_AddAproduct_T01" started.	[MsgId: MMSG-16999]
AddToCard.c(11): Notify: Parameter Substitution: parameter "ProductName_count" =  "6"	[MsgId: MMSG-13992]
AddToCard.c(12): Notify: Parameter Substitution: parameter "ProductName_5" =  "CATS"	[MsgId: MMSG-13992]
AddToCard.c(14): Notify: Saving Parameter "RandCategory = CATS".	[MsgId: MMSG-13798]
AddToCard.c(15): Notify: Parameter Substitution: parameter "RandCategory" =  "CATS"	[MsgId: MMSG-13992]
AddToCard.c(15): Random category selected in Action2 = CATS	[MsgId: MMSG-17999]
AddToCard.c(17): web_reg_find started  	[MsgId: MMSG-26355]
AddToCard.c(17): Notify: Parameter Substitution: parameter "RandCategory" =  "CATS"	[MsgId: MMSG-13992]
AddToCard.c(17): Registering web_reg_find was successful  	[MsgId: MMSG-26390]
AddToCard.c(20): web_reg_save_param_regexp started  	[MsgId: MMSG-26355]
AddToCard.c(20): Registering web_reg_save_param_regexp was successful  	[MsgId: MMSG-26390]
AddToCard.c(27): web_url("Catalog.action_2") started  	[MsgId: MMSG-26355]
AddToCard.c(27): Notify: Parameter Substitution: parameter "RandCategory" =  "CATS"	[MsgId: MMSG-13992]
AddToCard.c(88): Notify: Transaction "PetStore_AddToCard_T04" started.	[MsgId: MMSG-16999]
AddToCard.c(90): web_reg_find started  	[MsgId: MMSG-26355]
AddToCard.c(90): Registering web_reg_find was successful  	[MsgId: MMSG-26390]
AddToCard.c(94): web_link("Add to Cart") started  	[MsgId: MMSG-26355]
AddToCard.c(94): Linking to "https://petstore.octoperf.com/actions/Cart.action?addItemToCart=&workingItemId=EST-8", Target Frame=""  	[MsgId: MMSG-27994]
AddToCard.c(27): Resource "https://petstore.octoperf.com/css/jpetstore.css" is in the cache already and will not be downloaded again  	[MsgId: MMSG-26655]
AddToCard.c(27): Resource "https://petstore.octoperf.com/images/logo-topbar.svg" is in the cache already and will not be downloaded again  	[MsgId: MMSG-26655]
AddToCard.c(27): Resource "https://petstore.octoperf.com/images/cart.gif" is in the cache already and will not be downloaded again  	[MsgId: MMSG-26655]
AddToCard.c(27): Resource "https://petstore.octoperf.com/images/separator.gif" is in the cache already and will not be downloaded again  	[MsgId: MMSG-26655]
AddToCard.c(27): Resource "https://petstore.octoperf.com/images/sm_fish.gif" is in the cache already and will not be downloaded again  	[MsgId: MMSG-26655]
AddToCard.c(27): Resource "https://petstore.octoperf.com/images/sm_dogs.gif" is in the cache already and will not be downloaded again  	[MsgId: MMSG-26655]
AddToCard.c(27): Resource "https://petstore.octoperf.com/images/sm_reptiles.gif" is in the cache already and will not be downloaded again  	[MsgId: MMSG-26655]
AddToCard.c(27): Resource "https://petstore.octoperf.com/images/sm_cats.gif" is in the cache already and will not be downloaded again  	[MsgId: MMSG-26655]
AddToCard.c(27): Resource "https://petstore.octoperf.com/images/sm_birds.gif" is in the cache already and will not be downloaded again  	[MsgId: MMSG-26655]
AddToCard.c(27): Resource "https://petstore.octoperf.com/images/banner_fish.gif" is in the cache already and will not be downloaded again  	[MsgId: MMSG-26655]
AddToCard.c(27): Notify: Saving Parameter "productId_1 = FL-DSH-01".	[MsgId: MMSG-13798]
AddToCard.c(27): Notify: Saving Parameter "productId_2 = FL-DLH-02".	[MsgId: MMSG-13798]
AddToCard.c(27): Notify: Saving Parameter "productId_count = 2".	[MsgId: MMSG-13798]
AddToCard.c(27): Registered web_reg_find successful for "Text=CATS" (count=1)  	[MsgId: MMSG-26364]
AddToCard.c(27): web_url("Catalog.action_2") was successful, 3621 body bytes, 225 header bytes  	[MsgId: MMSG-26386]
AddToCard.c(36): Notify: Transaction "PetStore_AddAproduct_T01" ended with a "Pass" status (Duration: 0.2898 Wasted Time: 0.0002).	[MsgId: MMSG-16871]
AddToCard.c(38): lr_think_time: 4.97 seconds (recorded think time was 5.00 seconds).	[MsgId: MMSG-15947]
AddToCard.c(94): Resource "https://petstore.octoperf.com/css/jpetstore.css" is in the cache already and will not be downloaded again  	[MsgId: MMSG-26655]
AddToCard.c(94): Resource "https://petstore.octoperf.com/images/logo-topbar.svg" is in the cache already and will not be downloaded again  	[MsgId: MMSG-26655]
AddToCard.c(94): Resource "https://petstore.octoperf.com/images/cart.gif" is in the cache already and will not be downloaded again  	[MsgId: MMSG-26655]
AddToCard.c(94): Resource "https://petstore.octoperf.com/images/separator.gif" is in the cache already and will not be downloaded again  	[MsgId: MMSG-26655]
AddToCard.c(94): Resource "https://petstore.octoperf.com/images/sm_fish.gif" is in the cache already and will not be downloaded again  	[MsgId: MMSG-26655]
AddToCard.c(94): Resource "https://petstore.octoperf.com/images/sm_dogs.gif" is in the cache already and will not be downloaded again  	[MsgId: MMSG-26655]
AddToCard.c(94): Resource "https://petstore.octoperf.com/images/sm_reptiles.gif" is in the cache already and will not be downloaded again  	[MsgId: MMSG-26655]
AddToCard.c(94): Resource "https://petstore.octoperf.com/images/sm_cats.gif" is in the cache already and will not be downloaded again  	[MsgId: MMSG-26655]
AddToCard.c(94): Resource "https://petstore.octoperf.com/images/sm_birds.gif" is in the cache already and will not be downloaded again  	[MsgId: MMSG-26655]
AddToCard.c(94): Resource "https://petstore.octoperf.com/images/banner_fish.gif" is in the cache already and will not be downloaded again  	[MsgId: MMSG-26655]
AddToCard.c(94): Registered web_reg_find successful for "Text=Shopping Cart" (count=1)  	[MsgId: MMSG-26364]
AddToCard.c(94): web_link("Add to Cart") was successful, 4629 body bytes, 225 header bytes  	[MsgId: MMSG-26386]
AddToCard.c(99): Notify: Transaction "PetStore_AddToCard_T04" ended with a "Pass" status (Duration: 0.1516 Wasted Time: 0.0000).	[MsgId: MMSG-16871]
RemoveTheProduct.c(7): Notify: Transaction "PetStore_ClickOnViewCartR_T01" started.	[MsgId: MMSG-16999]
RemoveTheProduct.c(8): web_reg_find started  	[MsgId: MMSG-26355]
RemoveTheProduct.c(8): Registering web_reg_find was successful  	[MsgId: MMSG-26390]
RemoveTheProduct.c(10): web_image("cart.gif") started  	[MsgId: MMSG-26355]
RemoveTheProduct.c(10): Image-linking to "https://petstore.octoperf.com/actions/Cart.action?viewCart=", Target Frame=""  	[MsgId: MMSG-27993]
RemoveTheProduct.c(10): Resource "https://petstore.octoperf.com/css/jpetstore.css" is in the cache already and will not be downloaded again  	[MsgId: MMSG-26655]
RemoveTheProduct.c(10): Resource "https://petstore.octoperf.com/images/logo-topbar.svg" is in the cache already and will not be downloaded again  	[MsgId: MMSG-26655]
RemoveTheProduct.c(10): Resource "https://petstore.octoperf.com/images/cart.gif" is in the cache already and will not be downloaded again  	[MsgId: MMSG-26655]
RemoveTheProduct.c(10): Resource "https://petstore.octoperf.com/images/separator.gif" is in the cache already and will not be downloaded again  	[MsgId: MMSG-26655]
RemoveTheProduct.c(10): Resource "https://petstore.octoperf.com/images/sm_fish.gif" is in the cache already and will not be downloaded again  	[MsgId: MMSG-26655]
RemoveTheProduct.c(10): Resource "https://petstore.octoperf.com/images/sm_dogs.gif" is in the cache already and will not be downloaded again  	[MsgId: MMSG-26655]
RemoveTheProduct.c(10): Resource "https://petstore.octoperf.com/images/sm_reptiles.gif" is in the cache already and will not be downloaded again  	[MsgId: MMSG-26655]
RemoveTheProduct.c(10): Resource "https://petstore.octoperf.com/images/sm_cats.gif" is in the cache already and will not be downloaded again  	[MsgId: MMSG-26655]
RemoveTheProduct.c(10): Resource "https://petstore.octoperf.com/images/sm_birds.gif" is in the cache already and will not be downloaded again  	[MsgId: MMSG-26655]
RemoveTheProduct.c(10): Resource "https://petstore.octoperf.com/images/banner_fish.gif" is in the cache already and will not be downloaded again  	[MsgId: MMSG-26655]
RemoveTheProduct.c(10): Registered web_reg_find successful for "Text=Shopping Cart" (count=1)  	[MsgId: MMSG-26364]
RemoveTheProduct.c(10): web_image("cart.gif") was successful, 4629 body bytes, 225 header bytes  	[MsgId: MMSG-26386]
RemoveTheProduct.c(14): Notify: Transaction "PetStore_ClickOnViewCartR_T01" ended with a "Pass" status (Duration: 0.2429 Wasted Time: 0.0000).	[MsgId: MMSG-16871]
RemoveTheProduct.c(16): lr_think_time: 3.35 seconds (recorded think time was 5.00 seconds).	[MsgId: MMSG-15947]
AddToCard.c(67): Notify: Transaction "PetStore_SelectItemId_T03" started.	[MsgId: MMSG-16999]
AddToCard.c(71): Notify: Parameter Substitution: parameter "itemId_count" =  "2"	[MsgId: MMSG-13992]
AddToCard.c(72): Notify: Parameter Substitution: parameter "itemId_1" =  "EST-14"	[MsgId: MMSG-13992]
AddToCard.c(74): Notify: Saving Parameter "RanditemId = EST-14".	[MsgId: MMSG-13798]
AddToCard.c(75): Notify: Parameter Substitution: parameter "RanditemId" =  "EST-14"	[MsgId: MMSG-13992]
AddToCard.c(75): Random category selected in Action2 = EST-14	[MsgId: MMSG-17999]
AddToCard.c(77): web_reg_find started  	[MsgId: MMSG-26355]
AddToCard.c(77): Notify: Parameter Substitution: parameter "RanditemId" =  "EST-14"	[MsgId: MMSG-13992]
AddToCard.c(77): Registering web_reg_find was successful  	[MsgId: MMSG-26390]
AddToCard.c(79): web_link("{RanditemId}") started  	[MsgId: MMSG-26355]
AddToCard.c(79): Notify: Parameter Substitution: parameter "RanditemId" =  "EST-14"	[MsgId: MMSG-13992]
AddToCard.c(79): Linking to "https://petstore.octoperf.com/actions/Catalog.action?viewItem=&itemId=EST-14", Target Frame=""  	[MsgId: MMSG-27994]
AddToCard.c(79): Resource "https://petstore.octoperf.com/css/jpetstore.css" is in the cache already and will not be downloaded again  	[MsgId: MMSG-26655]
AddToCard.c(79): Resource "https://petstore.octoperf.com/images/logo-topbar.svg" is in the cache already and will not be downloaded again  	[MsgId: MMSG-26655]
AddToCard.c(79): Resource "https://petstore.octoperf.com/images/cart.gif" is in the cache already and will not be downloaded again  	[MsgId: MMSG-26655]
AddToCard.c(79): Resource "https://petstore.octoperf.com/images/separator.gif" is in the cache already and will not be downloaded again  	[MsgId: MMSG-26655]
AddToCard.c(79): Resource "https://petstore.octoperf.com/images/sm_fish.gif" is in the cache already and will not be downloaded again  	[MsgId: MMSG-26655]
AddToCard.c(79): Resource "https://petstore.octoperf.com/images/sm_dogs.gif" is in the cache already and will not be downloaded again  	[MsgId: MMSG-26655]
AddToCard.c(79): Resource "https://petstore.octoperf.com/images/sm_reptiles.gif" is in the cache already and will not be downloaded again  	[MsgId: MMSG-26655]
AddToCard.c(79): Resource "https://petstore.octoperf.com/images/sm_cats.gif" is in the cache already and will not be downloaded again  	[MsgId: MMSG-26655]
AddToCard.c(79): Resource "https://petstore.octoperf.com/images/sm_birds.gif" is in the cache already and will not be downloaded again  	[MsgId: MMSG-26655]
AddToCard.c(79): Found resource "https://petstore.octoperf.com/images/cat2.gif" in HTML "https://petstore.octoperf.com/actions/Catalog.action?viewItem=&itemId=EST-14"  	[MsgId: MMSG-26659]
AddToCard.c(79): Resource "https://petstore.octoperf.com/images/banner_fish.gif" is in the cache already and will not be downloaded again  	[MsgId: MMSG-26655]
AddToCard.c(79): Registered web_reg_find successful for "Text=EST-14" (count=2)  	[MsgId: MMSG-26364]
AddToCard.c(79): web_link("{RanditemId}") was successful, 16467 body bytes, 511 header bytes  	[MsgId: MMSG-26386]
AddToCard.c(84): Notify: Transaction "PetStore_SelectItemId_T03" ended with a "Pass" status (Duration: 0.3799 Wasted Time: 0.0000).	[MsgId: MMSG-16871]
AddToCard.c(86): lr_think_time: 3.70 seconds (recorded think time was 5.00 seconds).	[MsgId: MMSG-15947]
Login.c(17): Notify: Transaction "PetStore_Login_T01" started.	[MsgId: MMSG-16999]
Login.c(18): web_reg_find started  	[MsgId: MMSG-26355]
Login.c(18): Registering web_reg_find was successful  	[MsgId: MMSG-26390]
Login.c(20): web_reg_save_param_regexp started  	[MsgId: MMSG-26355]
Login.c(20): Registering web_reg_save_param_regexp was successful  	[MsgId: MMSG-26390]
Login.c(26): web_submit_form("Account.action") started  	[MsgId: MMSG-26355]
Login.c(26): Notify: Parameter Substitution: parameter "randomUsername" =  "RDSH"	[MsgId: MMSG-13992]
Login.c(26): Notify: Parameter Substitution: parameter "randompass" =  "mfpq"	[MsgId: MMSG-13992]
Login.c(26): Submitting form to "https://petstore.octoperf.com/actions/Account.action", Target Frame=""  	[MsgId: MMSG-27978]
Login.c(26): Redirecting "https://petstore.octoperf.com/actions/Account.action" (redirection depth is 0)  	[MsgId: MMSG-26694]
Login.c(26): To location "https://petstore.octoperf.com/actions/Catalog.action"  	[MsgId: MMSG-26693]
AddToCard.c(67): Notify: Transaction "PetStore_SelectItemId_T03" started.	[MsgId: MMSG-16999]
AddToCard.c(71): Notify: Parameter Substitution: parameter "itemId_count" =  "1"	[MsgId: MMSG-13992]
AddToCard.c(72): Notify: Parameter Substitution: parameter "itemId_1" =  "EST-18"	[MsgId: MMSG-13992]
AddToCard.c(74): Notify: Saving Parameter "RanditemId = EST-18".	[MsgId: MMSG-13798]
AddToCard.c(75): Notify: Parameter Substitution: parameter "RanditemId" =  "EST-18"	[MsgId: MMSG-13992]
AddToCard.c(75): Random category selected in Action2 = EST-18	[MsgId: MMSG-17999]
AddToCard.c(77): web_reg_find started  	[MsgId: MMSG-26355]
AddToCard.c(77): Notify: Parameter Substitution: parameter "RanditemId" =  "EST-18"	[MsgId: MMSG-13992]
AddToCard.c(77): Registering web_reg_find was successful  	[MsgId: MMSG-26390]
AddToCard.c(79): web_link("{RanditemId}") started  	[MsgId: MMSG-26355]
AddToCard.c(79): Notify: Parameter Substitution: parameter "RanditemId" =  "EST-18"	[MsgId: MMSG-13992]
AddToCard.c(79): Linking to "https://petstore.octoperf.com/actions/Catalog.action?viewItem=&itemId=EST-18", Target Frame=""  	[MsgId: MMSG-27994]
Login.c(26): Resource "https://petstore.octoperf.com/css/jpetstore.css" is in the cache already and will not be downloaded again  	[MsgId: MMSG-26655]
Login.c(26): Resource "https://petstore.octoperf.com/images/logo-topbar.svg" is in the cache already and will not be downloaded again  	[MsgId: MMSG-26655]
Login.c(26): Resource "https://petstore.octoperf.com/images/cart.gif" is in the cache already and will not be downloaded again  	[MsgId: MMSG-26655]
Login.c(26): Resource "https://petstore.octoperf.com/images/separator.gif" is in the cache already and will not be downloaded again  	[MsgId: MMSG-26655]
Login.c(26): Resource "https://petstore.octoperf.com/images/sm_fish.gif" is in the cache already and will not be downloaded again  	[MsgId: MMSG-26655]
Login.c(26): Resource "https://petstore.octoperf.com/images/sm_dogs.gif" is in the cache already and will not be downloaded again  	[MsgId: MMSG-26655]
Login.c(26): Resource "https://petstore.octoperf.com/images/sm_reptiles.gif" is in the cache already and will not be downloaded again  	[MsgId: MMSG-26655]
Login.c(26): Resource "https://petstore.octoperf.com/images/sm_cats.gif" is in the cache already and will not be downloaded again  	[MsgId: MMSG-26655]
Login.c(26): Resource "https://petstore.octoperf.com/images/sm_birds.gif" is in the cache already and will not be downloaded again  	[MsgId: MMSG-26655]
Login.c(26): Resource "https://petstore.octoperf.com/images/fish_icon.gif" is in the cache already and will not be downloaded again  	[MsgId: MMSG-26655]
Login.c(26): Resource "https://petstore.octoperf.com/images/dogs_icon.gif" is in the cache already and will not be downloaded again  	[MsgId: MMSG-26655]
Login.c(26): Resource "https://petstore.octoperf.com/images/cats_icon.gif" is in the cache already and will not be downloaded again  	[MsgId: MMSG-26655]
Login.c(26): Resource "https://petstore.octoperf.com/images/reptiles_icon.gif" is in the cache already and will not be downloaded again  	[MsgId: MMSG-26655]
Login.c(26): Resource "https://petstore.octoperf.com/images/birds_icon.gif" is in the cache already and will not be downloaded again  	[MsgId: MMSG-26655]
Login.c(26): Resource "https://petstore.octoperf.com/images/splash.gif" is in the cache already and will not be downloaded again  	[MsgId: MMSG-26655]
Login.c(26): Found resource "https://petstore.octoperf.com/images/banner_fish.gif" in HTML "https://petstore.octoperf.com/actions/Catalog.action"  	[MsgId: MMSG-26659]
Login.c(26): Notify: Saving Parameter "ProductName_1 = BIRDS".	[MsgId: MMSG-13798]
Login.c(26): Notify: Saving Parameter "ProductName_2 = FISH".	[MsgId: MMSG-13798]
Login.c(26): Notify: Saving Parameter "ProductName_3 = DOGS".	[MsgId: MMSG-13798]
Login.c(26): Notify: Saving Parameter "ProductName_4 = REPTILES".	[MsgId: MMSG-13798]
Login.c(26): Notify: Saving Parameter "ProductName_5 = CATS".	[MsgId: MMSG-13798]
Login.c(26): Notify: Saving Parameter "ProductName_6 = BIRDS".	[MsgId: MMSG-13798]
AddToCard.c(79): Resource "https://petstore.octoperf.com/css/jpetstore.css" is in the cache already and will not be downloaded again  	[MsgId: MMSG-26655]
AddToCard.c(79): Resource "https://petstore.octoperf.com/images/logo-topbar.svg" is in the cache already and will not be downloaded again  	[MsgId: MMSG-26655]
AddToCard.c(79): Resource "https://petstore.octoperf.com/images/cart.gif" is in the cache already and will not be downloaded again  	[MsgId: MMSG-26655]
AddToCard.c(79): Resource "https://petstore.octoperf.com/images/separator.gif" is in the cache already and will not be downloaded again  	[MsgId: MMSG-26655]
AddToCard.c(79): Resource "https://petstore.octoperf.com/images/sm_fish.gif" is in the cache already and will not be downloaded again  	[MsgId: MMSG-26655]
AddToCard.c(79): Resource "https://petstore.octoperf.com/images/sm_dogs.gif" is in the cache already and will not be downloaded again  	[MsgId: MMSG-26655]
AddToCard.c(79): Resource "https://petstore.octoperf.com/images/sm_reptiles.gif" is in the cache already and will not be downloaded again  	[MsgId: MMSG-26655]
AddToCard.c(79): Resource "https://petstore.octoperf.com/images/sm_cats.gif" is in the cache already and will not be downloaded again  	[MsgId: MMSG-26655]
AddToCard.c(79): Resource "https://petstore.octoperf.com/images/sm_birds.gif" is in the cache already and will not be downloaded again  	[MsgId: MMSG-26655]
AddToCard.c(79): Found resource "https://petstore.octoperf.com/images/bird2.gif" in HTML "https://petstore.octoperf.com/actions/Catalog.action?viewItem=&itemId=EST-18"  	[MsgId: MMSG-26659]
AddToCard.c(79): Resource "https://petstore.octoperf.com/images/banner_fish.gif" is in the cache already and will not be downloaded again  	[MsgId: MMSG-26655]
Login.c(26): Notify: Saving Parameter "ProductName_count = 6".	[MsgId: MMSG-13798]
Login.c(26): Registered web_reg_find successful for "Text=My Account" (count=1)  	[MsgId: MMSG-26364]
Login.c(26): web_submit_form("Account.action") was successful, 11416 body bytes, 727 header bytes  	[MsgId: MMSG-26386]
Login.c(34): Notify: Transaction "PetStore_Login_T01" ended with a "Pass" status (Duration: 0.4973 Wasted Time: 0.0003).	[MsgId: MMSG-16871]
Ending action Login.	[MsgId: MMSG-15918]
Starting action RemoveTheProduct.	[MsgId: MMSG-15919]
AddToCard.c(8): Notify: Transaction "PetStore_AddAproduct_T01" started.	[MsgId: MMSG-16999]
AddToCard.c(11): Notify: Parameter Substitution: parameter "ProductName_count" =  "6"	[MsgId: MMSG-13992]
AddToCard.c(12): Notify: Parameter Substitution: parameter "ProductName_4" =  "REPTILES"	[MsgId: MMSG-13992]
AddToCard.c(14): Notify: Saving Parameter "RandCategory = REPTILES".	[MsgId: MMSG-13798]
AddToCard.c(15): Notify: Parameter Substitution: parameter "RandCategory" =  "REPTILES"	[MsgId: MMSG-13992]
AddToCard.c(15): Random category selected in Action2 = REPTILES	[MsgId: MMSG-17999]
AddToCard.c(17): web_reg_find started  	[MsgId: MMSG-26355]
AddToCard.c(17): Notify: Parameter Substitution: parameter "RandCategory" =  "REPTILES"	[MsgId: MMSG-13992]
AddToCard.c(17): Registering web_reg_find was successful  	[MsgId: MMSG-26390]
AddToCard.c(20): web_reg_save_param_regexp started  	[MsgId: MMSG-26355]
AddToCard.c(20): Registering web_reg_save_param_regexp was successful  	[MsgId: MMSG-26390]
AddToCard.c(27): web_url("Catalog.action_2") started  	[MsgId: MMSG-26355]
AddToCard.c(27): Notify: Parameter Substitution: parameter "RandCategory" =  "REPTILES"	[MsgId: MMSG-13992]
AddToCard.c(79): Registered web_reg_find successful for "Text=EST-18" (count=2)  	[MsgId: MMSG-26364]
AddToCard.c(79): web_link("{RanditemId}") was successful, 15165 body bytes, 511 header bytes  	[MsgId: MMSG-26386]
AddToCard.c(84): Notify: Transaction "PetStore_SelectItemId_T03" ended with a "Pass" status (Duration: 0.2579 Wasted Time: 0.0000).	[MsgId: MMSG-16871]
AddToCard.c(86): lr_think_time: 2.90 seconds (recorded think time was 5.00 seconds).	[MsgId: MMSG-15947]
AddToCard.c(27): Resource "https://petstore.octoperf.com/css/jpetstore.css" is in the cache already and will not be downloaded again  	[MsgId: MMSG-26655]
AddToCard.c(27): Resource "https://petstore.octoperf.com/images/logo-topbar.svg" is in the cache already and will not be downloaded again  	[MsgId: MMSG-26655]
AddToCard.c(27): Resource "https://petstore.octoperf.com/images/cart.gif" is in the cache already and will not be downloaded again  	[MsgId: MMSG-26655]
AddToCard.c(27): Resource "https://petstore.octoperf.com/images/separator.gif" is in the cache already and will not be downloaded again  	[MsgId: MMSG-26655]
AddToCard.c(27): Resource "https://petstore.octoperf.com/images/sm_fish.gif" is in the cache already and will not be downloaded again  	[MsgId: MMSG-26655]
AddToCard.c(27): Resource "https://petstore.octoperf.com/images/sm_dogs.gif" is in the cache already and will not be downloaded again  	[MsgId: MMSG-26655]
AddToCard.c(27): Resource "https://petstore.octoperf.com/images/sm_reptiles.gif" is in the cache already and will not be downloaded again  	[MsgId: MMSG-26655]
AddToCard.c(27): Resource "https://petstore.octoperf.com/images/sm_cats.gif" is in the cache already and will not be downloaded again  	[MsgId: MMSG-26655]
AddToCard.c(27): Resource "https://petstore.octoperf.com/images/sm_birds.gif" is in the cache already and will not be downloaded again  	[MsgId: MMSG-26655]
AddToCard.c(27): Resource "https://petstore.octoperf.com/images/banner_fish.gif" is in the cache already and will not be downloaded again  	[MsgId: MMSG-26655]
AddToCard.c(27): Notify: Saving Parameter "productId_1 = RP-SN-01".	[MsgId: MMSG-13798]
AddToCard.c(27): Notify: Saving Parameter "productId_2 = RP-LI-02".	[MsgId: MMSG-13798]
AddToCard.c(27): Notify: Saving Parameter "productId_count = 2".	[MsgId: MMSG-13798]
AddToCard.c(27): Registered web_reg_find successful for "Text=REPTILES" (count=1)  	[MsgId: MMSG-26364]
AddToCard.c(27): web_url("Catalog.action_2") was successful, 3627 body bytes, 225 header bytes  	[MsgId: MMSG-26386]
AddToCard.c(36): Notify: Transaction "PetStore_AddAproduct_T01" ended with a "Pass" status (Duration: 0.2883 Wasted Time: 0.0002).	[MsgId: MMSG-16871]
AddToCard.c(38): lr_think_time: 4.43 seconds (recorded think time was 5.00 seconds).	[MsgId: MMSG-15947]
RemoveTheProduct.c(18): Notify: Transaction "PetStore_ClickOnRemove_T02" started.	[MsgId: MMSG-16999]
RemoveTheProduct.c(20): web_reg_find started  	[MsgId: MMSG-26355]
RemoveTheProduct.c(20): Registering web_reg_find was successful  	[MsgId: MMSG-26390]
RemoveTheProduct.c(23): web_link("Remove") started  	[MsgId: MMSG-26355]
RemoveTheProduct.c(23): Linking to "https://petstore.octoperf.com/actions/Cart.action?removeItemFromCart=&workingItemId=EST-8", Target Frame=""  	[MsgId: MMSG-27994]
RemoveTheProduct.c(23): Resource "https://petstore.octoperf.com/css/jpetstore.css" is in the cache already and will not be downloaded again  	[MsgId: MMSG-26655]
RemoveTheProduct.c(23): Resource "https://petstore.octoperf.com/images/logo-topbar.svg" is in the cache already and will not be downloaded again  	[MsgId: MMSG-26655]
RemoveTheProduct.c(23): Resource "https://petstore.octoperf.com/images/cart.gif" is in the cache already and will not be downloaded again  	[MsgId: MMSG-26655]
RemoveTheProduct.c(23): Resource "https://petstore.octoperf.com/images/separator.gif" is in the cache already and will not be downloaded again  	[MsgId: MMSG-26655]
RemoveTheProduct.c(23): Resource "https://petstore.octoperf.com/images/sm_fish.gif" is in the cache already and will not be downloaded again  	[MsgId: MMSG-26655]
RemoveTheProduct.c(23): Resource "https://petstore.octoperf.com/images/sm_dogs.gif" is in the cache already and will not be downloaded again  	[MsgId: MMSG-26655]
RemoveTheProduct.c(23): Resource "https://petstore.octoperf.com/images/sm_reptiles.gif" is in the cache already and will not be downloaded again  	[MsgId: MMSG-26655]
RemoveTheProduct.c(23): Resource "https://petstore.octoperf.com/images/sm_cats.gif" is in the cache already and will not be downloaded again  	[MsgId: MMSG-26655]
RemoveTheProduct.c(23): Resource "https://petstore.octoperf.com/images/sm_birds.gif" is in the cache already and will not be downloaded again  	[MsgId: MMSG-26655]
RemoveTheProduct.c(23): Resource "https://petstore.octoperf.com/images/banner_fish.gif" is in the cache already and will not be downloaded again  	[MsgId: MMSG-26655]
RemoveTheProduct.c(23): Registered web_reg_find successful for "Text=Your cart is empty." (count=1)  	[MsgId: MMSG-26364]
RemoveTheProduct.c(23): web_link("Remove") was successful, 4202 body bytes, 225 header bytes  	[MsgId: MMSG-26386]
RemoveTheProduct.c(28): Notify: Transaction "PetStore_ClickOnRemove_T02" ended with a "Pass" status (Duration: 0.1260 Wasted Time: 0.0000).	[MsgId: MMSG-16871]
Ending action RemoveTheProduct.	[MsgId: MMSG-15918]
Action was aborted.	[MsgId: MMSG-10694]
Ending Vuser...	[MsgId: MMSG-15966]
Starting action vuser_end.	[MsgId: MMSG-15919]
vuser_end.c(4): Notify: Transaction "PetStore_SignOut_T01" started.	[MsgId: MMSG-16999]
vuser_end.c(6): web_reg_find started  	[MsgId: MMSG-26355]
vuser_end.c(6): Registering web_reg_find was successful  	[MsgId: MMSG-26390]
vuser_end.c(9): web_url("Account.action_2") started  	[MsgId: MMSG-26355]
vuser_end.c(9): Redirecting "https://petstore.octoperf.com/actions/Account.action?signoff=" (redirection depth is 0)  	[MsgId: MMSG-26694]
vuser_end.c(9): To location "https://petstore.octoperf.com/actions/Catalog.action"  	[MsgId: MMSG-26693]
vuser_end.c(9): Resource "https://petstore.octoperf.com/css/jpetstore.css" is in the cache already and will not be downloaded again  	[MsgId: MMSG-26655]
vuser_end.c(9): Resource "https://petstore.octoperf.com/images/logo-topbar.svg" is in the cache already and will not be downloaded again  	[MsgId: MMSG-26655]
vuser_end.c(9): Resource "https://petstore.octoperf.com/images/cart.gif" is in the cache already and will not be downloaded again  	[MsgId: MMSG-26655]
vuser_end.c(9): Resource "https://petstore.octoperf.com/images/separator.gif" is in the cache already and will not be downloaded again  	[MsgId: MMSG-26655]
vuser_end.c(9): Resource "https://petstore.octoperf.com/images/sm_fish.gif" is in the cache already and will not be downloaded again  	[MsgId: MMSG-26655]
vuser_end.c(9): Resource "https://petstore.octoperf.com/images/sm_dogs.gif" is in the cache already and will not be downloaded again  	[MsgId: MMSG-26655]
vuser_end.c(9): Resource "https://petstore.octoperf.com/images/sm_reptiles.gif" is in the cache already and will not be downloaded again  	[MsgId: MMSG-26655]
vuser_end.c(9): Resource "https://petstore.octoperf.com/images/sm_cats.gif" is in the cache already and will not be downloaded again  	[MsgId: MMSG-26655]
vuser_end.c(9): Resource "https://petstore.octoperf.com/images/sm_birds.gif" is in the cache already and will not be downloaded again  	[MsgId: MMSG-26655]
vuser_end.c(9): Resource "https://petstore.octoperf.com/images/fish_icon.gif" is in the cache already and will not be downloaded again  	[MsgId: MMSG-26655]
vuser_end.c(9): Resource "https://petstore.octoperf.com/images/dogs_icon.gif" is in the cache already and will not be downloaded again  	[MsgId: MMSG-26655]
vuser_end.c(9): Resource "https://petstore.octoperf.com/images/cats_icon.gif" is in the cache already and will not be downloaded again  	[MsgId: MMSG-26655]
vuser_end.c(9): Resource "https://petstore.octoperf.com/images/reptiles_icon.gif" is in the cache already and will not be downloaded again  	[MsgId: MMSG-26655]
vuser_end.c(9): Resource "https://petstore.octoperf.com/images/birds_icon.gif" is in the cache already and will not be downloaded again  	[MsgId: MMSG-26655]
vuser_end.c(9): Resource "https://petstore.octoperf.com/images/splash.gif" is in the cache already and will not be downloaded again  	[MsgId: MMSG-26655]
vuser_end.c(9): Registered web_reg_find successful for "Text=Sign In" (count=1)  	[MsgId: MMSG-26364]
vuser_end.c(9): web_url("Account.action_2") was successful, 4736 body bytes, 518 header bytes  	[MsgId: MMSG-26386]
vuser_end.c(18): Notify: Transaction "PetStore_SignOut_T01" ended with a "Pass" status (Duration: 0.2504 Wasted Time: 0.0000).	[MsgId: MMSG-16871]
vuser_end.c(20): Script Exection done sucessfully	[MsgId: MMSG-17999]
vuser_end.c(21): web_cache_cleanup started  	[MsgId: MMSG-26355]
vuser_end.c(21): web_cache_cleanup was successful  	[MsgId: MMSG-26392]
vuser_end.c(22): web_cleanup_cookies started  	[MsgId: MMSG-26355]
vuser_end.c(22): web_cleanup_cookies was successful  	[MsgId: MMSG-26392]
Ending action vuser_end.	[MsgId: MMSG-15918]
Vuser Terminated.	[MsgId: MMSG-15963]
Vuser 3 (thread 5284), ended OK."	[MsgId: MMSG-10695]
RemoveTheProduct.c(18): Notify: Transaction "PetStore_ClickOnRemove_T02" started.	[MsgId: MMSG-16999]
RemoveTheProduct.c(20): web_reg_find started  	[MsgId: MMSG-26355]
RemoveTheProduct.c(20): Registering web_reg_find was successful  	[MsgId: MMSG-26390]
RemoveTheProduct.c(23): web_link("Remove") started  	[MsgId: MMSG-26355]
RemoveTheProduct.c(23): Linking to "https://petstore.octoperf.com/actions/Cart.action?removeItemFromCart=&workingItemId=EST-16", Target Frame=""  	[MsgId: MMSG-27994]
RemoveTheProduct.c(23): Resource "https://petstore.octoperf.com/css/jpetstore.css" is in the cache already and will not be downloaded again  	[MsgId: MMSG-26655]
RemoveTheProduct.c(23): Resource "https://petstore.octoperf.com/images/logo-topbar.svg" is in the cache already and will not be downloaded again  	[MsgId: MMSG-26655]
RemoveTheProduct.c(23): Resource "https://petstore.octoperf.com/images/cart.gif" is in the cache already and will not be downloaded again  	[MsgId: MMSG-26655]
RemoveTheProduct.c(23): Resource "https://petstore.octoperf.com/images/separator.gif" is in the cache already and will not be downloaded again  	[MsgId: MMSG-26655]
RemoveTheProduct.c(23): Resource "https://petstore.octoperf.com/images/sm_fish.gif" is in the cache already and will not be downloaded again  	[MsgId: MMSG-26655]
RemoveTheProduct.c(23): Resource "https://petstore.octoperf.com/images/sm_dogs.gif" is in the cache already and will not be downloaded again  	[MsgId: MMSG-26655]
RemoveTheProduct.c(23): Resource "https://petstore.octoperf.com/images/sm_reptiles.gif" is in the cache already and will not be downloaded again  	[MsgId: MMSG-26655]
RemoveTheProduct.c(23): Resource "https://petstore.octoperf.com/images/sm_cats.gif" is in the cache already and will not be downloaded again  	[MsgId: MMSG-26655]
RemoveTheProduct.c(23): Resource "https://petstore.octoperf.com/images/sm_birds.gif" is in the cache already and will not be downloaded again  	[MsgId: MMSG-26655]
RemoveTheProduct.c(23): Resource "https://petstore.octoperf.com/images/banner_fish.gif" is in the cache already and will not be downloaded again  	[MsgId: MMSG-26655]
RemoveTheProduct.c(23): Registered web_reg_find successful for "Text=Your cart is empty." (count=1)  	[MsgId: MMSG-26364]
RemoveTheProduct.c(23): web_link("Remove") was successful, 4202 body bytes, 225 header bytes  	[MsgId: MMSG-26386]
RemoveTheProduct.c(28): Notify: Transaction "PetStore_ClickOnRemove_T02" ended with a "Pass" status (Duration: 0.1314 Wasted Time: 0.0000).	[MsgId: MMSG-16871]
Ending action RemoveTheProduct.	[MsgId: MMSG-15918]
Action was aborted.	[MsgId: MMSG-10694]
Ending Vuser...	[MsgId: MMSG-15966]
Starting action vuser_end.	[MsgId: MMSG-15919]
vuser_end.c(4): Notify: Transaction "PetStore_SignOut_T01" started.	[MsgId: MMSG-16999]
vuser_end.c(6): web_reg_find started  	[MsgId: MMSG-26355]
vuser_end.c(6): Registering web_reg_find was successful  	[MsgId: MMSG-26390]
vuser_end.c(9): web_url("Account.action_2") started  	[MsgId: MMSG-26355]
vuser_end.c(9): Redirecting "https://petstore.octoperf.com/actions/Account.action?signoff=" (redirection depth is 0)  	[MsgId: MMSG-26694]
vuser_end.c(9): To location "https://petstore.octoperf.com/actions/Catalog.action"  	[MsgId: MMSG-26693]
vuser_end.c(9): Resource "https://petstore.octoperf.com/css/jpetstore.css" is in the cache already and will not be downloaded again  	[MsgId: MMSG-26655]
vuser_end.c(9): Resource "https://petstore.octoperf.com/images/logo-topbar.svg" is in the cache already and will not be downloaded again  	[MsgId: MMSG-26655]
vuser_end.c(9): Resource "https://petstore.octoperf.com/images/cart.gif" is in the cache already and will not be downloaded again  	[MsgId: MMSG-26655]
vuser_end.c(9): Resource "https://petstore.octoperf.com/images/separator.gif" is in the cache already and will not be downloaded again  	[MsgId: MMSG-26655]
vuser_end.c(9): Resource "https://petstore.octoperf.com/images/sm_fish.gif" is in the cache already and will not be downloaded again  	[MsgId: MMSG-26655]
vuser_end.c(9): Resource "https://petstore.octoperf.com/images/sm_dogs.gif" is in the cache already and will not be downloaded again  	[MsgId: MMSG-26655]
vuser_end.c(9): Resource "https://petstore.octoperf.com/images/sm_reptiles.gif" is in the cache already and will not be downloaded again  	[MsgId: MMSG-26655]
vuser_end.c(9): Resource "https://petstore.octoperf.com/images/sm_cats.gif" is in the cache already and will not be downloaded again  	[MsgId: MMSG-26655]
vuser_end.c(9): Resource "https://petstore.octoperf.com/images/sm_birds.gif" is in the cache already and will not be downloaded again  	[MsgId: MMSG-26655]
vuser_end.c(9): Resource "https://petstore.octoperf.com/images/fish_icon.gif" is in the cache already and will not be downloaded again  	[MsgId: MMSG-26655]
vuser_end.c(9): Resource "https://petstore.octoperf.com/images/dogs_icon.gif" is in the cache already and will not be downloaded again  	[MsgId: MMSG-26655]
vuser_end.c(9): Resource "https://petstore.octoperf.com/images/cats_icon.gif" is in the cache already and will not be downloaded again  	[MsgId: MMSG-26655]
vuser_end.c(9): Resource "https://petstore.octoperf.com/images/reptiles_icon.gif" is in the cache already and will not be downloaded again  	[MsgId: MMSG-26655]
vuser_end.c(9): Resource "https://petstore.octoperf.com/images/birds_icon.gif" is in the cache already and will not be downloaded again  	[MsgId: MMSG-26655]
vuser_end.c(9): Resource "https://petstore.octoperf.com/images/splash.gif" is in the cache already and will not be downloaded again  	[MsgId: MMSG-26655]
vuser_end.c(9): Registered web_reg_find successful for "Text=Sign In" (count=1)  	[MsgId: MMSG-26364]
vuser_end.c(9): web_url("Account.action_2") was successful, 4736 body bytes, 518 header bytes  	[MsgId: MMSG-26386]
vuser_end.c(18): Notify: Transaction "PetStore_SignOut_T01" ended with a "Pass" status (Duration: 0.2560 Wasted Time: 0.0000).	[MsgId: MMSG-16871]
vuser_end.c(20): Script Exection done sucessfully	[MsgId: MMSG-17999]
vuser_end.c(21): web_cache_cleanup started  	[MsgId: MMSG-26355]
vuser_end.c(21): web_cache_cleanup was successful  	[MsgId: MMSG-26392]
vuser_end.c(22): web_cleanup_cookies started  	[MsgId: MMSG-26355]
vuser_end.c(22): web_cleanup_cookies was successful  	[MsgId: MMSG-26392]
Ending action vuser_end.	[MsgId: MMSG-15918]
Vuser Terminated.	[MsgId: MMSG-15963]
Vuser 2 (thread 3960), ended OK."	[MsgId: MMSG-10695]
AddToCard.c(40): Notify: Transaction "PetStore_SelectProductId_T02" started.	[MsgId: MMSG-16999]
AddToCard.c(43): Notify: Parameter Substitution: parameter "productId_count" =  "2"	[MsgId: MMSG-13992]
AddToCard.c(44): Notify: Parameter Substitution: parameter "productId_1" =  "FL-DSH-01"	[MsgId: MMSG-13992]
AddToCard.c(46): Notify: Saving Parameter "RandproductId = FL-DSH-01".	[MsgId: MMSG-13798]
AddToCard.c(47): Notify: Parameter Substitution: parameter "RandproductId" =  "FL-DSH-01"	[MsgId: MMSG-13992]
AddToCard.c(47): Random category selected in Action2 = FL-DSH-01	[MsgId: MMSG-17999]
AddToCard.c(49): web_reg_find started  	[MsgId: MMSG-26355]
AddToCard.c(49): Notify: Parameter Substitution: parameter "RandproductId" =  "FL-DSH-01"	[MsgId: MMSG-13992]
AddToCard.c(49): Registering web_reg_find was successful  	[MsgId: MMSG-26390]
AddToCard.c(51): web_reg_save_param_regexp started  	[MsgId: MMSG-26355]
AddToCard.c(51): Registering web_reg_save_param_regexp was successful  	[MsgId: MMSG-26390]
AddToCard.c(58): web_link("{RandproductId}") started  	[MsgId: MMSG-26355]
AddToCard.c(58): Notify: Parameter Substitution: parameter "RandproductId" =  "FL-DSH-01"	[MsgId: MMSG-13992]
AddToCard.c(58): Linking to "https://petstore.octoperf.com/actions/Catalog.action?viewProduct=&productId=FL-DSH-01", Target Frame=""  	[MsgId: MMSG-27994]
AddToCard.c(58): Resource "https://petstore.octoperf.com/css/jpetstore.css" is in the cache already and will not be downloaded again  	[MsgId: MMSG-26655]
AddToCard.c(58): Resource "https://petstore.octoperf.com/images/logo-topbar.svg" is in the cache already and will not be downloaded again  	[MsgId: MMSG-26655]
AddToCard.c(58): Resource "https://petstore.octoperf.com/images/cart.gif" is in the cache already and will not be downloaded again  	[MsgId: MMSG-26655]
AddToCard.c(58): Resource "https://petstore.octoperf.com/images/separator.gif" is in the cache already and will not be downloaded again  	[MsgId: MMSG-26655]
AddToCard.c(58): Resource "https://petstore.octoperf.com/images/sm_fish.gif" is in the cache already and will not be downloaded again  	[MsgId: MMSG-26655]
AddToCard.c(58): Resource "https://petstore.octoperf.com/images/sm_dogs.gif" is in the cache already and will not be downloaded again  	[MsgId: MMSG-26655]
AddToCard.c(58): Resource "https://petstore.octoperf.com/images/sm_reptiles.gif" is in the cache already and will not be downloaded again  	[MsgId: MMSG-26655]
AddToCard.c(58): Resource "https://petstore.octoperf.com/images/sm_cats.gif" is in the cache already and will not be downloaded again  	[MsgId: MMSG-26655]
AddToCard.c(58): Resource "https://petstore.octoperf.com/images/sm_birds.gif" is in the cache already and will not be downloaded again  	[MsgId: MMSG-26655]
AddToCard.c(58): Resource "https://petstore.octoperf.com/images/banner_fish.gif" is in the cache already and will not be downloaded again  	[MsgId: MMSG-26655]
AddToCard.c(58): Notify: Saving Parameter "itemId_1 = EST-14".	[MsgId: MMSG-13798]
AddToCard.c(58): Notify: Saving Parameter "itemId_2 = EST-15".	[MsgId: MMSG-13798]
AddToCard.c(58): Notify: Saving Parameter "itemId_count = 2".	[MsgId: MMSG-13798]
AddToCard.c(58): Registered web_reg_find successful for "Text=FL-DSH-01" (count=2)  	[MsgId: MMSG-26364]
AddToCard.c(58): web_link("{RandproductId}") was successful, 4063 body bytes, 225 header bytes  	[MsgId: MMSG-26386]
AddToCard.c(63): Notify: Transaction "PetStore_SelectProductId_T02" ended with a "Pass" status (Duration: 0.1291 Wasted Time: 0.0003).	[MsgId: MMSG-16871]
AddToCard.c(65): lr_think_time: 4.58 seconds (recorded think time was 5.00 seconds).	[MsgId: MMSG-15947]
AddToCard.c(88): Notify: Transaction "PetStore_AddToCard_T04" started.	[MsgId: MMSG-16999]
AddToCard.c(90): web_reg_find started  	[MsgId: MMSG-26355]
AddToCard.c(90): Registering web_reg_find was successful  	[MsgId: MMSG-26390]
AddToCard.c(94): web_link("Add to Cart") started  	[MsgId: MMSG-26355]
AddToCard.c(94): Linking to "https://petstore.octoperf.com/actions/Cart.action?addItemToCart=&workingItemId=EST-14", Target Frame=""  	[MsgId: MMSG-27994]
AddToCard.c(94): Resource "https://petstore.octoperf.com/css/jpetstore.css" is in the cache already and will not be downloaded again  	[MsgId: MMSG-26655]
AddToCard.c(94): Resource "https://petstore.octoperf.com/images/logo-topbar.svg" is in the cache already and will not be downloaded again  	[MsgId: MMSG-26655]
AddToCard.c(94): Resource "https://petstore.octoperf.com/images/cart.gif" is in the cache already and will not be downloaded again  	[MsgId: MMSG-26655]
AddToCard.c(94): Resource "https://petstore.octoperf.com/images/separator.gif" is in the cache already and will not be downloaded again  	[MsgId: MMSG-26655]
AddToCard.c(94): Resource "https://petstore.octoperf.com/images/sm_fish.gif" is in the cache already and will not be downloaded again  	[MsgId: MMSG-26655]
AddToCard.c(94): Resource "https://petstore.octoperf.com/images/sm_dogs.gif" is in the cache already and will not be downloaded again  	[MsgId: MMSG-26655]
AddToCard.c(94): Resource "https://petstore.octoperf.com/images/sm_reptiles.gif" is in the cache already and will not be downloaded again  	[MsgId: MMSG-26655]
AddToCard.c(94): Resource "https://petstore.octoperf.com/images/sm_cats.gif" is in the cache already and will not be downloaded again  	[MsgId: MMSG-26655]
AddToCard.c(94): Resource "https://petstore.octoperf.com/images/sm_birds.gif" is in the cache already and will not be downloaded again  	[MsgId: MMSG-26655]
AddToCard.c(94): Resource "https://petstore.octoperf.com/images/banner_fish.gif" is in the cache already and will not be downloaded again  	[MsgId: MMSG-26655]
AddToCard.c(94): Registered web_reg_find successful for "Text=Shopping Cart" (count=1)  	[MsgId: MMSG-26364]
AddToCard.c(94): web_link("Add to Cart") was successful, 4630 body bytes, 225 header bytes  	[MsgId: MMSG-26386]
AddToCard.c(99): Notify: Transaction "PetStore_AddToCard_T04" ended with a "Pass" status (Duration: 0.1295 Wasted Time: 0.0000).	[MsgId: MMSG-16871]
RemoveTheProduct.c(7): Notify: Transaction "PetStore_ClickOnViewCartR_T01" started.	[MsgId: MMSG-16999]
RemoveTheProduct.c(8): web_reg_find started  	[MsgId: MMSG-26355]
RemoveTheProduct.c(8): Registering web_reg_find was successful  	[MsgId: MMSG-26390]
RemoveTheProduct.c(10): web_image("cart.gif") started  	[MsgId: MMSG-26355]
RemoveTheProduct.c(10): Image-linking to "https://petstore.octoperf.com/actions/Cart.action?viewCart=", Target Frame=""  	[MsgId: MMSG-27993]
RemoveTheProduct.c(10): Resource "https://petstore.octoperf.com/css/jpetstore.css" is in the cache already and will not be downloaded again  	[MsgId: MMSG-26655]
RemoveTheProduct.c(10): Resource "https://petstore.octoperf.com/images/logo-topbar.svg" is in the cache already and will not be downloaded again  	[MsgId: MMSG-26655]
RemoveTheProduct.c(10): Resource "https://petstore.octoperf.com/images/cart.gif" is in the cache already and will not be downloaded again  	[MsgId: MMSG-26655]
RemoveTheProduct.c(10): Resource "https://petstore.octoperf.com/images/separator.gif" is in the cache already and will not be downloaded again  	[MsgId: MMSG-26655]
RemoveTheProduct.c(10): Resource "https://petstore.octoperf.com/images/sm_fish.gif" is in the cache already and will not be downloaded again  	[MsgId: MMSG-26655]
RemoveTheProduct.c(10): Resource "https://petstore.octoperf.com/images/sm_dogs.gif" is in the cache already and will not be downloaded again  	[MsgId: MMSG-26655]
RemoveTheProduct.c(10): Resource "https://petstore.octoperf.com/images/sm_reptiles.gif" is in the cache already and will not be downloaded again  	[MsgId: MMSG-26655]
RemoveTheProduct.c(10): Resource "https://petstore.octoperf.com/images/sm_cats.gif" is in the cache already and will not be downloaded again  	[MsgId: MMSG-26655]
RemoveTheProduct.c(10): Resource "https://petstore.octoperf.com/images/sm_birds.gif" is in the cache already and will not be downloaded again  	[MsgId: MMSG-26655]
RemoveTheProduct.c(10): Resource "https://petstore.octoperf.com/images/banner_fish.gif" is in the cache already and will not be downloaded again  	[MsgId: MMSG-26655]
RemoveTheProduct.c(10): Registered web_reg_find successful for "Text=Shopping Cart" (count=1)  	[MsgId: MMSG-26364]
RemoveTheProduct.c(10): web_image("cart.gif") was successful, 4630 body bytes, 225 header bytes  	[MsgId: MMSG-26386]
RemoveTheProduct.c(14): Notify: Transaction "PetStore_ClickOnViewCartR_T01" ended with a "Pass" status (Duration: 0.1281 Wasted Time: 0.0000).	[MsgId: MMSG-16871]
RemoveTheProduct.c(16): lr_think_time: 3.98 seconds (recorded think time was 5.00 seconds).	[MsgId: MMSG-15947]
AddToCard.c(88): Notify: Transaction "PetStore_AddToCard_T04" started.	[MsgId: MMSG-16999]
AddToCard.c(90): web_reg_find started  	[MsgId: MMSG-26355]
AddToCard.c(90): Registering web_reg_find was successful  	[MsgId: MMSG-26390]
AddToCard.c(94): web_link("Add to Cart") started  	[MsgId: MMSG-26355]
AddToCard.c(94): Linking to "https://petstore.octoperf.com/actions/Cart.action?addItemToCart=&workingItemId=EST-18", Target Frame=""  	[MsgId: MMSG-27994]
AddToCard.c(94): Resource "https://petstore.octoperf.com/css/jpetstore.css" is in the cache already and will not be downloaded again  	[MsgId: MMSG-26655]
AddToCard.c(94): Resource "https://petstore.octoperf.com/images/logo-topbar.svg" is in the cache already and will not be downloaded again  	[MsgId: MMSG-26655]
AddToCard.c(94): Resource "https://petstore.octoperf.com/images/cart.gif" is in the cache already and will not be downloaded again  	[MsgId: MMSG-26655]
AddToCard.c(94): Resource "https://petstore.octoperf.com/images/separator.gif" is in the cache already and will not be downloaded again  	[MsgId: MMSG-26655]
AddToCard.c(94): Resource "https://petstore.octoperf.com/images/sm_fish.gif" is in the cache already and will not be downloaded again  	[MsgId: MMSG-26655]
AddToCard.c(94): Resource "https://petstore.octoperf.com/images/sm_dogs.gif" is in the cache already and will not be downloaded again  	[MsgId: MMSG-26655]
AddToCard.c(94): Resource "https://petstore.octoperf.com/images/sm_reptiles.gif" is in the cache already and will not be downloaded again  	[MsgId: MMSG-26655]
AddToCard.c(94): Resource "https://petstore.octoperf.com/images/sm_cats.gif" is in the cache already and will not be downloaded again  	[MsgId: MMSG-26655]
AddToCard.c(94): Resource "https://petstore.octoperf.com/images/sm_birds.gif" is in the cache already and will not be downloaded again  	[MsgId: MMSG-26655]
AddToCard.c(94): Resource "https://petstore.octoperf.com/images/banner_fish.gif" is in the cache already and will not be downloaded again  	[MsgId: MMSG-26655]
AddToCard.c(94): Registered web_reg_find successful for "Text=Shopping Cart" (count=1)  	[MsgId: MMSG-26364]
AddToCard.c(94): web_link("Add to Cart") was successful, 4643 body bytes, 225 header bytes  	[MsgId: MMSG-26386]
AddToCard.c(99): Notify: Transaction "PetStore_AddToCard_T04" ended with a "Pass" status (Duration: 0.1294 Wasted Time: 0.0000).	[MsgId: MMSG-16871]
RemoveTheProduct.c(7): Notify: Transaction "PetStore_ClickOnViewCartR_T01" started.	[MsgId: MMSG-16999]
RemoveTheProduct.c(8): web_reg_find started  	[MsgId: MMSG-26355]
RemoveTheProduct.c(8): Registering web_reg_find was successful  	[MsgId: MMSG-26390]
RemoveTheProduct.c(10): web_image("cart.gif") started  	[MsgId: MMSG-26355]
RemoveTheProduct.c(10): Image-linking to "https://petstore.octoperf.com/actions/Cart.action?viewCart=", Target Frame=""  	[MsgId: MMSG-27993]
RemoveTheProduct.c(10): Resource "https://petstore.octoperf.com/css/jpetstore.css" is in the cache already and will not be downloaded again  	[MsgId: MMSG-26655]
RemoveTheProduct.c(10): Resource "https://petstore.octoperf.com/images/logo-topbar.svg" is in the cache already and will not be downloaded again  	[MsgId: MMSG-26655]
RemoveTheProduct.c(10): Resource "https://petstore.octoperf.com/images/cart.gif" is in the cache already and will not be downloaded again  	[MsgId: MMSG-26655]
RemoveTheProduct.c(10): Resource "https://petstore.octoperf.com/images/separator.gif" is in the cache already and will not be downloaded again  	[MsgId: MMSG-26655]
RemoveTheProduct.c(10): Resource "https://petstore.octoperf.com/images/sm_fish.gif" is in the cache already and will not be downloaded again  	[MsgId: MMSG-26655]
RemoveTheProduct.c(10): Resource "https://petstore.octoperf.com/images/sm_dogs.gif" is in the cache already and will not be downloaded again  	[MsgId: MMSG-26655]
RemoveTheProduct.c(10): Resource "https://petstore.octoperf.com/images/sm_reptiles.gif" is in the cache already and will not be downloaded again  	[MsgId: MMSG-26655]
RemoveTheProduct.c(10): Resource "https://petstore.octoperf.com/images/sm_cats.gif" is in the cache already and will not be downloaded again  	[MsgId: MMSG-26655]
RemoveTheProduct.c(10): Resource "https://petstore.octoperf.com/images/sm_birds.gif" is in the cache already and will not be downloaded again  	[MsgId: MMSG-26655]
RemoveTheProduct.c(10): Resource "https://petstore.octoperf.com/images/banner_fish.gif" is in the cache already and will not be downloaded again  	[MsgId: MMSG-26655]
RemoveTheProduct.c(10): Registered web_reg_find successful for "Text=Shopping Cart" (count=1)  	[MsgId: MMSG-26364]
RemoveTheProduct.c(10): web_image("cart.gif") was successful, 4643 body bytes, 225 header bytes  	[MsgId: MMSG-26386]
RemoveTheProduct.c(14): Notify: Transaction "PetStore_ClickOnViewCartR_T01" ended with a "Pass" status (Duration: 0.1286 Wasted Time: 0.0000).	[MsgId: MMSG-16871]
RemoveTheProduct.c(16): lr_think_time: 4.60 seconds (recorded think time was 5.00 seconds).	[MsgId: MMSG-15947]
AddToCard.c(40): Notify: Transaction "PetStore_SelectProductId_T02" started.	[MsgId: MMSG-16999]
AddToCard.c(43): Notify: Parameter Substitution: parameter "productId_count" =  "2"	[MsgId: MMSG-13992]
AddToCard.c(44): Notify: Parameter Substitution: parameter "productId_1" =  "RP-SN-01"	[MsgId: MMSG-13992]
AddToCard.c(46): Notify: Saving Parameter "RandproductId = RP-SN-01".	[MsgId: MMSG-13798]
AddToCard.c(47): Notify: Parameter Substitution: parameter "RandproductId" =  "RP-SN-01"	[MsgId: MMSG-13992]
AddToCard.c(47): Random category selected in Action2 = RP-SN-01	[MsgId: MMSG-17999]
AddToCard.c(49): web_reg_find started  	[MsgId: MMSG-26355]
AddToCard.c(49): Notify: Parameter Substitution: parameter "RandproductId" =  "RP-SN-01"	[MsgId: MMSG-13992]
AddToCard.c(49): Registering web_reg_find was successful  	[MsgId: MMSG-26390]
AddToCard.c(51): web_reg_save_param_regexp started  	[MsgId: MMSG-26355]
AddToCard.c(51): Registering web_reg_save_param_regexp was successful  	[MsgId: MMSG-26390]
AddToCard.c(58): web_link("{RandproductId}") started  	[MsgId: MMSG-26355]
AddToCard.c(58): Notify: Parameter Substitution: parameter "RandproductId" =  "RP-SN-01"	[MsgId: MMSG-13992]
AddToCard.c(58): Linking to "https://petstore.octoperf.com/actions/Catalog.action?viewProduct=&productId=RP-SN-01", Target Frame=""  	[MsgId: MMSG-27994]
AddToCard.c(58): Resource "https://petstore.octoperf.com/css/jpetstore.css" is in the cache already and will not be downloaded again  	[MsgId: MMSG-26655]
AddToCard.c(58): Resource "https://petstore.octoperf.com/images/logo-topbar.svg" is in the cache already and will not be downloaded again  	[MsgId: MMSG-26655]
AddToCard.c(58): Resource "https://petstore.octoperf.com/images/cart.gif" is in the cache already and will not be downloaded again  	[MsgId: MMSG-26655]
AddToCard.c(58): Resource "https://petstore.octoperf.com/images/separator.gif" is in the cache already and will not be downloaded again  	[MsgId: MMSG-26655]
AddToCard.c(58): Resource "https://petstore.octoperf.com/images/sm_fish.gif" is in the cache already and will not be downloaded again  	[MsgId: MMSG-26655]
AddToCard.c(58): Resource "https://petstore.octoperf.com/images/sm_dogs.gif" is in the cache already and will not be downloaded again  	[MsgId: MMSG-26655]
AddToCard.c(58): Resource "https://petstore.octoperf.com/images/sm_reptiles.gif" is in the cache already and will not be downloaded again  	[MsgId: MMSG-26655]
AddToCard.c(58): Resource "https://petstore.octoperf.com/images/sm_cats.gif" is in the cache already and will not be downloaded again  	[MsgId: MMSG-26655]
AddToCard.c(58): Resource "https://petstore.octoperf.com/images/sm_birds.gif" is in the cache already and will not be downloaded again  	[MsgId: MMSG-26655]
AddToCard.c(58): Resource "https://petstore.octoperf.com/images/banner_fish.gif" is in the cache already and will not be downloaded again  	[MsgId: MMSG-26655]
AddToCard.c(58): Notify: Saving Parameter "itemId_1 = EST-11".	[MsgId: MMSG-13798]
AddToCard.c(58): Notify: Saving Parameter "itemId_2 = EST-12".	[MsgId: MMSG-13798]
AddToCard.c(58): Notify: Saving Parameter "itemId_count = 2".	[MsgId: MMSG-13798]
AddToCard.c(58): Registered web_reg_find successful for "Text=RP-SN-01" (count=2)  	[MsgId: MMSG-26364]
AddToCard.c(58): web_link("{RandproductId}") was successful, 4092 body bytes, 225 header bytes  	[MsgId: MMSG-26386]
AddToCard.c(63): Notify: Transaction "PetStore_SelectProductId_T02" ended with a "Pass" status (Duration: 0.1281 Wasted Time: 0.0003).	[MsgId: MMSG-16871]
AddToCard.c(65): lr_think_time: 4.43 seconds (recorded think time was 5.00 seconds).	[MsgId: MMSG-15947]
AddToCard.c(67): Notify: Transaction "PetStore_SelectItemId_T03" started.	[MsgId: MMSG-16999]
AddToCard.c(71): Notify: Parameter Substitution: parameter "itemId_count" =  "2"	[MsgId: MMSG-13992]
AddToCard.c(72): Notify: Parameter Substitution: parameter "itemId_2" =  "EST-15"	[MsgId: MMSG-13992]
AddToCard.c(74): Notify: Saving Parameter "RanditemId = EST-15".	[MsgId: MMSG-13798]
AddToCard.c(75): Notify: Parameter Substitution: parameter "RanditemId" =  "EST-15"	[MsgId: MMSG-13992]
AddToCard.c(75): Random category selected in Action2 = EST-15	[MsgId: MMSG-17999]
AddToCard.c(77): web_reg_find started  	[MsgId: MMSG-26355]
AddToCard.c(77): Notify: Parameter Substitution: parameter "RanditemId" =  "EST-15"	[MsgId: MMSG-13992]
AddToCard.c(77): Registering web_reg_find was successful  	[MsgId: MMSG-26390]
AddToCard.c(79): web_link("{RanditemId}") started  	[MsgId: MMSG-26355]
AddToCard.c(79): Notify: Parameter Substitution: parameter "RanditemId" =  "EST-15"	[MsgId: MMSG-13992]
AddToCard.c(79): Linking to "https://petstore.octoperf.com/actions/Catalog.action?viewItem=&itemId=EST-15", Target Frame=""  	[MsgId: MMSG-27994]
AddToCard.c(79): Resource "https://petstore.octoperf.com/css/jpetstore.css" is in the cache already and will not be downloaded again  	[MsgId: MMSG-26655]
AddToCard.c(79): Resource "https://petstore.octoperf.com/images/logo-topbar.svg" is in the cache already and will not be downloaded again  	[MsgId: MMSG-26655]
AddToCard.c(79): Resource "https://petstore.octoperf.com/images/cart.gif" is in the cache already and will not be downloaded again  	[MsgId: MMSG-26655]
AddToCard.c(79): Resource "https://petstore.octoperf.com/images/separator.gif" is in the cache already and will not be downloaded again  	[MsgId: MMSG-26655]
AddToCard.c(79): Resource "https://petstore.octoperf.com/images/sm_fish.gif" is in the cache already and will not be downloaded again  	[MsgId: MMSG-26655]
AddToCard.c(79): Resource "https://petstore.octoperf.com/images/sm_dogs.gif" is in the cache already and will not be downloaded again  	[MsgId: MMSG-26655]
AddToCard.c(79): Resource "https://petstore.octoperf.com/images/sm_reptiles.gif" is in the cache already and will not be downloaded again  	[MsgId: MMSG-26655]
AddToCard.c(79): Resource "https://petstore.octoperf.com/images/sm_cats.gif" is in the cache already and will not be downloaded again  	[MsgId: MMSG-26655]
AddToCard.c(79): Resource "https://petstore.octoperf.com/images/sm_birds.gif" is in the cache already and will not be downloaded again  	[MsgId: MMSG-26655]
AddToCard.c(79): Found resource "https://petstore.octoperf.com/images/cat2.gif" in HTML "https://petstore.octoperf.com/actions/Catalog.action?viewItem=&itemId=EST-15"  	[MsgId: MMSG-26659]
AddToCard.c(79): Resource "https://petstore.octoperf.com/images/banner_fish.gif" is in the cache already and will not be downloaded again  	[MsgId: MMSG-26655]
RemoveTheProduct.c(18): Notify: Transaction "PetStore_ClickOnRemove_T02" started.	[MsgId: MMSG-16999]
RemoveTheProduct.c(20): web_reg_find started  	[MsgId: MMSG-26355]
RemoveTheProduct.c(20): Registering web_reg_find was successful  	[MsgId: MMSG-26390]
RemoveTheProduct.c(23): web_link("Remove") started  	[MsgId: MMSG-26355]
RemoveTheProduct.c(23): Linking to "https://petstore.octoperf.com/actions/Cart.action?removeItemFromCart=&workingItemId=EST-14", Target Frame=""  	[MsgId: MMSG-27994]
AddToCard.c(79): Registered web_reg_find successful for "Text=EST-15" (count=2)  	[MsgId: MMSG-26364]
AddToCard.c(79): web_link("{RanditemId}") was successful, 16468 body bytes, 511 header bytes  	[MsgId: MMSG-26386]
AddToCard.c(84): Notify: Transaction "PetStore_SelectItemId_T03" ended with a "Pass" status (Duration: 0.3772 Wasted Time: 0.0001).	[MsgId: MMSG-16871]
AddToCard.c(86): lr_think_time: 2.83 seconds (recorded think time was 5.00 seconds).	[MsgId: MMSG-15947]
RemoveTheProduct.c(23): Resource "https://petstore.octoperf.com/css/jpetstore.css" is in the cache already and will not be downloaded again  	[MsgId: MMSG-26655]
RemoveTheProduct.c(23): Resource "https://petstore.octoperf.com/images/logo-topbar.svg" is in the cache already and will not be downloaded again  	[MsgId: MMSG-26655]
RemoveTheProduct.c(23): Resource "https://petstore.octoperf.com/images/cart.gif" is in the cache already and will not be downloaded again  	[MsgId: MMSG-26655]
RemoveTheProduct.c(23): Resource "https://petstore.octoperf.com/images/separator.gif" is in the cache already and will not be downloaded again  	[MsgId: MMSG-26655]
RemoveTheProduct.c(23): Resource "https://petstore.octoperf.com/images/sm_fish.gif" is in the cache already and will not be downloaded again  	[MsgId: MMSG-26655]
RemoveTheProduct.c(23): Resource "https://petstore.octoperf.com/images/sm_dogs.gif" is in the cache already and will not be downloaded again  	[MsgId: MMSG-26655]
RemoveTheProduct.c(23): Resource "https://petstore.octoperf.com/images/sm_reptiles.gif" is in the cache already and will not be downloaded again  	[MsgId: MMSG-26655]
RemoveTheProduct.c(23): Resource "https://petstore.octoperf.com/images/sm_cats.gif" is in the cache already and will not be downloaded again  	[MsgId: MMSG-26655]
RemoveTheProduct.c(23): Resource "https://petstore.octoperf.com/images/sm_birds.gif" is in the cache already and will not be downloaded again  	[MsgId: MMSG-26655]
RemoveTheProduct.c(23): Resource "https://petstore.octoperf.com/images/banner_fish.gif" is in the cache already and will not be downloaded again  	[MsgId: MMSG-26655]
RemoveTheProduct.c(23): Registered web_reg_find successful for "Text=Your cart is empty." (count=1)  	[MsgId: MMSG-26364]
RemoveTheProduct.c(23): web_link("Remove") was successful, 4202 body bytes, 225 header bytes  	[MsgId: MMSG-26386]
RemoveTheProduct.c(28): Notify: Transaction "PetStore_ClickOnRemove_T02" ended with a "Pass" status (Duration: 0.1276 Wasted Time: 0.0000).	[MsgId: MMSG-16871]
Ending action RemoveTheProduct.	[MsgId: MMSG-15918]
Action was aborted.	[MsgId: MMSG-10694]
Ending Vuser...	[MsgId: MMSG-15966]
Starting action vuser_end.	[MsgId: MMSG-15919]
vuser_end.c(4): Notify: Transaction "PetStore_SignOut_T01" started.	[MsgId: MMSG-16999]
vuser_end.c(6): web_reg_find started  	[MsgId: MMSG-26355]
vuser_end.c(6): Registering web_reg_find was successful  	[MsgId: MMSG-26390]
vuser_end.c(9): web_url("Account.action_2") started  	[MsgId: MMSG-26355]
vuser_end.c(9): Redirecting "https://petstore.octoperf.com/actions/Account.action?signoff=" (redirection depth is 0)  	[MsgId: MMSG-26694]
vuser_end.c(9): To location "https://petstore.octoperf.com/actions/Catalog.action"  	[MsgId: MMSG-26693]
vuser_end.c(9): Resource "https://petstore.octoperf.com/css/jpetstore.css" is in the cache already and will not be downloaded again  	[MsgId: MMSG-26655]
vuser_end.c(9): Resource "https://petstore.octoperf.com/images/logo-topbar.svg" is in the cache already and will not be downloaded again  	[MsgId: MMSG-26655]
vuser_end.c(9): Resource "https://petstore.octoperf.com/images/cart.gif" is in the cache already and will not be downloaded again  	[MsgId: MMSG-26655]
vuser_end.c(9): Resource "https://petstore.octoperf.com/images/separator.gif" is in the cache already and will not be downloaded again  	[MsgId: MMSG-26655]
vuser_end.c(9): Resource "https://petstore.octoperf.com/images/sm_fish.gif" is in the cache already and will not be downloaded again  	[MsgId: MMSG-26655]
vuser_end.c(9): Resource "https://petstore.octoperf.com/images/sm_dogs.gif" is in the cache already and will not be downloaded again  	[MsgId: MMSG-26655]
vuser_end.c(9): Resource "https://petstore.octoperf.com/images/sm_reptiles.gif" is in the cache already and will not be downloaded again  	[MsgId: MMSG-26655]
vuser_end.c(9): Resource "https://petstore.octoperf.com/images/sm_cats.gif" is in the cache already and will not be downloaded again  	[MsgId: MMSG-26655]
vuser_end.c(9): Resource "https://petstore.octoperf.com/images/sm_birds.gif" is in the cache already and will not be downloaded again  	[MsgId: MMSG-26655]
vuser_end.c(9): Resource "https://petstore.octoperf.com/images/fish_icon.gif" is in the cache already and will not be downloaded again  	[MsgId: MMSG-26655]
vuser_end.c(9): Resource "https://petstore.octoperf.com/images/dogs_icon.gif" is in the cache already and will not be downloaded again  	[MsgId: MMSG-26655]
vuser_end.c(9): Resource "https://petstore.octoperf.com/images/cats_icon.gif" is in the cache already and will not be downloaded again  	[MsgId: MMSG-26655]
vuser_end.c(9): Resource "https://petstore.octoperf.com/images/reptiles_icon.gif" is in the cache already and will not be downloaded again  	[MsgId: MMSG-26655]
vuser_end.c(9): Resource "https://petstore.octoperf.com/images/birds_icon.gif" is in the cache already and will not be downloaded again  	[MsgId: MMSG-26655]
vuser_end.c(9): Resource "https://petstore.octoperf.com/images/splash.gif" is in the cache already and will not be downloaded again  	[MsgId: MMSG-26655]
vuser_end.c(9): Registered web_reg_find successful for "Text=Sign In" (count=1)  	[MsgId: MMSG-26364]
vuser_end.c(9): web_url("Account.action_2") was successful, 4736 body bytes, 518 header bytes  	[MsgId: MMSG-26386]
vuser_end.c(18): Notify: Transaction "PetStore_SignOut_T01" ended with a "Pass" status (Duration: 0.2528 Wasted Time: 0.0001).	[MsgId: MMSG-16871]
vuser_end.c(20): Script Exection done sucessfully	[MsgId: MMSG-17999]
vuser_end.c(21): web_cache_cleanup started  	[MsgId: MMSG-26355]
vuser_end.c(21): web_cache_cleanup was successful  	[MsgId: MMSG-26392]
vuser_end.c(22): web_cleanup_cookies started  	[MsgId: MMSG-26355]
vuser_end.c(22): web_cleanup_cookies was successful  	[MsgId: MMSG-26392]
Ending action vuser_end.	[MsgId: MMSG-15918]
Vuser Terminated.	[MsgId: MMSG-15963]
Vuser 4 (thread 1616), ended OK."	[MsgId: MMSG-10695]
RemoveTheProduct.c(18): Notify: Transaction "PetStore_ClickOnRemove_T02" started.	[MsgId: MMSG-16999]
RemoveTheProduct.c(20): web_reg_find started  	[MsgId: MMSG-26355]
RemoveTheProduct.c(20): Registering web_reg_find was successful  	[MsgId: MMSG-26390]
RemoveTheProduct.c(23): web_link("Remove") started  	[MsgId: MMSG-26355]
RemoveTheProduct.c(23): Linking to "https://petstore.octoperf.com/actions/Cart.action?removeItemFromCart=&workingItemId=EST-18", Target Frame=""  	[MsgId: MMSG-27994]
RemoveTheProduct.c(23): Resource "https://petstore.octoperf.com/css/jpetstore.css" is in the cache already and will not be downloaded again  	[MsgId: MMSG-26655]
RemoveTheProduct.c(23): Resource "https://petstore.octoperf.com/images/logo-topbar.svg" is in the cache already and will not be downloaded again  	[MsgId: MMSG-26655]
RemoveTheProduct.c(23): Resource "https://petstore.octoperf.com/images/cart.gif" is in the cache already and will not be downloaded again  	[MsgId: MMSG-26655]
RemoveTheProduct.c(23): Resource "https://petstore.octoperf.com/images/separator.gif" is in the cache already and will not be downloaded again  	[MsgId: MMSG-26655]
RemoveTheProduct.c(23): Resource "https://petstore.octoperf.com/images/sm_fish.gif" is in the cache already and will not be downloaded again  	[MsgId: MMSG-26655]
RemoveTheProduct.c(23): Resource "https://petstore.octoperf.com/images/sm_dogs.gif" is in the cache already and will not be downloaded again  	[MsgId: MMSG-26655]
RemoveTheProduct.c(23): Resource "https://petstore.octoperf.com/images/sm_reptiles.gif" is in the cache already and will not be downloaded again  	[MsgId: MMSG-26655]
RemoveTheProduct.c(23): Resource "https://petstore.octoperf.com/images/sm_cats.gif" is in the cache already and will not be downloaded again  	[MsgId: MMSG-26655]
RemoveTheProduct.c(23): Resource "https://petstore.octoperf.com/images/sm_birds.gif" is in the cache already and will not be downloaded again  	[MsgId: MMSG-26655]
RemoveTheProduct.c(23): Resource "https://petstore.octoperf.com/images/banner_fish.gif" is in the cache already and will not be downloaded again  	[MsgId: MMSG-26655]
RemoveTheProduct.c(23): Registered web_reg_find successful for "Text=Your cart is empty." (count=1)  	[MsgId: MMSG-26364]
RemoveTheProduct.c(23): web_link("Remove") was successful, 4202 body bytes, 225 header bytes  	[MsgId: MMSG-26386]
RemoveTheProduct.c(28): Notify: Transaction "PetStore_ClickOnRemove_T02" ended with a "Pass" status (Duration: 0.1282 Wasted Time: 0.0000).	[MsgId: MMSG-16871]
Ending action RemoveTheProduct.	[MsgId: MMSG-15918]
Action was aborted.	[MsgId: MMSG-10694]
Ending Vuser...	[MsgId: MMSG-15966]
Starting action vuser_end.	[MsgId: MMSG-15919]
vuser_end.c(4): Notify: Transaction "PetStore_SignOut_T01" started.	[MsgId: MMSG-16999]
vuser_end.c(6): web_reg_find started  	[MsgId: MMSG-26355]
vuser_end.c(6): Registering web_reg_find was successful  	[MsgId: MMSG-26390]
vuser_end.c(9): web_url("Account.action_2") started  	[MsgId: MMSG-26355]
vuser_end.c(9): Redirecting "https://petstore.octoperf.com/actions/Account.action?signoff=" (redirection depth is 0)  	[MsgId: MMSG-26694]
vuser_end.c(9): To location "https://petstore.octoperf.com/actions/Catalog.action"  	[MsgId: MMSG-26693]
vuser_end.c(9): Resource "https://petstore.octoperf.com/css/jpetstore.css" is in the cache already and will not be downloaded again  	[MsgId: MMSG-26655]
vuser_end.c(9): Resource "https://petstore.octoperf.com/images/logo-topbar.svg" is in the cache already and will not be downloaded again  	[MsgId: MMSG-26655]
vuser_end.c(9): Resource "https://petstore.octoperf.com/images/cart.gif" is in the cache already and will not be downloaded again  	[MsgId: MMSG-26655]
vuser_end.c(9): Resource "https://petstore.octoperf.com/images/separator.gif" is in the cache already and will not be downloaded again  	[MsgId: MMSG-26655]
vuser_end.c(9): Resource "https://petstore.octoperf.com/images/sm_fish.gif" is in the cache already and will not be downloaded again  	[MsgId: MMSG-26655]
vuser_end.c(9): Resource "https://petstore.octoperf.com/images/sm_dogs.gif" is in the cache already and will not be downloaded again  	[MsgId: MMSG-26655]
vuser_end.c(9): Resource "https://petstore.octoperf.com/images/sm_reptiles.gif" is in the cache already and will not be downloaded again  	[MsgId: MMSG-26655]
vuser_end.c(9): Resource "https://petstore.octoperf.com/images/sm_cats.gif" is in the cache already and will not be downloaded again  	[MsgId: MMSG-26655]
vuser_end.c(9): Resource "https://petstore.octoperf.com/images/sm_birds.gif" is in the cache already and will not be downloaded again  	[MsgId: MMSG-26655]
vuser_end.c(9): Resource "https://petstore.octoperf.com/images/fish_icon.gif" is in the cache already and will not be downloaded again  	[MsgId: MMSG-26655]
vuser_end.c(9): Resource "https://petstore.octoperf.com/images/dogs_icon.gif" is in the cache already and will not be downloaded again  	[MsgId: MMSG-26655]
vuser_end.c(9): Resource "https://petstore.octoperf.com/images/cats_icon.gif" is in the cache already and will not be downloaded again  	[MsgId: MMSG-26655]
vuser_end.c(9): Resource "https://petstore.octoperf.com/images/reptiles_icon.gif" is in the cache already and will not be downloaded again  	[MsgId: MMSG-26655]
vuser_end.c(9): Resource "https://petstore.octoperf.com/images/birds_icon.gif" is in the cache already and will not be downloaded again  	[MsgId: MMSG-26655]
vuser_end.c(9): Resource "https://petstore.octoperf.com/images/splash.gif" is in the cache already and will not be downloaded again  	[MsgId: MMSG-26655]
vuser_end.c(9): Registered web_reg_find successful for "Text=Sign In" (count=1)  	[MsgId: MMSG-26364]
vuser_end.c(9): web_url("Account.action_2") was successful, 4736 body bytes, 518 header bytes  	[MsgId: MMSG-26386]
vuser_end.c(18): Notify: Transaction "PetStore_SignOut_T01" ended with a "Pass" status (Duration: 0.4182 Wasted Time: 0.0000).	[MsgId: MMSG-16871]
vuser_end.c(20): Script Exection done sucessfully	[MsgId: MMSG-17999]
vuser_end.c(21): web_cache_cleanup started  	[MsgId: MMSG-26355]
vuser_end.c(21): web_cache_cleanup was successful  	[MsgId: MMSG-26392]
vuser_end.c(22): web_cleanup_cookies started  	[MsgId: MMSG-26355]
vuser_end.c(22): web_cleanup_cookies was successful  	[MsgId: MMSG-26392]
Ending action vuser_end.	[MsgId: MMSG-15918]
Vuser Terminated.	[MsgId: MMSG-15963]
Vuser 5 (thread 440), ended OK."	[MsgId: MMSG-10695]
AddToCard.c(67): Notify: Transaction "PetStore_SelectItemId_T03" started.	[MsgId: MMSG-16999]
AddToCard.c(71): Notify: Parameter Substitution: parameter "itemId_count" =  "2"	[MsgId: MMSG-13992]
AddToCard.c(72): Notify: Parameter Substitution: parameter "itemId_1" =  "EST-11"	[MsgId: MMSG-13992]
AddToCard.c(74): Notify: Saving Parameter "RanditemId = EST-11".	[MsgId: MMSG-13798]
AddToCard.c(75): Notify: Parameter Substitution: parameter "RanditemId" =  "EST-11"	[MsgId: MMSG-13992]
AddToCard.c(75): Random category selected in Action2 = EST-11	[MsgId: MMSG-17999]
AddToCard.c(77): web_reg_find started  	[MsgId: MMSG-26355]
AddToCard.c(77): Notify: Parameter Substitution: parameter "RanditemId" =  "EST-11"	[MsgId: MMSG-13992]
AddToCard.c(77): Registering web_reg_find was successful  	[MsgId: MMSG-26390]
AddToCard.c(79): web_link("{RanditemId}") started  	[MsgId: MMSG-26355]
AddToCard.c(79): Notify: Parameter Substitution: parameter "RanditemId" =  "EST-11"	[MsgId: MMSG-13992]
AddToCard.c(79): Linking to "https://petstore.octoperf.com/actions/Catalog.action?viewItem=&itemId=EST-11", Target Frame=""  	[MsgId: MMSG-27994]
AddToCard.c(79): Resource "https://petstore.octoperf.com/css/jpetstore.css" is in the cache already and will not be downloaded again  	[MsgId: MMSG-26655]
AddToCard.c(79): Resource "https://petstore.octoperf.com/images/logo-topbar.svg" is in the cache already and will not be downloaded again  	[MsgId: MMSG-26655]
AddToCard.c(79): Resource "https://petstore.octoperf.com/images/cart.gif" is in the cache already and will not be downloaded again  	[MsgId: MMSG-26655]
AddToCard.c(79): Resource "https://petstore.octoperf.com/images/separator.gif" is in the cache already and will not be downloaded again  	[MsgId: MMSG-26655]
AddToCard.c(79): Resource "https://petstore.octoperf.com/images/sm_fish.gif" is in the cache already and will not be downloaded again  	[MsgId: MMSG-26655]
AddToCard.c(79): Resource "https://petstore.octoperf.com/images/sm_dogs.gif" is in the cache already and will not be downloaded again  	[MsgId: MMSG-26655]
AddToCard.c(79): Resource "https://petstore.octoperf.com/images/sm_reptiles.gif" is in the cache already and will not be downloaded again  	[MsgId: MMSG-26655]
AddToCard.c(79): Resource "https://petstore.octoperf.com/images/sm_cats.gif" is in the cache already and will not be downloaded again  	[MsgId: MMSG-26655]
AddToCard.c(79): Resource "https://petstore.octoperf.com/images/sm_birds.gif" is in the cache already and will not be downloaded again  	[MsgId: MMSG-26655]
AddToCard.c(79): Found resource "https://petstore.octoperf.com/images/snake1.gif" in HTML "https://petstore.octoperf.com/actions/Catalog.action?viewItem=&itemId=EST-11"  	[MsgId: MMSG-26659]
AddToCard.c(79): Resource "https://petstore.octoperf.com/images/banner_fish.gif" is in the cache already and will not be downloaded again  	[MsgId: MMSG-26655]
AddToCard.c(88): Notify: Transaction "PetStore_AddToCard_T04" started.	[MsgId: MMSG-16999]
AddToCard.c(90): web_reg_find started  	[MsgId: MMSG-26355]
AddToCard.c(90): Registering web_reg_find was successful  	[MsgId: MMSG-26390]
AddToCard.c(94): web_link("Add to Cart") started  	[MsgId: MMSG-26355]
AddToCard.c(94): Linking to "https://petstore.octoperf.com/actions/Cart.action?addItemToCart=&workingItemId=EST-15", Target Frame=""  	[MsgId: MMSG-27994]
AddToCard.c(79): Registered web_reg_find successful for "Text=EST-11" (count=2)  	[MsgId: MMSG-26364]
AddToCard.c(79): web_link("{RanditemId}") was successful, 16843 body bytes, 511 header bytes  	[MsgId: MMSG-26386]
AddToCard.c(84): Notify: Transaction "PetStore_SelectItemId_T03" ended with a "Pass" status (Duration: 0.3726 Wasted Time: 0.0000).	[MsgId: MMSG-16871]
AddToCard.c(86): lr_think_time: 3.66 seconds (recorded think time was 5.00 seconds).	[MsgId: MMSG-15947]
AddToCard.c(94): Resource "https://petstore.octoperf.com/css/jpetstore.css" is in the cache already and will not be downloaded again  	[MsgId: MMSG-26655]
AddToCard.c(94): Resource "https://petstore.octoperf.com/images/logo-topbar.svg" is in the cache already and will not be downloaded again  	[MsgId: MMSG-26655]
AddToCard.c(94): Resource "https://petstore.octoperf.com/images/cart.gif" is in the cache already and will not be downloaded again  	[MsgId: MMSG-26655]
AddToCard.c(94): Resource "https://petstore.octoperf.com/images/separator.gif" is in the cache already and will not be downloaded again  	[MsgId: MMSG-26655]
AddToCard.c(94): Resource "https://petstore.octoperf.com/images/sm_fish.gif" is in the cache already and will not be downloaded again  	[MsgId: MMSG-26655]
AddToCard.c(94): Resource "https://petstore.octoperf.com/images/sm_dogs.gif" is in the cache already and will not be downloaded again  	[MsgId: MMSG-26655]
AddToCard.c(94): Resource "https://petstore.octoperf.com/images/sm_reptiles.gif" is in the cache already and will not be downloaded again  	[MsgId: MMSG-26655]
AddToCard.c(94): Resource "https://petstore.octoperf.com/images/sm_cats.gif" is in the cache already and will not be downloaded again  	[MsgId: MMSG-26655]
AddToCard.c(94): Resource "https://petstore.octoperf.com/images/sm_birds.gif" is in the cache already and will not be downloaded again  	[MsgId: MMSG-26655]
AddToCard.c(94): Resource "https://petstore.octoperf.com/images/banner_fish.gif" is in the cache already and will not be downloaded again  	[MsgId: MMSG-26655]
AddToCard.c(94): Registered web_reg_find successful for "Text=Shopping Cart" (count=1)  	[MsgId: MMSG-26364]
AddToCard.c(94): web_link("Add to Cart") was successful, 4631 body bytes, 225 header bytes  	[MsgId: MMSG-26386]
AddToCard.c(99): Notify: Transaction "PetStore_AddToCard_T04" ended with a "Pass" status (Duration: 0.1256 Wasted Time: 0.0000).	[MsgId: MMSG-16871]
RemoveTheProduct.c(7): Notify: Transaction "PetStore_ClickOnViewCartR_T01" started.	[MsgId: MMSG-16999]
RemoveTheProduct.c(8): web_reg_find started  	[MsgId: MMSG-26355]
RemoveTheProduct.c(8): Registering web_reg_find was successful  	[MsgId: MMSG-26390]
RemoveTheProduct.c(10): web_image("cart.gif") started  	[MsgId: MMSG-26355]
RemoveTheProduct.c(10): Image-linking to "https://petstore.octoperf.com/actions/Cart.action?viewCart=", Target Frame=""  	[MsgId: MMSG-27993]
RemoveTheProduct.c(10): Resource "https://petstore.octoperf.com/css/jpetstore.css" is in the cache already and will not be downloaded again  	[MsgId: MMSG-26655]
RemoveTheProduct.c(10): Resource "https://petstore.octoperf.com/images/logo-topbar.svg" is in the cache already and will not be downloaded again  	[MsgId: MMSG-26655]
RemoveTheProduct.c(10): Resource "https://petstore.octoperf.com/images/cart.gif" is in the cache already and will not be downloaded again  	[MsgId: MMSG-26655]
RemoveTheProduct.c(10): Resource "https://petstore.octoperf.com/images/separator.gif" is in the cache already and will not be downloaded again  	[MsgId: MMSG-26655]
RemoveTheProduct.c(10): Resource "https://petstore.octoperf.com/images/sm_fish.gif" is in the cache already and will not be downloaded again  	[MsgId: MMSG-26655]
RemoveTheProduct.c(10): Resource "https://petstore.octoperf.com/images/sm_dogs.gif" is in the cache already and will not be downloaded again  	[MsgId: MMSG-26655]
RemoveTheProduct.c(10): Resource "https://petstore.octoperf.com/images/sm_reptiles.gif" is in the cache already and will not be downloaded again  	[MsgId: MMSG-26655]
RemoveTheProduct.c(10): Resource "https://petstore.octoperf.com/images/sm_cats.gif" is in the cache already and will not be downloaded again  	[MsgId: MMSG-26655]
RemoveTheProduct.c(10): Resource "https://petstore.octoperf.com/images/sm_birds.gif" is in the cache already and will not be downloaded again  	[MsgId: MMSG-26655]
RemoveTheProduct.c(10): Resource "https://petstore.octoperf.com/images/banner_fish.gif" is in the cache already and will not be downloaded again  	[MsgId: MMSG-26655]
RemoveTheProduct.c(10): Registered web_reg_find successful for "Text=Shopping Cart" (count=1)  	[MsgId: MMSG-26364]
RemoveTheProduct.c(10): web_image("cart.gif") was successful, 4631 body bytes, 225 header bytes  	[MsgId: MMSG-26386]
RemoveTheProduct.c(14): Notify: Transaction "PetStore_ClickOnViewCartR_T01" ended with a "Pass" status (Duration: 0.1288 Wasted Time: 0.0000).	[MsgId: MMSG-16871]
RemoveTheProduct.c(16): lr_think_time: 5.00 seconds (recorded think time was 5.00 seconds).	[MsgId: MMSG-15947]
AddToCard.c(88): Notify: Transaction "PetStore_AddToCard_T04" started.	[MsgId: MMSG-16999]
AddToCard.c(90): web_reg_find started  	[MsgId: MMSG-26355]
AddToCard.c(90): Registering web_reg_find was successful  	[MsgId: MMSG-26390]
AddToCard.c(94): web_link("Add to Cart") started  	[MsgId: MMSG-26355]
AddToCard.c(94): Linking to "https://petstore.octoperf.com/actions/Cart.action?addItemToCart=&workingItemId=EST-11", Target Frame=""  	[MsgId: MMSG-27994]
AddToCard.c(94): Resource "https://petstore.octoperf.com/css/jpetstore.css" is in the cache already and will not be downloaded again  	[MsgId: MMSG-26655]
AddToCard.c(94): Resource "https://petstore.octoperf.com/images/logo-topbar.svg" is in the cache already and will not be downloaded again  	[MsgId: MMSG-26655]
AddToCard.c(94): Resource "https://petstore.octoperf.com/images/cart.gif" is in the cache already and will not be downloaded again  	[MsgId: MMSG-26655]
AddToCard.c(94): Resource "https://petstore.octoperf.com/images/separator.gif" is in the cache already and will not be downloaded again  	[MsgId: MMSG-26655]
AddToCard.c(94): Resource "https://petstore.octoperf.com/images/sm_fish.gif" is in the cache already and will not be downloaded again  	[MsgId: MMSG-26655]
AddToCard.c(94): Resource "https://petstore.octoperf.com/images/sm_dogs.gif" is in the cache already and will not be downloaded again  	[MsgId: MMSG-26655]
AddToCard.c(94): Resource "https://petstore.octoperf.com/images/sm_reptiles.gif" is in the cache already and will not be downloaded again  	[MsgId: MMSG-26655]
AddToCard.c(94): Resource "https://petstore.octoperf.com/images/sm_cats.gif" is in the cache already and will not be downloaded again  	[MsgId: MMSG-26655]
AddToCard.c(94): Resource "https://petstore.octoperf.com/images/sm_birds.gif" is in the cache already and will not be downloaded again  	[MsgId: MMSG-26655]
AddToCard.c(94): Resource "https://petstore.octoperf.com/images/banner_fish.gif" is in the cache already and will not be downloaded again  	[MsgId: MMSG-26655]
AddToCard.c(94): Registered web_reg_find successful for "Text=Shopping Cart" (count=1)  	[MsgId: MMSG-26364]
AddToCard.c(94): web_link("Add to Cart") was successful, 4637 body bytes, 225 header bytes  	[MsgId: MMSG-26386]
AddToCard.c(99): Notify: Transaction "PetStore_AddToCard_T04" ended with a "Pass" status (Duration: 0.1282 Wasted Time: 0.0000).	[MsgId: MMSG-16871]
RemoveTheProduct.c(7): Notify: Transaction "PetStore_ClickOnViewCartR_T01" started.	[MsgId: MMSG-16999]
RemoveTheProduct.c(8): web_reg_find started  	[MsgId: MMSG-26355]
RemoveTheProduct.c(8): Registering web_reg_find was successful  	[MsgId: MMSG-26390]
RemoveTheProduct.c(10): web_image("cart.gif") started  	[MsgId: MMSG-26355]
RemoveTheProduct.c(10): Image-linking to "https://petstore.octoperf.com/actions/Cart.action?viewCart=", Target Frame=""  	[MsgId: MMSG-27993]
RemoveTheProduct.c(10): Resource "https://petstore.octoperf.com/css/jpetstore.css" is in the cache already and will not be downloaded again  	[MsgId: MMSG-26655]
RemoveTheProduct.c(10): Resource "https://petstore.octoperf.com/images/logo-topbar.svg" is in the cache already and will not be downloaded again  	[MsgId: MMSG-26655]
RemoveTheProduct.c(10): Resource "https://petstore.octoperf.com/images/cart.gif" is in the cache already and will not be downloaded again  	[MsgId: MMSG-26655]
RemoveTheProduct.c(10): Resource "https://petstore.octoperf.com/images/separator.gif" is in the cache already and will not be downloaded again  	[MsgId: MMSG-26655]
RemoveTheProduct.c(10): Resource "https://petstore.octoperf.com/images/sm_fish.gif" is in the cache already and will not be downloaded again  	[MsgId: MMSG-26655]
RemoveTheProduct.c(10): Resource "https://petstore.octoperf.com/images/sm_dogs.gif" is in the cache already and will not be downloaded again  	[MsgId: MMSG-26655]
RemoveTheProduct.c(10): Resource "https://petstore.octoperf.com/images/sm_reptiles.gif" is in the cache already and will not be downloaded again  	[MsgId: MMSG-26655]
RemoveTheProduct.c(10): Resource "https://petstore.octoperf.com/images/sm_cats.gif" is in the cache already and will not be downloaded again  	[MsgId: MMSG-26655]
RemoveTheProduct.c(10): Resource "https://petstore.octoperf.com/images/sm_birds.gif" is in the cache already and will not be downloaded again  	[MsgId: MMSG-26655]
RemoveTheProduct.c(10): Resource "https://petstore.octoperf.com/images/banner_fish.gif" is in the cache already and will not be downloaded again  	[MsgId: MMSG-26655]
RemoveTheProduct.c(10): Registered web_reg_find successful for "Text=Shopping Cart" (count=1)  	[MsgId: MMSG-26364]
RemoveTheProduct.c(10): web_image("cart.gif") was successful, 4637 body bytes, 225 header bytes  	[MsgId: MMSG-26386]
RemoveTheProduct.c(14): Notify: Transaction "PetStore_ClickOnViewCartR_T01" ended with a "Pass" status (Duration: 0.1280 Wasted Time: 0.0000).	[MsgId: MMSG-16871]
RemoveTheProduct.c(16): lr_think_time: 3.18 seconds (recorded think time was 5.00 seconds).	[MsgId: MMSG-15947]
RemoveTheProduct.c(18): Notify: Transaction "PetStore_ClickOnRemove_T02" started.	[MsgId: MMSG-16999]
RemoveTheProduct.c(20): web_reg_find started  	[MsgId: MMSG-26355]
RemoveTheProduct.c(20): Registering web_reg_find was successful  	[MsgId: MMSG-26390]
RemoveTheProduct.c(23): web_link("Remove") started  	[MsgId: MMSG-26355]
RemoveTheProduct.c(23): Linking to "https://petstore.octoperf.com/actions/Cart.action?removeItemFromCart=&workingItemId=EST-15", Target Frame=""  	[MsgId: MMSG-27994]
RemoveTheProduct.c(23): Resource "https://petstore.octoperf.com/css/jpetstore.css" is in the cache already and will not be downloaded again  	[MsgId: MMSG-26655]
RemoveTheProduct.c(23): Resource "https://petstore.octoperf.com/images/logo-topbar.svg" is in the cache already and will not be downloaded again  	[MsgId: MMSG-26655]
RemoveTheProduct.c(23): Resource "https://petstore.octoperf.com/images/cart.gif" is in the cache already and will not be downloaded again  	[MsgId: MMSG-26655]
RemoveTheProduct.c(23): Resource "https://petstore.octoperf.com/images/separator.gif" is in the cache already and will not be downloaded again  	[MsgId: MMSG-26655]
RemoveTheProduct.c(23): Resource "https://petstore.octoperf.com/images/sm_fish.gif" is in the cache already and will not be downloaded again  	[MsgId: MMSG-26655]
RemoveTheProduct.c(23): Resource "https://petstore.octoperf.com/images/sm_dogs.gif" is in the cache already and will not be downloaded again  	[MsgId: MMSG-26655]
RemoveTheProduct.c(23): Resource "https://petstore.octoperf.com/images/sm_reptiles.gif" is in the cache already and will not be downloaded again  	[MsgId: MMSG-26655]
RemoveTheProduct.c(23): Resource "https://petstore.octoperf.com/images/sm_cats.gif" is in the cache already and will not be downloaded again  	[MsgId: MMSG-26655]
RemoveTheProduct.c(23): Resource "https://petstore.octoperf.com/images/sm_birds.gif" is in the cache already and will not be downloaded again  	[MsgId: MMSG-26655]
RemoveTheProduct.c(23): Resource "https://petstore.octoperf.com/images/banner_fish.gif" is in the cache already and will not be downloaded again  	[MsgId: MMSG-26655]
RemoveTheProduct.c(23): Registered web_reg_find successful for "Text=Your cart is empty." (count=1)  	[MsgId: MMSG-26364]
RemoveTheProduct.c(23): web_link("Remove") was successful, 4202 body bytes, 225 header bytes  	[MsgId: MMSG-26386]
RemoveTheProduct.c(28): Notify: Transaction "PetStore_ClickOnRemove_T02" ended with a "Pass" status (Duration: 0.1280 Wasted Time: 0.0000).	[MsgId: MMSG-16871]
Ending action RemoveTheProduct.	[MsgId: MMSG-15918]
Action was aborted.	[MsgId: MMSG-10694]
Ending Vuser...	[MsgId: MMSG-15966]
Starting action vuser_end.	[MsgId: MMSG-15919]
vuser_end.c(4): Notify: Transaction "PetStore_SignOut_T01" started.	[MsgId: MMSG-16999]
vuser_end.c(6): web_reg_find started  	[MsgId: MMSG-26355]
vuser_end.c(6): Registering web_reg_find was successful  	[MsgId: MMSG-26390]
vuser_end.c(9): web_url("Account.action_2") started  	[MsgId: MMSG-26355]
vuser_end.c(9): Redirecting "https://petstore.octoperf.com/actions/Account.action?signoff=" (redirection depth is 0)  	[MsgId: MMSG-26694]
vuser_end.c(9): To location "https://petstore.octoperf.com/actions/Catalog.action"  	[MsgId: MMSG-26693]
vuser_end.c(9): Resource "https://petstore.octoperf.com/css/jpetstore.css" is in the cache already and will not be downloaded again  	[MsgId: MMSG-26655]
vuser_end.c(9): Resource "https://petstore.octoperf.com/images/logo-topbar.svg" is in the cache already and will not be downloaded again  	[MsgId: MMSG-26655]
vuser_end.c(9): Resource "https://petstore.octoperf.com/images/cart.gif" is in the cache already and will not be downloaded again  	[MsgId: MMSG-26655]
vuser_end.c(9): Resource "https://petstore.octoperf.com/images/separator.gif" is in the cache already and will not be downloaded again  	[MsgId: MMSG-26655]
vuser_end.c(9): Resource "https://petstore.octoperf.com/images/sm_fish.gif" is in the cache already and will not be downloaded again  	[MsgId: MMSG-26655]
vuser_end.c(9): Resource "https://petstore.octoperf.com/images/sm_dogs.gif" is in the cache already and will not be downloaded again  	[MsgId: MMSG-26655]
vuser_end.c(9): Resource "https://petstore.octoperf.com/images/sm_reptiles.gif" is in the cache already and will not be downloaded again  	[MsgId: MMSG-26655]
vuser_end.c(9): Resource "https://petstore.octoperf.com/images/sm_cats.gif" is in the cache already and will not be downloaded again  	[MsgId: MMSG-26655]
vuser_end.c(9): Resource "https://petstore.octoperf.com/images/sm_birds.gif" is in the cache already and will not be downloaded again  	[MsgId: MMSG-26655]
vuser_end.c(9): Resource "https://petstore.octoperf.com/images/fish_icon.gif" is in the cache already and will not be downloaded again  	[MsgId: MMSG-26655]
vuser_end.c(9): Resource "https://petstore.octoperf.com/images/dogs_icon.gif" is in the cache already and will not be downloaded again  	[MsgId: MMSG-26655]
vuser_end.c(9): Resource "https://petstore.octoperf.com/images/cats_icon.gif" is in the cache already and will not be downloaded again  	[MsgId: MMSG-26655]
vuser_end.c(9): Resource "https://petstore.octoperf.com/images/reptiles_icon.gif" is in the cache already and will not be downloaded again  	[MsgId: MMSG-26655]
vuser_end.c(9): Resource "https://petstore.octoperf.com/images/birds_icon.gif" is in the cache already and will not be downloaded again  	[MsgId: MMSG-26655]
vuser_end.c(9): Resource "https://petstore.octoperf.com/images/splash.gif" is in the cache already and will not be downloaded again  	[MsgId: MMSG-26655]
vuser_end.c(9): Registered web_reg_find successful for "Text=Sign In" (count=1)  	[MsgId: MMSG-26364]
vuser_end.c(9): web_url("Account.action_2") was successful, 4736 body bytes, 518 header bytes  	[MsgId: MMSG-26386]
vuser_end.c(18): Notify: Transaction "PetStore_SignOut_T01" ended with a "Pass" status (Duration: 0.2553 Wasted Time: 0.0000).	[MsgId: MMSG-16871]
vuser_end.c(20): Script Exection done sucessfully	[MsgId: MMSG-17999]
vuser_end.c(21): web_cache_cleanup started  	[MsgId: MMSG-26355]
vuser_end.c(21): web_cache_cleanup was successful  	[MsgId: MMSG-26392]
vuser_end.c(22): web_cleanup_cookies started  	[MsgId: MMSG-26355]
vuser_end.c(22): web_cleanup_cookies was successful  	[MsgId: MMSG-26392]
Ending action vuser_end.	[MsgId: MMSG-15918]
Vuser Terminated.	[MsgId: MMSG-15963]
Vuser 6 (thread 712), ended OK."	[MsgId: MMSG-10695]
RemoveTheProduct.c(18): Notify: Transaction "PetStore_ClickOnRemove_T02" started.	[MsgId: MMSG-16999]
RemoveTheProduct.c(20): web_reg_find started  	[MsgId: MMSG-26355]
RemoveTheProduct.c(20): Registering web_reg_find was successful  	[MsgId: MMSG-26390]
RemoveTheProduct.c(23): web_link("Remove") started  	[MsgId: MMSG-26355]
RemoveTheProduct.c(23): Linking to "https://petstore.octoperf.com/actions/Cart.action?removeItemFromCart=&workingItemId=EST-11", Target Frame=""  	[MsgId: MMSG-27994]
RemoveTheProduct.c(23): Resource "https://petstore.octoperf.com/css/jpetstore.css" is in the cache already and will not be downloaded again  	[MsgId: MMSG-26655]
RemoveTheProduct.c(23): Resource "https://petstore.octoperf.com/images/logo-topbar.svg" is in the cache already and will not be downloaded again  	[MsgId: MMSG-26655]
RemoveTheProduct.c(23): Resource "https://petstore.octoperf.com/images/cart.gif" is in the cache already and will not be downloaded again  	[MsgId: MMSG-26655]
RemoveTheProduct.c(23): Resource "https://petstore.octoperf.com/images/separator.gif" is in the cache already and will not be downloaded again  	[MsgId: MMSG-26655]
RemoveTheProduct.c(23): Resource "https://petstore.octoperf.com/images/sm_fish.gif" is in the cache already and will not be downloaded again  	[MsgId: MMSG-26655]
RemoveTheProduct.c(23): Resource "https://petstore.octoperf.com/images/sm_dogs.gif" is in the cache already and will not be downloaded again  	[MsgId: MMSG-26655]
RemoveTheProduct.c(23): Resource "https://petstore.octoperf.com/images/sm_reptiles.gif" is in the cache already and will not be downloaded again  	[MsgId: MMSG-26655]
RemoveTheProduct.c(23): Resource "https://petstore.octoperf.com/images/sm_cats.gif" is in the cache already and will not be downloaded again  	[MsgId: MMSG-26655]
RemoveTheProduct.c(23): Resource "https://petstore.octoperf.com/images/sm_birds.gif" is in the cache already and will not be downloaded again  	[MsgId: MMSG-26655]
RemoveTheProduct.c(23): Resource "https://petstore.octoperf.com/images/banner_fish.gif" is in the cache already and will not be downloaded again  	[MsgId: MMSG-26655]
RemoveTheProduct.c(23): Registered web_reg_find successful for "Text=Your cart is empty." (count=1)  	[MsgId: MMSG-26364]
RemoveTheProduct.c(23): web_link("Remove") was successful, 4202 body bytes, 225 header bytes  	[MsgId: MMSG-26386]
RemoveTheProduct.c(28): Notify: Transaction "PetStore_ClickOnRemove_T02" ended with a "Pass" status (Duration: 0.1260 Wasted Time: 0.0000).	[MsgId: MMSG-16871]
Ending action RemoveTheProduct.	[MsgId: MMSG-15918]
Action was aborted.	[MsgId: MMSG-10694]
Ending Vuser...	[MsgId: MMSG-15966]
Starting action vuser_end.	[MsgId: MMSG-15919]
vuser_end.c(4): Notify: Transaction "PetStore_SignOut_T01" started.	[MsgId: MMSG-16999]
vuser_end.c(6): web_reg_find started  	[MsgId: MMSG-26355]
vuser_end.c(6): Registering web_reg_find was successful  	[MsgId: MMSG-26390]
vuser_end.c(9): web_url("Account.action_2") started  	[MsgId: MMSG-26355]
vuser_end.c(9): Redirecting "https://petstore.octoperf.com/actions/Account.action?signoff=" (redirection depth is 0)  	[MsgId: MMSG-26694]
vuser_end.c(9): To location "https://petstore.octoperf.com/actions/Catalog.action"  	[MsgId: MMSG-26693]
vuser_end.c(9): Resource "https://petstore.octoperf.com/css/jpetstore.css" is in the cache already and will not be downloaded again  	[MsgId: MMSG-26655]
vuser_end.c(9): Resource "https://petstore.octoperf.com/images/logo-topbar.svg" is in the cache already and will not be downloaded again  	[MsgId: MMSG-26655]
vuser_end.c(9): Resource "https://petstore.octoperf.com/images/cart.gif" is in the cache already and will not be downloaded again  	[MsgId: MMSG-26655]
vuser_end.c(9): Resource "https://petstore.octoperf.com/images/separator.gif" is in the cache already and will not be downloaded again  	[MsgId: MMSG-26655]
vuser_end.c(9): Resource "https://petstore.octoperf.com/images/sm_fish.gif" is in the cache already and will not be downloaded again  	[MsgId: MMSG-26655]
vuser_end.c(9): Resource "https://petstore.octoperf.com/images/sm_dogs.gif" is in the cache already and will not be downloaded again  	[MsgId: MMSG-26655]
vuser_end.c(9): Resource "https://petstore.octoperf.com/images/sm_reptiles.gif" is in the cache already and will not be downloaded again  	[MsgId: MMSG-26655]
vuser_end.c(9): Resource "https://petstore.octoperf.com/images/sm_cats.gif" is in the cache already and will not be downloaded again  	[MsgId: MMSG-26655]
vuser_end.c(9): Resource "https://petstore.octoperf.com/images/sm_birds.gif" is in the cache already and will not be downloaded again  	[MsgId: MMSG-26655]
vuser_end.c(9): Resource "https://petstore.octoperf.com/images/fish_icon.gif" is in the cache already and will not be downloaded again  	[MsgId: MMSG-26655]
vuser_end.c(9): Resource "https://petstore.octoperf.com/images/dogs_icon.gif" is in the cache already and will not be downloaded again  	[MsgId: MMSG-26655]
vuser_end.c(9): Resource "https://petstore.octoperf.com/images/cats_icon.gif" is in the cache already and will not be downloaded again  	[MsgId: MMSG-26655]
vuser_end.c(9): Resource "https://petstore.octoperf.com/images/reptiles_icon.gif" is in the cache already and will not be downloaded again  	[MsgId: MMSG-26655]
vuser_end.c(9): Resource "https://petstore.octoperf.com/images/birds_icon.gif" is in the cache already and will not be downloaded again  	[MsgId: MMSG-26655]
vuser_end.c(9): Resource "https://petstore.octoperf.com/images/splash.gif" is in the cache already and will not be downloaded again  	[MsgId: MMSG-26655]
vuser_end.c(9): Registered web_reg_find successful for "Text=Sign In" (count=1)  	[MsgId: MMSG-26364]
vuser_end.c(9): web_url("Account.action_2") was successful, 4736 body bytes, 518 header bytes  	[MsgId: MMSG-26386]
vuser_end.c(18): Notify: Transaction "PetStore_SignOut_T01" ended with a "Pass" status (Duration: 0.2510 Wasted Time: 0.0000).	[MsgId: MMSG-16871]
vuser_end.c(20): Script Exection done sucessfully	[MsgId: MMSG-17999]
vuser_end.c(21): web_cache_cleanup started  	[MsgId: MMSG-26355]
vuser_end.c(21): web_cache_cleanup was successful  	[MsgId: MMSG-26392]
vuser_end.c(22): web_cleanup_cookies started  	[MsgId: MMSG-26355]
vuser_end.c(22): web_cleanup_cookies was successful  	[MsgId: MMSG-26392]
Ending action vuser_end.	[MsgId: MMSG-15918]
Vuser Terminated.	[MsgId: MMSG-15963]
Vuser 7 (thread 6384), ended OK."	[MsgId: MMSG-10695]
