Virtual User Script started at: 20-Oct-25 2:07:32 PM	[MsgId: MMSG-15967]
Starting action vuser_init.	[MsgId: MMSG-15919]
Virtual User Script started at: 20-Oct-25 2:07:32 PM	[MsgId: MMSG-15967]
Virtual User Script started at: 20-Oct-25 2:07:32 PM	[MsgId: MMSG-15967]
Starting action vuser_init.	[MsgId: MMSG-15919]
Web Turbo Replay of LoadRunner 2022.0.0 for Windows 2019; build 605 (Mar 08 2022 19:29:30)  	[MsgId: MMSG-26983]
Web Turbo Replay of LoadRunner 2022.0.0 for Windows 2019; build 605 (Mar 08 2022 19:29:30)  	[MsgId: MMSG-26983]
Run mode: HTML  	[MsgId: MMSG-26993]
Run mode: HTML  	[MsgId: MMSG-26993]
Replay user agent: Mozilla/5.0 (compatible; MSIE 10.0; Windows NT 6.1; Trident/6.0)  	[MsgId: MMSG-26988]
Runtime Settings file: "C:\Users\Administrator\AppData\Local\Temp\2\lr5tmpdirRkj.332\lrcfgK9l.344\cfgTJw.355"  	[MsgId: MMSG-27141]
Replay user agent: Mozilla/5.0 (compatible; MSIE 10.0; Windows NT 6.1; Trident/6.0)  	[MsgId: MMSG-26988]
Runtime Settings file: "C:\Users\Administrator\AppData\Local\Temp\2\lr5tmpdirRkj.332\lrcfgK9l.344\cfgTJw.355"  	[MsgId: MMSG-27141]
Starting action vuser_init.	[MsgId: MMSG-15919]
Web Turbo Replay of LoadRunner 2022.0.0 for Windows 2019; build 605 (Mar 08 2022 19:29:30)  	[MsgId: MMSG-26983]
Run mode: HTML  	[MsgId: MMSG-26993]
Replay user agent: Mozilla/5.0 (compatible; MSIE 10.0; Windows NT 6.1; Trident/6.0)  	[MsgId: MMSG-26988]
Runtime Settings file: "C:\Users\Administrator\AppData\Local\Temp\2\lr5tmpdirRkj.332\lrcfgK9l.344\cfgTJw.355"  	[MsgId: MMSG-27141]
vuser_init.c(3): Script Started	[MsgId: MMSG-17999]
vuser_init.c(4): web_cleanup_cookies started  	[MsgId: MMSG-26355]
vuser_init.c(4): web_cleanup_cookies was successful  	[MsgId: MMSG-26392]
vuser_init.c(5): web_cache_cleanup started  	[MsgId: MMSG-26355]
vuser_init.c(5): web_cache_cleanup was successful  	[MsgId: MMSG-26392]
vuser_init.c(6): web_cleanup_auto_headers started  	[MsgId: MMSG-26355]
vuser_init.c(6): web_cleanup_auto_headers was successful  	[MsgId: MMSG-26392]
vuser_init.c(7): web_set_sockets_option started  	[MsgId: MMSG-26355]
vuser_init.c(7): web_set_sockets_option was successful  	[MsgId: MMSG-26392]
vuser_init.c(9): Notify: Transaction "PetStore_LaunchPetStore_T01" started.	[MsgId: MMSG-16999]
vuser_init.c(3): Script Started	[MsgId: MMSG-17999]
vuser_init.c(3): Script Started	[MsgId: MMSG-17999]
vuser_init.c(4): web_cleanup_cookies started  	[MsgId: MMSG-26355]
vuser_init.c(4): web_cleanup_cookies started  	[MsgId: MMSG-26355]
vuser_init.c(11): web_reg_find started  	[MsgId: MMSG-26355]
vuser_init.c(11): Registering web_reg_find was successful  	[MsgId: MMSG-26390]
vuser_init.c(13): web_url("petstore.octoperf.com") started  	[MsgId: MMSG-26355]
vuser_init.c(4): web_cleanup_cookies was successful  	[MsgId: MMSG-26392]
vuser_init.c(5): web_cache_cleanup started  	[MsgId: MMSG-26355]
vuser_init.c(5): web_cache_cleanup was successful  	[MsgId: MMSG-26392]
vuser_init.c(6): web_cleanup_auto_headers started  	[MsgId: MMSG-26355]
vuser_init.c(6): web_cleanup_auto_headers was successful  	[MsgId: MMSG-26392]
vuser_init.c(7): web_set_sockets_option started  	[MsgId: MMSG-26355]
vuser_init.c(7): web_set_sockets_option was successful  	[MsgId: MMSG-26392]
vuser_init.c(4): web_cleanup_cookies was successful  	[MsgId: MMSG-26392]
vuser_init.c(9): Notify: Transaction "PetStore_LaunchPetStore_T01" started.	[MsgId: MMSG-16999]
vuser_init.c(5): web_cache_cleanup started  	[MsgId: MMSG-26355]
vuser_init.c(11): web_reg_find started  	[MsgId: MMSG-26355]
vuser_init.c(5): web_cache_cleanup was successful  	[MsgId: MMSG-26392]
vuser_init.c(6): web_cleanup_auto_headers started  	[MsgId: MMSG-26355]
vuser_init.c(11): Registering web_reg_find was successful  	[MsgId: MMSG-26390]
vuser_init.c(6): web_cleanup_auto_headers was successful  	[MsgId: MMSG-26392]
vuser_init.c(13): web_url("petstore.octoperf.com") started  	[MsgId: MMSG-26355]
vuser_init.c(7): web_set_sockets_option started  	[MsgId: MMSG-26355]
vuser_init.c(7): web_set_sockets_option was successful  	[MsgId: MMSG-26392]
vuser_init.c(9): Notify: Transaction "PetStore_LaunchPetStore_T01" started.	[MsgId: MMSG-16999]
vuser_init.c(11): web_reg_find started  	[MsgId: MMSG-26355]
vuser_init.c(11): Registering web_reg_find was successful  	[MsgId: MMSG-26390]
vuser_init.c(13): web_url("petstore.octoperf.com") started  	[MsgId: MMSG-26355]
vuser_init.c(13): Found resource "https://petstore.octoperf.com/css/jpetstore.css" in HTML "https://petstore.octoperf.com/"  	[MsgId: MMSG-26659]
vuser_init.c(13): Found resource "https://petstore.octoperf.com/css/jpetstore.css" in HTML "https://petstore.octoperf.com/"  	[MsgId: MMSG-26659]
vuser_init.c(13): Found resource "https://petstore.octoperf.com/css/jpetstore.css" in HTML "https://petstore.octoperf.com/"  	[MsgId: MMSG-26659]
vuser_init.c(13): Registered web_reg_find successful for "Text=Welcome to JPetStore 6" (count=1)  	[MsgId: MMSG-26364]
vuser_init.c(13): web_url("petstore.octoperf.com") was successful, 7129 body bytes, 567 header bytes  	[MsgId: MMSG-26386]
vuser_init.c(21): Notify: Transaction "PetStore_LaunchPetStore_T01" ended with a "Pass" status (Duration: 0.8988 Wasted Time: 0.0014).	[MsgId: MMSG-16871]
vuser_init.c(23): lr_think_time: 4.91 seconds (recorded think time was 5.00 seconds).	[MsgId: MMSG-15947]
vuser_init.c(13): Registered web_reg_find successful for "Text=Welcome to JPetStore 6" (count=1)  	[MsgId: MMSG-26364]
vuser_init.c(13): web_url("petstore.octoperf.com") was successful, 7129 body bytes, 567 header bytes  	[MsgId: MMSG-26386]
vuser_init.c(21): Notify: Transaction "PetStore_LaunchPetStore_T01" ended with a "Pass" status (Duration: 0.9229 Wasted Time: 0.0021).	[MsgId: MMSG-16871]
vuser_init.c(23): lr_think_time: 2.75 seconds (recorded think time was 5.00 seconds).	[MsgId: MMSG-15947]
vuser_init.c(13): Registered web_reg_find successful for "Text=Welcome to JPetStore 6" (count=1)  	[MsgId: MMSG-26364]
vuser_init.c(13): web_url("petstore.octoperf.com") was successful, 7129 body bytes, 567 header bytes  	[MsgId: MMSG-26386]
vuser_init.c(21): Notify: Transaction "PetStore_LaunchPetStore_T01" ended with a "Pass" status (Duration: 0.9800 Wasted Time: 0.0295).	[MsgId: MMSG-16871]
vuser_init.c(23): lr_think_time: 3.80 seconds (recorded think time was 5.00 seconds).	[MsgId: MMSG-15947]
Virtual User Script started at: 20-Oct-25 2:07:34 PM	[MsgId: MMSG-15967]
Starting action vuser_init.	[MsgId: MMSG-15919]
Web Turbo Replay of LoadRunner 2022.0.0 for Windows 2019; build 605 (Mar 08 2022 19:29:30)  	[MsgId: MMSG-26983]
Run mode: HTML  	[MsgId: MMSG-26993]
Replay user agent: Mozilla/5.0 (compatible; MSIE 10.0; Windows NT 6.1; Trident/6.0)  	[MsgId: MMSG-26988]
Runtime Settings file: "C:\Users\Administrator\AppData\Local\Temp\2\lr5tmpdirRkj.332\lrcfgK9l.344\cfgTJw.355"  	[MsgId: MMSG-27141]
vuser_init.c(3): Script Started	[MsgId: MMSG-17999]
vuser_init.c(4): web_cleanup_cookies started  	[MsgId: MMSG-26355]
vuser_init.c(4): web_cleanup_cookies was successful  	[MsgId: MMSG-26392]
vuser_init.c(5): web_cache_cleanup started  	[MsgId: MMSG-26355]
vuser_init.c(5): web_cache_cleanup was successful  	[MsgId: MMSG-26392]
vuser_init.c(6): web_cleanup_auto_headers started  	[MsgId: MMSG-26355]
vuser_init.c(6): web_cleanup_auto_headers was successful  	[MsgId: MMSG-26392]
vuser_init.c(7): web_set_sockets_option started  	[MsgId: MMSG-26355]
vuser_init.c(7): web_set_sockets_option was successful  	[MsgId: MMSG-26392]
vuser_init.c(9): Notify: Transaction "PetStore_LaunchPetStore_T01" started.	[MsgId: MMSG-16999]
vuser_init.c(11): web_reg_find started  	[MsgId: MMSG-26355]
vuser_init.c(11): Registering web_reg_find was successful  	[MsgId: MMSG-26390]
vuser_init.c(13): web_url("petstore.octoperf.com") started  	[MsgId: MMSG-26355]
vuser_init.c(13): Found resource "https://petstore.octoperf.com/css/jpetstore.css" in HTML "https://petstore.octoperf.com/"  	[MsgId: MMSG-26659]
vuser_init.c(13): Registered web_reg_find successful for "Text=Welcome to JPetStore 6" (count=1)  	[MsgId: MMSG-26364]
vuser_init.c(13): web_url("petstore.octoperf.com") was successful, 7129 body bytes, 567 header bytes  	[MsgId: MMSG-26386]
vuser_init.c(21): Notify: Transaction "PetStore_LaunchPetStore_T01" ended with a "Pass" status (Duration: 0.8579 Wasted Time: 0.0008).	[MsgId: MMSG-16871]
vuser_init.c(23): lr_think_time: 3.37 seconds (recorded think time was 5.00 seconds).	[MsgId: MMSG-15947]
vuser_init.c(25): Notify: Transaction "PetStore_EnterToPetStore_T02" started.	[MsgId: MMSG-16999]
vuser_init.c(26): web_reg_find started  	[MsgId: MMSG-26355]
vuser_init.c(26): Registering web_reg_find was successful  	[MsgId: MMSG-26390]
vuser_init.c(29): web_url("Catalog.action") started  	[MsgId: MMSG-26355]
vuser_init.c(29): Resource "https://petstore.octoperf.com/css/jpetstore.css" is in the cache already and will not be downloaded again  	[MsgId: MMSG-26655]
vuser_init.c(29): Found resource "https://petstore.octoperf.com/images/logo-topbar.svg" in HTML "https://petstore.octoperf.com/actions/Catalog.action"  	[MsgId: MMSG-26659]
vuser_init.c(29): Found resource "https://petstore.octoperf.com/images/cart.gif" in HTML "https://petstore.octoperf.com/actions/Catalog.action"  	[MsgId: MMSG-26659]
vuser_init.c(29): Found resource "https://petstore.octoperf.com/images/separator.gif" in HTML "https://petstore.octoperf.com/actions/Catalog.action"  	[MsgId: MMSG-26659]
vuser_init.c(29): Found resource "https://petstore.octoperf.com/images/sm_fish.gif" in HTML "https://petstore.octoperf.com/actions/Catalog.action"  	[MsgId: MMSG-26659]
vuser_init.c(29): Found resource "https://petstore.octoperf.com/images/sm_dogs.gif" in HTML "https://petstore.octoperf.com/actions/Catalog.action"  	[MsgId: MMSG-26659]
vuser_init.c(29): Found resource "https://petstore.octoperf.com/images/sm_reptiles.gif" in HTML "https://petstore.octoperf.com/actions/Catalog.action"  	[MsgId: MMSG-26659]
vuser_init.c(29): Found resource "https://petstore.octoperf.com/images/sm_cats.gif" in HTML "https://petstore.octoperf.com/actions/Catalog.action"  	[MsgId: MMSG-26659]
vuser_init.c(29): Found resource "https://petstore.octoperf.com/images/sm_birds.gif" in HTML "https://petstore.octoperf.com/actions/Catalog.action"  	[MsgId: MMSG-26659]
vuser_init.c(29): Found resource "https://petstore.octoperf.com/images/fish_icon.gif" in HTML "https://petstore.octoperf.com/actions/Catalog.action"  	[MsgId: MMSG-26659]
vuser_init.c(29): Found resource "https://petstore.octoperf.com/images/dogs_icon.gif" in HTML "https://petstore.octoperf.com/actions/Catalog.action"  	[MsgId: MMSG-26659]
vuser_init.c(29): Found resource "https://petstore.octoperf.com/images/cats_icon.gif" in HTML "https://petstore.octoperf.com/actions/Catalog.action"  	[MsgId: MMSG-26659]
vuser_init.c(29): Found resource "https://petstore.octoperf.com/images/reptiles_icon.gif" in HTML "https://petstore.octoperf.com/actions/Catalog.action"  	[MsgId: MMSG-26659]
vuser_init.c(29): Found resource "https://petstore.octoperf.com/images/birds_icon.gif" in HTML "https://petstore.octoperf.com/actions/Catalog.action"  	[MsgId: MMSG-26659]
vuser_init.c(29): Found resource "https://petstore.octoperf.com/images/splash.gif" in HTML "https://petstore.octoperf.com/actions/Catalog.action"  	[MsgId: MMSG-26659]
vuser_init.c(29): Registered web_reg_find successful for "Text=OctoPerf" (count=1)  	[MsgId: MMSG-26364]
vuser_init.c(29): web_url("Catalog.action") was successful, 63413 body bytes, 4260 header bytes  	[MsgId: MMSG-26386]
vuser_init.c(37): Notify: Transaction "PetStore_EnterToPetStore_T02" ended with a "Pass" status (Duration: 0.5011 Wasted Time: 0.0002).	[MsgId: MMSG-16871]
vuser_init.c(39): lr_think_time: 4.62 seconds (recorded think time was 5.00 seconds).	[MsgId: MMSG-15947]
vuser_init.c(25): Notify: Transaction "PetStore_EnterToPetStore_T02" started.	[MsgId: MMSG-16999]
vuser_init.c(26): web_reg_find started  	[MsgId: MMSG-26355]
vuser_init.c(26): Registering web_reg_find was successful  	[MsgId: MMSG-26390]
vuser_init.c(29): web_url("Catalog.action") started  	[MsgId: MMSG-26355]
vuser_init.c(29): Resource "https://petstore.octoperf.com/css/jpetstore.css" is in the cache already and will not be downloaded again  	[MsgId: MMSG-26655]
vuser_init.c(29): Found resource "https://petstore.octoperf.com/images/logo-topbar.svg" in HTML "https://petstore.octoperf.com/actions/Catalog.action"  	[MsgId: MMSG-26659]
vuser_init.c(29): Found resource "https://petstore.octoperf.com/images/cart.gif" in HTML "https://petstore.octoperf.com/actions/Catalog.action"  	[MsgId: MMSG-26659]
vuser_init.c(29): Found resource "https://petstore.octoperf.com/images/separator.gif" in HTML "https://petstore.octoperf.com/actions/Catalog.action"  	[MsgId: MMSG-26659]
vuser_init.c(29): Found resource "https://petstore.octoperf.com/images/sm_fish.gif" in HTML "https://petstore.octoperf.com/actions/Catalog.action"  	[MsgId: MMSG-26659]
vuser_init.c(29): Found resource "https://petstore.octoperf.com/images/sm_dogs.gif" in HTML "https://petstore.octoperf.com/actions/Catalog.action"  	[MsgId: MMSG-26659]
vuser_init.c(29): Found resource "https://petstore.octoperf.com/images/sm_reptiles.gif" in HTML "https://petstore.octoperf.com/actions/Catalog.action"  	[MsgId: MMSG-26659]
vuser_init.c(29): Found resource "https://petstore.octoperf.com/images/sm_cats.gif" in HTML "https://petstore.octoperf.com/actions/Catalog.action"  	[MsgId: MMSG-26659]
vuser_init.c(29): Found resource "https://petstore.octoperf.com/images/sm_birds.gif" in HTML "https://petstore.octoperf.com/actions/Catalog.action"  	[MsgId: MMSG-26659]
vuser_init.c(29): Found resource "https://petstore.octoperf.com/images/fish_icon.gif" in HTML "https://petstore.octoperf.com/actions/Catalog.action"  	[MsgId: MMSG-26659]
vuser_init.c(29): Found resource "https://petstore.octoperf.com/images/dogs_icon.gif" in HTML "https://petstore.octoperf.com/actions/Catalog.action"  	[MsgId: MMSG-26659]
vuser_init.c(29): Found resource "https://petstore.octoperf.com/images/cats_icon.gif" in HTML "https://petstore.octoperf.com/actions/Catalog.action"  	[MsgId: MMSG-26659]
vuser_init.c(29): Found resource "https://petstore.octoperf.com/images/reptiles_icon.gif" in HTML "https://petstore.octoperf.com/actions/Catalog.action"  	[MsgId: MMSG-26659]
vuser_init.c(29): Found resource "https://petstore.octoperf.com/images/birds_icon.gif" in HTML "https://petstore.octoperf.com/actions/Catalog.action"  	[MsgId: MMSG-26659]
vuser_init.c(29): Found resource "https://petstore.octoperf.com/images/splash.gif" in HTML "https://petstore.octoperf.com/actions/Catalog.action"  	[MsgId: MMSG-26659]
vuser_init.c(29): Registered web_reg_find successful for "Text=OctoPerf" (count=1)  	[MsgId: MMSG-26364]
vuser_init.c(29): web_url("Catalog.action") was successful, 63413 body bytes, 4260 header bytes  	[MsgId: MMSG-26386]
vuser_init.c(37): Notify: Transaction "PetStore_EnterToPetStore_T02" ended with a "Pass" status (Duration: 0.5026 Wasted Time: 0.0002).	[MsgId: MMSG-16871]
vuser_init.c(39): lr_think_time: 4.43 seconds (recorded think time was 5.00 seconds).	[MsgId: MMSG-15947]
vuser_init.c(25): Notify: Transaction "PetStore_EnterToPetStore_T02" started.	[MsgId: MMSG-16999]
vuser_init.c(26): web_reg_find started  	[MsgId: MMSG-26355]
vuser_init.c(26): Registering web_reg_find was successful  	[MsgId: MMSG-26390]
vuser_init.c(29): web_url("Catalog.action") started  	[MsgId: MMSG-26355]
vuser_init.c(29): Resource "https://petstore.octoperf.com/css/jpetstore.css" is in the cache already and will not be downloaded again  	[MsgId: MMSG-26655]
vuser_init.c(29): Found resource "https://petstore.octoperf.com/images/logo-topbar.svg" in HTML "https://petstore.octoperf.com/actions/Catalog.action"  	[MsgId: MMSG-26659]
vuser_init.c(29): Found resource "https://petstore.octoperf.com/images/cart.gif" in HTML "https://petstore.octoperf.com/actions/Catalog.action"  	[MsgId: MMSG-26659]
vuser_init.c(29): Found resource "https://petstore.octoperf.com/images/separator.gif" in HTML "https://petstore.octoperf.com/actions/Catalog.action"  	[MsgId: MMSG-26659]
vuser_init.c(29): Found resource "https://petstore.octoperf.com/images/sm_fish.gif" in HTML "https://petstore.octoperf.com/actions/Catalog.action"  	[MsgId: MMSG-26659]
vuser_init.c(29): Found resource "https://petstore.octoperf.com/images/sm_dogs.gif" in HTML "https://petstore.octoperf.com/actions/Catalog.action"  	[MsgId: MMSG-26659]
vuser_init.c(29): Found resource "https://petstore.octoperf.com/images/sm_reptiles.gif" in HTML "https://petstore.octoperf.com/actions/Catalog.action"  	[MsgId: MMSG-26659]
vuser_init.c(29): Found resource "https://petstore.octoperf.com/images/sm_cats.gif" in HTML "https://petstore.octoperf.com/actions/Catalog.action"  	[MsgId: MMSG-26659]
vuser_init.c(29): Found resource "https://petstore.octoperf.com/images/sm_birds.gif" in HTML "https://petstore.octoperf.com/actions/Catalog.action"  	[MsgId: MMSG-26659]
vuser_init.c(29): Found resource "https://petstore.octoperf.com/images/fish_icon.gif" in HTML "https://petstore.octoperf.com/actions/Catalog.action"  	[MsgId: MMSG-26659]
vuser_init.c(29): Found resource "https://petstore.octoperf.com/images/dogs_icon.gif" in HTML "https://petstore.octoperf.com/actions/Catalog.action"  	[MsgId: MMSG-26659]
vuser_init.c(29): Found resource "https://petstore.octoperf.com/images/cats_icon.gif" in HTML "https://petstore.octoperf.com/actions/Catalog.action"  	[MsgId: MMSG-26659]
vuser_init.c(29): Found resource "https://petstore.octoperf.com/images/reptiles_icon.gif" in HTML "https://petstore.octoperf.com/actions/Catalog.action"  	[MsgId: MMSG-26659]
vuser_init.c(29): Found resource "https://petstore.octoperf.com/images/birds_icon.gif" in HTML "https://petstore.octoperf.com/actions/Catalog.action"  	[MsgId: MMSG-26659]
vuser_init.c(29): Found resource "https://petstore.octoperf.com/images/splash.gif" in HTML "https://petstore.octoperf.com/actions/Catalog.action"  	[MsgId: MMSG-26659]
vuser_init.c(25): Notify: Transaction "PetStore_EnterToPetStore_T02" started.	[MsgId: MMSG-16999]
vuser_init.c(26): web_reg_find started  	[MsgId: MMSG-26355]
vuser_init.c(26): Registering web_reg_find was successful  	[MsgId: MMSG-26390]
vuser_init.c(29): web_url("Catalog.action") started  	[MsgId: MMSG-26355]
vuser_init.c(29): Resource "https://petstore.octoperf.com/css/jpetstore.css" is in the cache already and will not be downloaded again  	[MsgId: MMSG-26655]
vuser_init.c(29): Found resource "https://petstore.octoperf.com/images/logo-topbar.svg" in HTML "https://petstore.octoperf.com/actions/Catalog.action"  	[MsgId: MMSG-26659]
vuser_init.c(29): Found resource "https://petstore.octoperf.com/images/cart.gif" in HTML "https://petstore.octoperf.com/actions/Catalog.action"  	[MsgId: MMSG-26659]
vuser_init.c(29): Found resource "https://petstore.octoperf.com/images/separator.gif" in HTML "https://petstore.octoperf.com/actions/Catalog.action"  	[MsgId: MMSG-26659]
vuser_init.c(29): Found resource "https://petstore.octoperf.com/images/sm_fish.gif" in HTML "https://petstore.octoperf.com/actions/Catalog.action"  	[MsgId: MMSG-26659]
vuser_init.c(29): Found resource "https://petstore.octoperf.com/images/sm_dogs.gif" in HTML "https://petstore.octoperf.com/actions/Catalog.action"  	[MsgId: MMSG-26659]
vuser_init.c(29): Found resource "https://petstore.octoperf.com/images/sm_reptiles.gif" in HTML "https://petstore.octoperf.com/actions/Catalog.action"  	[MsgId: MMSG-26659]
vuser_init.c(29): Found resource "https://petstore.octoperf.com/images/sm_cats.gif" in HTML "https://petstore.octoperf.com/actions/Catalog.action"  	[MsgId: MMSG-26659]
vuser_init.c(29): Found resource "https://petstore.octoperf.com/images/sm_birds.gif" in HTML "https://petstore.octoperf.com/actions/Catalog.action"  	[MsgId: MMSG-26659]
vuser_init.c(29): Found resource "https://petstore.octoperf.com/images/fish_icon.gif" in HTML "https://petstore.octoperf.com/actions/Catalog.action"  	[MsgId: MMSG-26659]
vuser_init.c(29): Found resource "https://petstore.octoperf.com/images/dogs_icon.gif" in HTML "https://petstore.octoperf.com/actions/Catalog.action"  	[MsgId: MMSG-26659]
vuser_init.c(29): Found resource "https://petstore.octoperf.com/images/cats_icon.gif" in HTML "https://petstore.octoperf.com/actions/Catalog.action"  	[MsgId: MMSG-26659]
vuser_init.c(29): Found resource "https://petstore.octoperf.com/images/reptiles_icon.gif" in HTML "https://petstore.octoperf.com/actions/Catalog.action"  	[MsgId: MMSG-26659]
vuser_init.c(29): Found resource "https://petstore.octoperf.com/images/birds_icon.gif" in HTML "https://petstore.octoperf.com/actions/Catalog.action"  	[MsgId: MMSG-26659]
vuser_init.c(29): Found resource "https://petstore.octoperf.com/images/splash.gif" in HTML "https://petstore.octoperf.com/actions/Catalog.action"  	[MsgId: MMSG-26659]
vuser_init.c(29): Registered web_reg_find successful for "Text=OctoPerf" (count=1)  	[MsgId: MMSG-26364]
vuser_init.c(29): web_url("Catalog.action") was successful, 63413 body bytes, 4260 header bytes  	[MsgId: MMSG-26386]
vuser_init.c(37): Notify: Transaction "PetStore_EnterToPetStore_T02" ended with a "Pass" status (Duration: 0.5024 Wasted Time: 0.0002).	[MsgId: MMSG-16871]
vuser_init.c(39): lr_think_time: 3.79 seconds (recorded think time was 5.00 seconds).	[MsgId: MMSG-15947]
vuser_init.c(29): Registered web_reg_find successful for "Text=OctoPerf" (count=1)  	[MsgId: MMSG-26364]
vuser_init.c(29): web_url("Catalog.action") was successful, 63413 body bytes, 4260 header bytes  	[MsgId: MMSG-26386]
vuser_init.c(37): Notify: Transaction "PetStore_EnterToPetStore_T02" ended with a "Pass" status (Duration: 0.5008 Wasted Time: 0.0002).	[MsgId: MMSG-16871]
vuser_init.c(39): lr_think_time: 3.28 seconds (recorded think time was 5.00 seconds).	[MsgId: MMSG-15947]
Virtual User Script started at: 20-Oct-25 2:07:39 PM	[MsgId: MMSG-15967]
Starting action vuser_init.	[MsgId: MMSG-15919]
Web Turbo Replay of LoadRunner 2022.0.0 for Windows 2019; build 605 (Mar 08 2022 19:29:30)  	[MsgId: MMSG-26983]
Run mode: HTML  	[MsgId: MMSG-26993]
Replay user agent: Mozilla/5.0 (compatible; MSIE 10.0; Windows NT 6.1; Trident/6.0)  	[MsgId: MMSG-26988]
Runtime Settings file: "C:\Users\Administrator\AppData\Local\Temp\2\lr5tmpdirRkj.332\lrcfgK9l.344\cfgTJw.355"  	[MsgId: MMSG-27141]
vuser_init.c(3): Script Started	[MsgId: MMSG-17999]
vuser_init.c(4): web_cleanup_cookies started  	[MsgId: MMSG-26355]
vuser_init.c(4): web_cleanup_cookies was successful  	[MsgId: MMSG-26392]
vuser_init.c(5): web_cache_cleanup started  	[MsgId: MMSG-26355]
vuser_init.c(5): web_cache_cleanup was successful  	[MsgId: MMSG-26392]
vuser_init.c(6): web_cleanup_auto_headers started  	[MsgId: MMSG-26355]
vuser_init.c(6): web_cleanup_auto_headers was successful  	[MsgId: MMSG-26392]
vuser_init.c(7): web_set_sockets_option started  	[MsgId: MMSG-26355]
vuser_init.c(7): web_set_sockets_option was successful  	[MsgId: MMSG-26392]
vuser_init.c(9): Notify: Transaction "PetStore_LaunchPetStore_T01" started.	[MsgId: MMSG-16999]
vuser_init.c(11): web_reg_find started  	[MsgId: MMSG-26355]
vuser_init.c(11): Registering web_reg_find was successful  	[MsgId: MMSG-26390]
vuser_init.c(13): web_url("petstore.octoperf.com") started  	[MsgId: MMSG-26355]
vuser_init.c(13): Found resource "https://petstore.octoperf.com/css/jpetstore.css" in HTML "https://petstore.octoperf.com/"  	[MsgId: MMSG-26659]
vuser_init.c(13): Registered web_reg_find successful for "Text=Welcome to JPetStore 6" (count=1)  	[MsgId: MMSG-26364]
vuser_init.c(13): web_url("petstore.octoperf.com") was successful, 7129 body bytes, 567 header bytes  	[MsgId: MMSG-26386]
vuser_init.c(21): Notify: Transaction "PetStore_LaunchPetStore_T01" ended with a "Pass" status (Duration: 0.7898 Wasted Time: 0.0006).	[MsgId: MMSG-16871]
vuser_init.c(23): lr_think_time: 3.45 seconds (recorded think time was 5.00 seconds).	[MsgId: MMSG-15947]
vuser_init.c(41): Notify: Transaction "PetStore_ClickOnSignIn_T03" started.	[MsgId: MMSG-16999]
vuser_init.c(43): web_reg_find started  	[MsgId: MMSG-26355]
vuser_init.c(43): Registering web_reg_find was successful  	[MsgId: MMSG-26390]
vuser_init.c(46): web_link("Sign In") started  	[MsgId: MMSG-26355]
vuser_init.c(46): Linking to "https://petstore.octoperf.com/actions/Account.action;jsessionid=0A24006271021108939B627E30AD8E37?signonForm=", Target Frame=""  	[MsgId: MMSG-27994]
vuser_init.c(46): Resource "https://petstore.octoperf.com/css/jpetstore.css" is in the cache already and will not be downloaded again  	[MsgId: MMSG-26655]
vuser_init.c(46): Resource "https://petstore.octoperf.com/images/logo-topbar.svg" is in the cache already and will not be downloaded again  	[MsgId: MMSG-26655]
vuser_init.c(46): Resource "https://petstore.octoperf.com/images/cart.gif" is in the cache already and will not be downloaded again  	[MsgId: MMSG-26655]
vuser_init.c(46): Resource "https://petstore.octoperf.com/images/separator.gif" is in the cache already and will not be downloaded again  	[MsgId: MMSG-26655]
vuser_init.c(46): Resource "https://petstore.octoperf.com/images/sm_fish.gif" is in the cache already and will not be downloaded again  	[MsgId: MMSG-26655]
vuser_init.c(46): Resource "https://petstore.octoperf.com/images/sm_dogs.gif" is in the cache already and will not be downloaded again  	[MsgId: MMSG-26655]
vuser_init.c(46): Resource "https://petstore.octoperf.com/images/sm_reptiles.gif" is in the cache already and will not be downloaded again  	[MsgId: MMSG-26655]
vuser_init.c(46): Resource "https://petstore.octoperf.com/images/sm_cats.gif" is in the cache already and will not be downloaded again  	[MsgId: MMSG-26655]
vuser_init.c(46): Resource "https://petstore.octoperf.com/images/sm_birds.gif" is in the cache already and will not be downloaded again  	[MsgId: MMSG-26655]
vuser_init.c(46): Registered web_reg_find successful for "Text=Please enter your username and password" (count=1)  	[MsgId: MMSG-26364]
vuser_init.c(46): web_link("Sign In") was successful, 3860 body bytes, 225 header bytes  	[MsgId: MMSG-26386]
vuser_init.c(51): Notify: Transaction "PetStore_ClickOnSignIn_T03" ended with a "Pass" status (Duration: 0.1268 Wasted Time: 0.0000).	[MsgId: MMSG-16871]
Ending action vuser_init.	[MsgId: MMSG-15918]
Running Vuser...	[MsgId: MMSG-15964]
vuser_init.c(41): Notify: Transaction "PetStore_ClickOnSignIn_T03" started.	[MsgId: MMSG-16999]
vuser_init.c(43): web_reg_find started  	[MsgId: MMSG-26355]
vuser_init.c(43): Registering web_reg_find was successful  	[MsgId: MMSG-26390]
vuser_init.c(46): web_link("Sign In") started  	[MsgId: MMSG-26355]
vuser_init.c(46): Linking to "https://petstore.octoperf.com/actions/Account.action;jsessionid=9FCDCD8923B88609C24D302D615D00D3?signonForm=", Target Frame=""  	[MsgId: MMSG-27994]
vuser_init.c(41): Notify: Transaction "PetStore_ClickOnSignIn_T03" started.	[MsgId: MMSG-16999]
vuser_init.c(43): web_reg_find started  	[MsgId: MMSG-26355]
vuser_init.c(43): Registering web_reg_find was successful  	[MsgId: MMSG-26390]
vuser_init.c(46): web_link("Sign In") started  	[MsgId: MMSG-26355]
vuser_init.c(46): Linking to "https://petstore.octoperf.com/actions/Account.action;jsessionid=005217779A809493CB20B0ABE40C38A7?signonForm=", Target Frame=""  	[MsgId: MMSG-27994]
vuser_init.c(46): Resource "https://petstore.octoperf.com/css/jpetstore.css" is in the cache already and will not be downloaded again  	[MsgId: MMSG-26655]
vuser_init.c(46): Resource "https://petstore.octoperf.com/images/logo-topbar.svg" is in the cache already and will not be downloaded again  	[MsgId: MMSG-26655]
vuser_init.c(46): Resource "https://petstore.octoperf.com/images/cart.gif" is in the cache already and will not be downloaded again  	[MsgId: MMSG-26655]
vuser_init.c(46): Resource "https://petstore.octoperf.com/images/separator.gif" is in the cache already and will not be downloaded again  	[MsgId: MMSG-26655]
vuser_init.c(46): Resource "https://petstore.octoperf.com/images/sm_fish.gif" is in the cache already and will not be downloaded again  	[MsgId: MMSG-26655]
vuser_init.c(46): Resource "https://petstore.octoperf.com/images/sm_dogs.gif" is in the cache already and will not be downloaded again  	[MsgId: MMSG-26655]
vuser_init.c(46): Resource "https://petstore.octoperf.com/images/sm_reptiles.gif" is in the cache already and will not be downloaded again  	[MsgId: MMSG-26655]
vuser_init.c(46): Resource "https://petstore.octoperf.com/images/sm_cats.gif" is in the cache already and will not be downloaded again  	[MsgId: MMSG-26655]
vuser_init.c(46): Resource "https://petstore.octoperf.com/images/sm_birds.gif" is in the cache already and will not be downloaded again  	[MsgId: MMSG-26655]
vuser_init.c(46): Registered web_reg_find successful for "Text=Please enter your username and password" (count=1)  	[MsgId: MMSG-26364]
vuser_init.c(46): web_link("Sign In") was successful, 3858 body bytes, 225 header bytes  	[MsgId: MMSG-26386]
vuser_init.c(51): Notify: Transaction "PetStore_ClickOnSignIn_T03" ended with a "Pass" status (Duration: 0.1250 Wasted Time: 0.0000).	[MsgId: MMSG-16871]
Ending action vuser_init.	[MsgId: MMSG-15918]
Running Vuser...	[MsgId: MMSG-15964]
vuser_init.c(46): Resource "https://petstore.octoperf.com/css/jpetstore.css" is in the cache already and will not be downloaded again  	[MsgId: MMSG-26655]
vuser_init.c(46): Resource "https://petstore.octoperf.com/images/logo-topbar.svg" is in the cache already and will not be downloaded again  	[MsgId: MMSG-26655]
vuser_init.c(46): Resource "https://petstore.octoperf.com/images/cart.gif" is in the cache already and will not be downloaded again  	[MsgId: MMSG-26655]
vuser_init.c(46): Resource "https://petstore.octoperf.com/images/separator.gif" is in the cache already and will not be downloaded again  	[MsgId: MMSG-26655]
vuser_init.c(46): Resource "https://petstore.octoperf.com/images/sm_fish.gif" is in the cache already and will not be downloaded again  	[MsgId: MMSG-26655]
vuser_init.c(46): Resource "https://petstore.octoperf.com/images/sm_dogs.gif" is in the cache already and will not be downloaded again  	[MsgId: MMSG-26655]
vuser_init.c(46): Resource "https://petstore.octoperf.com/images/sm_reptiles.gif" is in the cache already and will not be downloaded again  	[MsgId: MMSG-26655]
vuser_init.c(46): Resource "https://petstore.octoperf.com/images/sm_cats.gif" is in the cache already and will not be downloaded again  	[MsgId: MMSG-26655]
vuser_init.c(46): Resource "https://petstore.octoperf.com/images/sm_birds.gif" is in the cache already and will not be downloaded again  	[MsgId: MMSG-26655]
vuser_init.c(46): Registered web_reg_find successful for "Text=Please enter your username and password" (count=1)  	[MsgId: MMSG-26364]
vuser_init.c(46): web_link("Sign In") was successful, 3856 body bytes, 225 header bytes  	[MsgId: MMSG-26386]
vuser_init.c(51): Notify: Transaction "PetStore_ClickOnSignIn_T03" ended with a "Pass" status (Duration: 0.1271 Wasted Time: 0.0000).	[MsgId: MMSG-16871]
Ending action vuser_init.	[MsgId: MMSG-15918]
Running Vuser...	[MsgId: MMSG-15964]
vuser_init.c(41): Notify: Transaction "PetStore_ClickOnSignIn_T03" started.	[MsgId: MMSG-16999]
vuser_init.c(43): web_reg_find started  	[MsgId: MMSG-26355]
vuser_init.c(43): Registering web_reg_find was successful  	[MsgId: MMSG-26390]
vuser_init.c(46): web_link("Sign In") started  	[MsgId: MMSG-26355]
vuser_init.c(46): Linking to "https://petstore.octoperf.com/actions/Account.action;jsessionid=34999F30DD1CC1F73F3D4D05BD208767?signonForm=", Target Frame=""  	[MsgId: MMSG-27994]
vuser_init.c(46): Resource "https://petstore.octoperf.com/css/jpetstore.css" is in the cache already and will not be downloaded again  	[MsgId: MMSG-26655]
vuser_init.c(46): Resource "https://petstore.octoperf.com/images/logo-topbar.svg" is in the cache already and will not be downloaded again  	[MsgId: MMSG-26655]
vuser_init.c(46): Resource "https://petstore.octoperf.com/images/cart.gif" is in the cache already and will not be downloaded again  	[MsgId: MMSG-26655]
vuser_init.c(46): Resource "https://petstore.octoperf.com/images/separator.gif" is in the cache already and will not be downloaded again  	[MsgId: MMSG-26655]
vuser_init.c(46): Resource "https://petstore.octoperf.com/images/sm_fish.gif" is in the cache already and will not be downloaded again  	[MsgId: MMSG-26655]
vuser_init.c(46): Resource "https://petstore.octoperf.com/images/sm_dogs.gif" is in the cache already and will not be downloaded again  	[MsgId: MMSG-26655]
vuser_init.c(46): Resource "https://petstore.octoperf.com/images/sm_reptiles.gif" is in the cache already and will not be downloaded again  	[MsgId: MMSG-26655]
vuser_init.c(46): Resource "https://petstore.octoperf.com/images/sm_cats.gif" is in the cache already and will not be downloaded again  	[MsgId: MMSG-26655]
vuser_init.c(46): Resource "https://petstore.octoperf.com/images/sm_birds.gif" is in the cache already and will not be downloaded again  	[MsgId: MMSG-26655]
vuser_init.c(46): Registered web_reg_find successful for "Text=Please enter your username and password" (count=1)  	[MsgId: MMSG-26364]
vuser_init.c(46): web_link("Sign In") was successful, 3856 body bytes, 225 header bytes  	[MsgId: MMSG-26386]
vuser_init.c(51): Notify: Transaction "PetStore_ClickOnSignIn_T03" ended with a "Pass" status (Duration: 0.1253 Wasted Time: 0.0000).	[MsgId: MMSG-16871]
Ending action vuser_init.	[MsgId: MMSG-15918]
Running Vuser...	[MsgId: MMSG-15964]
vuser_init.c(25): Notify: Transaction "PetStore_EnterToPetStore_T02" started.	[MsgId: MMSG-16999]
vuser_init.c(26): web_reg_find started  	[MsgId: MMSG-26355]
vuser_init.c(26): Registering web_reg_find was successful  	[MsgId: MMSG-26390]
vuser_init.c(29): web_url("Catalog.action") started  	[MsgId: MMSG-26355]
Virtual User Script started at: 20-Oct-25 2:07:44 PM	[MsgId: MMSG-15967]
Starting action vuser_init.	[MsgId: MMSG-15919]
Web Turbo Replay of LoadRunner 2022.0.0 for Windows 2019; build 605 (Mar 08 2022 19:29:30)  	[MsgId: MMSG-26983]
Run mode: HTML  	[MsgId: MMSG-26993]
Replay user agent: Mozilla/5.0 (compatible; MSIE 10.0; Windows NT 6.1; Trident/6.0)  	[MsgId: MMSG-26988]
Runtime Settings file: "C:\Users\Administrator\AppData\Local\Temp\2\lr5tmpdirRkj.332\lrcfgK9l.344\cfgTJw.355"  	[MsgId: MMSG-27141]
vuser_init.c(3): Script Started	[MsgId: MMSG-17999]
vuser_init.c(4): web_cleanup_cookies started  	[MsgId: MMSG-26355]
vuser_init.c(4): web_cleanup_cookies was successful  	[MsgId: MMSG-26392]
vuser_init.c(5): web_cache_cleanup started  	[MsgId: MMSG-26355]
vuser_init.c(5): web_cache_cleanup was successful  	[MsgId: MMSG-26392]
vuser_init.c(6): web_cleanup_auto_headers started  	[MsgId: MMSG-26355]
vuser_init.c(6): web_cleanup_auto_headers was successful  	[MsgId: MMSG-26392]
vuser_init.c(7): web_set_sockets_option started  	[MsgId: MMSG-26355]
vuser_init.c(7): web_set_sockets_option was successful  	[MsgId: MMSG-26392]
vuser_init.c(9): Notify: Transaction "PetStore_LaunchPetStore_T01" started.	[MsgId: MMSG-16999]
vuser_init.c(11): web_reg_find started  	[MsgId: MMSG-26355]
vuser_init.c(11): Registering web_reg_find was successful  	[MsgId: MMSG-26390]
vuser_init.c(13): web_url("petstore.octoperf.com") started  	[MsgId: MMSG-26355]
vuser_init.c(29): Resource "https://petstore.octoperf.com/css/jpetstore.css" is in the cache already and will not be downloaded again  	[MsgId: MMSG-26655]
vuser_init.c(29): Found resource "https://petstore.octoperf.com/images/logo-topbar.svg" in HTML "https://petstore.octoperf.com/actions/Catalog.action"  	[MsgId: MMSG-26659]
vuser_init.c(29): Found resource "https://petstore.octoperf.com/images/cart.gif" in HTML "https://petstore.octoperf.com/actions/Catalog.action"  	[MsgId: MMSG-26659]
vuser_init.c(29): Found resource "https://petstore.octoperf.com/images/separator.gif" in HTML "https://petstore.octoperf.com/actions/Catalog.action"  	[MsgId: MMSG-26659]
vuser_init.c(29): Found resource "https://petstore.octoperf.com/images/sm_fish.gif" in HTML "https://petstore.octoperf.com/actions/Catalog.action"  	[MsgId: MMSG-26659]
vuser_init.c(29): Found resource "https://petstore.octoperf.com/images/sm_dogs.gif" in HTML "https://petstore.octoperf.com/actions/Catalog.action"  	[MsgId: MMSG-26659]
vuser_init.c(29): Found resource "https://petstore.octoperf.com/images/sm_reptiles.gif" in HTML "https://petstore.octoperf.com/actions/Catalog.action"  	[MsgId: MMSG-26659]
vuser_init.c(29): Found resource "https://petstore.octoperf.com/images/sm_cats.gif" in HTML "https://petstore.octoperf.com/actions/Catalog.action"  	[MsgId: MMSG-26659]
vuser_init.c(29): Found resource "https://petstore.octoperf.com/images/sm_birds.gif" in HTML "https://petstore.octoperf.com/actions/Catalog.action"  	[MsgId: MMSG-26659]
vuser_init.c(29): Found resource "https://petstore.octoperf.com/images/fish_icon.gif" in HTML "https://petstore.octoperf.com/actions/Catalog.action"  	[MsgId: MMSG-26659]
vuser_init.c(29): Found resource "https://petstore.octoperf.com/images/dogs_icon.gif" in HTML "https://petstore.octoperf.com/actions/Catalog.action"  	[MsgId: MMSG-26659]
vuser_init.c(29): Found resource "https://petstore.octoperf.com/images/cats_icon.gif" in HTML "https://petstore.octoperf.com/actions/Catalog.action"  	[MsgId: MMSG-26659]
vuser_init.c(29): Found resource "https://petstore.octoperf.com/images/reptiles_icon.gif" in HTML "https://petstore.octoperf.com/actions/Catalog.action"  	[MsgId: MMSG-26659]
vuser_init.c(29): Found resource "https://petstore.octoperf.com/images/birds_icon.gif" in HTML "https://petstore.octoperf.com/actions/Catalog.action"  	[MsgId: MMSG-26659]
vuser_init.c(29): Found resource "https://petstore.octoperf.com/images/splash.gif" in HTML "https://petstore.octoperf.com/actions/Catalog.action"  	[MsgId: MMSG-26659]
vuser_init.c(29): Registered web_reg_find successful for "Text=OctoPerf" (count=1)  	[MsgId: MMSG-26364]
vuser_init.c(29): web_url("Catalog.action") was successful, 63413 body bytes, 4260 header bytes  	[MsgId: MMSG-26386]
vuser_init.c(37): Notify: Transaction "PetStore_EnterToPetStore_T02" ended with a "Pass" status (Duration: 0.5266 Wasted Time: 0.0002).	[MsgId: MMSG-16871]
vuser_init.c(39): lr_think_time: 3.81 seconds (recorded think time was 5.00 seconds).	[MsgId: MMSG-15947]
vuser_init.c(13): Found resource "https://petstore.octoperf.com/css/jpetstore.css" in HTML "https://petstore.octoperf.com/"  	[MsgId: MMSG-26659]
vuser_init.c(13): Registered web_reg_find successful for "Text=Welcome to JPetStore 6" (count=1)  	[MsgId: MMSG-26364]
vuser_init.c(13): web_url("petstore.octoperf.com") was successful, 7129 body bytes, 567 header bytes  	[MsgId: MMSG-26386]
vuser_init.c(21): Notify: Transaction "PetStore_LaunchPetStore_T01" ended with a "Pass" status (Duration: 0.9164 Wasted Time: 0.0009).	[MsgId: MMSG-16871]
vuser_init.c(23): lr_think_time: 3.71 seconds (recorded think time was 5.00 seconds).	[MsgId: MMSG-15947]
vuser_init.c(41): Notify: Transaction "PetStore_ClickOnSignIn_T03" started.	[MsgId: MMSG-16999]
vuser_init.c(43): web_reg_find started  	[MsgId: MMSG-26355]
vuser_init.c(43): Registering web_reg_find was successful  	[MsgId: MMSG-26390]
vuser_init.c(46): web_link("Sign In") started  	[MsgId: MMSG-26355]
vuser_init.c(46): Linking to "https://petstore.octoperf.com/actions/Account.action;jsessionid=FC3FD5DF8CB82BF27962D9F1CC3FD16F?signonForm=", Target Frame=""  	[MsgId: MMSG-27994]
vuser_init.c(46): Resource "https://petstore.octoperf.com/css/jpetstore.css" is in the cache already and will not be downloaded again  	[MsgId: MMSG-26655]
vuser_init.c(46): Resource "https://petstore.octoperf.com/images/logo-topbar.svg" is in the cache already and will not be downloaded again  	[MsgId: MMSG-26655]
vuser_init.c(46): Resource "https://petstore.octoperf.com/images/cart.gif" is in the cache already and will not be downloaded again  	[MsgId: MMSG-26655]
vuser_init.c(46): Resource "https://petstore.octoperf.com/images/separator.gif" is in the cache already and will not be downloaded again  	[MsgId: MMSG-26655]
vuser_init.c(46): Resource "https://petstore.octoperf.com/images/sm_fish.gif" is in the cache already and will not be downloaded again  	[MsgId: MMSG-26655]
vuser_init.c(46): Resource "https://petstore.octoperf.com/images/sm_dogs.gif" is in the cache already and will not be downloaded again  	[MsgId: MMSG-26655]
vuser_init.c(46): Resource "https://petstore.octoperf.com/images/sm_reptiles.gif" is in the cache already and will not be downloaded again  	[MsgId: MMSG-26655]
vuser_init.c(46): Resource "https://petstore.octoperf.com/images/sm_cats.gif" is in the cache already and will not be downloaded again  	[MsgId: MMSG-26655]
vuser_init.c(46): Resource "https://petstore.octoperf.com/images/sm_birds.gif" is in the cache already and will not be downloaded again  	[MsgId: MMSG-26655]
vuser_init.c(46): Registered web_reg_find successful for "Text=Please enter your username and password" (count=1)  	[MsgId: MMSG-26364]
vuser_init.c(46): web_link("Sign In") was successful, 3858 body bytes, 225 header bytes  	[MsgId: MMSG-26386]
vuser_init.c(51): Notify: Transaction "PetStore_ClickOnSignIn_T03" ended with a "Pass" status (Duration: 0.1257 Wasted Time: 0.0000).	[MsgId: MMSG-16871]
Ending action vuser_init.	[MsgId: MMSG-15918]
Running Vuser...	[MsgId: MMSG-15964]
vuser_init.c(25): Notify: Transaction "PetStore_EnterToPetStore_T02" started.	[MsgId: MMSG-16999]
vuser_init.c(26): web_reg_find started  	[MsgId: MMSG-26355]
vuser_init.c(26): Registering web_reg_find was successful  	[MsgId: MMSG-26390]
vuser_init.c(29): web_url("Catalog.action") started  	[MsgId: MMSG-26355]
vuser_init.c(29): Resource "https://petstore.octoperf.com/css/jpetstore.css" is in the cache already and will not be downloaded again  	[MsgId: MMSG-26655]
vuser_init.c(29): Found resource "https://petstore.octoperf.com/images/logo-topbar.svg" in HTML "https://petstore.octoperf.com/actions/Catalog.action"  	[MsgId: MMSG-26659]
vuser_init.c(29): Found resource "https://petstore.octoperf.com/images/cart.gif" in HTML "https://petstore.octoperf.com/actions/Catalog.action"  	[MsgId: MMSG-26659]
vuser_init.c(29): Found resource "https://petstore.octoperf.com/images/separator.gif" in HTML "https://petstore.octoperf.com/actions/Catalog.action"  	[MsgId: MMSG-26659]
vuser_init.c(29): Found resource "https://petstore.octoperf.com/images/sm_fish.gif" in HTML "https://petstore.octoperf.com/actions/Catalog.action"  	[MsgId: MMSG-26659]
vuser_init.c(29): Found resource "https://petstore.octoperf.com/images/sm_dogs.gif" in HTML "https://petstore.octoperf.com/actions/Catalog.action"  	[MsgId: MMSG-26659]
vuser_init.c(29): Found resource "https://petstore.octoperf.com/images/sm_reptiles.gif" in HTML "https://petstore.octoperf.com/actions/Catalog.action"  	[MsgId: MMSG-26659]
vuser_init.c(29): Found resource "https://petstore.octoperf.com/images/sm_cats.gif" in HTML "https://petstore.octoperf.com/actions/Catalog.action"  	[MsgId: MMSG-26659]
vuser_init.c(29): Found resource "https://petstore.octoperf.com/images/sm_birds.gif" in HTML "https://petstore.octoperf.com/actions/Catalog.action"  	[MsgId: MMSG-26659]
vuser_init.c(29): Found resource "https://petstore.octoperf.com/images/fish_icon.gif" in HTML "https://petstore.octoperf.com/actions/Catalog.action"  	[MsgId: MMSG-26659]
vuser_init.c(29): Found resource "https://petstore.octoperf.com/images/dogs_icon.gif" in HTML "https://petstore.octoperf.com/actions/Catalog.action"  	[MsgId: MMSG-26659]
vuser_init.c(29): Found resource "https://petstore.octoperf.com/images/cats_icon.gif" in HTML "https://petstore.octoperf.com/actions/Catalog.action"  	[MsgId: MMSG-26659]
vuser_init.c(29): Found resource "https://petstore.octoperf.com/images/reptiles_icon.gif" in HTML "https://petstore.octoperf.com/actions/Catalog.action"  	[MsgId: MMSG-26659]
vuser_init.c(29): Found resource "https://petstore.octoperf.com/images/birds_icon.gif" in HTML "https://petstore.octoperf.com/actions/Catalog.action"  	[MsgId: MMSG-26659]
vuser_init.c(29): Found resource "https://petstore.octoperf.com/images/splash.gif" in HTML "https://petstore.octoperf.com/actions/Catalog.action"  	[MsgId: MMSG-26659]
Virtual User Script started at: 20-Oct-25 2:07:49 PM	[MsgId: MMSG-15967]
Starting action vuser_init.	[MsgId: MMSG-15919]
Web Turbo Replay of LoadRunner 2022.0.0 for Windows 2019; build 605 (Mar 08 2022 19:29:30)  	[MsgId: MMSG-26983]
Run mode: HTML  	[MsgId: MMSG-26993]
Replay user agent: Mozilla/5.0 (compatible; MSIE 10.0; Windows NT 6.1; Trident/6.0)  	[MsgId: MMSG-26988]
Runtime Settings file: "C:\Users\Administrator\AppData\Local\Temp\2\lr5tmpdirRkj.332\lrcfgK9l.344\cfgTJw.355"  	[MsgId: MMSG-27141]
vuser_init.c(3): Script Started	[MsgId: MMSG-17999]
vuser_init.c(4): web_cleanup_cookies started  	[MsgId: MMSG-26355]
vuser_init.c(4): web_cleanup_cookies was successful  	[MsgId: MMSG-26392]
vuser_init.c(5): web_cache_cleanup started  	[MsgId: MMSG-26355]
vuser_init.c(5): web_cache_cleanup was successful  	[MsgId: MMSG-26392]
vuser_init.c(6): web_cleanup_auto_headers started  	[MsgId: MMSG-26355]
vuser_init.c(6): web_cleanup_auto_headers was successful  	[MsgId: MMSG-26392]
vuser_init.c(7): web_set_sockets_option started  	[MsgId: MMSG-26355]
vuser_init.c(7): web_set_sockets_option was successful  	[MsgId: MMSG-26392]
vuser_init.c(9): Notify: Transaction "PetStore_LaunchPetStore_T01" started.	[MsgId: MMSG-16999]
vuser_init.c(11): web_reg_find started  	[MsgId: MMSG-26355]
vuser_init.c(11): Registering web_reg_find was successful  	[MsgId: MMSG-26390]
vuser_init.c(13): web_url("petstore.octoperf.com") started  	[MsgId: MMSG-26355]
vuser_init.c(29): Registered web_reg_find successful for "Text=OctoPerf" (count=1)  	[MsgId: MMSG-26364]
vuser_init.c(29): web_url("Catalog.action") was successful, 63413 body bytes, 4260 header bytes  	[MsgId: MMSG-26386]
vuser_init.c(37): Notify: Transaction "PetStore_EnterToPetStore_T02" ended with a "Pass" status (Duration: 0.5031 Wasted Time: 0.0002).	[MsgId: MMSG-16871]
vuser_init.c(39): lr_think_time: 3.36 seconds (recorded think time was 5.00 seconds).	[MsgId: MMSG-15947]
vuser_init.c(13): Found resource "https://petstore.octoperf.com/css/jpetstore.css" in HTML "https://petstore.octoperf.com/"  	[MsgId: MMSG-26659]
vuser_init.c(13): Registered web_reg_find successful for "Text=Welcome to JPetStore 6" (count=1)  	[MsgId: MMSG-26364]
vuser_init.c(13): web_url("petstore.octoperf.com") was successful, 7129 body bytes, 567 header bytes  	[MsgId: MMSG-26386]
vuser_init.c(21): Notify: Transaction "PetStore_LaunchPetStore_T01" ended with a "Pass" status (Duration: 0.7881 Wasted Time: 0.0010).	[MsgId: MMSG-16871]
vuser_init.c(23): lr_think_time: 4.75 seconds (recorded think time was 5.00 seconds).	[MsgId: MMSG-15947]
vuser_init.c(41): Notify: Transaction "PetStore_ClickOnSignIn_T03" started.	[MsgId: MMSG-16999]
vuser_init.c(43): web_reg_find started  	[MsgId: MMSG-26355]
vuser_init.c(43): Registering web_reg_find was successful  	[MsgId: MMSG-26390]
vuser_init.c(46): web_link("Sign In") started  	[MsgId: MMSG-26355]
vuser_init.c(46): Linking to "https://petstore.octoperf.com/actions/Account.action;jsessionid=B0B3D38DAEF2486DAD49F27F13EC7205?signonForm=", Target Frame=""  	[MsgId: MMSG-27994]
vuser_init.c(46): Resource "https://petstore.octoperf.com/css/jpetstore.css" is in the cache already and will not be downloaded again  	[MsgId: MMSG-26655]
vuser_init.c(46): Resource "https://petstore.octoperf.com/images/logo-topbar.svg" is in the cache already and will not be downloaded again  	[MsgId: MMSG-26655]
vuser_init.c(46): Resource "https://petstore.octoperf.com/images/cart.gif" is in the cache already and will not be downloaded again  	[MsgId: MMSG-26655]
vuser_init.c(46): Resource "https://petstore.octoperf.com/images/separator.gif" is in the cache already and will not be downloaded again  	[MsgId: MMSG-26655]
vuser_init.c(46): Resource "https://petstore.octoperf.com/images/sm_fish.gif" is in the cache already and will not be downloaded again  	[MsgId: MMSG-26655]
vuser_init.c(46): Resource "https://petstore.octoperf.com/images/sm_dogs.gif" is in the cache already and will not be downloaded again  	[MsgId: MMSG-26655]
vuser_init.c(46): Resource "https://petstore.octoperf.com/images/sm_reptiles.gif" is in the cache already and will not be downloaded again  	[MsgId: MMSG-26655]
vuser_init.c(46): Resource "https://petstore.octoperf.com/images/sm_cats.gif" is in the cache already and will not be downloaded again  	[MsgId: MMSG-26655]
vuser_init.c(46): Resource "https://petstore.octoperf.com/images/sm_birds.gif" is in the cache already and will not be downloaded again  	[MsgId: MMSG-26655]
vuser_init.c(46): Registered web_reg_find successful for "Text=Please enter your username and password" (count=1)  	[MsgId: MMSG-26364]
vuser_init.c(46): web_link("Sign In") was successful, 3856 body bytes, 225 header bytes  	[MsgId: MMSG-26386]
vuser_init.c(51): Notify: Transaction "PetStore_ClickOnSignIn_T03" ended with a "Pass" status (Duration: 0.1274 Wasted Time: 0.0000).	[MsgId: MMSG-16871]
Ending action vuser_init.	[MsgId: MMSG-15918]
Running Vuser...	[MsgId: MMSG-15964]
Virtual User Script started at: 20-Oct-25 2:07:54 PM	[MsgId: MMSG-15967]
Starting action vuser_init.	[MsgId: MMSG-15919]
Web Turbo Replay of LoadRunner 2022.0.0 for Windows 2019; build 605 (Mar 08 2022 19:29:30)  	[MsgId: MMSG-26983]
Run mode: HTML  	[MsgId: MMSG-26993]
Replay user agent: Mozilla/5.0 (compatible; MSIE 10.0; Windows NT 6.1; Trident/6.0)  	[MsgId: MMSG-26988]
Runtime Settings file: "C:\Users\Administrator\AppData\Local\Temp\2\lr5tmpdirRkj.332\lrcfgK9l.344\cfgTJw.355"  	[MsgId: MMSG-27141]
vuser_init.c(3): Script Started	[MsgId: MMSG-17999]
vuser_init.c(4): web_cleanup_cookies started  	[MsgId: MMSG-26355]
vuser_init.c(4): web_cleanup_cookies was successful  	[MsgId: MMSG-26392]
vuser_init.c(5): web_cache_cleanup started  	[MsgId: MMSG-26355]
vuser_init.c(5): web_cache_cleanup was successful  	[MsgId: MMSG-26392]
vuser_init.c(6): web_cleanup_auto_headers started  	[MsgId: MMSG-26355]
vuser_init.c(6): web_cleanup_auto_headers was successful  	[MsgId: MMSG-26392]
vuser_init.c(7): web_set_sockets_option started  	[MsgId: MMSG-26355]
vuser_init.c(7): web_set_sockets_option was successful  	[MsgId: MMSG-26392]
vuser_init.c(9): Notify: Transaction "PetStore_LaunchPetStore_T01" started.	[MsgId: MMSG-16999]
vuser_init.c(11): web_reg_find started  	[MsgId: MMSG-26355]
vuser_init.c(11): Registering web_reg_find was successful  	[MsgId: MMSG-26390]
vuser_init.c(13): web_url("petstore.octoperf.com") started  	[MsgId: MMSG-26355]
vuser_init.c(25): Notify: Transaction "PetStore_EnterToPetStore_T02" started.	[MsgId: MMSG-16999]
vuser_init.c(26): web_reg_find started  	[MsgId: MMSG-26355]
vuser_init.c(26): Registering web_reg_find was successful  	[MsgId: MMSG-26390]
vuser_init.c(29): web_url("Catalog.action") started  	[MsgId: MMSG-26355]
vuser_init.c(29): Resource "https://petstore.octoperf.com/css/jpetstore.css" is in the cache already and will not be downloaded again  	[MsgId: MMSG-26655]
vuser_init.c(29): Found resource "https://petstore.octoperf.com/images/logo-topbar.svg" in HTML "https://petstore.octoperf.com/actions/Catalog.action"  	[MsgId: MMSG-26659]
vuser_init.c(29): Found resource "https://petstore.octoperf.com/images/cart.gif" in HTML "https://petstore.octoperf.com/actions/Catalog.action"  	[MsgId: MMSG-26659]
vuser_init.c(29): Found resource "https://petstore.octoperf.com/images/separator.gif" in HTML "https://petstore.octoperf.com/actions/Catalog.action"  	[MsgId: MMSG-26659]
vuser_init.c(29): Found resource "https://petstore.octoperf.com/images/sm_fish.gif" in HTML "https://petstore.octoperf.com/actions/Catalog.action"  	[MsgId: MMSG-26659]
vuser_init.c(29): Found resource "https://petstore.octoperf.com/images/sm_dogs.gif" in HTML "https://petstore.octoperf.com/actions/Catalog.action"  	[MsgId: MMSG-26659]
vuser_init.c(29): Found resource "https://petstore.octoperf.com/images/sm_reptiles.gif" in HTML "https://petstore.octoperf.com/actions/Catalog.action"  	[MsgId: MMSG-26659]
vuser_init.c(29): Found resource "https://petstore.octoperf.com/images/sm_cats.gif" in HTML "https://petstore.octoperf.com/actions/Catalog.action"  	[MsgId: MMSG-26659]
vuser_init.c(29): Found resource "https://petstore.octoperf.com/images/sm_birds.gif" in HTML "https://petstore.octoperf.com/actions/Catalog.action"  	[MsgId: MMSG-26659]
vuser_init.c(29): Found resource "https://petstore.octoperf.com/images/fish_icon.gif" in HTML "https://petstore.octoperf.com/actions/Catalog.action"  	[MsgId: MMSG-26659]
vuser_init.c(29): Found resource "https://petstore.octoperf.com/images/dogs_icon.gif" in HTML "https://petstore.octoperf.com/actions/Catalog.action"  	[MsgId: MMSG-26659]
vuser_init.c(29): Found resource "https://petstore.octoperf.com/images/cats_icon.gif" in HTML "https://petstore.octoperf.com/actions/Catalog.action"  	[MsgId: MMSG-26659]
vuser_init.c(29): Found resource "https://petstore.octoperf.com/images/reptiles_icon.gif" in HTML "https://petstore.octoperf.com/actions/Catalog.action"  	[MsgId: MMSG-26659]
vuser_init.c(29): Found resource "https://petstore.octoperf.com/images/birds_icon.gif" in HTML "https://petstore.octoperf.com/actions/Catalog.action"  	[MsgId: MMSG-26659]
vuser_init.c(29): Found resource "https://petstore.octoperf.com/images/splash.gif" in HTML "https://petstore.octoperf.com/actions/Catalog.action"  	[MsgId: MMSG-26659]
vuser_init.c(13): Found resource "https://petstore.octoperf.com/css/jpetstore.css" in HTML "https://petstore.octoperf.com/"  	[MsgId: MMSG-26659]
vuser_init.c(13): Registered web_reg_find successful for "Text=Welcome to JPetStore 6" (count=1)  	[MsgId: MMSG-26364]
vuser_init.c(13): web_url("petstore.octoperf.com") was successful, 7129 body bytes, 567 header bytes  	[MsgId: MMSG-26386]
vuser_init.c(21): Notify: Transaction "PetStore_LaunchPetStore_T01" ended with a "Pass" status (Duration: 0.7938 Wasted Time: 0.0007).	[MsgId: MMSG-16871]
vuser_init.c(23): lr_think_time: 2.95 seconds (recorded think time was 5.00 seconds).	[MsgId: MMSG-15947]
vuser_init.c(29): Registered web_reg_find successful for "Text=OctoPerf" (count=1)  	[MsgId: MMSG-26364]
vuser_init.c(29): web_url("Catalog.action") was successful, 63413 body bytes, 4260 header bytes  	[MsgId: MMSG-26386]
vuser_init.c(37): Notify: Transaction "PetStore_EnterToPetStore_T02" ended with a "Pass" status (Duration: 0.4980 Wasted Time: 0.0001).	[MsgId: MMSG-16871]
vuser_init.c(39): lr_think_time: 4.74 seconds (recorded think time was 5.00 seconds).	[MsgId: MMSG-15947]
vuser_init.c(25): Notify: Transaction "PetStore_EnterToPetStore_T02" started.	[MsgId: MMSG-16999]
vuser_init.c(26): web_reg_find started  	[MsgId: MMSG-26355]
vuser_init.c(26): Registering web_reg_find was successful  	[MsgId: MMSG-26390]
vuser_init.c(29): web_url("Catalog.action") started  	[MsgId: MMSG-26355]
vuser_init.c(29): Resource "https://petstore.octoperf.com/css/jpetstore.css" is in the cache already and will not be downloaded again  	[MsgId: MMSG-26655]
vuser_init.c(29): Found resource "https://petstore.octoperf.com/images/logo-topbar.svg" in HTML "https://petstore.octoperf.com/actions/Catalog.action"  	[MsgId: MMSG-26659]
vuser_init.c(29): Found resource "https://petstore.octoperf.com/images/cart.gif" in HTML "https://petstore.octoperf.com/actions/Catalog.action"  	[MsgId: MMSG-26659]
vuser_init.c(29): Found resource "https://petstore.octoperf.com/images/separator.gif" in HTML "https://petstore.octoperf.com/actions/Catalog.action"  	[MsgId: MMSG-26659]
vuser_init.c(29): Found resource "https://petstore.octoperf.com/images/sm_fish.gif" in HTML "https://petstore.octoperf.com/actions/Catalog.action"  	[MsgId: MMSG-26659]
vuser_init.c(29): Found resource "https://petstore.octoperf.com/images/sm_dogs.gif" in HTML "https://petstore.octoperf.com/actions/Catalog.action"  	[MsgId: MMSG-26659]
vuser_init.c(29): Found resource "https://petstore.octoperf.com/images/sm_reptiles.gif" in HTML "https://petstore.octoperf.com/actions/Catalog.action"  	[MsgId: MMSG-26659]
vuser_init.c(29): Found resource "https://petstore.octoperf.com/images/sm_cats.gif" in HTML "https://petstore.octoperf.com/actions/Catalog.action"  	[MsgId: MMSG-26659]
vuser_init.c(29): Found resource "https://petstore.octoperf.com/images/sm_birds.gif" in HTML "https://petstore.octoperf.com/actions/Catalog.action"  	[MsgId: MMSG-26659]
vuser_init.c(29): Found resource "https://petstore.octoperf.com/images/fish_icon.gif" in HTML "https://petstore.octoperf.com/actions/Catalog.action"  	[MsgId: MMSG-26659]
vuser_init.c(29): Found resource "https://petstore.octoperf.com/images/dogs_icon.gif" in HTML "https://petstore.octoperf.com/actions/Catalog.action"  	[MsgId: MMSG-26659]
vuser_init.c(29): Found resource "https://petstore.octoperf.com/images/cats_icon.gif" in HTML "https://petstore.octoperf.com/actions/Catalog.action"  	[MsgId: MMSG-26659]
vuser_init.c(29): Found resource "https://petstore.octoperf.com/images/reptiles_icon.gif" in HTML "https://petstore.octoperf.com/actions/Catalog.action"  	[MsgId: MMSG-26659]
vuser_init.c(29): Found resource "https://petstore.octoperf.com/images/birds_icon.gif" in HTML "https://petstore.octoperf.com/actions/Catalog.action"  	[MsgId: MMSG-26659]
vuser_init.c(29): Found resource "https://petstore.octoperf.com/images/splash.gif" in HTML "https://petstore.octoperf.com/actions/Catalog.action"  	[MsgId: MMSG-26659]
vuser_init.c(29): Registered web_reg_find successful for "Text=OctoPerf" (count=1)  	[MsgId: MMSG-26364]
vuser_init.c(29): web_url("Catalog.action") was successful, 63413 body bytes, 4260 header bytes  	[MsgId: MMSG-26386]
vuser_init.c(37): Notify: Transaction "PetStore_EnterToPetStore_T02" ended with a "Pass" status (Duration: 0.5038 Wasted Time: 0.0001).	[MsgId: MMSG-16871]
vuser_init.c(39): lr_think_time: 3.48 seconds (recorded think time was 5.00 seconds).	[MsgId: MMSG-15947]
Virtual User Script started at: 20-Oct-25 2:07:59 PM	[MsgId: MMSG-15967]
Starting action vuser_init.	[MsgId: MMSG-15919]
Web Turbo Replay of LoadRunner 2022.0.0 for Windows 2019; build 605 (Mar 08 2022 19:29:30)  	[MsgId: MMSG-26983]
Run mode: HTML  	[MsgId: MMSG-26993]
Replay user agent: Mozilla/5.0 (compatible; MSIE 10.0; Windows NT 6.1; Trident/6.0)  	[MsgId: MMSG-26988]
Runtime Settings file: "C:\Users\Administrator\AppData\Local\Temp\2\lr5tmpdirRkj.332\lrcfgK9l.344\cfgTJw.355"  	[MsgId: MMSG-27141]
vuser_init.c(3): Script Started	[MsgId: MMSG-17999]
vuser_init.c(4): web_cleanup_cookies started  	[MsgId: MMSG-26355]
vuser_init.c(4): web_cleanup_cookies was successful  	[MsgId: MMSG-26392]
vuser_init.c(5): web_cache_cleanup started  	[MsgId: MMSG-26355]
vuser_init.c(5): web_cache_cleanup was successful  	[MsgId: MMSG-26392]
vuser_init.c(6): web_cleanup_auto_headers started  	[MsgId: MMSG-26355]
vuser_init.c(6): web_cleanup_auto_headers was successful  	[MsgId: MMSG-26392]
vuser_init.c(7): web_set_sockets_option started  	[MsgId: MMSG-26355]
vuser_init.c(7): web_set_sockets_option was successful  	[MsgId: MMSG-26392]
vuser_init.c(9): Notify: Transaction "PetStore_LaunchPetStore_T01" started.	[MsgId: MMSG-16999]
vuser_init.c(11): web_reg_find started  	[MsgId: MMSG-26355]
vuser_init.c(11): Registering web_reg_find was successful  	[MsgId: MMSG-26390]
vuser_init.c(13): web_url("petstore.octoperf.com") started  	[MsgId: MMSG-26355]
vuser_init.c(41): Notify: Transaction "PetStore_ClickOnSignIn_T03" started.	[MsgId: MMSG-16999]
vuser_init.c(43): web_reg_find started  	[MsgId: MMSG-26355]
vuser_init.c(43): Registering web_reg_find was successful  	[MsgId: MMSG-26390]
vuser_init.c(46): web_link("Sign In") started  	[MsgId: MMSG-26355]
vuser_init.c(46): Linking to "https://petstore.octoperf.com/actions/Account.action;jsessionid=A387ACDBD0C15908AD1362EAF2AA3F02?signonForm=", Target Frame=""  	[MsgId: MMSG-27994]
vuser_init.c(13): Found resource "https://petstore.octoperf.com/css/jpetstore.css" in HTML "https://petstore.octoperf.com/"  	[MsgId: MMSG-26659]
vuser_init.c(46): Resource "https://petstore.octoperf.com/css/jpetstore.css" is in the cache already and will not be downloaded again  	[MsgId: MMSG-26655]
vuser_init.c(46): Resource "https://petstore.octoperf.com/images/logo-topbar.svg" is in the cache already and will not be downloaded again  	[MsgId: MMSG-26655]
vuser_init.c(46): Resource "https://petstore.octoperf.com/images/cart.gif" is in the cache already and will not be downloaded again  	[MsgId: MMSG-26655]
vuser_init.c(46): Resource "https://petstore.octoperf.com/images/separator.gif" is in the cache already and will not be downloaded again  	[MsgId: MMSG-26655]
vuser_init.c(46): Resource "https://petstore.octoperf.com/images/sm_fish.gif" is in the cache already and will not be downloaded again  	[MsgId: MMSG-26655]
vuser_init.c(46): Resource "https://petstore.octoperf.com/images/sm_dogs.gif" is in the cache already and will not be downloaded again  	[MsgId: MMSG-26655]
vuser_init.c(46): Resource "https://petstore.octoperf.com/images/sm_reptiles.gif" is in the cache already and will not be downloaded again  	[MsgId: MMSG-26655]
vuser_init.c(46): Resource "https://petstore.octoperf.com/images/sm_cats.gif" is in the cache already and will not be downloaded again  	[MsgId: MMSG-26655]
vuser_init.c(46): Resource "https://petstore.octoperf.com/images/sm_birds.gif" is in the cache already and will not be downloaded again  	[MsgId: MMSG-26655]
vuser_init.c(46): Registered web_reg_find successful for "Text=Please enter your username and password" (count=1)  	[MsgId: MMSG-26364]
vuser_init.c(46): web_link("Sign In") was successful, 3860 body bytes, 225 header bytes  	[MsgId: MMSG-26386]
vuser_init.c(51): Notify: Transaction "PetStore_ClickOnSignIn_T03" ended with a "Pass" status (Duration: 0.1259 Wasted Time: 0.0000).	[MsgId: MMSG-16871]
Ending action vuser_init.	[MsgId: MMSG-15918]
Running Vuser...	[MsgId: MMSG-15964]
vuser_init.c(13): Registered web_reg_find successful for "Text=Welcome to JPetStore 6" (count=1)  	[MsgId: MMSG-26364]
vuser_init.c(13): web_url("petstore.octoperf.com") was successful, 7129 body bytes, 567 header bytes  	[MsgId: MMSG-26386]
vuser_init.c(21): Notify: Transaction "PetStore_LaunchPetStore_T01" ended with a "Pass" status (Duration: 0.7861 Wasted Time: 0.0009).	[MsgId: MMSG-16871]
vuser_init.c(23): lr_think_time: 4.22 seconds (recorded think time was 5.00 seconds).	[MsgId: MMSG-15947]
vuser_init.c(41): Notify: Transaction "PetStore_ClickOnSignIn_T03" started.	[MsgId: MMSG-16999]
vuser_init.c(43): web_reg_find started  	[MsgId: MMSG-26355]
vuser_init.c(43): Registering web_reg_find was successful  	[MsgId: MMSG-26390]
vuser_init.c(46): web_link("Sign In") started  	[MsgId: MMSG-26355]
vuser_init.c(46): Linking to "https://petstore.octoperf.com/actions/Account.action;jsessionid=81E2AEF6A5676EA11390B10681FF0F9D?signonForm=", Target Frame=""  	[MsgId: MMSG-27994]
vuser_init.c(46): Resource "https://petstore.octoperf.com/css/jpetstore.css" is in the cache already and will not be downloaded again  	[MsgId: MMSG-26655]
vuser_init.c(46): Resource "https://petstore.octoperf.com/images/logo-topbar.svg" is in the cache already and will not be downloaded again  	[MsgId: MMSG-26655]
vuser_init.c(46): Resource "https://petstore.octoperf.com/images/cart.gif" is in the cache already and will not be downloaded again  	[MsgId: MMSG-26655]
vuser_init.c(46): Resource "https://petstore.octoperf.com/images/separator.gif" is in the cache already and will not be downloaded again  	[MsgId: MMSG-26655]
vuser_init.c(46): Resource "https://petstore.octoperf.com/images/sm_fish.gif" is in the cache already and will not be downloaded again  	[MsgId: MMSG-26655]
vuser_init.c(46): Resource "https://petstore.octoperf.com/images/sm_dogs.gif" is in the cache already and will not be downloaded again  	[MsgId: MMSG-26655]
vuser_init.c(46): Resource "https://petstore.octoperf.com/images/sm_reptiles.gif" is in the cache already and will not be downloaded again  	[MsgId: MMSG-26655]
vuser_init.c(46): Resource "https://petstore.octoperf.com/images/sm_cats.gif" is in the cache already and will not be downloaded again  	[MsgId: MMSG-26655]
vuser_init.c(46): Resource "https://petstore.octoperf.com/images/sm_birds.gif" is in the cache already and will not be downloaded again  	[MsgId: MMSG-26655]
vuser_init.c(46): Registered web_reg_find successful for "Text=Please enter your username and password" (count=1)  	[MsgId: MMSG-26364]
vuser_init.c(46): web_link("Sign In") was successful, 3858 body bytes, 225 header bytes  	[MsgId: MMSG-26386]
vuser_init.c(51): Notify: Transaction "PetStore_ClickOnSignIn_T03" ended with a "Pass" status (Duration: 0.1262 Wasted Time: 0.0000).	[MsgId: MMSG-16871]
Ending action vuser_init.	[MsgId: MMSG-15918]
Running Vuser...	[MsgId: MMSG-15964]
vuser_init.c(25): Notify: Transaction "PetStore_EnterToPetStore_T02" started.	[MsgId: MMSG-16999]
vuser_init.c(26): web_reg_find started  	[MsgId: MMSG-26355]
vuser_init.c(26): Registering web_reg_find was successful  	[MsgId: MMSG-26390]
vuser_init.c(29): web_url("Catalog.action") started  	[MsgId: MMSG-26355]
vuser_init.c(29): Resource "https://petstore.octoperf.com/css/jpetstore.css" is in the cache already and will not be downloaded again  	[MsgId: MMSG-26655]
vuser_init.c(29): Found resource "https://petstore.octoperf.com/images/logo-topbar.svg" in HTML "https://petstore.octoperf.com/actions/Catalog.action"  	[MsgId: MMSG-26659]
vuser_init.c(29): Found resource "https://petstore.octoperf.com/images/cart.gif" in HTML "https://petstore.octoperf.com/actions/Catalog.action"  	[MsgId: MMSG-26659]
vuser_init.c(29): Found resource "https://petstore.octoperf.com/images/separator.gif" in HTML "https://petstore.octoperf.com/actions/Catalog.action"  	[MsgId: MMSG-26659]
vuser_init.c(29): Found resource "https://petstore.octoperf.com/images/sm_fish.gif" in HTML "https://petstore.octoperf.com/actions/Catalog.action"  	[MsgId: MMSG-26659]
vuser_init.c(29): Found resource "https://petstore.octoperf.com/images/sm_dogs.gif" in HTML "https://petstore.octoperf.com/actions/Catalog.action"  	[MsgId: MMSG-26659]
vuser_init.c(29): Found resource "https://petstore.octoperf.com/images/sm_reptiles.gif" in HTML "https://petstore.octoperf.com/actions/Catalog.action"  	[MsgId: MMSG-26659]
vuser_init.c(29): Found resource "https://petstore.octoperf.com/images/sm_cats.gif" in HTML "https://petstore.octoperf.com/actions/Catalog.action"  	[MsgId: MMSG-26659]
vuser_init.c(29): Found resource "https://petstore.octoperf.com/images/sm_birds.gif" in HTML "https://petstore.octoperf.com/actions/Catalog.action"  	[MsgId: MMSG-26659]
vuser_init.c(29): Found resource "https://petstore.octoperf.com/images/fish_icon.gif" in HTML "https://petstore.octoperf.com/actions/Catalog.action"  	[MsgId: MMSG-26659]
vuser_init.c(29): Found resource "https://petstore.octoperf.com/images/dogs_icon.gif" in HTML "https://petstore.octoperf.com/actions/Catalog.action"  	[MsgId: MMSG-26659]
vuser_init.c(29): Found resource "https://petstore.octoperf.com/images/cats_icon.gif" in HTML "https://petstore.octoperf.com/actions/Catalog.action"  	[MsgId: MMSG-26659]
vuser_init.c(29): Found resource "https://petstore.octoperf.com/images/reptiles_icon.gif" in HTML "https://petstore.octoperf.com/actions/Catalog.action"  	[MsgId: MMSG-26659]
vuser_init.c(29): Found resource "https://petstore.octoperf.com/images/birds_icon.gif" in HTML "https://petstore.octoperf.com/actions/Catalog.action"  	[MsgId: MMSG-26659]
vuser_init.c(29): Found resource "https://petstore.octoperf.com/images/splash.gif" in HTML "https://petstore.octoperf.com/actions/Catalog.action"  	[MsgId: MMSG-26659]
Virtual User Script started at: 20-Oct-25 2:08:04 PM	[MsgId: MMSG-15967]
Starting action vuser_init.	[MsgId: MMSG-15919]
Web Turbo Replay of LoadRunner 2022.0.0 for Windows 2019; build 605 (Mar 08 2022 19:29:30)  	[MsgId: MMSG-26983]
Run mode: HTML  	[MsgId: MMSG-26993]
Replay user agent: Mozilla/5.0 (compatible; MSIE 10.0; Windows NT 6.1; Trident/6.0)  	[MsgId: MMSG-26988]
Runtime Settings file: "C:\Users\Administrator\AppData\Local\Temp\2\lr5tmpdirRkj.332\lrcfgK9l.344\cfgTJw.355"  	[MsgId: MMSG-27141]
vuser_init.c(3): Script Started	[MsgId: MMSG-17999]
vuser_init.c(4): web_cleanup_cookies started  	[MsgId: MMSG-26355]
vuser_init.c(4): web_cleanup_cookies was successful  	[MsgId: MMSG-26392]
vuser_init.c(5): web_cache_cleanup started  	[MsgId: MMSG-26355]
vuser_init.c(5): web_cache_cleanup was successful  	[MsgId: MMSG-26392]
vuser_init.c(6): web_cleanup_auto_headers started  	[MsgId: MMSG-26355]
vuser_init.c(6): web_cleanup_auto_headers was successful  	[MsgId: MMSG-26392]
vuser_init.c(7): web_set_sockets_option started  	[MsgId: MMSG-26355]
vuser_init.c(7): web_set_sockets_option was successful  	[MsgId: MMSG-26392]
vuser_init.c(9): Notify: Transaction "PetStore_LaunchPetStore_T01" started.	[MsgId: MMSG-16999]
vuser_init.c(11): web_reg_find started  	[MsgId: MMSG-26355]
vuser_init.c(11): Registering web_reg_find was successful  	[MsgId: MMSG-26390]
vuser_init.c(13): web_url("petstore.octoperf.com") started  	[MsgId: MMSG-26355]
vuser_init.c(29): Registered web_reg_find successful for "Text=OctoPerf" (count=1)  	[MsgId: MMSG-26364]
vuser_init.c(29): web_url("Catalog.action") was successful, 63413 body bytes, 4260 header bytes  	[MsgId: MMSG-26386]
vuser_init.c(37): Notify: Transaction "PetStore_EnterToPetStore_T02" ended with a "Pass" status (Duration: 0.5005 Wasted Time: 0.0002).	[MsgId: MMSG-16871]
vuser_init.c(39): lr_think_time: 3.95 seconds (recorded think time was 5.00 seconds).	[MsgId: MMSG-15947]
vuser_init.c(13): Found resource "https://petstore.octoperf.com/css/jpetstore.css" in HTML "https://petstore.octoperf.com/"  	[MsgId: MMSG-26659]
vuser_init.c(13): Registered web_reg_find successful for "Text=Welcome to JPetStore 6" (count=1)  	[MsgId: MMSG-26364]
vuser_init.c(13): web_url("petstore.octoperf.com") was successful, 7129 body bytes, 567 header bytes  	[MsgId: MMSG-26386]
vuser_init.c(21): Notify: Transaction "PetStore_LaunchPetStore_T01" ended with a "Pass" status (Duration: 0.7917 Wasted Time: 0.0007).	[MsgId: MMSG-16871]
vuser_init.c(23): lr_think_time: 2.72 seconds (recorded think time was 5.00 seconds).	[MsgId: MMSG-15947]
vuser_init.c(25): Notify: Transaction "PetStore_EnterToPetStore_T02" started.	[MsgId: MMSG-16999]
vuser_init.c(26): web_reg_find started  	[MsgId: MMSG-26355]
vuser_init.c(26): Registering web_reg_find was successful  	[MsgId: MMSG-26390]
vuser_init.c(29): web_url("Catalog.action") started  	[MsgId: MMSG-26355]
vuser_init.c(29): Resource "https://petstore.octoperf.com/css/jpetstore.css" is in the cache already and will not be downloaded again  	[MsgId: MMSG-26655]
vuser_init.c(29): Found resource "https://petstore.octoperf.com/images/logo-topbar.svg" in HTML "https://petstore.octoperf.com/actions/Catalog.action"  	[MsgId: MMSG-26659]
vuser_init.c(29): Found resource "https://petstore.octoperf.com/images/cart.gif" in HTML "https://petstore.octoperf.com/actions/Catalog.action"  	[MsgId: MMSG-26659]
vuser_init.c(29): Found resource "https://petstore.octoperf.com/images/separator.gif" in HTML "https://petstore.octoperf.com/actions/Catalog.action"  	[MsgId: MMSG-26659]
vuser_init.c(29): Found resource "https://petstore.octoperf.com/images/sm_fish.gif" in HTML "https://petstore.octoperf.com/actions/Catalog.action"  	[MsgId: MMSG-26659]
vuser_init.c(29): Found resource "https://petstore.octoperf.com/images/sm_dogs.gif" in HTML "https://petstore.octoperf.com/actions/Catalog.action"  	[MsgId: MMSG-26659]
vuser_init.c(29): Found resource "https://petstore.octoperf.com/images/sm_reptiles.gif" in HTML "https://petstore.octoperf.com/actions/Catalog.action"  	[MsgId: MMSG-26659]
vuser_init.c(29): Found resource "https://petstore.octoperf.com/images/sm_cats.gif" in HTML "https://petstore.octoperf.com/actions/Catalog.action"  	[MsgId: MMSG-26659]
vuser_init.c(29): Found resource "https://petstore.octoperf.com/images/sm_birds.gif" in HTML "https://petstore.octoperf.com/actions/Catalog.action"  	[MsgId: MMSG-26659]
vuser_init.c(29): Found resource "https://petstore.octoperf.com/images/fish_icon.gif" in HTML "https://petstore.octoperf.com/actions/Catalog.action"  	[MsgId: MMSG-26659]
vuser_init.c(29): Found resource "https://petstore.octoperf.com/images/dogs_icon.gif" in HTML "https://petstore.octoperf.com/actions/Catalog.action"  	[MsgId: MMSG-26659]
vuser_init.c(29): Found resource "https://petstore.octoperf.com/images/cats_icon.gif" in HTML "https://petstore.octoperf.com/actions/Catalog.action"  	[MsgId: MMSG-26659]
vuser_init.c(29): Found resource "https://petstore.octoperf.com/images/reptiles_icon.gif" in HTML "https://petstore.octoperf.com/actions/Catalog.action"  	[MsgId: MMSG-26659]
vuser_init.c(29): Found resource "https://petstore.octoperf.com/images/birds_icon.gif" in HTML "https://petstore.octoperf.com/actions/Catalog.action"  	[MsgId: MMSG-26659]
vuser_init.c(29): Found resource "https://petstore.octoperf.com/images/splash.gif" in HTML "https://petstore.octoperf.com/actions/Catalog.action"  	[MsgId: MMSG-26659]
vuser_init.c(29): Registered web_reg_find successful for "Text=OctoPerf" (count=1)  	[MsgId: MMSG-26364]
vuser_init.c(29): web_url("Catalog.action") was successful, 63413 body bytes, 4260 header bytes  	[MsgId: MMSG-26386]
vuser_init.c(37): Notify: Transaction "PetStore_EnterToPetStore_T02" ended with a "Pass" status (Duration: 0.4990 Wasted Time: 0.0002).	[MsgId: MMSG-16871]
vuser_init.c(39): lr_think_time: 4.91 seconds (recorded think time was 5.00 seconds).	[MsgId: MMSG-15947]
vuser_init.c(41): Notify: Transaction "PetStore_ClickOnSignIn_T03" started.	[MsgId: MMSG-16999]
vuser_init.c(43): web_reg_find started  	[MsgId: MMSG-26355]
vuser_init.c(43): Registering web_reg_find was successful  	[MsgId: MMSG-26390]
vuser_init.c(46): web_link("Sign In") started  	[MsgId: MMSG-26355]
vuser_init.c(46): Linking to "https://petstore.octoperf.com/actions/Account.action;jsessionid=5F9A89F77E8D5CAAE43DFDD7AE34481A?signonForm=", Target Frame=""  	[MsgId: MMSG-27994]
vuser_init.c(46): Resource "https://petstore.octoperf.com/css/jpetstore.css" is in the cache already and will not be downloaded again  	[MsgId: MMSG-26655]
vuser_init.c(46): Resource "https://petstore.octoperf.com/images/logo-topbar.svg" is in the cache already and will not be downloaded again  	[MsgId: MMSG-26655]
vuser_init.c(46): Resource "https://petstore.octoperf.com/images/cart.gif" is in the cache already and will not be downloaded again  	[MsgId: MMSG-26655]
vuser_init.c(46): Resource "https://petstore.octoperf.com/images/separator.gif" is in the cache already and will not be downloaded again  	[MsgId: MMSG-26655]
vuser_init.c(46): Resource "https://petstore.octoperf.com/images/sm_fish.gif" is in the cache already and will not be downloaded again  	[MsgId: MMSG-26655]
vuser_init.c(46): Resource "https://petstore.octoperf.com/images/sm_dogs.gif" is in the cache already and will not be downloaded again  	[MsgId: MMSG-26655]
vuser_init.c(46): Resource "https://petstore.octoperf.com/images/sm_reptiles.gif" is in the cache already and will not be downloaded again  	[MsgId: MMSG-26655]
vuser_init.c(46): Resource "https://petstore.octoperf.com/images/sm_cats.gif" is in the cache already and will not be downloaded again  	[MsgId: MMSG-26655]
vuser_init.c(46): Resource "https://petstore.octoperf.com/images/sm_birds.gif" is in the cache already and will not be downloaded again  	[MsgId: MMSG-26655]
vuser_init.c(46): Registered web_reg_find successful for "Text=Please enter your username and password" (count=1)  	[MsgId: MMSG-26364]
vuser_init.c(46): web_link("Sign In") was successful, 3860 body bytes, 225 header bytes  	[MsgId: MMSG-26386]
vuser_init.c(51): Notify: Transaction "PetStore_ClickOnSignIn_T03" ended with a "Pass" status (Duration: 0.1250 Wasted Time: 0.0000).	[MsgId: MMSG-16871]
Ending action vuser_init.	[MsgId: MMSG-15918]
Running Vuser...	[MsgId: MMSG-15964]
vuser_init.c(41): Notify: Transaction "PetStore_ClickOnSignIn_T03" started.	[MsgId: MMSG-16999]
vuser_init.c(43): web_reg_find started  	[MsgId: MMSG-26355]
vuser_init.c(43): Registering web_reg_find was successful  	[MsgId: MMSG-26390]
vuser_init.c(46): web_link("Sign In") started  	[MsgId: MMSG-26355]
vuser_init.c(46): Linking to "https://petstore.octoperf.com/actions/Account.action;jsessionid=01DC0B1E7C71F5AAE27C859C94FC5A25?signonForm=", Target Frame=""  	[MsgId: MMSG-27994]
vuser_init.c(46): Resource "https://petstore.octoperf.com/css/jpetstore.css" is in the cache already and will not be downloaded again  	[MsgId: MMSG-26655]
vuser_init.c(46): Resource "https://petstore.octoperf.com/images/logo-topbar.svg" is in the cache already and will not be downloaded again  	[MsgId: MMSG-26655]
vuser_init.c(46): Resource "https://petstore.octoperf.com/images/cart.gif" is in the cache already and will not be downloaded again  	[MsgId: MMSG-26655]
vuser_init.c(46): Resource "https://petstore.octoperf.com/images/separator.gif" is in the cache already and will not be downloaded again  	[MsgId: MMSG-26655]
vuser_init.c(46): Resource "https://petstore.octoperf.com/images/sm_fish.gif" is in the cache already and will not be downloaded again  	[MsgId: MMSG-26655]
vuser_init.c(46): Resource "https://petstore.octoperf.com/images/sm_dogs.gif" is in the cache already and will not be downloaded again  	[MsgId: MMSG-26655]
vuser_init.c(46): Resource "https://petstore.octoperf.com/images/sm_reptiles.gif" is in the cache already and will not be downloaded again  	[MsgId: MMSG-26655]
vuser_init.c(46): Resource "https://petstore.octoperf.com/images/sm_cats.gif" is in the cache already and will not be downloaded again  	[MsgId: MMSG-26655]
vuser_init.c(46): Resource "https://petstore.octoperf.com/images/sm_birds.gif" is in the cache already and will not be downloaded again  	[MsgId: MMSG-26655]
vuser_init.c(46): Registered web_reg_find successful for "Text=Please enter your username and password" (count=1)  	[MsgId: MMSG-26364]
vuser_init.c(46): web_link("Sign In") was successful, 3858 body bytes, 225 header bytes  	[MsgId: MMSG-26386]
vuser_init.c(51): Notify: Transaction "PetStore_ClickOnSignIn_T03" ended with a "Pass" status (Duration: 0.1266 Wasted Time: 0.0000).	[MsgId: MMSG-16871]
Ending action vuser_init.	[MsgId: MMSG-15918]
Running Vuser...	[MsgId: MMSG-15964]
Starting iteration 1.	[MsgId: MMSG-15968]
Warning -27077: The "vuser_init" section contains web function(s) when the "Simulate a new user on each iteration" Runtime Setting is ON.  This may produce unpredictable results with multiple iterations  	[MsgId: MWAR-27077]
Maximum number of concurrent connections per server: 6  	[MsgId: MMSG-26989]
Starting action Login.	[MsgId: MMSG-15919]
Registration.c(15): Notify: Transaction "PetStore_ClickOnRegistration_T01" started.	[MsgId: MMSG-16999]
Registration.c(17): web_reg_find started  	[MsgId: MMSG-26355]
Registration.c(17): Registering web_reg_find was successful  	[MsgId: MMSG-26390]
Registration.c(20): web_link("Register Now!") started  	[MsgId: MMSG-26355]
Registration.c(20): Linking to "https://petstore.octoperf.com/actions/Account.action?newAccountForm=", Target Frame=""  	[MsgId: MMSG-27994]
Registration.c(20): Resource "https://petstore.octoperf.com/css/jpetstore.css" is in the cache already and will not be downloaded again  	[MsgId: MMSG-26655]
Registration.c(20): Resource "https://petstore.octoperf.com/images/logo-topbar.svg" is in the cache already and will not be downloaded again  	[MsgId: MMSG-26655]
Registration.c(20): Resource "https://petstore.octoperf.com/images/cart.gif" is in the cache already and will not be downloaded again  	[MsgId: MMSG-26655]
Registration.c(20): Resource "https://petstore.octoperf.com/images/separator.gif" is in the cache already and will not be downloaded again  	[MsgId: MMSG-26655]
Registration.c(20): Resource "https://petstore.octoperf.com/images/sm_fish.gif" is in the cache already and will not be downloaded again  	[MsgId: MMSG-26655]
Registration.c(20): Resource "https://petstore.octoperf.com/images/sm_dogs.gif" is in the cache already and will not be downloaded again  	[MsgId: MMSG-26655]
Registration.c(20): Resource "https://petstore.octoperf.com/images/sm_reptiles.gif" is in the cache already and will not be downloaded again  	[MsgId: MMSG-26655]
Registration.c(20): Resource "https://petstore.octoperf.com/images/sm_cats.gif" is in the cache already and will not be downloaded again  	[MsgId: MMSG-26655]
Registration.c(20): Resource "https://petstore.octoperf.com/images/sm_birds.gif" is in the cache already and will not be downloaded again  	[MsgId: MMSG-26655]
Registration.c(20): Registered web_reg_find successful for "Text=User Information" (count=1)  	[MsgId: MMSG-26364]
Registration.c(20): web_link("Register Now!") was successful, 5819 body bytes, 225 header bytes  	[MsgId: MMSG-26386]
Registration.c(25): Notify: Transaction "PetStore_ClickOnRegistration_T01" ended with a "Pass" status (Duration: 0.1272 Wasted Time: 0.0000).	[MsgId: MMSG-16871]
Registration.c(27): lr_think_time: 3.49 seconds (recorded think time was 5.00 seconds).	[MsgId: MMSG-15947]
Registration.c(29): Notify: Transaction "PetStore_SubmitRegistration_T02" started.	[MsgId: MMSG-16999]
Registration.c(31): web_reg_find started  	[MsgId: MMSG-26355]
Registration.c(31): Registering web_reg_find was successful  	[MsgId: MMSG-26390]
Registration.c(38): Notify: Saving Parameter "randomUsername = GAMD".	[MsgId: MMSG-13798]
Registration.c(44): Notify: Saving Parameter "randompass = zyqo".	[MsgId: MMSG-13798]
Registration.c(58): Notify: Saving Parameter "randomFirstName = dyyxn".	[MsgId: MMSG-13798]
Registration.c(59): Notify: Saving Parameter "randomLastName = olayn".	[MsgId: MMSG-13798]
Registration.c(71): Notify: Saving Parameter "RandomPhone = :055796376".	[MsgId: MMSG-13798]
Registration.c(80): Notify: Saving Parameter "RandomZip = 853716".	[MsgId: MMSG-13798]
Registration.c(83): web_submit_form("Account.action") started  	[MsgId: MMSG-26355]
Registration.c(83): Notify: Parameter Substitution: parameter "randomUsername" =  "GAMD"	[MsgId: MMSG-13992]
Registration.c(83): Notify: Parameter Substitution: parameter "randompass" =  "zyqo"	[MsgId: MMSG-13992]
Registration.c(83): Notify: Parameter Substitution: parameter "randompass" =  "zyqo"	[MsgId: MMSG-13992]
Registration.c(83): Notify: Parameter Substitution: parameter "randomFirstName" =  "dyyxn"	[MsgId: MMSG-13992]
Registration.c(83): Notify: Parameter Substitution: parameter "randomLastName" =  "olayn"	[MsgId: MMSG-13992]
Registration.c(83): Notify: Parameter Substitution: parameter "randomFirstName" =  "dyyxn"	[MsgId: MMSG-13992]
Registration.c(83): Notify: Parameter Substitution: parameter "randomLastName" =  "olayn"	[MsgId: MMSG-13992]
Registration.c(83): Notify: Parameter Substitution: parameter "RandomPhone" =  ":055796376"	[MsgId: MMSG-13992]
Registration.c(83): Notify: Parameter Substitution: parameter "RandomZip" =  "853716"	[MsgId: MMSG-13992]
Registration.c(83): Submitting form to "https://petstore.octoperf.com/actions/Account.action", Target Frame=""  	[MsgId: MMSG-27978]
Registration.c(83): Redirecting "https://petstore.octoperf.com/actions/Account.action" (redirection depth is 0)  	[MsgId: MMSG-26694]
Registration.c(83): To location "https://petstore.octoperf.com/actions/Catalog.action"  	[MsgId: MMSG-26693]
Registration.c(83): Resource "https://petstore.octoperf.com/css/jpetstore.css" is in the cache already and will not be downloaded again  	[MsgId: MMSG-26655]
Registration.c(83): Resource "https://petstore.octoperf.com/images/logo-topbar.svg" is in the cache already and will not be downloaded again  	[MsgId: MMSG-26655]
Registration.c(83): Resource "https://petstore.octoperf.com/images/cart.gif" is in the cache already and will not be downloaded again  	[MsgId: MMSG-26655]
Registration.c(83): Resource "https://petstore.octoperf.com/images/separator.gif" is in the cache already and will not be downloaded again  	[MsgId: MMSG-26655]
Registration.c(83): Resource "https://petstore.octoperf.com/images/sm_fish.gif" is in the cache already and will not be downloaded again  	[MsgId: MMSG-26655]
Registration.c(83): Resource "https://petstore.octoperf.com/images/sm_dogs.gif" is in the cache already and will not be downloaded again  	[MsgId: MMSG-26655]
Registration.c(83): Resource "https://petstore.octoperf.com/images/sm_reptiles.gif" is in the cache already and will not be downloaded again  	[MsgId: MMSG-26655]
Registration.c(83): Resource "https://petstore.octoperf.com/images/sm_cats.gif" is in the cache already and will not be downloaded again  	[MsgId: MMSG-26655]
Registration.c(83): Resource "https://petstore.octoperf.com/images/sm_birds.gif" is in the cache already and will not be downloaded again  	[MsgId: MMSG-26655]
Registration.c(83): Resource "https://petstore.octoperf.com/images/fish_icon.gif" is in the cache already and will not be downloaded again  	[MsgId: MMSG-26655]
Registration.c(83): Resource "https://petstore.octoperf.com/images/dogs_icon.gif" is in the cache already and will not be downloaded again  	[MsgId: MMSG-26655]
Registration.c(83): Resource "https://petstore.octoperf.com/images/cats_icon.gif" is in the cache already and will not be downloaded again  	[MsgId: MMSG-26655]
Registration.c(83): Resource "https://petstore.octoperf.com/images/reptiles_icon.gif" is in the cache already and will not be downloaded again  	[MsgId: MMSG-26655]
Registration.c(83): Resource "https://petstore.octoperf.com/images/birds_icon.gif" is in the cache already and will not be downloaded again  	[MsgId: MMSG-26655]
Registration.c(83): Resource "https://petstore.octoperf.com/images/splash.gif" is in the cache already and will not be downloaded again  	[MsgId: MMSG-26655]
Registration.c(83): Registered web_reg_find successful for "Text=Elevate you load-testing" (count=1)  	[MsgId: MMSG-26364]
Registration.c(83): web_submit_form("Account.action") was successful, 4736 body bytes, 443 header bytes  	[MsgId: MMSG-26386]
Registration.c(105): Notify: Transaction "PetStore_SubmitRegistration_T02" ended with a "Pass" status (Duration: 0.3752 Wasted Time: 0.0000).	[MsgId: MMSG-16871]
Registration.c(107): lr_think_time: 3.48 seconds (recorded think time was 5.00 seconds).	[MsgId: MMSG-15947]
Registration.c(109): Notify: Transaction "PetStore_SignOut_T03" started.	[MsgId: MMSG-16999]
Registration.c(111): web_reg_find started  	[MsgId: MMSG-26355]
Registration.c(111): Registering web_reg_find was successful  	[MsgId: MMSG-26390]
Registration.c(114): web_url("Account.action_2") started  	[MsgId: MMSG-26355]
Registration.c(114): Redirecting "https://petstore.octoperf.com/actions/Account.action?signoff=" (redirection depth is 0)  	[MsgId: MMSG-26694]
Registration.c(114): To location "https://petstore.octoperf.com/actions/Catalog.action"  	[MsgId: MMSG-26693]
Registration.c(114): Resource "https://petstore.octoperf.com/css/jpetstore.css" is in the cache already and will not be downloaded again  	[MsgId: MMSG-26655]
Registration.c(114): Resource "https://petstore.octoperf.com/images/logo-topbar.svg" is in the cache already and will not be downloaded again  	[MsgId: MMSG-26655]
Registration.c(114): Resource "https://petstore.octoperf.com/images/cart.gif" is in the cache already and will not be downloaded again  	[MsgId: MMSG-26655]
Registration.c(114): Resource "https://petstore.octoperf.com/images/separator.gif" is in the cache already and will not be downloaded again  	[MsgId: MMSG-26655]
Registration.c(114): Resource "https://petstore.octoperf.com/images/sm_fish.gif" is in the cache already and will not be downloaded again  	[MsgId: MMSG-26655]
Registration.c(114): Resource "https://petstore.octoperf.com/images/sm_dogs.gif" is in the cache already and will not be downloaded again  	[MsgId: MMSG-26655]
Registration.c(114): Resource "https://petstore.octoperf.com/images/sm_reptiles.gif" is in the cache already and will not be downloaded again  	[MsgId: MMSG-26655]
Registration.c(114): Resource "https://petstore.octoperf.com/images/sm_cats.gif" is in the cache already and will not be downloaded again  	[MsgId: MMSG-26655]
Registration.c(114): Resource "https://petstore.octoperf.com/images/sm_birds.gif" is in the cache already and will not be downloaded again  	[MsgId: MMSG-26655]
Registration.c(114): Resource "https://petstore.octoperf.com/images/fish_icon.gif" is in the cache already and will not be downloaded again  	[MsgId: MMSG-26655]
Registration.c(114): Resource "https://petstore.octoperf.com/images/dogs_icon.gif" is in the cache already and will not be downloaded again  	[MsgId: MMSG-26655]
Registration.c(114): Resource "https://petstore.octoperf.com/images/cats_icon.gif" is in the cache already and will not be downloaded again  	[MsgId: MMSG-26655]
Registration.c(114): Resource "https://petstore.octoperf.com/images/reptiles_icon.gif" is in the cache already and will not be downloaded again  	[MsgId: MMSG-26655]
Registration.c(114): Resource "https://petstore.octoperf.com/images/birds_icon.gif" is in the cache already and will not be downloaded again  	[MsgId: MMSG-26655]
Registration.c(114): Resource "https://petstore.octoperf.com/images/splash.gif" is in the cache already and will not be downloaded again  	[MsgId: MMSG-26655]
Registration.c(114): Registered web_reg_find successful for "Text=Sign In" (count=1)  	[MsgId: MMSG-26364]
Registration.c(114): web_url("Account.action_2") was successful, 4736 body bytes, 518 header bytes  	[MsgId: MMSG-26386]
Registration.c(123): Notify: Transaction "PetStore_SignOut_T03" ended with a "Pass" status (Duration: 0.2492 Wasted Time: 0.0000).	[MsgId: MMSG-16871]
Login.c(4): Notify: Transaction "PetStore_ClickOnSignIn_T01" started.	[MsgId: MMSG-16999]
Login.c(6): web_reg_find started  	[MsgId: MMSG-26355]
Login.c(6): Registering web_reg_find was successful  	[MsgId: MMSG-26390]
Login.c(9): web_link("Sign In") started  	[MsgId: MMSG-26355]
Login.c(9): Linking to "https://petstore.octoperf.com/actions/Account.action?signonForm=", Target Frame=""  	[MsgId: MMSG-27994]
Login.c(9): Resource "https://petstore.octoperf.com/css/jpetstore.css" is in the cache already and will not be downloaded again  	[MsgId: MMSG-26655]
Login.c(9): Resource "https://petstore.octoperf.com/images/logo-topbar.svg" is in the cache already and will not be downloaded again  	[MsgId: MMSG-26655]
Login.c(9): Resource "https://petstore.octoperf.com/images/cart.gif" is in the cache already and will not be downloaded again  	[MsgId: MMSG-26655]
Login.c(9): Resource "https://petstore.octoperf.com/images/separator.gif" is in the cache already and will not be downloaded again  	[MsgId: MMSG-26655]
Login.c(9): Resource "https://petstore.octoperf.com/images/sm_fish.gif" is in the cache already and will not be downloaded again  	[MsgId: MMSG-26655]
Login.c(9): Resource "https://petstore.octoperf.com/images/sm_dogs.gif" is in the cache already and will not be downloaded again  	[MsgId: MMSG-26655]
Login.c(9): Resource "https://petstore.octoperf.com/images/sm_reptiles.gif" is in the cache already and will not be downloaded again  	[MsgId: MMSG-26655]
Login.c(9): Resource "https://petstore.octoperf.com/images/sm_cats.gif" is in the cache already and will not be downloaded again  	[MsgId: MMSG-26655]
Login.c(9): Resource "https://petstore.octoperf.com/images/sm_birds.gif" is in the cache already and will not be downloaded again  	[MsgId: MMSG-26655]
Login.c(9): Registered web_reg_find successful for "Text=Please enter your username and password" (count=1)  	[MsgId: MMSG-26364]
Login.c(9): web_link("Sign In") was successful, 3860 body bytes, 225 header bytes  	[MsgId: MMSG-26386]
Login.c(13): Notify: Transaction "PetStore_ClickOnSignIn_T01" ended with a "Pass" status (Duration: 0.1243 Wasted Time: 0.0000).	[MsgId: MMSG-16871]
Login.c(15): lr_think_time: 4.55 seconds (recorded think time was 5.00 seconds).	[MsgId: MMSG-15947]
Starting iteration 1.	[MsgId: MMSG-15968]
Warning -27077: The "vuser_init" section contains web function(s) when the "Simulate a new user on each iteration" Runtime Setting is ON.  This may produce unpredictable results with multiple iterations  	[MsgId: MWAR-27077]
Maximum number of concurrent connections per server: 6  	[MsgId: MMSG-26989]
Starting action Login.	[MsgId: MMSG-15919]
Registration.c(15): Notify: Transaction "PetStore_ClickOnRegistration_T01" started.	[MsgId: MMSG-16999]
Registration.c(17): web_reg_find started  	[MsgId: MMSG-26355]
Registration.c(17): Registering web_reg_find was successful  	[MsgId: MMSG-26390]
Registration.c(20): web_link("Register Now!") started  	[MsgId: MMSG-26355]
Registration.c(20): Linking to "https://petstore.octoperf.com/actions/Account.action?newAccountForm=", Target Frame=""  	[MsgId: MMSG-27994]
Registration.c(20): Resource "https://petstore.octoperf.com/css/jpetstore.css" is in the cache already and will not be downloaded again  	[MsgId: MMSG-26655]
Registration.c(20): Resource "https://petstore.octoperf.com/images/logo-topbar.svg" is in the cache already and will not be downloaded again  	[MsgId: MMSG-26655]
Registration.c(20): Resource "https://petstore.octoperf.com/images/cart.gif" is in the cache already and will not be downloaded again  	[MsgId: MMSG-26655]
Registration.c(20): Resource "https://petstore.octoperf.com/images/separator.gif" is in the cache already and will not be downloaded again  	[MsgId: MMSG-26655]
Registration.c(20): Resource "https://petstore.octoperf.com/images/sm_fish.gif" is in the cache already and will not be downloaded again  	[MsgId: MMSG-26655]
Registration.c(20): Resource "https://petstore.octoperf.com/images/sm_dogs.gif" is in the cache already and will not be downloaded again  	[MsgId: MMSG-26655]
Registration.c(20): Resource "https://petstore.octoperf.com/images/sm_reptiles.gif" is in the cache already and will not be downloaded again  	[MsgId: MMSG-26655]
Registration.c(20): Resource "https://petstore.octoperf.com/images/sm_cats.gif" is in the cache already and will not be downloaded again  	[MsgId: MMSG-26655]
Registration.c(20): Resource "https://petstore.octoperf.com/images/sm_birds.gif" is in the cache already and will not be downloaded again  	[MsgId: MMSG-26655]
Registration.c(20): Registered web_reg_find successful for "Text=User Information" (count=1)  	[MsgId: MMSG-26364]
Registration.c(20): web_link("Register Now!") was successful, 5821 body bytes, 225 header bytes  	[MsgId: MMSG-26386]
Registration.c(25): Notify: Transaction "PetStore_ClickOnRegistration_T01" ended with a "Pass" status (Duration: 0.1287 Wasted Time: 0.0000).	[MsgId: MMSG-16871]
Registration.c(27): lr_think_time: 3.41 seconds (recorded think time was 5.00 seconds).	[MsgId: MMSG-15947]
Registration.c(29): Notify: Transaction "PetStore_SubmitRegistration_T02" started.	[MsgId: MMSG-16999]
Registration.c(31): web_reg_find started  	[MsgId: MMSG-26355]
Registration.c(31): Registering web_reg_find was successful  	[MsgId: MMSG-26390]
Registration.c(38): Notify: Saving Parameter "randomUsername = GAMD".	[MsgId: MMSG-13798]
Registration.c(44): Notify: Saving Parameter "randompass = zyqo".	[MsgId: MMSG-13798]
Registration.c(58): Notify: Saving Parameter "randomFirstName = dyyxn".	[MsgId: MMSG-13798]
Registration.c(59): Notify: Saving Parameter "randomLastName = olayn".	[MsgId: MMSG-13798]
Registration.c(71): Notify: Saving Parameter "RandomPhone = :055796376".	[MsgId: MMSG-13798]
Registration.c(80): Notify: Saving Parameter "RandomZip = 853716".	[MsgId: MMSG-13798]
Registration.c(83): web_submit_form("Account.action") started  	[MsgId: MMSG-26355]
Registration.c(83): Notify: Parameter Substitution: parameter "randomUsername" =  "GAMD"	[MsgId: MMSG-13992]
Registration.c(83): Notify: Parameter Substitution: parameter "randompass" =  "zyqo"	[MsgId: MMSG-13992]
Registration.c(83): Notify: Parameter Substitution: parameter "randompass" =  "zyqo"	[MsgId: MMSG-13992]
Registration.c(83): Notify: Parameter Substitution: parameter "randomFirstName" =  "dyyxn"	[MsgId: MMSG-13992]
Registration.c(83): Notify: Parameter Substitution: parameter "randomLastName" =  "olayn"	[MsgId: MMSG-13992]
Registration.c(83): Notify: Parameter Substitution: parameter "randomFirstName" =  "dyyxn"	[MsgId: MMSG-13992]
Registration.c(83): Notify: Parameter Substitution: parameter "randomLastName" =  "olayn"	[MsgId: MMSG-13992]
Registration.c(83): Notify: Parameter Substitution: parameter "RandomPhone" =  ":055796376"	[MsgId: MMSG-13992]
Registration.c(83): Notify: Parameter Substitution: parameter "RandomZip" =  "853716"	[MsgId: MMSG-13992]
Registration.c(83): Submitting form to "https://petstore.octoperf.com/actions/Account.action", Target Frame=""  	[MsgId: MMSG-27978]
Registration.c(83): Error -26612: HTTP Status-Code=500 (Internal Server Error) for "https://petstore.octoperf.com/actions/Account.action"  	[MsgId: MERR-26612]
Registration.c(83): Error -26366: "Text=Elevate you load-testing" not found for web_reg_find  	[MsgId: MERR-26366]
Registration.c(83): web_submit_form("Account.action") highest severity level was "ERROR", 15005 body bytes, 200 header bytes  	[MsgId: MMSG-26388]
Registration.c(83): Notify: Transaction "PetStore_SubmitRegistration_T02" ended with a "Fail" status (Duration: 0.3747 Wasted Time: 0.0000).	[MsgId: MMSG-16871]
Registration.c(83): Notify: Transaction "PetStore_SubmitRegistration_T02" has 2 error message(s).	[MsgId: MMSG-16818]
Registration.c(83): Notify: The 1st error message associated with transaction "PetStore_SubmitRegistration_T02" is "Error -26612: HTTP Status-Code=500 (Internal Server Error) for "https://petstore.octoperf.com/actions/Account.action""	[MsgId: MMSG-16819]
Registration.c(83): Notify: The 2nd error message associated with transaction "PetStore_SubmitRegistration_T02" is "Error -26366: "Text=Elevate you load-testing" not found for web_reg_find"	[MsgId: MMSG-16819]
Ending action Login.	[MsgId: MMSG-15918]
Ending iteration 1.	[MsgId: MMSG-15965]
Waiting 8.2070 seconds for iteration pacing.	[MsgId: MMSG-15996]
Starting iteration 1.	[MsgId: MMSG-15968]
Warning -27077: The "vuser_init" section contains web function(s) when the "Simulate a new user on each iteration" Runtime Setting is ON.  This may produce unpredictable results with multiple iterations  	[MsgId: MWAR-27077]
Maximum number of concurrent connections per server: 6  	[MsgId: MMSG-26989]
Starting action Login.	[MsgId: MMSG-15919]
Registration.c(15): Notify: Transaction "PetStore_ClickOnRegistration_T01" started.	[MsgId: MMSG-16999]
Registration.c(17): web_reg_find started  	[MsgId: MMSG-26355]
Registration.c(17): Registering web_reg_find was successful  	[MsgId: MMSG-26390]
Registration.c(20): web_link("Register Now!") started  	[MsgId: MMSG-26355]
Registration.c(20): Linking to "https://petstore.octoperf.com/actions/Account.action?newAccountForm=", Target Frame=""  	[MsgId: MMSG-27994]
Registration.c(20): Resource "https://petstore.octoperf.com/css/jpetstore.css" is in the cache already and will not be downloaded again  	[MsgId: MMSG-26655]
Registration.c(20): Resource "https://petstore.octoperf.com/images/logo-topbar.svg" is in the cache already and will not be downloaded again  	[MsgId: MMSG-26655]
Registration.c(20): Resource "https://petstore.octoperf.com/images/cart.gif" is in the cache already and will not be downloaded again  	[MsgId: MMSG-26655]
Registration.c(20): Resource "https://petstore.octoperf.com/images/separator.gif" is in the cache already and will not be downloaded again  	[MsgId: MMSG-26655]
Registration.c(20): Resource "https://petstore.octoperf.com/images/sm_fish.gif" is in the cache already and will not be downloaded again  	[MsgId: MMSG-26655]
Registration.c(20): Resource "https://petstore.octoperf.com/images/sm_dogs.gif" is in the cache already and will not be downloaded again  	[MsgId: MMSG-26655]
Registration.c(20): Resource "https://petstore.octoperf.com/images/sm_reptiles.gif" is in the cache already and will not be downloaded again  	[MsgId: MMSG-26655]
Registration.c(20): Resource "https://petstore.octoperf.com/images/sm_cats.gif" is in the cache already and will not be downloaded again  	[MsgId: MMSG-26655]
Registration.c(20): Resource "https://petstore.octoperf.com/images/sm_birds.gif" is in the cache already and will not be downloaded again  	[MsgId: MMSG-26655]
Registration.c(20): Registered web_reg_find successful for "Text=User Information" (count=1)  	[MsgId: MMSG-26364]
Registration.c(20): web_link("Register Now!") was successful, 5821 body bytes, 225 header bytes  	[MsgId: MMSG-26386]
Registration.c(25): Notify: Transaction "PetStore_ClickOnRegistration_T01" ended with a "Pass" status (Duration: 0.1278 Wasted Time: 0.0000).	[MsgId: MMSG-16871]
Registration.c(27): lr_think_time: 4.19 seconds (recorded think time was 5.00 seconds).	[MsgId: MMSG-15947]
Login.c(17): Notify: Transaction "PetStore_Login_T01" started.	[MsgId: MMSG-16999]
Login.c(18): web_reg_find started  	[MsgId: MMSG-26355]
Login.c(18): Registering web_reg_find was successful  	[MsgId: MMSG-26390]
Login.c(20): web_reg_save_param_regexp started  	[MsgId: MMSG-26355]
Login.c(20): Registering web_reg_save_param_regexp was successful  	[MsgId: MMSG-26390]
Login.c(26): web_submit_form("Account.action") started  	[MsgId: MMSG-26355]
Login.c(26): Notify: Parameter Substitution: parameter "randomUsername" =  "GAMD"	[MsgId: MMSG-13992]
Login.c(26): Notify: Parameter Substitution: parameter "randompass" =  "zyqo"	[MsgId: MMSG-13992]
Login.c(26): Submitting form to "https://petstore.octoperf.com/actions/Account.action", Target Frame=""  	[MsgId: MMSG-27978]
Login.c(26): Redirecting "https://petstore.octoperf.com/actions/Account.action" (redirection depth is 0)  	[MsgId: MMSG-26694]
Login.c(26): To location "https://petstore.octoperf.com/actions/Catalog.action"  	[MsgId: MMSG-26693]
Login.c(26): Resource "https://petstore.octoperf.com/css/jpetstore.css" is in the cache already and will not be downloaded again  	[MsgId: MMSG-26655]
Login.c(26): Resource "https://petstore.octoperf.com/images/logo-topbar.svg" is in the cache already and will not be downloaded again  	[MsgId: MMSG-26655]
Login.c(26): Resource "https://petstore.octoperf.com/images/cart.gif" is in the cache already and will not be downloaded again  	[MsgId: MMSG-26655]
Login.c(26): Resource "https://petstore.octoperf.com/images/separator.gif" is in the cache already and will not be downloaded again  	[MsgId: MMSG-26655]
Login.c(26): Resource "https://petstore.octoperf.com/images/sm_fish.gif" is in the cache already and will not be downloaded again  	[MsgId: MMSG-26655]
Login.c(26): Resource "https://petstore.octoperf.com/images/sm_dogs.gif" is in the cache already and will not be downloaded again  	[MsgId: MMSG-26655]
Login.c(26): Resource "https://petstore.octoperf.com/images/sm_reptiles.gif" is in the cache already and will not be downloaded again  	[MsgId: MMSG-26655]
Login.c(26): Resource "https://petstore.octoperf.com/images/sm_cats.gif" is in the cache already and will not be downloaded again  	[MsgId: MMSG-26655]
Login.c(26): Resource "https://petstore.octoperf.com/images/sm_birds.gif" is in the cache already and will not be downloaded again  	[MsgId: MMSG-26655]
Login.c(26): Resource "https://petstore.octoperf.com/images/fish_icon.gif" is in the cache already and will not be downloaded again  	[MsgId: MMSG-26655]
Login.c(26): Resource "https://petstore.octoperf.com/images/dogs_icon.gif" is in the cache already and will not be downloaded again  	[MsgId: MMSG-26655]
Login.c(26): Resource "https://petstore.octoperf.com/images/cats_icon.gif" is in the cache already and will not be downloaded again  	[MsgId: MMSG-26655]
Login.c(26): Resource "https://petstore.octoperf.com/images/reptiles_icon.gif" is in the cache already and will not be downloaded again  	[MsgId: MMSG-26655]
Login.c(26): Resource "https://petstore.octoperf.com/images/birds_icon.gif" is in the cache already and will not be downloaded again  	[MsgId: MMSG-26655]
Login.c(26): Resource "https://petstore.octoperf.com/images/splash.gif" is in the cache already and will not be downloaded again  	[MsgId: MMSG-26655]
Login.c(26): Found resource "https://petstore.octoperf.com/images/banner_fish.gif" in HTML "https://petstore.octoperf.com/actions/Catalog.action"  	[MsgId: MMSG-26659]
Login.c(26): Notify: Saving Parameter "ProductName_1 = BIRDS".	[MsgId: MMSG-13798]
Login.c(26): Notify: Saving Parameter "ProductName_2 = FISH".	[MsgId: MMSG-13798]
Login.c(26): Notify: Saving Parameter "ProductName_3 = DOGS".	[MsgId: MMSG-13798]
Login.c(26): Notify: Saving Parameter "ProductName_4 = REPTILES".	[MsgId: MMSG-13798]
Login.c(26): Notify: Saving Parameter "ProductName_5 = CATS".	[MsgId: MMSG-13798]
Login.c(26): Notify: Saving Parameter "ProductName_6 = BIRDS".	[MsgId: MMSG-13798]
Login.c(26): Notify: Saving Parameter "ProductName_count = 6".	[MsgId: MMSG-13798]
Login.c(26): Registered web_reg_find successful for "Text=My Account" (count=1)  	[MsgId: MMSG-26364]
Login.c(26): web_submit_form("Account.action") was successful, 11416 body bytes, 727 header bytes  	[MsgId: MMSG-26386]
Login.c(34): Notify: Transaction "PetStore_Login_T01" ended with a "Pass" status (Duration: 0.4977 Wasted Time: 0.0023).	[MsgId: MMSG-16871]
Ending action Login.	[MsgId: MMSG-15918]
Starting action RemoveTheProduct.	[MsgId: MMSG-15919]
AddToCard.c(8): Notify: Transaction "PetStore_AddAproduct_T01" started.	[MsgId: MMSG-16999]
AddToCard.c(11): Notify: Parameter Substitution: parameter "ProductName_count" =  "6"	[MsgId: MMSG-13992]
AddToCard.c(12): Notify: Parameter Substitution: parameter "ProductName_3" =  "DOGS"	[MsgId: MMSG-13992]
AddToCard.c(14): Notify: Saving Parameter "RandCategory = DOGS".	[MsgId: MMSG-13798]
AddToCard.c(15): Notify: Parameter Substitution: parameter "RandCategory" =  "DOGS"	[MsgId: MMSG-13992]
AddToCard.c(15): Random category selected in Action2 = DOGS	[MsgId: MMSG-17999]
AddToCard.c(17): web_reg_find started  	[MsgId: MMSG-26355]
AddToCard.c(17): Notify: Parameter Substitution: parameter "RandCategory" =  "DOGS"	[MsgId: MMSG-13992]
AddToCard.c(17): Registering web_reg_find was successful  	[MsgId: MMSG-26390]
AddToCard.c(20): web_reg_save_param_regexp started  	[MsgId: MMSG-26355]
AddToCard.c(20): Registering web_reg_save_param_regexp was successful  	[MsgId: MMSG-26390]
AddToCard.c(27): web_url("Catalog.action_2") started  	[MsgId: MMSG-26355]
AddToCard.c(27): Notify: Parameter Substitution: parameter "RandCategory" =  "DOGS"	[MsgId: MMSG-13992]
AddToCard.c(27): Resource "https://petstore.octoperf.com/css/jpetstore.css" is in the cache already and will not be downloaded again  	[MsgId: MMSG-26655]
AddToCard.c(27): Resource "https://petstore.octoperf.com/images/logo-topbar.svg" is in the cache already and will not be downloaded again  	[MsgId: MMSG-26655]
AddToCard.c(27): Resource "https://petstore.octoperf.com/images/cart.gif" is in the cache already and will not be downloaded again  	[MsgId: MMSG-26655]
AddToCard.c(27): Resource "https://petstore.octoperf.com/images/separator.gif" is in the cache already and will not be downloaded again  	[MsgId: MMSG-26655]
AddToCard.c(27): Resource "https://petstore.octoperf.com/images/sm_fish.gif" is in the cache already and will not be downloaded again  	[MsgId: MMSG-26655]
AddToCard.c(27): Resource "https://petstore.octoperf.com/images/sm_dogs.gif" is in the cache already and will not be downloaded again  	[MsgId: MMSG-26655]
AddToCard.c(27): Resource "https://petstore.octoperf.com/images/sm_reptiles.gif" is in the cache already and will not be downloaded again  	[MsgId: MMSG-26655]
AddToCard.c(27): Resource "https://petstore.octoperf.com/images/sm_cats.gif" is in the cache already and will not be downloaded again  	[MsgId: MMSG-26655]
AddToCard.c(27): Resource "https://petstore.octoperf.com/images/sm_birds.gif" is in the cache already and will not be downloaded again  	[MsgId: MMSG-26655]
AddToCard.c(27): Resource "https://petstore.octoperf.com/images/banner_fish.gif" is in the cache already and will not be downloaded again  	[MsgId: MMSG-26655]
AddToCard.c(27): Notify: Saving Parameter "productId_1 = K9-BD-01".	[MsgId: MMSG-13798]
AddToCard.c(27): Notify: Saving Parameter "productId_2 = K9-PO-02".	[MsgId: MMSG-13798]
AddToCard.c(27): Notify: Saving Parameter "productId_3 = K9-DL-01".	[MsgId: MMSG-13798]
AddToCard.c(27): Notify: Saving Parameter "productId_4 = K9-RT-01".	[MsgId: MMSG-13798]
AddToCard.c(27): Notify: Saving Parameter "productId_5 = K9-RT-02".	[MsgId: MMSG-13798]
AddToCard.c(27): Notify: Saving Parameter "productId_6 = K9-CW-01".	[MsgId: MMSG-13798]
AddToCard.c(27): Notify: Saving Parameter "productId_count = 6".	[MsgId: MMSG-13798]
AddToCard.c(27): Registered web_reg_find successful for "Text=DOGS" (count=1)  	[MsgId: MMSG-26364]
AddToCard.c(27): web_url("Catalog.action_2") was successful, 4171 body bytes, 225 header bytes  	[MsgId: MMSG-26386]
AddToCard.c(36): Notify: Transaction "PetStore_AddAproduct_T01" ended with a "Pass" status (Duration: 0.2865 Wasted Time: 0.0004).	[MsgId: MMSG-16871]
AddToCard.c(38): lr_think_time: 3.57 seconds (recorded think time was 5.00 seconds).	[MsgId: MMSG-15947]
Registration.c(29): Notify: Transaction "PetStore_SubmitRegistration_T02" started.	[MsgId: MMSG-16999]
Registration.c(31): web_reg_find started  	[MsgId: MMSG-26355]
Registration.c(31): Registering web_reg_find was successful  	[MsgId: MMSG-26390]
Registration.c(38): Notify: Saving Parameter "randomUsername = GAMD".	[MsgId: MMSG-13798]
Registration.c(44): Notify: Saving Parameter "randompass = zyqo".	[MsgId: MMSG-13798]
Registration.c(58): Notify: Saving Parameter "randomFirstName = dyyxn".	[MsgId: MMSG-13798]
Registration.c(59): Notify: Saving Parameter "randomLastName = olayn".	[MsgId: MMSG-13798]
Registration.c(71): Notify: Saving Parameter "RandomPhone = :055796376".	[MsgId: MMSG-13798]
Registration.c(80): Notify: Saving Parameter "RandomZip = 853716".	[MsgId: MMSG-13798]
Registration.c(83): web_submit_form("Account.action") started  	[MsgId: MMSG-26355]
Registration.c(83): Notify: Parameter Substitution: parameter "randomUsername" =  "GAMD"	[MsgId: MMSG-13992]
Registration.c(83): Notify: Parameter Substitution: parameter "randompass" =  "zyqo"	[MsgId: MMSG-13992]
Registration.c(83): Notify: Parameter Substitution: parameter "randompass" =  "zyqo"	[MsgId: MMSG-13992]
Registration.c(83): Notify: Parameter Substitution: parameter "randomFirstName" =  "dyyxn"	[MsgId: MMSG-13992]
Registration.c(83): Notify: Parameter Substitution: parameter "randomLastName" =  "olayn"	[MsgId: MMSG-13992]
Registration.c(83): Notify: Parameter Substitution: parameter "randomFirstName" =  "dyyxn"	[MsgId: MMSG-13992]
Registration.c(83): Notify: Parameter Substitution: parameter "randomLastName" =  "olayn"	[MsgId: MMSG-13992]
Registration.c(83): Notify: Parameter Substitution: parameter "RandomPhone" =  ":055796376"	[MsgId: MMSG-13992]
Registration.c(83): Notify: Parameter Substitution: parameter "RandomZip" =  "853716"	[MsgId: MMSG-13992]
Registration.c(83): Submitting form to "https://petstore.octoperf.com/actions/Account.action", Target Frame=""  	[MsgId: MMSG-27978]
Registration.c(83): Connection to petstore.octoperf.com:443 closed after being inactive for 60 seconds, exceeding the "HTTP Keep-Alive timeout" Runtime Setting (60 seconds). URL="[None]"  	[MsgId: MMSG-27647]
AddToCard.c(40): Notify: Transaction "PetStore_SelectProductId_T02" started.	[MsgId: MMSG-16999]
AddToCard.c(43): Notify: Parameter Substitution: parameter "productId_count" =  "6"	[MsgId: MMSG-13992]
AddToCard.c(44): Notify: Parameter Substitution: parameter "productId_4" =  "K9-RT-01"	[MsgId: MMSG-13992]
AddToCard.c(46): Notify: Saving Parameter "RandproductId = K9-RT-01".	[MsgId: MMSG-13798]
AddToCard.c(47): Notify: Parameter Substitution: parameter "RandproductId" =  "K9-RT-01"	[MsgId: MMSG-13992]
AddToCard.c(47): Random category selected in Action2 = K9-RT-01	[MsgId: MMSG-17999]
AddToCard.c(49): web_reg_find started  	[MsgId: MMSG-26355]
AddToCard.c(49): Notify: Parameter Substitution: parameter "RandproductId" =  "K9-RT-01"	[MsgId: MMSG-13992]
AddToCard.c(49): Registering web_reg_find was successful  	[MsgId: MMSG-26390]
AddToCard.c(51): web_reg_save_param_regexp started  	[MsgId: MMSG-26355]
AddToCard.c(51): Registering web_reg_save_param_regexp was successful  	[MsgId: MMSG-26390]
AddToCard.c(58): web_link("{RandproductId}") started  	[MsgId: MMSG-26355]
AddToCard.c(58): Notify: Parameter Substitution: parameter "RandproductId" =  "K9-RT-01"	[MsgId: MMSG-13992]
AddToCard.c(58): Linking to "https://petstore.octoperf.com/actions/Catalog.action?viewProduct=&productId=K9-RT-01", Target Frame=""  	[MsgId: MMSG-27994]
AddToCard.c(58): Connection to petstore.octoperf.com:443 closed after being inactive for 60 seconds, exceeding the "HTTP Keep-Alive timeout" Runtime Setting (60 seconds). URL="[None]"  	[MsgId: MMSG-27647]
Starting iteration 1.	[MsgId: MMSG-15968]
Warning -27077: The "vuser_init" section contains web function(s) when the "Simulate a new user on each iteration" Runtime Setting is ON.  This may produce unpredictable results with multiple iterations  	[MsgId: MWAR-27077]
Maximum number of concurrent connections per server: 6  	[MsgId: MMSG-26989]
Starting action Login.	[MsgId: MMSG-15919]
Registration.c(15): Notify: Transaction "PetStore_ClickOnRegistration_T01" started.	[MsgId: MMSG-16999]
Registration.c(17): web_reg_find started  	[MsgId: MMSG-26355]
Registration.c(17): Registering web_reg_find was successful  	[MsgId: MMSG-26390]
Registration.c(20): web_link("Register Now!") started  	[MsgId: MMSG-26355]
Registration.c(20): Linking to "https://petstore.octoperf.com/actions/Account.action?newAccountForm=", Target Frame=""  	[MsgId: MMSG-27994]
Registration.c(83): Error -26612: HTTP Status-Code=500 (Internal Server Error) for "https://petstore.octoperf.com/actions/Account.action"  	[MsgId: MERR-26612]
Registration.c(83): Error -26366: "Text=Elevate you load-testing" not found for web_reg_find  	[MsgId: MERR-26366]
Registration.c(83): web_submit_form("Account.action") highest severity level was "ERROR", 15005 body bytes, 200 header bytes  	[MsgId: MMSG-26388]
Registration.c(83): Notify: Transaction "PetStore_SubmitRegistration_T02" ended with a "Fail" status (Duration: 0.7988 Wasted Time: 0.0000).	[MsgId: MMSG-16871]
Registration.c(83): Notify: Transaction "PetStore_SubmitRegistration_T02" has 2 error message(s).	[MsgId: MMSG-16818]
Registration.c(83): Notify: The 1st error message associated with transaction "PetStore_SubmitRegistration_T02" is "Error -26612: HTTP Status-Code=500 (Internal Server Error) for "https://petstore.octoperf.com/actions/Account.action""	[MsgId: MMSG-16819]
Registration.c(83): Notify: The 2nd error message associated with transaction "PetStore_SubmitRegistration_T02" is "Error -26366: "Text=Elevate you load-testing" not found for web_reg_find"	[MsgId: MMSG-16819]
Ending action Login.	[MsgId: MMSG-15918]
Ending iteration 1.	[MsgId: MMSG-15965]
Waiting 8.3740 seconds for iteration pacing.	[MsgId: MMSG-15996]
AddToCard.c(58): Resource "https://petstore.octoperf.com/css/jpetstore.css" is in the cache already and will not be downloaded again  	[MsgId: MMSG-26655]
AddToCard.c(58): Resource "https://petstore.octoperf.com/images/logo-topbar.svg" is in the cache already and will not be downloaded again  	[MsgId: MMSG-26655]
AddToCard.c(58): Resource "https://petstore.octoperf.com/images/cart.gif" is in the cache already and will not be downloaded again  	[MsgId: MMSG-26655]
AddToCard.c(58): Resource "https://petstore.octoperf.com/images/separator.gif" is in the cache already and will not be downloaded again  	[MsgId: MMSG-26655]
AddToCard.c(58): Resource "https://petstore.octoperf.com/images/sm_fish.gif" is in the cache already and will not be downloaded again  	[MsgId: MMSG-26655]
AddToCard.c(58): Resource "https://petstore.octoperf.com/images/sm_dogs.gif" is in the cache already and will not be downloaded again  	[MsgId: MMSG-26655]
AddToCard.c(58): Resource "https://petstore.octoperf.com/images/sm_reptiles.gif" is in the cache already and will not be downloaded again  	[MsgId: MMSG-26655]
AddToCard.c(58): Resource "https://petstore.octoperf.com/images/sm_cats.gif" is in the cache already and will not be downloaded again  	[MsgId: MMSG-26655]
AddToCard.c(58): Resource "https://petstore.octoperf.com/images/sm_birds.gif" is in the cache already and will not be downloaded again  	[MsgId: MMSG-26655]
AddToCard.c(58): Resource "https://petstore.octoperf.com/images/banner_fish.gif" is in the cache already and will not be downloaded again  	[MsgId: MMSG-26655]
AddToCard.c(58): Notify: Saving Parameter "itemId_1 = EST-28".	[MsgId: MMSG-13798]
AddToCard.c(58): Notify: Saving Parameter "itemId_count = 1".	[MsgId: MMSG-13798]
AddToCard.c(58): Registered web_reg_find successful for "Text=K9-RT-01" (count=1)  	[MsgId: MMSG-26364]
AddToCard.c(58): web_link("{RandproductId}") was successful, 3801 body bytes, 225 header bytes  	[MsgId: MMSG-26386]
AddToCard.c(63): Notify: Transaction "PetStore_SelectProductId_T02" ended with a "Pass" status (Duration: 0.6680 Wasted Time: 0.0002).	[MsgId: MMSG-16871]
AddToCard.c(65): lr_think_time: 3.07 seconds (recorded think time was 5.00 seconds).	[MsgId: MMSG-15947]
Registration.c(20): Resource "https://petstore.octoperf.com/css/jpetstore.css" is in the cache already and will not be downloaded again  	[MsgId: MMSG-26655]
Registration.c(20): Resource "https://petstore.octoperf.com/images/logo-topbar.svg" is in the cache already and will not be downloaded again  	[MsgId: MMSG-26655]
Registration.c(20): Resource "https://petstore.octoperf.com/images/cart.gif" is in the cache already and will not be downloaded again  	[MsgId: MMSG-26655]
Registration.c(20): Resource "https://petstore.octoperf.com/images/separator.gif" is in the cache already and will not be downloaded again  	[MsgId: MMSG-26655]
Registration.c(20): Resource "https://petstore.octoperf.com/images/sm_fish.gif" is in the cache already and will not be downloaded again  	[MsgId: MMSG-26655]
Registration.c(20): Resource "https://petstore.octoperf.com/images/sm_dogs.gif" is in the cache already and will not be downloaded again  	[MsgId: MMSG-26655]
Registration.c(20): Resource "https://petstore.octoperf.com/images/sm_reptiles.gif" is in the cache already and will not be downloaded again  	[MsgId: MMSG-26655]
Registration.c(20): Resource "https://petstore.octoperf.com/images/sm_cats.gif" is in the cache already and will not be downloaded again  	[MsgId: MMSG-26655]
Registration.c(20): Resource "https://petstore.octoperf.com/images/sm_birds.gif" is in the cache already and will not be downloaded again  	[MsgId: MMSG-26655]
Registration.c(20): Registered web_reg_find successful for "Text=User Information" (count=1)  	[MsgId: MMSG-26364]
Registration.c(20): web_link("Register Now!") was successful, 5819 body bytes, 225 header bytes  	[MsgId: MMSG-26386]
Registration.c(25): Notify: Transaction "PetStore_ClickOnRegistration_T01" ended with a "Pass" status (Duration: 0.1272 Wasted Time: 0.0000).	[MsgId: MMSG-16871]
Registration.c(27): lr_think_time: 3.18 seconds (recorded think time was 5.00 seconds).	[MsgId: MMSG-15947]
Starting iteration 2.	[MsgId: MMSG-15968]
Notify: Next row for parameter UserName = 1 [table  = UserName].	[MsgId: MMSG-13876]
Notify: Getting new value for parameter 'UserName': table = 'UserName.dat' column = '0' row = '1'.	[MsgId: MMSG-13877]
Notify: Next row for parameter PetStoreEndtoEndFlow_UserName = 1 [table  = PetStoreEndtoEndFlow_UserName].	[MsgId: MMSG-13876]
Notify: Getting new value for parameter 'PetStoreEndtoEndFlow_UserName': table = 'UserCredentilas1.dat' column = '0' row = '1'.	[MsgId: MMSG-13877]
Notify: Next row for parameter PetStoreEndtoEndFlow_pass = 1 [table  = PetStoreEndtoEndFlow_pass].	[MsgId: MMSG-13876]
Notify: Getting new value for parameter 'PetStoreEndtoEndFlow_pass': table = 'UserCredentilas3.dat' column = '0' row = '1'.	[MsgId: MMSG-13877]
Notify: Next row for parameter pass = 1 [table  = pass].	[MsgId: MMSG-13876]
Notify: Getting new value for parameter 'pass': table = 'UserName.dat' column = '0' row = '1'.	[MsgId: MMSG-13877]
Starting action Login.	[MsgId: MMSG-15919]
Registration.c(15): Notify: Transaction "PetStore_ClickOnRegistration_T01" started.	[MsgId: MMSG-16999]
Registration.c(17): web_reg_find started  	[MsgId: MMSG-26355]
Registration.c(17): Registering web_reg_find was successful  	[MsgId: MMSG-26390]
Registration.c(20): web_link("Register Now!") started  	[MsgId: MMSG-26355]
Registration.c(20): Error -27985: There is no context for HTML-based functions. A previous function may not have used "Mode=HTML" or downloaded only non-HTML page(s), or the context has been reset (e.g., due to a GUI-based function)  	[MsgId: MERR-27985]
Registration.c(20): Warning -26379: Pending web_reg_save_param/web_reg_find/web_create_html_param/web_create_html_param_ex request(s) are deleted and will be handled as "not found"  	[MsgId: MWAR-26379]
Registration.c(20): Error -26366: "Text=User Information" not found for web_reg_find  	[MsgId: MERR-26366]
Registration.c(20): Error -26374: The above "not found" error(s) may be explained by header and body byte counts being 0 and 0, respectively.  	[MsgId: MERR-26374]
Registration.c(20): web_link("Register Now!") highest severity level was "ERROR", 0 body bytes, 0 header bytes  	[MsgId: MMSG-26388]
Registration.c(20): Notify: Transaction "PetStore_ClickOnRegistration_T01" ended with a "Fail" status (Duration: 0.0011).	[MsgId: MMSG-16873]
Registration.c(20): Notify: Transaction "PetStore_ClickOnRegistration_T01" has 3 error message(s).	[MsgId: MMSG-16818]
Registration.c(20): Notify: The 1st error message associated with transaction "PetStore_ClickOnRegistration_T01" is "Error -27985: There is no context for HTML-based functions. A previous function may not have used "Mode=HTML" or downloaded only non-HTML page(s), or the context has been reset (e.g., due to a GUI-based function)"	[MsgId: MMSG-16819]
Registration.c(20): Notify: The 2nd error message associated with transaction "PetStore_ClickOnRegistration_T01" is "Error -26366: "Text=User Information" not found for web_reg_find"	[MsgId: MMSG-16819]
Registration.c(20): Notify: The 3rd error message associated with transaction "PetStore_ClickOnRegistration_T01" is "Error -26374: The above "not found" error(s) may be explained by header and body byte counts being 0 and 0, respectively."	[MsgId: MMSG-16819]
Ending action Login.	[MsgId: MMSG-15918]
Ending iteration 2.	[MsgId: MMSG-15965]
Waiting 8.2940 seconds for iteration pacing.	[MsgId: MMSG-15996]
AddToCard.c(67): Notify: Transaction "PetStore_SelectItemId_T03" started.	[MsgId: MMSG-16999]
AddToCard.c(71): Notify: Parameter Substitution: parameter "itemId_count" =  "1"	[MsgId: MMSG-13992]
AddToCard.c(72): Notify: Parameter Substitution: parameter "itemId_1" =  "EST-28"	[MsgId: MMSG-13992]
AddToCard.c(74): Notify: Saving Parameter "RanditemId = EST-28".	[MsgId: MMSG-13798]
AddToCard.c(75): Notify: Parameter Substitution: parameter "RanditemId" =  "EST-28"	[MsgId: MMSG-13992]
AddToCard.c(75): Random category selected in Action2 = EST-28	[MsgId: MMSG-17999]
AddToCard.c(77): web_reg_find started  	[MsgId: MMSG-26355]
AddToCard.c(77): Notify: Parameter Substitution: parameter "RanditemId" =  "EST-28"	[MsgId: MMSG-13992]
AddToCard.c(77): Registering web_reg_find was successful  	[MsgId: MMSG-26390]
AddToCard.c(79): web_link("{RanditemId}") started  	[MsgId: MMSG-26355]
AddToCard.c(79): Notify: Parameter Substitution: parameter "RanditemId" =  "EST-28"	[MsgId: MMSG-13992]
AddToCard.c(79): Linking to "https://petstore.octoperf.com/actions/Catalog.action?viewItem=&itemId=EST-28", Target Frame=""  	[MsgId: MMSG-27994]
AddToCard.c(79): Resource "https://petstore.octoperf.com/css/jpetstore.css" is in the cache already and will not be downloaded again  	[MsgId: MMSG-26655]
AddToCard.c(79): Resource "https://petstore.octoperf.com/images/logo-topbar.svg" is in the cache already and will not be downloaded again  	[MsgId: MMSG-26655]
AddToCard.c(79): Resource "https://petstore.octoperf.com/images/cart.gif" is in the cache already and will not be downloaded again  	[MsgId: MMSG-26655]
AddToCard.c(79): Resource "https://petstore.octoperf.com/images/separator.gif" is in the cache already and will not be downloaded again  	[MsgId: MMSG-26655]
AddToCard.c(79): Resource "https://petstore.octoperf.com/images/sm_fish.gif" is in the cache already and will not be downloaded again  	[MsgId: MMSG-26655]
AddToCard.c(79): Resource "https://petstore.octoperf.com/images/sm_dogs.gif" is in the cache already and will not be downloaded again  	[MsgId: MMSG-26655]
AddToCard.c(79): Resource "https://petstore.octoperf.com/images/sm_reptiles.gif" is in the cache already and will not be downloaded again  	[MsgId: MMSG-26655]
AddToCard.c(79): Resource "https://petstore.octoperf.com/images/sm_cats.gif" is in the cache already and will not be downloaded again  	[MsgId: MMSG-26655]
AddToCard.c(79): Resource "https://petstore.octoperf.com/images/sm_birds.gif" is in the cache already and will not be downloaded again  	[MsgId: MMSG-26655]
AddToCard.c(79): Found resource "https://petstore.octoperf.com/images/dog1.gif" in HTML "https://petstore.octoperf.com/actions/Catalog.action?viewItem=&itemId=EST-28"  	[MsgId: MMSG-26659]
AddToCard.c(79): Resource "https://petstore.octoperf.com/images/banner_fish.gif" is in the cache already and will not be downloaded again  	[MsgId: MMSG-26655]
Registration.c(29): Notify: Transaction "PetStore_SubmitRegistration_T02" started.	[MsgId: MMSG-16999]
Registration.c(31): web_reg_find started  	[MsgId: MMSG-26355]
Registration.c(31): Registering web_reg_find was successful  	[MsgId: MMSG-26390]
Registration.c(38): Notify: Saving Parameter "randomUsername = NMIV".	[MsgId: MMSG-13798]
Registration.c(44): Notify: Saving Parameter "randompass = dzbj".	[MsgId: MMSG-13798]
Registration.c(58): Notify: Saving Parameter "randomFirstName = yiohx".	[MsgId: MMSG-13798]
Registration.c(59): Notify: Saving Parameter "randomLastName = agkoo".	[MsgId: MMSG-13798]
Registration.c(71): Notify: Saving Parameter "RandomPhone = ;189994379".	[MsgId: MMSG-13798]
Registration.c(80): Notify: Saving Parameter "RandomZip = 675558".	[MsgId: MMSG-13798]
Registration.c(83): web_submit_form("Account.action") started  	[MsgId: MMSG-26355]
Registration.c(83): Notify: Parameter Substitution: parameter "randomUsername" =  "NMIV"	[MsgId: MMSG-13992]
Registration.c(83): Notify: Parameter Substitution: parameter "randompass" =  "dzbj"	[MsgId: MMSG-13992]
Registration.c(83): Notify: Parameter Substitution: parameter "randompass" =  "dzbj"	[MsgId: MMSG-13992]
Registration.c(83): Notify: Parameter Substitution: parameter "randomFirstName" =  "yiohx"	[MsgId: MMSG-13992]
Registration.c(83): Notify: Parameter Substitution: parameter "randomLastName" =  "agkoo"	[MsgId: MMSG-13992]
Registration.c(83): Notify: Parameter Substitution: parameter "randomFirstName" =  "yiohx"	[MsgId: MMSG-13992]
Registration.c(83): Notify: Parameter Substitution: parameter "randomLastName" =  "agkoo"	[MsgId: MMSG-13992]
Registration.c(83): Notify: Parameter Substitution: parameter "RandomPhone" =  ";189994379"	[MsgId: MMSG-13992]
Registration.c(83): Notify: Parameter Substitution: parameter "RandomZip" =  "675558"	[MsgId: MMSG-13992]
Registration.c(83): Submitting form to "https://petstore.octoperf.com/actions/Account.action", Target Frame=""  	[MsgId: MMSG-27978]
Registration.c(83): Connection to petstore.octoperf.com:443 closed after being inactive for 62 seconds, exceeding the "HTTP Keep-Alive timeout" Runtime Setting (60 seconds). URL="[None]"  	[MsgId: MMSG-27647]
AddToCard.c(79): Registered web_reg_find successful for "Text=EST-28" (count=2)  	[MsgId: MMSG-26364]
AddToCard.c(79): web_link("{RanditemId}") was successful, 15877 body bytes, 511 header bytes  	[MsgId: MMSG-26386]
AddToCard.c(84): Notify: Transaction "PetStore_SelectItemId_T03" ended with a "Pass" status (Duration: 0.3787 Wasted Time: 0.0000).	[MsgId: MMSG-16871]
AddToCard.c(86): lr_think_time: 3.66 seconds (recorded think time was 5.00 seconds).	[MsgId: MMSG-15947]
Registration.c(83): Redirecting "https://petstore.octoperf.com/actions/Account.action" (redirection depth is 0)  	[MsgId: MMSG-26694]
Registration.c(83): To location "https://petstore.octoperf.com/actions/Catalog.action"  	[MsgId: MMSG-26693]
Registration.c(83): Resource "https://petstore.octoperf.com/css/jpetstore.css" is in the cache already and will not be downloaded again  	[MsgId: MMSG-26655]
Registration.c(83): Resource "https://petstore.octoperf.com/images/logo-topbar.svg" is in the cache already and will not be downloaded again  	[MsgId: MMSG-26655]
Registration.c(83): Resource "https://petstore.octoperf.com/images/cart.gif" is in the cache already and will not be downloaded again  	[MsgId: MMSG-26655]
Registration.c(83): Resource "https://petstore.octoperf.com/images/separator.gif" is in the cache already and will not be downloaded again  	[MsgId: MMSG-26655]
Registration.c(83): Resource "https://petstore.octoperf.com/images/sm_fish.gif" is in the cache already and will not be downloaded again  	[MsgId: MMSG-26655]
Registration.c(83): Resource "https://petstore.octoperf.com/images/sm_dogs.gif" is in the cache already and will not be downloaded again  	[MsgId: MMSG-26655]
Registration.c(83): Resource "https://petstore.octoperf.com/images/sm_reptiles.gif" is in the cache already and will not be downloaded again  	[MsgId: MMSG-26655]
Registration.c(83): Resource "https://petstore.octoperf.com/images/sm_cats.gif" is in the cache already and will not be downloaded again  	[MsgId: MMSG-26655]
Registration.c(83): Resource "https://petstore.octoperf.com/images/sm_birds.gif" is in the cache already and will not be downloaded again  	[MsgId: MMSG-26655]
Registration.c(83): Resource "https://petstore.octoperf.com/images/fish_icon.gif" is in the cache already and will not be downloaded again  	[MsgId: MMSG-26655]
Registration.c(83): Resource "https://petstore.octoperf.com/images/dogs_icon.gif" is in the cache already and will not be downloaded again  	[MsgId: MMSG-26655]
Registration.c(83): Resource "https://petstore.octoperf.com/images/cats_icon.gif" is in the cache already and will not be downloaded again  	[MsgId: MMSG-26655]
Registration.c(83): Resource "https://petstore.octoperf.com/images/reptiles_icon.gif" is in the cache already and will not be downloaded again  	[MsgId: MMSG-26655]
Registration.c(83): Resource "https://petstore.octoperf.com/images/birds_icon.gif" is in the cache already and will not be downloaded again  	[MsgId: MMSG-26655]
Registration.c(83): Resource "https://petstore.octoperf.com/images/splash.gif" is in the cache already and will not be downloaded again  	[MsgId: MMSG-26655]
Registration.c(83): Registered web_reg_find successful for "Text=Elevate you load-testing" (count=1)  	[MsgId: MMSG-26364]
Registration.c(83): web_submit_form("Account.action") was successful, 4736 body bytes, 443 header bytes  	[MsgId: MMSG-26386]
Registration.c(105): Notify: Transaction "PetStore_SubmitRegistration_T02" ended with a "Pass" status (Duration: 0.8022 Wasted Time: 0.0000).	[MsgId: MMSG-16871]
Registration.c(107): lr_think_time: 2.65 seconds (recorded think time was 5.00 seconds).	[MsgId: MMSG-15947]
Starting iteration 1.	[MsgId: MMSG-15968]
Warning -27077: The "vuser_init" section contains web function(s) when the "Simulate a new user on each iteration" Runtime Setting is ON.  This may produce unpredictable results with multiple iterations  	[MsgId: MWAR-27077]
Maximum number of concurrent connections per server: 6  	[MsgId: MMSG-26989]
Starting action Login.	[MsgId: MMSG-15919]
Registration.c(15): Notify: Transaction "PetStore_ClickOnRegistration_T01" started.	[MsgId: MMSG-16999]
Registration.c(17): web_reg_find started  	[MsgId: MMSG-26355]
Registration.c(17): Registering web_reg_find was successful  	[MsgId: MMSG-26390]
Registration.c(20): web_link("Register Now!") started  	[MsgId: MMSG-26355]
Registration.c(20): Linking to "https://petstore.octoperf.com/actions/Account.action?newAccountForm=", Target Frame=""  	[MsgId: MMSG-27994]
Registration.c(20): Resource "https://petstore.octoperf.com/css/jpetstore.css" is in the cache already and will not be downloaded again  	[MsgId: MMSG-26655]
Registration.c(20): Resource "https://petstore.octoperf.com/images/logo-topbar.svg" is in the cache already and will not be downloaded again  	[MsgId: MMSG-26655]
Registration.c(20): Resource "https://petstore.octoperf.com/images/cart.gif" is in the cache already and will not be downloaded again  	[MsgId: MMSG-26655]
Registration.c(20): Resource "https://petstore.octoperf.com/images/separator.gif" is in the cache already and will not be downloaded again  	[MsgId: MMSG-26655]
Registration.c(20): Resource "https://petstore.octoperf.com/images/sm_fish.gif" is in the cache already and will not be downloaded again  	[MsgId: MMSG-26655]
Registration.c(20): Resource "https://petstore.octoperf.com/images/sm_dogs.gif" is in the cache already and will not be downloaded again  	[MsgId: MMSG-26655]
Registration.c(20): Resource "https://petstore.octoperf.com/images/sm_reptiles.gif" is in the cache already and will not be downloaded again  	[MsgId: MMSG-26655]
Registration.c(20): Resource "https://petstore.octoperf.com/images/sm_cats.gif" is in the cache already and will not be downloaded again  	[MsgId: MMSG-26655]
Registration.c(20): Resource "https://petstore.octoperf.com/images/sm_birds.gif" is in the cache already and will not be downloaded again  	[MsgId: MMSG-26655]
Registration.c(20): Registered web_reg_find successful for "Text=User Information" (count=1)  	[MsgId: MMSG-26364]
Registration.c(20): web_link("Register Now!") was successful, 5821 body bytes, 225 header bytes  	[MsgId: MMSG-26386]
Registration.c(25): Notify: Transaction "PetStore_ClickOnRegistration_T01" ended with a "Pass" status (Duration: 0.1268 Wasted Time: 0.0000).	[MsgId: MMSG-16871]
Registration.c(27): lr_think_time: 5.00 seconds (recorded think time was 5.00 seconds).	[MsgId: MMSG-15947]
Registration.c(109): Notify: Transaction "PetStore_SignOut_T03" started.	[MsgId: MMSG-16999]
Registration.c(111): web_reg_find started  	[MsgId: MMSG-26355]
Registration.c(111): Registering web_reg_find was successful  	[MsgId: MMSG-26390]
Registration.c(114): web_url("Account.action_2") started  	[MsgId: MMSG-26355]
Registration.c(114): Redirecting "https://petstore.octoperf.com/actions/Account.action?signoff=" (redirection depth is 0)  	[MsgId: MMSG-26694]
Registration.c(114): To location "https://petstore.octoperf.com/actions/Catalog.action"  	[MsgId: MMSG-26693]
Registration.c(114): Resource "https://petstore.octoperf.com/css/jpetstore.css" is in the cache already and will not be downloaded again  	[MsgId: MMSG-26655]
Registration.c(114): Resource "https://petstore.octoperf.com/images/logo-topbar.svg" is in the cache already and will not be downloaded again  	[MsgId: MMSG-26655]
Registration.c(114): Resource "https://petstore.octoperf.com/images/cart.gif" is in the cache already and will not be downloaded again  	[MsgId: MMSG-26655]
Registration.c(114): Resource "https://petstore.octoperf.com/images/separator.gif" is in the cache already and will not be downloaded again  	[MsgId: MMSG-26655]
Registration.c(114): Resource "https://petstore.octoperf.com/images/sm_fish.gif" is in the cache already and will not be downloaded again  	[MsgId: MMSG-26655]
Registration.c(114): Resource "https://petstore.octoperf.com/images/sm_dogs.gif" is in the cache already and will not be downloaded again  	[MsgId: MMSG-26655]
Registration.c(114): Resource "https://petstore.octoperf.com/images/sm_reptiles.gif" is in the cache already and will not be downloaded again  	[MsgId: MMSG-26655]
Registration.c(114): Resource "https://petstore.octoperf.com/images/sm_cats.gif" is in the cache already and will not be downloaded again  	[MsgId: MMSG-26655]
Registration.c(114): Resource "https://petstore.octoperf.com/images/sm_birds.gif" is in the cache already and will not be downloaded again  	[MsgId: MMSG-26655]
Registration.c(114): Resource "https://petstore.octoperf.com/images/fish_icon.gif" is in the cache already and will not be downloaded again  	[MsgId: MMSG-26655]
Registration.c(114): Resource "https://petstore.octoperf.com/images/dogs_icon.gif" is in the cache already and will not be downloaded again  	[MsgId: MMSG-26655]
Registration.c(114): Resource "https://petstore.octoperf.com/images/cats_icon.gif" is in the cache already and will not be downloaded again  	[MsgId: MMSG-26655]
Registration.c(114): Resource "https://petstore.octoperf.com/images/reptiles_icon.gif" is in the cache already and will not be downloaded again  	[MsgId: MMSG-26655]
Registration.c(114): Resource "https://petstore.octoperf.com/images/birds_icon.gif" is in the cache already and will not be downloaded again  	[MsgId: MMSG-26655]
Registration.c(114): Resource "https://petstore.octoperf.com/images/splash.gif" is in the cache already and will not be downloaded again  	[MsgId: MMSG-26655]
Registration.c(114): Registered web_reg_find successful for "Text=Sign In" (count=1)  	[MsgId: MMSG-26364]
Registration.c(114): web_url("Account.action_2") was successful, 4736 body bytes, 518 header bytes  	[MsgId: MMSG-26386]
Registration.c(123): Notify: Transaction "PetStore_SignOut_T03" ended with a "Pass" status (Duration: 0.2536 Wasted Time: 0.0000).	[MsgId: MMSG-16871]
Login.c(4): Notify: Transaction "PetStore_ClickOnSignIn_T01" started.	[MsgId: MMSG-16999]
Login.c(6): web_reg_find started  	[MsgId: MMSG-26355]
Login.c(6): Registering web_reg_find was successful  	[MsgId: MMSG-26390]
Login.c(9): web_link("Sign In") started  	[MsgId: MMSG-26355]
Login.c(9): Linking to "https://petstore.octoperf.com/actions/Account.action?signonForm=", Target Frame=""  	[MsgId: MMSG-27994]
Login.c(9): Resource "https://petstore.octoperf.com/css/jpetstore.css" is in the cache already and will not be downloaded again  	[MsgId: MMSG-26655]
Login.c(9): Resource "https://petstore.octoperf.com/images/logo-topbar.svg" is in the cache already and will not be downloaded again  	[MsgId: MMSG-26655]
Login.c(9): Resource "https://petstore.octoperf.com/images/cart.gif" is in the cache already and will not be downloaded again  	[MsgId: MMSG-26655]
Login.c(9): Resource "https://petstore.octoperf.com/images/separator.gif" is in the cache already and will not be downloaded again  	[MsgId: MMSG-26655]
Login.c(9): Resource "https://petstore.octoperf.com/images/sm_fish.gif" is in the cache already and will not be downloaded again  	[MsgId: MMSG-26655]
Login.c(9): Resource "https://petstore.octoperf.com/images/sm_dogs.gif" is in the cache already and will not be downloaded again  	[MsgId: MMSG-26655]
Login.c(9): Resource "https://petstore.octoperf.com/images/sm_reptiles.gif" is in the cache already and will not be downloaded again  	[MsgId: MMSG-26655]
Login.c(9): Resource "https://petstore.octoperf.com/images/sm_cats.gif" is in the cache already and will not be downloaded again  	[MsgId: MMSG-26655]
Login.c(9): Resource "https://petstore.octoperf.com/images/sm_birds.gif" is in the cache already and will not be downloaded again  	[MsgId: MMSG-26655]
Login.c(9): Registered web_reg_find successful for "Text=Please enter your username and password" (count=1)  	[MsgId: MMSG-26364]
Login.c(9): web_link("Sign In") was successful, 3856 body bytes, 225 header bytes  	[MsgId: MMSG-26386]
Login.c(13): Notify: Transaction "PetStore_ClickOnSignIn_T01" ended with a "Pass" status (Duration: 0.1267 Wasted Time: 0.0000).	[MsgId: MMSG-16871]
Login.c(15): lr_think_time: 2.60 seconds (recorded think time was 5.00 seconds).	[MsgId: MMSG-15947]
AddToCard.c(88): Notify: Transaction "PetStore_AddToCard_T04" started.	[MsgId: MMSG-16999]
AddToCard.c(90): web_reg_find started  	[MsgId: MMSG-26355]
AddToCard.c(90): Registering web_reg_find was successful  	[MsgId: MMSG-26390]
AddToCard.c(94): web_link("Add to Cart") started  	[MsgId: MMSG-26355]
AddToCard.c(94): Linking to "https://petstore.octoperf.com/actions/Cart.action?addItemToCart=&workingItemId=EST-28", Target Frame=""  	[MsgId: MMSG-27994]
AddToCard.c(94): Resource "https://petstore.octoperf.com/css/jpetstore.css" is in the cache already and will not be downloaded again  	[MsgId: MMSG-26655]
AddToCard.c(94): Resource "https://petstore.octoperf.com/images/logo-topbar.svg" is in the cache already and will not be downloaded again  	[MsgId: MMSG-26655]
AddToCard.c(94): Resource "https://petstore.octoperf.com/images/cart.gif" is in the cache already and will not be downloaded again  	[MsgId: MMSG-26655]
AddToCard.c(94): Resource "https://petstore.octoperf.com/images/separator.gif" is in the cache already and will not be downloaded again  	[MsgId: MMSG-26655]
AddToCard.c(94): Resource "https://petstore.octoperf.com/images/sm_fish.gif" is in the cache already and will not be downloaded again  	[MsgId: MMSG-26655]
AddToCard.c(94): Resource "https://petstore.octoperf.com/images/sm_dogs.gif" is in the cache already and will not be downloaded again  	[MsgId: MMSG-26655]
AddToCard.c(94): Resource "https://petstore.octoperf.com/images/sm_reptiles.gif" is in the cache already and will not be downloaded again  	[MsgId: MMSG-26655]
AddToCard.c(94): Resource "https://petstore.octoperf.com/images/sm_cats.gif" is in the cache already and will not be downloaded again  	[MsgId: MMSG-26655]
AddToCard.c(94): Resource "https://petstore.octoperf.com/images/sm_birds.gif" is in the cache already and will not be downloaded again  	[MsgId: MMSG-26655]
AddToCard.c(94): Resource "https://petstore.octoperf.com/images/banner_fish.gif" is in the cache already and will not be downloaded again  	[MsgId: MMSG-26655]
AddToCard.c(94): Registered web_reg_find successful for "Text=Shopping Cart" (count=1)  	[MsgId: MMSG-26364]
AddToCard.c(94): web_link("Add to Cart") was successful, 4648 body bytes, 225 header bytes  	[MsgId: MMSG-26386]
AddToCard.c(99): Notify: Transaction "PetStore_AddToCard_T04" ended with a "Pass" status (Duration: 0.1282 Wasted Time: 0.0000).	[MsgId: MMSG-16871]
RemoveTheProduct.c(7): Notify: Transaction "PetStore_ClickOnViewCartR_T01" started.	[MsgId: MMSG-16999]
RemoveTheProduct.c(8): web_reg_find started  	[MsgId: MMSG-26355]
RemoveTheProduct.c(8): Registering web_reg_find was successful  	[MsgId: MMSG-26390]
RemoveTheProduct.c(10): web_image("cart.gif") started  	[MsgId: MMSG-26355]
RemoveTheProduct.c(10): Image-linking to "https://petstore.octoperf.com/actions/Cart.action?viewCart=", Target Frame=""  	[MsgId: MMSG-27993]
RemoveTheProduct.c(10): Resource "https://petstore.octoperf.com/css/jpetstore.css" is in the cache already and will not be downloaded again  	[MsgId: MMSG-26655]
RemoveTheProduct.c(10): Resource "https://petstore.octoperf.com/images/logo-topbar.svg" is in the cache already and will not be downloaded again  	[MsgId: MMSG-26655]
RemoveTheProduct.c(10): Resource "https://petstore.octoperf.com/images/cart.gif" is in the cache already and will not be downloaded again  	[MsgId: MMSG-26655]
RemoveTheProduct.c(10): Resource "https://petstore.octoperf.com/images/separator.gif" is in the cache already and will not be downloaded again  	[MsgId: MMSG-26655]
RemoveTheProduct.c(10): Resource "https://petstore.octoperf.com/images/sm_fish.gif" is in the cache already and will not be downloaded again  	[MsgId: MMSG-26655]
RemoveTheProduct.c(10): Resource "https://petstore.octoperf.com/images/sm_dogs.gif" is in the cache already and will not be downloaded again  	[MsgId: MMSG-26655]
RemoveTheProduct.c(10): Resource "https://petstore.octoperf.com/images/sm_reptiles.gif" is in the cache already and will not be downloaded again  	[MsgId: MMSG-26655]
RemoveTheProduct.c(10): Resource "https://petstore.octoperf.com/images/sm_cats.gif" is in the cache already and will not be downloaded again  	[MsgId: MMSG-26655]
RemoveTheProduct.c(10): Resource "https://petstore.octoperf.com/images/sm_birds.gif" is in the cache already and will not be downloaded again  	[MsgId: MMSG-26655]
RemoveTheProduct.c(10): Resource "https://petstore.octoperf.com/images/banner_fish.gif" is in the cache already and will not be downloaded again  	[MsgId: MMSG-26655]
RemoveTheProduct.c(10): Registered web_reg_find successful for "Text=Shopping Cart" (count=1)  	[MsgId: MMSG-26364]
RemoveTheProduct.c(10): web_image("cart.gif") was successful, 4648 body bytes, 225 header bytes  	[MsgId: MMSG-26386]
RemoveTheProduct.c(14): Notify: Transaction "PetStore_ClickOnViewCartR_T01" ended with a "Pass" status (Duration: 0.1272 Wasted Time: 0.0000).	[MsgId: MMSG-16871]
RemoveTheProduct.c(16): lr_think_time: 4.59 seconds (recorded think time was 5.00 seconds).	[MsgId: MMSG-15947]
Starting iteration 2.	[MsgId: MMSG-15968]
Notify: Next row for parameter UserName = 1 [table  = UserName].	[MsgId: MMSG-13876]
Notify: Getting new value for parameter 'UserName': table = 'UserName.dat' column = '0' row = '1'.	[MsgId: MMSG-13877]
Notify: Next row for parameter PetStoreEndtoEndFlow_UserName = 1 [table  = PetStoreEndtoEndFlow_UserName].	[MsgId: MMSG-13876]
Notify: Getting new value for parameter 'PetStoreEndtoEndFlow_UserName': table = 'UserCredentilas1.dat' column = '0' row = '1'.	[MsgId: MMSG-13877]
Notify: Next row for parameter PetStoreEndtoEndFlow_pass = 1 [table  = PetStoreEndtoEndFlow_pass].	[MsgId: MMSG-13876]
Notify: Getting new value for parameter 'PetStoreEndtoEndFlow_pass': table = 'UserCredentilas3.dat' column = '0' row = '1'.	[MsgId: MMSG-13877]
Notify: Next row for parameter pass = 1 [table  = pass].	[MsgId: MMSG-13876]
Notify: Getting new value for parameter 'pass': table = 'UserName.dat' column = '0' row = '1'.	[MsgId: MMSG-13877]
Starting action Login.	[MsgId: MMSG-15919]
Registration.c(15): Notify: Transaction "PetStore_ClickOnRegistration_T01" started.	[MsgId: MMSG-16999]
Registration.c(17): web_reg_find started  	[MsgId: MMSG-26355]
Registration.c(17): Registering web_reg_find was successful  	[MsgId: MMSG-26390]
Registration.c(20): web_link("Register Now!") started  	[MsgId: MMSG-26355]
Registration.c(20): Error -27985: There is no context for HTML-based functions. A previous function may not have used "Mode=HTML" or downloaded only non-HTML page(s), or the context has been reset (e.g., due to a GUI-based function)  	[MsgId: MERR-27985]
Registration.c(20): Warning -26379: Pending web_reg_save_param/web_reg_find/web_create_html_param/web_create_html_param_ex request(s) are deleted and will be handled as "not found"  	[MsgId: MWAR-26379]
Registration.c(20): Error -26366: "Text=User Information" not found for web_reg_find  	[MsgId: MERR-26366]
Registration.c(20): Error -26374: The above "not found" error(s) may be explained by header and body byte counts being 0 and 0, respectively.  	[MsgId: MERR-26374]
Registration.c(20): web_link("Register Now!") highest severity level was "ERROR", 0 body bytes, 0 header bytes  	[MsgId: MMSG-26388]
Registration.c(20): Notify: Transaction "PetStore_ClickOnRegistration_T01" ended with a "Fail" status (Duration: 0.0011).	[MsgId: MMSG-16873]
Registration.c(20): Notify: Transaction "PetStore_ClickOnRegistration_T01" has 3 error message(s).	[MsgId: MMSG-16818]
Registration.c(20): Notify: The 1st error message associated with transaction "PetStore_ClickOnRegistration_T01" is "Error -27985: There is no context for HTML-based functions. A previous function may not have used "Mode=HTML" or downloaded only non-HTML page(s), or the context has been reset (e.g., due to a GUI-based function)"	[MsgId: MMSG-16819]
Registration.c(20): Notify: The 2nd error message associated with transaction "PetStore_ClickOnRegistration_T01" is "Error -26366: "Text=User Information" not found for web_reg_find"	[MsgId: MMSG-16819]
Registration.c(20): Notify: The 3rd error message associated with transaction "PetStore_ClickOnRegistration_T01" is "Error -26374: The above "not found" error(s) may be explained by header and body byte counts being 0 and 0, respectively."	[MsgId: MMSG-16819]
Ending action Login.	[MsgId: MMSG-15918]
Ending iteration 2.	[MsgId: MMSG-15965]
Waiting 9.3490 seconds for iteration pacing.	[MsgId: MMSG-15996]
Login.c(17): Notify: Transaction "PetStore_Login_T01" started.	[MsgId: MMSG-16999]
Login.c(18): web_reg_find started  	[MsgId: MMSG-26355]
Login.c(18): Registering web_reg_find was successful  	[MsgId: MMSG-26390]
Login.c(20): web_reg_save_param_regexp started  	[MsgId: MMSG-26355]
Login.c(20): Registering web_reg_save_param_regexp was successful  	[MsgId: MMSG-26390]
Login.c(26): web_submit_form("Account.action") started  	[MsgId: MMSG-26355]
Login.c(26): Notify: Parameter Substitution: parameter "randomUsername" =  "NMIV"	[MsgId: MMSG-13992]
Login.c(26): Notify: Parameter Substitution: parameter "randompass" =  "dzbj"	[MsgId: MMSG-13992]
Login.c(26): Submitting form to "https://petstore.octoperf.com/actions/Account.action", Target Frame=""  	[MsgId: MMSG-27978]
Login.c(26): Redirecting "https://petstore.octoperf.com/actions/Account.action" (redirection depth is 0)  	[MsgId: MMSG-26694]
Login.c(26): To location "https://petstore.octoperf.com/actions/Catalog.action"  	[MsgId: MMSG-26693]
Login.c(26): Resource "https://petstore.octoperf.com/css/jpetstore.css" is in the cache already and will not be downloaded again  	[MsgId: MMSG-26655]
Login.c(26): Resource "https://petstore.octoperf.com/images/logo-topbar.svg" is in the cache already and will not be downloaded again  	[MsgId: MMSG-26655]
Login.c(26): Resource "https://petstore.octoperf.com/images/cart.gif" is in the cache already and will not be downloaded again  	[MsgId: MMSG-26655]
Login.c(26): Resource "https://petstore.octoperf.com/images/separator.gif" is in the cache already and will not be downloaded again  	[MsgId: MMSG-26655]
Login.c(26): Resource "https://petstore.octoperf.com/images/sm_fish.gif" is in the cache already and will not be downloaded again  	[MsgId: MMSG-26655]
Login.c(26): Resource "https://petstore.octoperf.com/images/sm_dogs.gif" is in the cache already and will not be downloaded again  	[MsgId: MMSG-26655]
Login.c(26): Resource "https://petstore.octoperf.com/images/sm_reptiles.gif" is in the cache already and will not be downloaded again  	[MsgId: MMSG-26655]
Login.c(26): Resource "https://petstore.octoperf.com/images/sm_cats.gif" is in the cache already and will not be downloaded again  	[MsgId: MMSG-26655]
Login.c(26): Resource "https://petstore.octoperf.com/images/sm_birds.gif" is in the cache already and will not be downloaded again  	[MsgId: MMSG-26655]
Login.c(26): Resource "https://petstore.octoperf.com/images/fish_icon.gif" is in the cache already and will not be downloaded again  	[MsgId: MMSG-26655]
Login.c(26): Resource "https://petstore.octoperf.com/images/dogs_icon.gif" is in the cache already and will not be downloaded again  	[MsgId: MMSG-26655]
Login.c(26): Resource "https://petstore.octoperf.com/images/cats_icon.gif" is in the cache already and will not be downloaded again  	[MsgId: MMSG-26655]
Login.c(26): Resource "https://petstore.octoperf.com/images/reptiles_icon.gif" is in the cache already and will not be downloaded again  	[MsgId: MMSG-26655]
Login.c(26): Resource "https://petstore.octoperf.com/images/birds_icon.gif" is in the cache already and will not be downloaded again  	[MsgId: MMSG-26655]
Login.c(26): Resource "https://petstore.octoperf.com/images/splash.gif" is in the cache already and will not be downloaded again  	[MsgId: MMSG-26655]
Login.c(26): Found resource "https://petstore.octoperf.com/images/banner_fish.gif" in HTML "https://petstore.octoperf.com/actions/Catalog.action"  	[MsgId: MMSG-26659]
Login.c(26): Notify: Saving Parameter "ProductName_1 = BIRDS".	[MsgId: MMSG-13798]
Login.c(26): Notify: Saving Parameter "ProductName_2 = FISH".	[MsgId: MMSG-13798]
Login.c(26): Notify: Saving Parameter "ProductName_3 = DOGS".	[MsgId: MMSG-13798]
Login.c(26): Notify: Saving Parameter "ProductName_4 = REPTILES".	[MsgId: MMSG-13798]
Login.c(26): Notify: Saving Parameter "ProductName_5 = CATS".	[MsgId: MMSG-13798]
Login.c(26): Notify: Saving Parameter "ProductName_6 = BIRDS".	[MsgId: MMSG-13798]
Starting iteration 1.	[MsgId: MMSG-15968]
Warning -27077: The "vuser_init" section contains web function(s) when the "Simulate a new user on each iteration" Runtime Setting is ON.  This may produce unpredictable results with multiple iterations  	[MsgId: MWAR-27077]
Maximum number of concurrent connections per server: 6  	[MsgId: MMSG-26989]
Starting action Login.	[MsgId: MMSG-15919]
Registration.c(15): Notify: Transaction "PetStore_ClickOnRegistration_T01" started.	[MsgId: MMSG-16999]
Registration.c(17): web_reg_find started  	[MsgId: MMSG-26355]
Registration.c(17): Registering web_reg_find was successful  	[MsgId: MMSG-26390]
Registration.c(20): web_link("Register Now!") started  	[MsgId: MMSG-26355]
Registration.c(20): Linking to "https://petstore.octoperf.com/actions/Account.action?newAccountForm=", Target Frame=""  	[MsgId: MMSG-27994]
Login.c(26): Notify: Saving Parameter "ProductName_count = 6".	[MsgId: MMSG-13798]
Login.c(26): Registered web_reg_find successful for "Text=My Account" (count=1)  	[MsgId: MMSG-26364]
Login.c(26): web_submit_form("Account.action") was successful, 11416 body bytes, 727 header bytes  	[MsgId: MMSG-26386]
Login.c(34): Notify: Transaction "PetStore_Login_T01" ended with a "Pass" status (Duration: 0.5031 Wasted Time: 0.0003).	[MsgId: MMSG-16871]
Ending action Login.	[MsgId: MMSG-15918]
Starting action RemoveTheProduct.	[MsgId: MMSG-15919]
AddToCard.c(8): Notify: Transaction "PetStore_AddAproduct_T01" started.	[MsgId: MMSG-16999]
AddToCard.c(11): Notify: Parameter Substitution: parameter "ProductName_count" =  "6"	[MsgId: MMSG-13992]
AddToCard.c(12): Notify: Parameter Substitution: parameter "ProductName_5" =  "CATS"	[MsgId: MMSG-13992]
AddToCard.c(14): Notify: Saving Parameter "RandCategory = CATS".	[MsgId: MMSG-13798]
AddToCard.c(15): Notify: Parameter Substitution: parameter "RandCategory" =  "CATS"	[MsgId: MMSG-13992]
AddToCard.c(15): Random category selected in Action2 = CATS	[MsgId: MMSG-17999]
AddToCard.c(17): web_reg_find started  	[MsgId: MMSG-26355]
AddToCard.c(17): Notify: Parameter Substitution: parameter "RandCategory" =  "CATS"	[MsgId: MMSG-13992]
AddToCard.c(17): Registering web_reg_find was successful  	[MsgId: MMSG-26390]
AddToCard.c(20): web_reg_save_param_regexp started  	[MsgId: MMSG-26355]
AddToCard.c(20): Registering web_reg_save_param_regexp was successful  	[MsgId: MMSG-26390]
AddToCard.c(27): web_url("Catalog.action_2") started  	[MsgId: MMSG-26355]
AddToCard.c(27): Notify: Parameter Substitution: parameter "RandCategory" =  "CATS"	[MsgId: MMSG-13992]
Registration.c(29): Notify: Transaction "PetStore_SubmitRegistration_T02" started.	[MsgId: MMSG-16999]
Registration.c(31): web_reg_find started  	[MsgId: MMSG-26355]
Registration.c(31): Registering web_reg_find was successful  	[MsgId: MMSG-26390]
Registration.c(38): Notify: Saving Parameter "randomUsername = DWVE".	[MsgId: MMSG-13798]
Registration.c(44): Notify: Saving Parameter "randompass = jdhl".	[MsgId: MMSG-13798]
Registration.c(58): Notify: Saving Parameter "randomFirstName = qidtl".	[MsgId: MMSG-13798]
Registration.c(59): Notify: Saving Parameter "randomLastName = catqy".	[MsgId: MMSG-13798]
Registration.c(71): Notify: Saving Parameter "RandomPhone = :200743173".	[MsgId: MMSG-13798]
Registration.c(80): Notify: Saving Parameter "RandomZip = 389541".	[MsgId: MMSG-13798]
Registration.c(83): web_submit_form("Account.action") started  	[MsgId: MMSG-26355]
Registration.c(83): Notify: Parameter Substitution: parameter "randomUsername" =  "DWVE"	[MsgId: MMSG-13992]
Registration.c(83): Notify: Parameter Substitution: parameter "randompass" =  "jdhl"	[MsgId: MMSG-13992]
Registration.c(83): Notify: Parameter Substitution: parameter "randompass" =  "jdhl"	[MsgId: MMSG-13992]
Registration.c(83): Notify: Parameter Substitution: parameter "randomFirstName" =  "qidtl"	[MsgId: MMSG-13992]
Registration.c(83): Notify: Parameter Substitution: parameter "randomLastName" =  "catqy"	[MsgId: MMSG-13992]
Registration.c(83): Notify: Parameter Substitution: parameter "randomFirstName" =  "qidtl"	[MsgId: MMSG-13992]
Registration.c(83): Notify: Parameter Substitution: parameter "randomLastName" =  "catqy"	[MsgId: MMSG-13992]
Registration.c(83): Notify: Parameter Substitution: parameter "RandomPhone" =  ":200743173"	[MsgId: MMSG-13992]
Registration.c(83): Notify: Parameter Substitution: parameter "RandomZip" =  "389541"	[MsgId: MMSG-13992]
Registration.c(83): Submitting form to "https://petstore.octoperf.com/actions/Account.action", Target Frame=""  	[MsgId: MMSG-27978]
Registration.c(83): Connection to petstore.octoperf.com:443 closed after being inactive for 64 seconds, exceeding the "HTTP Keep-Alive timeout" Runtime Setting (60 seconds). URL="[None]"  	[MsgId: MMSG-27647]
Registration.c(20): Resource "https://petstore.octoperf.com/css/jpetstore.css" is in the cache already and will not be downloaded again  	[MsgId: MMSG-26655]
Registration.c(20): Resource "https://petstore.octoperf.com/images/logo-topbar.svg" is in the cache already and will not be downloaded again  	[MsgId: MMSG-26655]
Registration.c(20): Resource "https://petstore.octoperf.com/images/cart.gif" is in the cache already and will not be downloaded again  	[MsgId: MMSG-26655]
Registration.c(20): Resource "https://petstore.octoperf.com/images/separator.gif" is in the cache already and will not be downloaded again  	[MsgId: MMSG-26655]
Registration.c(20): Resource "https://petstore.octoperf.com/images/sm_fish.gif" is in the cache already and will not be downloaded again  	[MsgId: MMSG-26655]
Registration.c(20): Resource "https://petstore.octoperf.com/images/sm_dogs.gif" is in the cache already and will not be downloaded again  	[MsgId: MMSG-26655]
Registration.c(20): Resource "https://petstore.octoperf.com/images/sm_reptiles.gif" is in the cache already and will not be downloaded again  	[MsgId: MMSG-26655]
Registration.c(20): Resource "https://petstore.octoperf.com/images/sm_cats.gif" is in the cache already and will not be downloaded again  	[MsgId: MMSG-26655]
Registration.c(20): Resource "https://petstore.octoperf.com/images/sm_birds.gif" is in the cache already and will not be downloaded again  	[MsgId: MMSG-26655]
Registration.c(20): Registered web_reg_find successful for "Text=User Information" (count=1)  	[MsgId: MMSG-26364]
Registration.c(20): web_link("Register Now!") was successful, 5821 body bytes, 225 header bytes  	[MsgId: MMSG-26386]
Registration.c(25): Notify: Transaction "PetStore_ClickOnRegistration_T01" ended with a "Pass" status (Duration: 0.1280 Wasted Time: 0.0000).	[MsgId: MMSG-16871]
Registration.c(27): lr_think_time: 3.80 seconds (recorded think time was 5.00 seconds).	[MsgId: MMSG-15947]
AddToCard.c(27): Resource "https://petstore.octoperf.com/css/jpetstore.css" is in the cache already and will not be downloaded again  	[MsgId: MMSG-26655]
AddToCard.c(27): Resource "https://petstore.octoperf.com/images/logo-topbar.svg" is in the cache already and will not be downloaded again  	[MsgId: MMSG-26655]
AddToCard.c(27): Resource "https://petstore.octoperf.com/images/cart.gif" is in the cache already and will not be downloaded again  	[MsgId: MMSG-26655]
AddToCard.c(27): Resource "https://petstore.octoperf.com/images/separator.gif" is in the cache already and will not be downloaded again  	[MsgId: MMSG-26655]
AddToCard.c(27): Resource "https://petstore.octoperf.com/images/sm_fish.gif" is in the cache already and will not be downloaded again  	[MsgId: MMSG-26655]
AddToCard.c(27): Resource "https://petstore.octoperf.com/images/sm_dogs.gif" is in the cache already and will not be downloaded again  	[MsgId: MMSG-26655]
AddToCard.c(27): Resource "https://petstore.octoperf.com/images/sm_reptiles.gif" is in the cache already and will not be downloaded again  	[MsgId: MMSG-26655]
AddToCard.c(27): Resource "https://petstore.octoperf.com/images/sm_cats.gif" is in the cache already and will not be downloaded again  	[MsgId: MMSG-26655]
AddToCard.c(27): Resource "https://petstore.octoperf.com/images/sm_birds.gif" is in the cache already and will not be downloaded again  	[MsgId: MMSG-26655]
AddToCard.c(27): Resource "https://petstore.octoperf.com/images/banner_fish.gif" is in the cache already and will not be downloaded again  	[MsgId: MMSG-26655]
AddToCard.c(27): Notify: Saving Parameter "productId_1 = FL-DSH-01".	[MsgId: MMSG-13798]
AddToCard.c(27): Notify: Saving Parameter "productId_2 = FL-DLH-02".	[MsgId: MMSG-13798]
AddToCard.c(27): Notify: Saving Parameter "productId_count = 2".	[MsgId: MMSG-13798]
AddToCard.c(27): Registered web_reg_find successful for "Text=CATS" (count=1)  	[MsgId: MMSG-26364]
AddToCard.c(27): web_url("Catalog.action_2") was successful, 3621 body bytes, 225 header bytes  	[MsgId: MMSG-26386]
AddToCard.c(36): Notify: Transaction "PetStore_AddAproduct_T01" ended with a "Pass" status (Duration: 0.1273 Wasted Time: 0.0002).	[MsgId: MMSG-16871]
AddToCard.c(38): lr_think_time: 4.71 seconds (recorded think time was 5.00 seconds).	[MsgId: MMSG-15947]
Registration.c(83): Redirecting "https://petstore.octoperf.com/actions/Account.action" (redirection depth is 0)  	[MsgId: MMSG-26694]
Registration.c(83): To location "https://petstore.octoperf.com/actions/Catalog.action"  	[MsgId: MMSG-26693]
Registration.c(83): Resource "https://petstore.octoperf.com/css/jpetstore.css" is in the cache already and will not be downloaded again  	[MsgId: MMSG-26655]
Registration.c(83): Resource "https://petstore.octoperf.com/images/logo-topbar.svg" is in the cache already and will not be downloaded again  	[MsgId: MMSG-26655]
Registration.c(83): Resource "https://petstore.octoperf.com/images/cart.gif" is in the cache already and will not be downloaded again  	[MsgId: MMSG-26655]
Registration.c(83): Resource "https://petstore.octoperf.com/images/separator.gif" is in the cache already and will not be downloaded again  	[MsgId: MMSG-26655]
Registration.c(83): Resource "https://petstore.octoperf.com/images/sm_fish.gif" is in the cache already and will not be downloaded again  	[MsgId: MMSG-26655]
Registration.c(83): Resource "https://petstore.octoperf.com/images/sm_dogs.gif" is in the cache already and will not be downloaded again  	[MsgId: MMSG-26655]
Registration.c(83): Resource "https://petstore.octoperf.com/images/sm_reptiles.gif" is in the cache already and will not be downloaded again  	[MsgId: MMSG-26655]
Registration.c(83): Resource "https://petstore.octoperf.com/images/sm_cats.gif" is in the cache already and will not be downloaded again  	[MsgId: MMSG-26655]
Registration.c(83): Resource "https://petstore.octoperf.com/images/sm_birds.gif" is in the cache already and will not be downloaded again  	[MsgId: MMSG-26655]
Registration.c(83): Resource "https://petstore.octoperf.com/images/fish_icon.gif" is in the cache already and will not be downloaded again  	[MsgId: MMSG-26655]
Registration.c(83): Resource "https://petstore.octoperf.com/images/dogs_icon.gif" is in the cache already and will not be downloaded again  	[MsgId: MMSG-26655]
Registration.c(83): Resource "https://petstore.octoperf.com/images/cats_icon.gif" is in the cache already and will not be downloaded again  	[MsgId: MMSG-26655]
Registration.c(83): Resource "https://petstore.octoperf.com/images/reptiles_icon.gif" is in the cache already and will not be downloaded again  	[MsgId: MMSG-26655]
Registration.c(83): Resource "https://petstore.octoperf.com/images/birds_icon.gif" is in the cache already and will not be downloaded again  	[MsgId: MMSG-26655]
Registration.c(83): Resource "https://petstore.octoperf.com/images/splash.gif" is in the cache already and will not be downloaded again  	[MsgId: MMSG-26655]
Registration.c(83): Registered web_reg_find successful for "Text=Elevate you load-testing" (count=1)  	[MsgId: MMSG-26364]
Registration.c(83): web_submit_form("Account.action") was successful, 4736 body bytes, 443 header bytes  	[MsgId: MMSG-26386]
Registration.c(105): Notify: Transaction "PetStore_SubmitRegistration_T02" ended with a "Pass" status (Duration: 0.8086 Wasted Time: 0.0000).	[MsgId: MMSG-16871]
Registration.c(107): lr_think_time: 3.08 seconds (recorded think time was 5.00 seconds).	[MsgId: MMSG-15947]
Starting iteration 3.	[MsgId: MMSG-15968]
Notify: Next row for parameter UserName = 1 [table  = UserName].	[MsgId: MMSG-13876]
Notify: Getting new value for parameter 'UserName': table = 'UserName.dat' column = '0' row = '1'.	[MsgId: MMSG-13877]
Notify: Next row for parameter PetStoreEndtoEndFlow_UserName = 1 [table  = PetStoreEndtoEndFlow_UserName].	[MsgId: MMSG-13876]
Notify: Getting new value for parameter 'PetStoreEndtoEndFlow_UserName': table = 'UserCredentilas1.dat' column = '0' row = '1'.	[MsgId: MMSG-13877]
Notify: Next row for parameter PetStoreEndtoEndFlow_pass = 1 [table  = PetStoreEndtoEndFlow_pass].	[MsgId: MMSG-13876]
Notify: Getting new value for parameter 'PetStoreEndtoEndFlow_pass': table = 'UserCredentilas3.dat' column = '0' row = '1'.	[MsgId: MMSG-13877]
Notify: Next row for parameter pass = 1 [table  = pass].	[MsgId: MMSG-13876]
Notify: Getting new value for parameter 'pass': table = 'UserName.dat' column = '0' row = '1'.	[MsgId: MMSG-13877]
Starting action Login.	[MsgId: MMSG-15919]
Registration.c(15): Notify: Transaction "PetStore_ClickOnRegistration_T01" started.	[MsgId: MMSG-16999]
Registration.c(17): web_reg_find started  	[MsgId: MMSG-26355]
Registration.c(17): Registering web_reg_find was successful  	[MsgId: MMSG-26390]
Registration.c(20): web_link("Register Now!") started  	[MsgId: MMSG-26355]
Registration.c(20): Error -27985: There is no context for HTML-based functions. A previous function may not have used "Mode=HTML" or downloaded only non-HTML page(s), or the context has been reset (e.g., due to a GUI-based function)  	[MsgId: MERR-27985]
Registration.c(20): Warning -26379: Pending web_reg_save_param/web_reg_find/web_create_html_param/web_create_html_param_ex request(s) are deleted and will be handled as "not found"  	[MsgId: MWAR-26379]
Registration.c(20): Error -26366: "Text=User Information" not found for web_reg_find  	[MsgId: MERR-26366]
Registration.c(20): Error -26374: The above "not found" error(s) may be explained by header and body byte counts being 0 and 0, respectively.  	[MsgId: MERR-26374]
Registration.c(20): web_link("Register Now!") highest severity level was "ERROR", 0 body bytes, 0 header bytes  	[MsgId: MMSG-26388]
Registration.c(20): Notify: Transaction "PetStore_ClickOnRegistration_T01" ended with a "Fail" status (Duration: 0.0011).	[MsgId: MMSG-16873]
Registration.c(20): Notify: Transaction "PetStore_ClickOnRegistration_T01" has 3 error message(s).	[MsgId: MMSG-16818]
Registration.c(20): Notify: The 1st error message associated with transaction "PetStore_ClickOnRegistration_T01" is "Error -27985: There is no context for HTML-based functions. A previous function may not have used "Mode=HTML" or downloaded only non-HTML page(s), or the context has been reset (e.g., due to a GUI-based function)"	[MsgId: MMSG-16819]
Registration.c(20): Notify: The 2nd error message associated with transaction "PetStore_ClickOnRegistration_T01" is "Error -26366: "Text=User Information" not found for web_reg_find"	[MsgId: MMSG-16819]
Registration.c(20): Notify: The 3rd error message associated with transaction "PetStore_ClickOnRegistration_T01" is "Error -26374: The above "not found" error(s) may be explained by header and body byte counts being 0 and 0, respectively."	[MsgId: MMSG-16819]
Ending action Login.	[MsgId: MMSG-15918]
Ending iteration 3.	[MsgId: MMSG-15965]
Waiting 8.5240 seconds for iteration pacing.	[MsgId: MMSG-15996]
RemoveTheProduct.c(18): Notify: Transaction "PetStore_ClickOnRemove_T02" started.	[MsgId: MMSG-16999]
RemoveTheProduct.c(20): web_reg_find started  	[MsgId: MMSG-26355]
RemoveTheProduct.c(20): Registering web_reg_find was successful  	[MsgId: MMSG-26390]
RemoveTheProduct.c(23): web_link("Remove") started  	[MsgId: MMSG-26355]
RemoveTheProduct.c(23): Linking to "https://petstore.octoperf.com/actions/Cart.action?removeItemFromCart=&workingItemId=EST-28", Target Frame=""  	[MsgId: MMSG-27994]
RemoveTheProduct.c(23): Resource "https://petstore.octoperf.com/css/jpetstore.css" is in the cache already and will not be downloaded again  	[MsgId: MMSG-26655]
RemoveTheProduct.c(23): Resource "https://petstore.octoperf.com/images/logo-topbar.svg" is in the cache already and will not be downloaded again  	[MsgId: MMSG-26655]
RemoveTheProduct.c(23): Resource "https://petstore.octoperf.com/images/cart.gif" is in the cache already and will not be downloaded again  	[MsgId: MMSG-26655]
RemoveTheProduct.c(23): Resource "https://petstore.octoperf.com/images/separator.gif" is in the cache already and will not be downloaded again  	[MsgId: MMSG-26655]
RemoveTheProduct.c(23): Resource "https://petstore.octoperf.com/images/sm_fish.gif" is in the cache already and will not be downloaded again  	[MsgId: MMSG-26655]
RemoveTheProduct.c(23): Resource "https://petstore.octoperf.com/images/sm_dogs.gif" is in the cache already and will not be downloaded again  	[MsgId: MMSG-26655]
RemoveTheProduct.c(23): Resource "https://petstore.octoperf.com/images/sm_reptiles.gif" is in the cache already and will not be downloaded again  	[MsgId: MMSG-26655]
RemoveTheProduct.c(23): Resource "https://petstore.octoperf.com/images/sm_cats.gif" is in the cache already and will not be downloaded again  	[MsgId: MMSG-26655]
RemoveTheProduct.c(23): Resource "https://petstore.octoperf.com/images/sm_birds.gif" is in the cache already and will not be downloaded again  	[MsgId: MMSG-26655]
RemoveTheProduct.c(23): Resource "https://petstore.octoperf.com/images/banner_fish.gif" is in the cache already and will not be downloaded again  	[MsgId: MMSG-26655]
RemoveTheProduct.c(23): Registered web_reg_find successful for "Text=Your cart is empty." (count=1)  	[MsgId: MMSG-26364]
RemoveTheProduct.c(23): web_link("Remove") was successful, 4202 body bytes, 225 header bytes  	[MsgId: MMSG-26386]
RemoveTheProduct.c(28): Notify: Transaction "PetStore_ClickOnRemove_T02" ended with a "Pass" status (Duration: 0.1267 Wasted Time: 0.0000).	[MsgId: MMSG-16871]
Ending action RemoveTheProduct.	[MsgId: MMSG-15918]
Ending iteration 1.	[MsgId: MMSG-15965]
Waiting 8.5530 seconds for iteration pacing.	[MsgId: MMSG-15996]
Registration.c(109): Notify: Transaction "PetStore_SignOut_T03" started.	[MsgId: MMSG-16999]
Registration.c(111): web_reg_find started  	[MsgId: MMSG-26355]
Registration.c(29): Notify: Transaction "PetStore_SubmitRegistration_T02" started.	[MsgId: MMSG-16999]
Registration.c(111): Registering web_reg_find was successful  	[MsgId: MMSG-26390]
Registration.c(114): web_url("Account.action_2") started  	[MsgId: MMSG-26355]
Registration.c(31): web_reg_find started  	[MsgId: MMSG-26355]
Registration.c(31): Registering web_reg_find was successful  	[MsgId: MMSG-26390]
Registration.c(38): Notify: Saving Parameter "randomUsername = UOIV".	[MsgId: MMSG-13798]
Registration.c(44): Notify: Saving Parameter "randompass = iyvu".	[MsgId: MMSG-13798]
Registration.c(58): Notify: Saving Parameter "randomFirstName = ahrfz".	[MsgId: MMSG-13798]
Registration.c(59): Notify: Saving Parameter "randomLastName = mnjki".	[MsgId: MMSG-13798]
Registration.c(71): Notify: Saving Parameter "RandomPhone = :298512766".	[MsgId: MMSG-13798]
Registration.c(80): Notify: Saving Parameter "RandomZip = 296445".	[MsgId: MMSG-13798]
Registration.c(83): web_submit_form("Account.action") started  	[MsgId: MMSG-26355]
Registration.c(83): Notify: Parameter Substitution: parameter "randomUsername" =  "UOIV"	[MsgId: MMSG-13992]
Registration.c(83): Notify: Parameter Substitution: parameter "randompass" =  "iyvu"	[MsgId: MMSG-13992]
Registration.c(83): Notify: Parameter Substitution: parameter "randompass" =  "iyvu"	[MsgId: MMSG-13992]
Registration.c(83): Notify: Parameter Substitution: parameter "randomFirstName" =  "ahrfz"	[MsgId: MMSG-13992]
Registration.c(83): Notify: Parameter Substitution: parameter "randomLastName" =  "mnjki"	[MsgId: MMSG-13992]
Registration.c(83): Notify: Parameter Substitution: parameter "randomFirstName" =  "ahrfz"	[MsgId: MMSG-13992]
Registration.c(83): Notify: Parameter Substitution: parameter "randomLastName" =  "mnjki"	[MsgId: MMSG-13992]
Registration.c(83): Notify: Parameter Substitution: parameter "RandomPhone" =  ":298512766"	[MsgId: MMSG-13992]
Registration.c(83): Notify: Parameter Substitution: parameter "RandomZip" =  "296445"	[MsgId: MMSG-13992]
Registration.c(83): Submitting form to "https://petstore.octoperf.com/actions/Account.action", Target Frame=""  	[MsgId: MMSG-27978]
Registration.c(83): Connection to petstore.octoperf.com:443 closed after being inactive for 63 seconds, exceeding the "HTTP Keep-Alive timeout" Runtime Setting (60 seconds). URL="[None]"  	[MsgId: MMSG-27647]
Registration.c(114): Redirecting "https://petstore.octoperf.com/actions/Account.action?signoff=" (redirection depth is 0)  	[MsgId: MMSG-26694]
Registration.c(114): To location "https://petstore.octoperf.com/actions/Catalog.action"  	[MsgId: MMSG-26693]
Registration.c(114): Resource "https://petstore.octoperf.com/css/jpetstore.css" is in the cache already and will not be downloaded again  	[MsgId: MMSG-26655]
Registration.c(114): Resource "https://petstore.octoperf.com/images/logo-topbar.svg" is in the cache already and will not be downloaded again  	[MsgId: MMSG-26655]
Registration.c(114): Resource "https://petstore.octoperf.com/images/cart.gif" is in the cache already and will not be downloaded again  	[MsgId: MMSG-26655]
Registration.c(114): Resource "https://petstore.octoperf.com/images/separator.gif" is in the cache already and will not be downloaded again  	[MsgId: MMSG-26655]
Registration.c(114): Resource "https://petstore.octoperf.com/images/sm_fish.gif" is in the cache already and will not be downloaded again  	[MsgId: MMSG-26655]
Registration.c(114): Resource "https://petstore.octoperf.com/images/sm_dogs.gif" is in the cache already and will not be downloaded again  	[MsgId: MMSG-26655]
Registration.c(114): Resource "https://petstore.octoperf.com/images/sm_reptiles.gif" is in the cache already and will not be downloaded again  	[MsgId: MMSG-26655]
Registration.c(114): Resource "https://petstore.octoperf.com/images/sm_cats.gif" is in the cache already and will not be downloaded again  	[MsgId: MMSG-26655]
Registration.c(114): Resource "https://petstore.octoperf.com/images/sm_birds.gif" is in the cache already and will not be downloaded again  	[MsgId: MMSG-26655]
Registration.c(114): Resource "https://petstore.octoperf.com/images/fish_icon.gif" is in the cache already and will not be downloaded again  	[MsgId: MMSG-26655]
Registration.c(114): Resource "https://petstore.octoperf.com/images/dogs_icon.gif" is in the cache already and will not be downloaded again  	[MsgId: MMSG-26655]
Registration.c(114): Resource "https://petstore.octoperf.com/images/cats_icon.gif" is in the cache already and will not be downloaded again  	[MsgId: MMSG-26655]
Registration.c(114): Resource "https://petstore.octoperf.com/images/reptiles_icon.gif" is in the cache already and will not be downloaded again  	[MsgId: MMSG-26655]
Registration.c(114): Resource "https://petstore.octoperf.com/images/birds_icon.gif" is in the cache already and will not be downloaded again  	[MsgId: MMSG-26655]
Registration.c(114): Resource "https://petstore.octoperf.com/images/splash.gif" is in the cache already and will not be downloaded again  	[MsgId: MMSG-26655]
Registration.c(114): Registered web_reg_find successful for "Text=Sign In" (count=1)  	[MsgId: MMSG-26364]
Registration.c(114): web_url("Account.action_2") was successful, 4736 body bytes, 518 header bytes  	[MsgId: MMSG-26386]
Registration.c(123): Notify: Transaction "PetStore_SignOut_T03" ended with a "Pass" status (Duration: 0.2599 Wasted Time: 0.0000).	[MsgId: MMSG-16871]
Login.c(4): Notify: Transaction "PetStore_ClickOnSignIn_T01" started.	[MsgId: MMSG-16999]
Login.c(6): web_reg_find started  	[MsgId: MMSG-26355]
Login.c(6): Registering web_reg_find was successful  	[MsgId: MMSG-26390]
Login.c(9): web_link("Sign In") started  	[MsgId: MMSG-26355]
Login.c(9): Linking to "https://petstore.octoperf.com/actions/Account.action?signonForm=", Target Frame=""  	[MsgId: MMSG-27994]
Login.c(9): Resource "https://petstore.octoperf.com/css/jpetstore.css" is in the cache already and will not be downloaded again  	[MsgId: MMSG-26655]
Login.c(9): Resource "https://petstore.octoperf.com/images/logo-topbar.svg" is in the cache already and will not be downloaded again  	[MsgId: MMSG-26655]
Login.c(9): Resource "https://petstore.octoperf.com/images/cart.gif" is in the cache already and will not be downloaded again  	[MsgId: MMSG-26655]
Login.c(9): Resource "https://petstore.octoperf.com/images/separator.gif" is in the cache already and will not be downloaded again  	[MsgId: MMSG-26655]
Login.c(9): Resource "https://petstore.octoperf.com/images/sm_fish.gif" is in the cache already and will not be downloaded again  	[MsgId: MMSG-26655]
Login.c(9): Resource "https://petstore.octoperf.com/images/sm_dogs.gif" is in the cache already and will not be downloaded again  	[MsgId: MMSG-26655]
Login.c(9): Resource "https://petstore.octoperf.com/images/sm_reptiles.gif" is in the cache already and will not be downloaded again  	[MsgId: MMSG-26655]
Login.c(9): Resource "https://petstore.octoperf.com/images/sm_cats.gif" is in the cache already and will not be downloaded again  	[MsgId: MMSG-26655]
Login.c(9): Resource "https://petstore.octoperf.com/images/sm_birds.gif" is in the cache already and will not be downloaded again  	[MsgId: MMSG-26655]
Login.c(9): Registered web_reg_find successful for "Text=Please enter your username and password" (count=1)  	[MsgId: MMSG-26364]
Login.c(9): web_link("Sign In") was successful, 3856 body bytes, 225 header bytes  	[MsgId: MMSG-26386]
Login.c(13): Notify: Transaction "PetStore_ClickOnSignIn_T01" ended with a "Pass" status (Duration: 0.1277 Wasted Time: 0.0000).	[MsgId: MMSG-16871]
Login.c(15): lr_think_time: 2.94 seconds (recorded think time was 5.00 seconds).	[MsgId: MMSG-15947]
Registration.c(83): Redirecting "https://petstore.octoperf.com/actions/Account.action" (redirection depth is 0)  	[MsgId: MMSG-26694]
Registration.c(83): To location "https://petstore.octoperf.com/actions/Catalog.action"  	[MsgId: MMSG-26693]
Registration.c(83): Resource "https://petstore.octoperf.com/css/jpetstore.css" is in the cache already and will not be downloaded again  	[MsgId: MMSG-26655]
Registration.c(83): Resource "https://petstore.octoperf.com/images/logo-topbar.svg" is in the cache already and will not be downloaded again  	[MsgId: MMSG-26655]
Registration.c(83): Resource "https://petstore.octoperf.com/images/cart.gif" is in the cache already and will not be downloaded again  	[MsgId: MMSG-26655]
Registration.c(83): Resource "https://petstore.octoperf.com/images/separator.gif" is in the cache already and will not be downloaded again  	[MsgId: MMSG-26655]
Registration.c(83): Resource "https://petstore.octoperf.com/images/sm_fish.gif" is in the cache already and will not be downloaded again  	[MsgId: MMSG-26655]
Registration.c(83): Resource "https://petstore.octoperf.com/images/sm_dogs.gif" is in the cache already and will not be downloaded again  	[MsgId: MMSG-26655]
Registration.c(83): Resource "https://petstore.octoperf.com/images/sm_reptiles.gif" is in the cache already and will not be downloaded again  	[MsgId: MMSG-26655]
Registration.c(83): Resource "https://petstore.octoperf.com/images/sm_cats.gif" is in the cache already and will not be downloaded again  	[MsgId: MMSG-26655]
Registration.c(83): Resource "https://petstore.octoperf.com/images/sm_birds.gif" is in the cache already and will not be downloaded again  	[MsgId: MMSG-26655]
Registration.c(83): Resource "https://petstore.octoperf.com/images/fish_icon.gif" is in the cache already and will not be downloaded again  	[MsgId: MMSG-26655]
Registration.c(83): Resource "https://petstore.octoperf.com/images/dogs_icon.gif" is in the cache already and will not be downloaded again  	[MsgId: MMSG-26655]
Registration.c(83): Resource "https://petstore.octoperf.com/images/cats_icon.gif" is in the cache already and will not be downloaded again  	[MsgId: MMSG-26655]
Registration.c(83): Resource "https://petstore.octoperf.com/images/reptiles_icon.gif" is in the cache already and will not be downloaded again  	[MsgId: MMSG-26655]
Registration.c(83): Resource "https://petstore.octoperf.com/images/birds_icon.gif" is in the cache already and will not be downloaded again  	[MsgId: MMSG-26655]
Registration.c(83): Resource "https://petstore.octoperf.com/images/splash.gif" is in the cache already and will not be downloaded again  	[MsgId: MMSG-26655]
Registration.c(83): Registered web_reg_find successful for "Text=Elevate you load-testing" (count=1)  	[MsgId: MMSG-26364]
Registration.c(83): web_submit_form("Account.action") was successful, 4736 body bytes, 443 header bytes  	[MsgId: MMSG-26386]
Registration.c(105): Notify: Transaction "PetStore_SubmitRegistration_T02" ended with a "Pass" status (Duration: 0.7947 Wasted Time: 0.0000).	[MsgId: MMSG-16871]
Registration.c(107): lr_think_time: 3.99 seconds (recorded think time was 5.00 seconds).	[MsgId: MMSG-15947]
AddToCard.c(40): Notify: Transaction "PetStore_SelectProductId_T02" started.	[MsgId: MMSG-16999]
AddToCard.c(43): Notify: Parameter Substitution: parameter "productId_count" =  "2"	[MsgId: MMSG-13992]
AddToCard.c(44): Notify: Parameter Substitution: parameter "productId_1" =  "FL-DSH-01"	[MsgId: MMSG-13992]
AddToCard.c(46): Notify: Saving Parameter "RandproductId = FL-DSH-01".	[MsgId: MMSG-13798]
AddToCard.c(47): Notify: Parameter Substitution: parameter "RandproductId" =  "FL-DSH-01"	[MsgId: MMSG-13992]
AddToCard.c(47): Random category selected in Action2 = FL-DSH-01	[MsgId: MMSG-17999]
AddToCard.c(49): web_reg_find started  	[MsgId: MMSG-26355]
AddToCard.c(49): Notify: Parameter Substitution: parameter "RandproductId" =  "FL-DSH-01"	[MsgId: MMSG-13992]
AddToCard.c(49): Registering web_reg_find was successful  	[MsgId: MMSG-26390]
AddToCard.c(51): web_reg_save_param_regexp started  	[MsgId: MMSG-26355]
AddToCard.c(51): Registering web_reg_save_param_regexp was successful  	[MsgId: MMSG-26390]
AddToCard.c(58): web_link("{RandproductId}") started  	[MsgId: MMSG-26355]
AddToCard.c(58): Notify: Parameter Substitution: parameter "RandproductId" =  "FL-DSH-01"	[MsgId: MMSG-13992]
AddToCard.c(58): Linking to "https://petstore.octoperf.com/actions/Catalog.action?viewProduct=&productId=FL-DSH-01", Target Frame=""  	[MsgId: MMSG-27994]
AddToCard.c(58): Resource "https://petstore.octoperf.com/css/jpetstore.css" is in the cache already and will not be downloaded again  	[MsgId: MMSG-26655]
AddToCard.c(58): Resource "https://petstore.octoperf.com/images/logo-topbar.svg" is in the cache already and will not be downloaded again  	[MsgId: MMSG-26655]
AddToCard.c(58): Resource "https://petstore.octoperf.com/images/cart.gif" is in the cache already and will not be downloaded again  	[MsgId: MMSG-26655]
AddToCard.c(58): Resource "https://petstore.octoperf.com/images/separator.gif" is in the cache already and will not be downloaded again  	[MsgId: MMSG-26655]
AddToCard.c(58): Resource "https://petstore.octoperf.com/images/sm_fish.gif" is in the cache already and will not be downloaded again  	[MsgId: MMSG-26655]
AddToCard.c(58): Resource "https://petstore.octoperf.com/images/sm_dogs.gif" is in the cache already and will not be downloaded again  	[MsgId: MMSG-26655]
AddToCard.c(58): Resource "https://petstore.octoperf.com/images/sm_reptiles.gif" is in the cache already and will not be downloaded again  	[MsgId: MMSG-26655]
AddToCard.c(58): Resource "https://petstore.octoperf.com/images/sm_cats.gif" is in the cache already and will not be downloaded again  	[MsgId: MMSG-26655]
AddToCard.c(58): Resource "https://petstore.octoperf.com/images/sm_birds.gif" is in the cache already and will not be downloaded again  	[MsgId: MMSG-26655]
AddToCard.c(58): Resource "https://petstore.octoperf.com/images/banner_fish.gif" is in the cache already and will not be downloaded again  	[MsgId: MMSG-26655]
AddToCard.c(58): Notify: Saving Parameter "itemId_1 = EST-14".	[MsgId: MMSG-13798]
AddToCard.c(58): Notify: Saving Parameter "itemId_2 = EST-15".	[MsgId: MMSG-13798]
AddToCard.c(58): Notify: Saving Parameter "itemId_count = 2".	[MsgId: MMSG-13798]
AddToCard.c(58): Registered web_reg_find successful for "Text=FL-DSH-01" (count=2)  	[MsgId: MMSG-26364]
AddToCard.c(58): web_link("{RandproductId}") was successful, 4063 body bytes, 225 header bytes  	[MsgId: MMSG-26386]
AddToCard.c(63): Notify: Transaction "PetStore_SelectProductId_T02" ended with a "Pass" status (Duration: 0.1290 Wasted Time: 0.0003).	[MsgId: MMSG-16871]
AddToCard.c(65): lr_think_time: 2.56 seconds (recorded think time was 5.00 seconds).	[MsgId: MMSG-15947]
Starting iteration 1.	[MsgId: MMSG-15968]
Warning -27077: The "vuser_init" section contains web function(s) when the "Simulate a new user on each iteration" Runtime Setting is ON.  This may produce unpredictable results with multiple iterations  	[MsgId: MWAR-27077]
Maximum number of concurrent connections per server: 6  	[MsgId: MMSG-26989]
Starting action Login.	[MsgId: MMSG-15919]
Registration.c(15): Notify: Transaction "PetStore_ClickOnRegistration_T01" started.	[MsgId: MMSG-16999]
Registration.c(17): web_reg_find started  	[MsgId: MMSG-26355]
Registration.c(17): Registering web_reg_find was successful  	[MsgId: MMSG-26390]
Registration.c(20): web_link("Register Now!") started  	[MsgId: MMSG-26355]
Registration.c(20): Linking to "https://petstore.octoperf.com/actions/Account.action?newAccountForm=", Target Frame=""  	[MsgId: MMSG-27994]
Registration.c(20): Resource "https://petstore.octoperf.com/css/jpetstore.css" is in the cache already and will not be downloaded again  	[MsgId: MMSG-26655]
Registration.c(20): Resource "https://petstore.octoperf.com/images/logo-topbar.svg" is in the cache already and will not be downloaded again  	[MsgId: MMSG-26655]
Registration.c(20): Resource "https://petstore.octoperf.com/images/cart.gif" is in the cache already and will not be downloaded again  	[MsgId: MMSG-26655]
Registration.c(20): Resource "https://petstore.octoperf.com/images/separator.gif" is in the cache already and will not be downloaded again  	[MsgId: MMSG-26655]
Registration.c(20): Resource "https://petstore.octoperf.com/images/sm_fish.gif" is in the cache already and will not be downloaded again  	[MsgId: MMSG-26655]
Registration.c(20): Resource "https://petstore.octoperf.com/images/sm_dogs.gif" is in the cache already and will not be downloaded again  	[MsgId: MMSG-26655]
Registration.c(20): Resource "https://petstore.octoperf.com/images/sm_reptiles.gif" is in the cache already and will not be downloaded again  	[MsgId: MMSG-26655]
Registration.c(20): Resource "https://petstore.octoperf.com/images/sm_cats.gif" is in the cache already and will not be downloaded again  	[MsgId: MMSG-26655]
Registration.c(20): Resource "https://petstore.octoperf.com/images/sm_birds.gif" is in the cache already and will not be downloaded again  	[MsgId: MMSG-26655]
Registration.c(20): Registered web_reg_find successful for "Text=User Information" (count=1)  	[MsgId: MMSG-26364]
Registration.c(20): web_link("Register Now!") was successful, 5821 body bytes, 225 header bytes  	[MsgId: MMSG-26386]
Registration.c(25): Notify: Transaction "PetStore_ClickOnRegistration_T01" ended with a "Pass" status (Duration: 0.1276 Wasted Time: 0.0000).	[MsgId: MMSG-16871]
Registration.c(27): lr_think_time: 3.15 seconds (recorded think time was 5.00 seconds).	[MsgId: MMSG-15947]
Login.c(17): Notify: Transaction "PetStore_Login_T01" started.	[MsgId: MMSG-16999]
Login.c(18): web_reg_find started  	[MsgId: MMSG-26355]
Login.c(18): Registering web_reg_find was successful  	[MsgId: MMSG-26390]
Login.c(20): web_reg_save_param_regexp started  	[MsgId: MMSG-26355]
Login.c(20): Registering web_reg_save_param_regexp was successful  	[MsgId: MMSG-26390]
Login.c(26): web_submit_form("Account.action") started  	[MsgId: MMSG-26355]
Login.c(26): Notify: Parameter Substitution: parameter "randomUsername" =  "DWVE"	[MsgId: MMSG-13992]
Login.c(26): Notify: Parameter Substitution: parameter "randompass" =  "jdhl"	[MsgId: MMSG-13992]
Login.c(26): Submitting form to "https://petstore.octoperf.com/actions/Account.action", Target Frame=""  	[MsgId: MMSG-27978]
Starting iteration 3.	[MsgId: MMSG-15968]
Notify: Next row for parameter UserName = 1 [table  = UserName].	[MsgId: MMSG-13876]
Notify: Getting new value for parameter 'UserName': table = 'UserName.dat' column = '0' row = '1'.	[MsgId: MMSG-13877]
Notify: Next row for parameter PetStoreEndtoEndFlow_UserName = 1 [table  = PetStoreEndtoEndFlow_UserName].	[MsgId: MMSG-13876]
Notify: Getting new value for parameter 'PetStoreEndtoEndFlow_UserName': table = 'UserCredentilas1.dat' column = '0' row = '1'.	[MsgId: MMSG-13877]
Notify: Next row for parameter PetStoreEndtoEndFlow_pass = 1 [table  = PetStoreEndtoEndFlow_pass].	[MsgId: MMSG-13876]
Notify: Getting new value for parameter 'PetStoreEndtoEndFlow_pass': table = 'UserCredentilas3.dat' column = '0' row = '1'.	[MsgId: MMSG-13877]
Notify: Next row for parameter pass = 1 [table  = pass].	[MsgId: MMSG-13876]
Notify: Getting new value for parameter 'pass': table = 'UserName.dat' column = '0' row = '1'.	[MsgId: MMSG-13877]
Starting action Login.	[MsgId: MMSG-15919]
Registration.c(15): Notify: Transaction "PetStore_ClickOnRegistration_T01" started.	[MsgId: MMSG-16999]
Registration.c(17): web_reg_find started  	[MsgId: MMSG-26355]
Registration.c(17): Registering web_reg_find was successful  	[MsgId: MMSG-26390]
Registration.c(20): web_link("Register Now!") started  	[MsgId: MMSG-26355]
Registration.c(20): Error -27985: There is no context for HTML-based functions. A previous function may not have used "Mode=HTML" or downloaded only non-HTML page(s), or the context has been reset (e.g., due to a GUI-based function)  	[MsgId: MERR-27985]
Registration.c(20): Warning -26379: Pending web_reg_save_param/web_reg_find/web_create_html_param/web_create_html_param_ex request(s) are deleted and will be handled as "not found"  	[MsgId: MWAR-26379]
Registration.c(20): Error -26366: "Text=User Information" not found for web_reg_find  	[MsgId: MERR-26366]
Registration.c(20): Error -26374: The above "not found" error(s) may be explained by header and body byte counts being 0 and 0, respectively.  	[MsgId: MERR-26374]
Registration.c(20): web_link("Register Now!") highest severity level was "ERROR", 0 body bytes, 0 header bytes  	[MsgId: MMSG-26388]
Registration.c(20): Notify: Transaction "PetStore_ClickOnRegistration_T01" ended with a "Fail" status (Duration: 0.0009).	[MsgId: MMSG-16873]
Registration.c(20): Notify: Transaction "PetStore_ClickOnRegistration_T01" has 3 error message(s).	[MsgId: MMSG-16818]
Registration.c(20): Notify: The 1st error message associated with transaction "PetStore_ClickOnRegistration_T01" is "Error -27985: There is no context for HTML-based functions. A previous function may not have used "Mode=HTML" or downloaded only non-HTML page(s), or the context has been reset (e.g., due to a GUI-based function)"	[MsgId: MMSG-16819]
Registration.c(20): Notify: The 2nd error message associated with transaction "PetStore_ClickOnRegistration_T01" is "Error -26366: "Text=User Information" not found for web_reg_find"	[MsgId: MMSG-16819]
Registration.c(20): Notify: The 3rd error message associated with transaction "PetStore_ClickOnRegistration_T01" is "Error -26374: The above "not found" error(s) may be explained by header and body byte counts being 0 and 0, respectively."	[MsgId: MMSG-16819]
Ending action Login.	[MsgId: MMSG-15918]
Ending iteration 3.	[MsgId: MMSG-15965]
Waiting 8.9720 seconds for iteration pacing.	[MsgId: MMSG-15996]
Login.c(26): Redirecting "https://petstore.octoperf.com/actions/Account.action" (redirection depth is 0)  	[MsgId: MMSG-26694]
Login.c(26): To location "https://petstore.octoperf.com/actions/Catalog.action"  	[MsgId: MMSG-26693]
AddToCard.c(67): Notify: Transaction "PetStore_SelectItemId_T03" started.	[MsgId: MMSG-16999]
AddToCard.c(71): Notify: Parameter Substitution: parameter "itemId_count" =  "2"	[MsgId: MMSG-13992]
AddToCard.c(72): Notify: Parameter Substitution: parameter "itemId_2" =  "EST-15"	[MsgId: MMSG-13992]
AddToCard.c(74): Notify: Saving Parameter "RanditemId = EST-15".	[MsgId: MMSG-13798]
AddToCard.c(75): Notify: Parameter Substitution: parameter "RanditemId" =  "EST-15"	[MsgId: MMSG-13992]
AddToCard.c(75): Random category selected in Action2 = EST-15	[MsgId: MMSG-17999]
AddToCard.c(77): web_reg_find started  	[MsgId: MMSG-26355]
AddToCard.c(77): Notify: Parameter Substitution: parameter "RanditemId" =  "EST-15"	[MsgId: MMSG-13992]
AddToCard.c(77): Registering web_reg_find was successful  	[MsgId: MMSG-26390]
AddToCard.c(79): web_link("{RanditemId}") started  	[MsgId: MMSG-26355]
AddToCard.c(79): Notify: Parameter Substitution: parameter "RanditemId" =  "EST-15"	[MsgId: MMSG-13992]
AddToCard.c(79): Linking to "https://petstore.octoperf.com/actions/Catalog.action?viewItem=&itemId=EST-15", Target Frame=""  	[MsgId: MMSG-27994]
Login.c(26): Resource "https://petstore.octoperf.com/css/jpetstore.css" is in the cache already and will not be downloaded again  	[MsgId: MMSG-26655]
Login.c(26): Resource "https://petstore.octoperf.com/images/logo-topbar.svg" is in the cache already and will not be downloaded again  	[MsgId: MMSG-26655]
Login.c(26): Resource "https://petstore.octoperf.com/images/cart.gif" is in the cache already and will not be downloaded again  	[MsgId: MMSG-26655]
Login.c(26): Resource "https://petstore.octoperf.com/images/separator.gif" is in the cache already and will not be downloaded again  	[MsgId: MMSG-26655]
Login.c(26): Resource "https://petstore.octoperf.com/images/sm_fish.gif" is in the cache already and will not be downloaded again  	[MsgId: MMSG-26655]
Login.c(26): Resource "https://petstore.octoperf.com/images/sm_dogs.gif" is in the cache already and will not be downloaded again  	[MsgId: MMSG-26655]
Login.c(26): Resource "https://petstore.octoperf.com/images/sm_reptiles.gif" is in the cache already and will not be downloaded again  	[MsgId: MMSG-26655]
Login.c(26): Resource "https://petstore.octoperf.com/images/sm_cats.gif" is in the cache already and will not be downloaded again  	[MsgId: MMSG-26655]
Login.c(26): Resource "https://petstore.octoperf.com/images/sm_birds.gif" is in the cache already and will not be downloaded again  	[MsgId: MMSG-26655]
Login.c(26): Resource "https://petstore.octoperf.com/images/fish_icon.gif" is in the cache already and will not be downloaded again  	[MsgId: MMSG-26655]
Login.c(26): Resource "https://petstore.octoperf.com/images/dogs_icon.gif" is in the cache already and will not be downloaded again  	[MsgId: MMSG-26655]
Login.c(26): Resource "https://petstore.octoperf.com/images/cats_icon.gif" is in the cache already and will not be downloaded again  	[MsgId: MMSG-26655]
Login.c(26): Resource "https://petstore.octoperf.com/images/reptiles_icon.gif" is in the cache already and will not be downloaded again  	[MsgId: MMSG-26655]
Login.c(26): Resource "https://petstore.octoperf.com/images/birds_icon.gif" is in the cache already and will not be downloaded again  	[MsgId: MMSG-26655]
Login.c(26): Resource "https://petstore.octoperf.com/images/splash.gif" is in the cache already and will not be downloaded again  	[MsgId: MMSG-26655]
Login.c(26): Found resource "https://petstore.octoperf.com/images/banner_fish.gif" in HTML "https://petstore.octoperf.com/actions/Catalog.action"  	[MsgId: MMSG-26659]
Login.c(26): Notify: Saving Parameter "ProductName_1 = BIRDS".	[MsgId: MMSG-13798]
Login.c(26): Notify: Saving Parameter "ProductName_2 = FISH".	[MsgId: MMSG-13798]
Login.c(26): Notify: Saving Parameter "ProductName_3 = DOGS".	[MsgId: MMSG-13798]
Login.c(26): Notify: Saving Parameter "ProductName_4 = REPTILES".	[MsgId: MMSG-13798]
Login.c(26): Notify: Saving Parameter "ProductName_5 = CATS".	[MsgId: MMSG-13798]
Login.c(26): Notify: Saving Parameter "ProductName_6 = BIRDS".	[MsgId: MMSG-13798]
AddToCard.c(79): Resource "https://petstore.octoperf.com/css/jpetstore.css" is in the cache already and will not be downloaded again  	[MsgId: MMSG-26655]
AddToCard.c(79): Resource "https://petstore.octoperf.com/images/logo-topbar.svg" is in the cache already and will not be downloaded again  	[MsgId: MMSG-26655]
AddToCard.c(79): Resource "https://petstore.octoperf.com/images/cart.gif" is in the cache already and will not be downloaded again  	[MsgId: MMSG-26655]
AddToCard.c(79): Resource "https://petstore.octoperf.com/images/separator.gif" is in the cache already and will not be downloaded again  	[MsgId: MMSG-26655]
AddToCard.c(79): Resource "https://petstore.octoperf.com/images/sm_fish.gif" is in the cache already and will not be downloaded again  	[MsgId: MMSG-26655]
AddToCard.c(79): Resource "https://petstore.octoperf.com/images/sm_dogs.gif" is in the cache already and will not be downloaded again  	[MsgId: MMSG-26655]
AddToCard.c(79): Resource "https://petstore.octoperf.com/images/sm_reptiles.gif" is in the cache already and will not be downloaded again  	[MsgId: MMSG-26655]
AddToCard.c(79): Resource "https://petstore.octoperf.com/images/sm_cats.gif" is in the cache already and will not be downloaded again  	[MsgId: MMSG-26655]
AddToCard.c(79): Resource "https://petstore.octoperf.com/images/sm_birds.gif" is in the cache already and will not be downloaded again  	[MsgId: MMSG-26655]
AddToCard.c(79): Found resource "https://petstore.octoperf.com/images/cat2.gif" in HTML "https://petstore.octoperf.com/actions/Catalog.action?viewItem=&itemId=EST-15"  	[MsgId: MMSG-26659]
AddToCard.c(79): Resource "https://petstore.octoperf.com/images/banner_fish.gif" is in the cache already and will not be downloaded again  	[MsgId: MMSG-26655]
Login.c(26): Notify: Saving Parameter "ProductName_count = 6".	[MsgId: MMSG-13798]
Login.c(26): Registered web_reg_find successful for "Text=My Account" (count=1)  	[MsgId: MMSG-26364]
Login.c(26): web_submit_form("Account.action") was successful, 11416 body bytes, 727 header bytes  	[MsgId: MMSG-26386]
Login.c(34): Notify: Transaction "PetStore_Login_T01" ended with a "Pass" status (Duration: 0.5057 Wasted Time: 0.0012).	[MsgId: MMSG-16871]
Ending action Login.	[MsgId: MMSG-15918]
Starting action RemoveTheProduct.	[MsgId: MMSG-15919]
AddToCard.c(8): Notify: Transaction "PetStore_AddAproduct_T01" started.	[MsgId: MMSG-16999]
AddToCard.c(11): Notify: Parameter Substitution: parameter "ProductName_count" =  "6"	[MsgId: MMSG-13992]
AddToCard.c(12): Notify: Parameter Substitution: parameter "ProductName_2" =  "FISH"	[MsgId: MMSG-13992]
AddToCard.c(14): Notify: Saving Parameter "RandCategory = FISH".	[MsgId: MMSG-13798]
AddToCard.c(15): Notify: Parameter Substitution: parameter "RandCategory" =  "FISH"	[MsgId: MMSG-13992]
AddToCard.c(15): Random category selected in Action2 = FISH	[MsgId: MMSG-17999]
AddToCard.c(17): web_reg_find started  	[MsgId: MMSG-26355]
AddToCard.c(17): Notify: Parameter Substitution: parameter "RandCategory" =  "FISH"	[MsgId: MMSG-13992]
AddToCard.c(17): Registering web_reg_find was successful  	[MsgId: MMSG-26390]
AddToCard.c(20): web_reg_save_param_regexp started  	[MsgId: MMSG-26355]
AddToCard.c(20): Registering web_reg_save_param_regexp was successful  	[MsgId: MMSG-26390]
AddToCard.c(27): web_url("Catalog.action_2") started  	[MsgId: MMSG-26355]
AddToCard.c(27): Notify: Parameter Substitution: parameter "RandCategory" =  "FISH"	[MsgId: MMSG-13992]
AddToCard.c(27): Resource "https://petstore.octoperf.com/css/jpetstore.css" is in the cache already and will not be downloaded again  	[MsgId: MMSG-26655]
AddToCard.c(27): Resource "https://petstore.octoperf.com/images/logo-topbar.svg" is in the cache already and will not be downloaded again  	[MsgId: MMSG-26655]
AddToCard.c(27): Resource "https://petstore.octoperf.com/images/cart.gif" is in the cache already and will not be downloaded again  	[MsgId: MMSG-26655]
AddToCard.c(27): Resource "https://petstore.octoperf.com/images/separator.gif" is in the cache already and will not be downloaded again  	[MsgId: MMSG-26655]
AddToCard.c(27): Resource "https://petstore.octoperf.com/images/sm_fish.gif" is in the cache already and will not be downloaded again  	[MsgId: MMSG-26655]
AddToCard.c(27): Resource "https://petstore.octoperf.com/images/sm_dogs.gif" is in the cache already and will not be downloaded again  	[MsgId: MMSG-26655]
AddToCard.c(27): Resource "https://petstore.octoperf.com/images/sm_reptiles.gif" is in the cache already and will not be downloaded again  	[MsgId: MMSG-26655]
AddToCard.c(27): Resource "https://petstore.octoperf.com/images/sm_cats.gif" is in the cache already and will not be downloaded again  	[MsgId: MMSG-26655]
AddToCard.c(27): Resource "https://petstore.octoperf.com/images/sm_birds.gif" is in the cache already and will not be downloaded again  	[MsgId: MMSG-26655]
AddToCard.c(27): Resource "https://petstore.octoperf.com/images/banner_fish.gif" is in the cache already and will not be downloaded again  	[MsgId: MMSG-26655]
AddToCard.c(27): Notify: Saving Parameter "productId_1 = FI-SW-01".	[MsgId: MMSG-13798]
AddToCard.c(27): Notify: Saving Parameter "productId_2 = FI-SW-02".	[MsgId: MMSG-13798]
AddToCard.c(27): Notify: Saving Parameter "productId_3 = FI-FW-01".	[MsgId: MMSG-13798]
AddToCard.c(27): Notify: Saving Parameter "productId_4 = FI-FW-02".	[MsgId: MMSG-13798]
AddToCard.c(27): Notify: Saving Parameter "productId_count = 4".	[MsgId: MMSG-13798]
AddToCard.c(27): Registered web_reg_find successful for "Text=FISH" (count=1)  	[MsgId: MMSG-26364]
AddToCard.c(27): web_url("Catalog.action_2") was successful, 3887 body bytes, 225 header bytes  	[MsgId: MMSG-26386]
AddToCard.c(36): Notify: Transaction "PetStore_AddAproduct_T01" ended with a "Pass" status (Duration: 0.1285 Wasted Time: 0.0002).	[MsgId: MMSG-16871]
AddToCard.c(38): lr_think_time: 4.44 seconds (recorded think time was 5.00 seconds).	[MsgId: MMSG-15947]
AddToCard.c(79): Registered web_reg_find successful for "Text=EST-15" (count=2)  	[MsgId: MMSG-26364]
AddToCard.c(79): web_link("{RanditemId}") was successful, 16468 body bytes, 511 header bytes  	[MsgId: MMSG-26386]
AddToCard.c(84): Notify: Transaction "PetStore_SelectItemId_T03" ended with a "Pass" status (Duration: 0.5420 Wasted Time: 0.0000).	[MsgId: MMSG-16871]
AddToCard.c(86): lr_think_time: 3.75 seconds (recorded think time was 5.00 seconds).	[MsgId: MMSG-15947]
Registration.c(29): Notify: Transaction "PetStore_SubmitRegistration_T02" started.	[MsgId: MMSG-16999]
Registration.c(31): web_reg_find started  	[MsgId: MMSG-26355]
Registration.c(31): Registering web_reg_find was successful  	[MsgId: MMSG-26390]
Registration.c(38): Notify: Saving Parameter "randomUsername = KYDD".	[MsgId: MMSG-13798]
Registration.c(44): Notify: Saving Parameter "randompass = hubw".	[MsgId: MMSG-13798]
Registration.c(58): Notify: Saving Parameter "randomFirstName = shgsg".	[MsgId: MMSG-13798]
Registration.c(59): Notify: Saving Parameter "randomLastName = nisms".	[MsgId: MMSG-13798]
Registration.c(71): Notify: Saving Parameter "RandomPhone = ;317560450".	[MsgId: MMSG-13798]
Registration.c(80): Notify: Saving Parameter "RandomZip = 111438".	[MsgId: MMSG-13798]
Registration.c(83): web_submit_form("Account.action") started  	[MsgId: MMSG-26355]
Registration.c(83): Notify: Parameter Substitution: parameter "randomUsername" =  "KYDD"	[MsgId: MMSG-13992]
Registration.c(83): Notify: Parameter Substitution: parameter "randompass" =  "hubw"	[MsgId: MMSG-13992]
Registration.c(83): Notify: Parameter Substitution: parameter "randompass" =  "hubw"	[MsgId: MMSG-13992]
Registration.c(83): Notify: Parameter Substitution: parameter "randomFirstName" =  "shgsg"	[MsgId: MMSG-13992]
Registration.c(83): Notify: Parameter Substitution: parameter "randomLastName" =  "nisms"	[MsgId: MMSG-13992]
Registration.c(83): Notify: Parameter Substitution: parameter "randomFirstName" =  "shgsg"	[MsgId: MMSG-13992]
Registration.c(83): Notify: Parameter Substitution: parameter "randomLastName" =  "nisms"	[MsgId: MMSG-13992]
Registration.c(83): Notify: Parameter Substitution: parameter "RandomPhone" =  ";317560450"	[MsgId: MMSG-13992]
Registration.c(83): Notify: Parameter Substitution: parameter "RandomZip" =  "111438"	[MsgId: MMSG-13992]
Registration.c(83): Submitting form to "https://petstore.octoperf.com/actions/Account.action", Target Frame=""  	[MsgId: MMSG-27978]
Registration.c(83): Connection to petstore.octoperf.com:443 closed after being inactive for 62 seconds, exceeding the "HTTP Keep-Alive timeout" Runtime Setting (60 seconds). URL="[None]"  	[MsgId: MMSG-27647]
Registration.c(109): Notify: Transaction "PetStore_SignOut_T03" started.	[MsgId: MMSG-16999]
Registration.c(111): web_reg_find started  	[MsgId: MMSG-26355]
Registration.c(111): Registering web_reg_find was successful  	[MsgId: MMSG-26390]
Registration.c(114): web_url("Account.action_2") started  	[MsgId: MMSG-26355]
Registration.c(114): Redirecting "https://petstore.octoperf.com/actions/Account.action?signoff=" (redirection depth is 0)  	[MsgId: MMSG-26694]
Registration.c(114): To location "https://petstore.octoperf.com/actions/Catalog.action"  	[MsgId: MMSG-26693]
Registration.c(114): Resource "https://petstore.octoperf.com/css/jpetstore.css" is in the cache already and will not be downloaded again  	[MsgId: MMSG-26655]
Registration.c(114): Resource "https://petstore.octoperf.com/images/logo-topbar.svg" is in the cache already and will not be downloaded again  	[MsgId: MMSG-26655]
Registration.c(114): Resource "https://petstore.octoperf.com/images/cart.gif" is in the cache already and will not be downloaded again  	[MsgId: MMSG-26655]
Registration.c(114): Resource "https://petstore.octoperf.com/images/separator.gif" is in the cache already and will not be downloaded again  	[MsgId: MMSG-26655]
Registration.c(114): Resource "https://petstore.octoperf.com/images/sm_fish.gif" is in the cache already and will not be downloaded again  	[MsgId: MMSG-26655]
Registration.c(114): Resource "https://petstore.octoperf.com/images/sm_dogs.gif" is in the cache already and will not be downloaded again  	[MsgId: MMSG-26655]
Registration.c(114): Resource "https://petstore.octoperf.com/images/sm_reptiles.gif" is in the cache already and will not be downloaded again  	[MsgId: MMSG-26655]
Registration.c(114): Resource "https://petstore.octoperf.com/images/sm_cats.gif" is in the cache already and will not be downloaded again  	[MsgId: MMSG-26655]
Registration.c(114): Resource "https://petstore.octoperf.com/images/sm_birds.gif" is in the cache already and will not be downloaded again  	[MsgId: MMSG-26655]
Registration.c(114): Resource "https://petstore.octoperf.com/images/fish_icon.gif" is in the cache already and will not be downloaded again  	[MsgId: MMSG-26655]
Registration.c(114): Resource "https://petstore.octoperf.com/images/dogs_icon.gif" is in the cache already and will not be downloaded again  	[MsgId: MMSG-26655]
Registration.c(114): Resource "https://petstore.octoperf.com/images/cats_icon.gif" is in the cache already and will not be downloaded again  	[MsgId: MMSG-26655]
Registration.c(114): Resource "https://petstore.octoperf.com/images/reptiles_icon.gif" is in the cache already and will not be downloaded again  	[MsgId: MMSG-26655]
Registration.c(114): Resource "https://petstore.octoperf.com/images/birds_icon.gif" is in the cache already and will not be downloaded again  	[MsgId: MMSG-26655]
Registration.c(114): Resource "https://petstore.octoperf.com/images/splash.gif" is in the cache already and will not be downloaded again  	[MsgId: MMSG-26655]
Registration.c(114): Registered web_reg_find successful for "Text=Sign In" (count=1)  	[MsgId: MMSG-26364]
Registration.c(114): web_url("Account.action_2") was successful, 4736 body bytes, 518 header bytes  	[MsgId: MMSG-26386]
Registration.c(123): Notify: Transaction "PetStore_SignOut_T03" ended with a "Pass" status (Duration: 0.2487 Wasted Time: 0.0000).	[MsgId: MMSG-16871]
Login.c(4): Notify: Transaction "PetStore_ClickOnSignIn_T01" started.	[MsgId: MMSG-16999]
Login.c(6): web_reg_find started  	[MsgId: MMSG-26355]
Login.c(6): Registering web_reg_find was successful  	[MsgId: MMSG-26390]
Login.c(9): web_link("Sign In") started  	[MsgId: MMSG-26355]
Login.c(9): Linking to "https://petstore.octoperf.com/actions/Account.action?signonForm=", Target Frame=""  	[MsgId: MMSG-27994]
Registration.c(83): Redirecting "https://petstore.octoperf.com/actions/Account.action" (redirection depth is 0)  	[MsgId: MMSG-26694]
Registration.c(83): To location "https://petstore.octoperf.com/actions/Catalog.action"  	[MsgId: MMSG-26693]
Login.c(9): Resource "https://petstore.octoperf.com/css/jpetstore.css" is in the cache already and will not be downloaded again  	[MsgId: MMSG-26655]
Login.c(9): Resource "https://petstore.octoperf.com/images/logo-topbar.svg" is in the cache already and will not be downloaded again  	[MsgId: MMSG-26655]
Login.c(9): Resource "https://petstore.octoperf.com/images/cart.gif" is in the cache already and will not be downloaded again  	[MsgId: MMSG-26655]
Login.c(9): Resource "https://petstore.octoperf.com/images/separator.gif" is in the cache already and will not be downloaded again  	[MsgId: MMSG-26655]
Login.c(9): Resource "https://petstore.octoperf.com/images/sm_fish.gif" is in the cache already and will not be downloaded again  	[MsgId: MMSG-26655]
Login.c(9): Resource "https://petstore.octoperf.com/images/sm_dogs.gif" is in the cache already and will not be downloaded again  	[MsgId: MMSG-26655]
Login.c(9): Resource "https://petstore.octoperf.com/images/sm_reptiles.gif" is in the cache already and will not be downloaded again  	[MsgId: MMSG-26655]
Login.c(9): Resource "https://petstore.octoperf.com/images/sm_cats.gif" is in the cache already and will not be downloaded again  	[MsgId: MMSG-26655]
Login.c(9): Resource "https://petstore.octoperf.com/images/sm_birds.gif" is in the cache already and will not be downloaded again  	[MsgId: MMSG-26655]
Login.c(9): Registered web_reg_find successful for "Text=Please enter your username and password" (count=1)  	[MsgId: MMSG-26364]
Login.c(9): web_link("Sign In") was successful, 3860 body bytes, 225 header bytes  	[MsgId: MMSG-26386]
Login.c(13): Notify: Transaction "PetStore_ClickOnSignIn_T01" ended with a "Pass" status (Duration: 0.1247 Wasted Time: 0.0000).	[MsgId: MMSG-16871]
Login.c(15): lr_think_time: 2.51 seconds (recorded think time was 5.00 seconds).	[MsgId: MMSG-15947]
Registration.c(83): Resource "https://petstore.octoperf.com/css/jpetstore.css" is in the cache already and will not be downloaded again  	[MsgId: MMSG-26655]
Registration.c(83): Resource "https://petstore.octoperf.com/images/logo-topbar.svg" is in the cache already and will not be downloaded again  	[MsgId: MMSG-26655]
Registration.c(83): Resource "https://petstore.octoperf.com/images/cart.gif" is in the cache already and will not be downloaded again  	[MsgId: MMSG-26655]
Registration.c(83): Resource "https://petstore.octoperf.com/images/separator.gif" is in the cache already and will not be downloaded again  	[MsgId: MMSG-26655]
Registration.c(83): Resource "https://petstore.octoperf.com/images/sm_fish.gif" is in the cache already and will not be downloaded again  	[MsgId: MMSG-26655]
Registration.c(83): Resource "https://petstore.octoperf.com/images/sm_dogs.gif" is in the cache already and will not be downloaded again  	[MsgId: MMSG-26655]
Registration.c(83): Resource "https://petstore.octoperf.com/images/sm_reptiles.gif" is in the cache already and will not be downloaded again  	[MsgId: MMSG-26655]
Registration.c(83): Resource "https://petstore.octoperf.com/images/sm_cats.gif" is in the cache already and will not be downloaded again  	[MsgId: MMSG-26655]
Registration.c(83): Resource "https://petstore.octoperf.com/images/sm_birds.gif" is in the cache already and will not be downloaded again  	[MsgId: MMSG-26655]
Registration.c(83): Resource "https://petstore.octoperf.com/images/fish_icon.gif" is in the cache already and will not be downloaded again  	[MsgId: MMSG-26655]
Registration.c(83): Resource "https://petstore.octoperf.com/images/dogs_icon.gif" is in the cache already and will not be downloaded again  	[MsgId: MMSG-26655]
Registration.c(83): Resource "https://petstore.octoperf.com/images/cats_icon.gif" is in the cache already and will not be downloaded again  	[MsgId: MMSG-26655]
Registration.c(83): Resource "https://petstore.octoperf.com/images/reptiles_icon.gif" is in the cache already and will not be downloaded again  	[MsgId: MMSG-26655]
Registration.c(83): Resource "https://petstore.octoperf.com/images/birds_icon.gif" is in the cache already and will not be downloaded again  	[MsgId: MMSG-26655]
Registration.c(83): Resource "https://petstore.octoperf.com/images/splash.gif" is in the cache already and will not be downloaded again  	[MsgId: MMSG-26655]
Registration.c(83): Registered web_reg_find successful for "Text=Elevate you load-testing" (count=1)  	[MsgId: MMSG-26364]
Registration.c(83): web_submit_form("Account.action") was successful, 4736 body bytes, 443 header bytes  	[MsgId: MMSG-26386]
Registration.c(105): Notify: Transaction "PetStore_SubmitRegistration_T02" ended with a "Pass" status (Duration: 0.8003 Wasted Time: 0.0000).	[MsgId: MMSG-16871]
Registration.c(107): lr_think_time: 3.80 seconds (recorded think time was 5.00 seconds).	[MsgId: MMSG-15947]
Starting iteration 4.	[MsgId: MMSG-15968]
Notify: Next row for parameter UserName = 1 [table  = UserName].	[MsgId: MMSG-13876]
Notify: Getting new value for parameter 'UserName': table = 'UserName.dat' column = '0' row = '1'.	[MsgId: MMSG-13877]
Notify: Next row for parameter PetStoreEndtoEndFlow_UserName = 1 [table  = PetStoreEndtoEndFlow_UserName].	[MsgId: MMSG-13876]
Notify: Getting new value for parameter 'PetStoreEndtoEndFlow_UserName': table = 'UserCredentilas1.dat' column = '0' row = '1'.	[MsgId: MMSG-13877]
Notify: Next row for parameter PetStoreEndtoEndFlow_pass = 1 [table  = PetStoreEndtoEndFlow_pass].	[MsgId: MMSG-13876]
Notify: Getting new value for parameter 'PetStoreEndtoEndFlow_pass': table = 'UserCredentilas3.dat' column = '0' row = '1'.	[MsgId: MMSG-13877]
Notify: Next row for parameter pass = 1 [table  = pass].	[MsgId: MMSG-13876]
Notify: Getting new value for parameter 'pass': table = 'UserName.dat' column = '0' row = '1'.	[MsgId: MMSG-13877]
Starting action Login.	[MsgId: MMSG-15919]
Registration.c(15): Notify: Transaction "PetStore_ClickOnRegistration_T01" started.	[MsgId: MMSG-16999]
Registration.c(17): web_reg_find started  	[MsgId: MMSG-26355]
Registration.c(17): Registering web_reg_find was successful  	[MsgId: MMSG-26390]
Registration.c(20): web_link("Register Now!") started  	[MsgId: MMSG-26355]
Registration.c(20): Error -27985: There is no context for HTML-based functions. A previous function may not have used "Mode=HTML" or downloaded only non-HTML page(s), or the context has been reset (e.g., due to a GUI-based function)  	[MsgId: MERR-27985]
Registration.c(20): Warning -26379: Pending web_reg_save_param/web_reg_find/web_create_html_param/web_create_html_param_ex request(s) are deleted and will be handled as "not found"  	[MsgId: MWAR-26379]
Registration.c(20): Error -26366: "Text=User Information" not found for web_reg_find  	[MsgId: MERR-26366]
Registration.c(20): Error -26374: The above "not found" error(s) may be explained by header and body byte counts being 0 and 0, respectively.  	[MsgId: MERR-26374]
Registration.c(20): web_link("Register Now!") highest severity level was "ERROR", 0 body bytes, 0 header bytes  	[MsgId: MMSG-26388]
Registration.c(20): Notify: Transaction "PetStore_ClickOnRegistration_T01" ended with a "Fail" status (Duration: 0.0010).	[MsgId: MMSG-16873]
Registration.c(20): Notify: Transaction "PetStore_ClickOnRegistration_T01" has 3 error message(s).	[MsgId: MMSG-16818]
Registration.c(20): Notify: The 1st error message associated with transaction "PetStore_ClickOnRegistration_T01" is "Error -27985: There is no context for HTML-based functions. A previous function may not have used "Mode=HTML" or downloaded only non-HTML page(s), or the context has been reset (e.g., due to a GUI-based function)"	[MsgId: MMSG-16819]
Registration.c(20): Notify: The 2nd error message associated with transaction "PetStore_ClickOnRegistration_T01" is "Error -26366: "Text=User Information" not found for web_reg_find"	[MsgId: MMSG-16819]
Registration.c(20): Notify: The 3rd error message associated with transaction "PetStore_ClickOnRegistration_T01" is "Error -26374: The above "not found" error(s) may be explained by header and body byte counts being 0 and 0, respectively."	[MsgId: MMSG-16819]
Ending action Login.	[MsgId: MMSG-15918]
Ending iteration 4.	[MsgId: MMSG-15965]
Waiting 8.2530 seconds for iteration pacing.	[MsgId: MMSG-15996]
Starting iteration 1.	[MsgId: MMSG-15968]
Warning -27077: The "vuser_init" section contains web function(s) when the "Simulate a new user on each iteration" Runtime Setting is ON.  This may produce unpredictable results with multiple iterations  	[MsgId: MWAR-27077]
Maximum number of concurrent connections per server: 6  	[MsgId: MMSG-26989]
Starting action Login.	[MsgId: MMSG-15919]
Registration.c(15): Notify: Transaction "PetStore_ClickOnRegistration_T01" started.	[MsgId: MMSG-16999]
Registration.c(17): web_reg_find started  	[MsgId: MMSG-26355]
Registration.c(17): Registering web_reg_find was successful  	[MsgId: MMSG-26390]
Registration.c(20): web_link("Register Now!") started  	[MsgId: MMSG-26355]
Registration.c(20): Linking to "https://petstore.octoperf.com/actions/Account.action?newAccountForm=", Target Frame=""  	[MsgId: MMSG-27994]
Registration.c(20): Resource "https://petstore.octoperf.com/css/jpetstore.css" is in the cache already and will not be downloaded again  	[MsgId: MMSG-26655]
Registration.c(20): Resource "https://petstore.octoperf.com/images/logo-topbar.svg" is in the cache already and will not be downloaded again  	[MsgId: MMSG-26655]
Registration.c(20): Resource "https://petstore.octoperf.com/images/cart.gif" is in the cache already and will not be downloaded again  	[MsgId: MMSG-26655]
Registration.c(20): Resource "https://petstore.octoperf.com/images/separator.gif" is in the cache already and will not be downloaded again  	[MsgId: MMSG-26655]
Registration.c(20): Resource "https://petstore.octoperf.com/images/sm_fish.gif" is in the cache already and will not be downloaded again  	[MsgId: MMSG-26655]
Registration.c(20): Resource "https://petstore.octoperf.com/images/sm_dogs.gif" is in the cache already and will not be downloaded again  	[MsgId: MMSG-26655]
Registration.c(20): Resource "https://petstore.octoperf.com/images/sm_reptiles.gif" is in the cache already and will not be downloaded again  	[MsgId: MMSG-26655]
Registration.c(20): Resource "https://petstore.octoperf.com/images/sm_cats.gif" is in the cache already and will not be downloaded again  	[MsgId: MMSG-26655]
Registration.c(20): Resource "https://petstore.octoperf.com/images/sm_birds.gif" is in the cache already and will not be downloaded again  	[MsgId: MMSG-26655]
Registration.c(20): Registered web_reg_find successful for "Text=User Information" (count=1)  	[MsgId: MMSG-26364]
Registration.c(20): web_link("Register Now!") was successful, 5821 body bytes, 225 header bytes  	[MsgId: MMSG-26386]
Registration.c(25): Notify: Transaction "PetStore_ClickOnRegistration_T01" ended with a "Pass" status (Duration: 0.1271 Wasted Time: 0.0000).	[MsgId: MMSG-16871]
Registration.c(27): lr_think_time: 4.75 seconds (recorded think time was 5.00 seconds).	[MsgId: MMSG-15947]
Starting iteration 2.	[MsgId: MMSG-15968]
Notify: Next row for parameter UserName = 1 [table  = UserName].	[MsgId: MMSG-13876]
Notify: Getting new value for parameter 'UserName': table = 'UserName.dat' column = '0' row = '1'.	[MsgId: MMSG-13877]
Notify: Next row for parameter PetStoreEndtoEndFlow_UserName = 1 [table  = PetStoreEndtoEndFlow_UserName].	[MsgId: MMSG-13876]
Notify: Getting new value for parameter 'PetStoreEndtoEndFlow_UserName': table = 'UserCredentilas1.dat' column = '0' row = '1'.	[MsgId: MMSG-13877]
Notify: Next row for parameter PetStoreEndtoEndFlow_pass = 1 [table  = PetStoreEndtoEndFlow_pass].	[MsgId: MMSG-13876]
Notify: Getting new value for parameter 'PetStoreEndtoEndFlow_pass': table = 'UserCredentilas3.dat' column = '0' row = '1'.	[MsgId: MMSG-13877]
Notify: Next row for parameter pass = 1 [table  = pass].	[MsgId: MMSG-13876]
Notify: Getting new value for parameter 'pass': table = 'UserName.dat' column = '0' row = '1'.	[MsgId: MMSG-13877]
Starting action Login.	[MsgId: MMSG-15919]
Registration.c(15): Notify: Transaction "PetStore_ClickOnRegistration_T01" started.	[MsgId: MMSG-16999]
Registration.c(17): web_reg_find started  	[MsgId: MMSG-26355]
Registration.c(17): Registering web_reg_find was successful  	[MsgId: MMSG-26390]
Registration.c(20): web_link("Register Now!") started  	[MsgId: MMSG-26355]
Registration.c(20): Error -27985: There is no context for HTML-based functions. A previous function may not have used "Mode=HTML" or downloaded only non-HTML page(s), or the context has been reset (e.g., due to a GUI-based function)  	[MsgId: MERR-27985]
Registration.c(20): Warning -26379: Pending web_reg_save_param/web_reg_find/web_create_html_param/web_create_html_param_ex request(s) are deleted and will be handled as "not found"  	[MsgId: MWAR-26379]
Registration.c(20): Error -26366: "Text=User Information" not found for web_reg_find  	[MsgId: MERR-26366]
Registration.c(20): Error -26374: The above "not found" error(s) may be explained by header and body byte counts being 0 and 0, respectively.  	[MsgId: MERR-26374]
Registration.c(20): web_link("Register Now!") highest severity level was "ERROR", 0 body bytes, 0 header bytes  	[MsgId: MMSG-26388]
Registration.c(20): Notify: Transaction "PetStore_ClickOnRegistration_T01" ended with a "Fail" status (Duration: 0.0011).	[MsgId: MMSG-16873]
Registration.c(20): Notify: Transaction "PetStore_ClickOnRegistration_T01" has 3 error message(s).	[MsgId: MMSG-16818]
Registration.c(20): Notify: The 1st error message associated with transaction "PetStore_ClickOnRegistration_T01" is "Error -27985: There is no context for HTML-based functions. A previous function may not have used "Mode=HTML" or downloaded only non-HTML page(s), or the context has been reset (e.g., due to a GUI-based function)"	[MsgId: MMSG-16819]
Registration.c(20): Notify: The 2nd error message associated with transaction "PetStore_ClickOnRegistration_T01" is "Error -26366: "Text=User Information" not found for web_reg_find"	[MsgId: MMSG-16819]
Registration.c(20): Notify: The 3rd error message associated with transaction "PetStore_ClickOnRegistration_T01" is "Error -26374: The above "not found" error(s) may be explained by header and body byte counts being 0 and 0, respectively."	[MsgId: MMSG-16819]
Ending action Login.	[MsgId: MMSG-15918]
Ending iteration 2.	[MsgId: MMSG-15965]
Waiting 7.4120 seconds for iteration pacing.	[MsgId: MMSG-15996]
Login.c(17): Notify: Transaction "PetStore_Login_T01" started.	[MsgId: MMSG-16999]
Login.c(18): web_reg_find started  	[MsgId: MMSG-26355]
Login.c(18): Registering web_reg_find was successful  	[MsgId: MMSG-26390]
Login.c(20): web_reg_save_param_regexp started  	[MsgId: MMSG-26355]
Login.c(20): Registering web_reg_save_param_regexp was successful  	[MsgId: MMSG-26390]
Login.c(26): web_submit_form("Account.action") started  	[MsgId: MMSG-26355]
Login.c(26): Notify: Parameter Substitution: parameter "randomUsername" =  "UOIV"	[MsgId: MMSG-13992]
Login.c(26): Notify: Parameter Substitution: parameter "randompass" =  "iyvu"	[MsgId: MMSG-13992]
Login.c(26): Submitting form to "https://petstore.octoperf.com/actions/Account.action", Target Frame=""  	[MsgId: MMSG-27978]
AddToCard.c(88): Notify: Transaction "PetStore_AddToCard_T04" started.	[MsgId: MMSG-16999]
AddToCard.c(90): web_reg_find started  	[MsgId: MMSG-26355]
AddToCard.c(90): Registering web_reg_find was successful  	[MsgId: MMSG-26390]
AddToCard.c(94): web_link("Add to Cart") started  	[MsgId: MMSG-26355]
AddToCard.c(94): Linking to "https://petstore.octoperf.com/actions/Cart.action?addItemToCart=&workingItemId=EST-15", Target Frame=""  	[MsgId: MMSG-27994]
Login.c(26): Redirecting "https://petstore.octoperf.com/actions/Account.action" (redirection depth is 0)  	[MsgId: MMSG-26694]
Login.c(26): To location "https://petstore.octoperf.com/actions/Catalog.action"  	[MsgId: MMSG-26693]
Login.c(26): Resource "https://petstore.octoperf.com/css/jpetstore.css" is in the cache already and will not be downloaded again  	[MsgId: MMSG-26655]
Login.c(26): Resource "https://petstore.octoperf.com/images/logo-topbar.svg" is in the cache already and will not be downloaded again  	[MsgId: MMSG-26655]
Login.c(26): Resource "https://petstore.octoperf.com/images/cart.gif" is in the cache already and will not be downloaded again  	[MsgId: MMSG-26655]
Login.c(26): Resource "https://petstore.octoperf.com/images/separator.gif" is in the cache already and will not be downloaded again  	[MsgId: MMSG-26655]
Login.c(26): Resource "https://petstore.octoperf.com/images/sm_fish.gif" is in the cache already and will not be downloaded again  	[MsgId: MMSG-26655]
Login.c(26): Resource "https://petstore.octoperf.com/images/sm_dogs.gif" is in the cache already and will not be downloaded again  	[MsgId: MMSG-26655]
Login.c(26): Resource "https://petstore.octoperf.com/images/sm_reptiles.gif" is in the cache already and will not be downloaded again  	[MsgId: MMSG-26655]
Login.c(26): Resource "https://petstore.octoperf.com/images/sm_cats.gif" is in the cache already and will not be downloaded again  	[MsgId: MMSG-26655]
Login.c(26): Resource "https://petstore.octoperf.com/images/sm_birds.gif" is in the cache already and will not be downloaded again  	[MsgId: MMSG-26655]
Login.c(26): Resource "https://petstore.octoperf.com/images/fish_icon.gif" is in the cache already and will not be downloaded again  	[MsgId: MMSG-26655]
Login.c(26): Resource "https://petstore.octoperf.com/images/dogs_icon.gif" is in the cache already and will not be downloaded again  	[MsgId: MMSG-26655]
Login.c(26): Resource "https://petstore.octoperf.com/images/cats_icon.gif" is in the cache already and will not be downloaded again  	[MsgId: MMSG-26655]
Login.c(26): Resource "https://petstore.octoperf.com/images/reptiles_icon.gif" is in the cache already and will not be downloaded again  	[MsgId: MMSG-26655]
Login.c(26): Resource "https://petstore.octoperf.com/images/birds_icon.gif" is in the cache already and will not be downloaded again  	[MsgId: MMSG-26655]
Login.c(26): Resource "https://petstore.octoperf.com/images/splash.gif" is in the cache already and will not be downloaded again  	[MsgId: MMSG-26655]
Login.c(26): Found resource "https://petstore.octoperf.com/images/banner_fish.gif" in HTML "https://petstore.octoperf.com/actions/Catalog.action"  	[MsgId: MMSG-26659]
Login.c(26): Notify: Saving Parameter "ProductName_1 = BIRDS".	[MsgId: MMSG-13798]
Login.c(26): Notify: Saving Parameter "ProductName_2 = FISH".	[MsgId: MMSG-13798]
Login.c(26): Notify: Saving Parameter "ProductName_3 = DOGS".	[MsgId: MMSG-13798]
Login.c(26): Notify: Saving Parameter "ProductName_4 = REPTILES".	[MsgId: MMSG-13798]
Login.c(26): Notify: Saving Parameter "ProductName_5 = CATS".	[MsgId: MMSG-13798]
Login.c(26): Notify: Saving Parameter "ProductName_6 = BIRDS".	[MsgId: MMSG-13798]
AddToCard.c(94): Resource "https://petstore.octoperf.com/css/jpetstore.css" is in the cache already and will not be downloaded again  	[MsgId: MMSG-26655]
AddToCard.c(94): Resource "https://petstore.octoperf.com/images/logo-topbar.svg" is in the cache already and will not be downloaded again  	[MsgId: MMSG-26655]
AddToCard.c(94): Resource "https://petstore.octoperf.com/images/cart.gif" is in the cache already and will not be downloaded again  	[MsgId: MMSG-26655]
AddToCard.c(94): Resource "https://petstore.octoperf.com/images/separator.gif" is in the cache already and will not be downloaded again  	[MsgId: MMSG-26655]
AddToCard.c(94): Resource "https://petstore.octoperf.com/images/sm_fish.gif" is in the cache already and will not be downloaded again  	[MsgId: MMSG-26655]
AddToCard.c(94): Resource "https://petstore.octoperf.com/images/sm_dogs.gif" is in the cache already and will not be downloaded again  	[MsgId: MMSG-26655]
AddToCard.c(94): Resource "https://petstore.octoperf.com/images/sm_reptiles.gif" is in the cache already and will not be downloaded again  	[MsgId: MMSG-26655]
AddToCard.c(94): Resource "https://petstore.octoperf.com/images/sm_cats.gif" is in the cache already and will not be downloaded again  	[MsgId: MMSG-26655]
AddToCard.c(94): Resource "https://petstore.octoperf.com/images/sm_birds.gif" is in the cache already and will not be downloaded again  	[MsgId: MMSG-26655]
AddToCard.c(94): Resource "https://petstore.octoperf.com/images/banner_fish.gif" is in the cache already and will not be downloaded again  	[MsgId: MMSG-26655]
AddToCard.c(94): Registered web_reg_find successful for "Text=Shopping Cart" (count=1)  	[MsgId: MMSG-26364]
AddToCard.c(94): web_link("Add to Cart") was successful, 4631 body bytes, 225 header bytes  	[MsgId: MMSG-26386]
AddToCard.c(99): Notify: Transaction "PetStore_AddToCard_T04" ended with a "Pass" status (Duration: 0.1298 Wasted Time: 0.0000).	[MsgId: MMSG-16871]
RemoveTheProduct.c(7): Notify: Transaction "PetStore_ClickOnViewCartR_T01" started.	[MsgId: MMSG-16999]
RemoveTheProduct.c(8): web_reg_find started  	[MsgId: MMSG-26355]
RemoveTheProduct.c(8): Registering web_reg_find was successful  	[MsgId: MMSG-26390]
RemoveTheProduct.c(10): web_image("cart.gif") started  	[MsgId: MMSG-26355]
RemoveTheProduct.c(10): Image-linking to "https://petstore.octoperf.com/actions/Cart.action?viewCart=", Target Frame=""  	[MsgId: MMSG-27993]
Login.c(26): Notify: Saving Parameter "ProductName_count = 6".	[MsgId: MMSG-13798]
Login.c(26): Registered web_reg_find successful for "Text=My Account" (count=1)  	[MsgId: MMSG-26364]
Login.c(26): web_submit_form("Account.action") was successful, 11416 body bytes, 727 header bytes  	[MsgId: MMSG-26386]
Login.c(34): Notify: Transaction "PetStore_Login_T01" ended with a "Pass" status (Duration: 0.4978 Wasted Time: 0.0005).	[MsgId: MMSG-16871]
Ending action Login.	[MsgId: MMSG-15918]
Starting action RemoveTheProduct.	[MsgId: MMSG-15919]
AddToCard.c(8): Notify: Transaction "PetStore_AddAproduct_T01" started.	[MsgId: MMSG-16999]
AddToCard.c(11): Notify: Parameter Substitution: parameter "ProductName_count" =  "6"	[MsgId: MMSG-13992]
AddToCard.c(12): Notify: Parameter Substitution: parameter "ProductName_2" =  "FISH"	[MsgId: MMSG-13992]
AddToCard.c(14): Notify: Saving Parameter "RandCategory = FISH".	[MsgId: MMSG-13798]
AddToCard.c(15): Notify: Parameter Substitution: parameter "RandCategory" =  "FISH"	[MsgId: MMSG-13992]
AddToCard.c(15): Random category selected in Action2 = FISH	[MsgId: MMSG-17999]
AddToCard.c(17): web_reg_find started  	[MsgId: MMSG-26355]
AddToCard.c(17): Notify: Parameter Substitution: parameter "RandCategory" =  "FISH"	[MsgId: MMSG-13992]
AddToCard.c(17): Registering web_reg_find was successful  	[MsgId: MMSG-26390]
AddToCard.c(20): web_reg_save_param_regexp started  	[MsgId: MMSG-26355]
AddToCard.c(20): Registering web_reg_save_param_regexp was successful  	[MsgId: MMSG-26390]
AddToCard.c(27): web_url("Catalog.action_2") started  	[MsgId: MMSG-26355]
AddToCard.c(27): Notify: Parameter Substitution: parameter "RandCategory" =  "FISH"	[MsgId: MMSG-13992]
RemoveTheProduct.c(10): Resource "https://petstore.octoperf.com/css/jpetstore.css" is in the cache already and will not be downloaded again  	[MsgId: MMSG-26655]
RemoveTheProduct.c(10): Resource "https://petstore.octoperf.com/images/logo-topbar.svg" is in the cache already and will not be downloaded again  	[MsgId: MMSG-26655]
RemoveTheProduct.c(10): Resource "https://petstore.octoperf.com/images/cart.gif" is in the cache already and will not be downloaded again  	[MsgId: MMSG-26655]
RemoveTheProduct.c(10): Resource "https://petstore.octoperf.com/images/separator.gif" is in the cache already and will not be downloaded again  	[MsgId: MMSG-26655]
RemoveTheProduct.c(10): Resource "https://petstore.octoperf.com/images/sm_fish.gif" is in the cache already and will not be downloaded again  	[MsgId: MMSG-26655]
RemoveTheProduct.c(10): Resource "https://petstore.octoperf.com/images/sm_dogs.gif" is in the cache already and will not be downloaded again  	[MsgId: MMSG-26655]
RemoveTheProduct.c(10): Resource "https://petstore.octoperf.com/images/sm_reptiles.gif" is in the cache already and will not be downloaded again  	[MsgId: MMSG-26655]
RemoveTheProduct.c(10): Resource "https://petstore.octoperf.com/images/sm_cats.gif" is in the cache already and will not be downloaded again  	[MsgId: MMSG-26655]
RemoveTheProduct.c(10): Resource "https://petstore.octoperf.com/images/sm_birds.gif" is in the cache already and will not be downloaded again  	[MsgId: MMSG-26655]
RemoveTheProduct.c(10): Resource "https://petstore.octoperf.com/images/banner_fish.gif" is in the cache already and will not be downloaded again  	[MsgId: MMSG-26655]
RemoveTheProduct.c(10): Registered web_reg_find successful for "Text=Shopping Cart" (count=1)  	[MsgId: MMSG-26364]
RemoveTheProduct.c(10): web_image("cart.gif") was successful, 4631 body bytes, 225 header bytes  	[MsgId: MMSG-26386]
RemoveTheProduct.c(14): Notify: Transaction "PetStore_ClickOnViewCartR_T01" ended with a "Pass" status (Duration: 0.1288 Wasted Time: 0.0000).	[MsgId: MMSG-16871]
RemoveTheProduct.c(16): lr_think_time: 2.72 seconds (recorded think time was 5.00 seconds).	[MsgId: MMSG-15947]
AddToCard.c(27): Resource "https://petstore.octoperf.com/css/jpetstore.css" is in the cache already and will not be downloaded again  	[MsgId: MMSG-26655]
AddToCard.c(27): Resource "https://petstore.octoperf.com/images/logo-topbar.svg" is in the cache already and will not be downloaded again  	[MsgId: MMSG-26655]
AddToCard.c(27): Resource "https://petstore.octoperf.com/images/cart.gif" is in the cache already and will not be downloaded again  	[MsgId: MMSG-26655]
AddToCard.c(27): Resource "https://petstore.octoperf.com/images/separator.gif" is in the cache already and will not be downloaded again  	[MsgId: MMSG-26655]
AddToCard.c(27): Resource "https://petstore.octoperf.com/images/sm_fish.gif" is in the cache already and will not be downloaded again  	[MsgId: MMSG-26655]
AddToCard.c(27): Resource "https://petstore.octoperf.com/images/sm_dogs.gif" is in the cache already and will not be downloaded again  	[MsgId: MMSG-26655]
AddToCard.c(27): Resource "https://petstore.octoperf.com/images/sm_reptiles.gif" is in the cache already and will not be downloaded again  	[MsgId: MMSG-26655]
AddToCard.c(27): Resource "https://petstore.octoperf.com/images/sm_cats.gif" is in the cache already and will not be downloaded again  	[MsgId: MMSG-26655]
AddToCard.c(27): Resource "https://petstore.octoperf.com/images/sm_birds.gif" is in the cache already and will not be downloaded again  	[MsgId: MMSG-26655]
AddToCard.c(27): Resource "https://petstore.octoperf.com/images/banner_fish.gif" is in the cache already and will not be downloaded again  	[MsgId: MMSG-26655]
AddToCard.c(27): Notify: Saving Parameter "productId_1 = FI-SW-01".	[MsgId: MMSG-13798]
AddToCard.c(27): Notify: Saving Parameter "productId_2 = FI-SW-02".	[MsgId: MMSG-13798]
AddToCard.c(27): Notify: Saving Parameter "productId_3 = FI-FW-01".	[MsgId: MMSG-13798]
AddToCard.c(27): Notify: Saving Parameter "productId_4 = FI-FW-02".	[MsgId: MMSG-13798]
AddToCard.c(27): Notify: Saving Parameter "productId_count = 4".	[MsgId: MMSG-13798]
AddToCard.c(27): Registered web_reg_find successful for "Text=FISH" (count=1)  	[MsgId: MMSG-26364]
AddToCard.c(27): web_url("Catalog.action_2") was successful, 3887 body bytes, 225 header bytes  	[MsgId: MMSG-26386]
AddToCard.c(36): Notify: Transaction "PetStore_AddAproduct_T01" ended with a "Pass" status (Duration: 0.1259 Wasted Time: 0.0003).	[MsgId: MMSG-16871]
AddToCard.c(38): lr_think_time: 3.12 seconds (recorded think time was 5.00 seconds).	[MsgId: MMSG-15947]
AddToCard.c(40): Notify: Transaction "PetStore_SelectProductId_T02" started.	[MsgId: MMSG-16999]
AddToCard.c(43): Notify: Parameter Substitution: parameter "productId_count" =  "4"	[MsgId: MMSG-13992]
AddToCard.c(44): Notify: Parameter Substitution: parameter "productId_3" =  "FI-FW-01"	[MsgId: MMSG-13992]
AddToCard.c(46): Notify: Saving Parameter "RandproductId = FI-FW-01".	[MsgId: MMSG-13798]
AddToCard.c(47): Notify: Parameter Substitution: parameter "RandproductId" =  "FI-FW-01"	[MsgId: MMSG-13992]
AddToCard.c(47): Random category selected in Action2 = FI-FW-01	[MsgId: MMSG-17999]
AddToCard.c(49): web_reg_find started  	[MsgId: MMSG-26355]
AddToCard.c(49): Notify: Parameter Substitution: parameter "RandproductId" =  "FI-FW-01"	[MsgId: MMSG-13992]
AddToCard.c(49): Registering web_reg_find was successful  	[MsgId: MMSG-26390]
AddToCard.c(51): web_reg_save_param_regexp started  	[MsgId: MMSG-26355]
AddToCard.c(51): Registering web_reg_save_param_regexp was successful  	[MsgId: MMSG-26390]
AddToCard.c(58): web_link("{RandproductId}") started  	[MsgId: MMSG-26355]
AddToCard.c(58): Notify: Parameter Substitution: parameter "RandproductId" =  "FI-FW-01"	[MsgId: MMSG-13992]
AddToCard.c(58): Linking to "https://petstore.octoperf.com/actions/Catalog.action?viewProduct=&productId=FI-FW-01", Target Frame=""  	[MsgId: MMSG-27994]
AddToCard.c(58): Resource "https://petstore.octoperf.com/css/jpetstore.css" is in the cache already and will not be downloaded again  	[MsgId: MMSG-26655]
AddToCard.c(58): Resource "https://petstore.octoperf.com/images/logo-topbar.svg" is in the cache already and will not be downloaded again  	[MsgId: MMSG-26655]
AddToCard.c(58): Resource "https://petstore.octoperf.com/images/cart.gif" is in the cache already and will not be downloaded again  	[MsgId: MMSG-26655]
AddToCard.c(58): Resource "https://petstore.octoperf.com/images/separator.gif" is in the cache already and will not be downloaded again  	[MsgId: MMSG-26655]
AddToCard.c(58): Resource "https://petstore.octoperf.com/images/sm_fish.gif" is in the cache already and will not be downloaded again  	[MsgId: MMSG-26655]
AddToCard.c(58): Resource "https://petstore.octoperf.com/images/sm_dogs.gif" is in the cache already and will not be downloaded again  	[MsgId: MMSG-26655]
AddToCard.c(58): Resource "https://petstore.octoperf.com/images/sm_reptiles.gif" is in the cache already and will not be downloaded again  	[MsgId: MMSG-26655]
AddToCard.c(58): Resource "https://petstore.octoperf.com/images/sm_cats.gif" is in the cache already and will not be downloaded again  	[MsgId: MMSG-26655]
AddToCard.c(58): Resource "https://petstore.octoperf.com/images/sm_birds.gif" is in the cache already and will not be downloaded again  	[MsgId: MMSG-26655]
AddToCard.c(58): Resource "https://petstore.octoperf.com/images/banner_fish.gif" is in the cache already and will not be downloaded again  	[MsgId: MMSG-26655]
AddToCard.c(58): Notify: Saving Parameter "itemId_1 = EST-4".	[MsgId: MMSG-13798]
AddToCard.c(58): Notify: Saving Parameter "itemId_2 = EST-5".	[MsgId: MMSG-13798]
AddToCard.c(58): Notify: Saving Parameter "itemId_count = 2".	[MsgId: MMSG-13798]
AddToCard.c(58): Registered web_reg_find successful for "Text=FI-FW-01" (count=2)  	[MsgId: MMSG-26364]
AddToCard.c(58): web_link("{RandproductId}") was successful, 4050 body bytes, 225 header bytes  	[MsgId: MMSG-26386]
AddToCard.c(63): Notify: Transaction "PetStore_SelectProductId_T02" ended with a "Pass" status (Duration: 0.1312 Wasted Time: 0.0002).	[MsgId: MMSG-16871]
AddToCard.c(65): lr_think_time: 4.01 seconds (recorded think time was 5.00 seconds).	[MsgId: MMSG-15947]
Registration.c(109): Notify: Transaction "PetStore_SignOut_T03" started.	[MsgId: MMSG-16999]
Registration.c(111): web_reg_find started  	[MsgId: MMSG-26355]
Registration.c(111): Registering web_reg_find was successful  	[MsgId: MMSG-26390]
Registration.c(114): web_url("Account.action_2") started  	[MsgId: MMSG-26355]
Registration.c(114): Redirecting "https://petstore.octoperf.com/actions/Account.action?signoff=" (redirection depth is 0)  	[MsgId: MMSG-26694]
Registration.c(114): To location "https://petstore.octoperf.com/actions/Catalog.action"  	[MsgId: MMSG-26693]
Registration.c(114): Resource "https://petstore.octoperf.com/css/jpetstore.css" is in the cache already and will not be downloaded again  	[MsgId: MMSG-26655]
Registration.c(114): Resource "https://petstore.octoperf.com/images/logo-topbar.svg" is in the cache already and will not be downloaded again  	[MsgId: MMSG-26655]
Registration.c(114): Resource "https://petstore.octoperf.com/images/cart.gif" is in the cache already and will not be downloaded again  	[MsgId: MMSG-26655]
Registration.c(114): Resource "https://petstore.octoperf.com/images/separator.gif" is in the cache already and will not be downloaded again  	[MsgId: MMSG-26655]
Registration.c(114): Resource "https://petstore.octoperf.com/images/sm_fish.gif" is in the cache already and will not be downloaded again  	[MsgId: MMSG-26655]
Registration.c(114): Resource "https://petstore.octoperf.com/images/sm_dogs.gif" is in the cache already and will not be downloaded again  	[MsgId: MMSG-26655]
Registration.c(114): Resource "https://petstore.octoperf.com/images/sm_reptiles.gif" is in the cache already and will not be downloaded again  	[MsgId: MMSG-26655]
Registration.c(114): Resource "https://petstore.octoperf.com/images/sm_cats.gif" is in the cache already and will not be downloaded again  	[MsgId: MMSG-26655]
Registration.c(114): Resource "https://petstore.octoperf.com/images/sm_birds.gif" is in the cache already and will not be downloaded again  	[MsgId: MMSG-26655]
Registration.c(114): Resource "https://petstore.octoperf.com/images/fish_icon.gif" is in the cache already and will not be downloaded again  	[MsgId: MMSG-26655]
Registration.c(114): Resource "https://petstore.octoperf.com/images/dogs_icon.gif" is in the cache already and will not be downloaded again  	[MsgId: MMSG-26655]
Registration.c(114): Resource "https://petstore.octoperf.com/images/cats_icon.gif" is in the cache already and will not be downloaded again  	[MsgId: MMSG-26655]
Registration.c(114): Resource "https://petstore.octoperf.com/images/reptiles_icon.gif" is in the cache already and will not be downloaded again  	[MsgId: MMSG-26655]
Registration.c(114): Resource "https://petstore.octoperf.com/images/birds_icon.gif" is in the cache already and will not be downloaded again  	[MsgId: MMSG-26655]
Registration.c(114): Resource "https://petstore.octoperf.com/images/splash.gif" is in the cache already and will not be downloaded again  	[MsgId: MMSG-26655]
Registration.c(114): Registered web_reg_find successful for "Text=Sign In" (count=1)  	[MsgId: MMSG-26364]
Registration.c(114): web_url("Account.action_2") was successful, 4736 body bytes, 518 header bytes  	[MsgId: MMSG-26386]
Registration.c(123): Notify: Transaction "PetStore_SignOut_T03" ended with a "Pass" status (Duration: 0.2517 Wasted Time: 0.0000).	[MsgId: MMSG-16871]
Login.c(4): Notify: Transaction "PetStore_ClickOnSignIn_T01" started.	[MsgId: MMSG-16999]
Login.c(6): web_reg_find started  	[MsgId: MMSG-26355]
Login.c(6): Registering web_reg_find was successful  	[MsgId: MMSG-26390]
Login.c(9): web_link("Sign In") started  	[MsgId: MMSG-26355]
Login.c(9): Linking to "https://petstore.octoperf.com/actions/Account.action?signonForm=", Target Frame=""  	[MsgId: MMSG-27994]
Login.c(9): Resource "https://petstore.octoperf.com/css/jpetstore.css" is in the cache already and will not be downloaded again  	[MsgId: MMSG-26655]
Login.c(9): Resource "https://petstore.octoperf.com/images/logo-topbar.svg" is in the cache already and will not be downloaded again  	[MsgId: MMSG-26655]
Login.c(9): Resource "https://petstore.octoperf.com/images/cart.gif" is in the cache already and will not be downloaded again  	[MsgId: MMSG-26655]
Login.c(9): Resource "https://petstore.octoperf.com/images/separator.gif" is in the cache already and will not be downloaded again  	[MsgId: MMSG-26655]
Login.c(9): Resource "https://petstore.octoperf.com/images/sm_fish.gif" is in the cache already and will not be downloaded again  	[MsgId: MMSG-26655]
Login.c(9): Resource "https://petstore.octoperf.com/images/sm_dogs.gif" is in the cache already and will not be downloaded again  	[MsgId: MMSG-26655]
Login.c(9): Resource "https://petstore.octoperf.com/images/sm_reptiles.gif" is in the cache already and will not be downloaded again  	[MsgId: MMSG-26655]
Login.c(9): Resource "https://petstore.octoperf.com/images/sm_cats.gif" is in the cache already and will not be downloaded again  	[MsgId: MMSG-26655]
Login.c(9): Resource "https://petstore.octoperf.com/images/sm_birds.gif" is in the cache already and will not be downloaded again  	[MsgId: MMSG-26655]
Login.c(9): Registered web_reg_find successful for "Text=Please enter your username and password" (count=1)  	[MsgId: MMSG-26364]
Login.c(9): web_link("Sign In") was successful, 3856 body bytes, 225 header bytes  	[MsgId: MMSG-26386]
Login.c(13): Notify: Transaction "PetStore_ClickOnSignIn_T01" ended with a "Pass" status (Duration: 0.1268 Wasted Time: 0.0000).	[MsgId: MMSG-16871]
Login.c(15): lr_think_time: 2.77 seconds (recorded think time was 5.00 seconds).	[MsgId: MMSG-15947]
RemoveTheProduct.c(18): Notify: Transaction "PetStore_ClickOnRemove_T02" started.	[MsgId: MMSG-16999]
RemoveTheProduct.c(20): web_reg_find started  	[MsgId: MMSG-26355]
RemoveTheProduct.c(20): Registering web_reg_find was successful  	[MsgId: MMSG-26390]
RemoveTheProduct.c(23): web_link("Remove") started  	[MsgId: MMSG-26355]
RemoveTheProduct.c(23): Linking to "https://petstore.octoperf.com/actions/Cart.action?removeItemFromCart=&workingItemId=EST-15", Target Frame=""  	[MsgId: MMSG-27994]
RemoveTheProduct.c(23): Resource "https://petstore.octoperf.com/css/jpetstore.css" is in the cache already and will not be downloaded again  	[MsgId: MMSG-26655]
RemoveTheProduct.c(23): Resource "https://petstore.octoperf.com/images/logo-topbar.svg" is in the cache already and will not be downloaded again  	[MsgId: MMSG-26655]
RemoveTheProduct.c(23): Resource "https://petstore.octoperf.com/images/cart.gif" is in the cache already and will not be downloaded again  	[MsgId: MMSG-26655]
RemoveTheProduct.c(23): Resource "https://petstore.octoperf.com/images/separator.gif" is in the cache already and will not be downloaded again  	[MsgId: MMSG-26655]
RemoveTheProduct.c(23): Resource "https://petstore.octoperf.com/images/sm_fish.gif" is in the cache already and will not be downloaded again  	[MsgId: MMSG-26655]
RemoveTheProduct.c(23): Resource "https://petstore.octoperf.com/images/sm_dogs.gif" is in the cache already and will not be downloaded again  	[MsgId: MMSG-26655]
RemoveTheProduct.c(23): Resource "https://petstore.octoperf.com/images/sm_reptiles.gif" is in the cache already and will not be downloaded again  	[MsgId: MMSG-26655]
RemoveTheProduct.c(23): Resource "https://petstore.octoperf.com/images/sm_cats.gif" is in the cache already and will not be downloaded again  	[MsgId: MMSG-26655]
RemoveTheProduct.c(23): Resource "https://petstore.octoperf.com/images/sm_birds.gif" is in the cache already and will not be downloaded again  	[MsgId: MMSG-26655]
RemoveTheProduct.c(23): Resource "https://petstore.octoperf.com/images/banner_fish.gif" is in the cache already and will not be downloaded again  	[MsgId: MMSG-26655]
RemoveTheProduct.c(23): Registered web_reg_find successful for "Text=Your cart is empty." (count=1)  	[MsgId: MMSG-26364]
RemoveTheProduct.c(23): web_link("Remove") was successful, 4202 body bytes, 225 header bytes  	[MsgId: MMSG-26386]
RemoveTheProduct.c(28): Notify: Transaction "PetStore_ClickOnRemove_T02" ended with a "Pass" status (Duration: 0.1270 Wasted Time: 0.0000).	[MsgId: MMSG-16871]
Ending action RemoveTheProduct.	[MsgId: MMSG-15918]
Ending iteration 1.	[MsgId: MMSG-15965]
Waiting 9.9650 seconds for iteration pacing.	[MsgId: MMSG-15996]
Registration.c(29): Notify: Transaction "PetStore_SubmitRegistration_T02" started.	[MsgId: MMSG-16999]
Registration.c(31): web_reg_find started  	[MsgId: MMSG-26355]
Registration.c(31): Registering web_reg_find was successful  	[MsgId: MMSG-26390]
Registration.c(38): Notify: Saving Parameter "randomUsername = AQQM".	[MsgId: MMSG-13798]
Registration.c(44): Notify: Saving Parameter "randompass = oyqg".	[MsgId: MMSG-13798]
Registration.c(58): Notify: Saving Parameter "randomFirstName = chueu".	[MsgId: MMSG-13798]
Registration.c(59): Notify: Saving Parameter "randomLastName = xvaok".	[MsgId: MMSG-13798]
Registration.c(71): Notify: Saving Parameter "RandomPhone = 9228411243".	[MsgId: MMSG-13798]
Registration.c(80): Notify: Saving Parameter "RandomZip = 727622".	[MsgId: MMSG-13798]
Registration.c(83): web_submit_form("Account.action") started  	[MsgId: MMSG-26355]
Registration.c(83): Notify: Parameter Substitution: parameter "randomUsername" =  "AQQM"	[MsgId: MMSG-13992]
Registration.c(83): Notify: Parameter Substitution: parameter "randompass" =  "oyqg"	[MsgId: MMSG-13992]
Registration.c(83): Notify: Parameter Substitution: parameter "randompass" =  "oyqg"	[MsgId: MMSG-13992]
Registration.c(83): Notify: Parameter Substitution: parameter "randomFirstName" =  "chueu"	[MsgId: MMSG-13992]
Registration.c(83): Notify: Parameter Substitution: parameter "randomLastName" =  "xvaok"	[MsgId: MMSG-13992]
Registration.c(83): Notify: Parameter Substitution: parameter "randomFirstName" =  "chueu"	[MsgId: MMSG-13992]
Registration.c(83): Notify: Parameter Substitution: parameter "randomLastName" =  "xvaok"	[MsgId: MMSG-13992]
Registration.c(83): Notify: Parameter Substitution: parameter "RandomPhone" =  "9228411243"	[MsgId: MMSG-13992]
Registration.c(83): Notify: Parameter Substitution: parameter "RandomZip" =  "727622"	[MsgId: MMSG-13992]
Registration.c(83): Submitting form to "https://petstore.octoperf.com/actions/Account.action", Target Frame=""  	[MsgId: MMSG-27978]
Registration.c(83): Connection to petstore.octoperf.com:443 closed after being inactive for 64 seconds, exceeding the "HTTP Keep-Alive timeout" Runtime Setting (60 seconds). URL="[None]"  	[MsgId: MMSG-27647]
Starting iteration 1.	[MsgId: MMSG-15968]
Warning -27077: The "vuser_init" section contains web function(s) when the "Simulate a new user on each iteration" Runtime Setting is ON.  This may produce unpredictable results with multiple iterations  	[MsgId: MWAR-27077]
Maximum number of concurrent connections per server: 6  	[MsgId: MMSG-26989]
Starting action Login.	[MsgId: MMSG-15919]
Registration.c(15): Notify: Transaction "PetStore_ClickOnRegistration_T01" started.	[MsgId: MMSG-16999]
Registration.c(17): web_reg_find started  	[MsgId: MMSG-26355]
Registration.c(17): Registering web_reg_find was successful  	[MsgId: MMSG-26390]
Registration.c(20): web_link("Register Now!") started  	[MsgId: MMSG-26355]
Registration.c(20): Linking to "https://petstore.octoperf.com/actions/Account.action?newAccountForm=", Target Frame=""  	[MsgId: MMSG-27994]
AddToCard.c(40): Notify: Transaction "PetStore_SelectProductId_T02" started.	[MsgId: MMSG-16999]
AddToCard.c(43): Notify: Parameter Substitution: parameter "productId_count" =  "4"	[MsgId: MMSG-13992]
AddToCard.c(44): Notify: Parameter Substitution: parameter "productId_1" =  "FI-SW-01"	[MsgId: MMSG-13992]
AddToCard.c(46): Notify: Saving Parameter "RandproductId = FI-SW-01".	[MsgId: MMSG-13798]
AddToCard.c(47): Notify: Parameter Substitution: parameter "RandproductId" =  "FI-SW-01"	[MsgId: MMSG-13992]
AddToCard.c(47): Random category selected in Action2 = FI-SW-01	[MsgId: MMSG-17999]
AddToCard.c(49): web_reg_find started  	[MsgId: MMSG-26355]
AddToCard.c(49): Notify: Parameter Substitution: parameter "RandproductId" =  "FI-SW-01"	[MsgId: MMSG-13992]
AddToCard.c(49): Registering web_reg_find was successful  	[MsgId: MMSG-26390]
AddToCard.c(51): web_reg_save_param_regexp started  	[MsgId: MMSG-26355]
AddToCard.c(51): Registering web_reg_save_param_regexp was successful  	[MsgId: MMSG-26390]
AddToCard.c(58): web_link("{RandproductId}") started  	[MsgId: MMSG-26355]
AddToCard.c(58): Notify: Parameter Substitution: parameter "RandproductId" =  "FI-SW-01"	[MsgId: MMSG-13992]
AddToCard.c(58): Linking to "https://petstore.octoperf.com/actions/Catalog.action?viewProduct=&productId=FI-SW-01", Target Frame=""  	[MsgId: MMSG-27994]
Registration.c(20): Resource "https://petstore.octoperf.com/css/jpetstore.css" is in the cache already and will not be downloaded again  	[MsgId: MMSG-26655]
Registration.c(20): Resource "https://petstore.octoperf.com/images/logo-topbar.svg" is in the cache already and will not be downloaded again  	[MsgId: MMSG-26655]
Registration.c(20): Resource "https://petstore.octoperf.com/images/cart.gif" is in the cache already and will not be downloaded again  	[MsgId: MMSG-26655]
Registration.c(20): Resource "https://petstore.octoperf.com/images/separator.gif" is in the cache already and will not be downloaded again  	[MsgId: MMSG-26655]
Registration.c(20): Resource "https://petstore.octoperf.com/images/sm_fish.gif" is in the cache already and will not be downloaded again  	[MsgId: MMSG-26655]
Registration.c(20): Resource "https://petstore.octoperf.com/images/sm_dogs.gif" is in the cache already and will not be downloaded again  	[MsgId: MMSG-26655]
Registration.c(20): Resource "https://petstore.octoperf.com/images/sm_reptiles.gif" is in the cache already and will not be downloaded again  	[MsgId: MMSG-26655]
Registration.c(20): Resource "https://petstore.octoperf.com/images/sm_cats.gif" is in the cache already and will not be downloaded again  	[MsgId: MMSG-26655]
Registration.c(20): Resource "https://petstore.octoperf.com/images/sm_birds.gif" is in the cache already and will not be downloaded again  	[MsgId: MMSG-26655]
Registration.c(20): Registered web_reg_find successful for "Text=User Information" (count=1)  	[MsgId: MMSG-26364]
Registration.c(20): web_link("Register Now!") was successful, 5823 body bytes, 225 header bytes  	[MsgId: MMSG-26386]
Registration.c(25): Notify: Transaction "PetStore_ClickOnRegistration_T01" ended with a "Pass" status (Duration: 0.1258 Wasted Time: 0.0000).	[MsgId: MMSG-16871]
Registration.c(27): lr_think_time: 3.87 seconds (recorded think time was 5.00 seconds).	[MsgId: MMSG-15947]
AddToCard.c(58): Resource "https://petstore.octoperf.com/css/jpetstore.css" is in the cache already and will not be downloaded again  	[MsgId: MMSG-26655]
AddToCard.c(58): Resource "https://petstore.octoperf.com/images/logo-topbar.svg" is in the cache already and will not be downloaded again  	[MsgId: MMSG-26655]
AddToCard.c(58): Resource "https://petstore.octoperf.com/images/cart.gif" is in the cache already and will not be downloaded again  	[MsgId: MMSG-26655]
AddToCard.c(58): Resource "https://petstore.octoperf.com/images/separator.gif" is in the cache already and will not be downloaded again  	[MsgId: MMSG-26655]
AddToCard.c(58): Resource "https://petstore.octoperf.com/images/sm_fish.gif" is in the cache already and will not be downloaded again  	[MsgId: MMSG-26655]
AddToCard.c(58): Resource "https://petstore.octoperf.com/images/sm_dogs.gif" is in the cache already and will not be downloaded again  	[MsgId: MMSG-26655]
AddToCard.c(58): Resource "https://petstore.octoperf.com/images/sm_reptiles.gif" is in the cache already and will not be downloaded again  	[MsgId: MMSG-26655]
AddToCard.c(58): Resource "https://petstore.octoperf.com/images/sm_cats.gif" is in the cache already and will not be downloaded again  	[MsgId: MMSG-26655]
AddToCard.c(58): Resource "https://petstore.octoperf.com/images/sm_birds.gif" is in the cache already and will not be downloaded again  	[MsgId: MMSG-26655]
AddToCard.c(58): Resource "https://petstore.octoperf.com/images/banner_fish.gif" is in the cache already and will not be downloaded again  	[MsgId: MMSG-26655]
AddToCard.c(58): Notify: Saving Parameter "itemId_1 = EST-1".	[MsgId: MMSG-13798]
AddToCard.c(58): Notify: Saving Parameter "itemId_2 = EST-2".	[MsgId: MMSG-13798]
AddToCard.c(58): Notify: Saving Parameter "itemId_count = 2".	[MsgId: MMSG-13798]
AddToCard.c(58): Registered web_reg_find successful for "Text=FI-SW-01" (count=2)  	[MsgId: MMSG-26364]
AddToCard.c(58): web_link("{RandproductId}") was successful, 4063 body bytes, 225 header bytes  	[MsgId: MMSG-26386]
AddToCard.c(63): Notify: Transaction "PetStore_SelectProductId_T02" ended with a "Pass" status (Duration: 0.1306 Wasted Time: 0.0002).	[MsgId: MMSG-16871]
AddToCard.c(65): lr_think_time: 3.69 seconds (recorded think time was 5.00 seconds).	[MsgId: MMSG-15947]
Registration.c(83): Redirecting "https://petstore.octoperf.com/actions/Account.action" (redirection depth is 0)  	[MsgId: MMSG-26694]
Registration.c(83): To location "https://petstore.octoperf.com/actions/Catalog.action"  	[MsgId: MMSG-26693]
Registration.c(83): Resource "https://petstore.octoperf.com/css/jpetstore.css" is in the cache already and will not be downloaded again  	[MsgId: MMSG-26655]
Registration.c(83): Resource "https://petstore.octoperf.com/images/logo-topbar.svg" is in the cache already and will not be downloaded again  	[MsgId: MMSG-26655]
Registration.c(83): Resource "https://petstore.octoperf.com/images/cart.gif" is in the cache already and will not be downloaded again  	[MsgId: MMSG-26655]
Registration.c(83): Resource "https://petstore.octoperf.com/images/separator.gif" is in the cache already and will not be downloaded again  	[MsgId: MMSG-26655]
Registration.c(83): Resource "https://petstore.octoperf.com/images/sm_fish.gif" is in the cache already and will not be downloaded again  	[MsgId: MMSG-26655]
Registration.c(83): Resource "https://petstore.octoperf.com/images/sm_dogs.gif" is in the cache already and will not be downloaded again  	[MsgId: MMSG-26655]
Registration.c(83): Resource "https://petstore.octoperf.com/images/sm_reptiles.gif" is in the cache already and will not be downloaded again  	[MsgId: MMSG-26655]
Registration.c(83): Resource "https://petstore.octoperf.com/images/sm_cats.gif" is in the cache already and will not be downloaded again  	[MsgId: MMSG-26655]
Registration.c(83): Resource "https://petstore.octoperf.com/images/sm_birds.gif" is in the cache already and will not be downloaded again  	[MsgId: MMSG-26655]
Registration.c(83): Resource "https://petstore.octoperf.com/images/fish_icon.gif" is in the cache already and will not be downloaded again  	[MsgId: MMSG-26655]
Registration.c(83): Resource "https://petstore.octoperf.com/images/dogs_icon.gif" is in the cache already and will not be downloaded again  	[MsgId: MMSG-26655]
Registration.c(83): Resource "https://petstore.octoperf.com/images/cats_icon.gif" is in the cache already and will not be downloaded again  	[MsgId: MMSG-26655]
Registration.c(83): Resource "https://petstore.octoperf.com/images/reptiles_icon.gif" is in the cache already and will not be downloaded again  	[MsgId: MMSG-26655]
Registration.c(83): Resource "https://petstore.octoperf.com/images/birds_icon.gif" is in the cache already and will not be downloaded again  	[MsgId: MMSG-26655]
Registration.c(83): Resource "https://petstore.octoperf.com/images/splash.gif" is in the cache already and will not be downloaded again  	[MsgId: MMSG-26655]
Registration.c(83): Registered web_reg_find successful for "Text=Elevate you load-testing" (count=1)  	[MsgId: MMSG-26364]
Registration.c(83): web_submit_form("Account.action") was successful, 4736 body bytes, 443 header bytes  	[MsgId: MMSG-26386]
Registration.c(105): Notify: Transaction "PetStore_SubmitRegistration_T02" ended with a "Pass" status (Duration: 0.7939 Wasted Time: 0.0001).	[MsgId: MMSG-16871]
Registration.c(107): lr_think_time: 3.33 seconds (recorded think time was 5.00 seconds).	[MsgId: MMSG-15947]
Login.c(17): Notify: Transaction "PetStore_Login_T01" started.	[MsgId: MMSG-16999]
Login.c(18): web_reg_find started  	[MsgId: MMSG-26355]
Login.c(18): Registering web_reg_find was successful  	[MsgId: MMSG-26390]
Login.c(20): web_reg_save_param_regexp started  	[MsgId: MMSG-26355]
Login.c(20): Registering web_reg_save_param_regexp was successful  	[MsgId: MMSG-26390]
Login.c(26): web_submit_form("Account.action") started  	[MsgId: MMSG-26355]
Login.c(26): Notify: Parameter Substitution: parameter "randomUsername" =  "KYDD"	[MsgId: MMSG-13992]
Login.c(26): Notify: Parameter Substitution: parameter "randompass" =  "hubw"	[MsgId: MMSG-13992]
Login.c(26): Submitting form to "https://petstore.octoperf.com/actions/Account.action", Target Frame=""  	[MsgId: MMSG-27978]
Login.c(26): Redirecting "https://petstore.octoperf.com/actions/Account.action" (redirection depth is 0)  	[MsgId: MMSG-26694]
Login.c(26): To location "https://petstore.octoperf.com/actions/Catalog.action"  	[MsgId: MMSG-26693]
Starting iteration 4.	[MsgId: MMSG-15968]
Notify: Next row for parameter UserName = 1 [table  = UserName].	[MsgId: MMSG-13876]
Notify: Getting new value for parameter 'UserName': table = 'UserName.dat' column = '0' row = '1'.	[MsgId: MMSG-13877]
Notify: Next row for parameter PetStoreEndtoEndFlow_UserName = 1 [table  = PetStoreEndtoEndFlow_UserName].	[MsgId: MMSG-13876]
Notify: Getting new value for parameter 'PetStoreEndtoEndFlow_UserName': table = 'UserCredentilas1.dat' column = '0' row = '1'.	[MsgId: MMSG-13877]
Notify: Next row for parameter PetStoreEndtoEndFlow_pass = 1 [table  = PetStoreEndtoEndFlow_pass].	[MsgId: MMSG-13876]
Notify: Getting new value for parameter 'PetStoreEndtoEndFlow_pass': table = 'UserCredentilas3.dat' column = '0' row = '1'.	[MsgId: MMSG-13877]
Notify: Next row for parameter pass = 1 [table  = pass].	[MsgId: MMSG-13876]
Notify: Getting new value for parameter 'pass': table = 'UserName.dat' column = '0' row = '1'.	[MsgId: MMSG-13877]
Starting action Login.	[MsgId: MMSG-15919]
Registration.c(15): Notify: Transaction "PetStore_ClickOnRegistration_T01" started.	[MsgId: MMSG-16999]
Registration.c(17): web_reg_find started  	[MsgId: MMSG-26355]
Registration.c(17): Registering web_reg_find was successful  	[MsgId: MMSG-26390]
Registration.c(20): web_link("Register Now!") started  	[MsgId: MMSG-26355]
Registration.c(20): Error -27985: There is no context for HTML-based functions. A previous function may not have used "Mode=HTML" or downloaded only non-HTML page(s), or the context has been reset (e.g., due to a GUI-based function)  	[MsgId: MERR-27985]
Registration.c(20): Warning -26379: Pending web_reg_save_param/web_reg_find/web_create_html_param/web_create_html_param_ex request(s) are deleted and will be handled as "not found"  	[MsgId: MWAR-26379]
Registration.c(20): Error -26366: "Text=User Information" not found for web_reg_find  	[MsgId: MERR-26366]
Registration.c(20): Error -26374: The above "not found" error(s) may be explained by header and body byte counts being 0 and 0, respectively.  	[MsgId: MERR-26374]
Registration.c(20): web_link("Register Now!") highest severity level was "ERROR", 0 body bytes, 0 header bytes  	[MsgId: MMSG-26388]
Registration.c(20): Notify: Transaction "PetStore_ClickOnRegistration_T01" ended with a "Fail" status (Duration: 0.0011).	[MsgId: MMSG-16873]
Registration.c(20): Notify: Transaction "PetStore_ClickOnRegistration_T01" has 3 error message(s).	[MsgId: MMSG-16818]
Registration.c(20): Notify: The 1st error message associated with transaction "PetStore_ClickOnRegistration_T01" is "Error -27985: There is no context for HTML-based functions. A previous function may not have used "Mode=HTML" or downloaded only non-HTML page(s), or the context has been reset (e.g., due to a GUI-based function)"	[MsgId: MMSG-16819]
Registration.c(20): Notify: The 2nd error message associated with transaction "PetStore_ClickOnRegistration_T01" is "Error -26366: "Text=User Information" not found for web_reg_find"	[MsgId: MMSG-16819]
Registration.c(20): Notify: The 3rd error message associated with transaction "PetStore_ClickOnRegistration_T01" is "Error -26374: The above "not found" error(s) may be explained by header and body byte counts being 0 and 0, respectively."	[MsgId: MMSG-16819]
Ending action Login.	[MsgId: MMSG-15918]
Ending iteration 4.	[MsgId: MMSG-15965]
Waiting 7.1200 seconds for iteration pacing.	[MsgId: MMSG-15996]
AddToCard.c(67): Notify: Transaction "PetStore_SelectItemId_T03" started.	[MsgId: MMSG-16999]
AddToCard.c(71): Notify: Parameter Substitution: parameter "itemId_count" =  "2"	[MsgId: MMSG-13992]
AddToCard.c(72): Notify: Parameter Substitution: parameter "itemId_1" =  "EST-4"	[MsgId: MMSG-13992]
AddToCard.c(74): Notify: Saving Parameter "RanditemId = EST-4".	[MsgId: MMSG-13798]
AddToCard.c(75): Notify: Parameter Substitution: parameter "RanditemId" =  "EST-4"	[MsgId: MMSG-13992]
AddToCard.c(75): Random category selected in Action2 = EST-4	[MsgId: MMSG-17999]
AddToCard.c(77): web_reg_find started  	[MsgId: MMSG-26355]
AddToCard.c(77): Notify: Parameter Substitution: parameter "RanditemId" =  "EST-4"	[MsgId: MMSG-13992]
AddToCard.c(77): Registering web_reg_find was successful  	[MsgId: MMSG-26390]
AddToCard.c(79): web_link("{RanditemId}") started  	[MsgId: MMSG-26355]
AddToCard.c(79): Notify: Parameter Substitution: parameter "RanditemId" =  "EST-4"	[MsgId: MMSG-13992]
AddToCard.c(79): Linking to "https://petstore.octoperf.com/actions/Catalog.action?viewItem=&itemId=EST-4", Target Frame=""  	[MsgId: MMSG-27994]
Login.c(26): Resource "https://petstore.octoperf.com/css/jpetstore.css" is in the cache already and will not be downloaded again  	[MsgId: MMSG-26655]
Login.c(26): Resource "https://petstore.octoperf.com/images/logo-topbar.svg" is in the cache already and will not be downloaded again  	[MsgId: MMSG-26655]
Login.c(26): Resource "https://petstore.octoperf.com/images/cart.gif" is in the cache already and will not be downloaded again  	[MsgId: MMSG-26655]
Login.c(26): Resource "https://petstore.octoperf.com/images/separator.gif" is in the cache already and will not be downloaded again  	[MsgId: MMSG-26655]
Login.c(26): Resource "https://petstore.octoperf.com/images/sm_fish.gif" is in the cache already and will not be downloaded again  	[MsgId: MMSG-26655]
Login.c(26): Resource "https://petstore.octoperf.com/images/sm_dogs.gif" is in the cache already and will not be downloaded again  	[MsgId: MMSG-26655]
Login.c(26): Resource "https://petstore.octoperf.com/images/sm_reptiles.gif" is in the cache already and will not be downloaded again  	[MsgId: MMSG-26655]
Login.c(26): Resource "https://petstore.octoperf.com/images/sm_cats.gif" is in the cache already and will not be downloaded again  	[MsgId: MMSG-26655]
Login.c(26): Resource "https://petstore.octoperf.com/images/sm_birds.gif" is in the cache already and will not be downloaded again  	[MsgId: MMSG-26655]
Login.c(26): Resource "https://petstore.octoperf.com/images/fish_icon.gif" is in the cache already and will not be downloaded again  	[MsgId: MMSG-26655]
Login.c(26): Resource "https://petstore.octoperf.com/images/dogs_icon.gif" is in the cache already and will not be downloaded again  	[MsgId: MMSG-26655]
Login.c(26): Resource "https://petstore.octoperf.com/images/cats_icon.gif" is in the cache already and will not be downloaded again  	[MsgId: MMSG-26655]
Login.c(26): Resource "https://petstore.octoperf.com/images/reptiles_icon.gif" is in the cache already and will not be downloaded again  	[MsgId: MMSG-26655]
Login.c(26): Resource "https://petstore.octoperf.com/images/birds_icon.gif" is in the cache already and will not be downloaded again  	[MsgId: MMSG-26655]
Login.c(26): Resource "https://petstore.octoperf.com/images/splash.gif" is in the cache already and will not be downloaded again  	[MsgId: MMSG-26655]
Login.c(26): Found resource "https://petstore.octoperf.com/images/banner_fish.gif" in HTML "https://petstore.octoperf.com/actions/Catalog.action"  	[MsgId: MMSG-26659]
Login.c(26): Notify: Saving Parameter "ProductName_1 = BIRDS".	[MsgId: MMSG-13798]
Login.c(26): Notify: Saving Parameter "ProductName_2 = FISH".	[MsgId: MMSG-13798]
Login.c(26): Notify: Saving Parameter "ProductName_3 = DOGS".	[MsgId: MMSG-13798]
Login.c(26): Notify: Saving Parameter "ProductName_4 = REPTILES".	[MsgId: MMSG-13798]
Login.c(26): Notify: Saving Parameter "ProductName_5 = CATS".	[MsgId: MMSG-13798]
Login.c(26): Notify: Saving Parameter "ProductName_6 = BIRDS".	[MsgId: MMSG-13798]
AddToCard.c(79): Resource "https://petstore.octoperf.com/css/jpetstore.css" is in the cache already and will not be downloaded again  	[MsgId: MMSG-26655]
AddToCard.c(79): Resource "https://petstore.octoperf.com/images/logo-topbar.svg" is in the cache already and will not be downloaded again  	[MsgId: MMSG-26655]
AddToCard.c(79): Resource "https://petstore.octoperf.com/images/cart.gif" is in the cache already and will not be downloaded again  	[MsgId: MMSG-26655]
AddToCard.c(79): Resource "https://petstore.octoperf.com/images/separator.gif" is in the cache already and will not be downloaded again  	[MsgId: MMSG-26655]
AddToCard.c(79): Resource "https://petstore.octoperf.com/images/sm_fish.gif" is in the cache already and will not be downloaded again  	[MsgId: MMSG-26655]
AddToCard.c(79): Resource "https://petstore.octoperf.com/images/sm_dogs.gif" is in the cache already and will not be downloaded again  	[MsgId: MMSG-26655]
AddToCard.c(79): Resource "https://petstore.octoperf.com/images/sm_reptiles.gif" is in the cache already and will not be downloaded again  	[MsgId: MMSG-26655]
AddToCard.c(79): Resource "https://petstore.octoperf.com/images/sm_cats.gif" is in the cache already and will not be downloaded again  	[MsgId: MMSG-26655]
AddToCard.c(79): Resource "https://petstore.octoperf.com/images/sm_birds.gif" is in the cache already and will not be downloaded again  	[MsgId: MMSG-26655]
AddToCard.c(79): Found resource "https://petstore.octoperf.com/images/fish3.gif" in HTML "https://petstore.octoperf.com/actions/Catalog.action?viewItem=&itemId=EST-4"  	[MsgId: MMSG-26659]
AddToCard.c(79): Resource "https://petstore.octoperf.com/images/banner_fish.gif" is in the cache already and will not be downloaded again  	[MsgId: MMSG-26655]
Login.c(26): Notify: Saving Parameter "ProductName_count = 6".	[MsgId: MMSG-13798]
Login.c(26): Registered web_reg_find successful for "Text=My Account" (count=1)  	[MsgId: MMSG-26364]
Login.c(26): web_submit_form("Account.action") was successful, 11416 body bytes, 727 header bytes  	[MsgId: MMSG-26386]
Login.c(34): Notify: Transaction "PetStore_Login_T01" ended with a "Pass" status (Duration: 0.5031 Wasted Time: 0.0003).	[MsgId: MMSG-16871]
Ending action Login.	[MsgId: MMSG-15918]
Starting action RemoveTheProduct.	[MsgId: MMSG-15919]
AddToCard.c(8): Notify: Transaction "PetStore_AddAproduct_T01" started.	[MsgId: MMSG-16999]
AddToCard.c(11): Notify: Parameter Substitution: parameter "ProductName_count" =  "6"	[MsgId: MMSG-13992]
AddToCard.c(12): Notify: Parameter Substitution: parameter "ProductName_3" =  "DOGS"	[MsgId: MMSG-13992]
AddToCard.c(14): Notify: Saving Parameter "RandCategory = DOGS".	[MsgId: MMSG-13798]
AddToCard.c(15): Notify: Parameter Substitution: parameter "RandCategory" =  "DOGS"	[MsgId: MMSG-13992]
AddToCard.c(15): Random category selected in Action2 = DOGS	[MsgId: MMSG-17999]
AddToCard.c(17): web_reg_find started  	[MsgId: MMSG-26355]
AddToCard.c(17): Notify: Parameter Substitution: parameter "RandCategory" =  "DOGS"	[MsgId: MMSG-13992]
AddToCard.c(17): Registering web_reg_find was successful  	[MsgId: MMSG-26390]
AddToCard.c(20): web_reg_save_param_regexp started  	[MsgId: MMSG-26355]
AddToCard.c(20): Registering web_reg_save_param_regexp was successful  	[MsgId: MMSG-26390]
AddToCard.c(27): web_url("Catalog.action_2") started  	[MsgId: MMSG-26355]
AddToCard.c(27): Notify: Parameter Substitution: parameter "RandCategory" =  "DOGS"	[MsgId: MMSG-13992]
AddToCard.c(27): Resource "https://petstore.octoperf.com/css/jpetstore.css" is in the cache already and will not be downloaded again  	[MsgId: MMSG-26655]
AddToCard.c(27): Resource "https://petstore.octoperf.com/images/logo-topbar.svg" is in the cache already and will not be downloaded again  	[MsgId: MMSG-26655]
AddToCard.c(27): Resource "https://petstore.octoperf.com/images/cart.gif" is in the cache already and will not be downloaded again  	[MsgId: MMSG-26655]
AddToCard.c(27): Resource "https://petstore.octoperf.com/images/separator.gif" is in the cache already and will not be downloaded again  	[MsgId: MMSG-26655]
AddToCard.c(27): Resource "https://petstore.octoperf.com/images/sm_fish.gif" is in the cache already and will not be downloaded again  	[MsgId: MMSG-26655]
AddToCard.c(27): Resource "https://petstore.octoperf.com/images/sm_dogs.gif" is in the cache already and will not be downloaded again  	[MsgId: MMSG-26655]
AddToCard.c(27): Resource "https://petstore.octoperf.com/images/sm_reptiles.gif" is in the cache already and will not be downloaded again  	[MsgId: MMSG-26655]
AddToCard.c(27): Resource "https://petstore.octoperf.com/images/sm_cats.gif" is in the cache already and will not be downloaded again  	[MsgId: MMSG-26655]
AddToCard.c(27): Resource "https://petstore.octoperf.com/images/sm_birds.gif" is in the cache already and will not be downloaded again  	[MsgId: MMSG-26655]
AddToCard.c(27): Resource "https://petstore.octoperf.com/images/banner_fish.gif" is in the cache already and will not be downloaded again  	[MsgId: MMSG-26655]
AddToCard.c(27): Notify: Saving Parameter "productId_1 = K9-BD-01".	[MsgId: MMSG-13798]
AddToCard.c(27): Notify: Saving Parameter "productId_2 = K9-PO-02".	[MsgId: MMSG-13798]
AddToCard.c(27): Notify: Saving Parameter "productId_3 = K9-DL-01".	[MsgId: MMSG-13798]
AddToCard.c(27): Notify: Saving Parameter "productId_4 = K9-RT-01".	[MsgId: MMSG-13798]
AddToCard.c(27): Notify: Saving Parameter "productId_5 = K9-RT-02".	[MsgId: MMSG-13798]
AddToCard.c(27): Notify: Saving Parameter "productId_6 = K9-CW-01".	[MsgId: MMSG-13798]
AddToCard.c(27): Notify: Saving Parameter "productId_count = 6".	[MsgId: MMSG-13798]
AddToCard.c(27): Registered web_reg_find successful for "Text=DOGS" (count=1)  	[MsgId: MMSG-26364]
AddToCard.c(27): web_url("Catalog.action_2") was successful, 4171 body bytes, 225 header bytes  	[MsgId: MMSG-26386]
AddToCard.c(36): Notify: Transaction "PetStore_AddAproduct_T01" ended with a "Pass" status (Duration: 0.1283 Wasted Time: 0.0004).	[MsgId: MMSG-16871]
AddToCard.c(38): lr_think_time: 2.55 seconds (recorded think time was 5.00 seconds).	[MsgId: MMSG-15947]
AddToCard.c(79): Registered web_reg_find successful for "Text=EST-4" (count=2)  	[MsgId: MMSG-26364]
AddToCard.c(79): web_link("{RanditemId}") was successful, 15228 body bytes, 511 header bytes  	[MsgId: MMSG-26386]
AddToCard.c(84): Notify: Transaction "PetStore_SelectItemId_T03" ended with a "Pass" status (Duration: 0.4205 Wasted Time: 0.0000).	[MsgId: MMSG-16871]
AddToCard.c(86): lr_think_time: 3.60 seconds (recorded think time was 5.00 seconds).	[MsgId: MMSG-15947]
Starting iteration 5.	[MsgId: MMSG-15968]
Notify: Next row for parameter UserName = 1 [table  = UserName].	[MsgId: MMSG-13876]
Notify: Getting new value for parameter 'UserName': table = 'UserName.dat' column = '0' row = '1'.	[MsgId: MMSG-13877]
Notify: Next row for parameter PetStoreEndtoEndFlow_UserName = 1 [table  = PetStoreEndtoEndFlow_UserName].	[MsgId: MMSG-13876]
Notify: Getting new value for parameter 'PetStoreEndtoEndFlow_UserName': table = 'UserCredentilas1.dat' column = '0' row = '1'.	[MsgId: MMSG-13877]
Notify: Next row for parameter PetStoreEndtoEndFlow_pass = 1 [table  = PetStoreEndtoEndFlow_pass].	[MsgId: MMSG-13876]
Notify: Getting new value for parameter 'PetStoreEndtoEndFlow_pass': table = 'UserCredentilas3.dat' column = '0' row = '1'.	[MsgId: MMSG-13877]
Notify: Next row for parameter pass = 1 [table  = pass].	[MsgId: MMSG-13876]
Notify: Getting new value for parameter 'pass': table = 'UserName.dat' column = '0' row = '1'.	[MsgId: MMSG-13877]
Starting action Login.	[MsgId: MMSG-15919]
Registration.c(15): Notify: Transaction "PetStore_ClickOnRegistration_T01" started.	[MsgId: MMSG-16999]
Registration.c(17): web_reg_find started  	[MsgId: MMSG-26355]
Registration.c(17): Registering web_reg_find was successful  	[MsgId: MMSG-26390]
Registration.c(20): web_link("Register Now!") started  	[MsgId: MMSG-26355]
Registration.c(20): Error -27985: There is no context for HTML-based functions. A previous function may not have used "Mode=HTML" or downloaded only non-HTML page(s), or the context has been reset (e.g., due to a GUI-based function)  	[MsgId: MERR-27985]
Registration.c(20): Warning -26379: Pending web_reg_save_param/web_reg_find/web_create_html_param/web_create_html_param_ex request(s) are deleted and will be handled as "not found"  	[MsgId: MWAR-26379]
Registration.c(20): Error -26366: "Text=User Information" not found for web_reg_find  	[MsgId: MERR-26366]
Registration.c(20): Error -26374: The above "not found" error(s) may be explained by header and body byte counts being 0 and 0, respectively.  	[MsgId: MERR-26374]
Registration.c(20): web_link("Register Now!") highest severity level was "ERROR", 0 body bytes, 0 header bytes  	[MsgId: MMSG-26388]
Registration.c(20): Notify: Transaction "PetStore_ClickOnRegistration_T01" ended with a "Fail" status (Duration: 0.0011).	[MsgId: MMSG-16873]
Registration.c(20): Notify: Transaction "PetStore_ClickOnRegistration_T01" has 3 error message(s).	[MsgId: MMSG-16818]
Registration.c(20): Notify: The 1st error message associated with transaction "PetStore_ClickOnRegistration_T01" is "Error -27985: There is no context for HTML-based functions. A previous function may not have used "Mode=HTML" or downloaded only non-HTML page(s), or the context has been reset (e.g., due to a GUI-based function)"	[MsgId: MMSG-16819]
Registration.c(20): Notify: The 2nd error message associated with transaction "PetStore_ClickOnRegistration_T01" is "Error -26366: "Text=User Information" not found for web_reg_find"	[MsgId: MMSG-16819]
Registration.c(20): Notify: The 3rd error message associated with transaction "PetStore_ClickOnRegistration_T01" is "Error -26374: The above "not found" error(s) may be explained by header and body byte counts being 0 and 0, respectively."	[MsgId: MMSG-16819]
Ending action Login.	[MsgId: MMSG-15918]
Ending iteration 5.	[MsgId: MMSG-15965]
Waiting 6.9310 seconds for iteration pacing.	[MsgId: MMSG-15996]
Starting iteration 3.	[MsgId: MMSG-15968]
Notify: Next row for parameter UserName = 1 [table  = UserName].	[MsgId: MMSG-13876]
Notify: Getting new value for parameter 'UserName': table = 'UserName.dat' column = '0' row = '1'.	[MsgId: MMSG-13877]
Notify: Next row for parameter PetStoreEndtoEndFlow_UserName = 1 [table  = PetStoreEndtoEndFlow_UserName].	[MsgId: MMSG-13876]
Notify: Getting new value for parameter 'PetStoreEndtoEndFlow_UserName': table = 'UserCredentilas1.dat' column = '0' row = '1'.	[MsgId: MMSG-13877]
Notify: Next row for parameter PetStoreEndtoEndFlow_pass = 1 [table  = PetStoreEndtoEndFlow_pass].	[MsgId: MMSG-13876]
Notify: Getting new value for parameter 'PetStoreEndtoEndFlow_pass': table = 'UserCredentilas3.dat' column = '0' row = '1'.	[MsgId: MMSG-13877]
Notify: Next row for parameter pass = 1 [table  = pass].	[MsgId: MMSG-13876]
Notify: Getting new value for parameter 'pass': table = 'UserName.dat' column = '0' row = '1'.	[MsgId: MMSG-13877]
Starting action Login.	[MsgId: MMSG-15919]
Registration.c(15): Notify: Transaction "PetStore_ClickOnRegistration_T01" started.	[MsgId: MMSG-16999]
Registration.c(17): web_reg_find started  	[MsgId: MMSG-26355]
Registration.c(17): Registering web_reg_find was successful  	[MsgId: MMSG-26390]
Registration.c(20): web_link("Register Now!") started  	[MsgId: MMSG-26355]
Registration.c(20): Error -27985: There is no context for HTML-based functions. A previous function may not have used "Mode=HTML" or downloaded only non-HTML page(s), or the context has been reset (e.g., due to a GUI-based function)  	[MsgId: MERR-27985]
Registration.c(20): Warning -26379: Pending web_reg_save_param/web_reg_find/web_create_html_param/web_create_html_param_ex request(s) are deleted and will be handled as "not found"  	[MsgId: MWAR-26379]
Registration.c(20): Error -26366: "Text=User Information" not found for web_reg_find  	[MsgId: MERR-26366]
Registration.c(20): Error -26374: The above "not found" error(s) may be explained by header and body byte counts being 0 and 0, respectively.  	[MsgId: MERR-26374]
Registration.c(20): web_link("Register Now!") highest severity level was "ERROR", 0 body bytes, 0 header bytes  	[MsgId: MMSG-26388]
Registration.c(20): Notify: Transaction "PetStore_ClickOnRegistration_T01" ended with a "Fail" status (Duration: 0.0012).	[MsgId: MMSG-16873]
Registration.c(20): Notify: Transaction "PetStore_ClickOnRegistration_T01" has 3 error message(s).	[MsgId: MMSG-16818]
Registration.c(20): Notify: The 1st error message associated with transaction "PetStore_ClickOnRegistration_T01" is "Error -27985: There is no context for HTML-based functions. A previous function may not have used "Mode=HTML" or downloaded only non-HTML page(s), or the context has been reset (e.g., due to a GUI-based function)"	[MsgId: MMSG-16819]
Registration.c(20): Notify: The 2nd error message associated with transaction "PetStore_ClickOnRegistration_T01" is "Error -26366: "Text=User Information" not found for web_reg_find"	[MsgId: MMSG-16819]
Registration.c(20): Notify: The 3rd error message associated with transaction "PetStore_ClickOnRegistration_T01" is "Error -26374: The above "not found" error(s) may be explained by header and body byte counts being 0 and 0, respectively."	[MsgId: MMSG-16819]
Ending action Login.	[MsgId: MMSG-15918]
Ending iteration 3.	[MsgId: MMSG-15965]
Waiting 6.2870 seconds for iteration pacing.	[MsgId: MMSG-15996]
AddToCard.c(67): Notify: Transaction "PetStore_SelectItemId_T03" started.	[MsgId: MMSG-16999]
AddToCard.c(71): Notify: Parameter Substitution: parameter "itemId_count" =  "2"	[MsgId: MMSG-13992]
AddToCard.c(72): Notify: Parameter Substitution: parameter "itemId_1" =  "EST-1"	[MsgId: MMSG-13992]
AddToCard.c(74): Notify: Saving Parameter "RanditemId = EST-1".	[MsgId: MMSG-13798]
AddToCard.c(75): Notify: Parameter Substitution: parameter "RanditemId" =  "EST-1"	[MsgId: MMSG-13992]
AddToCard.c(75): Random category selected in Action2 = EST-1	[MsgId: MMSG-17999]
AddToCard.c(77): web_reg_find started  	[MsgId: MMSG-26355]
AddToCard.c(77): Notify: Parameter Substitution: parameter "RanditemId" =  "EST-1"	[MsgId: MMSG-13992]
AddToCard.c(77): Registering web_reg_find was successful  	[MsgId: MMSG-26390]
AddToCard.c(79): web_link("{RanditemId}") started  	[MsgId: MMSG-26355]
AddToCard.c(79): Notify: Parameter Substitution: parameter "RanditemId" =  "EST-1"	[MsgId: MMSG-13992]
AddToCard.c(79): Linking to "https://petstore.octoperf.com/actions/Catalog.action?viewItem=&itemId=EST-1", Target Frame=""  	[MsgId: MMSG-27994]
Registration.c(109): Notify: Transaction "PetStore_SignOut_T03" started.	[MsgId: MMSG-16999]
Registration.c(111): web_reg_find started  	[MsgId: MMSG-26355]
Registration.c(111): Registering web_reg_find was successful  	[MsgId: MMSG-26390]
Registration.c(114): web_url("Account.action_2") started  	[MsgId: MMSG-26355]
AddToCard.c(79): Resource "https://petstore.octoperf.com/css/jpetstore.css" is in the cache already and will not be downloaded again  	[MsgId: MMSG-26655]
AddToCard.c(79): Resource "https://petstore.octoperf.com/images/logo-topbar.svg" is in the cache already and will not be downloaded again  	[MsgId: MMSG-26655]
AddToCard.c(79): Resource "https://petstore.octoperf.com/images/cart.gif" is in the cache already and will not be downloaded again  	[MsgId: MMSG-26655]
AddToCard.c(79): Resource "https://petstore.octoperf.com/images/separator.gif" is in the cache already and will not be downloaded again  	[MsgId: MMSG-26655]
AddToCard.c(79): Resource "https://petstore.octoperf.com/images/sm_fish.gif" is in the cache already and will not be downloaded again  	[MsgId: MMSG-26655]
AddToCard.c(79): Resource "https://petstore.octoperf.com/images/sm_dogs.gif" is in the cache already and will not be downloaded again  	[MsgId: MMSG-26655]
AddToCard.c(79): Resource "https://petstore.octoperf.com/images/sm_reptiles.gif" is in the cache already and will not be downloaded again  	[MsgId: MMSG-26655]
AddToCard.c(79): Resource "https://petstore.octoperf.com/images/sm_cats.gif" is in the cache already and will not be downloaded again  	[MsgId: MMSG-26655]
AddToCard.c(79): Resource "https://petstore.octoperf.com/images/sm_birds.gif" is in the cache already and will not be downloaded again  	[MsgId: MMSG-26655]
AddToCard.c(79): Found resource "https://petstore.octoperf.com/images/fish1.gif" in HTML "https://petstore.octoperf.com/actions/Catalog.action?viewItem=&itemId=EST-1"  	[MsgId: MMSG-26659]
AddToCard.c(79): Resource "https://petstore.octoperf.com/images/banner_fish.gif" is in the cache already and will not be downloaded again  	[MsgId: MMSG-26655]
Registration.c(29): Notify: Transaction "PetStore_SubmitRegistration_T02" started.	[MsgId: MMSG-16999]
Registration.c(31): web_reg_find started  	[MsgId: MMSG-26355]
Registration.c(31): Registering web_reg_find was successful  	[MsgId: MMSG-26390]
Registration.c(38): Notify: Saving Parameter "randomUsername = RBDC".	[MsgId: MMSG-13798]
Registration.c(44): Notify: Saving Parameter "randompass = ntwh".	[MsgId: MMSG-13798]
Registration.c(58): Notify: Saving Parameter "randomFirstName = ugjqj".	[MsgId: MMSG-13798]
Registration.c(59): Notify: Saving Parameter "randomLastName = zqrqu".	[MsgId: MMSG-13798]
Registration.c(71): Notify: Saving Parameter "RandomPhone = :426260847".	[MsgId: MMSG-13798]
Registration.c(80): Notify: Saving Parameter "RandomZip = 652535".	[MsgId: MMSG-13798]
Registration.c(83): web_submit_form("Account.action") started  	[MsgId: MMSG-26355]
Registration.c(83): Notify: Parameter Substitution: parameter "randomUsername" =  "RBDC"	[MsgId: MMSG-13992]
Registration.c(83): Notify: Parameter Substitution: parameter "randompass" =  "ntwh"	[MsgId: MMSG-13992]
Registration.c(83): Notify: Parameter Substitution: parameter "randompass" =  "ntwh"	[MsgId: MMSG-13992]
Registration.c(83): Notify: Parameter Substitution: parameter "randomFirstName" =  "ugjqj"	[MsgId: MMSG-13992]
Registration.c(83): Notify: Parameter Substitution: parameter "randomLastName" =  "zqrqu"	[MsgId: MMSG-13992]
Registration.c(83): Notify: Parameter Substitution: parameter "randomFirstName" =  "ugjqj"	[MsgId: MMSG-13992]
Registration.c(83): Notify: Parameter Substitution: parameter "randomLastName" =  "zqrqu"	[MsgId: MMSG-13992]
Registration.c(83): Notify: Parameter Substitution: parameter "RandomPhone" =  ":426260847"	[MsgId: MMSG-13992]
Registration.c(83): Notify: Parameter Substitution: parameter "RandomZip" =  "652535"	[MsgId: MMSG-13992]
Registration.c(83): Submitting form to "https://petstore.octoperf.com/actions/Account.action", Target Frame=""  	[MsgId: MMSG-27978]
Registration.c(83): Connection to petstore.octoperf.com:443 closed after being inactive for 63 seconds, exceeding the "HTTP Keep-Alive timeout" Runtime Setting (60 seconds). URL="[None]"  	[MsgId: MMSG-27647]
Registration.c(114): Redirecting "https://petstore.octoperf.com/actions/Account.action?signoff=" (redirection depth is 0)  	[MsgId: MMSG-26694]
Registration.c(114): To location "https://petstore.octoperf.com/actions/Catalog.action"  	[MsgId: MMSG-26693]
AddToCard.c(40): Notify: Transaction "PetStore_SelectProductId_T02" started.	[MsgId: MMSG-16999]
AddToCard.c(43): Notify: Parameter Substitution: parameter "productId_count" =  "6"	[MsgId: MMSG-13992]
AddToCard.c(44): Notify: Parameter Substitution: parameter "productId_3" =  "K9-DL-01"	[MsgId: MMSG-13992]
AddToCard.c(46): Notify: Saving Parameter "RandproductId = K9-DL-01".	[MsgId: MMSG-13798]
AddToCard.c(47): Notify: Parameter Substitution: parameter "RandproductId" =  "K9-DL-01"	[MsgId: MMSG-13992]
AddToCard.c(47): Random category selected in Action2 = K9-DL-01	[MsgId: MMSG-17999]
AddToCard.c(49): web_reg_find started  	[MsgId: MMSG-26355]
AddToCard.c(49): Notify: Parameter Substitution: parameter "RandproductId" =  "K9-DL-01"	[MsgId: MMSG-13992]
AddToCard.c(49): Registering web_reg_find was successful  	[MsgId: MMSG-26390]
AddToCard.c(51): web_reg_save_param_regexp started  	[MsgId: MMSG-26355]
AddToCard.c(51): Registering web_reg_save_param_regexp was successful  	[MsgId: MMSG-26390]
AddToCard.c(58): web_link("{RandproductId}") started  	[MsgId: MMSG-26355]
AddToCard.c(58): Notify: Parameter Substitution: parameter "RandproductId" =  "K9-DL-01"	[MsgId: MMSG-13992]
AddToCard.c(58): Linking to "https://petstore.octoperf.com/actions/Catalog.action?viewProduct=&productId=K9-DL-01", Target Frame=""  	[MsgId: MMSG-27994]
Registration.c(114): Resource "https://petstore.octoperf.com/css/jpetstore.css" is in the cache already and will not be downloaded again  	[MsgId: MMSG-26655]
Registration.c(114): Resource "https://petstore.octoperf.com/images/logo-topbar.svg" is in the cache already and will not be downloaded again  	[MsgId: MMSG-26655]
Registration.c(114): Resource "https://petstore.octoperf.com/images/cart.gif" is in the cache already and will not be downloaded again  	[MsgId: MMSG-26655]
Registration.c(114): Resource "https://petstore.octoperf.com/images/separator.gif" is in the cache already and will not be downloaded again  	[MsgId: MMSG-26655]
Registration.c(114): Resource "https://petstore.octoperf.com/images/sm_fish.gif" is in the cache already and will not be downloaded again  	[MsgId: MMSG-26655]
Registration.c(114): Resource "https://petstore.octoperf.com/images/sm_dogs.gif" is in the cache already and will not be downloaded again  	[MsgId: MMSG-26655]
Registration.c(114): Resource "https://petstore.octoperf.com/images/sm_reptiles.gif" is in the cache already and will not be downloaded again  	[MsgId: MMSG-26655]
Registration.c(114): Resource "https://petstore.octoperf.com/images/sm_cats.gif" is in the cache already and will not be downloaded again  	[MsgId: MMSG-26655]
Registration.c(114): Resource "https://petstore.octoperf.com/images/sm_birds.gif" is in the cache already and will not be downloaded again  	[MsgId: MMSG-26655]
Registration.c(114): Resource "https://petstore.octoperf.com/images/fish_icon.gif" is in the cache already and will not be downloaded again  	[MsgId: MMSG-26655]
Registration.c(114): Resource "https://petstore.octoperf.com/images/dogs_icon.gif" is in the cache already and will not be downloaded again  	[MsgId: MMSG-26655]
Registration.c(114): Resource "https://petstore.octoperf.com/images/cats_icon.gif" is in the cache already and will not be downloaded again  	[MsgId: MMSG-26655]
Registration.c(114): Resource "https://petstore.octoperf.com/images/reptiles_icon.gif" is in the cache already and will not be downloaded again  	[MsgId: MMSG-26655]
Registration.c(114): Resource "https://petstore.octoperf.com/images/birds_icon.gif" is in the cache already and will not be downloaded again  	[MsgId: MMSG-26655]
Registration.c(114): Resource "https://petstore.octoperf.com/images/splash.gif" is in the cache already and will not be downloaded again  	[MsgId: MMSG-26655]
Registration.c(114): Registered web_reg_find successful for "Text=Sign In" (count=1)  	[MsgId: MMSG-26364]
Registration.c(114): web_url("Account.action_2") was successful, 4736 body bytes, 518 header bytes  	[MsgId: MMSG-26386]
Registration.c(123): Notify: Transaction "PetStore_SignOut_T03" ended with a "Pass" status (Duration: 0.2502 Wasted Time: 0.0000).	[MsgId: MMSG-16871]
Login.c(4): Notify: Transaction "PetStore_ClickOnSignIn_T01" started.	[MsgId: MMSG-16999]
Login.c(6): web_reg_find started  	[MsgId: MMSG-26355]
Login.c(6): Registering web_reg_find was successful  	[MsgId: MMSG-26390]
Login.c(9): web_link("Sign In") started  	[MsgId: MMSG-26355]
Login.c(9): Linking to "https://petstore.octoperf.com/actions/Account.action?signonForm=", Target Frame=""  	[MsgId: MMSG-27994]
AddToCard.c(58): Resource "https://petstore.octoperf.com/css/jpetstore.css" is in the cache already and will not be downloaded again  	[MsgId: MMSG-26655]
AddToCard.c(58): Resource "https://petstore.octoperf.com/images/logo-topbar.svg" is in the cache already and will not be downloaded again  	[MsgId: MMSG-26655]
AddToCard.c(58): Resource "https://petstore.octoperf.com/images/cart.gif" is in the cache already and will not be downloaded again  	[MsgId: MMSG-26655]
AddToCard.c(58): Resource "https://petstore.octoperf.com/images/separator.gif" is in the cache already and will not be downloaded again  	[MsgId: MMSG-26655]
AddToCard.c(58): Resource "https://petstore.octoperf.com/images/sm_fish.gif" is in the cache already and will not be downloaded again  	[MsgId: MMSG-26655]
AddToCard.c(58): Resource "https://petstore.octoperf.com/images/sm_dogs.gif" is in the cache already and will not be downloaded again  	[MsgId: MMSG-26655]
AddToCard.c(58): Resource "https://petstore.octoperf.com/images/sm_reptiles.gif" is in the cache already and will not be downloaded again  	[MsgId: MMSG-26655]
AddToCard.c(58): Resource "https://petstore.octoperf.com/images/sm_cats.gif" is in the cache already and will not be downloaded again  	[MsgId: MMSG-26655]
AddToCard.c(58): Resource "https://petstore.octoperf.com/images/sm_birds.gif" is in the cache already and will not be downloaded again  	[MsgId: MMSG-26655]
AddToCard.c(58): Resource "https://petstore.octoperf.com/images/banner_fish.gif" is in the cache already and will not be downloaded again  	[MsgId: MMSG-26655]
AddToCard.c(58): Notify: Saving Parameter "itemId_1 = EST-9".	[MsgId: MMSG-13798]
AddToCard.c(58): Notify: Saving Parameter "itemId_2 = EST-10".	[MsgId: MMSG-13798]
AddToCard.c(58): Notify: Saving Parameter "itemId_count = 2".	[MsgId: MMSG-13798]
AddToCard.c(58): Registered web_reg_find successful for "Text=K9-DL-01" (count=2)  	[MsgId: MMSG-26364]
AddToCard.c(58): web_link("{RandproductId}") was successful, 4095 body bytes, 225 header bytes  	[MsgId: MMSG-26386]
AddToCard.c(63): Notify: Transaction "PetStore_SelectProductId_T02" ended with a "Pass" status (Duration: 0.1284 Wasted Time: 0.0003).	[MsgId: MMSG-16871]
AddToCard.c(65): lr_think_time: 4.00 seconds (recorded think time was 5.00 seconds).	[MsgId: MMSG-15947]
Login.c(9): Resource "https://petstore.octoperf.com/css/jpetstore.css" is in the cache already and will not be downloaded again  	[MsgId: MMSG-26655]
Login.c(9): Resource "https://petstore.octoperf.com/images/logo-topbar.svg" is in the cache already and will not be downloaded again  	[MsgId: MMSG-26655]
Login.c(9): Resource "https://petstore.octoperf.com/images/cart.gif" is in the cache already and will not be downloaded again  	[MsgId: MMSG-26655]
Login.c(9): Resource "https://petstore.octoperf.com/images/separator.gif" is in the cache already and will not be downloaded again  	[MsgId: MMSG-26655]
Login.c(9): Resource "https://petstore.octoperf.com/images/sm_fish.gif" is in the cache already and will not be downloaded again  	[MsgId: MMSG-26655]
Login.c(9): Resource "https://petstore.octoperf.com/images/sm_dogs.gif" is in the cache already and will not be downloaded again  	[MsgId: MMSG-26655]
Login.c(9): Resource "https://petstore.octoperf.com/images/sm_reptiles.gif" is in the cache already and will not be downloaded again  	[MsgId: MMSG-26655]
Login.c(9): Resource "https://petstore.octoperf.com/images/sm_cats.gif" is in the cache already and will not be downloaded again  	[MsgId: MMSG-26655]
Login.c(9): Resource "https://petstore.octoperf.com/images/sm_birds.gif" is in the cache already and will not be downloaded again  	[MsgId: MMSG-26655]
Login.c(9): Registered web_reg_find successful for "Text=Please enter your username and password" (count=1)  	[MsgId: MMSG-26364]
Login.c(9): web_link("Sign In") was successful, 3856 body bytes, 225 header bytes  	[MsgId: MMSG-26386]
Login.c(13): Notify: Transaction "PetStore_ClickOnSignIn_T01" ended with a "Pass" status (Duration: 0.1255 Wasted Time: 0.0000).	[MsgId: MMSG-16871]
Login.c(15): lr_think_time: 4.45 seconds (recorded think time was 5.00 seconds).	[MsgId: MMSG-15947]
AddToCard.c(79): Registered web_reg_find successful for "Text=EST-1" (count=2)  	[MsgId: MMSG-26364]
AddToCard.c(79): web_link("{RanditemId}") was successful, 16399 body bytes, 511 header bytes  	[MsgId: MMSG-26386]
AddToCard.c(84): Notify: Transaction "PetStore_SelectItemId_T03" ended with a "Pass" status (Duration: 0.5379 Wasted Time: 0.0000).	[MsgId: MMSG-16871]
AddToCard.c(86): lr_think_time: 4.19 seconds (recorded think time was 5.00 seconds).	[MsgId: MMSG-15947]
Registration.c(83): Redirecting "https://petstore.octoperf.com/actions/Account.action" (redirection depth is 0)  	[MsgId: MMSG-26694]
Registration.c(83): To location "https://petstore.octoperf.com/actions/Catalog.action"  	[MsgId: MMSG-26693]
Registration.c(83): Resource "https://petstore.octoperf.com/css/jpetstore.css" is in the cache already and will not be downloaded again  	[MsgId: MMSG-26655]
Registration.c(83): Resource "https://petstore.octoperf.com/images/logo-topbar.svg" is in the cache already and will not be downloaded again  	[MsgId: MMSG-26655]
Registration.c(83): Resource "https://petstore.octoperf.com/images/cart.gif" is in the cache already and will not be downloaded again  	[MsgId: MMSG-26655]
Registration.c(83): Resource "https://petstore.octoperf.com/images/separator.gif" is in the cache already and will not be downloaded again  	[MsgId: MMSG-26655]
Registration.c(83): Resource "https://petstore.octoperf.com/images/sm_fish.gif" is in the cache already and will not be downloaded again  	[MsgId: MMSG-26655]
Registration.c(83): Resource "https://petstore.octoperf.com/images/sm_dogs.gif" is in the cache already and will not be downloaded again  	[MsgId: MMSG-26655]
Registration.c(83): Resource "https://petstore.octoperf.com/images/sm_reptiles.gif" is in the cache already and will not be downloaded again  	[MsgId: MMSG-26655]
Registration.c(83): Resource "https://petstore.octoperf.com/images/sm_cats.gif" is in the cache already and will not be downloaded again  	[MsgId: MMSG-26655]
Registration.c(83): Resource "https://petstore.octoperf.com/images/sm_birds.gif" is in the cache already and will not be downloaded again  	[MsgId: MMSG-26655]
Registration.c(83): Resource "https://petstore.octoperf.com/images/fish_icon.gif" is in the cache already and will not be downloaded again  	[MsgId: MMSG-26655]
Registration.c(83): Resource "https://petstore.octoperf.com/images/dogs_icon.gif" is in the cache already and will not be downloaded again  	[MsgId: MMSG-26655]
Registration.c(83): Resource "https://petstore.octoperf.com/images/cats_icon.gif" is in the cache already and will not be downloaded again  	[MsgId: MMSG-26655]
Registration.c(83): Resource "https://petstore.octoperf.com/images/reptiles_icon.gif" is in the cache already and will not be downloaded again  	[MsgId: MMSG-26655]
Registration.c(83): Resource "https://petstore.octoperf.com/images/birds_icon.gif" is in the cache already and will not be downloaded again  	[MsgId: MMSG-26655]
Registration.c(83): Resource "https://petstore.octoperf.com/images/splash.gif" is in the cache already and will not be downloaded again  	[MsgId: MMSG-26655]
Registration.c(83): Registered web_reg_find successful for "Text=Elevate you load-testing" (count=1)  	[MsgId: MMSG-26364]
Registration.c(83): web_submit_form("Account.action") was successful, 4736 body bytes, 443 header bytes  	[MsgId: MMSG-26386]
Registration.c(105): Notify: Transaction "PetStore_SubmitRegistration_T02" ended with a "Pass" status (Duration: 0.7900 Wasted Time: 0.0000).	[MsgId: MMSG-16871]
Registration.c(107): lr_think_time: 4.54 seconds (recorded think time was 5.00 seconds).	[MsgId: MMSG-15947]
Starting iteration 1.	[MsgId: MMSG-15968]
Warning -27077: The "vuser_init" section contains web function(s) when the "Simulate a new user on each iteration" Runtime Setting is ON.  This may produce unpredictable results with multiple iterations  	[MsgId: MWAR-27077]
Maximum number of concurrent connections per server: 6  	[MsgId: MMSG-26989]
Starting action Login.	[MsgId: MMSG-15919]
Registration.c(15): Notify: Transaction "PetStore_ClickOnRegistration_T01" started.	[MsgId: MMSG-16999]
Registration.c(17): web_reg_find started  	[MsgId: MMSG-26355]
Registration.c(17): Registering web_reg_find was successful  	[MsgId: MMSG-26390]
Registration.c(20): web_link("Register Now!") started  	[MsgId: MMSG-26355]
Registration.c(20): Linking to "https://petstore.octoperf.com/actions/Account.action?newAccountForm=", Target Frame=""  	[MsgId: MMSG-27994]
AddToCard.c(88): Notify: Transaction "PetStore_AddToCard_T04" started.	[MsgId: MMSG-16999]
AddToCard.c(90): web_reg_find started  	[MsgId: MMSG-26355]
AddToCard.c(90): Registering web_reg_find was successful  	[MsgId: MMSG-26390]
AddToCard.c(94): web_link("Add to Cart") started  	[MsgId: MMSG-26355]
AddToCard.c(94): Linking to "https://petstore.octoperf.com/actions/Cart.action?addItemToCart=&workingItemId=EST-4", Target Frame=""  	[MsgId: MMSG-27994]
Registration.c(20): Resource "https://petstore.octoperf.com/css/jpetstore.css" is in the cache already and will not be downloaded again  	[MsgId: MMSG-26655]
Registration.c(20): Resource "https://petstore.octoperf.com/images/logo-topbar.svg" is in the cache already and will not be downloaded again  	[MsgId: MMSG-26655]
Registration.c(20): Resource "https://petstore.octoperf.com/images/cart.gif" is in the cache already and will not be downloaded again  	[MsgId: MMSG-26655]
Registration.c(20): Resource "https://petstore.octoperf.com/images/separator.gif" is in the cache already and will not be downloaded again  	[MsgId: MMSG-26655]
Registration.c(20): Resource "https://petstore.octoperf.com/images/sm_fish.gif" is in the cache already and will not be downloaded again  	[MsgId: MMSG-26655]
Registration.c(20): Resource "https://petstore.octoperf.com/images/sm_dogs.gif" is in the cache already and will not be downloaded again  	[MsgId: MMSG-26655]
Registration.c(20): Resource "https://petstore.octoperf.com/images/sm_reptiles.gif" is in the cache already and will not be downloaded again  	[MsgId: MMSG-26655]
Registration.c(20): Resource "https://petstore.octoperf.com/images/sm_cats.gif" is in the cache already and will not be downloaded again  	[MsgId: MMSG-26655]
Registration.c(20): Resource "https://petstore.octoperf.com/images/sm_birds.gif" is in the cache already and will not be downloaded again  	[MsgId: MMSG-26655]
Registration.c(20): Registered web_reg_find successful for "Text=User Information" (count=1)  	[MsgId: MMSG-26364]
Registration.c(20): web_link("Register Now!") was successful, 5821 body bytes, 225 header bytes  	[MsgId: MMSG-26386]
Registration.c(25): Notify: Transaction "PetStore_ClickOnRegistration_T01" ended with a "Pass" status (Duration: 0.1268 Wasted Time: 0.0000).	[MsgId: MMSG-16871]
Registration.c(27): lr_think_time: 2.92 seconds (recorded think time was 5.00 seconds).	[MsgId: MMSG-15947]
AddToCard.c(94): Resource "https://petstore.octoperf.com/css/jpetstore.css" is in the cache already and will not be downloaded again  	[MsgId: MMSG-26655]
AddToCard.c(94): Resource "https://petstore.octoperf.com/images/logo-topbar.svg" is in the cache already and will not be downloaded again  	[MsgId: MMSG-26655]
AddToCard.c(94): Resource "https://petstore.octoperf.com/images/cart.gif" is in the cache already and will not be downloaded again  	[MsgId: MMSG-26655]
AddToCard.c(94): Resource "https://petstore.octoperf.com/images/separator.gif" is in the cache already and will not be downloaded again  	[MsgId: MMSG-26655]
AddToCard.c(94): Resource "https://petstore.octoperf.com/images/sm_fish.gif" is in the cache already and will not be downloaded again  	[MsgId: MMSG-26655]
AddToCard.c(94): Resource "https://petstore.octoperf.com/images/sm_dogs.gif" is in the cache already and will not be downloaded again  	[MsgId: MMSG-26655]
AddToCard.c(94): Resource "https://petstore.octoperf.com/images/sm_reptiles.gif" is in the cache already and will not be downloaded again  	[MsgId: MMSG-26655]
AddToCard.c(94): Resource "https://petstore.octoperf.com/images/sm_cats.gif" is in the cache already and will not be downloaded again  	[MsgId: MMSG-26655]
AddToCard.c(94): Resource "https://petstore.octoperf.com/images/sm_birds.gif" is in the cache already and will not be downloaded again  	[MsgId: MMSG-26655]
AddToCard.c(94): Resource "https://petstore.octoperf.com/images/banner_fish.gif" is in the cache already and will not be downloaded again  	[MsgId: MMSG-26655]
AddToCard.c(94): Registered web_reg_find successful for "Text=Shopping Cart" (count=1)  	[MsgId: MMSG-26364]
AddToCard.c(94): web_link("Add to Cart") was successful, 4623 body bytes, 225 header bytes  	[MsgId: MMSG-26386]
AddToCard.c(99): Notify: Transaction "PetStore_AddToCard_T04" ended with a "Pass" status (Duration: 0.1311 Wasted Time: 0.0000).	[MsgId: MMSG-16871]
RemoveTheProduct.c(7): Notify: Transaction "PetStore_ClickOnViewCartR_T01" started.	[MsgId: MMSG-16999]
RemoveTheProduct.c(8): web_reg_find started  	[MsgId: MMSG-26355]
RemoveTheProduct.c(8): Registering web_reg_find was successful  	[MsgId: MMSG-26390]
RemoveTheProduct.c(10): web_image("cart.gif") started  	[MsgId: MMSG-26355]
RemoveTheProduct.c(10): Image-linking to "https://petstore.octoperf.com/actions/Cart.action?viewCart=", Target Frame=""  	[MsgId: MMSG-27993]
RemoveTheProduct.c(10): Resource "https://petstore.octoperf.com/css/jpetstore.css" is in the cache already and will not be downloaded again  	[MsgId: MMSG-26655]
RemoveTheProduct.c(10): Resource "https://petstore.octoperf.com/images/logo-topbar.svg" is in the cache already and will not be downloaded again  	[MsgId: MMSG-26655]
RemoveTheProduct.c(10): Resource "https://petstore.octoperf.com/images/cart.gif" is in the cache already and will not be downloaded again  	[MsgId: MMSG-26655]
RemoveTheProduct.c(10): Resource "https://petstore.octoperf.com/images/separator.gif" is in the cache already and will not be downloaded again  	[MsgId: MMSG-26655]
RemoveTheProduct.c(10): Resource "https://petstore.octoperf.com/images/sm_fish.gif" is in the cache already and will not be downloaded again  	[MsgId: MMSG-26655]
RemoveTheProduct.c(10): Resource "https://petstore.octoperf.com/images/sm_dogs.gif" is in the cache already and will not be downloaded again  	[MsgId: MMSG-26655]
RemoveTheProduct.c(10): Resource "https://petstore.octoperf.com/images/sm_reptiles.gif" is in the cache already and will not be downloaded again  	[MsgId: MMSG-26655]
RemoveTheProduct.c(10): Resource "https://petstore.octoperf.com/images/sm_cats.gif" is in the cache already and will not be downloaded again  	[MsgId: MMSG-26655]
RemoveTheProduct.c(10): Resource "https://petstore.octoperf.com/images/sm_birds.gif" is in the cache already and will not be downloaded again  	[MsgId: MMSG-26655]
RemoveTheProduct.c(10): Resource "https://petstore.octoperf.com/images/banner_fish.gif" is in the cache already and will not be downloaded again  	[MsgId: MMSG-26655]
RemoveTheProduct.c(10): Registered web_reg_find successful for "Text=Shopping Cart" (count=1)  	[MsgId: MMSG-26364]
RemoveTheProduct.c(10): web_image("cart.gif") was successful, 4623 body bytes, 225 header bytes  	[MsgId: MMSG-26386]
RemoveTheProduct.c(14): Notify: Transaction "PetStore_ClickOnViewCartR_T01" ended with a "Pass" status (Duration: 0.1291 Wasted Time: 0.0000).	[MsgId: MMSG-16871]
RemoveTheProduct.c(16): lr_think_time: 3.05 seconds (recorded think time was 5.00 seconds).	[MsgId: MMSG-15947]
Registration.c(29): Notify: Transaction "PetStore_SubmitRegistration_T02" started.	[MsgId: MMSG-16999]
Registration.c(31): web_reg_find started  	[MsgId: MMSG-26355]
AddToCard.c(67): Notify: Transaction "PetStore_SelectItemId_T03" started.	[MsgId: MMSG-16999]
Registration.c(31): Registering web_reg_find was successful  	[MsgId: MMSG-26390]
AddToCard.c(71): Notify: Parameter Substitution: parameter "itemId_count" =  "2"	[MsgId: MMSG-13992]
AddToCard.c(72): Notify: Parameter Substitution: parameter "itemId_2" =  "EST-10"	[MsgId: MMSG-13992]
Registration.c(38): Notify: Saving Parameter "randomUsername = HLYL".	[MsgId: MMSG-13798]
AddToCard.c(74): Notify: Saving Parameter "RanditemId = EST-10".	[MsgId: MMSG-13798]
AddToCard.c(75): Notify: Parameter Substitution: parameter "RanditemId" =  "EST-10"	[MsgId: MMSG-13992]
Registration.c(44): Notify: Saving Parameter "randompass = uxkr".	[MsgId: MMSG-13798]
AddToCard.c(75): Random category selected in Action2 = EST-10	[MsgId: MMSG-17999]
Registration.c(58): Notify: Saving Parameter "randomFirstName = eyxcp".	[MsgId: MMSG-13798]
Registration.c(59): Notify: Saving Parameter "randomLastName = ikzse".	[MsgId: MMSG-13798]
Registration.c(71): Notify: Saving Parameter "RandomPhone = ;335219630".	[MsgId: MMSG-13798]
Registration.c(80): Notify: Saving Parameter "RandomZip = 379527".	[MsgId: MMSG-13798]
Registration.c(83): web_submit_form("Account.action") started  	[MsgId: MMSG-26355]
Registration.c(83): Notify: Parameter Substitution: parameter "randomUsername" =  "HLYL"	[MsgId: MMSG-13992]
AddToCard.c(77): web_reg_find started  	[MsgId: MMSG-26355]
AddToCard.c(77): Notify: Parameter Substitution: parameter "RanditemId" =  "EST-10"	[MsgId: MMSG-13992]
AddToCard.c(77): Registering web_reg_find was successful  	[MsgId: MMSG-26390]
AddToCard.c(79): web_link("{RanditemId}") started  	[MsgId: MMSG-26355]
AddToCard.c(79): Notify: Parameter Substitution: parameter "RanditemId" =  "EST-10"	[MsgId: MMSG-13992]
AddToCard.c(79): Linking to "https://petstore.octoperf.com/actions/Catalog.action?viewItem=&itemId=EST-10", Target Frame=""  	[MsgId: MMSG-27994]
Registration.c(83): Notify: Parameter Substitution: parameter "randompass" =  "uxkr"	[MsgId: MMSG-13992]
Registration.c(83): Notify: Parameter Substitution: parameter "randompass" =  "uxkr"	[MsgId: MMSG-13992]
Registration.c(83): Notify: Parameter Substitution: parameter "randomFirstName" =  "eyxcp"	[MsgId: MMSG-13992]
Registration.c(83): Notify: Parameter Substitution: parameter "randomLastName" =  "ikzse"	[MsgId: MMSG-13992]
Registration.c(83): Notify: Parameter Substitution: parameter "randomFirstName" =  "eyxcp"	[MsgId: MMSG-13992]
Registration.c(83): Notify: Parameter Substitution: parameter "randomLastName" =  "ikzse"	[MsgId: MMSG-13992]
Registration.c(83): Notify: Parameter Substitution: parameter "RandomPhone" =  ";335219630"	[MsgId: MMSG-13992]
Registration.c(83): Notify: Parameter Substitution: parameter "RandomZip" =  "379527"	[MsgId: MMSG-13992]
Registration.c(83): Submitting form to "https://petstore.octoperf.com/actions/Account.action", Target Frame=""  	[MsgId: MMSG-27978]
Registration.c(83): Connection to petstore.octoperf.com:443 closed after being inactive for 62 seconds, exceeding the "HTTP Keep-Alive timeout" Runtime Setting (60 seconds). URL="[None]"  	[MsgId: MMSG-27647]
Starting iteration 5.	[MsgId: MMSG-15968]
Notify: Next row for parameter UserName = 1 [table  = UserName].	[MsgId: MMSG-13876]
Notify: Getting new value for parameter 'UserName': table = 'UserName.dat' column = '0' row = '1'.	[MsgId: MMSG-13877]
Notify: Next row for parameter PetStoreEndtoEndFlow_UserName = 1 [table  = PetStoreEndtoEndFlow_UserName].	[MsgId: MMSG-13876]
Notify: Getting new value for parameter 'PetStoreEndtoEndFlow_UserName': table = 'UserCredentilas1.dat' column = '0' row = '1'.	[MsgId: MMSG-13877]
Notify: Next row for parameter PetStoreEndtoEndFlow_pass = 1 [table  = PetStoreEndtoEndFlow_pass].	[MsgId: MMSG-13876]
Notify: Getting new value for parameter 'PetStoreEndtoEndFlow_pass': table = 'UserCredentilas3.dat' column = '0' row = '1'.	[MsgId: MMSG-13877]
Notify: Next row for parameter pass = 1 [table  = pass].	[MsgId: MMSG-13876]
Notify: Getting new value for parameter 'pass': table = 'UserName.dat' column = '0' row = '1'.	[MsgId: MMSG-13877]
Starting action Login.	[MsgId: MMSG-15919]
Registration.c(15): Notify: Transaction "PetStore_ClickOnRegistration_T01" started.	[MsgId: MMSG-16999]
Registration.c(17): web_reg_find started  	[MsgId: MMSG-26355]
Registration.c(17): Registering web_reg_find was successful  	[MsgId: MMSG-26390]
Registration.c(20): web_link("Register Now!") started  	[MsgId: MMSG-26355]
Registration.c(20): Error -27985: There is no context for HTML-based functions. A previous function may not have used "Mode=HTML" or downloaded only non-HTML page(s), or the context has been reset (e.g., due to a GUI-based function)  	[MsgId: MERR-27985]
Registration.c(20): Warning -26379: Pending web_reg_save_param/web_reg_find/web_create_html_param/web_create_html_param_ex request(s) are deleted and will be handled as "not found"  	[MsgId: MWAR-26379]
Registration.c(20): Error -26366: "Text=User Information" not found for web_reg_find  	[MsgId: MERR-26366]
Registration.c(20): Error -26374: The above "not found" error(s) may be explained by header and body byte counts being 0 and 0, respectively.  	[MsgId: MERR-26374]
Registration.c(20): web_link("Register Now!") highest severity level was "ERROR", 0 body bytes, 0 header bytes  	[MsgId: MMSG-26388]
Registration.c(20): Notify: Transaction "PetStore_ClickOnRegistration_T01" ended with a "Fail" status (Duration: 0.0028).	[MsgId: MMSG-16873]
Registration.c(20): Notify: Transaction "PetStore_ClickOnRegistration_T01" has 3 error message(s).	[MsgId: MMSG-16818]
Registration.c(20): Notify: The 1st error message associated with transaction "PetStore_ClickOnRegistration_T01" is "Error -27985: There is no context for HTML-based functions. A previous function may not have used "Mode=HTML" or downloaded only non-HTML page(s), or the context has been reset (e.g., due to a GUI-based function)"	[MsgId: MMSG-16819]
Registration.c(20): Notify: The 2nd error message associated with transaction "PetStore_ClickOnRegistration_T01" is "Error -26366: "Text=User Information" not found for web_reg_find"	[MsgId: MMSG-16819]
Registration.c(20): Notify: The 3rd error message associated with transaction "PetStore_ClickOnRegistration_T01" is "Error -26374: The above "not found" error(s) may be explained by header and body byte counts being 0 and 0, respectively."	[MsgId: MMSG-16819]
Ending action Login.	[MsgId: MMSG-15918]
Ending iteration 5.	[MsgId: MMSG-15965]
Waiting 8.5480 seconds for iteration pacing.	[MsgId: MMSG-15996]
AddToCard.c(79): Resource "https://petstore.octoperf.com/css/jpetstore.css" is in the cache already and will not be downloaded again  	[MsgId: MMSG-26655]
AddToCard.c(79): Resource "https://petstore.octoperf.com/images/logo-topbar.svg" is in the cache already and will not be downloaded again  	[MsgId: MMSG-26655]
AddToCard.c(79): Resource "https://petstore.octoperf.com/images/cart.gif" is in the cache already and will not be downloaded again  	[MsgId: MMSG-26655]
AddToCard.c(79): Resource "https://petstore.octoperf.com/images/separator.gif" is in the cache already and will not be downloaded again  	[MsgId: MMSG-26655]
AddToCard.c(79): Resource "https://petstore.octoperf.com/images/sm_fish.gif" is in the cache already and will not be downloaded again  	[MsgId: MMSG-26655]
AddToCard.c(79): Resource "https://petstore.octoperf.com/images/sm_dogs.gif" is in the cache already and will not be downloaded again  	[MsgId: MMSG-26655]
AddToCard.c(79): Resource "https://petstore.octoperf.com/images/sm_reptiles.gif" is in the cache already and will not be downloaded again  	[MsgId: MMSG-26655]
AddToCard.c(79): Resource "https://petstore.octoperf.com/images/sm_cats.gif" is in the cache already and will not be downloaded again  	[MsgId: MMSG-26655]
AddToCard.c(79): Resource "https://petstore.octoperf.com/images/sm_birds.gif" is in the cache already and will not be downloaded again  	[MsgId: MMSG-26655]
AddToCard.c(79): Found resource "https://petstore.octoperf.com/images/dog5.gif" in HTML "https://petstore.octoperf.com/actions/Catalog.action?viewItem=&itemId=EST-10"  	[MsgId: MMSG-26659]
AddToCard.c(79): Resource "https://petstore.octoperf.com/images/banner_fish.gif" is in the cache already and will not be downloaded again  	[MsgId: MMSG-26655]
RemoveTheProduct.c(18): Notify: Transaction "PetStore_ClickOnRemove_T02" started.	[MsgId: MMSG-16999]
RemoveTheProduct.c(20): web_reg_find started  	[MsgId: MMSG-26355]
RemoveTheProduct.c(20): Registering web_reg_find was successful  	[MsgId: MMSG-26390]
RemoveTheProduct.c(23): web_link("Remove") started  	[MsgId: MMSG-26355]
RemoveTheProduct.c(23): Linking to "https://petstore.octoperf.com/actions/Cart.action?removeItemFromCart=&workingItemId=EST-4", Target Frame=""  	[MsgId: MMSG-27994]
AddToCard.c(79): Registered web_reg_find successful for "Text=EST-10" (count=2)  	[MsgId: MMSG-26364]
AddToCard.c(79): web_link("{RanditemId}") was successful, 16486 body bytes, 511 header bytes  	[MsgId: MMSG-26386]
AddToCard.c(84): Notify: Transaction "PetStore_SelectItemId_T03" ended with a "Pass" status (Duration: 0.3774 Wasted Time: 0.0000).	[MsgId: MMSG-16871]
AddToCard.c(86): lr_think_time: 2.77 seconds (recorded think time was 5.00 seconds).	[MsgId: MMSG-15947]
AddToCard.c(88): Notify: Transaction "PetStore_AddToCard_T04" started.	[MsgId: MMSG-16999]
AddToCard.c(90): web_reg_find started  	[MsgId: MMSG-26355]
AddToCard.c(90): Registering web_reg_find was successful  	[MsgId: MMSG-26390]
AddToCard.c(94): web_link("Add to Cart") started  	[MsgId: MMSG-26355]
AddToCard.c(94): Linking to "https://petstore.octoperf.com/actions/Cart.action?addItemToCart=&workingItemId=EST-1", Target Frame=""  	[MsgId: MMSG-27994]
RemoveTheProduct.c(23): Resource "https://petstore.octoperf.com/css/jpetstore.css" is in the cache already and will not be downloaded again  	[MsgId: MMSG-26655]
RemoveTheProduct.c(23): Resource "https://petstore.octoperf.com/images/logo-topbar.svg" is in the cache already and will not be downloaded again  	[MsgId: MMSG-26655]
RemoveTheProduct.c(23): Resource "https://petstore.octoperf.com/images/cart.gif" is in the cache already and will not be downloaded again  	[MsgId: MMSG-26655]
RemoveTheProduct.c(23): Resource "https://petstore.octoperf.com/images/separator.gif" is in the cache already and will not be downloaded again  	[MsgId: MMSG-26655]
RemoveTheProduct.c(23): Resource "https://petstore.octoperf.com/images/sm_fish.gif" is in the cache already and will not be downloaded again  	[MsgId: MMSG-26655]
RemoveTheProduct.c(23): Resource "https://petstore.octoperf.com/images/sm_dogs.gif" is in the cache already and will not be downloaded again  	[MsgId: MMSG-26655]
RemoveTheProduct.c(23): Resource "https://petstore.octoperf.com/images/sm_reptiles.gif" is in the cache already and will not be downloaded again  	[MsgId: MMSG-26655]
RemoveTheProduct.c(23): Resource "https://petstore.octoperf.com/images/sm_cats.gif" is in the cache already and will not be downloaded again  	[MsgId: MMSG-26655]
RemoveTheProduct.c(23): Resource "https://petstore.octoperf.com/images/sm_birds.gif" is in the cache already and will not be downloaded again  	[MsgId: MMSG-26655]
RemoveTheProduct.c(23): Resource "https://petstore.octoperf.com/images/banner_fish.gif" is in the cache already and will not be downloaded again  	[MsgId: MMSG-26655]
RemoveTheProduct.c(23): Registered web_reg_find successful for "Text=Your cart is empty." (count=1)  	[MsgId: MMSG-26364]
RemoveTheProduct.c(23): web_link("Remove") was successful, 4202 body bytes, 225 header bytes  	[MsgId: MMSG-26386]
RemoveTheProduct.c(28): Notify: Transaction "PetStore_ClickOnRemove_T02" ended with a "Pass" status (Duration: 0.1270 Wasted Time: 0.0000).	[MsgId: MMSG-16871]
Ending action RemoveTheProduct.	[MsgId: MMSG-15918]
Ending iteration 1.	[MsgId: MMSG-15965]
Waiting 8.8760 seconds for iteration pacing.	[MsgId: MMSG-15996]
AddToCard.c(94): Resource "https://petstore.octoperf.com/css/jpetstore.css" is in the cache already and will not be downloaded again  	[MsgId: MMSG-26655]
AddToCard.c(94): Resource "https://petstore.octoperf.com/images/logo-topbar.svg" is in the cache already and will not be downloaded again  	[MsgId: MMSG-26655]
AddToCard.c(94): Resource "https://petstore.octoperf.com/images/cart.gif" is in the cache already and will not be downloaded again  	[MsgId: MMSG-26655]
AddToCard.c(94): Resource "https://petstore.octoperf.com/images/separator.gif" is in the cache already and will not be downloaded again  	[MsgId: MMSG-26655]
AddToCard.c(94): Resource "https://petstore.octoperf.com/images/sm_fish.gif" is in the cache already and will not be downloaded again  	[MsgId: MMSG-26655]
AddToCard.c(94): Resource "https://petstore.octoperf.com/images/sm_dogs.gif" is in the cache already and will not be downloaded again  	[MsgId: MMSG-26655]
AddToCard.c(94): Resource "https://petstore.octoperf.com/images/sm_reptiles.gif" is in the cache already and will not be downloaded again  	[MsgId: MMSG-26655]
AddToCard.c(94): Resource "https://petstore.octoperf.com/images/sm_cats.gif" is in the cache already and will not be downloaded again  	[MsgId: MMSG-26655]
AddToCard.c(94): Resource "https://petstore.octoperf.com/images/sm_birds.gif" is in the cache already and will not be downloaded again  	[MsgId: MMSG-26655]
AddToCard.c(94): Resource "https://petstore.octoperf.com/images/banner_fish.gif" is in the cache already and will not be downloaded again  	[MsgId: MMSG-26655]
AddToCard.c(94): Registered web_reg_find successful for "Text=Shopping Cart" (count=1)  	[MsgId: MMSG-26364]
AddToCard.c(94): web_link("Add to Cart") was successful, 4627 body bytes, 225 header bytes  	[MsgId: MMSG-26386]
AddToCard.c(99): Notify: Transaction "PetStore_AddToCard_T04" ended with a "Pass" status (Duration: 0.1266 Wasted Time: 0.0000).	[MsgId: MMSG-16871]
RemoveTheProduct.c(7): Notify: Transaction "PetStore_ClickOnViewCartR_T01" started.	[MsgId: MMSG-16999]
RemoveTheProduct.c(8): web_reg_find started  	[MsgId: MMSG-26355]
RemoveTheProduct.c(8): Registering web_reg_find was successful  	[MsgId: MMSG-26390]
RemoveTheProduct.c(10): web_image("cart.gif") started  	[MsgId: MMSG-26355]
RemoveTheProduct.c(10): Image-linking to "https://petstore.octoperf.com/actions/Cart.action?viewCart=", Target Frame=""  	[MsgId: MMSG-27993]
Login.c(17): Notify: Transaction "PetStore_Login_T01" started.	[MsgId: MMSG-16999]
Login.c(18): web_reg_find started  	[MsgId: MMSG-26355]
Login.c(18): Registering web_reg_find was successful  	[MsgId: MMSG-26390]
Login.c(20): web_reg_save_param_regexp started  	[MsgId: MMSG-26355]
Login.c(20): Registering web_reg_save_param_regexp was successful  	[MsgId: MMSG-26390]
Login.c(26): web_submit_form("Account.action") started  	[MsgId: MMSG-26355]
Login.c(26): Notify: Parameter Substitution: parameter "randomUsername" =  "AQQM"	[MsgId: MMSG-13992]
Login.c(26): Notify: Parameter Substitution: parameter "randompass" =  "oyqg"	[MsgId: MMSG-13992]
Login.c(26): Submitting form to "https://petstore.octoperf.com/actions/Account.action", Target Frame=""  	[MsgId: MMSG-27978]
RemoveTheProduct.c(10): Resource "https://petstore.octoperf.com/css/jpetstore.css" is in the cache already and will not be downloaded again  	[MsgId: MMSG-26655]
RemoveTheProduct.c(10): Resource "https://petstore.octoperf.com/images/logo-topbar.svg" is in the cache already and will not be downloaded again  	[MsgId: MMSG-26655]
RemoveTheProduct.c(10): Resource "https://petstore.octoperf.com/images/cart.gif" is in the cache already and will not be downloaded again  	[MsgId: MMSG-26655]
RemoveTheProduct.c(10): Resource "https://petstore.octoperf.com/images/separator.gif" is in the cache already and will not be downloaded again  	[MsgId: MMSG-26655]
RemoveTheProduct.c(10): Resource "https://petstore.octoperf.com/images/sm_fish.gif" is in the cache already and will not be downloaded again  	[MsgId: MMSG-26655]
RemoveTheProduct.c(10): Resource "https://petstore.octoperf.com/images/sm_dogs.gif" is in the cache already and will not be downloaded again  	[MsgId: MMSG-26655]
RemoveTheProduct.c(10): Resource "https://petstore.octoperf.com/images/sm_reptiles.gif" is in the cache already and will not be downloaded again  	[MsgId: MMSG-26655]
RemoveTheProduct.c(10): Resource "https://petstore.octoperf.com/images/sm_cats.gif" is in the cache already and will not be downloaded again  	[MsgId: MMSG-26655]
RemoveTheProduct.c(10): Resource "https://petstore.octoperf.com/images/sm_birds.gif" is in the cache already and will not be downloaded again  	[MsgId: MMSG-26655]
RemoveTheProduct.c(10): Resource "https://petstore.octoperf.com/images/banner_fish.gif" is in the cache already and will not be downloaded again  	[MsgId: MMSG-26655]
RemoveTheProduct.c(10): Registered web_reg_find successful for "Text=Shopping Cart" (count=1)  	[MsgId: MMSG-26364]
RemoveTheProduct.c(10): web_image("cart.gif") was successful, 4627 body bytes, 225 header bytes  	[MsgId: MMSG-26386]
RemoveTheProduct.c(14): Notify: Transaction "PetStore_ClickOnViewCartR_T01" ended with a "Pass" status (Duration: 0.1284 Wasted Time: 0.0000).	[MsgId: MMSG-16871]
RemoveTheProduct.c(16): lr_think_time: 4.14 seconds (recorded think time was 5.00 seconds).	[MsgId: MMSG-15947]
Registration.c(83): Redirecting "https://petstore.octoperf.com/actions/Account.action" (redirection depth is 0)  	[MsgId: MMSG-26694]
Registration.c(83): To location "https://petstore.octoperf.com/actions/Catalog.action"  	[MsgId: MMSG-26693]
Starting iteration 4.	[MsgId: MMSG-15968]
Notify: Next row for parameter UserName = 1 [table  = UserName].	[MsgId: MMSG-13876]
Notify: Getting new value for parameter 'UserName': table = 'UserName.dat' column = '0' row = '1'.	[MsgId: MMSG-13877]
Notify: Next row for parameter PetStoreEndtoEndFlow_UserName = 1 [table  = PetStoreEndtoEndFlow_UserName].	[MsgId: MMSG-13876]
Notify: Getting new value for parameter 'PetStoreEndtoEndFlow_UserName': table = 'UserCredentilas1.dat' column = '0' row = '1'.	[MsgId: MMSG-13877]
Notify: Next row for parameter PetStoreEndtoEndFlow_pass = 1 [table  = PetStoreEndtoEndFlow_pass].	[MsgId: MMSG-13876]
Notify: Getting new value for parameter 'PetStoreEndtoEndFlow_pass': table = 'UserCredentilas3.dat' column = '0' row = '1'.	[MsgId: MMSG-13877]
Notify: Next row for parameter pass = 1 [table  = pass].	[MsgId: MMSG-13876]
Notify: Getting new value for parameter 'pass': table = 'UserName.dat' column = '0' row = '1'.	[MsgId: MMSG-13877]
Starting action Login.	[MsgId: MMSG-15919]
Registration.c(15): Notify: Transaction "PetStore_ClickOnRegistration_T01" started.	[MsgId: MMSG-16999]
Registration.c(17): web_reg_find started  	[MsgId: MMSG-26355]
Registration.c(17): Registering web_reg_find was successful  	[MsgId: MMSG-26390]
Registration.c(20): web_link("Register Now!") started  	[MsgId: MMSG-26355]
Registration.c(20): Error -27985: There is no context for HTML-based functions. A previous function may not have used "Mode=HTML" or downloaded only non-HTML page(s), or the context has been reset (e.g., due to a GUI-based function)  	[MsgId: MERR-27985]
Registration.c(20): Warning -26379: Pending web_reg_save_param/web_reg_find/web_create_html_param/web_create_html_param_ex request(s) are deleted and will be handled as "not found"  	[MsgId: MWAR-26379]
Registration.c(20): Error -26366: "Text=User Information" not found for web_reg_find  	[MsgId: MERR-26366]
Registration.c(20): Error -26374: The above "not found" error(s) may be explained by header and body byte counts being 0 and 0, respectively.  	[MsgId: MERR-26374]
Registration.c(20): web_link("Register Now!") highest severity level was "ERROR", 0 body bytes, 0 header bytes  	[MsgId: MMSG-26388]
Registration.c(20): Notify: Transaction "PetStore_ClickOnRegistration_T01" ended with a "Fail" status (Duration: 0.0014).	[MsgId: MMSG-16873]
Registration.c(20): Notify: Transaction "PetStore_ClickOnRegistration_T01" has 3 error message(s).	[MsgId: MMSG-16818]
Registration.c(20): Notify: The 1st error message associated with transaction "PetStore_ClickOnRegistration_T01" is "Error -27985: There is no context for HTML-based functions. A previous function may not have used "Mode=HTML" or downloaded only non-HTML page(s), or the context has been reset (e.g., due to a GUI-based function)"	[MsgId: MMSG-16819]
Registration.c(20): Notify: The 2nd error message associated with transaction "PetStore_ClickOnRegistration_T01" is "Error -26366: "Text=User Information" not found for web_reg_find"	[MsgId: MMSG-16819]
Registration.c(20): Notify: The 3rd error message associated with transaction "PetStore_ClickOnRegistration_T01" is "Error -26374: The above "not found" error(s) may be explained by header and body byte counts being 0 and 0, respectively."	[MsgId: MMSG-16819]
Ending action Login.	[MsgId: MMSG-15918]
Ending iteration 4.	[MsgId: MMSG-15965]
Waiting 8.0210 seconds for iteration pacing.	[MsgId: MMSG-15996]
Login.c(26): Redirecting "https://petstore.octoperf.com/actions/Account.action" (redirection depth is 0)  	[MsgId: MMSG-26694]
Login.c(26): To location "https://petstore.octoperf.com/actions/Catalog.action"  	[MsgId: MMSG-26693]
Registration.c(83): Resource "https://petstore.octoperf.com/css/jpetstore.css" is in the cache already and will not be downloaded again  	[MsgId: MMSG-26655]
Registration.c(83): Resource "https://petstore.octoperf.com/images/logo-topbar.svg" is in the cache already and will not be downloaded again  	[MsgId: MMSG-26655]
Registration.c(83): Resource "https://petstore.octoperf.com/images/cart.gif" is in the cache already and will not be downloaded again  	[MsgId: MMSG-26655]
Registration.c(83): Resource "https://petstore.octoperf.com/images/separator.gif" is in the cache already and will not be downloaded again  	[MsgId: MMSG-26655]
Registration.c(83): Resource "https://petstore.octoperf.com/images/sm_fish.gif" is in the cache already and will not be downloaded again  	[MsgId: MMSG-26655]
Registration.c(83): Resource "https://petstore.octoperf.com/images/sm_dogs.gif" is in the cache already and will not be downloaded again  	[MsgId: MMSG-26655]
Registration.c(83): Resource "https://petstore.octoperf.com/images/sm_reptiles.gif" is in the cache already and will not be downloaded again  	[MsgId: MMSG-26655]
Registration.c(83): Resource "https://petstore.octoperf.com/images/sm_cats.gif" is in the cache already and will not be downloaded again  	[MsgId: MMSG-26655]
Registration.c(83): Resource "https://petstore.octoperf.com/images/sm_birds.gif" is in the cache already and will not be downloaded again  	[MsgId: MMSG-26655]
Registration.c(83): Resource "https://petstore.octoperf.com/images/fish_icon.gif" is in the cache already and will not be downloaded again  	[MsgId: MMSG-26655]
Registration.c(83): Resource "https://petstore.octoperf.com/images/dogs_icon.gif" is in the cache already and will not be downloaded again  	[MsgId: MMSG-26655]
Registration.c(83): Resource "https://petstore.octoperf.com/images/cats_icon.gif" is in the cache already and will not be downloaded again  	[MsgId: MMSG-26655]
Registration.c(83): Resource "https://petstore.octoperf.com/images/reptiles_icon.gif" is in the cache already and will not be downloaded again  	[MsgId: MMSG-26655]
Registration.c(83): Resource "https://petstore.octoperf.com/images/birds_icon.gif" is in the cache already and will not be downloaded again  	[MsgId: MMSG-26655]
Registration.c(83): Resource "https://petstore.octoperf.com/images/splash.gif" is in the cache already and will not be downloaded again  	[MsgId: MMSG-26655]
Registration.c(83): Registered web_reg_find successful for "Text=Elevate you load-testing" (count=1)  	[MsgId: MMSG-26364]
Registration.c(83): web_submit_form("Account.action") was successful, 4736 body bytes, 443 header bytes  	[MsgId: MMSG-26386]
Registration.c(105): Notify: Transaction "PetStore_SubmitRegistration_T02" ended with a "Pass" status (Duration: 0.8086 Wasted Time: 0.0000).	[MsgId: MMSG-16871]
Registration.c(107): lr_think_time: 3.89 seconds (recorded think time was 5.00 seconds).	[MsgId: MMSG-15947]
Login.c(26): Resource "https://petstore.octoperf.com/css/jpetstore.css" is in the cache already and will not be downloaded again  	[MsgId: MMSG-26655]
Login.c(26): Resource "https://petstore.octoperf.com/images/logo-topbar.svg" is in the cache already and will not be downloaded again  	[MsgId: MMSG-26655]
Login.c(26): Resource "https://petstore.octoperf.com/images/cart.gif" is in the cache already and will not be downloaded again  	[MsgId: MMSG-26655]
Login.c(26): Resource "https://petstore.octoperf.com/images/separator.gif" is in the cache already and will not be downloaded again  	[MsgId: MMSG-26655]
Login.c(26): Resource "https://petstore.octoperf.com/images/sm_fish.gif" is in the cache already and will not be downloaded again  	[MsgId: MMSG-26655]
Login.c(26): Resource "https://petstore.octoperf.com/images/sm_dogs.gif" is in the cache already and will not be downloaded again  	[MsgId: MMSG-26655]
Login.c(26): Resource "https://petstore.octoperf.com/images/sm_reptiles.gif" is in the cache already and will not be downloaded again  	[MsgId: MMSG-26655]
Login.c(26): Resource "https://petstore.octoperf.com/images/sm_cats.gif" is in the cache already and will not be downloaded again  	[MsgId: MMSG-26655]
Login.c(26): Resource "https://petstore.octoperf.com/images/sm_birds.gif" is in the cache already and will not be downloaded again  	[MsgId: MMSG-26655]
Login.c(26): Resource "https://petstore.octoperf.com/images/fish_icon.gif" is in the cache already and will not be downloaded again  	[MsgId: MMSG-26655]
Login.c(26): Resource "https://petstore.octoperf.com/images/dogs_icon.gif" is in the cache already and will not be downloaded again  	[MsgId: MMSG-26655]
Login.c(26): Resource "https://petstore.octoperf.com/images/cats_icon.gif" is in the cache already and will not be downloaded again  	[MsgId: MMSG-26655]
Login.c(26): Resource "https://petstore.octoperf.com/images/reptiles_icon.gif" is in the cache already and will not be downloaded again  	[MsgId: MMSG-26655]
Login.c(26): Resource "https://petstore.octoperf.com/images/birds_icon.gif" is in the cache already and will not be downloaded again  	[MsgId: MMSG-26655]
Login.c(26): Resource "https://petstore.octoperf.com/images/splash.gif" is in the cache already and will not be downloaded again  	[MsgId: MMSG-26655]
Login.c(26): Found resource "https://petstore.octoperf.com/images/banner_fish.gif" in HTML "https://petstore.octoperf.com/actions/Catalog.action"  	[MsgId: MMSG-26659]
Login.c(26): Notify: Saving Parameter "ProductName_1 = BIRDS".	[MsgId: MMSG-13798]
Login.c(26): Notify: Saving Parameter "ProductName_2 = FISH".	[MsgId: MMSG-13798]
Login.c(26): Notify: Saving Parameter "ProductName_3 = DOGS".	[MsgId: MMSG-13798]
Login.c(26): Notify: Saving Parameter "ProductName_4 = REPTILES".	[MsgId: MMSG-13798]
Login.c(26): Notify: Saving Parameter "ProductName_5 = CATS".	[MsgId: MMSG-13798]
Login.c(26): Notify: Saving Parameter "ProductName_6 = BIRDS".	[MsgId: MMSG-13798]
Login.c(26): Notify: Saving Parameter "ProductName_count = 6".	[MsgId: MMSG-13798]
Login.c(26): Registered web_reg_find successful for "Text=My Account" (count=1)  	[MsgId: MMSG-26364]
Login.c(26): web_submit_form("Account.action") was successful, 11416 body bytes, 727 header bytes  	[MsgId: MMSG-26386]
Login.c(34): Notify: Transaction "PetStore_Login_T01" ended with a "Pass" status (Duration: 0.4975 Wasted Time: 0.0005).	[MsgId: MMSG-16871]
Ending action Login.	[MsgId: MMSG-15918]
Starting action RemoveTheProduct.	[MsgId: MMSG-15919]
AddToCard.c(8): Notify: Transaction "PetStore_AddAproduct_T01" started.	[MsgId: MMSG-16999]
AddToCard.c(11): Notify: Parameter Substitution: parameter "ProductName_count" =  "6"	[MsgId: MMSG-13992]
AddToCard.c(12): Notify: Parameter Substitution: parameter "ProductName_5" =  "CATS"	[MsgId: MMSG-13992]
AddToCard.c(14): Notify: Saving Parameter "RandCategory = CATS".	[MsgId: MMSG-13798]
AddToCard.c(15): Notify: Parameter Substitution: parameter "RandCategory" =  "CATS"	[MsgId: MMSG-13992]
AddToCard.c(15): Random category selected in Action2 = CATS	[MsgId: MMSG-17999]
AddToCard.c(17): web_reg_find started  	[MsgId: MMSG-26355]
AddToCard.c(17): Notify: Parameter Substitution: parameter "RandCategory" =  "CATS"	[MsgId: MMSG-13992]
AddToCard.c(17): Registering web_reg_find was successful  	[MsgId: MMSG-26390]
AddToCard.c(20): web_reg_save_param_regexp started  	[MsgId: MMSG-26355]
AddToCard.c(20): Registering web_reg_save_param_regexp was successful  	[MsgId: MMSG-26390]
AddToCard.c(27): web_url("Catalog.action_2") started  	[MsgId: MMSG-26355]
AddToCard.c(27): Notify: Parameter Substitution: parameter "RandCategory" =  "CATS"	[MsgId: MMSG-13992]
Registration.c(109): Notify: Transaction "PetStore_SignOut_T03" started.	[MsgId: MMSG-16999]
Registration.c(111): web_reg_find started  	[MsgId: MMSG-26355]
Registration.c(111): Registering web_reg_find was successful  	[MsgId: MMSG-26390]
Registration.c(114): web_url("Account.action_2") started  	[MsgId: MMSG-26355]
AddToCard.c(27): Resource "https://petstore.octoperf.com/css/jpetstore.css" is in the cache already and will not be downloaded again  	[MsgId: MMSG-26655]
AddToCard.c(27): Resource "https://petstore.octoperf.com/images/logo-topbar.svg" is in the cache already and will not be downloaded again  	[MsgId: MMSG-26655]
AddToCard.c(27): Resource "https://petstore.octoperf.com/images/cart.gif" is in the cache already and will not be downloaded again  	[MsgId: MMSG-26655]
AddToCard.c(27): Resource "https://petstore.octoperf.com/images/separator.gif" is in the cache already and will not be downloaded again  	[MsgId: MMSG-26655]
AddToCard.c(27): Resource "https://petstore.octoperf.com/images/sm_fish.gif" is in the cache already and will not be downloaded again  	[MsgId: MMSG-26655]
AddToCard.c(27): Resource "https://petstore.octoperf.com/images/sm_dogs.gif" is in the cache already and will not be downloaded again  	[MsgId: MMSG-26655]
AddToCard.c(27): Resource "https://petstore.octoperf.com/images/sm_reptiles.gif" is in the cache already and will not be downloaded again  	[MsgId: MMSG-26655]
AddToCard.c(27): Resource "https://petstore.octoperf.com/images/sm_cats.gif" is in the cache already and will not be downloaded again  	[MsgId: MMSG-26655]
AddToCard.c(27): Resource "https://petstore.octoperf.com/images/sm_birds.gif" is in the cache already and will not be downloaded again  	[MsgId: MMSG-26655]
AddToCard.c(27): Resource "https://petstore.octoperf.com/images/banner_fish.gif" is in the cache already and will not be downloaded again  	[MsgId: MMSG-26655]
AddToCard.c(27): Notify: Saving Parameter "productId_1 = FL-DSH-01".	[MsgId: MMSG-13798]
AddToCard.c(27): Notify: Saving Parameter "productId_2 = FL-DLH-02".	[MsgId: MMSG-13798]
AddToCard.c(27): Notify: Saving Parameter "productId_count = 2".	[MsgId: MMSG-13798]
AddToCard.c(27): Registered web_reg_find successful for "Text=CATS" (count=1)  	[MsgId: MMSG-26364]
AddToCard.c(27): web_url("Catalog.action_2") was successful, 3621 body bytes, 225 header bytes  	[MsgId: MMSG-26386]
AddToCard.c(36): Notify: Transaction "PetStore_AddAproduct_T01" ended with a "Pass" status (Duration: 0.1261 Wasted Time: 0.0002).	[MsgId: MMSG-16871]
AddToCard.c(38): lr_think_time: 2.82 seconds (recorded think time was 5.00 seconds).	[MsgId: MMSG-15947]
Starting iteration 6.	[MsgId: MMSG-15968]
Notify: Next row for parameter UserName = 1 [table  = UserName].	[MsgId: MMSG-13876]
Notify: Getting new value for parameter 'UserName': table = 'UserName.dat' column = '0' row = '1'.	[MsgId: MMSG-13877]
Notify: Next row for parameter PetStoreEndtoEndFlow_UserName = 1 [table  = PetStoreEndtoEndFlow_UserName].	[MsgId: MMSG-13876]
Notify: Getting new value for parameter 'PetStoreEndtoEndFlow_UserName': table = 'UserCredentilas1.dat' column = '0' row = '1'.	[MsgId: MMSG-13877]
Notify: Next row for parameter PetStoreEndtoEndFlow_pass = 1 [table  = PetStoreEndtoEndFlow_pass].	[MsgId: MMSG-13876]
Notify: Getting new value for parameter 'PetStoreEndtoEndFlow_pass': table = 'UserCredentilas3.dat' column = '0' row = '1'.	[MsgId: MMSG-13877]
Notify: Next row for parameter pass = 1 [table  = pass].	[MsgId: MMSG-13876]
Notify: Getting new value for parameter 'pass': table = 'UserName.dat' column = '0' row = '1'.	[MsgId: MMSG-13877]
Starting action Login.	[MsgId: MMSG-15919]
Registration.c(15): Notify: Transaction "PetStore_ClickOnRegistration_T01" started.	[MsgId: MMSG-16999]
Registration.c(17): web_reg_find started  	[MsgId: MMSG-26355]
Registration.c(17): Registering web_reg_find was successful  	[MsgId: MMSG-26390]
Registration.c(20): web_link("Register Now!") started  	[MsgId: MMSG-26355]
Registration.c(20): Error -27985: There is no context for HTML-based functions. A previous function may not have used "Mode=HTML" or downloaded only non-HTML page(s), or the context has been reset (e.g., due to a GUI-based function)  	[MsgId: MERR-27985]
Registration.c(20): Warning -26379: Pending web_reg_save_param/web_reg_find/web_create_html_param/web_create_html_param_ex request(s) are deleted and will be handled as "not found"  	[MsgId: MWAR-26379]
Registration.c(20): Error -26366: "Text=User Information" not found for web_reg_find  	[MsgId: MERR-26366]
Registration.c(20): Error -26374: The above "not found" error(s) may be explained by header and body byte counts being 0 and 0, respectively.  	[MsgId: MERR-26374]
Registration.c(20): web_link("Register Now!") highest severity level was "ERROR", 0 body bytes, 0 header bytes  	[MsgId: MMSG-26388]
Registration.c(20): Notify: Transaction "PetStore_ClickOnRegistration_T01" ended with a "Fail" status (Duration: 0.0011).	[MsgId: MMSG-16873]
Registration.c(20): Notify: Transaction "PetStore_ClickOnRegistration_T01" has 3 error message(s).	[MsgId: MMSG-16818]
Registration.c(20): Notify: The 1st error message associated with transaction "PetStore_ClickOnRegistration_T01" is "Error -27985: There is no context for HTML-based functions. A previous function may not have used "Mode=HTML" or downloaded only non-HTML page(s), or the context has been reset (e.g., due to a GUI-based function)"	[MsgId: MMSG-16819]
Registration.c(20): Notify: The 2nd error message associated with transaction "PetStore_ClickOnRegistration_T01" is "Error -26366: "Text=User Information" not found for web_reg_find"	[MsgId: MMSG-16819]
Registration.c(20): Notify: The 3rd error message associated with transaction "PetStore_ClickOnRegistration_T01" is "Error -26374: The above "not found" error(s) may be explained by header and body byte counts being 0 and 0, respectively."	[MsgId: MMSG-16819]
Ending action Login.	[MsgId: MMSG-15918]
Ending iteration 6.	[MsgId: MMSG-15965]
Waiting 7.6690 seconds for iteration pacing.	[MsgId: MMSG-15996]
Registration.c(114): Redirecting "https://petstore.octoperf.com/actions/Account.action?signoff=" (redirection depth is 0)  	[MsgId: MMSG-26694]
Registration.c(114): To location "https://petstore.octoperf.com/actions/Catalog.action"  	[MsgId: MMSG-26693]
Registration.c(114): Resource "https://petstore.octoperf.com/css/jpetstore.css" is in the cache already and will not be downloaded again  	[MsgId: MMSG-26655]
Registration.c(114): Resource "https://petstore.octoperf.com/images/logo-topbar.svg" is in the cache already and will not be downloaded again  	[MsgId: MMSG-26655]
Registration.c(114): Resource "https://petstore.octoperf.com/images/cart.gif" is in the cache already and will not be downloaded again  	[MsgId: MMSG-26655]
Registration.c(114): Resource "https://petstore.octoperf.com/images/separator.gif" is in the cache already and will not be downloaded again  	[MsgId: MMSG-26655]
Registration.c(114): Resource "https://petstore.octoperf.com/images/sm_fish.gif" is in the cache already and will not be downloaded again  	[MsgId: MMSG-26655]
Registration.c(114): Resource "https://petstore.octoperf.com/images/sm_dogs.gif" is in the cache already and will not be downloaded again  	[MsgId: MMSG-26655]
Registration.c(114): Resource "https://petstore.octoperf.com/images/sm_reptiles.gif" is in the cache already and will not be downloaded again  	[MsgId: MMSG-26655]
Registration.c(114): Resource "https://petstore.octoperf.com/images/sm_cats.gif" is in the cache already and will not be downloaded again  	[MsgId: MMSG-26655]
Registration.c(114): Resource "https://petstore.octoperf.com/images/sm_birds.gif" is in the cache already and will not be downloaded again  	[MsgId: MMSG-26655]
Registration.c(114): Resource "https://petstore.octoperf.com/images/fish_icon.gif" is in the cache already and will not be downloaded again  	[MsgId: MMSG-26655]
Registration.c(114): Resource "https://petstore.octoperf.com/images/dogs_icon.gif" is in the cache already and will not be downloaded again  	[MsgId: MMSG-26655]
Registration.c(114): Resource "https://petstore.octoperf.com/images/cats_icon.gif" is in the cache already and will not be downloaded again  	[MsgId: MMSG-26655]
Registration.c(114): Resource "https://petstore.octoperf.com/images/reptiles_icon.gif" is in the cache already and will not be downloaded again  	[MsgId: MMSG-26655]
Registration.c(114): Resource "https://petstore.octoperf.com/images/birds_icon.gif" is in the cache already and will not be downloaded again  	[MsgId: MMSG-26655]
Registration.c(114): Resource "https://petstore.octoperf.com/images/splash.gif" is in the cache already and will not be downloaded again  	[MsgId: MMSG-26655]
Registration.c(114): Registered web_reg_find successful for "Text=Sign In" (count=1)  	[MsgId: MMSG-26364]
Registration.c(114): web_url("Account.action_2") was successful, 4736 body bytes, 518 header bytes  	[MsgId: MMSG-26386]
Registration.c(123): Notify: Transaction "PetStore_SignOut_T03" ended with a "Pass" status (Duration: 0.2487 Wasted Time: 0.0000).	[MsgId: MMSG-16871]
Login.c(4): Notify: Transaction "PetStore_ClickOnSignIn_T01" started.	[MsgId: MMSG-16999]
Login.c(6): web_reg_find started  	[MsgId: MMSG-26355]
Login.c(6): Registering web_reg_find was successful  	[MsgId: MMSG-26390]
Login.c(9): web_link("Sign In") started  	[MsgId: MMSG-26355]
Login.c(9): Linking to "https://petstore.octoperf.com/actions/Account.action?signonForm=", Target Frame=""  	[MsgId: MMSG-27994]
Starting iteration 2.	[MsgId: MMSG-15968]
Notify: Next row for parameter UserName = 1 [table  = UserName].	[MsgId: MMSG-13876]
Notify: Getting new value for parameter 'UserName': table = 'UserName.dat' column = '0' row = '1'.	[MsgId: MMSG-13877]
Notify: Next row for parameter PetStoreEndtoEndFlow_UserName = 1 [table  = PetStoreEndtoEndFlow_UserName].	[MsgId: MMSG-13876]
Notify: Getting new value for parameter 'PetStoreEndtoEndFlow_UserName': table = 'UserCredentilas1.dat' column = '0' row = '1'.	[MsgId: MMSG-13877]
Notify: Next row for parameter PetStoreEndtoEndFlow_pass = 1 [table  = PetStoreEndtoEndFlow_pass].	[MsgId: MMSG-13876]
Notify: Getting new value for parameter 'PetStoreEndtoEndFlow_pass': table = 'UserCredentilas3.dat' column = '0' row = '1'.	[MsgId: MMSG-13877]
Notify: Next row for parameter pass = 1 [table  = pass].	[MsgId: MMSG-13876]
Notify: Getting new value for parameter 'pass': table = 'UserName.dat' column = '0' row = '1'.	[MsgId: MMSG-13877]
Starting action Login.	[MsgId: MMSG-15919]
Registration.c(15): Notify: Transaction "PetStore_ClickOnRegistration_T01" started.	[MsgId: MMSG-16999]
Registration.c(17): web_reg_find started  	[MsgId: MMSG-26355]
Registration.c(17): Registering web_reg_find was successful  	[MsgId: MMSG-26390]
Registration.c(20): web_link("Register Now!") started  	[MsgId: MMSG-26355]
Registration.c(20): Error -27985: There is no context for HTML-based functions. A previous function may not have used "Mode=HTML" or downloaded only non-HTML page(s), or the context has been reset (e.g., due to a GUI-based function)  	[MsgId: MERR-27985]
Registration.c(20): Warning -26379: Pending web_reg_save_param/web_reg_find/web_create_html_param/web_create_html_param_ex request(s) are deleted and will be handled as "not found"  	[MsgId: MWAR-26379]
Registration.c(20): Error -26366: "Text=User Information" not found for web_reg_find  	[MsgId: MERR-26366]
Registration.c(20): Error -26374: The above "not found" error(s) may be explained by header and body byte counts being 0 and 0, respectively.  	[MsgId: MERR-26374]
Registration.c(20): web_link("Register Now!") highest severity level was "ERROR", 0 body bytes, 0 header bytes  	[MsgId: MMSG-26388]
Registration.c(20): Notify: Transaction "PetStore_ClickOnRegistration_T01" ended with a "Fail" status (Duration: 0.0032).	[MsgId: MMSG-16873]
Registration.c(20): Notify: Transaction "PetStore_ClickOnRegistration_T01" has 3 error message(s).	[MsgId: MMSG-16818]
Registration.c(20): Notify: The 1st error message associated with transaction "PetStore_ClickOnRegistration_T01" is "Error -27985: There is no context for HTML-based functions. A previous function may not have used "Mode=HTML" or downloaded only non-HTML page(s), or the context has been reset (e.g., due to a GUI-based function)"	[MsgId: MMSG-16819]
Registration.c(20): Notify: The 2nd error message associated with transaction "PetStore_ClickOnRegistration_T01" is "Error -26366: "Text=User Information" not found for web_reg_find"	[MsgId: MMSG-16819]
Registration.c(20): Notify: The 3rd error message associated with transaction "PetStore_ClickOnRegistration_T01" is "Error -26374: The above "not found" error(s) may be explained by header and body byte counts being 0 and 0, respectively."	[MsgId: MMSG-16819]
Ending action Login.	[MsgId: MMSG-15918]
Ending iteration 2.	[MsgId: MMSG-15965]
Waiting 5.7790 seconds for iteration pacing.	[MsgId: MMSG-15996]
Login.c(9): Resource "https://petstore.octoperf.com/css/jpetstore.css" is in the cache already and will not be downloaded again  	[MsgId: MMSG-26655]
Login.c(9): Resource "https://petstore.octoperf.com/images/logo-topbar.svg" is in the cache already and will not be downloaded again  	[MsgId: MMSG-26655]
Login.c(9): Resource "https://petstore.octoperf.com/images/cart.gif" is in the cache already and will not be downloaded again  	[MsgId: MMSG-26655]
Login.c(9): Resource "https://petstore.octoperf.com/images/separator.gif" is in the cache already and will not be downloaded again  	[MsgId: MMSG-26655]
Login.c(9): Resource "https://petstore.octoperf.com/images/sm_fish.gif" is in the cache already and will not be downloaded again  	[MsgId: MMSG-26655]
Login.c(9): Resource "https://petstore.octoperf.com/images/sm_dogs.gif" is in the cache already and will not be downloaded again  	[MsgId: MMSG-26655]
Login.c(9): Resource "https://petstore.octoperf.com/images/sm_reptiles.gif" is in the cache already and will not be downloaded again  	[MsgId: MMSG-26655]
Login.c(9): Resource "https://petstore.octoperf.com/images/sm_cats.gif" is in the cache already and will not be downloaded again  	[MsgId: MMSG-26655]
Login.c(9): Resource "https://petstore.octoperf.com/images/sm_birds.gif" is in the cache already and will not be downloaded again  	[MsgId: MMSG-26655]
Login.c(9): Registered web_reg_find successful for "Text=Please enter your username and password" (count=1)  	[MsgId: MMSG-26364]
Login.c(9): web_link("Sign In") was successful, 3858 body bytes, 225 header bytes  	[MsgId: MMSG-26386]
Login.c(13): Notify: Transaction "PetStore_ClickOnSignIn_T01" ended with a "Pass" status (Duration: 0.1251 Wasted Time: 0.0000).	[MsgId: MMSG-16871]
Login.c(15): lr_think_time: 2.53 seconds (recorded think time was 5.00 seconds).	[MsgId: MMSG-15947]
AddToCard.c(88): Notify: Transaction "PetStore_AddToCard_T04" started.	[MsgId: MMSG-16999]
AddToCard.c(90): web_reg_find started  	[MsgId: MMSG-26355]
AddToCard.c(90): Registering web_reg_find was successful  	[MsgId: MMSG-26390]
AddToCard.c(94): web_link("Add to Cart") started  	[MsgId: MMSG-26355]
AddToCard.c(94): Linking to "https://petstore.octoperf.com/actions/Cart.action?addItemToCart=&workingItemId=EST-10", Target Frame=""  	[MsgId: MMSG-27994]
AddToCard.c(94): Resource "https://petstore.octoperf.com/css/jpetstore.css" is in the cache already and will not be downloaded again  	[MsgId: MMSG-26655]
AddToCard.c(94): Resource "https://petstore.octoperf.com/images/logo-topbar.svg" is in the cache already and will not be downloaded again  	[MsgId: MMSG-26655]
AddToCard.c(94): Resource "https://petstore.octoperf.com/images/cart.gif" is in the cache already and will not be downloaded again  	[MsgId: MMSG-26655]
AddToCard.c(94): Resource "https://petstore.octoperf.com/images/separator.gif" is in the cache already and will not be downloaded again  	[MsgId: MMSG-26655]
AddToCard.c(94): Resource "https://petstore.octoperf.com/images/sm_fish.gif" is in the cache already and will not be downloaded again  	[MsgId: MMSG-26655]
AddToCard.c(94): Resource "https://petstore.octoperf.com/images/sm_dogs.gif" is in the cache already and will not be downloaded again  	[MsgId: MMSG-26655]
AddToCard.c(94): Resource "https://petstore.octoperf.com/images/sm_reptiles.gif" is in the cache already and will not be downloaded again  	[MsgId: MMSG-26655]
AddToCard.c(94): Resource "https://petstore.octoperf.com/images/sm_cats.gif" is in the cache already and will not be downloaded again  	[MsgId: MMSG-26655]
AddToCard.c(94): Resource "https://petstore.octoperf.com/images/sm_birds.gif" is in the cache already and will not be downloaded again  	[MsgId: MMSG-26655]
AddToCard.c(94): Resource "https://petstore.octoperf.com/images/banner_fish.gif" is in the cache already and will not be downloaded again  	[MsgId: MMSG-26655]
AddToCard.c(94): Registered web_reg_find successful for "Text=Shopping Cart" (count=1)  	[MsgId: MMSG-26364]
AddToCard.c(94): web_link("Add to Cart") was successful, 4646 body bytes, 225 header bytes  	[MsgId: MMSG-26386]
AddToCard.c(99): Notify: Transaction "PetStore_AddToCard_T04" ended with a "Pass" status (Duration: 0.1277 Wasted Time: 0.0000).	[MsgId: MMSG-16871]
RemoveTheProduct.c(7): Notify: Transaction "PetStore_ClickOnViewCartR_T01" started.	[MsgId: MMSG-16999]
RemoveTheProduct.c(8): web_reg_find started  	[MsgId: MMSG-26355]
RemoveTheProduct.c(8): Registering web_reg_find was successful  	[MsgId: MMSG-26390]
RemoveTheProduct.c(10): web_image("cart.gif") started  	[MsgId: MMSG-26355]
RemoveTheProduct.c(10): Image-linking to "https://petstore.octoperf.com/actions/Cart.action?viewCart=", Target Frame=""  	[MsgId: MMSG-27993]
RemoveTheProduct.c(10): Resource "https://petstore.octoperf.com/css/jpetstore.css" is in the cache already and will not be downloaded again  	[MsgId: MMSG-26655]
RemoveTheProduct.c(10): Resource "https://petstore.octoperf.com/images/logo-topbar.svg" is in the cache already and will not be downloaded again  	[MsgId: MMSG-26655]
RemoveTheProduct.c(10): Resource "https://petstore.octoperf.com/images/cart.gif" is in the cache already and will not be downloaded again  	[MsgId: MMSG-26655]
RemoveTheProduct.c(10): Resource "https://petstore.octoperf.com/images/separator.gif" is in the cache already and will not be downloaded again  	[MsgId: MMSG-26655]
RemoveTheProduct.c(10): Resource "https://petstore.octoperf.com/images/sm_fish.gif" is in the cache already and will not be downloaded again  	[MsgId: MMSG-26655]
RemoveTheProduct.c(10): Resource "https://petstore.octoperf.com/images/sm_dogs.gif" is in the cache already and will not be downloaded again  	[MsgId: MMSG-26655]
RemoveTheProduct.c(10): Resource "https://petstore.octoperf.com/images/sm_reptiles.gif" is in the cache already and will not be downloaded again  	[MsgId: MMSG-26655]
RemoveTheProduct.c(10): Resource "https://petstore.octoperf.com/images/sm_cats.gif" is in the cache already and will not be downloaded again  	[MsgId: MMSG-26655]
RemoveTheProduct.c(10): Resource "https://petstore.octoperf.com/images/sm_birds.gif" is in the cache already and will not be downloaded again  	[MsgId: MMSG-26655]
RemoveTheProduct.c(10): Resource "https://petstore.octoperf.com/images/banner_fish.gif" is in the cache already and will not be downloaded again  	[MsgId: MMSG-26655]
RemoveTheProduct.c(10): Registered web_reg_find successful for "Text=Shopping Cart" (count=1)  	[MsgId: MMSG-26364]
RemoveTheProduct.c(10): web_image("cart.gif") was successful, 4646 body bytes, 225 header bytes  	[MsgId: MMSG-26386]
RemoveTheProduct.c(14): Notify: Transaction "PetStore_ClickOnViewCartR_T01" ended with a "Pass" status (Duration: 0.1272 Wasted Time: 0.0000).	[MsgId: MMSG-16871]
RemoveTheProduct.c(16): lr_think_time: 4.86 seconds (recorded think time was 5.00 seconds).	[MsgId: MMSG-15947]
AddToCard.c(40): Notify: Transaction "PetStore_SelectProductId_T02" started.	[MsgId: MMSG-16999]
AddToCard.c(43): Notify: Parameter Substitution: parameter "productId_count" =  "2"	[MsgId: MMSG-13992]
AddToCard.c(44): Notify: Parameter Substitution: parameter "productId_1" =  "FL-DSH-01"	[MsgId: MMSG-13992]
AddToCard.c(46): Notify: Saving Parameter "RandproductId = FL-DSH-01".	[MsgId: MMSG-13798]
AddToCard.c(47): Notify: Parameter Substitution: parameter "RandproductId" =  "FL-DSH-01"	[MsgId: MMSG-13992]
AddToCard.c(47): Random category selected in Action2 = FL-DSH-01	[MsgId: MMSG-17999]
AddToCard.c(49): web_reg_find started  	[MsgId: MMSG-26355]
AddToCard.c(49): Notify: Parameter Substitution: parameter "RandproductId" =  "FL-DSH-01"	[MsgId: MMSG-13992]
AddToCard.c(49): Registering web_reg_find was successful  	[MsgId: MMSG-26390]
AddToCard.c(51): web_reg_save_param_regexp started  	[MsgId: MMSG-26355]
AddToCard.c(51): Registering web_reg_save_param_regexp was successful  	[MsgId: MMSG-26390]
AddToCard.c(58): web_link("{RandproductId}") started  	[MsgId: MMSG-26355]
AddToCard.c(58): Notify: Parameter Substitution: parameter "RandproductId" =  "FL-DSH-01"	[MsgId: MMSG-13992]
AddToCard.c(58): Linking to "https://petstore.octoperf.com/actions/Catalog.action?viewProduct=&productId=FL-DSH-01", Target Frame=""  	[MsgId: MMSG-27994]
Login.c(17): Notify: Transaction "PetStore_Login_T01" started.	[MsgId: MMSG-16999]
Login.c(18): web_reg_find started  	[MsgId: MMSG-26355]
Login.c(18): Registering web_reg_find was successful  	[MsgId: MMSG-26390]
Login.c(20): web_reg_save_param_regexp started  	[MsgId: MMSG-26355]
Login.c(20): Registering web_reg_save_param_regexp was successful  	[MsgId: MMSG-26390]
Login.c(26): web_submit_form("Account.action") started  	[MsgId: MMSG-26355]
Login.c(26): Notify: Parameter Substitution: parameter "randomUsername" =  "RBDC"	[MsgId: MMSG-13992]
Login.c(26): Notify: Parameter Substitution: parameter "randompass" =  "ntwh"	[MsgId: MMSG-13992]
Login.c(26): Submitting form to "https://petstore.octoperf.com/actions/Account.action", Target Frame=""  	[MsgId: MMSG-27978]
AddToCard.c(58): Resource "https://petstore.octoperf.com/css/jpetstore.css" is in the cache already and will not be downloaded again  	[MsgId: MMSG-26655]
AddToCard.c(58): Resource "https://petstore.octoperf.com/images/logo-topbar.svg" is in the cache already and will not be downloaded again  	[MsgId: MMSG-26655]
AddToCard.c(58): Resource "https://petstore.octoperf.com/images/cart.gif" is in the cache already and will not be downloaded again  	[MsgId: MMSG-26655]
AddToCard.c(58): Resource "https://petstore.octoperf.com/images/separator.gif" is in the cache already and will not be downloaded again  	[MsgId: MMSG-26655]
AddToCard.c(58): Resource "https://petstore.octoperf.com/images/sm_fish.gif" is in the cache already and will not be downloaded again  	[MsgId: MMSG-26655]
AddToCard.c(58): Resource "https://petstore.octoperf.com/images/sm_dogs.gif" is in the cache already and will not be downloaded again  	[MsgId: MMSG-26655]
AddToCard.c(58): Resource "https://petstore.octoperf.com/images/sm_reptiles.gif" is in the cache already and will not be downloaded again  	[MsgId: MMSG-26655]
AddToCard.c(58): Resource "https://petstore.octoperf.com/images/sm_cats.gif" is in the cache already and will not be downloaded again  	[MsgId: MMSG-26655]
AddToCard.c(58): Resource "https://petstore.octoperf.com/images/sm_birds.gif" is in the cache already and will not be downloaded again  	[MsgId: MMSG-26655]
AddToCard.c(58): Resource "https://petstore.octoperf.com/images/banner_fish.gif" is in the cache already and will not be downloaded again  	[MsgId: MMSG-26655]
AddToCard.c(58): Notify: Saving Parameter "itemId_1 = EST-14".	[MsgId: MMSG-13798]
AddToCard.c(58): Notify: Saving Parameter "itemId_2 = EST-15".	[MsgId: MMSG-13798]
AddToCard.c(58): Notify: Saving Parameter "itemId_count = 2".	[MsgId: MMSG-13798]
AddToCard.c(58): Registered web_reg_find successful for "Text=FL-DSH-01" (count=2)  	[MsgId: MMSG-26364]
AddToCard.c(58): web_link("{RandproductId}") was successful, 4063 body bytes, 225 header bytes  	[MsgId: MMSG-26386]
AddToCard.c(63): Notify: Transaction "PetStore_SelectProductId_T02" ended with a "Pass" status (Duration: 0.1272 Wasted Time: 0.0002).	[MsgId: MMSG-16871]
AddToCard.c(65): lr_think_time: 2.76 seconds (recorded think time was 5.00 seconds).	[MsgId: MMSG-15947]
Login.c(26): Redirecting "https://petstore.octoperf.com/actions/Account.action" (redirection depth is 0)  	[MsgId: MMSG-26694]
Login.c(26): To location "https://petstore.octoperf.com/actions/Catalog.action"  	[MsgId: MMSG-26693]
Login.c(26): Resource "https://petstore.octoperf.com/css/jpetstore.css" is in the cache already and will not be downloaded again  	[MsgId: MMSG-26655]
Login.c(26): Resource "https://petstore.octoperf.com/images/logo-topbar.svg" is in the cache already and will not be downloaded again  	[MsgId: MMSG-26655]
Login.c(26): Resource "https://petstore.octoperf.com/images/cart.gif" is in the cache already and will not be downloaded again  	[MsgId: MMSG-26655]
Login.c(26): Resource "https://petstore.octoperf.com/images/separator.gif" is in the cache already and will not be downloaded again  	[MsgId: MMSG-26655]
Login.c(26): Resource "https://petstore.octoperf.com/images/sm_fish.gif" is in the cache already and will not be downloaded again  	[MsgId: MMSG-26655]
Login.c(26): Resource "https://petstore.octoperf.com/images/sm_dogs.gif" is in the cache already and will not be downloaded again  	[MsgId: MMSG-26655]
Login.c(26): Resource "https://petstore.octoperf.com/images/sm_reptiles.gif" is in the cache already and will not be downloaded again  	[MsgId: MMSG-26655]
Login.c(26): Resource "https://petstore.octoperf.com/images/sm_cats.gif" is in the cache already and will not be downloaded again  	[MsgId: MMSG-26655]
Login.c(26): Resource "https://petstore.octoperf.com/images/sm_birds.gif" is in the cache already and will not be downloaded again  	[MsgId: MMSG-26655]
Login.c(26): Resource "https://petstore.octoperf.com/images/fish_icon.gif" is in the cache already and will not be downloaded again  	[MsgId: MMSG-26655]
Login.c(26): Resource "https://petstore.octoperf.com/images/dogs_icon.gif" is in the cache already and will not be downloaded again  	[MsgId: MMSG-26655]
Login.c(26): Resource "https://petstore.octoperf.com/images/cats_icon.gif" is in the cache already and will not be downloaded again  	[MsgId: MMSG-26655]
Login.c(26): Resource "https://petstore.octoperf.com/images/reptiles_icon.gif" is in the cache already and will not be downloaded again  	[MsgId: MMSG-26655]
Login.c(26): Resource "https://petstore.octoperf.com/images/birds_icon.gif" is in the cache already and will not be downloaded again  	[MsgId: MMSG-26655]
Login.c(26): Resource "https://petstore.octoperf.com/images/splash.gif" is in the cache already and will not be downloaded again  	[MsgId: MMSG-26655]
Login.c(26): Found resource "https://petstore.octoperf.com/images/banner_fish.gif" in HTML "https://petstore.octoperf.com/actions/Catalog.action"  	[MsgId: MMSG-26659]
Login.c(26): Notify: Saving Parameter "ProductName_1 = BIRDS".	[MsgId: MMSG-13798]
Login.c(26): Notify: Saving Parameter "ProductName_2 = FISH".	[MsgId: MMSG-13798]
Login.c(26): Notify: Saving Parameter "ProductName_3 = DOGS".	[MsgId: MMSG-13798]
Login.c(26): Notify: Saving Parameter "ProductName_4 = REPTILES".	[MsgId: MMSG-13798]
Login.c(26): Notify: Saving Parameter "ProductName_5 = CATS".	[MsgId: MMSG-13798]
Login.c(26): Notify: Saving Parameter "ProductName_6 = BIRDS".	[MsgId: MMSG-13798]
Login.c(26): Notify: Saving Parameter "ProductName_count = 6".	[MsgId: MMSG-13798]
Login.c(26): Registered web_reg_find successful for "Text=My Account" (count=1)  	[MsgId: MMSG-26364]
Login.c(26): web_submit_form("Account.action") was successful, 11416 body bytes, 727 header bytes  	[MsgId: MMSG-26386]
Login.c(34): Notify: Transaction "PetStore_Login_T01" ended with a "Pass" status (Duration: 0.4976 Wasted Time: 0.0004).	[MsgId: MMSG-16871]
Ending action Login.	[MsgId: MMSG-15918]
Starting action RemoveTheProduct.	[MsgId: MMSG-15919]
AddToCard.c(8): Notify: Transaction "PetStore_AddAproduct_T01" started.	[MsgId: MMSG-16999]
AddToCard.c(11): Notify: Parameter Substitution: parameter "ProductName_count" =  "6"	[MsgId: MMSG-13992]
AddToCard.c(12): Notify: Parameter Substitution: parameter "ProductName_5" =  "CATS"	[MsgId: MMSG-13992]
AddToCard.c(14): Notify: Saving Parameter "RandCategory = CATS".	[MsgId: MMSG-13798]
AddToCard.c(15): Notify: Parameter Substitution: parameter "RandCategory" =  "CATS"	[MsgId: MMSG-13992]
AddToCard.c(15): Random category selected in Action2 = CATS	[MsgId: MMSG-17999]
AddToCard.c(17): web_reg_find started  	[MsgId: MMSG-26355]
AddToCard.c(17): Notify: Parameter Substitution: parameter "RandCategory" =  "CATS"	[MsgId: MMSG-13992]
AddToCard.c(17): Registering web_reg_find was successful  	[MsgId: MMSG-26390]
AddToCard.c(20): web_reg_save_param_regexp started  	[MsgId: MMSG-26355]
AddToCard.c(20): Registering web_reg_save_param_regexp was successful  	[MsgId: MMSG-26390]
AddToCard.c(27): web_url("Catalog.action_2") started  	[MsgId: MMSG-26355]
AddToCard.c(27): Notify: Parameter Substitution: parameter "RandCategory" =  "CATS"	[MsgId: MMSG-13992]
AddToCard.c(27): Resource "https://petstore.octoperf.com/css/jpetstore.css" is in the cache already and will not be downloaded again  	[MsgId: MMSG-26655]
AddToCard.c(27): Resource "https://petstore.octoperf.com/images/logo-topbar.svg" is in the cache already and will not be downloaded again  	[MsgId: MMSG-26655]
AddToCard.c(27): Resource "https://petstore.octoperf.com/images/cart.gif" is in the cache already and will not be downloaded again  	[MsgId: MMSG-26655]
AddToCard.c(27): Resource "https://petstore.octoperf.com/images/separator.gif" is in the cache already and will not be downloaded again  	[MsgId: MMSG-26655]
AddToCard.c(27): Resource "https://petstore.octoperf.com/images/sm_fish.gif" is in the cache already and will not be downloaded again  	[MsgId: MMSG-26655]
AddToCard.c(27): Resource "https://petstore.octoperf.com/images/sm_dogs.gif" is in the cache already and will not be downloaded again  	[MsgId: MMSG-26655]
AddToCard.c(27): Resource "https://petstore.octoperf.com/images/sm_reptiles.gif" is in the cache already and will not be downloaded again  	[MsgId: MMSG-26655]
AddToCard.c(27): Resource "https://petstore.octoperf.com/images/sm_cats.gif" is in the cache already and will not be downloaded again  	[MsgId: MMSG-26655]
AddToCard.c(27): Resource "https://petstore.octoperf.com/images/sm_birds.gif" is in the cache already and will not be downloaded again  	[MsgId: MMSG-26655]
AddToCard.c(27): Resource "https://petstore.octoperf.com/images/banner_fish.gif" is in the cache already and will not be downloaded again  	[MsgId: MMSG-26655]
AddToCard.c(27): Notify: Saving Parameter "productId_1 = FL-DSH-01".	[MsgId: MMSG-13798]
AddToCard.c(27): Notify: Saving Parameter "productId_2 = FL-DLH-02".	[MsgId: MMSG-13798]
AddToCard.c(27): Notify: Saving Parameter "productId_count = 2".	[MsgId: MMSG-13798]
AddToCard.c(27): Registered web_reg_find successful for "Text=CATS" (count=1)  	[MsgId: MMSG-26364]
AddToCard.c(27): web_url("Catalog.action_2") was successful, 3621 body bytes, 225 header bytes  	[MsgId: MMSG-26386]
AddToCard.c(36): Notify: Transaction "PetStore_AddAproduct_T01" ended with a "Pass" status (Duration: 0.1259 Wasted Time: 0.0002).	[MsgId: MMSG-16871]
AddToCard.c(38): lr_think_time: 3.45 seconds (recorded think time was 5.00 seconds).	[MsgId: MMSG-15947]
Registration.c(109): Notify: Transaction "PetStore_SignOut_T03" started.	[MsgId: MMSG-16999]
Registration.c(111): web_reg_find started  	[MsgId: MMSG-26355]
Registration.c(111): Registering web_reg_find was successful  	[MsgId: MMSG-26390]
Registration.c(114): web_url("Account.action_2") started  	[MsgId: MMSG-26355]
RemoveTheProduct.c(18): Notify: Transaction "PetStore_ClickOnRemove_T02" started.	[MsgId: MMSG-16999]
RemoveTheProduct.c(20): web_reg_find started  	[MsgId: MMSG-26355]
RemoveTheProduct.c(20): Registering web_reg_find was successful  	[MsgId: MMSG-26390]
RemoveTheProduct.c(23): web_link("Remove") started  	[MsgId: MMSG-26355]
RemoveTheProduct.c(23): Linking to "https://petstore.octoperf.com/actions/Cart.action?removeItemFromCart=&workingItemId=EST-1", Target Frame=""  	[MsgId: MMSG-27994]
Registration.c(114): Redirecting "https://petstore.octoperf.com/actions/Account.action?signoff=" (redirection depth is 0)  	[MsgId: MMSG-26694]
Registration.c(114): To location "https://petstore.octoperf.com/actions/Catalog.action"  	[MsgId: MMSG-26693]
RemoveTheProduct.c(23): Resource "https://petstore.octoperf.com/css/jpetstore.css" is in the cache already and will not be downloaded again  	[MsgId: MMSG-26655]
RemoveTheProduct.c(23): Resource "https://petstore.octoperf.com/images/logo-topbar.svg" is in the cache already and will not be downloaded again  	[MsgId: MMSG-26655]
RemoveTheProduct.c(23): Resource "https://petstore.octoperf.com/images/cart.gif" is in the cache already and will not be downloaded again  	[MsgId: MMSG-26655]
RemoveTheProduct.c(23): Resource "https://petstore.octoperf.com/images/separator.gif" is in the cache already and will not be downloaded again  	[MsgId: MMSG-26655]
RemoveTheProduct.c(23): Resource "https://petstore.octoperf.com/images/sm_fish.gif" is in the cache already and will not be downloaded again  	[MsgId: MMSG-26655]
RemoveTheProduct.c(23): Resource "https://petstore.octoperf.com/images/sm_dogs.gif" is in the cache already and will not be downloaded again  	[MsgId: MMSG-26655]
RemoveTheProduct.c(23): Resource "https://petstore.octoperf.com/images/sm_reptiles.gif" is in the cache already and will not be downloaded again  	[MsgId: MMSG-26655]
RemoveTheProduct.c(23): Resource "https://petstore.octoperf.com/images/sm_cats.gif" is in the cache already and will not be downloaded again  	[MsgId: MMSG-26655]
RemoveTheProduct.c(23): Resource "https://petstore.octoperf.com/images/sm_birds.gif" is in the cache already and will not be downloaded again  	[MsgId: MMSG-26655]
RemoveTheProduct.c(23): Resource "https://petstore.octoperf.com/images/banner_fish.gif" is in the cache already and will not be downloaded again  	[MsgId: MMSG-26655]
RemoveTheProduct.c(23): Registered web_reg_find successful for "Text=Your cart is empty." (count=1)  	[MsgId: MMSG-26364]
RemoveTheProduct.c(23): web_link("Remove") was successful, 4202 body bytes, 225 header bytes  	[MsgId: MMSG-26386]
RemoveTheProduct.c(28): Notify: Transaction "PetStore_ClickOnRemove_T02" ended with a "Pass" status (Duration: 0.1260 Wasted Time: 0.0000).	[MsgId: MMSG-16871]
Ending action RemoveTheProduct.	[MsgId: MMSG-15918]
Ending iteration 1.	[MsgId: MMSG-15965]
Waiting 5.8580 seconds for iteration pacing.	[MsgId: MMSG-15996]
Registration.c(114): Resource "https://petstore.octoperf.com/css/jpetstore.css" is in the cache already and will not be downloaded again  	[MsgId: MMSG-26655]
Registration.c(114): Resource "https://petstore.octoperf.com/images/logo-topbar.svg" is in the cache already and will not be downloaded again  	[MsgId: MMSG-26655]
Registration.c(114): Resource "https://petstore.octoperf.com/images/cart.gif" is in the cache already and will not be downloaded again  	[MsgId: MMSG-26655]
Registration.c(114): Resource "https://petstore.octoperf.com/images/separator.gif" is in the cache already and will not be downloaded again  	[MsgId: MMSG-26655]
Registration.c(114): Resource "https://petstore.octoperf.com/images/sm_fish.gif" is in the cache already and will not be downloaded again  	[MsgId: MMSG-26655]
Registration.c(114): Resource "https://petstore.octoperf.com/images/sm_dogs.gif" is in the cache already and will not be downloaded again  	[MsgId: MMSG-26655]
Registration.c(114): Resource "https://petstore.octoperf.com/images/sm_reptiles.gif" is in the cache already and will not be downloaded again  	[MsgId: MMSG-26655]
Registration.c(114): Resource "https://petstore.octoperf.com/images/sm_cats.gif" is in the cache already and will not be downloaded again  	[MsgId: MMSG-26655]
Registration.c(114): Resource "https://petstore.octoperf.com/images/sm_birds.gif" is in the cache already and will not be downloaded again  	[MsgId: MMSG-26655]
Registration.c(114): Resource "https://petstore.octoperf.com/images/fish_icon.gif" is in the cache already and will not be downloaded again  	[MsgId: MMSG-26655]
Registration.c(114): Resource "https://petstore.octoperf.com/images/dogs_icon.gif" is in the cache already and will not be downloaded again  	[MsgId: MMSG-26655]
Registration.c(114): Resource "https://petstore.octoperf.com/images/cats_icon.gif" is in the cache already and will not be downloaded again  	[MsgId: MMSG-26655]
Registration.c(114): Resource "https://petstore.octoperf.com/images/reptiles_icon.gif" is in the cache already and will not be downloaded again  	[MsgId: MMSG-26655]
Registration.c(114): Resource "https://petstore.octoperf.com/images/birds_icon.gif" is in the cache already and will not be downloaded again  	[MsgId: MMSG-26655]
Registration.c(114): Resource "https://petstore.octoperf.com/images/splash.gif" is in the cache already and will not be downloaded again  	[MsgId: MMSG-26655]
Registration.c(114): Registered web_reg_find successful for "Text=Sign In" (count=1)  	[MsgId: MMSG-26364]
Registration.c(114): web_url("Account.action_2") was successful, 4736 body bytes, 518 header bytes  	[MsgId: MMSG-26386]
Registration.c(123): Notify: Transaction "PetStore_SignOut_T03" ended with a "Pass" status (Duration: 0.2548 Wasted Time: 0.0000).	[MsgId: MMSG-16871]
Login.c(4): Notify: Transaction "PetStore_ClickOnSignIn_T01" started.	[MsgId: MMSG-16999]
Login.c(6): web_reg_find started  	[MsgId: MMSG-26355]
Login.c(6): Registering web_reg_find was successful  	[MsgId: MMSG-26390]
Login.c(9): web_link("Sign In") started  	[MsgId: MMSG-26355]
Login.c(9): Linking to "https://petstore.octoperf.com/actions/Account.action?signonForm=", Target Frame=""  	[MsgId: MMSG-27994]
Login.c(9): Resource "https://petstore.octoperf.com/css/jpetstore.css" is in the cache already and will not be downloaded again  	[MsgId: MMSG-26655]
Login.c(9): Resource "https://petstore.octoperf.com/images/logo-topbar.svg" is in the cache already and will not be downloaded again  	[MsgId: MMSG-26655]
Login.c(9): Resource "https://petstore.octoperf.com/images/cart.gif" is in the cache already and will not be downloaded again  	[MsgId: MMSG-26655]
Login.c(9): Resource "https://petstore.octoperf.com/images/separator.gif" is in the cache already and will not be downloaded again  	[MsgId: MMSG-26655]
Login.c(9): Resource "https://petstore.octoperf.com/images/sm_fish.gif" is in the cache already and will not be downloaded again  	[MsgId: MMSG-26655]
Login.c(9): Resource "https://petstore.octoperf.com/images/sm_dogs.gif" is in the cache already and will not be downloaded again  	[MsgId: MMSG-26655]
Login.c(9): Resource "https://petstore.octoperf.com/images/sm_reptiles.gif" is in the cache already and will not be downloaded again  	[MsgId: MMSG-26655]
Login.c(9): Resource "https://petstore.octoperf.com/images/sm_cats.gif" is in the cache already and will not be downloaded again  	[MsgId: MMSG-26655]
Login.c(9): Resource "https://petstore.octoperf.com/images/sm_birds.gif" is in the cache already and will not be downloaded again  	[MsgId: MMSG-26655]
Login.c(9): Registered web_reg_find successful for "Text=Please enter your username and password" (count=1)  	[MsgId: MMSG-26364]
Login.c(9): web_link("Sign In") was successful, 3856 body bytes, 225 header bytes  	[MsgId: MMSG-26386]
Login.c(13): Notify: Transaction "PetStore_ClickOnSignIn_T01" ended with a "Pass" status (Duration: 0.1279 Wasted Time: 0.0000).	[MsgId: MMSG-16871]
Login.c(15): lr_think_time: 4.12 seconds (recorded think time was 5.00 seconds).	[MsgId: MMSG-15947]
AddToCard.c(67): Notify: Transaction "PetStore_SelectItemId_T03" started.	[MsgId: MMSG-16999]
AddToCard.c(71): Notify: Parameter Substitution: parameter "itemId_count" =  "2"	[MsgId: MMSG-13992]
AddToCard.c(72): Notify: Parameter Substitution: parameter "itemId_1" =  "EST-14"	[MsgId: MMSG-13992]
AddToCard.c(74): Notify: Saving Parameter "RanditemId = EST-14".	[MsgId: MMSG-13798]
AddToCard.c(75): Notify: Parameter Substitution: parameter "RanditemId" =  "EST-14"	[MsgId: MMSG-13992]
AddToCard.c(75): Random category selected in Action2 = EST-14	[MsgId: MMSG-17999]
AddToCard.c(77): web_reg_find started  	[MsgId: MMSG-26355]
AddToCard.c(77): Notify: Parameter Substitution: parameter "RanditemId" =  "EST-14"	[MsgId: MMSG-13992]
AddToCard.c(77): Registering web_reg_find was successful  	[MsgId: MMSG-26390]
AddToCard.c(79): web_link("{RanditemId}") started  	[MsgId: MMSG-26355]
AddToCard.c(79): Notify: Parameter Substitution: parameter "RanditemId" =  "EST-14"	[MsgId: MMSG-13992]
AddToCard.c(79): Linking to "https://petstore.octoperf.com/actions/Catalog.action?viewItem=&itemId=EST-14", Target Frame=""  	[MsgId: MMSG-27994]
AddToCard.c(79): Resource "https://petstore.octoperf.com/css/jpetstore.css" is in the cache already and will not be downloaded again  	[MsgId: MMSG-26655]
AddToCard.c(79): Resource "https://petstore.octoperf.com/images/logo-topbar.svg" is in the cache already and will not be downloaded again  	[MsgId: MMSG-26655]
AddToCard.c(79): Resource "https://petstore.octoperf.com/images/cart.gif" is in the cache already and will not be downloaded again  	[MsgId: MMSG-26655]
AddToCard.c(79): Resource "https://petstore.octoperf.com/images/separator.gif" is in the cache already and will not be downloaded again  	[MsgId: MMSG-26655]
AddToCard.c(79): Resource "https://petstore.octoperf.com/images/sm_fish.gif" is in the cache already and will not be downloaded again  	[MsgId: MMSG-26655]
AddToCard.c(79): Resource "https://petstore.octoperf.com/images/sm_dogs.gif" is in the cache already and will not be downloaded again  	[MsgId: MMSG-26655]
AddToCard.c(79): Resource "https://petstore.octoperf.com/images/sm_reptiles.gif" is in the cache already and will not be downloaded again  	[MsgId: MMSG-26655]
AddToCard.c(79): Resource "https://petstore.octoperf.com/images/sm_cats.gif" is in the cache already and will not be downloaded again  	[MsgId: MMSG-26655]
AddToCard.c(79): Resource "https://petstore.octoperf.com/images/sm_birds.gif" is in the cache already and will not be downloaded again  	[MsgId: MMSG-26655]
AddToCard.c(79): Found resource "https://petstore.octoperf.com/images/cat2.gif" in HTML "https://petstore.octoperf.com/actions/Catalog.action?viewItem=&itemId=EST-14"  	[MsgId: MMSG-26659]
AddToCard.c(79): Resource "https://petstore.octoperf.com/images/banner_fish.gif" is in the cache already and will not be downloaded again  	[MsgId: MMSG-26655]
Starting iteration 3.	[MsgId: MMSG-15968]
Notify: Next row for parameter UserName = 1 [table  = UserName].	[MsgId: MMSG-13876]
Notify: Getting new value for parameter 'UserName': table = 'UserName.dat' column = '0' row = '1'.	[MsgId: MMSG-13877]
Notify: Next row for parameter PetStoreEndtoEndFlow_UserName = 1 [table  = PetStoreEndtoEndFlow_UserName].	[MsgId: MMSG-13876]
Notify: Getting new value for parameter 'PetStoreEndtoEndFlow_UserName': table = 'UserCredentilas1.dat' column = '0' row = '1'.	[MsgId: MMSG-13877]
Notify: Next row for parameter PetStoreEndtoEndFlow_pass = 1 [table  = PetStoreEndtoEndFlow_pass].	[MsgId: MMSG-13876]
Notify: Getting new value for parameter 'PetStoreEndtoEndFlow_pass': table = 'UserCredentilas3.dat' column = '0' row = '1'.	[MsgId: MMSG-13877]
Notify: Next row for parameter pass = 1 [table  = pass].	[MsgId: MMSG-13876]
Notify: Getting new value for parameter 'pass': table = 'UserName.dat' column = '0' row = '1'.	[MsgId: MMSG-13877]
Starting action Login.	[MsgId: MMSG-15919]
Registration.c(15): Notify: Transaction "PetStore_ClickOnRegistration_T01" started.	[MsgId: MMSG-16999]
Registration.c(17): web_reg_find started  	[MsgId: MMSG-26355]
Registration.c(17): Registering web_reg_find was successful  	[MsgId: MMSG-26390]
Registration.c(20): web_link("Register Now!") started  	[MsgId: MMSG-26355]
Registration.c(20): Error -27985: There is no context for HTML-based functions. A previous function may not have used "Mode=HTML" or downloaded only non-HTML page(s), or the context has been reset (e.g., due to a GUI-based function)  	[MsgId: MERR-27985]
Registration.c(20): Warning -26379: Pending web_reg_save_param/web_reg_find/web_create_html_param/web_create_html_param_ex request(s) are deleted and will be handled as "not found"  	[MsgId: MWAR-26379]
Registration.c(20): Error -26366: "Text=User Information" not found for web_reg_find  	[MsgId: MERR-26366]
Registration.c(20): Error -26374: The above "not found" error(s) may be explained by header and body byte counts being 0 and 0, respectively.  	[MsgId: MERR-26374]
Registration.c(20): web_link("Register Now!") highest severity level was "ERROR", 0 body bytes, 0 header bytes  	[MsgId: MMSG-26388]
Registration.c(20): Notify: Transaction "PetStore_ClickOnRegistration_T01" ended with a "Fail" status (Duration: 0.0012).	[MsgId: MMSG-16873]
Registration.c(20): Notify: Transaction "PetStore_ClickOnRegistration_T01" has 3 error message(s).	[MsgId: MMSG-16818]
Registration.c(20): Notify: The 1st error message associated with transaction "PetStore_ClickOnRegistration_T01" is "Error -27985: There is no context for HTML-based functions. A previous function may not have used "Mode=HTML" or downloaded only non-HTML page(s), or the context has been reset (e.g., due to a GUI-based function)"	[MsgId: MMSG-16819]
Registration.c(20): Notify: The 2nd error message associated with transaction "PetStore_ClickOnRegistration_T01" is "Error -26366: "Text=User Information" not found for web_reg_find"	[MsgId: MMSG-16819]
Registration.c(20): Notify: The 3rd error message associated with transaction "PetStore_ClickOnRegistration_T01" is "Error -26374: The above "not found" error(s) may be explained by header and body byte counts being 0 and 0, respectively."	[MsgId: MMSG-16819]
Ending action Login.	[MsgId: MMSG-15918]
Ending iteration 3.	[MsgId: MMSG-15965]
Waiting 5.6820 seconds for iteration pacing.	[MsgId: MMSG-15996]
AddToCard.c(79): Registered web_reg_find successful for "Text=EST-14" (count=2)  	[MsgId: MMSG-26364]
AddToCard.c(79): web_link("{RanditemId}") was successful, 16467 body bytes, 511 header bytes  	[MsgId: MMSG-26386]
AddToCard.c(84): Notify: Transaction "PetStore_SelectItemId_T03" ended with a "Pass" status (Duration: 0.5379 Wasted Time: 0.0001).	[MsgId: MMSG-16871]
AddToCard.c(86): lr_think_time: 2.77 seconds (recorded think time was 5.00 seconds).	[MsgId: MMSG-15947]
AddToCard.c(40): Notify: Transaction "PetStore_SelectProductId_T02" started.	[MsgId: MMSG-16999]
AddToCard.c(43): Notify: Parameter Substitution: parameter "productId_count" =  "2"	[MsgId: MMSG-13992]
AddToCard.c(44): Notify: Parameter Substitution: parameter "productId_1" =  "FL-DSH-01"	[MsgId: MMSG-13992]
AddToCard.c(46): Notify: Saving Parameter "RandproductId = FL-DSH-01".	[MsgId: MMSG-13798]
AddToCard.c(47): Notify: Parameter Substitution: parameter "RandproductId" =  "FL-DSH-01"	[MsgId: MMSG-13992]
AddToCard.c(47): Random category selected in Action2 = FL-DSH-01	[MsgId: MMSG-17999]
AddToCard.c(49): web_reg_find started  	[MsgId: MMSG-26355]
AddToCard.c(49): Notify: Parameter Substitution: parameter "RandproductId" =  "FL-DSH-01"	[MsgId: MMSG-13992]
AddToCard.c(49): Registering web_reg_find was successful  	[MsgId: MMSG-26390]
AddToCard.c(51): web_reg_save_param_regexp started  	[MsgId: MMSG-26355]
AddToCard.c(51): Registering web_reg_save_param_regexp was successful  	[MsgId: MMSG-26390]
AddToCard.c(58): web_link("{RandproductId}") started  	[MsgId: MMSG-26355]
AddToCard.c(58): Notify: Parameter Substitution: parameter "RandproductId" =  "FL-DSH-01"	[MsgId: MMSG-13992]
AddToCard.c(58): Linking to "https://petstore.octoperf.com/actions/Catalog.action?viewProduct=&productId=FL-DSH-01", Target Frame=""  	[MsgId: MMSG-27994]
AddToCard.c(58): Resource "https://petstore.octoperf.com/css/jpetstore.css" is in the cache already and will not be downloaded again  	[MsgId: MMSG-26655]
AddToCard.c(58): Resource "https://petstore.octoperf.com/images/logo-topbar.svg" is in the cache already and will not be downloaded again  	[MsgId: MMSG-26655]
AddToCard.c(58): Resource "https://petstore.octoperf.com/images/cart.gif" is in the cache already and will not be downloaded again  	[MsgId: MMSG-26655]
AddToCard.c(58): Resource "https://petstore.octoperf.com/images/separator.gif" is in the cache already and will not be downloaded again  	[MsgId: MMSG-26655]
AddToCard.c(58): Resource "https://petstore.octoperf.com/images/sm_fish.gif" is in the cache already and will not be downloaded again  	[MsgId: MMSG-26655]
AddToCard.c(58): Resource "https://petstore.octoperf.com/images/sm_dogs.gif" is in the cache already and will not be downloaded again  	[MsgId: MMSG-26655]
AddToCard.c(58): Resource "https://petstore.octoperf.com/images/sm_reptiles.gif" is in the cache already and will not be downloaded again  	[MsgId: MMSG-26655]
AddToCard.c(58): Resource "https://petstore.octoperf.com/images/sm_cats.gif" is in the cache already and will not be downloaded again  	[MsgId: MMSG-26655]
AddToCard.c(58): Resource "https://petstore.octoperf.com/images/sm_birds.gif" is in the cache already and will not be downloaded again  	[MsgId: MMSG-26655]
AddToCard.c(58): Resource "https://petstore.octoperf.com/images/banner_fish.gif" is in the cache already and will not be downloaded again  	[MsgId: MMSG-26655]
AddToCard.c(58): Notify: Saving Parameter "itemId_1 = EST-14".	[MsgId: MMSG-13798]
AddToCard.c(58): Notify: Saving Parameter "itemId_2 = EST-15".	[MsgId: MMSG-13798]
AddToCard.c(58): Notify: Saving Parameter "itemId_count = 2".	[MsgId: MMSG-13798]
AddToCard.c(58): Registered web_reg_find successful for "Text=FL-DSH-01" (count=2)  	[MsgId: MMSG-26364]
AddToCard.c(58): web_link("{RandproductId}") was successful, 4063 body bytes, 225 header bytes  	[MsgId: MMSG-26386]
AddToCard.c(63): Notify: Transaction "PetStore_SelectProductId_T02" ended with a "Pass" status (Duration: 0.1267 Wasted Time: 0.0003).	[MsgId: MMSG-16871]
AddToCard.c(65): lr_think_time: 3.04 seconds (recorded think time was 5.00 seconds).	[MsgId: MMSG-15947]
RemoveTheProduct.c(18): Notify: Transaction "PetStore_ClickOnRemove_T02" started.	[MsgId: MMSG-16999]
RemoveTheProduct.c(20): web_reg_find started  	[MsgId: MMSG-26355]
RemoveTheProduct.c(20): Registering web_reg_find was successful  	[MsgId: MMSG-26390]
RemoveTheProduct.c(23): web_link("Remove") started  	[MsgId: MMSG-26355]
RemoveTheProduct.c(23): Linking to "https://petstore.octoperf.com/actions/Cart.action?removeItemFromCart=&workingItemId=EST-10", Target Frame=""  	[MsgId: MMSG-27994]
RemoveTheProduct.c(23): Resource "https://petstore.octoperf.com/css/jpetstore.css" is in the cache already and will not be downloaded again  	[MsgId: MMSG-26655]
RemoveTheProduct.c(23): Resource "https://petstore.octoperf.com/images/logo-topbar.svg" is in the cache already and will not be downloaded again  	[MsgId: MMSG-26655]
RemoveTheProduct.c(23): Resource "https://petstore.octoperf.com/images/cart.gif" is in the cache already and will not be downloaded again  	[MsgId: MMSG-26655]
RemoveTheProduct.c(23): Resource "https://petstore.octoperf.com/images/separator.gif" is in the cache already and will not be downloaded again  	[MsgId: MMSG-26655]
RemoveTheProduct.c(23): Resource "https://petstore.octoperf.com/images/sm_fish.gif" is in the cache already and will not be downloaded again  	[MsgId: MMSG-26655]
RemoveTheProduct.c(23): Resource "https://petstore.octoperf.com/images/sm_dogs.gif" is in the cache already and will not be downloaded again  	[MsgId: MMSG-26655]
RemoveTheProduct.c(23): Resource "https://petstore.octoperf.com/images/sm_reptiles.gif" is in the cache already and will not be downloaded again  	[MsgId: MMSG-26655]
RemoveTheProduct.c(23): Resource "https://petstore.octoperf.com/images/sm_cats.gif" is in the cache already and will not be downloaded again  	[MsgId: MMSG-26655]
RemoveTheProduct.c(23): Resource "https://petstore.octoperf.com/images/sm_birds.gif" is in the cache already and will not be downloaded again  	[MsgId: MMSG-26655]
RemoveTheProduct.c(23): Resource "https://petstore.octoperf.com/images/banner_fish.gif" is in the cache already and will not be downloaded again  	[MsgId: MMSG-26655]
RemoveTheProduct.c(23): Registered web_reg_find successful for "Text=Your cart is empty." (count=1)  	[MsgId: MMSG-26364]
RemoveTheProduct.c(23): web_link("Remove") was successful, 4202 body bytes, 225 header bytes  	[MsgId: MMSG-26386]
RemoveTheProduct.c(28): Notify: Transaction "PetStore_ClickOnRemove_T02" ended with a "Pass" status (Duration: 0.1295 Wasted Time: 0.0000).	[MsgId: MMSG-16871]
Ending action RemoveTheProduct.	[MsgId: MMSG-15918]
Ending iteration 1.	[MsgId: MMSG-15965]
Waiting 7.2440 seconds for iteration pacing.	[MsgId: MMSG-15996]
Starting iteration 6.	[MsgId: MMSG-15968]
Notify: Next row for parameter UserName = 1 [table  = UserName].	[MsgId: MMSG-13876]
Notify: Getting new value for parameter 'UserName': table = 'UserName.dat' column = '0' row = '1'.	[MsgId: MMSG-13877]
Notify: Next row for parameter PetStoreEndtoEndFlow_UserName = 1 [table  = PetStoreEndtoEndFlow_UserName].	[MsgId: MMSG-13876]
Notify: Getting new value for parameter 'PetStoreEndtoEndFlow_UserName': table = 'UserCredentilas1.dat' column = '0' row = '1'.	[MsgId: MMSG-13877]
Notify: Next row for parameter PetStoreEndtoEndFlow_pass = 1 [table  = PetStoreEndtoEndFlow_pass].	[MsgId: MMSG-13876]
Notify: Getting new value for parameter 'PetStoreEndtoEndFlow_pass': table = 'UserCredentilas3.dat' column = '0' row = '1'.	[MsgId: MMSG-13877]
Notify: Next row for parameter pass = 1 [table  = pass].	[MsgId: MMSG-13876]
Notify: Getting new value for parameter 'pass': table = 'UserName.dat' column = '0' row = '1'.	[MsgId: MMSG-13877]
Starting action Login.	[MsgId: MMSG-15919]
Registration.c(15): Notify: Transaction "PetStore_ClickOnRegistration_T01" started.	[MsgId: MMSG-16999]
Registration.c(17): web_reg_find started  	[MsgId: MMSG-26355]
Registration.c(17): Registering web_reg_find was successful  	[MsgId: MMSG-26390]
Registration.c(20): web_link("Register Now!") started  	[MsgId: MMSG-26355]
Registration.c(20): Error -27985: There is no context for HTML-based functions. A previous function may not have used "Mode=HTML" or downloaded only non-HTML page(s), or the context has been reset (e.g., due to a GUI-based function)  	[MsgId: MERR-27985]
Registration.c(20): Warning -26379: Pending web_reg_save_param/web_reg_find/web_create_html_param/web_create_html_param_ex request(s) are deleted and will be handled as "not found"  	[MsgId: MWAR-26379]
Registration.c(20): Error -26366: "Text=User Information" not found for web_reg_find  	[MsgId: MERR-26366]
Registration.c(20): Error -26374: The above "not found" error(s) may be explained by header and body byte counts being 0 and 0, respectively.  	[MsgId: MERR-26374]
Registration.c(20): web_link("Register Now!") highest severity level was "ERROR", 0 body bytes, 0 header bytes  	[MsgId: MMSG-26388]
Registration.c(20): Notify: Transaction "PetStore_ClickOnRegistration_T01" ended with a "Fail" status (Duration: 0.0006).	[MsgId: MMSG-16873]
Registration.c(20): Notify: Transaction "PetStore_ClickOnRegistration_T01" has 3 error message(s).	[MsgId: MMSG-16818]
Registration.c(20): Notify: The 1st error message associated with transaction "PetStore_ClickOnRegistration_T01" is "Error -27985: There is no context for HTML-based functions. A previous function may not have used "Mode=HTML" or downloaded only non-HTML page(s), or the context has been reset (e.g., due to a GUI-based function)"	[MsgId: MMSG-16819]
Registration.c(20): Notify: The 2nd error message associated with transaction "PetStore_ClickOnRegistration_T01" is "Error -26366: "Text=User Information" not found for web_reg_find"	[MsgId: MMSG-16819]
Registration.c(20): Notify: The 3rd error message associated with transaction "PetStore_ClickOnRegistration_T01" is "Error -26374: The above "not found" error(s) may be explained by header and body byte counts being 0 and 0, respectively."	[MsgId: MMSG-16819]
Ending action Login.	[MsgId: MMSG-15918]
Ending iteration 6.	[MsgId: MMSG-15965]
Waiting 5.0340 seconds for iteration pacing.	[MsgId: MMSG-15996]
Starting iteration 5.	[MsgId: MMSG-15968]
Notify: Next row for parameter UserName = 1 [table  = UserName].	[MsgId: MMSG-13876]
Notify: Getting new value for parameter 'UserName': table = 'UserName.dat' column = '0' row = '1'.	[MsgId: MMSG-13877]
Notify: Next row for parameter PetStoreEndtoEndFlow_UserName = 1 [table  = PetStoreEndtoEndFlow_UserName].	[MsgId: MMSG-13876]
Notify: Getting new value for parameter 'PetStoreEndtoEndFlow_UserName': table = 'UserCredentilas1.dat' column = '0' row = '1'.	[MsgId: MMSG-13877]
Notify: Next row for parameter PetStoreEndtoEndFlow_pass = 1 [table  = PetStoreEndtoEndFlow_pass].	[MsgId: MMSG-13876]
Notify: Getting new value for parameter 'PetStoreEndtoEndFlow_pass': table = 'UserCredentilas3.dat' column = '0' row = '1'.	[MsgId: MMSG-13877]
Notify: Next row for parameter pass = 1 [table  = pass].	[MsgId: MMSG-13876]
Notify: Getting new value for parameter 'pass': table = 'UserName.dat' column = '0' row = '1'.	[MsgId: MMSG-13877]
Starting action Login.	[MsgId: MMSG-15919]
Registration.c(15): Notify: Transaction "PetStore_ClickOnRegistration_T01" started.	[MsgId: MMSG-16999]
Registration.c(17): web_reg_find started  	[MsgId: MMSG-26355]
Registration.c(17): Registering web_reg_find was successful  	[MsgId: MMSG-26390]
Registration.c(20): web_link("Register Now!") started  	[MsgId: MMSG-26355]
Registration.c(20): Error -27985: There is no context for HTML-based functions. A previous function may not have used "Mode=HTML" or downloaded only non-HTML page(s), or the context has been reset (e.g., due to a GUI-based function)  	[MsgId: MERR-27985]
Registration.c(20): Warning -26379: Pending web_reg_save_param/web_reg_find/web_create_html_param/web_create_html_param_ex request(s) are deleted and will be handled as "not found"  	[MsgId: MWAR-26379]
Registration.c(20): Error -26366: "Text=User Information" not found for web_reg_find  	[MsgId: MERR-26366]
Registration.c(20): Error -26374: The above "not found" error(s) may be explained by header and body byte counts being 0 and 0, respectively.  	[MsgId: MERR-26374]
Registration.c(20): web_link("Register Now!") highest severity level was "ERROR", 0 body bytes, 0 header bytes  	[MsgId: MMSG-26388]
Registration.c(20): Notify: Transaction "PetStore_ClickOnRegistration_T01" ended with a "Fail" status (Duration: 0.0011).	[MsgId: MMSG-16873]
Registration.c(20): Notify: Transaction "PetStore_ClickOnRegistration_T01" has 3 error message(s).	[MsgId: MMSG-16818]
Registration.c(20): Notify: The 1st error message associated with transaction "PetStore_ClickOnRegistration_T01" is "Error -27985: There is no context for HTML-based functions. A previous function may not have used "Mode=HTML" or downloaded only non-HTML page(s), or the context has been reset (e.g., due to a GUI-based function)"	[MsgId: MMSG-16819]
Registration.c(20): Notify: The 2nd error message associated with transaction "PetStore_ClickOnRegistration_T01" is "Error -26366: "Text=User Information" not found for web_reg_find"	[MsgId: MMSG-16819]
Registration.c(20): Notify: The 3rd error message associated with transaction "PetStore_ClickOnRegistration_T01" is "Error -26374: The above "not found" error(s) may be explained by header and body byte counts being 0 and 0, respectively."	[MsgId: MMSG-16819]
Ending action Login.	[MsgId: MMSG-15918]
Ending iteration 5.	[MsgId: MMSG-15965]
Waiting 5.9940 seconds for iteration pacing.	[MsgId: MMSG-15996]
Starting iteration 7.	[MsgId: MMSG-15968]
Notify: Next row for parameter UserName = 1 [table  = UserName].	[MsgId: MMSG-13876]
Notify: Getting new value for parameter 'UserName': table = 'UserName.dat' column = '0' row = '1'.	[MsgId: MMSG-13877]
Notify: Next row for parameter PetStoreEndtoEndFlow_UserName = 1 [table  = PetStoreEndtoEndFlow_UserName].	[MsgId: MMSG-13876]
Notify: Getting new value for parameter 'PetStoreEndtoEndFlow_UserName': table = 'UserCredentilas1.dat' column = '0' row = '1'.	[MsgId: MMSG-13877]
Notify: Next row for parameter PetStoreEndtoEndFlow_pass = 1 [table  = PetStoreEndtoEndFlow_pass].	[MsgId: MMSG-13876]
Notify: Getting new value for parameter 'PetStoreEndtoEndFlow_pass': table = 'UserCredentilas3.dat' column = '0' row = '1'.	[MsgId: MMSG-13877]
Notify: Next row for parameter pass = 1 [table  = pass].	[MsgId: MMSG-13876]
Notify: Getting new value for parameter 'pass': table = 'UserName.dat' column = '0' row = '1'.	[MsgId: MMSG-13877]
Starting action Login.	[MsgId: MMSG-15919]
Registration.c(15): Notify: Transaction "PetStore_ClickOnRegistration_T01" started.	[MsgId: MMSG-16999]
Registration.c(17): web_reg_find started  	[MsgId: MMSG-26355]
Registration.c(17): Registering web_reg_find was successful  	[MsgId: MMSG-26390]
Registration.c(20): web_link("Register Now!") started  	[MsgId: MMSG-26355]
Registration.c(20): Error -27985: There is no context for HTML-based functions. A previous function may not have used "Mode=HTML" or downloaded only non-HTML page(s), or the context has been reset (e.g., due to a GUI-based function)  	[MsgId: MERR-27985]
Registration.c(20): Warning -26379: Pending web_reg_save_param/web_reg_find/web_create_html_param/web_create_html_param_ex request(s) are deleted and will be handled as "not found"  	[MsgId: MWAR-26379]
Registration.c(20): Error -26366: "Text=User Information" not found for web_reg_find  	[MsgId: MERR-26366]
Registration.c(20): Error -26374: The above "not found" error(s) may be explained by header and body byte counts being 0 and 0, respectively.  	[MsgId: MERR-26374]
Registration.c(20): web_link("Register Now!") highest severity level was "ERROR", 0 body bytes, 0 header bytes  	[MsgId: MMSG-26388]
Registration.c(20): Notify: Transaction "PetStore_ClickOnRegistration_T01" ended with a "Fail" status (Duration: 0.0012).	[MsgId: MMSG-16873]
Registration.c(20): Notify: Transaction "PetStore_ClickOnRegistration_T01" has 3 error message(s).	[MsgId: MMSG-16818]
Registration.c(20): Notify: The 1st error message associated with transaction "PetStore_ClickOnRegistration_T01" is "Error -27985: There is no context for HTML-based functions. A previous function may not have used "Mode=HTML" or downloaded only non-HTML page(s), or the context has been reset (e.g., due to a GUI-based function)"	[MsgId: MMSG-16819]
Registration.c(20): Notify: The 2nd error message associated with transaction "PetStore_ClickOnRegistration_T01" is "Error -26366: "Text=User Information" not found for web_reg_find"	[MsgId: MMSG-16819]
Registration.c(20): Notify: The 3rd error message associated with transaction "PetStore_ClickOnRegistration_T01" is "Error -26374: The above "not found" error(s) may be explained by header and body byte counts being 0 and 0, respectively."	[MsgId: MMSG-16819]
Ending action Login.	[MsgId: MMSG-15918]
Ending iteration 7.	[MsgId: MMSG-15965]
Waiting 9.7780 seconds for iteration pacing.	[MsgId: MMSG-15996]
Login.c(17): Notify: Transaction "PetStore_Login_T01" started.	[MsgId: MMSG-16999]
Login.c(18): web_reg_find started  	[MsgId: MMSG-26355]
Login.c(18): Registering web_reg_find was successful  	[MsgId: MMSG-26390]
Login.c(20): web_reg_save_param_regexp started  	[MsgId: MMSG-26355]
Login.c(20): Registering web_reg_save_param_regexp was successful  	[MsgId: MMSG-26390]
Login.c(26): web_submit_form("Account.action") started  	[MsgId: MMSG-26355]
Login.c(26): Notify: Parameter Substitution: parameter "randomUsername" =  "HLYL"	[MsgId: MMSG-13992]
Login.c(26): Notify: Parameter Substitution: parameter "randompass" =  "uxkr"	[MsgId: MMSG-13992]
Login.c(26): Submitting form to "https://petstore.octoperf.com/actions/Account.action", Target Frame=""  	[MsgId: MMSG-27978]
Starting iteration 2.	[MsgId: MMSG-15968]
Notify: Next row for parameter UserName = 1 [table  = UserName].	[MsgId: MMSG-13876]
Notify: Getting new value for parameter 'UserName': table = 'UserName.dat' column = '0' row = '1'.	[MsgId: MMSG-13877]
Notify: Next row for parameter PetStoreEndtoEndFlow_UserName = 1 [table  = PetStoreEndtoEndFlow_UserName].	[MsgId: MMSG-13876]
Notify: Getting new value for parameter 'PetStoreEndtoEndFlow_UserName': table = 'UserCredentilas1.dat' column = '0' row = '1'.	[MsgId: MMSG-13877]
Notify: Next row for parameter PetStoreEndtoEndFlow_pass = 1 [table  = PetStoreEndtoEndFlow_pass].	[MsgId: MMSG-13876]
Notify: Getting new value for parameter 'PetStoreEndtoEndFlow_pass': table = 'UserCredentilas3.dat' column = '0' row = '1'.	[MsgId: MMSG-13877]
Notify: Next row for parameter pass = 1 [table  = pass].	[MsgId: MMSG-13876]
Notify: Getting new value for parameter 'pass': table = 'UserName.dat' column = '0' row = '1'.	[MsgId: MMSG-13877]
Starting action Login.	[MsgId: MMSG-15919]
Registration.c(15): Notify: Transaction "PetStore_ClickOnRegistration_T01" started.	[MsgId: MMSG-16999]
Registration.c(17): web_reg_find started  	[MsgId: MMSG-26355]
Registration.c(17): Registering web_reg_find was successful  	[MsgId: MMSG-26390]
Registration.c(20): web_link("Register Now!") started  	[MsgId: MMSG-26355]
Registration.c(20): Error -27985: There is no context for HTML-based functions. A previous function may not have used "Mode=HTML" or downloaded only non-HTML page(s), or the context has been reset (e.g., due to a GUI-based function)  	[MsgId: MERR-27985]
Registration.c(20): Warning -26379: Pending web_reg_save_param/web_reg_find/web_create_html_param/web_create_html_param_ex request(s) are deleted and will be handled as "not found"  	[MsgId: MWAR-26379]
Registration.c(20): Error -26366: "Text=User Information" not found for web_reg_find  	[MsgId: MERR-26366]
Registration.c(20): Error -26374: The above "not found" error(s) may be explained by header and body byte counts being 0 and 0, respectively.  	[MsgId: MERR-26374]
Registration.c(20): web_link("Register Now!") highest severity level was "ERROR", 0 body bytes, 0 header bytes  	[MsgId: MMSG-26388]
Registration.c(20): Notify: Transaction "PetStore_ClickOnRegistration_T01" ended with a "Fail" status (Duration: 0.0013).	[MsgId: MMSG-16873]
Registration.c(20): Notify: Transaction "PetStore_ClickOnRegistration_T01" has 3 error message(s).	[MsgId: MMSG-16818]
Registration.c(20): Notify: The 1st error message associated with transaction "PetStore_ClickOnRegistration_T01" is "Error -27985: There is no context for HTML-based functions. A previous function may not have used "Mode=HTML" or downloaded only non-HTML page(s), or the context has been reset (e.g., due to a GUI-based function)"	[MsgId: MMSG-16819]
Registration.c(20): Notify: The 2nd error message associated with transaction "PetStore_ClickOnRegistration_T01" is "Error -26366: "Text=User Information" not found for web_reg_find"	[MsgId: MMSG-16819]
Registration.c(20): Notify: The 3rd error message associated with transaction "PetStore_ClickOnRegistration_T01" is "Error -26374: The above "not found" error(s) may be explained by header and body byte counts being 0 and 0, respectively."	[MsgId: MMSG-16819]
Ending action Login.	[MsgId: MMSG-15918]
Ending iteration 2.	[MsgId: MMSG-15965]
Waiting 5.9540 seconds for iteration pacing.	[MsgId: MMSG-15996]
Login.c(26): Redirecting "https://petstore.octoperf.com/actions/Account.action" (redirection depth is 0)  	[MsgId: MMSG-26694]
Login.c(26): To location "https://petstore.octoperf.com/actions/Catalog.action"  	[MsgId: MMSG-26693]
Login.c(26): Resource "https://petstore.octoperf.com/css/jpetstore.css" is in the cache already and will not be downloaded again  	[MsgId: MMSG-26655]
Login.c(26): Resource "https://petstore.octoperf.com/images/logo-topbar.svg" is in the cache already and will not be downloaded again  	[MsgId: MMSG-26655]
Login.c(26): Resource "https://petstore.octoperf.com/images/cart.gif" is in the cache already and will not be downloaded again  	[MsgId: MMSG-26655]
Login.c(26): Resource "https://petstore.octoperf.com/images/separator.gif" is in the cache already and will not be downloaded again  	[MsgId: MMSG-26655]
Login.c(26): Resource "https://petstore.octoperf.com/images/sm_fish.gif" is in the cache already and will not be downloaded again  	[MsgId: MMSG-26655]
Login.c(26): Resource "https://petstore.octoperf.com/images/sm_dogs.gif" is in the cache already and will not be downloaded again  	[MsgId: MMSG-26655]
Login.c(26): Resource "https://petstore.octoperf.com/images/sm_reptiles.gif" is in the cache already and will not be downloaded again  	[MsgId: MMSG-26655]
Login.c(26): Resource "https://petstore.octoperf.com/images/sm_cats.gif" is in the cache already and will not be downloaded again  	[MsgId: MMSG-26655]
Login.c(26): Resource "https://petstore.octoperf.com/images/sm_birds.gif" is in the cache already and will not be downloaded again  	[MsgId: MMSG-26655]
Login.c(26): Resource "https://petstore.octoperf.com/images/fish_icon.gif" is in the cache already and will not be downloaded again  	[MsgId: MMSG-26655]
Login.c(26): Resource "https://petstore.octoperf.com/images/dogs_icon.gif" is in the cache already and will not be downloaded again  	[MsgId: MMSG-26655]
Login.c(26): Resource "https://petstore.octoperf.com/images/cats_icon.gif" is in the cache already and will not be downloaded again  	[MsgId: MMSG-26655]
Login.c(26): Resource "https://petstore.octoperf.com/images/reptiles_icon.gif" is in the cache already and will not be downloaded again  	[MsgId: MMSG-26655]
Login.c(26): Resource "https://petstore.octoperf.com/images/birds_icon.gif" is in the cache already and will not be downloaded again  	[MsgId: MMSG-26655]
Login.c(26): Resource "https://petstore.octoperf.com/images/splash.gif" is in the cache already and will not be downloaded again  	[MsgId: MMSG-26655]
Login.c(26): Found resource "https://petstore.octoperf.com/images/banner_fish.gif" in HTML "https://petstore.octoperf.com/actions/Catalog.action"  	[MsgId: MMSG-26659]
Login.c(26): Notify: Saving Parameter "ProductName_1 = BIRDS".	[MsgId: MMSG-13798]
Login.c(26): Notify: Saving Parameter "ProductName_2 = FISH".	[MsgId: MMSG-13798]
Login.c(26): Notify: Saving Parameter "ProductName_3 = DOGS".	[MsgId: MMSG-13798]
Login.c(26): Notify: Saving Parameter "ProductName_4 = REPTILES".	[MsgId: MMSG-13798]
Login.c(26): Notify: Saving Parameter "ProductName_5 = CATS".	[MsgId: MMSG-13798]
Login.c(26): Notify: Saving Parameter "ProductName_6 = BIRDS".	[MsgId: MMSG-13798]
Login.c(26): Notify: Saving Parameter "ProductName_count = 6".	[MsgId: MMSG-13798]
Login.c(26): Registered web_reg_find successful for "Text=My Account" (count=1)  	[MsgId: MMSG-26364]
Login.c(26): web_submit_form("Account.action") was successful, 11416 body bytes, 727 header bytes  	[MsgId: MMSG-26386]
Login.c(34): Notify: Transaction "PetStore_Login_T01" ended with a "Pass" status (Duration: 0.5071 Wasted Time: 0.0003).	[MsgId: MMSG-16871]
Ending action Login.	[MsgId: MMSG-15918]
Starting action RemoveTheProduct.	[MsgId: MMSG-15919]
AddToCard.c(8): Notify: Transaction "PetStore_AddAproduct_T01" started.	[MsgId: MMSG-16999]
AddToCard.c(11): Notify: Parameter Substitution: parameter "ProductName_count" =  "6"	[MsgId: MMSG-13992]
AddToCard.c(12): Notify: Parameter Substitution: parameter "ProductName_6" =  "BIRDS"	[MsgId: MMSG-13992]
AddToCard.c(14): Notify: Saving Parameter "RandCategory = BIRDS".	[MsgId: MMSG-13798]
AddToCard.c(15): Notify: Parameter Substitution: parameter "RandCategory" =  "BIRDS"	[MsgId: MMSG-13992]
AddToCard.c(15): Random category selected in Action2 = BIRDS	[MsgId: MMSG-17999]
AddToCard.c(17): web_reg_find started  	[MsgId: MMSG-26355]
AddToCard.c(17): Notify: Parameter Substitution: parameter "RandCategory" =  "BIRDS"	[MsgId: MMSG-13992]
AddToCard.c(17): Registering web_reg_find was successful  	[MsgId: MMSG-26390]
AddToCard.c(20): web_reg_save_param_regexp started  	[MsgId: MMSG-26355]
AddToCard.c(20): Registering web_reg_save_param_regexp was successful  	[MsgId: MMSG-26390]
AddToCard.c(27): web_url("Catalog.action_2") started  	[MsgId: MMSG-26355]
AddToCard.c(27): Notify: Parameter Substitution: parameter "RandCategory" =  "BIRDS"	[MsgId: MMSG-13992]
AddToCard.c(27): Resource "https://petstore.octoperf.com/css/jpetstore.css" is in the cache already and will not be downloaded again  	[MsgId: MMSG-26655]
AddToCard.c(27): Resource "https://petstore.octoperf.com/images/logo-topbar.svg" is in the cache already and will not be downloaded again  	[MsgId: MMSG-26655]
AddToCard.c(27): Resource "https://petstore.octoperf.com/images/cart.gif" is in the cache already and will not be downloaded again  	[MsgId: MMSG-26655]
AddToCard.c(27): Resource "https://petstore.octoperf.com/images/separator.gif" is in the cache already and will not be downloaded again  	[MsgId: MMSG-26655]
AddToCard.c(27): Resource "https://petstore.octoperf.com/images/sm_fish.gif" is in the cache already and will not be downloaded again  	[MsgId: MMSG-26655]
AddToCard.c(27): Resource "https://petstore.octoperf.com/images/sm_dogs.gif" is in the cache already and will not be downloaded again  	[MsgId: MMSG-26655]
AddToCard.c(27): Resource "https://petstore.octoperf.com/images/sm_reptiles.gif" is in the cache already and will not be downloaded again  	[MsgId: MMSG-26655]
AddToCard.c(27): Resource "https://petstore.octoperf.com/images/sm_cats.gif" is in the cache already and will not be downloaded again  	[MsgId: MMSG-26655]
AddToCard.c(27): Resource "https://petstore.octoperf.com/images/sm_birds.gif" is in the cache already and will not be downloaded again  	[MsgId: MMSG-26655]
AddToCard.c(27): Resource "https://petstore.octoperf.com/images/banner_fish.gif" is in the cache already and will not be downloaded again  	[MsgId: MMSG-26655]
AddToCard.c(27): Notify: Saving Parameter "productId_1 = AV-CB-01".	[MsgId: MMSG-13798]
AddToCard.c(27): Notify: Saving Parameter "productId_2 = AV-SB-02".	[MsgId: MMSG-13798]
AddToCard.c(27): Notify: Saving Parameter "productId_count = 2".	[MsgId: MMSG-13798]
AddToCard.c(27): Registered web_reg_find successful for "Text=BIRDS" (count=1)  	[MsgId: MMSG-26364]
AddToCard.c(27): web_url("Catalog.action_2") was successful, 3625 body bytes, 225 header bytes  	[MsgId: MMSG-26386]
AddToCard.c(36): Notify: Transaction "PetStore_AddAproduct_T01" ended with a "Pass" status (Duration: 0.1302 Wasted Time: 0.0003).	[MsgId: MMSG-16871]
AddToCard.c(38): lr_think_time: 4.35 seconds (recorded think time was 5.00 seconds).	[MsgId: MMSG-15947]
AddToCard.c(88): Notify: Transaction "PetStore_AddToCard_T04" started.	[MsgId: MMSG-16999]
AddToCard.c(90): web_reg_find started  	[MsgId: MMSG-26355]
AddToCard.c(90): Registering web_reg_find was successful  	[MsgId: MMSG-26390]
AddToCard.c(94): web_link("Add to Cart") started  	[MsgId: MMSG-26355]
AddToCard.c(94): Linking to "https://petstore.octoperf.com/actions/Cart.action?addItemToCart=&workingItemId=EST-14", Target Frame=""  	[MsgId: MMSG-27994]
AddToCard.c(94): Resource "https://petstore.octoperf.com/css/jpetstore.css" is in the cache already and will not be downloaded again  	[MsgId: MMSG-26655]
AddToCard.c(94): Resource "https://petstore.octoperf.com/images/logo-topbar.svg" is in the cache already and will not be downloaded again  	[MsgId: MMSG-26655]
AddToCard.c(94): Resource "https://petstore.octoperf.com/images/cart.gif" is in the cache already and will not be downloaded again  	[MsgId: MMSG-26655]
AddToCard.c(94): Resource "https://petstore.octoperf.com/images/separator.gif" is in the cache already and will not be downloaded again  	[MsgId: MMSG-26655]
AddToCard.c(94): Resource "https://petstore.octoperf.com/images/sm_fish.gif" is in the cache already and will not be downloaded again  	[MsgId: MMSG-26655]
AddToCard.c(94): Resource "https://petstore.octoperf.com/images/sm_dogs.gif" is in the cache already and will not be downloaded again  	[MsgId: MMSG-26655]
AddToCard.c(94): Resource "https://petstore.octoperf.com/images/sm_reptiles.gif" is in the cache already and will not be downloaded again  	[MsgId: MMSG-26655]
AddToCard.c(94): Resource "https://petstore.octoperf.com/images/sm_cats.gif" is in the cache already and will not be downloaded again  	[MsgId: MMSG-26655]
AddToCard.c(94): Resource "https://petstore.octoperf.com/images/sm_birds.gif" is in the cache already and will not be downloaded again  	[MsgId: MMSG-26655]
AddToCard.c(94): Resource "https://petstore.octoperf.com/images/banner_fish.gif" is in the cache already and will not be downloaded again  	[MsgId: MMSG-26655]
AddToCard.c(94): Registered web_reg_find successful for "Text=Shopping Cart" (count=1)  	[MsgId: MMSG-26364]
AddToCard.c(94): web_link("Add to Cart") was successful, 4630 body bytes, 225 header bytes  	[MsgId: MMSG-26386]
AddToCard.c(99): Notify: Transaction "PetStore_AddToCard_T04" ended with a "Pass" status (Duration: 0.1266 Wasted Time: 0.0000).	[MsgId: MMSG-16871]
RemoveTheProduct.c(7): Notify: Transaction "PetStore_ClickOnViewCartR_T01" started.	[MsgId: MMSG-16999]
RemoveTheProduct.c(8): web_reg_find started  	[MsgId: MMSG-26355]
RemoveTheProduct.c(8): Registering web_reg_find was successful  	[MsgId: MMSG-26390]
RemoveTheProduct.c(10): web_image("cart.gif") started  	[MsgId: MMSG-26355]
RemoveTheProduct.c(10): Image-linking to "https://petstore.octoperf.com/actions/Cart.action?viewCart=", Target Frame=""  	[MsgId: MMSG-27993]
RemoveTheProduct.c(10): Resource "https://petstore.octoperf.com/css/jpetstore.css" is in the cache already and will not be downloaded again  	[MsgId: MMSG-26655]
RemoveTheProduct.c(10): Resource "https://petstore.octoperf.com/images/logo-topbar.svg" is in the cache already and will not be downloaded again  	[MsgId: MMSG-26655]
RemoveTheProduct.c(10): Resource "https://petstore.octoperf.com/images/cart.gif" is in the cache already and will not be downloaded again  	[MsgId: MMSG-26655]
RemoveTheProduct.c(10): Resource "https://petstore.octoperf.com/images/separator.gif" is in the cache already and will not be downloaded again  	[MsgId: MMSG-26655]
RemoveTheProduct.c(10): Resource "https://petstore.octoperf.com/images/sm_fish.gif" is in the cache already and will not be downloaded again  	[MsgId: MMSG-26655]
RemoveTheProduct.c(10): Resource "https://petstore.octoperf.com/images/sm_dogs.gif" is in the cache already and will not be downloaded again  	[MsgId: MMSG-26655]
RemoveTheProduct.c(10): Resource "https://petstore.octoperf.com/images/sm_reptiles.gif" is in the cache already and will not be downloaded again  	[MsgId: MMSG-26655]
RemoveTheProduct.c(10): Resource "https://petstore.octoperf.com/images/sm_cats.gif" is in the cache already and will not be downloaded again  	[MsgId: MMSG-26655]
RemoveTheProduct.c(10): Resource "https://petstore.octoperf.com/images/sm_birds.gif" is in the cache already and will not be downloaded again  	[MsgId: MMSG-26655]
RemoveTheProduct.c(10): Resource "https://petstore.octoperf.com/images/banner_fish.gif" is in the cache already and will not be downloaded again  	[MsgId: MMSG-26655]
RemoveTheProduct.c(10): Registered web_reg_find successful for "Text=Shopping Cart" (count=1)  	[MsgId: MMSG-26364]
RemoveTheProduct.c(10): web_image("cart.gif") was successful, 4630 body bytes, 225 header bytes  	[MsgId: MMSG-26386]
RemoveTheProduct.c(14): Notify: Transaction "PetStore_ClickOnViewCartR_T01" ended with a "Pass" status (Duration: 0.1262 Wasted Time: 0.0000).	[MsgId: MMSG-16871]
RemoveTheProduct.c(16): lr_think_time: 4.09 seconds (recorded think time was 5.00 seconds).	[MsgId: MMSG-15947]
Starting iteration 2.	[MsgId: MMSG-15968]
Notify: Next row for parameter UserName = 1 [table  = UserName].	[MsgId: MMSG-13876]
Notify: Getting new value for parameter 'UserName': table = 'UserName.dat' column = '0' row = '1'.	[MsgId: MMSG-13877]
Notify: Next row for parameter PetStoreEndtoEndFlow_UserName = 1 [table  = PetStoreEndtoEndFlow_UserName].	[MsgId: MMSG-13876]
Notify: Getting new value for parameter 'PetStoreEndtoEndFlow_UserName': table = 'UserCredentilas1.dat' column = '0' row = '1'.	[MsgId: MMSG-13877]
Notify: Next row for parameter PetStoreEndtoEndFlow_pass = 1 [table  = PetStoreEndtoEndFlow_pass].	[MsgId: MMSG-13876]
Notify: Getting new value for parameter 'PetStoreEndtoEndFlow_pass': table = 'UserCredentilas3.dat' column = '0' row = '1'.	[MsgId: MMSG-13877]
Notify: Next row for parameter pass = 1 [table  = pass].	[MsgId: MMSG-13876]
Notify: Getting new value for parameter 'pass': table = 'UserName.dat' column = '0' row = '1'.	[MsgId: MMSG-13877]
Starting action Login.	[MsgId: MMSG-15919]
Registration.c(15): Notify: Transaction "PetStore_ClickOnRegistration_T01" started.	[MsgId: MMSG-16999]
Registration.c(17): web_reg_find started  	[MsgId: MMSG-26355]
Registration.c(17): Registering web_reg_find was successful  	[MsgId: MMSG-26390]
Registration.c(20): web_link("Register Now!") started  	[MsgId: MMSG-26355]
Registration.c(20): Error -27985: There is no context for HTML-based functions. A previous function may not have used "Mode=HTML" or downloaded only non-HTML page(s), or the context has been reset (e.g., due to a GUI-based function)  	[MsgId: MERR-27985]
Registration.c(20): Warning -26379: Pending web_reg_save_param/web_reg_find/web_create_html_param/web_create_html_param_ex request(s) are deleted and will be handled as "not found"  	[MsgId: MWAR-26379]
Registration.c(20): Error -26366: "Text=User Information" not found for web_reg_find  	[MsgId: MERR-26366]
Registration.c(20): Error -26374: The above "not found" error(s) may be explained by header and body byte counts being 0 and 0, respectively.  	[MsgId: MERR-26374]
Registration.c(20): web_link("Register Now!") highest severity level was "ERROR", 0 body bytes, 0 header bytes  	[MsgId: MMSG-26388]
Registration.c(20): Notify: Transaction "PetStore_ClickOnRegistration_T01" ended with a "Fail" status (Duration: 0.0013).	[MsgId: MMSG-16873]
Registration.c(20): Notify: Transaction "PetStore_ClickOnRegistration_T01" has 3 error message(s).	[MsgId: MMSG-16818]
Registration.c(20): Notify: The 1st error message associated with transaction "PetStore_ClickOnRegistration_T01" is "Error -27985: There is no context for HTML-based functions. A previous function may not have used "Mode=HTML" or downloaded only non-HTML page(s), or the context has been reset (e.g., due to a GUI-based function)"	[MsgId: MMSG-16819]
Registration.c(20): Notify: The 2nd error message associated with transaction "PetStore_ClickOnRegistration_T01" is "Error -26366: "Text=User Information" not found for web_reg_find"	[MsgId: MMSG-16819]
Registration.c(20): Notify: The 3rd error message associated with transaction "PetStore_ClickOnRegistration_T01" is "Error -26374: The above "not found" error(s) may be explained by header and body byte counts being 0 and 0, respectively."	[MsgId: MMSG-16819]
Ending action Login.	[MsgId: MMSG-15918]
Ending iteration 2.	[MsgId: MMSG-15965]
Waiting 6.2960 seconds for iteration pacing.	[MsgId: MMSG-15996]
AddToCard.c(67): Notify: Transaction "PetStore_SelectItemId_T03" started.	[MsgId: MMSG-16999]
AddToCard.c(71): Notify: Parameter Substitution: parameter "itemId_count" =  "2"	[MsgId: MMSG-13992]
AddToCard.c(72): Notify: Parameter Substitution: parameter "itemId_2" =  "EST-15"	[MsgId: MMSG-13992]
AddToCard.c(74): Notify: Saving Parameter "RanditemId = EST-15".	[MsgId: MMSG-13798]
AddToCard.c(75): Notify: Parameter Substitution: parameter "RanditemId" =  "EST-15"	[MsgId: MMSG-13992]
AddToCard.c(75): Random category selected in Action2 = EST-15	[MsgId: MMSG-17999]
AddToCard.c(77): web_reg_find started  	[MsgId: MMSG-26355]
AddToCard.c(77): Notify: Parameter Substitution: parameter "RanditemId" =  "EST-15"	[MsgId: MMSG-13992]
AddToCard.c(77): Registering web_reg_find was successful  	[MsgId: MMSG-26390]
AddToCard.c(79): web_link("{RanditemId}") started  	[MsgId: MMSG-26355]
AddToCard.c(79): Notify: Parameter Substitution: parameter "RanditemId" =  "EST-15"	[MsgId: MMSG-13992]
AddToCard.c(79): Linking to "https://petstore.octoperf.com/actions/Catalog.action?viewItem=&itemId=EST-15", Target Frame=""  	[MsgId: MMSG-27994]
AddToCard.c(79): Resource "https://petstore.octoperf.com/css/jpetstore.css" is in the cache already and will not be downloaded again  	[MsgId: MMSG-26655]
AddToCard.c(79): Resource "https://petstore.octoperf.com/images/logo-topbar.svg" is in the cache already and will not be downloaded again  	[MsgId: MMSG-26655]
AddToCard.c(79): Resource "https://petstore.octoperf.com/images/cart.gif" is in the cache already and will not be downloaded again  	[MsgId: MMSG-26655]
AddToCard.c(79): Resource "https://petstore.octoperf.com/images/separator.gif" is in the cache already and will not be downloaded again  	[MsgId: MMSG-26655]
AddToCard.c(79): Resource "https://petstore.octoperf.com/images/sm_fish.gif" is in the cache already and will not be downloaded again  	[MsgId: MMSG-26655]
AddToCard.c(79): Resource "https://petstore.octoperf.com/images/sm_dogs.gif" is in the cache already and will not be downloaded again  	[MsgId: MMSG-26655]
AddToCard.c(79): Resource "https://petstore.octoperf.com/images/sm_reptiles.gif" is in the cache already and will not be downloaded again  	[MsgId: MMSG-26655]
AddToCard.c(79): Resource "https://petstore.octoperf.com/images/sm_cats.gif" is in the cache already and will not be downloaded again  	[MsgId: MMSG-26655]
AddToCard.c(79): Resource "https://petstore.octoperf.com/images/sm_birds.gif" is in the cache already and will not be downloaded again  	[MsgId: MMSG-26655]
AddToCard.c(79): Found resource "https://petstore.octoperf.com/images/cat2.gif" in HTML "https://petstore.octoperf.com/actions/Catalog.action?viewItem=&itemId=EST-15"  	[MsgId: MMSG-26659]
AddToCard.c(79): Resource "https://petstore.octoperf.com/images/banner_fish.gif" is in the cache already and will not be downloaded again  	[MsgId: MMSG-26655]
AddToCard.c(79): Registered web_reg_find successful for "Text=EST-15" (count=2)  	[MsgId: MMSG-26364]
AddToCard.c(79): web_link("{RanditemId}") was successful, 16468 body bytes, 511 header bytes  	[MsgId: MMSG-26386]
AddToCard.c(84): Notify: Transaction "PetStore_SelectItemId_T03" ended with a "Pass" status (Duration: 0.5358 Wasted Time: 0.0000).	[MsgId: MMSG-16871]
AddToCard.c(86): lr_think_time: 4.94 seconds (recorded think time was 5.00 seconds).	[MsgId: MMSG-15947]
Action was aborted.	[MsgId: MMSG-10694]
Ending Vuser...	[MsgId: MMSG-15966]
Starting action vuser_end.	[MsgId: MMSG-15919]
vuser_end.c(4): Notify: Transaction "PetStore_SignOut_T01" started.	[MsgId: MMSG-16999]
vuser_end.c(6): web_reg_find started  	[MsgId: MMSG-26355]
vuser_end.c(6): Registering web_reg_find was successful  	[MsgId: MMSG-26390]
vuser_end.c(9): web_url("Account.action_2") started  	[MsgId: MMSG-26355]
Action was aborted.	[MsgId: MMSG-10694]
Ending Vuser...	[MsgId: MMSG-15966]
Starting action vuser_end.	[MsgId: MMSG-15919]
vuser_end.c(4): Notify: Transaction "PetStore_SignOut_T01" started.	[MsgId: MMSG-16999]
vuser_end.c(6): web_reg_find started  	[MsgId: MMSG-26355]
vuser_end.c(6): Registering web_reg_find was successful  	[MsgId: MMSG-26390]
vuser_end.c(9): web_url("Account.action_2") started  	[MsgId: MMSG-26355]
Action was aborted.	[MsgId: MMSG-10694]
Ending Vuser...	[MsgId: MMSG-15966]
Starting action vuser_end.	[MsgId: MMSG-15919]
vuser_end.c(4): Notify: Transaction "PetStore_SignOut_T01" started.	[MsgId: MMSG-16999]
vuser_end.c(6): web_reg_find started  	[MsgId: MMSG-26355]
vuser_end.c(6): Registering web_reg_find was successful  	[MsgId: MMSG-26390]
vuser_end.c(9): web_url("Account.action_2") started  	[MsgId: MMSG-26355]
Action was aborted.	[MsgId: MMSG-10694]
Ending Vuser...	[MsgId: MMSG-15966]
Starting action vuser_end.	[MsgId: MMSG-15919]
vuser_end.c(4): Notify: Transaction "PetStore_SignOut_T01" started.	[MsgId: MMSG-16999]
vuser_end.c(6): web_reg_find started  	[MsgId: MMSG-26355]
vuser_end.c(6): Registering web_reg_find was successful  	[MsgId: MMSG-26390]
vuser_end.c(9): web_url("Account.action_2") started  	[MsgId: MMSG-26355]
Action was aborted.	[MsgId: MMSG-10694]
Ending Vuser...	[MsgId: MMSG-15966]
Starting action vuser_end.	[MsgId: MMSG-15919]
vuser_end.c(4): Notify: Transaction "PetStore_SignOut_T01" started.	[MsgId: MMSG-16999]
Action was aborted.	[MsgId: MMSG-10694]
vuser_end.c(6): web_reg_find started  	[MsgId: MMSG-26355]
Ending Vuser...	[MsgId: MMSG-15966]
Starting action vuser_end.	[MsgId: MMSG-15919]
vuser_end.c(6): Registering web_reg_find was successful  	[MsgId: MMSG-26390]
vuser_end.c(9): web_url("Account.action_2") started  	[MsgId: MMSG-26355]
vuser_end.c(4): Notify: Transaction "PetStore_SignOut_T01" started.	[MsgId: MMSG-16999]
vuser_end.c(6): web_reg_find started  	[MsgId: MMSG-26355]
vuser_end.c(6): Registering web_reg_find was successful  	[MsgId: MMSG-26390]
vuser_end.c(9): web_url("Account.action_2") started  	[MsgId: MMSG-26355]
Action was aborted.	[MsgId: MMSG-10694]
Ending Vuser...	[MsgId: MMSG-15966]
Starting action vuser_end.	[MsgId: MMSG-15919]
vuser_end.c(4): Notify: Transaction "PetStore_SignOut_T01" started.	[MsgId: MMSG-16999]
vuser_end.c(6): web_reg_find started  	[MsgId: MMSG-26355]
vuser_end.c(6): Registering web_reg_find was successful  	[MsgId: MMSG-26390]
vuser_end.c(9): web_url("Account.action_2") started  	[MsgId: MMSG-26355]
vuser_end.c(9): Redirecting "https://petstore.octoperf.com/actions/Account.action?signoff=" (redirection depth is 0)  	[MsgId: MMSG-26694]
vuser_end.c(9): To location "https://petstore.octoperf.com/actions/Catalog.action"  	[MsgId: MMSG-26693]
vuser_end.c(9): Resource "https://petstore.octoperf.com/css/jpetstore.css" is in the cache already and will not be downloaded again  	[MsgId: MMSG-26655]
vuser_end.c(9): Resource "https://petstore.octoperf.com/images/logo-topbar.svg" is in the cache already and will not be downloaded again  	[MsgId: MMSG-26655]
vuser_end.c(9): Resource "https://petstore.octoperf.com/images/cart.gif" is in the cache already and will not be downloaded again  	[MsgId: MMSG-26655]
vuser_end.c(9): Resource "https://petstore.octoperf.com/images/separator.gif" is in the cache already and will not be downloaded again  	[MsgId: MMSG-26655]
vuser_end.c(9): Resource "https://petstore.octoperf.com/images/sm_fish.gif" is in the cache already and will not be downloaded again  	[MsgId: MMSG-26655]
vuser_end.c(9): Resource "https://petstore.octoperf.com/images/sm_dogs.gif" is in the cache already and will not be downloaded again  	[MsgId: MMSG-26655]
vuser_end.c(9): Resource "https://petstore.octoperf.com/images/sm_reptiles.gif" is in the cache already and will not be downloaded again  	[MsgId: MMSG-26655]
vuser_end.c(9): Resource "https://petstore.octoperf.com/images/sm_cats.gif" is in the cache already and will not be downloaded again  	[MsgId: MMSG-26655]
vuser_end.c(9): Resource "https://petstore.octoperf.com/images/sm_birds.gif" is in the cache already and will not be downloaded again  	[MsgId: MMSG-26655]
vuser_end.c(9): Resource "https://petstore.octoperf.com/images/fish_icon.gif" is in the cache already and will not be downloaded again  	[MsgId: MMSG-26655]
vuser_end.c(9): Resource "https://petstore.octoperf.com/images/dogs_icon.gif" is in the cache already and will not be downloaded again  	[MsgId: MMSG-26655]
vuser_end.c(9): Resource "https://petstore.octoperf.com/images/cats_icon.gif" is in the cache already and will not be downloaded again  	[MsgId: MMSG-26655]
vuser_end.c(9): Resource "https://petstore.octoperf.com/images/reptiles_icon.gif" is in the cache already and will not be downloaded again  	[MsgId: MMSG-26655]
vuser_end.c(9): Resource "https://petstore.octoperf.com/images/birds_icon.gif" is in the cache already and will not be downloaded again  	[MsgId: MMSG-26655]
vuser_end.c(9): Resource "https://petstore.octoperf.com/images/splash.gif" is in the cache already and will not be downloaded again  	[MsgId: MMSG-26655]
vuser_end.c(9): Registered web_reg_find successful for "Text=Sign In" (count=1)  	[MsgId: MMSG-26364]
vuser_end.c(9): web_url("Account.action_2") was successful, 4736 body bytes, 518 header bytes  	[MsgId: MMSG-26386]
vuser_end.c(18): Notify: Transaction "PetStore_SignOut_T01" ended with a "Pass" status (Duration: 0.2511 Wasted Time: 0.0000).	[MsgId: MMSG-16871]
vuser_end.c(20): Script Exection done sucessfully	[MsgId: MMSG-17999]
vuser_end.c(21): web_cache_cleanup started  	[MsgId: MMSG-26355]
vuser_end.c(21): web_cache_cleanup was successful  	[MsgId: MMSG-26392]
vuser_end.c(22): web_cleanup_cookies started  	[MsgId: MMSG-26355]
vuser_end.c(22): web_cleanup_cookies was successful  	[MsgId: MMSG-26392]
Ending action vuser_end.	[MsgId: MMSG-15918]
Vuser Terminated.	[MsgId: MMSG-15963]
Vuser 6 (thread 2200), ended OK."	[MsgId: MMSG-10695]
vuser_end.c(9): Redirecting "https://petstore.octoperf.com/actions/Account.action?signoff=" (redirection depth is 0)  	[MsgId: MMSG-26694]
vuser_end.c(9): To location "https://petstore.octoperf.com/actions/Catalog.action"  	[MsgId: MMSG-26693]
vuser_end.c(9): Redirecting "https://petstore.octoperf.com/actions/Account.action?signoff=" (redirection depth is 0)  	[MsgId: MMSG-26694]
vuser_end.c(9): To location "https://petstore.octoperf.com/actions/Catalog.action"  	[MsgId: MMSG-26693]
vuser_end.c(9): Redirecting "https://petstore.octoperf.com/actions/Account.action?signoff=" (redirection depth is 0)  	[MsgId: MMSG-26694]
vuser_end.c(9): To location "https://petstore.octoperf.com/actions/Catalog.action"  	[MsgId: MMSG-26693]
vuser_end.c(9): Redirecting "https://petstore.octoperf.com/actions/Account.action?signoff=" (redirection depth is 0)  	[MsgId: MMSG-26694]
vuser_end.c(9): To location "https://petstore.octoperf.com/actions/Catalog.action"  	[MsgId: MMSG-26693]
vuser_end.c(9): Redirecting "https://petstore.octoperf.com/actions/Account.action?signoff=" (redirection depth is 0)  	[MsgId: MMSG-26694]
vuser_end.c(9): To location "https://petstore.octoperf.com/actions/Catalog.action"  	[MsgId: MMSG-26693]
vuser_end.c(9): Redirecting "https://petstore.octoperf.com/actions/Account.action?signoff=" (redirection depth is 0)  	[MsgId: MMSG-26694]
vuser_end.c(9): To location "https://petstore.octoperf.com/actions/Catalog.action"  	[MsgId: MMSG-26693]
vuser_end.c(9): Found resource "https://petstore.octoperf.com/css/jpetstore.css" in HTML "https://petstore.octoperf.com/actions/Catalog.action"  	[MsgId: MMSG-26659]
vuser_end.c(9): Found resource "https://petstore.octoperf.com/images/logo-topbar.svg" in HTML "https://petstore.octoperf.com/actions/Catalog.action"  	[MsgId: MMSG-26659]
vuser_end.c(9): Found resource "https://petstore.octoperf.com/images/cart.gif" in HTML "https://petstore.octoperf.com/actions/Catalog.action"  	[MsgId: MMSG-26659]
vuser_end.c(9): Found resource "https://petstore.octoperf.com/images/separator.gif" in HTML "https://petstore.octoperf.com/actions/Catalog.action"  	[MsgId: MMSG-26659]
vuser_end.c(9): Found resource "https://petstore.octoperf.com/images/sm_fish.gif" in HTML "https://petstore.octoperf.com/actions/Catalog.action"  	[MsgId: MMSG-26659]
vuser_end.c(9): Found resource "https://petstore.octoperf.com/images/sm_dogs.gif" in HTML "https://petstore.octoperf.com/actions/Catalog.action"  	[MsgId: MMSG-26659]
vuser_end.c(9): Found resource "https://petstore.octoperf.com/images/sm_reptiles.gif" in HTML "https://petstore.octoperf.com/actions/Catalog.action"  	[MsgId: MMSG-26659]
vuser_end.c(9): Found resource "https://petstore.octoperf.com/images/sm_cats.gif" in HTML "https://petstore.octoperf.com/actions/Catalog.action"  	[MsgId: MMSG-26659]
vuser_end.c(9): Found resource "https://petstore.octoperf.com/images/sm_birds.gif" in HTML "https://petstore.octoperf.com/actions/Catalog.action"  	[MsgId: MMSG-26659]
vuser_end.c(9): Found resource "https://petstore.octoperf.com/images/fish_icon.gif" in HTML "https://petstore.octoperf.com/actions/Catalog.action"  	[MsgId: MMSG-26659]
vuser_end.c(9): Found resource "https://petstore.octoperf.com/images/dogs_icon.gif" in HTML "https://petstore.octoperf.com/actions/Catalog.action"  	[MsgId: MMSG-26659]
vuser_end.c(9): Found resource "https://petstore.octoperf.com/images/cats_icon.gif" in HTML "https://petstore.octoperf.com/actions/Catalog.action"  	[MsgId: MMSG-26659]
vuser_end.c(9): Found resource "https://petstore.octoperf.com/images/reptiles_icon.gif" in HTML "https://petstore.octoperf.com/actions/Catalog.action"  	[MsgId: MMSG-26659]
vuser_end.c(9): Found resource "https://petstore.octoperf.com/images/birds_icon.gif" in HTML "https://petstore.octoperf.com/actions/Catalog.action"  	[MsgId: MMSG-26659]
vuser_end.c(9): Found resource "https://petstore.octoperf.com/images/splash.gif" in HTML "https://petstore.octoperf.com/actions/Catalog.action"  	[MsgId: MMSG-26659]
vuser_end.c(9): Found resource "https://petstore.octoperf.com/css/jpetstore.css" in HTML "https://petstore.octoperf.com/actions/Catalog.action"  	[MsgId: MMSG-26659]
vuser_end.c(9): Found resource "https://petstore.octoperf.com/images/logo-topbar.svg" in HTML "https://petstore.octoperf.com/actions/Catalog.action"  	[MsgId: MMSG-26659]
vuser_end.c(9): Found resource "https://petstore.octoperf.com/images/cart.gif" in HTML "https://petstore.octoperf.com/actions/Catalog.action"  	[MsgId: MMSG-26659]
vuser_end.c(9): Found resource "https://petstore.octoperf.com/images/separator.gif" in HTML "https://petstore.octoperf.com/actions/Catalog.action"  	[MsgId: MMSG-26659]
vuser_end.c(9): Found resource "https://petstore.octoperf.com/images/sm_fish.gif" in HTML "https://petstore.octoperf.com/actions/Catalog.action"  	[MsgId: MMSG-26659]
vuser_end.c(9): Found resource "https://petstore.octoperf.com/images/sm_dogs.gif" in HTML "https://petstore.octoperf.com/actions/Catalog.action"  	[MsgId: MMSG-26659]
vuser_end.c(9): Found resource "https://petstore.octoperf.com/images/sm_reptiles.gif" in HTML "https://petstore.octoperf.com/actions/Catalog.action"  	[MsgId: MMSG-26659]
vuser_end.c(9): Found resource "https://petstore.octoperf.com/images/sm_cats.gif" in HTML "https://petstore.octoperf.com/actions/Catalog.action"  	[MsgId: MMSG-26659]
vuser_end.c(9): Found resource "https://petstore.octoperf.com/images/sm_birds.gif" in HTML "https://petstore.octoperf.com/actions/Catalog.action"  	[MsgId: MMSG-26659]
vuser_end.c(9): Found resource "https://petstore.octoperf.com/images/fish_icon.gif" in HTML "https://petstore.octoperf.com/actions/Catalog.action"  	[MsgId: MMSG-26659]
vuser_end.c(9): Found resource "https://petstore.octoperf.com/images/dogs_icon.gif" in HTML "https://petstore.octoperf.com/actions/Catalog.action"  	[MsgId: MMSG-26659]
vuser_end.c(9): Found resource "https://petstore.octoperf.com/images/cats_icon.gif" in HTML "https://petstore.octoperf.com/actions/Catalog.action"  	[MsgId: MMSG-26659]
vuser_end.c(9): Found resource "https://petstore.octoperf.com/images/reptiles_icon.gif" in HTML "https://petstore.octoperf.com/actions/Catalog.action"  	[MsgId: MMSG-26659]
vuser_end.c(9): Found resource "https://petstore.octoperf.com/images/birds_icon.gif" in HTML "https://petstore.octoperf.com/actions/Catalog.action"  	[MsgId: MMSG-26659]
vuser_end.c(9): Found resource "https://petstore.octoperf.com/images/splash.gif" in HTML "https://petstore.octoperf.com/actions/Catalog.action"  	[MsgId: MMSG-26659]
vuser_end.c(9): Found resource "https://petstore.octoperf.com/css/jpetstore.css" in HTML "https://petstore.octoperf.com/actions/Catalog.action"  	[MsgId: MMSG-26659]
vuser_end.c(9): Found resource "https://petstore.octoperf.com/images/logo-topbar.svg" in HTML "https://petstore.octoperf.com/actions/Catalog.action"  	[MsgId: MMSG-26659]
vuser_end.c(9): Found resource "https://petstore.octoperf.com/images/cart.gif" in HTML "https://petstore.octoperf.com/actions/Catalog.action"  	[MsgId: MMSG-26659]
vuser_end.c(9): Found resource "https://petstore.octoperf.com/images/separator.gif" in HTML "https://petstore.octoperf.com/actions/Catalog.action"  	[MsgId: MMSG-26659]
vuser_end.c(9): Found resource "https://petstore.octoperf.com/images/sm_fish.gif" in HTML "https://petstore.octoperf.com/actions/Catalog.action"  	[MsgId: MMSG-26659]
vuser_end.c(9): Found resource "https://petstore.octoperf.com/images/sm_dogs.gif" in HTML "https://petstore.octoperf.com/actions/Catalog.action"  	[MsgId: MMSG-26659]
vuser_end.c(9): Found resource "https://petstore.octoperf.com/images/sm_reptiles.gif" in HTML "https://petstore.octoperf.com/actions/Catalog.action"  	[MsgId: MMSG-26659]
vuser_end.c(9): Found resource "https://petstore.octoperf.com/images/sm_cats.gif" in HTML "https://petstore.octoperf.com/actions/Catalog.action"  	[MsgId: MMSG-26659]
vuser_end.c(9): Found resource "https://petstore.octoperf.com/images/sm_birds.gif" in HTML "https://petstore.octoperf.com/actions/Catalog.action"  	[MsgId: MMSG-26659]
vuser_end.c(9): Found resource "https://petstore.octoperf.com/images/fish_icon.gif" in HTML "https://petstore.octoperf.com/actions/Catalog.action"  	[MsgId: MMSG-26659]
vuser_end.c(9): Found resource "https://petstore.octoperf.com/images/dogs_icon.gif" in HTML "https://petstore.octoperf.com/actions/Catalog.action"  	[MsgId: MMSG-26659]
vuser_end.c(9): Found resource "https://petstore.octoperf.com/images/cats_icon.gif" in HTML "https://petstore.octoperf.com/actions/Catalog.action"  	[MsgId: MMSG-26659]
vuser_end.c(9): Found resource "https://petstore.octoperf.com/images/reptiles_icon.gif" in HTML "https://petstore.octoperf.com/actions/Catalog.action"  	[MsgId: MMSG-26659]
vuser_end.c(9): Found resource "https://petstore.octoperf.com/images/birds_icon.gif" in HTML "https://petstore.octoperf.com/actions/Catalog.action"  	[MsgId: MMSG-26659]
vuser_end.c(9): Found resource "https://petstore.octoperf.com/images/splash.gif" in HTML "https://petstore.octoperf.com/actions/Catalog.action"  	[MsgId: MMSG-26659]
vuser_end.c(9): Found resource "https://petstore.octoperf.com/css/jpetstore.css" in HTML "https://petstore.octoperf.com/actions/Catalog.action"  	[MsgId: MMSG-26659]
vuser_end.c(9): Found resource "https://petstore.octoperf.com/images/logo-topbar.svg" in HTML "https://petstore.octoperf.com/actions/Catalog.action"  	[MsgId: MMSG-26659]
vuser_end.c(9): Found resource "https://petstore.octoperf.com/images/cart.gif" in HTML "https://petstore.octoperf.com/actions/Catalog.action"  	[MsgId: MMSG-26659]
vuser_end.c(9): Found resource "https://petstore.octoperf.com/images/separator.gif" in HTML "https://petstore.octoperf.com/actions/Catalog.action"  	[MsgId: MMSG-26659]
vuser_end.c(9): Found resource "https://petstore.octoperf.com/images/sm_fish.gif" in HTML "https://petstore.octoperf.com/actions/Catalog.action"  	[MsgId: MMSG-26659]
vuser_end.c(9): Found resource "https://petstore.octoperf.com/images/sm_dogs.gif" in HTML "https://petstore.octoperf.com/actions/Catalog.action"  	[MsgId: MMSG-26659]
vuser_end.c(9): Found resource "https://petstore.octoperf.com/images/sm_reptiles.gif" in HTML "https://petstore.octoperf.com/actions/Catalog.action"  	[MsgId: MMSG-26659]
vuser_end.c(9): Found resource "https://petstore.octoperf.com/images/sm_cats.gif" in HTML "https://petstore.octoperf.com/actions/Catalog.action"  	[MsgId: MMSG-26659]
vuser_end.c(9): Found resource "https://petstore.octoperf.com/images/sm_birds.gif" in HTML "https://petstore.octoperf.com/actions/Catalog.action"  	[MsgId: MMSG-26659]
vuser_end.c(9): Found resource "https://petstore.octoperf.com/images/fish_icon.gif" in HTML "https://petstore.octoperf.com/actions/Catalog.action"  	[MsgId: MMSG-26659]
vuser_end.c(9): Found resource "https://petstore.octoperf.com/images/dogs_icon.gif" in HTML "https://petstore.octoperf.com/actions/Catalog.action"  	[MsgId: MMSG-26659]
vuser_end.c(9): Found resource "https://petstore.octoperf.com/images/cats_icon.gif" in HTML "https://petstore.octoperf.com/actions/Catalog.action"  	[MsgId: MMSG-26659]
vuser_end.c(9): Found resource "https://petstore.octoperf.com/images/reptiles_icon.gif" in HTML "https://petstore.octoperf.com/actions/Catalog.action"  	[MsgId: MMSG-26659]
vuser_end.c(9): Found resource "https://petstore.octoperf.com/images/birds_icon.gif" in HTML "https://petstore.octoperf.com/actions/Catalog.action"  	[MsgId: MMSG-26659]
vuser_end.c(9): Found resource "https://petstore.octoperf.com/images/splash.gif" in HTML "https://petstore.octoperf.com/actions/Catalog.action"  	[MsgId: MMSG-26659]
vuser_end.c(9): Found resource "https://petstore.octoperf.com/css/jpetstore.css" in HTML "https://petstore.octoperf.com/actions/Catalog.action"  	[MsgId: MMSG-26659]
vuser_end.c(9): Found resource "https://petstore.octoperf.com/images/logo-topbar.svg" in HTML "https://petstore.octoperf.com/actions/Catalog.action"  	[MsgId: MMSG-26659]
vuser_end.c(9): Found resource "https://petstore.octoperf.com/images/cart.gif" in HTML "https://petstore.octoperf.com/actions/Catalog.action"  	[MsgId: MMSG-26659]
vuser_end.c(9): Found resource "https://petstore.octoperf.com/images/separator.gif" in HTML "https://petstore.octoperf.com/actions/Catalog.action"  	[MsgId: MMSG-26659]
vuser_end.c(9): Found resource "https://petstore.octoperf.com/images/sm_fish.gif" in HTML "https://petstore.octoperf.com/actions/Catalog.action"  	[MsgId: MMSG-26659]
vuser_end.c(9): Found resource "https://petstore.octoperf.com/images/sm_dogs.gif" in HTML "https://petstore.octoperf.com/actions/Catalog.action"  	[MsgId: MMSG-26659]
vuser_end.c(9): Found resource "https://petstore.octoperf.com/images/sm_reptiles.gif" in HTML "https://petstore.octoperf.com/actions/Catalog.action"  	[MsgId: MMSG-26659]
vuser_end.c(9): Found resource "https://petstore.octoperf.com/images/sm_cats.gif" in HTML "https://petstore.octoperf.com/actions/Catalog.action"  	[MsgId: MMSG-26659]
vuser_end.c(9): Found resource "https://petstore.octoperf.com/images/sm_birds.gif" in HTML "https://petstore.octoperf.com/actions/Catalog.action"  	[MsgId: MMSG-26659]
vuser_end.c(9): Found resource "https://petstore.octoperf.com/images/fish_icon.gif" in HTML "https://petstore.octoperf.com/actions/Catalog.action"  	[MsgId: MMSG-26659]
vuser_end.c(9): Found resource "https://petstore.octoperf.com/images/dogs_icon.gif" in HTML "https://petstore.octoperf.com/actions/Catalog.action"  	[MsgId: MMSG-26659]
vuser_end.c(9): Found resource "https://petstore.octoperf.com/images/cats_icon.gif" in HTML "https://petstore.octoperf.com/actions/Catalog.action"  	[MsgId: MMSG-26659]
vuser_end.c(9): Found resource "https://petstore.octoperf.com/images/reptiles_icon.gif" in HTML "https://petstore.octoperf.com/actions/Catalog.action"  	[MsgId: MMSG-26659]
vuser_end.c(9): Found resource "https://petstore.octoperf.com/images/birds_icon.gif" in HTML "https://petstore.octoperf.com/actions/Catalog.action"  	[MsgId: MMSG-26659]
vuser_end.c(9): Found resource "https://petstore.octoperf.com/images/splash.gif" in HTML "https://petstore.octoperf.com/actions/Catalog.action"  	[MsgId: MMSG-26659]
vuser_end.c(9): Found resource "https://petstore.octoperf.com/css/jpetstore.css" in HTML "https://petstore.octoperf.com/actions/Catalog.action"  	[MsgId: MMSG-26659]
vuser_end.c(9): Found resource "https://petstore.octoperf.com/images/logo-topbar.svg" in HTML "https://petstore.octoperf.com/actions/Catalog.action"  	[MsgId: MMSG-26659]
vuser_end.c(9): Found resource "https://petstore.octoperf.com/images/cart.gif" in HTML "https://petstore.octoperf.com/actions/Catalog.action"  	[MsgId: MMSG-26659]
vuser_end.c(9): Found resource "https://petstore.octoperf.com/images/separator.gif" in HTML "https://petstore.octoperf.com/actions/Catalog.action"  	[MsgId: MMSG-26659]
vuser_end.c(9): Found resource "https://petstore.octoperf.com/images/sm_fish.gif" in HTML "https://petstore.octoperf.com/actions/Catalog.action"  	[MsgId: MMSG-26659]
vuser_end.c(9): Found resource "https://petstore.octoperf.com/images/sm_dogs.gif" in HTML "https://petstore.octoperf.com/actions/Catalog.action"  	[MsgId: MMSG-26659]
vuser_end.c(9): Found resource "https://petstore.octoperf.com/images/sm_reptiles.gif" in HTML "https://petstore.octoperf.com/actions/Catalog.action"  	[MsgId: MMSG-26659]
vuser_end.c(9): Found resource "https://petstore.octoperf.com/images/sm_cats.gif" in HTML "https://petstore.octoperf.com/actions/Catalog.action"  	[MsgId: MMSG-26659]
vuser_end.c(9): Found resource "https://petstore.octoperf.com/images/sm_birds.gif" in HTML "https://petstore.octoperf.com/actions/Catalog.action"  	[MsgId: MMSG-26659]
vuser_end.c(9): Found resource "https://petstore.octoperf.com/images/fish_icon.gif" in HTML "https://petstore.octoperf.com/actions/Catalog.action"  	[MsgId: MMSG-26659]
vuser_end.c(9): Found resource "https://petstore.octoperf.com/images/dogs_icon.gif" in HTML "https://petstore.octoperf.com/actions/Catalog.action"  	[MsgId: MMSG-26659]
vuser_end.c(9): Found resource "https://petstore.octoperf.com/images/cats_icon.gif" in HTML "https://petstore.octoperf.com/actions/Catalog.action"  	[MsgId: MMSG-26659]
vuser_end.c(9): Found resource "https://petstore.octoperf.com/images/reptiles_icon.gif" in HTML "https://petstore.octoperf.com/actions/Catalog.action"  	[MsgId: MMSG-26659]
vuser_end.c(9): Found resource "https://petstore.octoperf.com/images/birds_icon.gif" in HTML "https://petstore.octoperf.com/actions/Catalog.action"  	[MsgId: MMSG-26659]
vuser_end.c(9): Found resource "https://petstore.octoperf.com/images/splash.gif" in HTML "https://petstore.octoperf.com/actions/Catalog.action"  	[MsgId: MMSG-26659]
vuser_end.c(9): Registered web_reg_find successful for "Text=Sign In" (count=1)  	[MsgId: MMSG-26364]
vuser_end.c(9): web_url("Account.action_2") was successful, 68770 body bytes, 4836 header bytes  	[MsgId: MMSG-26386]
vuser_end.c(18): Notify: Transaction "PetStore_SignOut_T01" ended with a "Pass" status (Duration: 1.3223 Wasted Time: 0.0001).	[MsgId: MMSG-16871]
vuser_end.c(20): Script Exection done sucessfully	[MsgId: MMSG-17999]
vuser_end.c(21): web_cache_cleanup started  	[MsgId: MMSG-26355]
vuser_end.c(21): web_cache_cleanup was successful  	[MsgId: MMSG-26392]
vuser_end.c(22): web_cleanup_cookies started  	[MsgId: MMSG-26355]
vuser_end.c(22): web_cleanup_cookies was successful  	[MsgId: MMSG-26392]
Ending action vuser_end.	[MsgId: MMSG-15918]
Vuser Terminated.	[MsgId: MMSG-15963]
Vuser 0 (thread 4688), ended OK."	[MsgId: MMSG-10695]
vuser_end.c(9): Registered web_reg_find successful for "Text=Sign In" (count=1)  	[MsgId: MMSG-26364]
vuser_end.c(9): web_url("Account.action_2") was successful, 68770 body bytes, 4836 header bytes  	[MsgId: MMSG-26386]
vuser_end.c(18): Notify: Transaction "PetStore_SignOut_T01" ended with a "Pass" status (Duration: 1.3652 Wasted Time: 0.0002).	[MsgId: MMSG-16871]
vuser_end.c(20): Script Exection done sucessfully	[MsgId: MMSG-17999]
vuser_end.c(21): web_cache_cleanup started  	[MsgId: MMSG-26355]
vuser_end.c(21): web_cache_cleanup was successful  	[MsgId: MMSG-26392]
vuser_end.c(22): web_cleanup_cookies started  	[MsgId: MMSG-26355]
vuser_end.c(22): web_cleanup_cookies was successful  	[MsgId: MMSG-26392]
Ending action vuser_end.	[MsgId: MMSG-15918]
Vuser Terminated.	[MsgId: MMSG-15963]
Vuser 4 (thread 4124), ended OK."	[MsgId: MMSG-10695]
vuser_end.c(9): Registered web_reg_find successful for "Text=Sign In" (count=1)  	[MsgId: MMSG-26364]
vuser_end.c(9): web_url("Account.action_2") was successful, 68770 body bytes, 4836 header bytes  	[MsgId: MMSG-26386]
vuser_end.c(18): Notify: Transaction "PetStore_SignOut_T01" ended with a "Pass" status (Duration: 1.3581 Wasted Time: 0.0002).	[MsgId: MMSG-16871]
vuser_end.c(20): Script Exection done sucessfully	[MsgId: MMSG-17999]
vuser_end.c(21): web_cache_cleanup started  	[MsgId: MMSG-26355]
vuser_end.c(21): web_cache_cleanup was successful  	[MsgId: MMSG-26392]
vuser_end.c(22): web_cleanup_cookies started  	[MsgId: MMSG-26355]
vuser_end.c(22): web_cleanup_cookies was successful  	[MsgId: MMSG-26392]
Ending action vuser_end.	[MsgId: MMSG-15918]
Vuser Terminated.	[MsgId: MMSG-15963]
Vuser 3 (thread 5492), ended OK."	[MsgId: MMSG-10695]
vuser_end.c(9): Registered web_reg_find successful for "Text=Sign In" (count=1)  	[MsgId: MMSG-26364]
vuser_end.c(9): web_url("Account.action_2") was successful, 68770 body bytes, 4836 header bytes  	[MsgId: MMSG-26386]
vuser_end.c(18): Notify: Transaction "PetStore_SignOut_T01" ended with a "Pass" status (Duration: 1.4518 Wasted Time: 0.0001).	[MsgId: MMSG-16871]
vuser_end.c(20): Script Exection done sucessfully	[MsgId: MMSG-17999]
vuser_end.c(21): web_cache_cleanup started  	[MsgId: MMSG-26355]
vuser_end.c(21): web_cache_cleanup was successful  	[MsgId: MMSG-26392]
vuser_end.c(22): web_cleanup_cookies started  	[MsgId: MMSG-26355]
vuser_end.c(22): web_cleanup_cookies was successful  	[MsgId: MMSG-26392]
Ending action vuser_end.	[MsgId: MMSG-15918]
Vuser Terminated.	[MsgId: MMSG-15963]
vuser_end.c(9): Registered web_reg_find successful for "Text=Sign In" (count=1)  	[MsgId: MMSG-26364]
vuser_end.c(9): web_url("Account.action_2") was successful, 68770 body bytes, 4761 header bytes  	[MsgId: MMSG-26386]
vuser_end.c(18): Notify: Transaction "PetStore_SignOut_T01" ended with a "Pass" status (Duration: 1.4462 Wasted Time: 0.0001).	[MsgId: MMSG-16871]
vuser_end.c(9): Registered web_reg_find successful for "Text=Sign In" (count=1)  	[MsgId: MMSG-26364]
vuser_end.c(20): Script Exection done sucessfully	[MsgId: MMSG-17999]
vuser_end.c(9): web_url("Account.action_2") was successful, 68770 body bytes, 4761 header bytes  	[MsgId: MMSG-26386]
vuser_end.c(18): Notify: Transaction "PetStore_SignOut_T01" ended with a "Pass" status (Duration: 1.4462 Wasted Time: 0.0002).	[MsgId: MMSG-16871]
vuser_end.c(20): Script Exection done sucessfully	[MsgId: MMSG-17999]
vuser_end.c(21): web_cache_cleanup started  	[MsgId: MMSG-26355]
vuser_end.c(21): web_cache_cleanup was successful  	[MsgId: MMSG-26392]
vuser_end.c(21): web_cache_cleanup started  	[MsgId: MMSG-26355]
vuser_end.c(22): web_cleanup_cookies started  	[MsgId: MMSG-26355]
vuser_end.c(21): web_cache_cleanup was successful  	[MsgId: MMSG-26392]
vuser_end.c(22): web_cleanup_cookies was successful  	[MsgId: MMSG-26392]
vuser_end.c(22): web_cleanup_cookies started  	[MsgId: MMSG-26355]
Ending action vuser_end.	[MsgId: MMSG-15918]
vuser_end.c(22): web_cleanup_cookies was successful  	[MsgId: MMSG-26392]
Vuser Terminated.	[MsgId: MMSG-15963]
Ending action vuser_end.	[MsgId: MMSG-15918]
Vuser Terminated.	[MsgId: MMSG-15963]
Vuser 1 (thread 5580), ended OK."	[MsgId: MMSG-10695]
Vuser 2 (thread 4012), ended OK."	[MsgId: MMSG-10695]
Vuser 5 (thread 2496), ended OK."	[MsgId: MMSG-10695]
AddToCard.c(40): Notify: Transaction "PetStore_SelectProductId_T02" started.	[MsgId: MMSG-16999]
AddToCard.c(43): Notify: Parameter Substitution: parameter "productId_count" =  "2"	[MsgId: MMSG-13992]
AddToCard.c(44): Notify: Parameter Substitution: parameter "productId_1" =  "AV-CB-01"	[MsgId: MMSG-13992]
AddToCard.c(46): Notify: Saving Parameter "RandproductId = AV-CB-01".	[MsgId: MMSG-13798]
AddToCard.c(47): Notify: Parameter Substitution: parameter "RandproductId" =  "AV-CB-01"	[MsgId: MMSG-13992]
AddToCard.c(47): Random category selected in Action2 = AV-CB-01	[MsgId: MMSG-17999]
AddToCard.c(49): web_reg_find started  	[MsgId: MMSG-26355]
AddToCard.c(49): Notify: Parameter Substitution: parameter "RandproductId" =  "AV-CB-01"	[MsgId: MMSG-13992]
AddToCard.c(49): Registering web_reg_find was successful  	[MsgId: MMSG-26390]
AddToCard.c(51): web_reg_save_param_regexp started  	[MsgId: MMSG-26355]
AddToCard.c(51): Registering web_reg_save_param_regexp was successful  	[MsgId: MMSG-26390]
AddToCard.c(58): web_link("{RandproductId}") started  	[MsgId: MMSG-26355]
AddToCard.c(58): Notify: Parameter Substitution: parameter "RandproductId" =  "AV-CB-01"	[MsgId: MMSG-13992]
AddToCard.c(58): Linking to "https://petstore.octoperf.com/actions/Catalog.action?viewProduct=&productId=AV-CB-01", Target Frame=""  	[MsgId: MMSG-27994]
AddToCard.c(58): Resource "https://petstore.octoperf.com/css/jpetstore.css" is in the cache already and will not be downloaded again  	[MsgId: MMSG-26655]
AddToCard.c(58): Resource "https://petstore.octoperf.com/images/logo-topbar.svg" is in the cache already and will not be downloaded again  	[MsgId: MMSG-26655]
AddToCard.c(58): Resource "https://petstore.octoperf.com/images/cart.gif" is in the cache already and will not be downloaded again  	[MsgId: MMSG-26655]
AddToCard.c(58): Resource "https://petstore.octoperf.com/images/separator.gif" is in the cache already and will not be downloaded again  	[MsgId: MMSG-26655]
AddToCard.c(58): Resource "https://petstore.octoperf.com/images/sm_fish.gif" is in the cache already and will not be downloaded again  	[MsgId: MMSG-26655]
AddToCard.c(58): Resource "https://petstore.octoperf.com/images/sm_dogs.gif" is in the cache already and will not be downloaded again  	[MsgId: MMSG-26655]
AddToCard.c(58): Resource "https://petstore.octoperf.com/images/sm_reptiles.gif" is in the cache already and will not be downloaded again  	[MsgId: MMSG-26655]
AddToCard.c(58): Resource "https://petstore.octoperf.com/images/sm_cats.gif" is in the cache already and will not be downloaded again  	[MsgId: MMSG-26655]
AddToCard.c(58): Resource "https://petstore.octoperf.com/images/sm_birds.gif" is in the cache already and will not be downloaded again  	[MsgId: MMSG-26655]
AddToCard.c(58): Resource "https://petstore.octoperf.com/images/banner_fish.gif" is in the cache already and will not be downloaded again  	[MsgId: MMSG-26655]
AddToCard.c(58): Notify: Saving Parameter "itemId_1 = EST-18".	[MsgId: MMSG-13798]
AddToCard.c(58): Notify: Saving Parameter "itemId_count = 1".	[MsgId: MMSG-13798]
AddToCard.c(58): Registered web_reg_find successful for "Text=AV-CB-01" (count=1)  	[MsgId: MMSG-26364]
AddToCard.c(58): web_link("{RandproductId}") was successful, 3795 body bytes, 225 header bytes  	[MsgId: MMSG-26386]
AddToCard.c(63): Notify: Transaction "PetStore_SelectProductId_T02" ended with a "Pass" status (Duration: 0.1309 Wasted Time: 0.0002).	[MsgId: MMSG-16871]
AddToCard.c(65): lr_think_time: 3.15 seconds (recorded think time was 5.00 seconds).	[MsgId: MMSG-15947]
RemoveTheProduct.c(18): Notify: Transaction "PetStore_ClickOnRemove_T02" started.	[MsgId: MMSG-16999]
RemoveTheProduct.c(20): web_reg_find started  	[MsgId: MMSG-26355]
RemoveTheProduct.c(20): Registering web_reg_find was successful  	[MsgId: MMSG-26390]
RemoveTheProduct.c(23): web_link("Remove") started  	[MsgId: MMSG-26355]
RemoveTheProduct.c(23): Linking to "https://petstore.octoperf.com/actions/Cart.action?removeItemFromCart=&workingItemId=EST-14", Target Frame=""  	[MsgId: MMSG-27994]
RemoveTheProduct.c(23): Resource "https://petstore.octoperf.com/css/jpetstore.css" is in the cache already and will not be downloaded again  	[MsgId: MMSG-26655]
RemoveTheProduct.c(23): Resource "https://petstore.octoperf.com/images/logo-topbar.svg" is in the cache already and will not be downloaded again  	[MsgId: MMSG-26655]
RemoveTheProduct.c(23): Resource "https://petstore.octoperf.com/images/cart.gif" is in the cache already and will not be downloaded again  	[MsgId: MMSG-26655]
RemoveTheProduct.c(23): Resource "https://petstore.octoperf.com/images/separator.gif" is in the cache already and will not be downloaded again  	[MsgId: MMSG-26655]
RemoveTheProduct.c(23): Resource "https://petstore.octoperf.com/images/sm_fish.gif" is in the cache already and will not be downloaded again  	[MsgId: MMSG-26655]
RemoveTheProduct.c(23): Resource "https://petstore.octoperf.com/images/sm_dogs.gif" is in the cache already and will not be downloaded again  	[MsgId: MMSG-26655]
RemoveTheProduct.c(23): Resource "https://petstore.octoperf.com/images/sm_reptiles.gif" is in the cache already and will not be downloaded again  	[MsgId: MMSG-26655]
RemoveTheProduct.c(23): Resource "https://petstore.octoperf.com/images/sm_cats.gif" is in the cache already and will not be downloaded again  	[MsgId: MMSG-26655]
RemoveTheProduct.c(23): Resource "https://petstore.octoperf.com/images/sm_birds.gif" is in the cache already and will not be downloaded again  	[MsgId: MMSG-26655]
RemoveTheProduct.c(23): Resource "https://petstore.octoperf.com/images/banner_fish.gif" is in the cache already and will not be downloaded again  	[MsgId: MMSG-26655]
RemoveTheProduct.c(23): Registered web_reg_find successful for "Text=Your cart is empty." (count=1)  	[MsgId: MMSG-26364]
RemoveTheProduct.c(23): web_link("Remove") was successful, 4202 body bytes, 225 header bytes  	[MsgId: MMSG-26386]
RemoveTheProduct.c(28): Notify: Transaction "PetStore_ClickOnRemove_T02" ended with a "Pass" status (Duration: 0.1270 Wasted Time: 0.0000).	[MsgId: MMSG-16871]
Ending action RemoveTheProduct.	[MsgId: MMSG-15918]
Action was aborted.	[MsgId: MMSG-10694]
Ending Vuser...	[MsgId: MMSG-15966]
Starting action vuser_end.	[MsgId: MMSG-15919]
vuser_end.c(4): Notify: Transaction "PetStore_SignOut_T01" started.	[MsgId: MMSG-16999]
vuser_end.c(6): web_reg_find started  	[MsgId: MMSG-26355]
vuser_end.c(6): Registering web_reg_find was successful  	[MsgId: MMSG-26390]
vuser_end.c(9): web_url("Account.action_2") started  	[MsgId: MMSG-26355]
vuser_end.c(9): Redirecting "https://petstore.octoperf.com/actions/Account.action?signoff=" (redirection depth is 0)  	[MsgId: MMSG-26694]
vuser_end.c(9): To location "https://petstore.octoperf.com/actions/Catalog.action"  	[MsgId: MMSG-26693]
vuser_end.c(9): Resource "https://petstore.octoperf.com/css/jpetstore.css" is in the cache already and will not be downloaded again  	[MsgId: MMSG-26655]
vuser_end.c(9): Resource "https://petstore.octoperf.com/images/logo-topbar.svg" is in the cache already and will not be downloaded again  	[MsgId: MMSG-26655]
vuser_end.c(9): Resource "https://petstore.octoperf.com/images/cart.gif" is in the cache already and will not be downloaded again  	[MsgId: MMSG-26655]
vuser_end.c(9): Resource "https://petstore.octoperf.com/images/separator.gif" is in the cache already and will not be downloaded again  	[MsgId: MMSG-26655]
vuser_end.c(9): Resource "https://petstore.octoperf.com/images/sm_fish.gif" is in the cache already and will not be downloaded again  	[MsgId: MMSG-26655]
vuser_end.c(9): Resource "https://petstore.octoperf.com/images/sm_dogs.gif" is in the cache already and will not be downloaded again  	[MsgId: MMSG-26655]
vuser_end.c(9): Resource "https://petstore.octoperf.com/images/sm_reptiles.gif" is in the cache already and will not be downloaded again  	[MsgId: MMSG-26655]
vuser_end.c(9): Resource "https://petstore.octoperf.com/images/sm_cats.gif" is in the cache already and will not be downloaded again  	[MsgId: MMSG-26655]
vuser_end.c(9): Resource "https://petstore.octoperf.com/images/sm_birds.gif" is in the cache already and will not be downloaded again  	[MsgId: MMSG-26655]
vuser_end.c(9): Resource "https://petstore.octoperf.com/images/fish_icon.gif" is in the cache already and will not be downloaded again  	[MsgId: MMSG-26655]
vuser_end.c(9): Resource "https://petstore.octoperf.com/images/dogs_icon.gif" is in the cache already and will not be downloaded again  	[MsgId: MMSG-26655]
vuser_end.c(9): Resource "https://petstore.octoperf.com/images/cats_icon.gif" is in the cache already and will not be downloaded again  	[MsgId: MMSG-26655]
vuser_end.c(9): Resource "https://petstore.octoperf.com/images/reptiles_icon.gif" is in the cache already and will not be downloaded again  	[MsgId: MMSG-26655]
vuser_end.c(9): Resource "https://petstore.octoperf.com/images/birds_icon.gif" is in the cache already and will not be downloaded again  	[MsgId: MMSG-26655]
vuser_end.c(9): Resource "https://petstore.octoperf.com/images/splash.gif" is in the cache already and will not be downloaded again  	[MsgId: MMSG-26655]
vuser_end.c(9): Registered web_reg_find successful for "Text=Sign In" (count=1)  	[MsgId: MMSG-26364]
vuser_end.c(9): web_url("Account.action_2") was successful, 4736 body bytes, 518 header bytes  	[MsgId: MMSG-26386]
vuser_end.c(18): Notify: Transaction "PetStore_SignOut_T01" ended with a "Pass" status (Duration: 0.2490 Wasted Time: 0.0000).	[MsgId: MMSG-16871]
vuser_end.c(20): Script Exection done sucessfully	[MsgId: MMSG-17999]
vuser_end.c(21): web_cache_cleanup started  	[MsgId: MMSG-26355]
vuser_end.c(21): web_cache_cleanup was successful  	[MsgId: MMSG-26392]
vuser_end.c(22): web_cleanup_cookies started  	[MsgId: MMSG-26355]
vuser_end.c(22): web_cleanup_cookies was successful  	[MsgId: MMSG-26392]
Ending action vuser_end.	[MsgId: MMSG-15918]
Vuser Terminated.	[MsgId: MMSG-15963]
Vuser 7 (thread 4648), ended OK."	[MsgId: MMSG-10695]
AddToCard.c(88): Notify: Transaction "PetStore_AddToCard_T04" started.	[MsgId: MMSG-16999]
AddToCard.c(90): web_reg_find started  	[MsgId: MMSG-26355]
AddToCard.c(90): Registering web_reg_find was successful  	[MsgId: MMSG-26390]
AddToCard.c(94): web_link("Add to Cart") started  	[MsgId: MMSG-26355]
AddToCard.c(94): Linking to "https://petstore.octoperf.com/actions/Cart.action?addItemToCart=&workingItemId=EST-15", Target Frame=""  	[MsgId: MMSG-27994]
AddToCard.c(94): Resource "https://petstore.octoperf.com/css/jpetstore.css" is in the cache already and will not be downloaded again  	[MsgId: MMSG-26655]
AddToCard.c(94): Resource "https://petstore.octoperf.com/images/logo-topbar.svg" is in the cache already and will not be downloaded again  	[MsgId: MMSG-26655]
AddToCard.c(94): Resource "https://petstore.octoperf.com/images/cart.gif" is in the cache already and will not be downloaded again  	[MsgId: MMSG-26655]
AddToCard.c(94): Resource "https://petstore.octoperf.com/images/separator.gif" is in the cache already and will not be downloaded again  	[MsgId: MMSG-26655]
AddToCard.c(94): Resource "https://petstore.octoperf.com/images/sm_fish.gif" is in the cache already and will not be downloaded again  	[MsgId: MMSG-26655]
AddToCard.c(94): Resource "https://petstore.octoperf.com/images/sm_dogs.gif" is in the cache already and will not be downloaded again  	[MsgId: MMSG-26655]
AddToCard.c(94): Resource "https://petstore.octoperf.com/images/sm_reptiles.gif" is in the cache already and will not be downloaded again  	[MsgId: MMSG-26655]
AddToCard.c(94): Resource "https://petstore.octoperf.com/images/sm_cats.gif" is in the cache already and will not be downloaded again  	[MsgId: MMSG-26655]
AddToCard.c(94): Resource "https://petstore.octoperf.com/images/sm_birds.gif" is in the cache already and will not be downloaded again  	[MsgId: MMSG-26655]
AddToCard.c(94): Resource "https://petstore.octoperf.com/images/banner_fish.gif" is in the cache already and will not be downloaded again  	[MsgId: MMSG-26655]
AddToCard.c(94): Registered web_reg_find successful for "Text=Shopping Cart" (count=1)  	[MsgId: MMSG-26364]
AddToCard.c(94): web_link("Add to Cart") was successful, 4631 body bytes, 225 header bytes  	[MsgId: MMSG-26386]
AddToCard.c(99): Notify: Transaction "PetStore_AddToCard_T04" ended with a "Pass" status (Duration: 0.1274 Wasted Time: 0.0000).	[MsgId: MMSG-16871]
RemoveTheProduct.c(7): Notify: Transaction "PetStore_ClickOnViewCartR_T01" started.	[MsgId: MMSG-16999]
RemoveTheProduct.c(8): web_reg_find started  	[MsgId: MMSG-26355]
RemoveTheProduct.c(8): Registering web_reg_find was successful  	[MsgId: MMSG-26390]
RemoveTheProduct.c(10): web_image("cart.gif") started  	[MsgId: MMSG-26355]
RemoveTheProduct.c(10): Image-linking to "https://petstore.octoperf.com/actions/Cart.action?viewCart=", Target Frame=""  	[MsgId: MMSG-27993]
RemoveTheProduct.c(10): Resource "https://petstore.octoperf.com/css/jpetstore.css" is in the cache already and will not be downloaded again  	[MsgId: MMSG-26655]
RemoveTheProduct.c(10): Resource "https://petstore.octoperf.com/images/logo-topbar.svg" is in the cache already and will not be downloaded again  	[MsgId: MMSG-26655]
RemoveTheProduct.c(10): Resource "https://petstore.octoperf.com/images/cart.gif" is in the cache already and will not be downloaded again  	[MsgId: MMSG-26655]
RemoveTheProduct.c(10): Resource "https://petstore.octoperf.com/images/separator.gif" is in the cache already and will not be downloaded again  	[MsgId: MMSG-26655]
RemoveTheProduct.c(10): Resource "https://petstore.octoperf.com/images/sm_fish.gif" is in the cache already and will not be downloaded again  	[MsgId: MMSG-26655]
RemoveTheProduct.c(10): Resource "https://petstore.octoperf.com/images/sm_dogs.gif" is in the cache already and will not be downloaded again  	[MsgId: MMSG-26655]
RemoveTheProduct.c(10): Resource "https://petstore.octoperf.com/images/sm_reptiles.gif" is in the cache already and will not be downloaded again  	[MsgId: MMSG-26655]
RemoveTheProduct.c(10): Resource "https://petstore.octoperf.com/images/sm_cats.gif" is in the cache already and will not be downloaded again  	[MsgId: MMSG-26655]
RemoveTheProduct.c(10): Resource "https://petstore.octoperf.com/images/sm_birds.gif" is in the cache already and will not be downloaded again  	[MsgId: MMSG-26655]
RemoveTheProduct.c(10): Resource "https://petstore.octoperf.com/images/banner_fish.gif" is in the cache already and will not be downloaded again  	[MsgId: MMSG-26655]
RemoveTheProduct.c(10): Registered web_reg_find successful for "Text=Shopping Cart" (count=1)  	[MsgId: MMSG-26364]
RemoveTheProduct.c(10): web_image("cart.gif") was successful, 4631 body bytes, 225 header bytes  	[MsgId: MMSG-26386]
RemoveTheProduct.c(14): Notify: Transaction "PetStore_ClickOnViewCartR_T01" ended with a "Pass" status (Duration: 0.1263 Wasted Time: 0.0000).	[MsgId: MMSG-16871]
RemoveTheProduct.c(16): lr_think_time: 4.37 seconds (recorded think time was 5.00 seconds).	[MsgId: MMSG-15947]
AddToCard.c(67): Notify: Transaction "PetStore_SelectItemId_T03" started.	[MsgId: MMSG-16999]
AddToCard.c(71): Notify: Parameter Substitution: parameter "itemId_count" =  "1"	[MsgId: MMSG-13992]
AddToCard.c(72): Notify: Parameter Substitution: parameter "itemId_1" =  "EST-18"	[MsgId: MMSG-13992]
AddToCard.c(74): Notify: Saving Parameter "RanditemId = EST-18".	[MsgId: MMSG-13798]
AddToCard.c(75): Notify: Parameter Substitution: parameter "RanditemId" =  "EST-18"	[MsgId: MMSG-13992]
AddToCard.c(75): Random category selected in Action2 = EST-18	[MsgId: MMSG-17999]
AddToCard.c(77): web_reg_find started  	[MsgId: MMSG-26355]
AddToCard.c(77): Notify: Parameter Substitution: parameter "RanditemId" =  "EST-18"	[MsgId: MMSG-13992]
AddToCard.c(77): Registering web_reg_find was successful  	[MsgId: MMSG-26390]
AddToCard.c(79): web_link("{RanditemId}") started  	[MsgId: MMSG-26355]
AddToCard.c(79): Notify: Parameter Substitution: parameter "RanditemId" =  "EST-18"	[MsgId: MMSG-13992]
AddToCard.c(79): Linking to "https://petstore.octoperf.com/actions/Catalog.action?viewItem=&itemId=EST-18", Target Frame=""  	[MsgId: MMSG-27994]
AddToCard.c(79): Resource "https://petstore.octoperf.com/css/jpetstore.css" is in the cache already and will not be downloaded again  	[MsgId: MMSG-26655]
AddToCard.c(79): Resource "https://petstore.octoperf.com/images/logo-topbar.svg" is in the cache already and will not be downloaded again  	[MsgId: MMSG-26655]
AddToCard.c(79): Resource "https://petstore.octoperf.com/images/cart.gif" is in the cache already and will not be downloaded again  	[MsgId: MMSG-26655]
AddToCard.c(79): Resource "https://petstore.octoperf.com/images/separator.gif" is in the cache already and will not be downloaded again  	[MsgId: MMSG-26655]
AddToCard.c(79): Resource "https://petstore.octoperf.com/images/sm_fish.gif" is in the cache already and will not be downloaded again  	[MsgId: MMSG-26655]
AddToCard.c(79): Resource "https://petstore.octoperf.com/images/sm_dogs.gif" is in the cache already and will not be downloaded again  	[MsgId: MMSG-26655]
AddToCard.c(79): Resource "https://petstore.octoperf.com/images/sm_reptiles.gif" is in the cache already and will not be downloaded again  	[MsgId: MMSG-26655]
AddToCard.c(79): Resource "https://petstore.octoperf.com/images/sm_cats.gif" is in the cache already and will not be downloaded again  	[MsgId: MMSG-26655]
AddToCard.c(79): Resource "https://petstore.octoperf.com/images/sm_birds.gif" is in the cache already and will not be downloaded again  	[MsgId: MMSG-26655]
AddToCard.c(79): Found resource "https://petstore.octoperf.com/images/bird2.gif" in HTML "https://petstore.octoperf.com/actions/Catalog.action?viewItem=&itemId=EST-18"  	[MsgId: MMSG-26659]
AddToCard.c(79): Resource "https://petstore.octoperf.com/images/banner_fish.gif" is in the cache already and will not be downloaded again  	[MsgId: MMSG-26655]
AddToCard.c(79): Registered web_reg_find successful for "Text=EST-18" (count=2)  	[MsgId: MMSG-26364]
AddToCard.c(79): web_link("{RanditemId}") was successful, 15165 body bytes, 511 header bytes  	[MsgId: MMSG-26386]
AddToCard.c(84): Notify: Transaction "PetStore_SelectItemId_T03" ended with a "Pass" status (Duration: 0.4211 Wasted Time: 0.0000).	[MsgId: MMSG-16871]
AddToCard.c(86): lr_think_time: 4.78 seconds (recorded think time was 5.00 seconds).	[MsgId: MMSG-15947]
RemoveTheProduct.c(18): Notify: Transaction "PetStore_ClickOnRemove_T02" started.	[MsgId: MMSG-16999]
RemoveTheProduct.c(20): web_reg_find started  	[MsgId: MMSG-26355]
RemoveTheProduct.c(20): Registering web_reg_find was successful  	[MsgId: MMSG-26390]
RemoveTheProduct.c(23): web_link("Remove") started  	[MsgId: MMSG-26355]
RemoveTheProduct.c(23): Linking to "https://petstore.octoperf.com/actions/Cart.action?removeItemFromCart=&workingItemId=EST-15", Target Frame=""  	[MsgId: MMSG-27994]
RemoveTheProduct.c(23): Resource "https://petstore.octoperf.com/css/jpetstore.css" is in the cache already and will not be downloaded again  	[MsgId: MMSG-26655]
RemoveTheProduct.c(23): Resource "https://petstore.octoperf.com/images/logo-topbar.svg" is in the cache already and will not be downloaded again  	[MsgId: MMSG-26655]
RemoveTheProduct.c(23): Resource "https://petstore.octoperf.com/images/cart.gif" is in the cache already and will not be downloaded again  	[MsgId: MMSG-26655]
RemoveTheProduct.c(23): Resource "https://petstore.octoperf.com/images/separator.gif" is in the cache already and will not be downloaded again  	[MsgId: MMSG-26655]
RemoveTheProduct.c(23): Resource "https://petstore.octoperf.com/images/sm_fish.gif" is in the cache already and will not be downloaded again  	[MsgId: MMSG-26655]
RemoveTheProduct.c(23): Resource "https://petstore.octoperf.com/images/sm_dogs.gif" is in the cache already and will not be downloaded again  	[MsgId: MMSG-26655]
RemoveTheProduct.c(23): Resource "https://petstore.octoperf.com/images/sm_reptiles.gif" is in the cache already and will not be downloaded again  	[MsgId: MMSG-26655]
RemoveTheProduct.c(23): Resource "https://petstore.octoperf.com/images/sm_cats.gif" is in the cache already and will not be downloaded again  	[MsgId: MMSG-26655]
RemoveTheProduct.c(23): Resource "https://petstore.octoperf.com/images/sm_birds.gif" is in the cache already and will not be downloaded again  	[MsgId: MMSG-26655]
RemoveTheProduct.c(23): Resource "https://petstore.octoperf.com/images/banner_fish.gif" is in the cache already and will not be downloaded again  	[MsgId: MMSG-26655]
RemoveTheProduct.c(23): Registered web_reg_find successful for "Text=Your cart is empty." (count=1)  	[MsgId: MMSG-26364]
RemoveTheProduct.c(23): web_link("Remove") was successful, 4202 body bytes, 225 header bytes  	[MsgId: MMSG-26386]
RemoveTheProduct.c(28): Notify: Transaction "PetStore_ClickOnRemove_T02" ended with a "Pass" status (Duration: 0.1258 Wasted Time: 0.0000).	[MsgId: MMSG-16871]
Ending action RemoveTheProduct.	[MsgId: MMSG-15918]
Action was aborted.	[MsgId: MMSG-10694]
Ending Vuser...	[MsgId: MMSG-15966]
Starting action vuser_end.	[MsgId: MMSG-15919]
vuser_end.c(4): Notify: Transaction "PetStore_SignOut_T01" started.	[MsgId: MMSG-16999]
vuser_end.c(6): web_reg_find started  	[MsgId: MMSG-26355]
vuser_end.c(6): Registering web_reg_find was successful  	[MsgId: MMSG-26390]
vuser_end.c(9): web_url("Account.action_2") started  	[MsgId: MMSG-26355]
vuser_end.c(9): Redirecting "https://petstore.octoperf.com/actions/Account.action?signoff=" (redirection depth is 0)  	[MsgId: MMSG-26694]
vuser_end.c(9): To location "https://petstore.octoperf.com/actions/Catalog.action"  	[MsgId: MMSG-26693]
vuser_end.c(9): Resource "https://petstore.octoperf.com/css/jpetstore.css" is in the cache already and will not be downloaded again  	[MsgId: MMSG-26655]
vuser_end.c(9): Resource "https://petstore.octoperf.com/images/logo-topbar.svg" is in the cache already and will not be downloaded again  	[MsgId: MMSG-26655]
vuser_end.c(9): Resource "https://petstore.octoperf.com/images/cart.gif" is in the cache already and will not be downloaded again  	[MsgId: MMSG-26655]
vuser_end.c(9): Resource "https://petstore.octoperf.com/images/separator.gif" is in the cache already and will not be downloaded again  	[MsgId: MMSG-26655]
vuser_end.c(9): Resource "https://petstore.octoperf.com/images/sm_fish.gif" is in the cache already and will not be downloaded again  	[MsgId: MMSG-26655]
vuser_end.c(9): Resource "https://petstore.octoperf.com/images/sm_dogs.gif" is in the cache already and will not be downloaded again  	[MsgId: MMSG-26655]
vuser_end.c(9): Resource "https://petstore.octoperf.com/images/sm_reptiles.gif" is in the cache already and will not be downloaded again  	[MsgId: MMSG-26655]
vuser_end.c(9): Resource "https://petstore.octoperf.com/images/sm_cats.gif" is in the cache already and will not be downloaded again  	[MsgId: MMSG-26655]
vuser_end.c(9): Resource "https://petstore.octoperf.com/images/sm_birds.gif" is in the cache already and will not be downloaded again  	[MsgId: MMSG-26655]
vuser_end.c(9): Resource "https://petstore.octoperf.com/images/fish_icon.gif" is in the cache already and will not be downloaded again  	[MsgId: MMSG-26655]
vuser_end.c(9): Resource "https://petstore.octoperf.com/images/dogs_icon.gif" is in the cache already and will not be downloaded again  	[MsgId: MMSG-26655]
vuser_end.c(9): Resource "https://petstore.octoperf.com/images/cats_icon.gif" is in the cache already and will not be downloaded again  	[MsgId: MMSG-26655]
vuser_end.c(9): Resource "https://petstore.octoperf.com/images/reptiles_icon.gif" is in the cache already and will not be downloaded again  	[MsgId: MMSG-26655]
vuser_end.c(9): Resource "https://petstore.octoperf.com/images/birds_icon.gif" is in the cache already and will not be downloaded again  	[MsgId: MMSG-26655]
vuser_end.c(9): Resource "https://petstore.octoperf.com/images/splash.gif" is in the cache already and will not be downloaded again  	[MsgId: MMSG-26655]
vuser_end.c(9): Registered web_reg_find successful for "Text=Sign In" (count=1)  	[MsgId: MMSG-26364]
vuser_end.c(9): web_url("Account.action_2") was successful, 4736 body bytes, 518 header bytes  	[MsgId: MMSG-26386]
vuser_end.c(18): Notify: Transaction "PetStore_SignOut_T01" ended with a "Pass" status (Duration: 0.2492 Wasted Time: 0.0000).	[MsgId: MMSG-16871]
vuser_end.c(20): Script Exection done sucessfully	[MsgId: MMSG-17999]
vuser_end.c(21): web_cache_cleanup started  	[MsgId: MMSG-26355]
vuser_end.c(21): web_cache_cleanup was successful  	[MsgId: MMSG-26392]
vuser_end.c(22): web_cleanup_cookies started  	[MsgId: MMSG-26355]
vuser_end.c(22): web_cleanup_cookies was successful  	[MsgId: MMSG-26392]
Ending action vuser_end.	[MsgId: MMSG-15918]
Vuser Terminated.	[MsgId: MMSG-15963]
Vuser 8 (thread 6860), ended OK."	[MsgId: MMSG-10695]
AddToCard.c(88): Notify: Transaction "PetStore_AddToCard_T04" started.	[MsgId: MMSG-16999]
AddToCard.c(90): web_reg_find started  	[MsgId: MMSG-26355]
AddToCard.c(90): Registering web_reg_find was successful  	[MsgId: MMSG-26390]
AddToCard.c(94): web_link("Add to Cart") started  	[MsgId: MMSG-26355]
AddToCard.c(94): Linking to "https://petstore.octoperf.com/actions/Cart.action?addItemToCart=&workingItemId=EST-18", Target Frame=""  	[MsgId: MMSG-27994]
AddToCard.c(94): Resource "https://petstore.octoperf.com/css/jpetstore.css" is in the cache already and will not be downloaded again  	[MsgId: MMSG-26655]
AddToCard.c(94): Resource "https://petstore.octoperf.com/images/logo-topbar.svg" is in the cache already and will not be downloaded again  	[MsgId: MMSG-26655]
AddToCard.c(94): Resource "https://petstore.octoperf.com/images/cart.gif" is in the cache already and will not be downloaded again  	[MsgId: MMSG-26655]
AddToCard.c(94): Resource "https://petstore.octoperf.com/images/separator.gif" is in the cache already and will not be downloaded again  	[MsgId: MMSG-26655]
AddToCard.c(94): Resource "https://petstore.octoperf.com/images/sm_fish.gif" is in the cache already and will not be downloaded again  	[MsgId: MMSG-26655]
AddToCard.c(94): Resource "https://petstore.octoperf.com/images/sm_dogs.gif" is in the cache already and will not be downloaded again  	[MsgId: MMSG-26655]
AddToCard.c(94): Resource "https://petstore.octoperf.com/images/sm_reptiles.gif" is in the cache already and will not be downloaded again  	[MsgId: MMSG-26655]
AddToCard.c(94): Resource "https://petstore.octoperf.com/images/sm_cats.gif" is in the cache already and will not be downloaded again  	[MsgId: MMSG-26655]
AddToCard.c(94): Resource "https://petstore.octoperf.com/images/sm_birds.gif" is in the cache already and will not be downloaded again  	[MsgId: MMSG-26655]
AddToCard.c(94): Resource "https://petstore.octoperf.com/images/banner_fish.gif" is in the cache already and will not be downloaded again  	[MsgId: MMSG-26655]
AddToCard.c(94): Registered web_reg_find successful for "Text=Shopping Cart" (count=1)  	[MsgId: MMSG-26364]
AddToCard.c(94): web_link("Add to Cart") was successful, 4643 body bytes, 225 header bytes  	[MsgId: MMSG-26386]
AddToCard.c(99): Notify: Transaction "PetStore_AddToCard_T04" ended with a "Pass" status (Duration: 0.1304 Wasted Time: 0.0000).	[MsgId: MMSG-16871]
RemoveTheProduct.c(7): Notify: Transaction "PetStore_ClickOnViewCartR_T01" started.	[MsgId: MMSG-16999]
RemoveTheProduct.c(8): web_reg_find started  	[MsgId: MMSG-26355]
RemoveTheProduct.c(8): Registering web_reg_find was successful  	[MsgId: MMSG-26390]
RemoveTheProduct.c(10): web_image("cart.gif") started  	[MsgId: MMSG-26355]
RemoveTheProduct.c(10): Image-linking to "https://petstore.octoperf.com/actions/Cart.action?viewCart=", Target Frame=""  	[MsgId: MMSG-27993]
RemoveTheProduct.c(10): Resource "https://petstore.octoperf.com/css/jpetstore.css" is in the cache already and will not be downloaded again  	[MsgId: MMSG-26655]
RemoveTheProduct.c(10): Resource "https://petstore.octoperf.com/images/logo-topbar.svg" is in the cache already and will not be downloaded again  	[MsgId: MMSG-26655]
RemoveTheProduct.c(10): Resource "https://petstore.octoperf.com/images/cart.gif" is in the cache already and will not be downloaded again  	[MsgId: MMSG-26655]
RemoveTheProduct.c(10): Resource "https://petstore.octoperf.com/images/separator.gif" is in the cache already and will not be downloaded again  	[MsgId: MMSG-26655]
RemoveTheProduct.c(10): Resource "https://petstore.octoperf.com/images/sm_fish.gif" is in the cache already and will not be downloaded again  	[MsgId: MMSG-26655]
RemoveTheProduct.c(10): Resource "https://petstore.octoperf.com/images/sm_dogs.gif" is in the cache already and will not be downloaded again  	[MsgId: MMSG-26655]
RemoveTheProduct.c(10): Resource "https://petstore.octoperf.com/images/sm_reptiles.gif" is in the cache already and will not be downloaded again  	[MsgId: MMSG-26655]
RemoveTheProduct.c(10): Resource "https://petstore.octoperf.com/images/sm_cats.gif" is in the cache already and will not be downloaded again  	[MsgId: MMSG-26655]
RemoveTheProduct.c(10): Resource "https://petstore.octoperf.com/images/sm_birds.gif" is in the cache already and will not be downloaded again  	[MsgId: MMSG-26655]
RemoveTheProduct.c(10): Resource "https://petstore.octoperf.com/images/banner_fish.gif" is in the cache already and will not be downloaded again  	[MsgId: MMSG-26655]
RemoveTheProduct.c(10): Registered web_reg_find successful for "Text=Shopping Cart" (count=1)  	[MsgId: MMSG-26364]
RemoveTheProduct.c(10): web_image("cart.gif") was successful, 4643 body bytes, 225 header bytes  	[MsgId: MMSG-26386]
RemoveTheProduct.c(14): Notify: Transaction "PetStore_ClickOnViewCartR_T01" ended with a "Pass" status (Duration: 0.1299 Wasted Time: 0.0000).	[MsgId: MMSG-16871]
RemoveTheProduct.c(16): lr_think_time: 2.88 seconds (recorded think time was 5.00 seconds).	[MsgId: MMSG-15947]
RemoveTheProduct.c(18): Notify: Transaction "PetStore_ClickOnRemove_T02" started.	[MsgId: MMSG-16999]
RemoveTheProduct.c(20): web_reg_find started  	[MsgId: MMSG-26355]
RemoveTheProduct.c(20): Registering web_reg_find was successful  	[MsgId: MMSG-26390]
RemoveTheProduct.c(23): web_link("Remove") started  	[MsgId: MMSG-26355]
RemoveTheProduct.c(23): Linking to "https://petstore.octoperf.com/actions/Cart.action?removeItemFromCart=&workingItemId=EST-18", Target Frame=""  	[MsgId: MMSG-27994]
RemoveTheProduct.c(23): Resource "https://petstore.octoperf.com/css/jpetstore.css" is in the cache already and will not be downloaded again  	[MsgId: MMSG-26655]
RemoveTheProduct.c(23): Resource "https://petstore.octoperf.com/images/logo-topbar.svg" is in the cache already and will not be downloaded again  	[MsgId: MMSG-26655]
RemoveTheProduct.c(23): Resource "https://petstore.octoperf.com/images/cart.gif" is in the cache already and will not be downloaded again  	[MsgId: MMSG-26655]
RemoveTheProduct.c(23): Resource "https://petstore.octoperf.com/images/separator.gif" is in the cache already and will not be downloaded again  	[MsgId: MMSG-26655]
RemoveTheProduct.c(23): Resource "https://petstore.octoperf.com/images/sm_fish.gif" is in the cache already and will not be downloaded again  	[MsgId: MMSG-26655]
RemoveTheProduct.c(23): Resource "https://petstore.octoperf.com/images/sm_dogs.gif" is in the cache already and will not be downloaded again  	[MsgId: MMSG-26655]
RemoveTheProduct.c(23): Resource "https://petstore.octoperf.com/images/sm_reptiles.gif" is in the cache already and will not be downloaded again  	[MsgId: MMSG-26655]
RemoveTheProduct.c(23): Resource "https://petstore.octoperf.com/images/sm_cats.gif" is in the cache already and will not be downloaded again  	[MsgId: MMSG-26655]
RemoveTheProduct.c(23): Resource "https://petstore.octoperf.com/images/sm_birds.gif" is in the cache already and will not be downloaded again  	[MsgId: MMSG-26655]
RemoveTheProduct.c(23): Resource "https://petstore.octoperf.com/images/banner_fish.gif" is in the cache already and will not be downloaded again  	[MsgId: MMSG-26655]
RemoveTheProduct.c(23): Registered web_reg_find successful for "Text=Your cart is empty." (count=1)  	[MsgId: MMSG-26364]
RemoveTheProduct.c(23): web_link("Remove") was successful, 4202 body bytes, 225 header bytes  	[MsgId: MMSG-26386]
RemoveTheProduct.c(28): Notify: Transaction "PetStore_ClickOnRemove_T02" ended with a "Pass" status (Duration: 0.1282 Wasted Time: 0.0000).	[MsgId: MMSG-16871]
Ending action RemoveTheProduct.	[MsgId: MMSG-15918]
Action was aborted.	[MsgId: MMSG-10694]
Ending Vuser...	[MsgId: MMSG-15966]
Starting action vuser_end.	[MsgId: MMSG-15919]
vuser_end.c(4): Notify: Transaction "PetStore_SignOut_T01" started.	[MsgId: MMSG-16999]
vuser_end.c(6): web_reg_find started  	[MsgId: MMSG-26355]
vuser_end.c(6): Registering web_reg_find was successful  	[MsgId: MMSG-26390]
vuser_end.c(9): web_url("Account.action_2") started  	[MsgId: MMSG-26355]
vuser_end.c(9): Redirecting "https://petstore.octoperf.com/actions/Account.action?signoff=" (redirection depth is 0)  	[MsgId: MMSG-26694]
vuser_end.c(9): To location "https://petstore.octoperf.com/actions/Catalog.action"  	[MsgId: MMSG-26693]
vuser_end.c(9): Resource "https://petstore.octoperf.com/css/jpetstore.css" is in the cache already and will not be downloaded again  	[MsgId: MMSG-26655]
vuser_end.c(9): Resource "https://petstore.octoperf.com/images/logo-topbar.svg" is in the cache already and will not be downloaded again  	[MsgId: MMSG-26655]
vuser_end.c(9): Resource "https://petstore.octoperf.com/images/cart.gif" is in the cache already and will not be downloaded again  	[MsgId: MMSG-26655]
vuser_end.c(9): Resource "https://petstore.octoperf.com/images/separator.gif" is in the cache already and will not be downloaded again  	[MsgId: MMSG-26655]
vuser_end.c(9): Resource "https://petstore.octoperf.com/images/sm_fish.gif" is in the cache already and will not be downloaded again  	[MsgId: MMSG-26655]
vuser_end.c(9): Resource "https://petstore.octoperf.com/images/sm_dogs.gif" is in the cache already and will not be downloaded again  	[MsgId: MMSG-26655]
vuser_end.c(9): Resource "https://petstore.octoperf.com/images/sm_reptiles.gif" is in the cache already and will not be downloaded again  	[MsgId: MMSG-26655]
vuser_end.c(9): Resource "https://petstore.octoperf.com/images/sm_cats.gif" is in the cache already and will not be downloaded again  	[MsgId: MMSG-26655]
vuser_end.c(9): Resource "https://petstore.octoperf.com/images/sm_birds.gif" is in the cache already and will not be downloaded again  	[MsgId: MMSG-26655]
vuser_end.c(9): Resource "https://petstore.octoperf.com/images/fish_icon.gif" is in the cache already and will not be downloaded again  	[MsgId: MMSG-26655]
vuser_end.c(9): Resource "https://petstore.octoperf.com/images/dogs_icon.gif" is in the cache already and will not be downloaded again  	[MsgId: MMSG-26655]
vuser_end.c(9): Resource "https://petstore.octoperf.com/images/cats_icon.gif" is in the cache already and will not be downloaded again  	[MsgId: MMSG-26655]
vuser_end.c(9): Resource "https://petstore.octoperf.com/images/reptiles_icon.gif" is in the cache already and will not be downloaded again  	[MsgId: MMSG-26655]
vuser_end.c(9): Resource "https://petstore.octoperf.com/images/birds_icon.gif" is in the cache already and will not be downloaded again  	[MsgId: MMSG-26655]
vuser_end.c(9): Resource "https://petstore.octoperf.com/images/splash.gif" is in the cache already and will not be downloaded again  	[MsgId: MMSG-26655]
vuser_end.c(9): Registered web_reg_find successful for "Text=Sign In" (count=1)  	[MsgId: MMSG-26364]
vuser_end.c(9): web_url("Account.action_2") was successful, 4736 body bytes, 518 header bytes  	[MsgId: MMSG-26386]
vuser_end.c(18): Notify: Transaction "PetStore_SignOut_T01" ended with a "Pass" status (Duration: 0.2545 Wasted Time: 0.0000).	[MsgId: MMSG-16871]
vuser_end.c(20): Script Exection done sucessfully	[MsgId: MMSG-17999]
vuser_end.c(21): web_cache_cleanup started  	[MsgId: MMSG-26355]
vuser_end.c(21): web_cache_cleanup was successful  	[MsgId: MMSG-26392]
vuser_end.c(22): web_cleanup_cookies started  	[MsgId: MMSG-26355]
vuser_end.c(22): web_cleanup_cookies was successful  	[MsgId: MMSG-26392]
Ending action vuser_end.	[MsgId: MMSG-15918]
Vuser Terminated.	[MsgId: MMSG-15963]
Vuser 9 (thread 1824), ended OK."	[MsgId: MMSG-10695]
